account_id,bank_name,is_mule,entity_id,created_timestamp
ACC_000001,Paytm PB,True,ENT_00001,2026-04-14T22:36:23.558221
ACC_000002,Kotak,True,ENT_00002,2025-12-08T22:36:23.558299
ACC_000003,SBI,True,ENT_00002,2025-11-10T22:36:23.558308
ACC_000004,SBI,True,ENT_00002,2025-10-25T22:36:23.558314
ACC_000005,Paytm PB,True,ENT_00002,2025-12-14T22:36:23.558319
ACC_000006,SBI,True,ENT_00002,2025-12-14T22:36:23.558324
ACC_000007,SBI,True,ENT_00003,2026-06-26T22:36:23.558334
ACC_000008,Kotak,True,ENT_00004,2026-01-05T22:36:23.558343
ACC_000009,Axis,True,ENT_00005,2026-01-15T22:36:23.558352
ACC_000010,PNB,True,ENT_00006,2026-07-17T22:36:23.558360
ACC_000011,Kotak,True,ENT_00006,2025-09-13T22:36:23.558365
ACC_000012,Kotak,True,ENT_00006,2026-06-24T22:36:23.558370
ACC_000013,HDFC,True,ENT_00006,2026-01-19T22:36:23.558375
ACC_000014,Kotak,True,ENT_00006,2026-02-21T22:36:23.558379
ACC_000015,SBI,True,ENT_00007,2026-05-07T22:36:23.558387
ACC_000016,Paytm PB,True,ENT_00008,2025-12-27T22:36:23.558395
ACC_000017,Axis,True,ENT_00009,2026-05-12T22:36:23.558403
ACC_000018,ICICI,True,ENT_00009,2025-12-20T22:36:23.558408
ACC_000019,PNB,True,ENT_00010,2026-07-06T22:36:23.558416
ACC_000020,Axis,True,ENT_00010,2025-11-05T22:36:23.558421
ACC_000021,HDFC,True,ENT_00010,2026-07-19T22:36:23.558426
ACC_000022,HDFC,True,ENT_00011,2026-04-14T22:36:23.558434
ACC_000023,Axis,True,ENT_00012,2025-12-08T22:36:23.558443
ACC_000024,SBI,True,ENT_00013,2026-01-20T22:36:23.558451
ACC_000025,HDFC,True,ENT_00013,2026-05-21T22:36:23.558456
ACC_000026,Axis,True,ENT_00013,2026-08-12T22:36:23.558461
ACC_000027,ICICI,True,ENT_00014,2025-12-24T22:36:23.558468
ACC_000028,ICICI,True,ENT_00014,2026-01-09T22:36:23.558473
ACC_000029,Kotak,True,ENT_00014,2025-11-02T22:36:23.558478
ACC_000030,SBI,True,ENT_00015,2026-05-08T22:36:23.558486
ACC_000031,SBI,True,ENT_00016,2026-07-15T22:36:23.558494
ACC_000032,Kotak,True,ENT_00017,2026-03-06T22:36:23.558502
ACC_000033,HDFC,True,ENT_00017,2026-07-19T22:36:23.558507
ACC_000034,Paytm PB,True,ENT_00017,2025-12-12T22:36:23.558512
ACC_000035,Paytm PB,True,ENT_00017,2025-11-15T22:36:23.558516
ACC_000036,HDFC,True,ENT_00018,2025-11-26T22:36:23.558524
ACC_000037,PNB,True,ENT_00019,2026-05-10T22:36:23.558531
ACC_000038,Paytm PB,True,ENT_00020,2026-07-10T22:36:23.558539
ACC_000039,Axis,True,ENT_00021,2026-06-13T22:36:23.558547
ACC_000040,Paytm PB,True,ENT_00022,2025-10-13T22:36:23.558555
ACC_000041,HDFC,True,ENT_00022,2025-09-30T22:36:23.558560
ACC_000042,Axis,True,ENT_00023,2025-10-19T22:36:23.558568
ACC_000043,ICICI,True,ENT_00024,2026-05-01T22:36:23.558577
ACC_000044,SBI,True,ENT_00025,2026-03-31T22:36:23.558585
ACC_000045,SBI,True,ENT_00026,2025-09-17T22:36:23.558593
ACC_000046,ICICI,True,ENT_00026,2025-12-22T22:36:23.558598
ACC_000047,ICICI,True,ENT_00026,2026-07-07T22:36:23.558602
ACC_000048,HDFC,True,ENT_00026,2025-12-22T22:36:23.558607
ACC_000049,Paytm PB,True,ENT_00026,2025-10-29T22:36:23.558611
ACC_000050,HDFC,True,ENT_00027,2025-11-11T22:36:23.558619
ACC_000051,Paytm PB,True,ENT_00028,2026-03-31T22:36:23.558627
ACC_000052,ICICI,True,ENT_00029,2026-07-09T22:36:23.558635
ACC_000053,ICICI,True,ENT_00030,2026-03-21T22:36:23.558643
ACC_000054,SBI,True,ENT_00030,2026-01-01T22:36:23.558648
ACC_000055,PNB,True,ENT_00030,2025-11-08T22:36:23.558653
ACC_000056,Kotak,True,ENT_00030,2026-03-12T22:36:23.558657
ACC_000057,Paytm PB,True,ENT_00030,2025-09-13T22:36:23.558662
ACC_000058,Kotak,True,ENT_00031,2025-11-03T22:36:23.558669
ACC_000059,Kotak,True,ENT_00032,2026-06-21T22:36:23.558680
ACC_000060,SBI,True,ENT_00032,2026-03-31T22:36:23.558685
ACC_000061,HDFC,True,ENT_00032,2026-06-20T22:36:23.558690
ACC_000062,Kotak,True,ENT_00032,2025-11-03T22:36:23.558694
ACC_000063,SBI,True,ENT_00032,2026-03-27T22:36:23.558699
ACC_000064,Paytm PB,True,ENT_00033,2026-04-28T22:36:23.558707
ACC_000065,SBI,True,ENT_00034,2025-09-23T22:36:23.558715
ACC_000066,Paytm PB,True,ENT_00035,2025-12-06T22:36:23.558724
ACC_000067,PNB,True,ENT_00036,2026-07-18T22:36:23.558732
ACC_000068,HDFC,True,ENT_00036,2025-09-23T22:36:23.558737
ACC_000069,Axis,True,ENT_00036,2026-03-25T22:36:23.558741
ACC_000070,HDFC,True,ENT_00036,2026-08-12T22:36:23.558746
ACC_000071,ICICI,True,ENT_00036,2026-06-08T22:36:23.558750
ACC_000072,SBI,True,ENT_00037,2025-12-30T22:36:23.558758
ACC_000073,Paytm PB,True,ENT_00038,2026-08-09T22:36:23.558767
ACC_000074,HDFC,True,ENT_00038,2026-07-06T22:36:23.558772
ACC_000075,Kotak,True,ENT_00038,2026-05-29T22:36:23.558776
ACC_000076,Paytm PB,True,ENT_00038,2026-07-26T22:36:23.558781
ACC_000077,PNB,True,ENT_00038,2026-02-05T22:36:23.558799
ACC_000078,Axis,True,ENT_00039,2026-06-09T22:36:23.558808
ACC_000079,HDFC,True,ENT_00039,2026-03-09T22:36:23.558814
ACC_000080,ICICI,True,ENT_00039,2026-07-24T22:36:23.558818
ACC_000081,ICICI,True,ENT_00039,2026-04-28T22:36:23.558823
ACC_000082,Kotak,True,ENT_00039,2026-04-08T22:36:23.558827
ACC_000083,ICICI,True,ENT_00040,2025-10-31T22:36:23.558836
ACC_000084,PNB,True,ENT_00040,2026-01-17T22:36:23.558841
ACC_000085,SBI,True,ENT_00041,2026-05-22T22:36:23.558849
ACC_000086,Axis,True,ENT_00042,2026-08-01T22:36:23.558858
ACC_000087,Kotak,True,ENT_00043,2026-02-24T22:36:23.558865
ACC_000088,PNB,True,ENT_00044,2026-04-08T22:36:23.558874
ACC_000089,ICICI,True,ENT_00044,2026-05-24T22:36:23.558879
ACC_000090,PNB,True,ENT_00044,2026-06-19T22:36:23.558884
ACC_000091,Axis,True,ENT_00044,2026-07-25T22:36:23.558890
ACC_000092,PNB,True,ENT_00044,2025-12-16T22:36:23.558895
ACC_000093,SBI,True,ENT_00045,2025-12-21T22:36:23.558903
ACC_000094,ICICI,True,ENT_00046,2026-04-19T22:36:23.558912
ACC_000095,HDFC,True,ENT_00047,2026-05-07T22:36:23.558920
ACC_000096,ICICI,True,ENT_00048,2026-03-24T22:36:23.558928
ACC_000097,PNB,True,ENT_00048,2026-07-09T22:36:23.558933
ACC_000098,PNB,True,ENT_00048,2026-03-24T22:36:23.558938
ACC_000099,ICICI,True,ENT_00048,2025-09-19T22:36:23.558942
ACC_000100,Paytm PB,True,ENT_00048,2026-01-21T22:36:23.558947
ACC_000101,HDFC,True,ENT_00049,2026-06-15T22:36:23.558955
ACC_000102,ICICI,True,ENT_00049,2026-05-14T22:36:23.558960
ACC_000103,Paytm PB,True,ENT_00049,2026-03-31T22:36:23.558965
ACC_000104,HDFC,True,ENT_00049,2026-06-19T22:36:23.558969
ACC_000105,Paytm PB,True,ENT_00049,2026-01-03T22:36:23.558974
ACC_000106,Kotak,True,ENT_00050,2026-03-06T22:36:23.558981
ACC_000107,Paytm PB,True,ENT_00051,2025-11-25T22:36:23.558989
ACC_000108,Axis,True,ENT_00052,2025-10-22T22:36:23.558998
ACC_000109,ICICI,True,ENT_00053,2026-07-22T22:36:23.559006
ACC_000110,HDFC,True,ENT_00054,2025-11-20T22:36:23.559015
ACC_000111,ICICI,True,ENT_00055,2026-01-05T22:36:23.559024
ACC_000112,HDFC,True,ENT_00055,2026-02-25T22:36:23.559030
ACC_000113,Paytm PB,True,ENT_00055,2026-03-06T22:36:23.559035
ACC_000114,Kotak,True,ENT_00055,2026-06-11T22:36:23.559039
ACC_000115,Kotak,True,ENT_00055,2026-03-13T22:36:23.559044
ACC_000116,Kotak,True,ENT_00056,2026-01-16T22:36:23.559052
ACC_000117,ICICI,True,ENT_00056,2026-01-19T22:36:23.559056
ACC_000118,Paytm PB,True,ENT_00057,2026-06-09T22:36:23.559064
ACC_000119,Axis,True,ENT_00058,2026-01-31T22:36:23.559072
ACC_000120,Kotak,True,ENT_00058,2026-05-16T22:36:23.559077
ACC_000121,Paytm PB,True,ENT_00058,2025-10-26T22:36:23.559082
ACC_000122,ICICI,True,ENT_00058,2026-01-18T22:36:23.559087
ACC_000123,Paytm PB,True,ENT_00058,2026-08-13T22:36:23.559091
ACC_000124,ICICI,True,ENT_00059,2026-04-28T22:36:23.559100
ACC_000125,Axis,True,ENT_00059,2025-10-21T22:36:23.559105
ACC_000126,Axis,True,ENT_00060,2025-12-30T22:36:23.559113
ACC_000127,Kotak,True,ENT_00061,2026-04-26T22:36:23.559121
ACC_000128,Paytm PB,True,ENT_00061,2025-12-14T22:36:23.559126
ACC_000129,PNB,True,ENT_00061,2026-05-19T22:36:23.559131
ACC_000130,ICICI,True,ENT_00062,2025-11-23T22:36:23.559140
ACC_000131,HDFC,True,ENT_00063,2026-04-15T22:36:23.559148
ACC_000132,Kotak,True,ENT_00063,2026-03-08T22:36:23.559153
ACC_000133,SBI,True,ENT_00063,2026-05-04T22:36:23.559158
ACC_000134,SBI,True,ENT_00063,2026-08-01T22:36:23.559162
ACC_000135,HDFC,True,ENT_00063,2026-04-10T22:36:23.559167
ACC_000136,Paytm PB,True,ENT_00064,2026-07-07T22:36:23.559175
ACC_000137,Axis,True,ENT_00065,2025-09-25T22:36:23.559184
ACC_000138,Paytm PB,True,ENT_00065,2026-05-06T22:36:23.559189
ACC_000139,Kotak,True,ENT_00065,2026-01-29T22:36:23.559194
ACC_000140,Axis,True,ENT_00065,2026-01-21T22:36:23.559198
ACC_000141,SBI,True,ENT_00065,2026-05-30T22:36:23.559203
ACC_000142,PNB,True,ENT_00066,2026-06-20T22:36:23.559211
ACC_000143,SBI,True,ENT_00067,2026-05-15T22:36:23.559219
ACC_000144,HDFC,True,ENT_00068,2025-11-01T22:36:23.559227
ACC_000145,SBI,True,ENT_00068,2026-06-12T22:36:23.559233
ACC_000146,Axis,True,ENT_00068,2026-06-06T22:36:23.559237
ACC_000147,Kotak,True,ENT_00069,2025-11-15T22:36:23.559245
ACC_000148,PNB,True,ENT_00070,2025-12-30T22:36:23.559253
ACC_000149,PNB,True,ENT_00071,2025-11-06T22:36:23.559261
ACC_000150,SBI,True,ENT_00072,2025-12-13T22:36:23.559270
ACC_000151,Axis,True,ENT_00072,2026-04-03T22:36:23.559275
ACC_000152,PNB,True,ENT_00072,2026-04-09T22:36:23.559280
ACC_000153,PNB,True,ENT_00072,2025-09-21T22:36:23.559285
ACC_000154,PNB,True,ENT_00073,2025-11-20T22:36:23.559293
ACC_000155,Axis,True,ENT_00073,2025-09-27T22:36:23.559298
ACC_000156,ICICI,True,ENT_00074,2025-12-31T22:36:23.559305
ACC_000157,HDFC,True,ENT_00074,2026-03-20T22:36:23.559310
ACC_000158,SBI,True,ENT_00074,2026-03-27T22:36:23.559315
ACC_000159,ICICI,True,ENT_00075,2025-11-10T22:36:23.559322
ACC_000160,HDFC,True,ENT_00075,2026-06-04T22:36:23.559328
ACC_000161,SBI,True,ENT_00075,2026-04-17T22:36:23.559332
ACC_000162,Axis,True,ENT_00075,2026-05-27T22:36:23.559337
ACC_000163,HDFC,True,ENT_00076,2026-01-13T22:36:23.559344
ACC_000164,Axis,True,ENT_00076,2026-02-25T22:36:23.559349
ACC_000165,Paytm PB,True,ENT_00076,2025-12-18T22:36:23.559353
ACC_000166,Axis,True,ENT_00076,2026-07-13T22:36:23.559358
ACC_000167,SBI,True,ENT_00076,2026-01-10T22:36:23.559362
ACC_000168,PNB,True,ENT_00077,2025-10-18T22:36:23.559372
ACC_000169,PNB,True,ENT_00078,2025-10-23T22:36:23.559380
ACC_000170,Axis,True,ENT_00079,2026-08-10T22:36:23.559389
ACC_000171,ICICI,True,ENT_00079,2026-03-14T22:36:23.559394
ACC_000172,PNB,True,ENT_00079,2026-01-26T22:36:23.559399
ACC_000173,PNB,True,ENT_00079,2026-01-11T22:36:23.559403
ACC_000174,Paytm PB,True,ENT_00079,2025-11-07T22:36:23.559408
ACC_000175,Axis,True,ENT_00080,2026-04-23T22:36:23.559417
ACC_000176,ICICI,True,ENT_00080,2026-01-02T22:36:23.559422
ACC_000177,HDFC,True,ENT_00081,2026-01-26T22:36:23.559429
ACC_000178,Kotak,True,ENT_00082,2026-01-18T22:36:23.559443
ACC_000179,PNB,True,ENT_00083,2025-12-17T22:36:23.559452
ACC_000180,SBI,True,ENT_00083,2025-09-29T22:36:23.559457
ACC_000181,Paytm PB,True,ENT_00083,2026-07-31T22:36:23.559462
ACC_000182,Paytm PB,True,ENT_00084,2025-10-29T22:36:23.559470
ACC_000183,HDFC,True,ENT_00085,2025-09-18T22:36:23.559478
ACC_000184,Axis,True,ENT_00085,2026-06-05T22:36:23.559483
ACC_000185,PNB,True,ENT_00085,2025-12-20T22:36:23.559488
ACC_000186,HDFC,True,ENT_00086,2026-04-02T22:36:23.559495
ACC_000187,ICICI,True,ENT_00087,2026-04-27T22:36:23.559503
ACC_000188,ICICI,True,ENT_00088,2026-02-22T22:36:23.559512
ACC_000189,PNB,True,ENT_00088,2026-01-31T22:36:23.559517
ACC_000190,PNB,True,ENT_00089,2026-01-10T22:36:23.559525
ACC_000191,ICICI,True,ENT_00089,2026-07-03T22:36:23.559530
ACC_000192,Axis,True,ENT_00089,2026-08-04T22:36:23.559535
ACC_000193,ICICI,True,ENT_00090,2026-04-21T22:36:23.559543
ACC_000194,Kotak,True,ENT_00090,2026-07-09T22:36:23.559547
ACC_000195,PNB,True,ENT_00090,2025-09-14T22:36:23.559552
ACC_000196,HDFC,True,ENT_00090,2026-07-29T22:36:23.559557
ACC_000197,SBI,True,ENT_00091,2026-08-03T22:36:23.559564
ACC_000198,SBI,True,ENT_00092,2026-06-10T22:36:23.559576
ACC_000199,Axis,True,ENT_00092,2026-06-16T22:36:23.559581
ACC_000200,Paytm PB,True,ENT_00092,2026-04-24T22:36:23.559586
ACC_000201,Kotak,True,ENT_00093,2026-04-04T22:36:23.559594
ACC_000202,SBI,True,ENT_00094,2025-10-07T22:36:23.559606
ACC_000203,PNB,True,ENT_00095,2026-05-22T22:36:23.559615
ACC_000204,ICICI,True,ENT_00095,2026-06-19T22:36:23.559620
ACC_000205,Paytm PB,True,ENT_00095,2026-07-31T22:36:23.559624
ACC_000206,ICICI,True,ENT_00095,2025-10-23T22:36:23.559629
ACC_000207,Kotak,True,ENT_00095,2026-02-02T22:36:23.559633
ACC_000208,Kotak,True,ENT_00096,2026-05-04T22:36:23.559642
ACC_000209,HDFC,True,ENT_00096,2025-10-14T22:36:23.559647
ACC_000210,Kotak,True,ENT_00096,2025-09-26T22:36:23.559651
ACC_000211,SBI,True,ENT_00096,2026-06-22T22:36:23.559656
ACC_000212,Kotak,True,ENT_00096,2026-03-12T22:36:23.559661
ACC_000213,PNB,True,ENT_00097,2025-10-28T22:36:23.559669
ACC_000214,PNB,True,ENT_00097,2026-07-23T22:36:23.559674
ACC_000215,Paytm PB,True,ENT_00098,2026-01-06T22:36:23.559681
ACC_000216,HDFC,True,ENT_00099,2025-11-27T22:36:23.559689
ACC_000217,HDFC,True,ENT_00100,2026-01-10T22:36:23.559698
ACC_000218,PNB,True,ENT_00100,2025-12-06T22:36:23.559703
ACC_000219,HDFC,True,ENT_00100,2026-01-04T22:36:23.559707
ACC_000220,Kotak,True,ENT_00101,2025-12-21T22:36:23.559715
ACC_000221,Kotak,True,ENT_00101,2026-05-27T22:36:23.559723
ACC_000222,Axis,True,ENT_00101,2026-05-15T22:36:23.559728
ACC_000223,Kotak,True,ENT_00101,2025-11-19T22:36:23.559732
ACC_000224,Kotak,True,ENT_00101,2026-03-28T22:36:23.559737
ACC_000225,Axis,True,ENT_00102,2026-01-02T22:36:23.559747
ACC_000226,ICICI,True,ENT_00103,2026-04-10T22:36:23.559757
ACC_000227,ICICI,True,ENT_00104,2025-12-26T22:36:23.559765
ACC_000228,SBI,True,ENT_00104,2025-12-19T22:36:23.559770
ACC_000229,Paytm PB,True,ENT_00104,2025-10-05T22:36:23.559775
ACC_000230,Kotak,True,ENT_00104,2026-01-31T22:36:23.559779
ACC_000231,ICICI,True,ENT_00104,2026-07-30T22:36:23.559785
ACC_000232,PNB,True,ENT_00105,2026-02-28T22:36:23.559793
ACC_000233,Axis,True,ENT_00106,2026-04-27T22:36:23.559801
ACC_000234,ICICI,True,ENT_00106,2026-04-03T22:36:23.559807
ACC_000235,ICICI,True,ENT_00107,2025-10-12T22:36:23.559815
ACC_000236,Paytm PB,True,ENT_00108,2026-08-08T22:36:23.559823
ACC_000237,HDFC,True,ENT_00109,2026-04-12T22:36:23.559832
ACC_000238,Kotak,True,ENT_00109,2026-01-17T22:36:23.559837
ACC_000239,Paytm PB,True,ENT_00110,2026-04-12T22:36:23.559870
ACC_000240,Kotak,True,ENT_00110,2025-12-13T22:36:23.559876
ACC_000241,Kotak,True,ENT_00110,2025-12-05T22:36:23.559880
ACC_000242,Axis,True,ENT_00110,2026-08-05T22:36:23.559885
ACC_000243,HDFC,True,ENT_00110,2026-03-16T22:36:23.559890
ACC_000244,Axis,True,ENT_00111,2026-04-11T22:36:23.559901
ACC_000245,Kotak,True,ENT_00112,2025-10-20T22:36:23.559910
ACC_000246,ICICI,True,ENT_00112,2025-12-14T22:36:23.559915
ACC_000247,Axis,True,ENT_00113,2025-11-05T22:36:23.559926
ACC_000248,ICICI,True,ENT_00113,2026-02-14T22:36:23.559933
ACC_000249,ICICI,True,ENT_00114,2026-03-10T22:36:23.559941
ACC_000250,SBI,True,ENT_00115,2026-06-13T22:36:23.559949
ACC_000251,ICICI,True,ENT_00116,2026-06-13T22:36:23.559957
ACC_000252,Kotak,True,ENT_00116,2025-11-12T22:36:23.559962
ACC_000253,PNB,True,ENT_00116,2026-05-11T22:36:23.559968
ACC_000254,SBI,True,ENT_00116,2026-04-25T22:36:23.559973
ACC_000255,Kotak,True,ENT_00116,2025-12-09T22:36:23.559977
ACC_000256,Kotak,True,ENT_00117,2025-10-16T22:36:23.559985
ACC_000257,HDFC,True,ENT_00118,2026-05-06T22:36:23.559994
ACC_000258,ICICI,True,ENT_00118,2026-04-19T22:36:23.559999
ACC_000259,ICICI,True,ENT_00118,2026-05-14T22:36:23.560004
ACC_000260,ICICI,True,ENT_00118,2026-08-06T22:36:23.560009
ACC_000261,Kotak,True,ENT_00118,2025-11-13T22:36:23.560013
ACC_000262,ICICI,True,ENT_00119,2026-07-21T22:36:23.560021
ACC_000263,HDFC,True,ENT_00119,2025-11-03T22:36:23.560026
ACC_000264,ICICI,True,ENT_00119,2026-06-10T22:36:23.560031
ACC_000265,HDFC,True,ENT_00120,2026-08-07T22:36:23.560041
ACC_000266,Axis,True,ENT_00121,2025-12-11T22:36:23.560054
ACC_000267,Axis,True,ENT_00121,2026-02-20T22:36:23.560059
ACC_000268,HDFC,True,ENT_00122,2026-04-06T22:36:23.560067
ACC_000269,PNB,True,ENT_00122,2025-12-12T22:36:23.560076
ACC_000270,PNB,True,ENT_00123,2026-07-11T22:36:23.560084
ACC_000271,Axis,True,ENT_00123,2025-12-05T22:36:23.560090
ACC_000272,HDFC,True,ENT_00123,2025-10-22T22:36:23.560095
ACC_000273,Kotak,True,ENT_00123,2026-07-17T22:36:23.560099
ACC_000274,SBI,True,ENT_00123,2026-05-29T22:36:23.560104
ACC_000275,HDFC,True,ENT_00124,2026-04-08T22:36:23.560112
ACC_000276,HDFC,True,ENT_00124,2025-11-01T22:36:23.560117
ACC_000277,Paytm PB,True,ENT_00125,2025-10-12T22:36:23.560126
ACC_000278,PNB,True,ENT_00126,2025-11-19T22:36:23.560134
ACC_000279,Axis,True,ENT_00127,2025-12-30T22:36:23.560143
ACC_000280,PNB,True,ENT_00128,2025-10-16T22:36:23.560151
ACC_000281,Axis,True,ENT_00128,2026-03-10T22:36:23.560156
ACC_000282,Paytm PB,True,ENT_00129,2026-06-24T22:36:23.560165
ACC_000283,PNB,True,ENT_00129,2026-04-29T22:36:23.560170
ACC_000284,Kotak,True,ENT_00129,2026-04-27T22:36:23.560175
ACC_000285,Kotak,True,ENT_00130,2026-07-03T22:36:23.560183
ACC_000286,SBI,True,ENT_00130,2026-04-13T22:36:23.560189
ACC_000287,Paytm PB,True,ENT_00131,2026-07-06T22:36:23.560200
ACC_000288,HDFC,True,ENT_00132,2026-01-16T22:36:23.560208
ACC_000289,Kotak,True,ENT_00133,2025-10-13T22:36:23.560216
ACC_000290,ICICI,True,ENT_00134,2026-07-28T22:36:23.560228
ACC_000291,ICICI,True,ENT_00135,2026-03-22T22:36:23.560237
ACC_000292,Kotak,True,ENT_00135,2025-12-24T22:36:23.560242
ACC_000293,Kotak,True,ENT_00136,2026-04-16T22:36:23.560250
ACC_000294,ICICI,True,ENT_00136,2025-09-27T22:36:23.560256
ACC_000295,Axis,True,ENT_00137,2026-06-16T22:36:23.560269
ACC_000296,Kotak,True,ENT_00138,2026-05-29T22:36:23.560278
ACC_000297,PNB,True,ENT_00139,2026-06-02T22:36:23.560287
ACC_000298,HDFC,True,ENT_00139,2026-07-14T22:36:23.560292
ACC_000299,SBI,True,ENT_00139,2026-03-09T22:36:23.560297
ACC_000300,Axis,True,ENT_00140,2026-06-11T22:36:23.560305
ACC_000301,Kotak,True,ENT_00141,2026-03-11T22:36:23.560314
ACC_000302,Kotak,True,ENT_00141,2026-01-19T22:36:23.560319
ACC_000303,ICICI,True,ENT_00141,2025-11-30T22:36:23.560324
ACC_000304,Axis,True,ENT_00142,2026-07-03T22:36:23.560332
ACC_000305,Axis,True,ENT_00143,2026-03-01T22:36:23.560340
ACC_000306,HDFC,True,ENT_00144,2026-06-28T22:36:23.560352
ACC_000307,Kotak,True,ENT_00145,2025-10-23T22:36:23.560361
ACC_000308,Paytm PB,True,ENT_00145,2026-08-03T22:36:23.560366
ACC_000309,Paytm PB,True,ENT_00146,2026-07-24T22:36:23.560377
ACC_000310,PNB,True,ENT_00146,2026-05-16T22:36:23.560383
ACC_000311,Axis,True,ENT_00146,2025-11-21T22:36:23.560388
ACC_000312,Kotak,True,ENT_00146,2025-12-30T22:36:23.560393
ACC_000313,ICICI,True,ENT_00146,2026-05-13T22:36:23.560398
ACC_000314,Kotak,True,ENT_00147,2025-12-05T22:36:23.560406
ACC_000315,Axis,True,ENT_00148,2026-02-16T22:36:23.560415
ACC_000316,ICICI,True,ENT_00149,2026-03-02T22:36:23.560423
ACC_000317,PNB,True,ENT_00150,2026-05-23T22:36:23.560432
ACC_000318,Axis,True,ENT_00151,2025-12-03T22:36:23.560440
ACC_000319,ICICI,True,ENT_00151,2026-01-20T22:36:23.560446
ACC_000320,PNB,True,ENT_00151,2025-11-05T22:36:23.560451
ACC_000321,HDFC,True,ENT_00151,2025-12-24T22:36:23.560456
ACC_000322,HDFC,True,ENT_00151,2026-03-05T22:36:23.560460
ACC_000323,ICICI,True,ENT_00152,2026-06-15T22:36:23.560468
ACC_000324,PNB,True,ENT_00152,2026-01-19T22:36:23.560473
ACC_000325,PNB,True,ENT_00152,2025-11-23T22:36:23.560478
ACC_000326,PNB,True,ENT_00152,2026-08-13T22:36:23.560482
ACC_000327,Kotak,True,ENT_00152,2025-11-09T22:36:23.560487
ACC_000328,Axis,True,ENT_00153,2026-07-17T22:36:23.560498
ACC_000329,Paytm PB,True,ENT_00154,2026-02-09T22:36:23.560509
ACC_000330,PNB,True,ENT_00155,2025-12-01T22:36:23.560518
ACC_000331,Kotak,True,ENT_00155,2025-12-30T22:36:23.560523
ACC_000332,PNB,True,ENT_00155,2026-07-18T22:36:23.560532
ACC_000333,SBI,True,ENT_00155,2026-03-30T22:36:23.560537
ACC_000334,Paytm PB,True,ENT_00155,2026-06-07T22:36:23.560541
ACC_000335,Axis,True,ENT_00156,2025-12-08T22:36:23.560550
ACC_000336,HDFC,True,ENT_00157,2025-09-25T22:36:23.560559
ACC_000337,PNB,True,ENT_00158,2026-04-13T22:36:23.560567
ACC_000338,Kotak,True,ENT_00158,2026-05-24T22:36:23.560572
ACC_000339,ICICI,True,ENT_00158,2025-11-04T22:36:23.560577
ACC_000340,HDFC,True,ENT_00158,2025-11-04T22:36:23.560582
ACC_000341,Axis,True,ENT_00158,2026-06-27T22:36:23.560587
ACC_000342,PNB,True,ENT_00159,2026-06-16T22:36:23.560595
ACC_000343,HDFC,True,ENT_00160,2025-09-16T22:36:23.560603
ACC_000344,Axis,True,ENT_00161,2026-03-17T22:36:23.560615
ACC_000345,Kotak,True,ENT_00162,2026-03-27T22:36:23.560624
ACC_000346,Axis,True,ENT_00162,2025-12-09T22:36:23.560629
ACC_000347,Axis,True,ENT_00162,2026-04-11T22:36:23.560634
ACC_000348,Axis,True,ENT_00162,2025-11-04T22:36:23.560639
ACC_000349,SBI,True,ENT_00162,2026-01-29T22:36:23.560644
ACC_000350,Paytm PB,True,ENT_00163,2025-11-26T22:36:23.560655
ACC_000351,SBI,True,ENT_00164,2026-07-09T22:36:23.560664
ACC_000352,ICICI,True,ENT_00164,2026-01-13T22:36:23.560669
ACC_000353,ICICI,True,ENT_00164,2025-11-27T22:36:23.560674
ACC_000354,PNB,True,ENT_00165,2026-08-12T22:36:23.560688
ACC_000355,Kotak,True,ENT_00166,2026-03-14T22:36:23.560697
ACC_000356,Paytm PB,True,ENT_00167,2025-12-06T22:36:23.560705
ACC_000357,Axis,True,ENT_00168,2025-11-11T22:36:23.560714
ACC_000358,ICICI,True,ENT_00169,2026-02-24T22:36:23.560722
ACC_000359,PNB,True,ENT_00170,2025-11-08T22:36:23.560730
ACC_000360,Axis,True,ENT_00170,2025-12-23T22:36:23.560735
ACC_000361,ICICI,True,ENT_00170,2026-05-09T22:36:23.560740
ACC_000362,SBI,True,ENT_00171,2025-10-25T22:36:23.560749
ACC_000363,SBI,True,ENT_00172,2026-01-15T22:36:23.560757
ACC_000364,ICICI,True,ENT_00173,2025-12-14T22:36:23.560766
ACC_000365,Kotak,True,ENT_00173,2026-01-30T22:36:23.560772
ACC_000366,Axis,True,ENT_00173,2025-09-14T22:36:23.560777
ACC_000367,SBI,True,ENT_00173,2025-12-03T22:36:23.560782
ACC_000368,SBI,True,ENT_00174,2025-11-29T22:36:23.560790
ACC_000369,ICICI,True,ENT_00175,2026-06-23T22:36:23.560802
ACC_000370,HDFC,True,ENT_00176,2025-11-17T22:36:23.560811
ACC_000371,HDFC,True,ENT_00177,2026-06-01T22:36:23.560819
ACC_000372,Axis,True,ENT_00177,2025-09-12T22:36:23.560825
ACC_000373,SBI,True,ENT_00177,2026-07-06T22:36:23.560833
ACC_000374,Axis,True,ENT_00177,2026-03-31T22:36:23.560838
ACC_000375,ICICI,True,ENT_00177,2025-09-28T22:36:23.560843
ACC_000376,Axis,True,ENT_00178,2025-09-15T22:36:23.560851
ACC_000377,PNB,True,ENT_00179,2026-02-26T22:36:23.560875
ACC_000378,PNB,True,ENT_00180,2025-11-13T22:36:23.560884
ACC_000379,ICICI,True,ENT_00181,2025-09-27T22:36:23.560892
ACC_000380,PNB,True,ENT_00182,2025-12-07T22:36:23.560901
ACC_000381,HDFC,True,ENT_00183,2025-10-01T22:36:23.560910
ACC_000382,HDFC,True,ENT_00183,2026-04-15T22:36:23.560915
ACC_000383,Kotak,True,ENT_00183,2026-03-19T22:36:23.560920
ACC_000384,SBI,True,ENT_00183,2026-06-28T22:36:23.560925
ACC_000385,Axis,True,ENT_00183,2026-06-24T22:36:23.560930
ACC_000386,Kotak,True,ENT_00184,2026-06-23T22:36:23.560939
ACC_000387,Axis,True,ENT_00184,2026-05-20T22:36:23.560944
ACC_000388,Kotak,True,ENT_00184,2026-03-13T22:36:23.560949
ACC_000389,HDFC,True,ENT_00184,2026-07-21T22:36:23.560954
ACC_000390,ICICI,True,ENT_00184,2026-07-16T22:36:23.560958
ACC_000391,ICICI,True,ENT_00185,2026-02-03T22:36:23.560970
ACC_000392,SBI,True,ENT_00186,2026-04-10T22:36:23.560979
ACC_000393,Axis,True,ENT_00187,2025-10-28T22:36:23.560987
ACC_000394,PNB,True,ENT_00188,2026-05-13T22:36:23.560999
ACC_000395,SBI,True,ENT_00189,2026-07-04T22:36:23.561012
ACC_000396,PNB,True,ENT_00190,2026-01-30T22:36:23.561021
ACC_000397,Paytm PB,True,ENT_00190,2026-04-12T22:36:23.561026
ACC_000398,Axis,True,ENT_00190,2025-10-19T22:36:23.561031
ACC_000399,SBI,True,ENT_00190,2026-04-17T22:36:23.561036
ACC_000400,Axis,True,ENT_00190,2025-09-21T22:36:23.561041
ACC_000401,Axis,True,ENT_00191,2026-04-05T22:36:23.561049
ACC_000402,Kotak,True,ENT_00191,2026-08-09T22:36:23.561055
ACC_000403,ICICI,True,ENT_00192,2025-11-07T22:36:23.561063
ACC_000404,HDFC,True,ENT_00193,2025-12-30T22:36:23.561072
ACC_000405,ICICI,True,ENT_00193,2025-10-17T22:36:23.561078
ACC_000406,Kotak,True,ENT_00194,2026-01-08T22:36:23.561087
ACC_000407,ICICI,True,ENT_00195,2025-12-23T22:36:23.561095
ACC_000408,PNB,True,ENT_00195,2026-03-12T22:36:23.561100
ACC_000409,Axis,True,ENT_00196,2025-12-09T22:36:23.561108
ACC_000410,HDFC,True,ENT_00196,2026-04-14T22:36:23.561114
ACC_000411,Paytm PB,True,ENT_00197,2026-02-11T22:36:23.561125
ACC_000412,Paytm PB,True,ENT_00197,2026-03-15T22:36:23.561131
ACC_000413,Kotak,True,ENT_00197,2026-03-15T22:36:23.561136
ACC_000414,HDFC,True,ENT_00197,2026-01-23T22:36:23.561141
ACC_000415,HDFC,True,ENT_00198,2025-10-28T22:36:23.561149
ACC_000416,PNB,True,ENT_00199,2026-07-19T22:36:23.561161
ACC_000417,Paytm PB,True,ENT_00199,2025-12-02T22:36:23.561168
ACC_000418,PNB,True,ENT_00199,2026-03-20T22:36:23.561173
ACC_000419,PNB,True,ENT_00199,2026-04-18T22:36:23.561178
ACC_000420,PNB,True,ENT_00200,2026-02-14T22:36:23.561186
ACC_000421,SBI,True,ENT_00200,2025-09-22T22:36:23.561192
ACC_000422,SBI,True,ENT_00200,2025-09-30T22:36:23.561197
ACC_000423,Kotak,True,ENT_00201,2026-06-04T22:36:23.561206
ACC_000424,HDFC,True,ENT_00202,2025-09-26T22:36:23.561215
ACC_000425,HDFC,True,ENT_00203,2026-03-08T22:36:23.561223
ACC_000426,PNB,True,ENT_00203,2025-12-31T22:36:23.561229
ACC_000427,HDFC,True,ENT_00203,2025-10-21T22:36:23.561234
ACC_000428,ICICI,True,ENT_00203,2026-06-07T22:36:23.561238
ACC_000429,HDFC,True,ENT_00203,2026-03-15T22:36:23.561243
ACC_000430,Kotak,True,ENT_00204,2026-01-13T22:36:23.561251
ACC_000431,SBI,True,ENT_00204,2026-05-03T22:36:23.561257
ACC_000432,SBI,True,ENT_00204,2025-11-10T22:36:23.561261
ACC_000433,Paytm PB,True,ENT_00205,2025-11-30T22:36:23.561271
ACC_000434,ICICI,True,ENT_00205,2026-05-21T22:36:23.561276
ACC_000435,ICICI,True,ENT_00205,2025-12-10T22:36:23.561284
ACC_000436,PNB,True,ENT_00205,2026-03-15T22:36:23.561290
ACC_000437,Kotak,True,ENT_00205,2026-02-21T22:36:23.561295
ACC_000438,Axis,True,ENT_00206,2026-07-06T22:36:23.561304
ACC_000439,PNB,True,ENT_00207,2026-04-20T22:36:23.561316
ACC_000440,Kotak,True,ENT_00208,2026-01-22T22:36:23.561326
ACC_000441,PNB,True,ENT_00208,2025-11-01T22:36:23.561331
ACC_000442,ICICI,True,ENT_00208,2026-06-28T22:36:23.561337
ACC_000443,PNB,True,ENT_00208,2026-01-23T22:36:23.561341
ACC_000444,HDFC,True,ENT_00208,2026-03-31T22:36:23.561346
ACC_000445,HDFC,True,ENT_00209,2025-12-24T22:36:23.561354
ACC_000446,ICICI,True,ENT_00209,2026-04-01T22:36:23.561360
ACC_000447,Axis,True,ENT_00210,2025-09-21T22:36:23.561372
ACC_000448,HDFC,True,ENT_00211,2026-04-16T22:36:23.561381
ACC_000449,Axis,True,ENT_00211,2026-08-01T22:36:23.561387
ACC_000450,Paytm PB,True,ENT_00211,2025-10-30T22:36:23.561392
ACC_000451,Paytm PB,True,ENT_00212,2026-04-22T22:36:23.561400
ACC_000452,HDFC,True,ENT_00213,2025-09-22T22:36:23.561409
ACC_000453,PNB,True,ENT_00213,2025-12-19T22:36:23.561414
ACC_000454,ICICI,True,ENT_00214,2025-09-15T22:36:23.561423
ACC_000455,Axis,True,ENT_00214,2026-06-15T22:36:23.561428
ACC_000456,SBI,True,ENT_00214,2026-07-21T22:36:23.561433
ACC_000457,HDFC,True,ENT_00214,2026-03-11T22:36:23.561442
ACC_000458,Axis,True,ENT_00214,2026-06-15T22:36:23.561447
ACC_000459,SBI,True,ENT_00215,2025-11-11T22:36:23.561456
ACC_000460,Axis,True,ENT_00216,2025-12-24T22:36:23.561465
ACC_000461,ICICI,True,ENT_00216,2025-11-10T22:36:23.561470
ACC_000462,Axis,True,ENT_00216,2025-10-17T22:36:23.561479
ACC_000463,Kotak,True,ENT_00216,2026-05-26T22:36:23.561484
ACC_000464,Axis,True,ENT_00216,2025-09-12T22:36:23.561489
ACC_000465,PNB,True,ENT_00217,2025-12-06T22:36:23.561498
ACC_000466,Paytm PB,True,ENT_00217,2026-01-17T22:36:23.561503
ACC_000467,ICICI,True,ENT_00217,2026-07-28T22:36:23.561508
ACC_000468,Kotak,True,ENT_00217,2026-02-05T22:36:23.561513
ACC_000469,Axis,True,ENT_00218,2025-12-29T22:36:23.561521
ACC_000470,PNB,True,ENT_00219,2026-02-09T22:36:23.561530
ACC_000471,Kotak,True,ENT_00220,2026-02-06T22:36:23.561540
ACC_000472,HDFC,True,ENT_00221,2026-01-22T22:36:23.561549
ACC_000473,ICICI,True,ENT_00221,2026-05-08T22:36:23.561554
ACC_000474,HDFC,True,ENT_00221,2025-12-24T22:36:23.561559
ACC_000475,HDFC,True,ENT_00221,2026-04-27T22:36:23.561564
ACC_000476,Kotak,True,ENT_00221,2025-09-20T22:36:23.561569
ACC_000477,HDFC,True,ENT_00222,2026-02-24T22:36:23.561578
ACC_000478,SBI,True,ENT_00223,2025-10-28T22:36:23.561587
ACC_000479,HDFC,True,ENT_00224,2025-11-03T22:36:23.561599
ACC_000480,SBI,True,ENT_00224,2025-10-17T22:36:23.561605
ACC_000481,PNB,True,ENT_00225,2026-04-16T22:36:23.561613
ACC_000482,ICICI,True,ENT_00225,2026-05-30T22:36:23.561619
ACC_000483,ICICI,True,ENT_00226,2026-05-31T22:36:23.561627
ACC_000484,SBI,True,ENT_00226,2025-11-10T22:36:23.561636
ACC_000485,ICICI,True,ENT_00226,2026-05-16T22:36:23.561641
ACC_000486,Kotak,True,ENT_00227,2026-07-31T22:36:23.561649
ACC_000487,HDFC,True,ENT_00228,2026-02-11T22:36:23.561658
ACC_000488,Paytm PB,True,ENT_00229,2026-03-01T22:36:23.561667
ACC_000489,SBI,True,ENT_00230,2026-03-31T22:36:23.561675
ACC_000490,SBI,True,ENT_00231,2026-01-10T22:36:23.561683
ACC_000491,Paytm PB,True,ENT_00231,2026-06-16T22:36:23.561689
ACC_000492,Kotak,True,ENT_00231,2026-07-12T22:36:23.561694
ACC_000493,Axis,True,ENT_00231,2025-12-27T22:36:23.561698
ACC_000494,PNB,True,ENT_00231,2026-02-09T22:36:23.561703
ACC_000495,Axis,True,ENT_00232,2025-11-29T22:36:23.561711
ACC_000496,SBI,True,ENT_00232,2025-10-03T22:36:23.561717
ACC_000497,HDFC,True,ENT_00232,2025-11-20T22:36:23.561722
ACC_000498,Axis,True,ENT_00233,2025-09-18T22:36:23.561735
ACC_000499,HDFC,True,ENT_00234,2025-12-11T22:36:23.561746
ACC_000500,Axis,True,ENT_00235,2026-06-19T22:36:23.561758
ACC_000501,Kotak,True,ENT_00236,2025-12-29T22:36:23.561767
ACC_000502,HDFC,True,ENT_00237,2026-03-02T22:36:23.561776
ACC_000503,HDFC,True,ENT_00238,2026-06-10T22:36:23.561785
ACC_000504,ICICI,True,ENT_00238,2025-09-28T22:36:23.561793
ACC_000505,Axis,True,ENT_00239,2025-10-12T22:36:23.561803
ACC_000506,Axis,True,ENT_00240,2025-11-28T22:36:23.561811
ACC_000507,Paytm PB,True,ENT_00240,2026-01-05T22:36:23.561817
ACC_000508,HDFC,True,ENT_00240,2026-06-16T22:36:23.561822
ACC_000509,Axis,True,ENT_00241,2025-12-25T22:36:23.561830
ACC_000510,Axis,True,ENT_00242,2026-02-21T22:36:23.561839
ACC_000511,Axis,True,ENT_00243,2026-01-13T22:36:23.561848
ACC_000512,ICICI,True,ENT_00244,2026-01-07T22:36:23.561857
ACC_000513,ICICI,True,ENT_00244,2026-04-05T22:36:23.561862
ACC_000514,ICICI,True,ENT_00244,2026-05-27T22:36:23.561867
ACC_000515,HDFC,True,ENT_00245,2026-06-28T22:36:23.561875
ACC_000516,PNB,True,ENT_00245,2026-07-01T22:36:23.561880
ACC_000517,Axis,True,ENT_00246,2026-06-25T22:36:23.561888
ACC_000518,PNB,True,ENT_00247,2026-06-08T22:36:23.561897
ACC_000519,Paytm PB,True,ENT_00247,2026-07-14T22:36:23.561902
ACC_000520,Kotak,True,ENT_00248,2026-06-12T22:36:23.561914
ACC_000521,ICICI,True,ENT_00249,2026-01-09T22:36:23.561923
ACC_000522,PNB,True,ENT_00249,2026-07-18T22:36:23.561934
ACC_000523,Paytm PB,True,ENT_00250,2026-03-07T22:36:23.561947
ACC_000524,HDFC,True,ENT_00251,2025-10-22T22:36:23.561956
ACC_000525,SBI,True,ENT_00252,2025-12-10T22:36:23.561965
ACC_000526,PNB,True,ENT_00253,2026-06-19T22:36:23.561973
ACC_000527,PNB,True,ENT_00254,2025-11-02T22:36:23.561982
ACC_000528,ICICI,True,ENT_00254,2026-06-16T22:36:23.561987
ACC_000529,PNB,True,ENT_00254,2026-03-24T22:36:23.561992
ACC_000530,PNB,True,ENT_00255,2026-01-06T22:36:23.562000
ACC_000531,PNB,True,ENT_00255,2025-10-30T22:36:23.562005
ACC_000532,PNB,True,ENT_00255,2025-09-29T22:36:23.562010
ACC_000533,Paytm PB,True,ENT_00255,2025-09-18T22:36:23.562015
ACC_000534,Paytm PB,True,ENT_00255,2026-07-31T22:36:23.562020
ACC_000535,HDFC,True,ENT_00256,2026-05-13T22:36:23.562029
ACC_000536,Kotak,True,ENT_00257,2026-03-08T22:36:23.562038
ACC_000537,ICICI,True,ENT_00257,2026-02-15T22:36:23.562044
ACC_000538,SBI,True,ENT_00258,2026-06-01T22:36:23.562052
ACC_000539,HDFC,True,ENT_00259,2026-06-02T22:36:23.562064
ACC_000540,Kotak,True,ENT_00259,2025-09-23T22:36:23.562070
ACC_000541,HDFC,True,ENT_00259,2026-06-28T22:36:23.562075
ACC_000542,Axis,True,ENT_00260,2026-01-11T22:36:23.562083
ACC_000543,ICICI,True,ENT_00261,2026-05-25T22:36:23.562091
ACC_000544,ICICI,True,ENT_00261,2026-03-07T22:36:23.562100
ACC_000545,Kotak,True,ENT_00261,2026-02-28T22:36:23.562105
ACC_000546,HDFC,True,ENT_00262,2026-05-26T22:36:23.562114
ACC_000547,PNB,True,ENT_00263,2025-10-01T22:36:23.562122
ACC_000548,Kotak,True,ENT_00264,2026-07-03T22:36:23.562135
ACC_000549,Axis,True,ENT_00265,2026-01-08T22:36:23.562144
ACC_000550,Paytm PB,True,ENT_00266,2025-12-30T22:36:23.562152
ACC_000551,ICICI,True,ENT_00267,2026-04-25T22:36:23.562161
ACC_000552,ICICI,True,ENT_00268,2026-01-05T22:36:23.562169
ACC_000553,ICICI,True,ENT_00269,2025-10-14T22:36:23.562178
ACC_000554,Axis,True,ENT_00269,2025-11-17T22:36:23.562184
ACC_000555,Kotak,True,ENT_00269,2026-03-09T22:36:23.562189
ACC_000556,HDFC,True,ENT_00269,2026-04-23T22:36:23.562193
ACC_000557,Axis,True,ENT_00269,2025-10-11T22:36:23.562198
ACC_000558,HDFC,True,ENT_00270,2026-05-01T22:36:23.562206
ACC_000559,SBI,True,ENT_00271,2026-06-04T22:36:23.562218
ACC_000560,PNB,True,ENT_00271,2026-04-05T22:36:23.562224
ACC_000561,ICICI,True,ENT_00272,2026-06-13T22:36:23.562232
ACC_000562,HDFC,True,ENT_00272,2025-12-02T22:36:23.562237
ACC_000563,Kotak,True,ENT_00272,2026-01-05T22:36:23.562242
ACC_000564,SBI,True,ENT_00272,2026-06-08T22:36:23.562247
ACC_000565,Axis,True,ENT_00272,2025-11-14T22:36:23.562255
ACC_000566,Paytm PB,True,ENT_00273,2025-10-31T22:36:23.562264
ACC_000567,HDFC,True,ENT_00274,2026-01-22T22:36:23.562273
ACC_000568,PNB,True,ENT_00274,2026-07-23T22:36:23.562278
ACC_000569,HDFC,True,ENT_00275,2025-12-21T22:36:23.562286
ACC_000570,PNB,True,ENT_00276,2026-03-06T22:36:23.562295
ACC_000571,Paytm PB,True,ENT_00277,2026-01-18T22:36:23.562303
ACC_000572,ICICI,True,ENT_00278,2026-06-16T22:36:23.562312
ACC_000573,Axis,True,ENT_00278,2026-08-03T22:36:23.562317
ACC_000574,SBI,True,ENT_00279,2025-10-01T22:36:23.562325
ACC_000575,PNB,True,ENT_00280,2026-02-09T22:36:23.562334
ACC_000576,Axis,True,ENT_00281,2026-06-20T22:36:23.562343
ACC_000577,Axis,True,ENT_00282,2025-10-16T22:36:23.562351
ACC_000578,Paytm PB,True,ENT_00283,2026-07-04T22:36:23.562360
ACC_000579,Axis,True,ENT_00283,2026-03-08T22:36:23.562369
ACC_000580,Kotak,True,ENT_00283,2026-02-21T22:36:23.562375
ACC_000581,SBI,True,ENT_00283,2026-02-24T22:36:23.562379
ACC_000582,PNB,True,ENT_00283,2026-05-19T22:36:23.562384
ACC_000583,Paytm PB,True,ENT_00284,2025-09-23T22:36:23.562393
ACC_000584,HDFC,True,ENT_00284,2025-11-15T22:36:23.562398
ACC_000585,PNB,True,ENT_00285,2026-02-16T22:36:23.562410
ACC_000586,Kotak,True,ENT_00286,2025-09-17T22:36:23.562419
ACC_000587,SBI,True,ENT_00287,2026-06-22T22:36:23.562428
ACC_000588,SBI,True,ENT_00287,2026-04-04T22:36:23.562433
ACC_000589,SBI,True,ENT_00287,2026-05-17T22:36:23.562438
ACC_000590,Paytm PB,True,ENT_00287,2026-05-27T22:36:23.562443
ACC_000591,PNB,True,ENT_00287,2025-09-12T22:36:23.562448
ACC_000592,SBI,True,ENT_00288,2025-09-26T22:36:23.562456
ACC_000593,Axis,True,ENT_00289,2025-10-29T22:36:23.562465
ACC_000594,Kotak,True,ENT_00290,2025-10-28T22:36:23.562474
ACC_000595,PNB,True,ENT_00291,2025-09-26T22:36:23.562483
ACC_000596,SBI,True,ENT_00292,2025-12-31T22:36:23.562492
ACC_000597,HDFC,True,ENT_00292,2025-12-16T22:36:23.562497
ACC_000598,Axis,True,ENT_00292,2025-09-24T22:36:23.562502
ACC_000599,PNB,True,ENT_00293,2026-03-26T22:36:23.562513
ACC_000600,ICICI,True,ENT_00294,2025-11-27T22:36:23.562527
ACC_000601,ICICI,True,ENT_00295,2025-12-20T22:36:23.562536
ACC_000602,Axis,True,ENT_00295,2026-07-25T22:36:23.562541
ACC_000603,ICICI,True,ENT_00296,2026-03-20T22:36:23.562549
ACC_000604,HDFC,True,ENT_00296,2025-09-17T22:36:23.562555
ACC_000605,Paytm PB,True,ENT_00297,2025-10-13T22:36:23.562568
ACC_000606,Paytm PB,True,ENT_00297,2026-01-29T22:36:23.562574
ACC_000607,Axis,True,ENT_00297,2025-10-20T22:36:23.562579
ACC_000608,Paytm PB,True,ENT_00297,2026-07-23T22:36:23.562583
ACC_000609,Axis,True,ENT_00297,2025-10-25T22:36:23.562589
ACC_000610,ICICI,True,ENT_00298,2025-10-08T22:36:23.562597
ACC_000611,Paytm PB,True,ENT_00299,2026-05-28T22:36:23.562606
ACC_000612,Axis,True,ENT_00300,2026-06-22T22:36:23.562614
ACC_000613,Kotak,True,ENT_00301,2026-07-01T22:36:23.562623
ACC_000614,Paytm PB,True,ENT_00301,2025-09-17T22:36:23.562629
ACC_000615,SBI,True,ENT_00301,2026-07-24T22:36:23.562634
ACC_000616,Kotak,True,ENT_00302,2026-01-01T22:36:23.562642
ACC_000617,Paytm PB,True,ENT_00303,2025-11-19T22:36:23.562650
ACC_000618,Paytm PB,True,ENT_00303,2026-05-24T22:36:23.562656
ACC_000619,ICICI,True,ENT_00303,2026-02-04T22:36:23.562660
ACC_000620,Axis,True,ENT_00304,2026-01-16T22:36:23.562669
ACC_000621,Kotak,True,ENT_00305,2025-10-11T22:36:23.562682
ACC_000622,PNB,True,ENT_00306,2025-09-24T22:36:23.562830
ACC_000623,HDFC,True,ENT_00307,2026-02-26T22:36:23.562844
ACC_000624,Paytm PB,True,ENT_00308,2026-01-28T22:36:23.562854
ACC_000625,ICICI,True,ENT_00309,2025-10-09T22:36:23.562865
ACC_000626,ICICI,True,ENT_00310,2026-07-03T22:36:23.562879
ACC_000627,Paytm PB,True,ENT_00310,2026-06-02T22:36:23.562886
ACC_000628,ICICI,True,ENT_00310,2026-03-08T22:36:23.562892
ACC_000629,Kotak,True,ENT_00310,2026-01-25T22:36:23.562897
ACC_000630,SBI,True,ENT_00310,2025-10-13T22:36:23.562902
ACC_000631,ICICI,True,ENT_00311,2025-10-31T22:36:23.562912
ACC_000632,Kotak,True,ENT_00312,2026-02-26T22:36:23.562921
ACC_000633,PNB,True,ENT_00312,2026-06-09T22:36:23.562927
ACC_000634,Kotak,True,ENT_00312,2025-11-17T22:36:23.562932
ACC_000635,HDFC,True,ENT_00312,2025-09-17T22:36:23.562938
ACC_000636,Paytm PB,True,ENT_00313,2026-02-09T22:36:23.562946
ACC_000637,HDFC,True,ENT_00313,2026-02-09T22:36:23.562952
ACC_000638,ICICI,True,ENT_00313,2026-05-13T22:36:23.562957
ACC_000639,SBI,True,ENT_00313,2026-02-20T22:36:23.562962
ACC_000640,SBI,True,ENT_00314,2026-04-20T22:36:23.562970
ACC_000641,SBI,True,ENT_00315,2026-07-05T22:36:23.562980
ACC_000642,PNB,True,ENT_00316,2026-06-23T22:36:23.562992
ACC_000643,Paytm PB,True,ENT_00316,2025-11-10T22:36:23.563001
ACC_000644,Kotak,True,ENT_00317,2026-02-22T22:36:23.563011
ACC_000645,Paytm PB,True,ENT_00318,2026-02-02T22:36:23.563021
ACC_000646,SBI,True,ENT_00318,2026-05-22T22:36:23.563026
ACC_000647,PNB,True,ENT_00319,2025-09-28T22:36:23.563035
ACC_000648,Kotak,True,ENT_00320,2026-01-01T22:36:23.563047
ACC_000649,HDFC,True,ENT_00320,2026-01-15T22:36:23.563053
ACC_000650,ICICI,True,ENT_00320,2026-04-14T22:36:23.563058
ACC_000651,Axis,True,ENT_00320,2025-10-05T22:36:23.563066
ACC_000652,PNB,True,ENT_00321,2025-12-27T22:36:23.563076
ACC_000653,SBI,True,ENT_00321,2025-11-13T22:36:23.563081
ACC_000654,ICICI,True,ENT_00322,2025-12-16T22:36:23.563090
ACC_000655,ICICI,True,ENT_00323,2025-10-25T22:36:23.563099
ACC_000656,Axis,True,ENT_00323,2025-12-20T22:36:23.563105
ACC_000657,PNB,True,ENT_00324,2026-01-30T22:36:23.563114
ACC_000658,SBI,True,ENT_00325,2026-05-03T22:36:23.563123
ACC_000659,PNB,True,ENT_00325,2025-10-08T22:36:23.563128
ACC_000660,SBI,True,ENT_00325,2026-04-07T22:36:23.563134
ACC_000661,HDFC,True,ENT_00325,2025-09-19T22:36:23.563139
ACC_000662,Axis,True,ENT_00325,2026-02-04T22:36:23.563144
ACC_000663,Kotak,True,ENT_00326,2025-11-22T22:36:23.563152
ACC_000664,PNB,True,ENT_00326,2026-06-11T22:36:23.563158
ACC_000665,ICICI,True,ENT_00326,2026-07-02T22:36:23.563166
ACC_000666,ICICI,True,ENT_00327,2025-12-26T22:36:23.563175
ACC_000667,PNB,True,ENT_00328,2026-01-02T22:36:23.563184
ACC_000668,HDFC,True,ENT_00328,2026-04-22T22:36:23.563190
ACC_000669,PNB,True,ENT_00328,2025-12-26T22:36:23.563195
ACC_000670,ICICI,True,ENT_00328,2026-07-31T22:36:23.563200
ACC_000671,Axis,True,ENT_00328,2026-07-17T22:36:23.563206
ACC_000672,Paytm PB,True,ENT_00329,2026-02-03T22:36:23.563217
ACC_000673,Axis,True,ENT_00330,2026-07-03T22:36:23.563227
ACC_000674,SBI,True,ENT_00331,2026-07-30T22:36:23.563236
ACC_000675,ICICI,True,ENT_00331,2026-06-24T22:36:23.563242
ACC_000676,PNB,True,ENT_00331,2025-09-15T22:36:23.563247
ACC_000677,ICICI,True,ENT_00331,2026-05-31T22:36:23.563252
ACC_000678,SBI,True,ENT_00331,2026-07-25T22:36:23.563257
ACC_000679,PNB,True,ENT_00332,2025-12-15T22:36:23.563266
ACC_000680,PNB,True,ENT_00333,2025-12-16T22:36:23.563275
ACC_000681,Paytm PB,True,ENT_00334,2026-08-11T22:36:23.563284
ACC_000682,HDFC,True,ENT_00334,2026-08-04T22:36:23.563289
ACC_000683,SBI,True,ENT_00335,2026-05-29T22:36:23.563298
ACC_000684,Paytm PB,True,ENT_00335,2025-10-06T22:36:23.563303
ACC_000685,Paytm PB,True,ENT_00335,2026-01-09T22:36:23.563309
ACC_000686,HDFC,True,ENT_00335,2026-03-19T22:36:23.563314
ACC_000687,SBI,True,ENT_00335,2026-03-12T22:36:23.563319
ACC_000688,HDFC,True,ENT_00336,2026-04-13T22:36:23.563331
ACC_000689,Axis,True,ENT_00336,2025-09-20T22:36:23.563336
ACC_000690,HDFC,True,ENT_00337,2026-06-18T22:36:23.563345
ACC_000691,Paytm PB,True,ENT_00338,2025-11-12T22:36:23.563354
ACC_000692,Kotak,True,ENT_00339,2025-11-23T22:36:23.563365
ACC_000693,Kotak,True,ENT_00340,2026-06-01T22:36:23.563375
ACC_000694,Axis,True,ENT_00341,2026-08-13T22:36:23.563384
ACC_000695,Paytm PB,True,ENT_00341,2026-02-14T22:36:23.563393
ACC_000696,Paytm PB,True,ENT_00342,2026-01-12T22:36:23.563401
ACC_000697,Kotak,True,ENT_00343,2026-07-01T22:36:23.563410
ACC_000698,HDFC,True,ENT_00344,2025-11-17T22:36:23.563419
ACC_000699,Axis,True,ENT_00345,2025-12-16T22:36:23.563428
ACC_000700,Kotak,True,ENT_00346,2026-01-27T22:36:23.563437
ACC_000701,ICICI,True,ENT_00346,2026-04-06T22:36:23.563442
ACC_000702,ICICI,True,ENT_00347,2026-07-10T22:36:23.563455
ACC_000703,ICICI,True,ENT_00347,2026-04-12T22:36:23.563461
ACC_000704,Kotak,True,ENT_00347,2025-09-26T22:36:23.563468
ACC_000705,HDFC,True,ENT_00347,2025-10-20T22:36:23.563473
ACC_000706,Kotak,True,ENT_00347,2026-02-24T22:36:23.563479
ACC_000707,HDFC,True,ENT_00348,2026-02-14T22:36:23.563491
ACC_000708,Paytm PB,True,ENT_00348,2026-02-21T22:36:23.563496
ACC_000709,PNB,True,ENT_00349,2025-12-19T22:36:23.563505
ACC_000710,Kotak,True,ENT_00350,2026-05-12T22:36:23.563514
ACC_000711,HDFC,True,ENT_00351,2025-12-22T22:36:23.563523
ACC_000712,ICICI,True,ENT_00352,2026-05-02T22:36:23.563536
ACC_000713,HDFC,True,ENT_00352,2026-05-03T22:36:23.563542
ACC_000714,HDFC,True,ENT_00352,2026-03-05T22:36:23.563547
ACC_000715,Paytm PB,True,ENT_00353,2026-01-22T22:36:23.563556
ACC_000716,ICICI,True,ENT_00354,2026-07-26T22:36:23.563565
ACC_000717,ICICI,True,ENT_00355,2026-02-12T22:36:23.563574
ACC_000718,PNB,True,ENT_00356,2025-09-12T22:36:23.563583
ACC_000719,ICICI,True,ENT_00357,2026-06-11T22:36:23.563592
ACC_000720,PNB,True,ENT_00357,2026-02-06T22:36:23.563598
ACC_000721,Axis,True,ENT_00357,2026-01-21T22:36:23.563603
ACC_000722,Kotak,True,ENT_00357,2025-12-31T22:36:23.563608
ACC_000723,Axis,True,ENT_00357,2026-02-21T22:36:23.563613
ACC_000724,Axis,True,ENT_00358,2025-12-02T22:36:23.563621
ACC_000725,ICICI,True,ENT_00358,2025-11-21T22:36:23.563712
ACC_000726,ICICI,True,ENT_00358,2026-07-02T22:36:23.563730
ACC_000727,HDFC,True,ENT_00359,2026-01-05T22:36:23.563762
ACC_000728,Paytm PB,True,ENT_00360,2026-03-16T22:36:23.563777
ACC_000729,ICICI,True,ENT_00360,2026-06-22T22:36:23.563784
ACC_000730,HDFC,True,ENT_00360,2026-02-27T22:36:23.563790
ACC_000731,Kotak,True,ENT_00360,2026-03-15T22:36:23.563795
ACC_000732,ICICI,True,ENT_00360,2025-12-28T22:36:23.563801
ACC_000733,SBI,True,ENT_00361,2025-12-29T22:36:23.563811
ACC_000734,ICICI,True,ENT_00361,2025-12-28T22:36:23.563822
ACC_000735,HDFC,True,ENT_00361,2026-02-14T22:36:23.563827
ACC_000736,ICICI,True,ENT_00362,2025-09-20T22:36:23.563841
ACC_000737,HDFC,True,ENT_00363,2025-09-21T22:36:23.563858
ACC_000738,ICICI,True,ENT_00364,2025-11-24T22:36:23.563869
ACC_000739,HDFC,True,ENT_00365,2026-06-01T22:36:23.563880
ACC_000740,HDFC,True,ENT_00366,2026-06-10T22:36:23.563891
ACC_000741,SBI,True,ENT_00367,2025-09-17T22:36:23.563967
ACC_000742,ICICI,True,ENT_00367,2026-02-09T22:36:23.563986
ACC_000743,Axis,True,ENT_00367,2025-10-27T22:36:23.563998
ACC_000744,HDFC,True,ENT_00367,2025-10-08T22:36:23.564009
ACC_000745,SBI,True,ENT_00367,2025-12-26T22:36:23.564018
ACC_000746,ICICI,True,ENT_00368,2025-12-29T22:36:23.564038
ACC_000747,Paytm PB,True,ENT_00369,2026-06-04T22:36:23.564056
ACC_000748,Paytm PB,True,ENT_00369,2026-02-07T22:36:23.564067
ACC_000749,Axis,True,ENT_00369,2026-03-06T22:36:23.564099
ACC_000750,SBI,True,ENT_00370,2026-06-16T22:36:23.564116
ACC_000751,HDFC,True,ENT_00370,2026-05-10T22:36:23.564123
ACC_000752,Axis,True,ENT_00370,2025-11-21T22:36:23.564128
ACC_000753,Paytm PB,True,ENT_00371,2026-06-14T22:36:23.564189
ACC_000754,ICICI,True,ENT_00371,2026-04-02T22:36:23.564207
ACC_000755,SBI,True,ENT_00372,2025-10-04T22:36:23.564272
ACC_000756,Kotak,True,ENT_00373,2025-12-05T22:36:23.564307
ACC_000757,SBI,True,ENT_00373,2026-06-12T22:36:23.564317
ACC_000758,SBI,True,ENT_00373,2026-07-07T22:36:23.564324
ACC_000759,Axis,True,ENT_00373,2026-05-17T22:36:23.564330
ACC_000760,Kotak,True,ENT_00373,2025-12-29T22:36:23.564336
ACC_000761,PNB,True,ENT_00374,2026-03-03T22:36:23.564349
ACC_000762,Kotak,True,ENT_00374,2026-02-17T22:36:23.564356
ACC_000763,Kotak,True,ENT_00374,2026-07-11T22:36:23.564362
ACC_000764,Paytm PB,True,ENT_00374,2025-11-09T22:36:23.564367
ACC_000765,ICICI,True,ENT_00374,2026-03-13T22:36:23.564372
ACC_000766,Kotak,True,ENT_00375,2025-09-21T22:36:23.564383
ACC_000767,PNB,True,ENT_00376,2026-02-09T22:36:23.564394
ACC_000768,HDFC,True,ENT_00377,2026-05-03T22:36:23.564403
ACC_000769,PNB,True,ENT_00377,2026-06-03T22:36:23.564409
ACC_000770,SBI,True,ENT_00377,2025-12-04T22:36:23.564414
ACC_000771,ICICI,True,ENT_00378,2025-11-03T22:36:23.564424
ACC_000772,Axis,True,ENT_00379,2025-11-04T22:36:23.564440
ACC_000773,SBI,True,ENT_00379,2025-10-04T22:36:23.564448
ACC_000774,HDFC,True,ENT_00379,2026-07-11T22:36:23.564453
ACC_000775,ICICI,True,ENT_00379,2026-01-22T22:36:23.564458
ACC_000776,Kotak,True,ENT_00379,2025-12-11T22:36:23.564464
ACC_000777,PNB,True,ENT_00380,2026-01-16T22:36:23.564473
ACC_000778,SBI,True,ENT_00381,2026-03-04T22:36:23.564486
ACC_000779,Axis,True,ENT_00382,2025-12-18T22:36:23.564496
ACC_000780,SBI,True,ENT_00383,2025-11-04T22:36:23.564507
ACC_000781,Paytm PB,True,ENT_00384,2026-05-12T22:36:23.564518
ACC_000782,Axis,True,ENT_00385,2025-11-29T22:36:23.564528
ACC_000783,PNB,True,ENT_00386,2026-06-11T22:36:23.564538
ACC_000784,Paytm PB,True,ENT_00386,2026-05-27T22:36:23.564543
ACC_000785,ICICI,True,ENT_00386,2026-05-21T22:36:23.564548
ACC_000786,ICICI,True,ENT_00387,2026-04-20T22:36:23.564557
ACC_000787,Paytm PB,True,ENT_00388,2026-03-21T22:36:23.564567
ACC_000788,ICICI,True,ENT_00389,2026-05-05T22:36:23.564576
ACC_000789,Kotak,True,ENT_00389,2025-11-04T22:36:23.564582
ACC_000790,SBI,True,ENT_00390,2025-09-27T22:36:23.564594
ACC_000791,Paytm PB,True,ENT_00391,2025-11-13T22:36:23.564604
ACC_000792,Paytm PB,True,ENT_00392,2025-09-19T22:36:23.564613
ACC_000793,Paytm PB,True,ENT_00393,2025-10-20T22:36:23.564622
ACC_000794,SBI,True,ENT_00394,2025-09-28T22:36:23.564631
ACC_000795,Kotak,True,ENT_00394,2025-10-08T22:36:23.564637
ACC_000796,ICICI,True,ENT_00394,2025-10-29T22:36:23.564642
ACC_000797,HDFC,True,ENT_00394,2026-07-30T22:36:23.564650
ACC_000798,HDFC,True,ENT_00395,2025-09-19T22:36:23.564661
ACC_000799,PNB,True,ENT_00395,2025-10-22T22:36:23.564666
ACC_000800,Kotak,True,ENT_00396,2026-04-28T22:36:23.564675
ACC_000801,PNB,True,ENT_00396,2025-10-25T22:36:23.564681
ACC_000802,Axis,True,ENT_00396,2025-10-01T22:36:23.564686
ACC_000803,Kotak,True,ENT_00396,2026-07-29T22:36:23.564691
ACC_000804,Axis,True,ENT_00396,2025-09-26T22:36:23.564699
ACC_000805,ICICI,True,ENT_00397,2025-09-19T22:36:23.564709
ACC_000806,Axis,True,ENT_00398,2026-04-10T22:36:23.564719
ACC_000807,PNB,True,ENT_00398,2026-01-18T22:36:23.564724
ACC_000808,ICICI,True,ENT_00398,2025-12-24T22:36:23.564730
ACC_000809,Kotak,True,ENT_00399,2026-07-14T22:36:23.564739
ACC_000810,SBI,True,ENT_00399,2025-12-31T22:36:23.564744
ACC_000811,Axis,True,ENT_00400,2025-12-19T22:36:23.564753
ACC_000812,ICICI,True,ENT_00401,2025-10-07T22:36:23.564766
ACC_000813,ICICI,True,ENT_00402,2026-03-03T22:36:23.564776
ACC_000814,Kotak,True,ENT_00402,2026-02-18T22:36:23.564782
ACC_000815,Axis,True,ENT_00402,2026-06-08T22:36:23.564788
ACC_000816,PNB,True,ENT_00402,2026-02-05T22:36:23.564793
ACC_000817,Paytm PB,True,ENT_00402,2025-10-30T22:36:23.564798
ACC_000818,ICICI,True,ENT_00403,2026-04-12T22:36:23.564807
ACC_000819,Axis,True,ENT_00403,2026-06-12T22:36:23.564812
ACC_000820,ICICI,True,ENT_00403,2025-12-26T22:36:23.564820
ACC_000821,SBI,True,ENT_00403,2026-06-02T22:36:23.564826
ACC_000822,HDFC,True,ENT_00404,2026-03-18T22:36:23.564835
ACC_000823,PNB,True,ENT_00405,2025-10-02T22:36:23.564845
ACC_000824,SBI,True,ENT_00406,2026-05-24T22:36:23.564854
ACC_000825,Paytm PB,True,ENT_00407,2026-03-06T22:36:23.564863
ACC_000826,SBI,True,ENT_00407,2026-05-24T22:36:23.564869
ACC_000827,Axis,True,ENT_00407,2025-11-23T22:36:23.564874
ACC_000828,Axis,True,ENT_00407,2025-12-01T22:36:23.564880
ACC_000829,ICICI,True,ENT_00407,2025-12-02T22:36:23.564885
ACC_000830,HDFC,True,ENT_00408,2026-01-24T22:36:23.564893
ACC_000831,Paytm PB,True,ENT_00408,2025-12-22T22:36:23.564899
ACC_000832,SBI,True,ENT_00408,2026-04-25T22:36:23.564904
ACC_000833,Paytm PB,True,ENT_00408,2026-02-14T22:36:23.564909
ACC_000834,HDFC,True,ENT_00408,2026-07-19T22:36:23.564915
ACC_000835,Axis,True,ENT_00409,2025-10-12T22:36:23.564923
ACC_000836,Kotak,True,ENT_00410,2025-12-16T22:36:23.564937
ACC_000837,Paytm PB,True,ENT_00411,2026-08-09T22:36:23.564946
ACC_000838,Axis,True,ENT_00412,2026-06-06T22:36:23.564956
ACC_000839,ICICI,True,ENT_00412,2026-02-07T22:36:23.564961
ACC_000840,PNB,True,ENT_00412,2026-01-19T22:36:23.564966
ACC_000841,ICICI,True,ENT_00412,2026-07-21T22:36:23.564971
ACC_000842,Axis,True,ENT_00412,2026-07-18T22:36:23.564976
ACC_000843,Paytm PB,True,ENT_00413,2026-05-06T22:36:23.564988
ACC_000844,Paytm PB,True,ENT_00414,2026-03-19T22:36:23.564997
ACC_000845,HDFC,True,ENT_00414,2026-01-28T22:36:23.565003
ACC_000846,Paytm PB,True,ENT_00414,2025-12-26T22:36:23.565009
ACC_000847,PNB,True,ENT_00414,2025-11-05T22:36:23.565014
ACC_000848,ICICI,True,ENT_00414,2025-09-28T22:36:23.565020
ACC_000849,Paytm PB,True,ENT_00415,2026-06-14T22:36:23.565029
ACC_000850,SBI,True,ENT_00415,2026-06-25T22:36:23.565034
ACC_000851,Axis,True,ENT_00415,2026-02-03T22:36:23.565039
ACC_000852,PNB,True,ENT_00415,2026-02-21T22:36:23.565044
ACC_000853,ICICI,True,ENT_00416,2026-06-01T22:36:23.565053
ACC_000854,SBI,True,ENT_00416,2025-10-09T22:36:23.565059
ACC_000855,Paytm PB,True,ENT_00416,2026-01-20T22:36:23.565067
ACC_000856,Paytm PB,True,ENT_00416,2026-07-24T22:36:23.565073
ACC_000857,HDFC,True,ENT_00416,2026-07-25T22:36:23.565078
ACC_000858,Kotak,True,ENT_00417,2026-02-24T22:36:23.565089
ACC_000859,Paytm PB,True,ENT_00418,2025-12-23T22:36:23.565101
ACC_000860,Paytm PB,True,ENT_00419,2025-11-23T22:36:23.565111
ACC_000861,ICICI,True,ENT_00420,2025-10-04T22:36:23.565120
ACC_000862,SBI,True,ENT_00421,2026-01-24T22:36:23.565130
ACC_000863,Kotak,True,ENT_00422,2026-03-13T22:36:23.565139
ACC_000864,ICICI,True,ENT_00423,2025-11-27T22:36:23.565152
ACC_000865,Paytm PB,True,ENT_00424,2025-12-06T22:36:23.565162
ACC_000866,Paytm PB,True,ENT_00425,2026-03-13T22:36:23.565171
ACC_000867,Axis,True,ENT_00425,2026-08-05T22:36:23.565177
ACC_000868,ICICI,True,ENT_00425,2026-02-25T22:36:23.565182
ACC_000869,Kotak,True,ENT_00425,2026-06-18T22:36:23.565187
ACC_000870,Axis,True,ENT_00425,2025-10-19T22:36:23.565192
ACC_000871,PNB,True,ENT_00426,2025-09-25T22:36:23.565201
ACC_000872,HDFC,True,ENT_00426,2025-10-12T22:36:23.565207
ACC_000873,Axis,True,ENT_00426,2026-03-31T22:36:23.565212
ACC_000874,Kotak,True,ENT_00426,2025-10-21T22:36:23.565219
ACC_000875,Paytm PB,True,ENT_00426,2026-04-19T22:36:23.565224
ACC_000876,HDFC,True,ENT_00427,2025-10-19T22:36:23.565234
ACC_000877,Axis,True,ENT_00427,2026-05-18T22:36:23.565240
ACC_000878,Paytm PB,True,ENT_00427,2025-09-25T22:36:23.565245
ACC_000879,Kotak,True,ENT_00427,2025-09-30T22:36:23.565251
ACC_000880,PNB,True,ENT_00427,2026-01-31T22:36:23.565256
ACC_000881,PNB,True,ENT_00428,2026-04-11T22:36:23.565269
ACC_000882,HDFC,True,ENT_00428,2025-10-24T22:36:23.565275
ACC_000883,Kotak,True,ENT_00428,2026-06-18T22:36:23.565280
ACC_000884,SBI,True,ENT_00428,2026-08-04T22:36:23.565285
ACC_000885,Axis,True,ENT_00428,2026-03-06T22:36:23.565290
ACC_000886,SBI,True,ENT_00429,2026-01-14T22:36:23.565299
ACC_000887,Kotak,True,ENT_00429,2026-05-01T22:36:23.565305
ACC_000888,Paytm PB,True,ENT_00430,2025-10-04T22:36:23.565317
ACC_000889,Axis,True,ENT_00430,2026-07-13T22:36:23.565324
ACC_000890,Kotak,True,ENT_00430,2026-06-04T22:36:23.565331
ACC_000891,Paytm PB,True,ENT_00430,2026-04-29T22:36:23.565336
ACC_000892,Paytm PB,True,ENT_00430,2026-02-28T22:36:23.565341
ACC_000893,Axis,True,ENT_00431,2025-11-17T22:36:23.565351
ACC_000894,ICICI,True,ENT_00432,2026-05-17T22:36:23.565360
ACC_000895,Paytm PB,True,ENT_00433,2026-02-19T22:36:23.565369
ACC_000896,ICICI,True,ENT_00434,2025-09-18T22:36:23.565379
ACC_000897,ICICI,True,ENT_00435,2025-10-05T22:36:23.565388
ACC_000898,SBI,True,ENT_00436,2026-04-09T22:36:23.565398
ACC_000899,ICICI,True,ENT_00436,2025-11-01T22:36:23.565403
ACC_000900,ICICI,True,ENT_00436,2026-04-20T22:36:23.565409
ACC_000901,ICICI,True,ENT_00436,2026-03-19T22:36:23.565414
ACC_000902,Kotak,True,ENT_00436,2026-04-29T22:36:23.565419
ACC_000903,Kotak,True,ENT_00437,2025-12-06T22:36:23.565431
ACC_000904,Axis,True,ENT_00438,2026-02-16T22:36:23.565441
ACC_000905,PNB,True,ENT_00439,2026-03-26T22:36:23.565450
ACC_000906,ICICI,True,ENT_00439,2026-06-12T22:36:23.565456
ACC_000907,Paytm PB,True,ENT_00439,2025-11-08T22:36:23.565465
ACC_000908,Axis,True,ENT_00439,2026-01-23T22:36:23.565471
ACC_000909,PNB,True,ENT_00439,2026-02-18T22:36:23.565477
ACC_000910,ICICI,True,ENT_00440,2026-07-23T22:36:23.565491
ACC_000911,Kotak,True,ENT_00441,2026-07-04T22:36:23.565501
ACC_000912,ICICI,True,ENT_00441,2025-12-30T22:36:23.565507
ACC_000913,Kotak,True,ENT_00441,2026-04-04T22:36:23.565512
ACC_000914,Kotak,True,ENT_00441,2025-12-11T22:36:23.565517
ACC_000915,SBI,True,ENT_00441,2026-05-02T22:36:23.565522
ACC_000916,ICICI,True,ENT_00442,2025-10-30T22:36:23.565531
ACC_000917,Kotak,True,ENT_00442,2026-03-27T22:36:23.565537
ACC_000918,SBI,True,ENT_00442,2026-06-19T22:36:23.565542
ACC_000919,Kotak,True,ENT_00443,2025-10-17T22:36:23.565551
ACC_000920,SBI,True,ENT_00443,2026-04-11T22:36:23.565557
ACC_000921,HDFC,True,ENT_00443,2025-11-15T22:36:23.565562
ACC_000922,SBI,True,ENT_00443,2025-09-21T22:36:23.565567
ACC_000923,SBI,True,ENT_00443,2026-07-18T22:36:23.565572
ACC_000924,Axis,True,ENT_00444,2026-02-25T22:36:23.565581
ACC_000925,Kotak,True,ENT_00444,2025-12-15T22:36:23.565587
ACC_000926,HDFC,True,ENT_00444,2026-06-04T22:36:23.565593
ACC_000927,Paytm PB,True,ENT_00445,2026-05-25T22:36:23.565605
ACC_000928,Kotak,True,ENT_00446,2025-12-13T22:36:23.565615
ACC_000929,Kotak,True,ENT_00447,2026-05-03T22:36:23.565625
ACC_000930,PNB,True,ENT_00447,2026-03-19T22:36:23.565630
ACC_000931,ICICI,True,ENT_00447,2026-03-20T22:36:23.565636
ACC_000932,Kotak,True,ENT_00447,2026-07-14T22:36:23.565641
ACC_000933,PNB,True,ENT_00447,2026-06-29T22:36:23.565646
ACC_000934,Paytm PB,True,ENT_00448,2026-04-17T22:36:23.565657
ACC_000935,Kotak,True,ENT_00449,2026-07-25T22:36:23.565668
ACC_000936,SBI,True,ENT_00449,2026-01-12T22:36:23.565674
ACC_000937,PNB,True,ENT_00449,2026-05-15T22:36:23.565679
ACC_000938,HDFC,True,ENT_00449,2026-01-22T22:36:23.565684
ACC_000939,PNB,True,ENT_00449,2025-12-03T22:36:23.565689
ACC_000940,Kotak,True,ENT_00450,2026-03-18T22:36:23.565698
ACC_000941,HDFC,True,ENT_00451,2026-03-14T22:36:23.565707
ACC_000942,Paytm PB,True,ENT_00451,2025-10-09T22:36:23.565713
ACC_000943,HDFC,True,ENT_00451,2026-02-23T22:36:23.565718
ACC_000944,ICICI,True,ENT_00451,2025-12-24T22:36:23.565723
ACC_000945,Paytm PB,True,ENT_00452,2025-11-18T22:36:23.565732
ACC_000946,Axis,True,ENT_00452,2026-06-06T22:36:23.565738
ACC_000947,PNB,True,ENT_00452,2025-11-28T22:36:23.565743
ACC_000948,Axis,True,ENT_00452,2026-03-27T22:36:23.565748
ACC_000949,SBI,True,ENT_00452,2026-06-17T22:36:23.565753
ACC_000950,SBI,True,ENT_00453,2025-12-22T22:36:23.565762
ACC_000951,ICICI,True,ENT_00454,2026-05-10T22:36:23.565777
ACC_000952,HDFC,True,ENT_00454,2026-02-22T22:36:23.565782
ACC_000953,PNB,True,ENT_00454,2026-03-15T22:36:23.565787
ACC_000954,Kotak,True,ENT_00455,2026-05-07T22:36:23.565797
ACC_000955,Paytm PB,True,ENT_00456,2025-09-20T22:36:23.565807
ACC_000956,PNB,True,ENT_00457,2026-01-07T22:36:23.565821
ACC_000957,Paytm PB,True,ENT_00457,2026-02-27T22:36:23.565832
ACC_000958,HDFC,True,ENT_00457,2026-01-20T22:36:23.565837
ACC_000959,HDFC,True,ENT_00458,2026-05-11T22:36:23.565846
ACC_000960,Axis,True,ENT_00459,2026-03-01T22:36:23.565856
ACC_000961,HDFC,True,ENT_00460,2026-04-02T22:36:23.565865
ACC_000962,Axis,True,ENT_00460,2026-04-15T22:36:23.565870
ACC_000963,Axis,True,ENT_00460,2026-03-30T22:36:23.565875
ACC_000964,ICICI,True,ENT_00460,2026-03-12T22:36:23.565881
ACC_000965,Kotak,True,ENT_00461,2025-10-24T22:36:23.565890
ACC_000966,ICICI,True,ENT_00462,2025-09-13T22:36:23.565900
ACC_000967,ICICI,True,ENT_00462,2026-04-15T22:36:23.565905
ACC_000968,HDFC,True,ENT_00462,2026-06-14T22:36:23.565910
ACC_000969,Axis,True,ENT_00462,2026-03-09T22:36:23.565915
ACC_000970,Axis,True,ENT_00463,2025-11-29T22:36:23.565924
ACC_000971,Kotak,True,ENT_00463,2026-03-07T22:36:23.565930
ACC_000972,Kotak,True,ENT_00463,2026-06-14T22:36:23.565938
ACC_000973,Kotak,True,ENT_00463,2026-03-15T22:36:23.565944
ACC_000974,ICICI,True,ENT_00463,2025-10-03T22:36:23.565949
ACC_000975,SBI,True,ENT_00464,2026-06-06T22:36:23.565958
ACC_000976,Axis,True,ENT_00464,2026-05-27T22:36:23.565964
ACC_000977,Kotak,True,ENT_00465,2025-10-07T22:36:23.565973
ACC_000978,ICICI,True,ENT_00465,2026-01-13T22:36:23.565978
ACC_000979,Kotak,True,ENT_00465,2025-11-05T22:36:23.565984
ACC_000980,Axis,True,ENT_00465,2025-11-11T22:36:23.565989
ACC_000981,PNB,True,ENT_00465,2026-04-24T22:36:23.565997
ACC_000982,Kotak,True,ENT_00466,2025-10-12T22:36:23.566007
ACC_000983,PNB,True,ENT_00466,2026-07-03T22:36:23.566013
ACC_000984,Paytm PB,True,ENT_00466,2025-12-28T22:36:23.566018
ACC_000985,Paytm PB,True,ENT_00466,2026-02-09T22:36:23.566023
ACC_000986,Paytm PB,True,ENT_00467,2026-06-17T22:36:23.566032
ACC_000987,PNB,True,ENT_00468,2025-11-06T22:36:23.566042
ACC_000988,SBI,True,ENT_00469,2025-10-24T22:36:23.566051
ACC_000989,Paytm PB,True,ENT_00469,2026-05-29T22:36:23.566057
ACC_000990,SBI,True,ENT_00469,2026-02-27T22:36:23.566062
ACC_000991,PNB,True,ENT_00469,2025-11-20T22:36:23.566067
ACC_000992,Axis,True,ENT_00469,2026-06-15T22:36:23.566072
ACC_000993,SBI,True,ENT_00470,2025-10-19T22:36:23.566081
ACC_000994,Axis,True,ENT_00470,2026-06-28T22:36:23.566086
ACC_000995,Paytm PB,True,ENT_00470,2025-12-28T22:36:23.566091
ACC_000996,PNB,True,ENT_00470,2026-07-16T22:36:23.566097
ACC_000997,Axis,True,ENT_00470,2026-06-07T22:36:23.566105
ACC_000998,Axis,True,ENT_00471,2025-12-23T22:36:23.566114
ACC_000999,HDFC,True,ENT_00472,2025-10-31T22:36:23.566123
ACC_001000,Kotak,True,ENT_00473,2026-03-09T22:36:23.566132
ACC_001001,Kotak,True,ENT_00473,2026-08-02T22:36:23.566138
ACC_001002,Axis,True,ENT_00473,2026-04-05T22:36:23.566143
ACC_001003,PNB,True,ENT_00473,2026-08-12T22:36:23.566148
ACC_001004,Kotak,True,ENT_00473,2026-04-24T22:36:23.566153
ACC_001005,HDFC,True,ENT_00474,2026-07-21T22:36:23.566165
ACC_001006,ICICI,True,ENT_00475,2026-07-12T22:36:23.566175
ACC_001007,Paytm PB,True,ENT_00475,2026-07-14T22:36:23.566181
ACC_001008,HDFC,True,ENT_00475,2025-12-15T22:36:23.566189
ACC_001009,ICICI,True,ENT_00476,2026-01-16T22:36:23.566199
ACC_001010,SBI,True,ENT_00476,2026-06-05T22:36:23.566204
ACC_001011,PNB,True,ENT_00476,2025-09-19T22:36:23.566210
ACC_001012,Kotak,True,ENT_00477,2026-01-10T22:36:23.566218
ACC_001013,ICICI,True,ENT_00477,2026-01-30T22:36:23.566224
ACC_001014,Axis,True,ENT_00477,2026-02-01T22:36:23.566230
ACC_001015,Axis,True,ENT_00477,2026-07-03T22:36:23.566236
ACC_001016,Kotak,True,ENT_00477,2025-11-10T22:36:23.566240
ACC_001017,Kotak,True,ENT_00478,2026-02-16T22:36:23.566250
ACC_001018,HDFC,True,ENT_00478,2026-05-14T22:36:23.566255
ACC_001019,Paytm PB,True,ENT_00478,2026-01-24T22:36:23.566261
ACC_001020,Paytm PB,True,ENT_00478,2026-06-09T22:36:23.566266
ACC_001021,Kotak,True,ENT_00478,2026-04-21T22:36:23.566275
ACC_001022,PNB,True,ENT_00479,2026-08-02T22:36:23.566286
ACC_001023,ICICI,True,ENT_00479,2025-12-19T22:36:23.566292
ACC_001024,Kotak,True,ENT_00479,2025-11-08T22:36:23.566297
ACC_001025,Axis,True,ENT_00479,2025-11-14T22:36:23.566303
ACC_001026,Axis,True,ENT_00479,2026-04-18T22:36:23.566307
ACC_001027,Axis,True,ENT_00480,2026-02-17T22:36:23.566317
ACC_001028,ICICI,True,ENT_00481,2026-05-09T22:36:23.566329
ACC_001029,Kotak,True,ENT_00481,2026-06-17T22:36:23.566335
ACC_001030,HDFC,True,ENT_00481,2026-01-11T22:36:23.566341
ACC_001031,Paytm PB,True,ENT_00481,2026-08-05T22:36:23.566346
ACC_001032,SBI,True,ENT_00482,2026-07-10T22:36:23.566356
ACC_001033,Paytm PB,True,ENT_00483,2026-07-27T22:36:23.566365
ACC_001034,Paytm PB,True,ENT_00484,2026-07-20T22:36:23.566375
ACC_001035,Kotak,True,ENT_00485,2026-07-22T22:36:23.566384
ACC_001036,Axis,True,ENT_00486,2026-04-16T22:36:23.566393
ACC_001037,Paytm PB,True,ENT_00486,2026-04-24T22:36:23.566398
ACC_001038,PNB,True,ENT_00486,2026-07-16T22:36:23.566403
ACC_001039,SBI,True,ENT_00486,2025-11-29T22:36:23.566408
ACC_001040,ICICI,True,ENT_00486,2026-04-16T22:36:23.566414
ACC_001041,Paytm PB,True,ENT_00487,2025-10-11T22:36:23.566423
ACC_001042,PNB,True,ENT_00487,2026-03-02T22:36:23.566428
ACC_001043,SBI,True,ENT_00487,2026-03-12T22:36:23.566433
ACC_001044,SBI,True,ENT_00487,2025-11-20T22:36:23.566439
ACC_001045,SBI,True,ENT_00487,2026-01-14T22:36:23.566448
ACC_001046,ICICI,True,ENT_00488,2026-07-13T22:36:23.566457
ACC_001047,Kotak,True,ENT_00489,2026-01-07T22:36:23.566467
ACC_001048,Paytm PB,True,ENT_00489,2025-12-03T22:36:23.566473
ACC_001049,HDFC,True,ENT_00489,2026-02-18T22:36:23.566478
ACC_001050,Kotak,True,ENT_00489,2026-01-30T22:36:23.566483
ACC_001051,Kotak,True,ENT_00490,2026-01-12T22:36:23.566495
ACC_001052,SBI,True,ENT_00491,2026-03-13T22:36:23.566505
ACC_001053,Axis,True,ENT_00491,2026-05-11T22:36:23.566511
ACC_001054,SBI,True,ENT_00492,2026-04-20T22:36:23.566519
ACC_001055,PNB,True,ENT_00493,2026-06-01T22:36:23.566529
ACC_001056,PNB,True,ENT_00493,2025-12-19T22:36:23.566534
ACC_001057,HDFC,True,ENT_00493,2025-10-30T22:36:23.566539
ACC_001058,Axis,True,ENT_00493,2026-01-12T22:36:23.566545
ACC_001059,Axis,True,ENT_00494,2026-04-11T22:36:23.566567
ACC_001060,SBI,True,ENT_00495,2026-02-25T22:36:23.566580
ACC_001061,Kotak,True,ENT_00495,2026-07-04T22:36:23.566586
ACC_001062,Axis,True,ENT_00495,2026-02-05T22:36:23.566591
ACC_001063,Paytm PB,True,ENT_00496,2026-05-08T22:36:23.566600
ACC_001064,HDFC,True,ENT_00496,2026-03-29T22:36:23.566605
ACC_001065,Axis,True,ENT_00496,2025-10-08T22:36:23.566611
ACC_001066,Paytm PB,True,ENT_00496,2026-07-24T22:36:23.566616
ACC_001067,PNB,True,ENT_00496,2026-07-07T22:36:23.566624
ACC_001068,PNB,True,ENT_00497,2025-10-17T22:36:23.566634
ACC_001069,Axis,True,ENT_00498,2026-04-29T22:36:23.566643
ACC_001070,ICICI,True,ENT_00499,2026-08-06T22:36:23.566653
ACC_001071,SBI,True,ENT_00499,2026-05-08T22:36:23.566658
ACC_001072,Kotak,True,ENT_00499,2026-06-14T22:36:23.566664
ACC_001073,Kotak,True,ENT_00499,2025-12-11T22:36:23.566669
ACC_001074,SBI,True,ENT_00499,2025-10-08T22:36:23.566677
ACC_001075,Axis,True,ENT_00500,2026-04-13T22:36:23.566687
ACC_001076,Paytm PB,True,ENT_00500,2026-03-02T22:36:23.566693
ACC_001077,PNB,True,ENT_00500,2026-03-22T22:36:23.566698
ACC_001078,Axis,True,ENT_00500,2025-12-18T22:36:23.566703
ACC_001079,Paytm PB,True,ENT_00500,2025-09-15T22:36:23.566708
ACC_001080,ICICI,True,ENT_00501,2026-04-02T22:36:23.566717
ACC_001081,Paytm PB,True,ENT_00502,2025-12-02T22:36:23.566726
ACC_001082,Axis,True,ENT_00502,2026-06-24T22:36:23.566732
ACC_001083,PNB,True,ENT_00502,2025-12-16T22:36:23.566737
ACC_001084,SBI,True,ENT_00503,2026-02-05T22:36:23.566747
ACC_001085,ICICI,True,ENT_00503,2026-01-14T22:36:23.566752
ACC_001086,HDFC,True,ENT_00503,2025-10-29T22:36:23.566757
ACC_001087,PNB,True,ENT_00503,2026-04-22T22:36:23.566763
ACC_001088,Kotak,True,ENT_00503,2026-05-31T22:36:23.566768
ACC_001089,ICICI,True,ENT_00504,2025-11-03T22:36:23.566777
ACC_001090,Paytm PB,True,ENT_00504,2025-10-21T22:36:23.566783
ACC_001091,Kotak,True,ENT_00504,2026-01-12T22:36:23.566791
ACC_001092,ICICI,True,ENT_00504,2026-05-27T22:36:23.566796
ACC_001093,SBI,True,ENT_00504,2026-02-26T22:36:23.566801
ACC_001094,Axis,True,ENT_00505,2025-10-26T22:36:23.566811
ACC_001095,PNB,True,ENT_00505,2026-04-10T22:36:23.566816
ACC_001096,Axis,True,ENT_00505,2025-11-05T22:36:23.566822
ACC_001097,Kotak,True,ENT_00505,2026-02-22T22:36:23.566827
ACC_001098,ICICI,True,ENT_00505,2025-12-06T22:36:23.566832
ACC_001099,Axis,True,ENT_00506,2026-05-19T22:36:23.566846
ACC_001100,SBI,True,ENT_00507,2026-06-03T22:36:23.566856
ACC_001101,Kotak,True,ENT_00507,2025-11-07T22:36:23.566862
ACC_001102,Axis,True,ENT_00507,2026-05-11T22:36:23.566868
ACC_001103,Paytm PB,True,ENT_00507,2025-09-19T22:36:23.566873
ACC_001104,HDFC,True,ENT_00507,2025-11-18T22:36:23.566879
ACC_001105,PNB,True,ENT_00508,2026-07-06T22:36:23.566887
ACC_001106,PNB,True,ENT_00509,2026-08-10T22:36:23.566897
ACC_001107,Axis,True,ENT_00509,2026-06-04T22:36:23.566903
ACC_001108,PNB,True,ENT_00509,2025-09-25T22:36:23.566908
ACC_001109,SBI,True,ENT_00509,2026-07-10T22:36:23.566913
ACC_001110,HDFC,True,ENT_00510,2026-04-24T22:36:23.566926
ACC_001111,ICICI,True,ENT_00511,2026-07-14T22:36:23.566937
ACC_001112,Kotak,True,ENT_00512,2025-12-07T22:36:23.566948
ACC_001113,HDFC,True,ENT_00513,2025-11-14T22:36:23.566957
ACC_001114,HDFC,True,ENT_00514,2026-08-05T22:36:23.566971
ACC_001115,Paytm PB,True,ENT_00515,2026-03-20T22:36:23.566982
ACC_001116,Paytm PB,True,ENT_00516,2026-01-05T22:36:23.566991
ACC_001117,PNB,True,ENT_00516,2026-05-14T22:36:23.566997
ACC_001118,HDFC,True,ENT_00516,2026-06-25T22:36:23.567002
ACC_001119,SBI,True,ENT_00517,2026-05-07T22:36:23.567011
ACC_001120,Paytm PB,True,ENT_00517,2025-11-17T22:36:23.567020
ACC_001121,ICICI,True,ENT_00517,2026-02-13T22:36:23.567026
ACC_001122,ICICI,True,ENT_00517,2026-01-22T22:36:23.567032
ACC_001123,HDFC,True,ENT_00517,2026-02-03T22:36:23.567037
ACC_001124,Axis,True,ENT_00518,2025-10-28T22:36:23.567046
ACC_001125,SBI,True,ENT_00518,2026-04-20T22:36:23.567052
ACC_001126,Kotak,True,ENT_00519,2026-07-03T22:36:23.567061
ACC_001127,HDFC,True,ENT_00520,2026-01-18T22:36:23.567071
ACC_001128,Axis,True,ENT_00521,2025-11-04T22:36:23.567081
ACC_001129,Axis,True,ENT_00521,2026-07-16T22:36:23.567087
ACC_001130,Kotak,True,ENT_00522,2026-05-18T22:36:23.567096
ACC_001131,Axis,True,ENT_00523,2026-01-03T22:36:23.567106
ACC_001132,Paytm PB,True,ENT_00524,2026-06-26T22:36:23.567115
ACC_001133,SBI,True,ENT_00525,2026-04-27T22:36:23.567125
ACC_001134,ICICI,True,ENT_00526,2026-07-21T22:36:23.567139
ACC_001135,HDFC,True,ENT_00526,2026-03-23T22:36:23.567145
ACC_001136,SBI,True,ENT_00527,2026-03-05T22:36:23.567153
ACC_001137,HDFC,True,ENT_00527,2026-04-29T22:36:23.567159
ACC_001138,Paytm PB,True,ENT_00527,2026-06-01T22:36:23.567164
ACC_001139,PNB,True,ENT_00527,2026-01-22T22:36:23.567170
ACC_001140,HDFC,True,ENT_00527,2026-03-13T22:36:23.567175
ACC_001141,Paytm PB,True,ENT_00528,2026-04-12T22:36:23.567186
ACC_001142,Kotak,True,ENT_00529,2025-11-10T22:36:23.567197
ACC_001143,Axis,True,ENT_00530,2026-06-03T22:36:23.567206
ACC_001144,Paytm PB,True,ENT_00531,2026-02-17T22:36:23.567216
ACC_001145,HDFC,True,ENT_00532,2026-01-02T22:36:23.567225
ACC_001146,PNB,True,ENT_00533,2026-07-06T22:36:23.567234
ACC_001147,ICICI,True,ENT_00533,2025-10-08T22:36:23.567240
ACC_001148,PNB,True,ENT_00534,2026-02-27T22:36:23.567249
ACC_001149,HDFC,True,ENT_00534,2025-09-23T22:36:23.567254
ACC_001150,PNB,True,ENT_00535,2025-12-26T22:36:23.567263
ACC_001151,SBI,True,ENT_00536,2026-02-12T22:36:23.567273
ACC_001152,Axis,True,ENT_00537,2026-05-10T22:36:23.567282
ACC_001153,Kotak,True,ENT_00537,2025-10-18T22:36:23.567291
ACC_001154,Kotak,True,ENT_00537,2026-01-31T22:36:23.567300
ACC_001155,HDFC,True,ENT_00537,2025-10-01T22:36:23.567305
ACC_001156,ICICI,True,ENT_00537,2026-04-09T22:36:23.567310
ACC_001157,HDFC,True,ENT_00538,2026-03-29T22:36:23.567320
ACC_001158,SBI,True,ENT_00538,2026-01-31T22:36:23.567325
ACC_001159,Kotak,True,ENT_00538,2025-09-23T22:36:23.567330
ACC_001160,SBI,True,ENT_00538,2026-01-26T22:36:23.567335
ACC_001161,ICICI,True,ENT_00538,2026-02-10T22:36:23.567343
ACC_001162,HDFC,True,ENT_00539,2026-08-11T22:36:23.567356
ACC_001163,Axis,True,ENT_00540,2026-02-10T22:36:23.567365
ACC_001164,PNB,True,ENT_00540,2026-03-28T22:36:23.567371
ACC_001165,HDFC,True,ENT_00540,2026-06-07T22:36:23.567376
ACC_001166,SBI,True,ENT_00541,2026-01-05T22:36:23.567385
ACC_001167,Axis,True,ENT_00541,2025-11-01T22:36:23.567390
ACC_001168,HDFC,True,ENT_00542,2026-07-31T22:36:23.567399
ACC_001169,ICICI,True,ENT_00543,2025-11-03T22:36:23.567408
ACC_001170,Paytm PB,True,ENT_00544,2025-10-11T22:36:23.567417
ACC_001171,PNB,True,ENT_00545,2026-01-28T22:36:23.567427
ACC_001172,ICICI,True,ENT_00546,2026-01-14T22:36:23.567436
ACC_001173,Axis,True,ENT_00546,2026-07-01T22:36:23.567442
ACC_001174,Kotak,True,ENT_00546,2025-10-31T22:36:23.567447
ACC_001175,SBI,True,ENT_00546,2025-10-25T22:36:23.567452
ACC_001176,Paytm PB,True,ENT_00546,2026-05-19T22:36:23.567461
ACC_001177,SBI,True,ENT_00547,2026-06-03T22:36:23.567470
ACC_001178,ICICI,True,ENT_00548,2026-03-29T22:36:23.567479
ACC_001179,Axis,True,ENT_00548,2026-05-31T22:36:23.567484
ACC_001180,HDFC,True,ENT_00548,2026-05-20T22:36:23.567489
ACC_001181,Axis,True,ENT_00548,2026-03-25T22:36:23.567494
ACC_001182,Axis,True,ENT_00548,2026-03-13T22:36:23.567499
ACC_001183,PNB,True,ENT_00549,2026-07-05T22:36:23.567508
ACC_001184,ICICI,True,ENT_00549,2026-04-07T22:36:23.567517
ACC_001185,Kotak,True,ENT_00550,2025-09-27T22:36:23.567526
ACC_001186,Axis,True,ENT_00550,2025-10-13T22:36:23.567532
ACC_001187,Paytm PB,True,ENT_00550,2026-05-05T22:36:23.567537
ACC_001188,Axis,True,ENT_00550,2026-06-20T22:36:23.567542
ACC_001189,SBI,True,ENT_00550,2026-03-11T22:36:23.567547
ACC_001190,Axis,True,ENT_00551,2026-02-24T22:36:23.567556
ACC_001191,PNB,True,ENT_00552,2026-02-26T22:36:23.567565
ACC_001192,Axis,True,ENT_00552,2026-02-23T22:36:23.567571
ACC_001193,Axis,True,ENT_00552,2025-09-14T22:36:23.567576
ACC_001194,Paytm PB,True,ENT_00552,2026-06-05T22:36:23.567581
ACC_001195,ICICI,True,ENT_00552,2026-03-02T22:36:23.567587
ACC_001196,Axis,True,ENT_00553,2026-03-06T22:36:23.567603
ACC_001197,SBI,True,ENT_00553,2026-01-22T22:36:23.567609
ACC_001198,ICICI,True,ENT_00553,2026-03-17T22:36:23.567614
ACC_001199,Paytm PB,True,ENT_00554,2026-04-11T22:36:23.567623
ACC_001200,ICICI,True,ENT_00554,2026-02-02T22:36:23.567632
ACC_001201,ICICI,True,ENT_00554,2026-01-24T22:36:23.567638
ACC_001202,ICICI,True,ENT_00554,2026-06-16T22:36:23.567643
ACC_001203,Paytm PB,True,ENT_00554,2026-05-03T22:36:23.567648
ACC_001204,Kotak,True,ENT_00555,2025-11-05T22:36:23.567657
ACC_001205,Kotak,True,ENT_00556,2025-12-20T22:36:23.567667
ACC_001206,Kotak,True,ENT_00556,2026-04-28T22:36:23.567673
ACC_001207,Axis,True,ENT_00556,2026-03-17T22:36:23.567678
ACC_001208,PNB,True,ENT_00556,2026-07-09T22:36:23.567683
ACC_001209,PNB,True,ENT_00556,2026-01-16T22:36:23.567691
ACC_001210,SBI,True,ENT_00557,2025-09-23T22:36:23.567701
ACC_001211,ICICI,True,ENT_00557,2026-04-12T22:36:23.567707
ACC_001212,ICICI,True,ENT_00557,2026-05-27T22:36:23.567714
ACC_001213,Kotak,True,ENT_00557,2026-01-09T22:36:23.567720
ACC_001214,PNB,True,ENT_00557,2026-02-01T22:36:23.567725
ACC_001215,Axis,True,ENT_00558,2025-10-11T22:36:23.567736
ACC_001216,Paytm PB,True,ENT_00559,2026-01-20T22:36:23.567746
ACC_001217,Paytm PB,True,ENT_00559,2025-11-27T22:36:23.567752
ACC_001218,Paytm PB,True,ENT_00560,2026-07-26T22:36:23.567761
ACC_001219,Kotak,True,ENT_00561,2025-11-12T22:36:23.567770
ACC_001220,HDFC,True,ENT_00562,2026-04-08T22:36:23.567780
ACC_001221,Kotak,True,ENT_00562,2026-02-13T22:36:23.567785
ACC_001222,SBI,True,ENT_00562,2025-09-16T22:36:23.567791
ACC_001223,Paytm PB,True,ENT_00562,2026-07-22T22:36:23.567796
ACC_001224,Paytm PB,True,ENT_00562,2025-09-17T22:36:23.567804
ACC_001225,PNB,True,ENT_00563,2026-02-25T22:36:23.567814
ACC_001226,PNB,True,ENT_00563,2026-01-05T22:36:23.567820
ACC_001227,HDFC,True,ENT_00563,2026-08-08T22:36:23.567825
ACC_001228,ICICI,True,ENT_00564,2026-04-22T22:36:23.567835
ACC_001229,Paytm PB,True,ENT_00564,2025-11-21T22:36:23.567840
ACC_001230,Paytm PB,True,ENT_00564,2025-10-20T22:36:23.567846
ACC_001231,Kotak,True,ENT_00564,2025-10-23T22:36:23.567851
ACC_001232,SBI,True,ENT_00564,2025-12-28T22:36:23.567859
ACC_001233,Axis,True,ENT_00565,2025-12-19T22:36:23.567868
ACC_001234,PNB,True,ENT_00565,2025-10-16T22:36:23.567874
ACC_001235,Kotak,True,ENT_00565,2025-11-30T22:36:23.567879
ACC_001236,SBI,True,ENT_00565,2026-02-18T22:36:23.567885
ACC_001237,HDFC,True,ENT_00565,2025-12-09T22:36:23.567890
ACC_001238,ICICI,True,ENT_00566,2026-01-13T22:36:23.567899
ACC_001239,HDFC,True,ENT_00567,2026-06-02T22:36:23.567908
ACC_001240,ICICI,True,ENT_00568,2026-02-19T22:36:23.567917
ACC_001241,PNB,True,ENT_00569,2026-04-30T22:36:23.567926
ACC_001242,Paytm PB,True,ENT_00569,2025-12-09T22:36:23.567931
ACC_001243,Axis,True,ENT_00570,2026-06-25T22:36:23.567940
ACC_001244,Kotak,True,ENT_00571,2025-12-25T22:36:23.567949
ACC_001245,HDFC,True,ENT_00572,2026-03-13T22:36:23.567962
ACC_001246,HDFC,True,ENT_00572,2026-06-16T22:36:23.567968
ACC_001247,HDFC,True,ENT_00572,2026-02-19T22:36:23.567973
ACC_001248,Kotak,True,ENT_00573,2026-05-21T22:36:23.567982
ACC_001249,Paytm PB,True,ENT_00574,2026-05-16T22:36:23.567992
ACC_001250,ICICI,True,ENT_00575,2025-10-31T22:36:23.568001
ACC_001251,Axis,True,ENT_00576,2026-04-17T22:36:23.568010
ACC_001252,Kotak,True,ENT_00577,2026-05-11T22:36:23.568023
ACC_001253,Kotak,True,ENT_00578,2026-01-04T22:36:23.568032
ACC_001254,HDFC,True,ENT_00579,2025-10-03T22:36:23.568042
ACC_001255,SBI,True,ENT_00579,2025-12-26T22:36:23.568048
ACC_001256,Axis,True,ENT_00580,2026-08-11T22:36:23.568056
ACC_001257,Kotak,True,ENT_00580,2026-04-26T22:36:23.568062
ACC_001258,ICICI,True,ENT_00581,2026-07-12T22:36:23.568070
ACC_001259,PNB,True,ENT_00582,2025-11-12T22:36:23.568079
ACC_001260,ICICI,True,ENT_00583,2026-02-28T22:36:23.568089
ACC_001261,Axis,True,ENT_00584,2026-06-16T22:36:23.568098
ACC_001262,ICICI,True,ENT_00584,2025-12-06T22:36:23.568104
ACC_001263,Paytm PB,True,ENT_00584,2025-09-20T22:36:23.568112
ACC_001264,ICICI,True,ENT_00584,2025-10-12T22:36:23.568118
ACC_001265,Axis,True,ENT_00584,2025-10-05T22:36:23.568126
ACC_001266,Paytm PB,True,ENT_00585,2026-06-16T22:36:23.568135
ACC_001267,ICICI,True,ENT_00585,2026-02-14T22:36:23.568140
ACC_001268,PNB,True,ENT_00585,2025-12-22T22:36:23.568145
ACC_001269,Paytm PB,True,ENT_00585,2026-05-17T22:36:23.568150
ACC_001270,Paytm PB,True,ENT_00586,2025-10-15T22:36:23.568159
ACC_001271,HDFC,True,ENT_00586,2026-06-06T22:36:23.568165
ACC_001272,ICICI,True,ENT_00586,2026-06-14T22:36:23.568171
ACC_001273,SBI,True,ENT_00586,2026-03-10T22:36:23.568176
ACC_001274,HDFC,True,ENT_00586,2026-05-12T22:36:23.568183
ACC_001275,Kotak,True,ENT_00587,2026-06-02T22:36:23.568193
ACC_001276,Paytm PB,True,ENT_00587,2026-01-27T22:36:23.568199
ACC_001277,Paytm PB,True,ENT_00588,2026-06-04T22:36:23.568207
ACC_001278,Paytm PB,True,ENT_00588,2026-01-29T22:36:23.568212
ACC_001279,Axis,True,ENT_00588,2026-05-10T22:36:23.568218
ACC_001280,Axis,True,ENT_00588,2025-09-22T22:36:23.568223
ACC_001281,Paytm PB,True,ENT_00588,2025-09-17T22:36:23.568228
ACC_001282,Paytm PB,True,ENT_00589,2026-05-20T22:36:23.568237
ACC_001283,ICICI,True,ENT_00590,2026-06-03T22:36:23.568246
ACC_001284,ICICI,True,ENT_00591,2025-12-26T22:36:23.568255
ACC_001285,PNB,True,ENT_00592,2026-02-11T22:36:23.568264
ACC_001286,Axis,True,ENT_00593,2026-06-05T22:36:23.568276
ACC_001287,SBI,True,ENT_00593,2026-01-29T22:36:23.568282
ACC_001288,Paytm PB,True,ENT_00593,2025-11-28T22:36:23.568290
ACC_001289,Kotak,True,ENT_00593,2025-12-03T22:36:23.568296
ACC_001290,Axis,True,ENT_00593,2025-12-05T22:36:23.568301
ACC_001291,Kotak,True,ENT_00594,2025-12-29T22:36:23.568310
ACC_001292,Axis,True,ENT_00594,2026-05-20T22:36:23.568316
ACC_001293,HDFC,True,ENT_00594,2025-10-28T22:36:23.568321
ACC_001294,HDFC,True,ENT_00594,2026-04-23T22:36:23.568326
ACC_001295,ICICI,True,ENT_00594,2026-07-28T22:36:23.568331
ACC_001296,SBI,True,ENT_00595,2025-11-11T22:36:23.568340
ACC_001297,ICICI,True,ENT_00595,2026-05-19T22:36:23.568349
ACC_001298,Paytm PB,True,ENT_00596,2025-12-03T22:36:23.568359
ACC_001299,Paytm PB,True,ENT_00596,2025-11-25T22:36:23.568364
ACC_001300,HDFC,True,ENT_00596,2025-10-24T22:36:23.568370
ACC_001301,HDFC,True,ENT_00596,2026-03-29T22:36:23.568375
ACC_001302,PNB,True,ENT_00596,2025-11-08T22:36:23.568380
ACC_001303,Paytm PB,True,ENT_00597,2026-07-23T22:36:23.568389
ACC_001304,Paytm PB,True,ENT_00598,2026-04-24T22:36:23.568398
ACC_001305,Axis,True,ENT_00598,2026-06-22T22:36:23.568405
ACC_001306,Kotak,True,ENT_00598,2025-09-13T22:36:23.568410
ACC_001307,PNB,True,ENT_00598,2026-04-09T22:36:23.568415
ACC_001308,ICICI,True,ENT_00598,2026-07-28T22:36:23.568420
ACC_001309,ICICI,True,ENT_00599,2026-02-16T22:36:23.568429
ACC_001310,PNB,True,ENT_00599,2026-06-30T22:36:23.568435
ACC_001311,Axis,True,ENT_00599,2026-06-14T22:36:23.568440
ACC_001312,PNB,True,ENT_00599,2026-04-14T22:36:23.568445
ACC_001313,SBI,True,ENT_00599,2025-10-16T22:36:23.568450
ACC_001314,PNB,True,ENT_00600,2025-10-05T22:36:23.568467
ACC_001315,Kotak,True,ENT_00600,2026-01-06T22:36:23.568475
ACC_001316,Paytm PB,True,ENT_00601,2026-06-03T22:36:23.568486
ACC_001317,PNB,True,ENT_00602,2026-04-30T22:36:23.568497
ACC_001318,Paytm PB,True,ENT_00603,2026-02-15T22:36:23.568508
ACC_001319,Paytm PB,True,ENT_00604,2025-11-11T22:36:23.568519
ACC_001320,ICICI,True,ENT_00605,2026-03-17T22:36:23.568532
ACC_001321,Paytm PB,True,ENT_00606,2026-03-30T22:36:23.568544
ACC_001322,PNB,True,ENT_00606,2025-11-23T22:36:23.568550
ACC_001323,Kotak,True,ENT_00606,2026-06-26T22:36:23.568555
ACC_001324,PNB,True,ENT_00607,2026-01-15T22:36:23.568564
ACC_001325,HDFC,True,ENT_00607,2026-03-25T22:36:23.568570
ACC_001326,PNB,True,ENT_00607,2025-09-12T22:36:23.568575
ACC_001327,Kotak,True,ENT_00608,2026-06-07T22:36:23.568584
ACC_001328,SBI,True,ENT_00609,2026-03-02T22:36:23.568594
ACC_001329,PNB,True,ENT_00609,2026-04-09T22:36:23.568600
ACC_001330,Axis,True,ENT_00610,2026-06-02T22:36:23.568609
ACC_001331,Kotak,True,ENT_00611,2026-01-13T22:36:23.568618
ACC_001332,Axis,True,ENT_00612,2026-07-06T22:36:23.568631
ACC_001333,Kotak,True,ENT_00612,2026-06-27T22:36:23.568637
ACC_001334,Paytm PB,True,ENT_00613,2026-03-24T22:36:23.568646
ACC_001335,Kotak,True,ENT_00613,2026-02-06T22:36:23.568652
ACC_001336,Axis,True,ENT_00613,2025-12-07T22:36:23.568657
ACC_001337,ICICI,True,ENT_00613,2025-10-20T22:36:23.568663
ACC_001338,HDFC,True,ENT_00613,2026-06-27T22:36:23.568668
ACC_001339,Kotak,True,ENT_00614,2026-02-11T22:36:23.568677
ACC_001340,PNB,True,ENT_00615,2025-11-13T22:36:23.568687
ACC_001341,SBI,True,ENT_00616,2026-01-06T22:36:23.568700
ACC_001342,Axis,True,ENT_00617,2026-03-29T22:36:23.568710
ACC_001343,PNB,True,ENT_00618,2026-03-21T22:36:23.568719
ACC_001344,ICICI,True,ENT_00618,2025-11-06T22:36:23.568724
ACC_001345,Paytm PB,True,ENT_00619,2025-12-08T22:36:23.568733
ACC_001346,Kotak,True,ENT_00620,2026-07-20T22:36:23.568742
ACC_001347,HDFC,True,ENT_00620,2026-06-24T22:36:23.568748
ACC_001348,Kotak,True,ENT_00620,2025-12-21T22:36:23.568753
ACC_001349,HDFC,True,ENT_00620,2026-06-11T22:36:23.568758
ACC_001350,PNB,True,ENT_00620,2026-05-25T22:36:23.568763
ACC_001351,Axis,True,ENT_00621,2026-08-13T22:36:23.568772
ACC_001352,SBI,True,ENT_00622,2026-06-07T22:36:23.568781
ACC_001353,Kotak,True,ENT_00622,2026-03-12T22:36:23.568787
ACC_001354,SBI,True,ENT_00622,2026-03-26T22:36:23.568796
ACC_001355,HDFC,True,ENT_00622,2025-09-12T22:36:23.568801
ACC_001356,ICICI,True,ENT_00623,2026-07-02T22:36:23.568810
ACC_001357,Kotak,True,ENT_00624,2025-09-15T22:36:23.568820
ACC_001358,HDFC,True,ENT_00625,2026-01-23T22:36:23.568829
ACC_001359,Kotak,True,ENT_00626,2026-04-16T22:36:23.568838
ACC_001360,Axis,True,ENT_00626,2025-09-12T22:36:23.568844
ACC_001361,HDFC,True,ENT_00626,2026-06-26T22:36:23.568849
ACC_001362,HDFC,True,ENT_00626,2026-04-26T22:36:23.568858
ACC_001363,HDFC,True,ENT_00627,2026-06-07T22:36:23.568867
ACC_001364,Paytm PB,True,ENT_00627,2026-04-20T22:36:23.568872
ACC_001365,HDFC,True,ENT_00628,2026-08-09T22:36:23.568884
ACC_001366,Kotak,True,ENT_00628,2026-02-19T22:36:23.568890
ACC_001367,PNB,True,ENT_00628,2026-06-13T22:36:23.568895
ACC_001368,PNB,True,ENT_00628,2026-01-09T22:36:23.568901
ACC_001369,Kotak,True,ENT_00628,2026-06-07T22:36:23.568905
ACC_001370,HDFC,True,ENT_00629,2026-04-18T22:36:23.568914
ACC_001371,Axis,True,ENT_00629,2026-06-29T22:36:23.568920
ACC_001372,Kotak,True,ENT_00629,2026-06-22T22:36:23.568925
ACC_001373,HDFC,True,ENT_00629,2026-03-06T22:36:23.568930
ACC_001374,ICICI,True,ENT_00629,2026-03-13T22:36:23.568935
ACC_001375,Axis,True,ENT_00630,2026-06-06T22:36:23.568944
ACC_001376,HDFC,True,ENT_00631,2025-11-15T22:36:23.568953
ACC_001377,Paytm PB,True,ENT_00632,2025-09-15T22:36:23.568967
ACC_001378,SBI,True,ENT_00632,2025-12-31T22:36:23.568972
ACC_001379,ICICI,True,ENT_00632,2026-04-26T22:36:23.568977
ACC_001380,Axis,True,ENT_00633,2025-10-02T22:36:23.568987
ACC_001381,PNB,True,ENT_00634,2026-04-24T22:36:23.568996
ACC_001382,HDFC,True,ENT_00634,2026-06-23T22:36:23.569002
ACC_001383,SBI,True,ENT_00634,2026-06-11T22:36:23.569007
ACC_001384,Paytm PB,True,ENT_00634,2026-01-29T22:36:23.569012
ACC_001385,ICICI,True,ENT_00634,2026-01-06T22:36:23.569017
ACC_001386,PNB,True,ENT_00635,2026-06-03T22:36:23.569030
ACC_001387,SBI,True,ENT_00635,2026-03-25T22:36:23.569036
ACC_001388,Kotak,True,ENT_00635,2026-07-01T22:36:23.569041
ACC_001389,SBI,True,ENT_00635,2025-11-03T22:36:23.569046
ACC_001390,Paytm PB,True,ENT_00635,2025-10-10T22:36:23.569051
ACC_001391,PNB,True,ENT_00636,2026-07-31T22:36:23.569059
ACC_001392,PNB,True,ENT_00636,2026-03-12T22:36:23.569065
ACC_001393,SBI,True,ENT_00636,2025-11-21T22:36:23.569070
ACC_001394,Kotak,True,ENT_00637,2026-01-25T22:36:23.569079
ACC_001395,ICICI,True,ENT_00637,2025-09-17T22:36:23.569085
ACC_001396,HDFC,True,ENT_00637,2026-04-13T22:36:23.569090
ACC_001397,Axis,True,ENT_00638,2026-06-17T22:36:23.569098
ACC_001398,SBI,True,ENT_00638,2025-12-01T22:36:23.569104
ACC_001399,Kotak,True,ENT_00638,2025-10-13T22:36:23.569109
ACC_001400,Paytm PB,True,ENT_00639,2026-08-07T22:36:23.569118
ACC_001401,ICICI,True,ENT_00640,2026-06-07T22:36:23.569131
ACC_001402,PNB,True,ENT_00641,2025-10-26T22:36:23.569141
ACC_001403,Axis,True,ENT_00641,2026-02-07T22:36:23.569147
ACC_001404,Paytm PB,True,ENT_00641,2026-05-17T22:36:23.569152
ACC_001405,PNB,True,ENT_00642,2026-07-07T22:36:23.569160
ACC_001406,Paytm PB,True,ENT_00643,2026-07-10T22:36:23.569170
ACC_001407,HDFC,True,ENT_00643,2026-04-01T22:36:23.569175
ACC_001408,SBI,True,ENT_00643,2026-07-24T22:36:23.569183
ACC_001409,PNB,True,ENT_00644,2026-01-22T22:36:23.569193
ACC_001410,Paytm PB,True,ENT_00644,2026-03-20T22:36:23.569199
ACC_001411,Kotak,True,ENT_00644,2025-11-30T22:36:23.569203
ACC_001412,PNB,True,ENT_00644,2026-01-13T22:36:23.569209
ACC_001413,Axis,True,ENT_00644,2026-01-20T22:36:23.569214
ACC_001414,Kotak,True,ENT_00645,2025-11-12T22:36:23.569222
ACC_001415,Paytm PB,True,ENT_00645,2025-10-02T22:36:23.569228
ACC_001416,SBI,True,ENT_00645,2026-03-24T22:36:23.569236
ACC_001417,HDFC,True,ENT_00645,2026-03-08T22:36:23.569242
ACC_001418,Paytm PB,True,ENT_00646,2026-05-01T22:36:23.569250
ACC_001419,PNB,True,ENT_00646,2026-05-26T22:36:23.569256
ACC_001420,Axis,True,ENT_00647,2025-10-17T22:36:23.569265
ACC_001421,ICICI,True,ENT_00648,2026-01-02T22:36:23.569275
ACC_001422,Kotak,True,ENT_00648,2026-04-13T22:36:23.569280
ACC_001423,HDFC,True,ENT_00648,2026-04-10T22:36:23.569289
ACC_001424,HDFC,True,ENT_00648,2026-01-03T22:36:23.569294
ACC_001425,HDFC,True,ENT_00648,2025-12-24T22:36:23.569299
ACC_001426,ICICI,True,ENT_00649,2026-05-16T22:36:23.569308
ACC_001427,HDFC,True,ENT_00650,2026-06-04T22:36:23.569317
ACC_001428,SBI,True,ENT_00651,2025-12-02T22:36:23.569326
ACC_001429,Paytm PB,True,ENT_00652,2025-11-22T22:36:23.569335
ACC_001430,SBI,True,ENT_00653,2026-02-04T22:36:23.569348
ACC_001431,Kotak,True,ENT_00654,2026-03-29T22:36:23.569357
ACC_001432,PNB,True,ENT_00655,2026-07-29T22:36:23.569367
ACC_001433,PNB,True,ENT_00656,2026-01-06T22:36:23.569376
ACC_001434,ICICI,True,ENT_00656,2025-11-18T22:36:23.569381
ACC_001435,ICICI,True,ENT_00657,2025-10-22T22:36:23.569390
ACC_001436,Axis,True,ENT_00658,2025-12-23T22:36:23.569399
ACC_001437,Paytm PB,True,ENT_00658,2026-02-10T22:36:23.569405
ACC_001438,Axis,True,ENT_00659,2025-10-27T22:36:23.569413
ACC_001439,SBI,True,ENT_00659,2026-02-06T22:36:23.569419
ACC_001440,ICICI,True,ENT_00660,2026-06-22T22:36:23.569428
ACC_001441,SBI,True,ENT_00661,2025-11-26T22:36:23.569437
ACC_001442,HDFC,True,ENT_00662,2026-08-07T22:36:23.569450
ACC_001443,HDFC,True,ENT_00663,2025-12-15T22:36:23.569459
ACC_001444,ICICI,True,ENT_00663,2026-01-29T22:36:23.569465
ACC_001445,SBI,True,ENT_00663,2026-05-14T22:36:23.569470
ACC_001446,PNB,True,ENT_00663,2026-07-26T22:36:23.569475
ACC_001447,Paytm PB,True,ENT_00663,2025-09-12T22:36:23.569480
ACC_001448,SBI,True,ENT_00664,2026-03-02T22:36:23.569490
ACC_001449,SBI,True,ENT_00664,2026-01-12T22:36:23.569495
ACC_001450,Kotak,True,ENT_00664,2026-03-03T22:36:23.569500
ACC_001451,ICICI,True,ENT_00664,2026-07-05T22:36:23.569508
ACC_001452,Paytm PB,True,ENT_00664,2026-02-04T22:36:23.569513
ACC_001453,Paytm PB,True,ENT_00665,2026-07-18T22:36:23.569522
ACC_001454,SBI,True,ENT_00666,2025-11-22T22:36:23.569532
ACC_001455,HDFC,True,ENT_00666,2026-01-20T22:36:23.569537
ACC_001456,Axis,True,ENT_00667,2026-03-22T22:36:23.569546
ACC_001457,ICICI,True,ENT_00668,2026-06-30T22:36:23.569555
ACC_001458,HDFC,True,ENT_00669,2026-02-06T22:36:23.569564
ACC_001459,ICICI,True,ENT_00670,2025-10-29T22:36:23.569573
ACC_001460,Kotak,True,ENT_00671,2025-09-29T22:36:23.569582
ACC_001461,Axis,True,ENT_00672,2026-02-06T22:36:23.569592
ACC_001462,Paytm PB,True,ENT_00672,2025-12-04T22:36:23.569597
ACC_001463,Kotak,True,ENT_00673,2025-11-07T22:36:23.569611
ACC_001464,SBI,True,ENT_00674,2026-08-10T22:36:23.569620
ACC_001465,Axis,True,ENT_00674,2026-08-01T22:36:23.569626
ACC_001466,SBI,True,ENT_00674,2025-11-09T22:36:23.569631
ACC_001467,Kotak,True,ENT_00675,2026-08-09T22:36:23.569643
ACC_001468,ICICI,True,ENT_00675,2026-08-13T22:36:23.569649
ACC_001469,PNB,True,ENT_00675,2026-02-02T22:36:23.569654
ACC_001470,PNB,True,ENT_00675,2026-03-09T22:36:23.569659
ACC_001471,HDFC,True,ENT_00675,2026-04-30T22:36:23.569664
ACC_001472,Axis,True,ENT_00676,2025-12-05T22:36:23.569677
ACC_001473,SBI,True,ENT_00677,2026-03-23T22:36:23.569686
ACC_001474,HDFC,True,ENT_00678,2026-04-17T22:36:23.569695
ACC_001475,Kotak,True,ENT_00679,2026-02-04T22:36:23.569719
ACC_001476,Axis,True,ENT_00679,2026-07-01T22:36:23.569726
ACC_001477,Paytm PB,True,ENT_00679,2026-06-26T22:36:23.569731
ACC_001478,Paytm PB,True,ENT_00679,2026-06-06T22:36:23.569736
ACC_001479,Kotak,True,ENT_00679,2026-01-24T22:36:23.569741
ACC_001480,Paytm PB,True,ENT_00680,2025-10-27T22:36:23.569750
ACC_001481,Axis,True,ENT_00681,2026-06-08T22:36:23.569760
ACC_001482,ICICI,True,ENT_00682,2026-04-02T22:36:23.569769
ACC_001483,PNB,True,ENT_00683,2026-01-24T22:36:23.569778
ACC_001484,ICICI,True,ENT_00684,2025-12-25T22:36:23.569792
ACC_001485,ICICI,True,ENT_00684,2026-04-16T22:36:23.569798
ACC_001486,HDFC,True,ENT_00684,2026-05-02T22:36:23.569803
ACC_001487,SBI,True,ENT_00684,2025-10-18T22:36:23.569808
ACC_001488,HDFC,True,ENT_00684,2026-05-26T22:36:23.569813
ACC_001489,SBI,True,ENT_00685,2025-12-26T22:36:23.569821
ACC_001490,ICICI,True,ENT_00686,2026-01-17T22:36:23.569830
ACC_001491,Paytm PB,True,ENT_00687,2026-02-11T22:36:23.569839
ACC_001492,Axis,True,ENT_00688,2026-03-09T22:36:23.569852
ACC_001493,ICICI,True,ENT_00689,2026-06-13T22:36:23.569862
ACC_001494,HDFC,True,ENT_00689,2026-05-25T22:36:23.569867
ACC_001495,PNB,True,ENT_00689,2026-03-11T22:36:23.569872
ACC_001496,PNB,True,ENT_00689,2025-10-09T22:36:23.569877
ACC_001497,HDFC,True,ENT_00689,2026-04-25T22:36:23.569883
ACC_001498,SBI,True,ENT_00690,2026-06-28T22:36:23.569893
ACC_001499,ICICI,True,ENT_00691,2026-01-23T22:36:23.569902
ACC_001500,Paytm PB,True,ENT_00691,2026-07-19T22:36:23.569907
ACC_001501,ICICI,True,ENT_00692,2026-05-16T22:36:23.569916
ACC_001502,HDFC,True,ENT_00692,2026-01-18T22:36:23.569921
ACC_001503,PNB,True,ENT_00692,2025-12-25T22:36:23.569926
ACC_001504,HDFC,True,ENT_00693,2025-12-20T22:36:23.569935
ACC_001505,HDFC,True,ENT_00693,2026-06-03T22:36:23.569944
ACC_001506,HDFC,True,ENT_00693,2026-08-07T22:36:23.569949
ACC_001507,PNB,True,ENT_00694,2026-04-22T22:36:23.569958
ACC_001508,SBI,True,ENT_00695,2026-01-20T22:36:23.569967
ACC_001509,ICICI,True,ENT_00695,2025-09-25T22:36:23.569972
ACC_001510,Kotak,True,ENT_00695,2026-07-01T22:36:23.569981
ACC_001511,Paytm PB,True,ENT_00695,2025-10-17T22:36:23.569986
ACC_001512,ICICI,True,ENT_00695,2026-07-06T22:36:23.569991
ACC_001513,HDFC,True,ENT_00696,2026-05-04T22:36:23.570000
ACC_001514,PNB,True,ENT_00697,2026-06-09T22:36:23.570012
ACC_001515,PNB,True,ENT_00698,2026-02-25T22:36:23.570022
ACC_001516,HDFC,True,ENT_00698,2026-07-23T22:36:23.570027
ACC_001517,Axis,True,ENT_00698,2026-07-19T22:36:23.570032
ACC_001518,SBI,True,ENT_00698,2025-10-24T22:36:23.570038
ACC_001519,Axis,True,ENT_00698,2026-01-23T22:36:23.570046
ACC_001520,HDFC,True,ENT_00699,2026-01-30T22:36:23.570056
ACC_001521,SBI,True,ENT_00700,2026-02-13T22:36:23.570065
ACC_001522,SBI,True,ENT_00701,2026-03-26T22:36:23.570074
ACC_001523,ICICI,True,ENT_00701,2025-12-28T22:36:23.570080
ACC_001524,SBI,True,ENT_00701,2026-07-27T22:36:23.570085
ACC_001525,Paytm PB,True,ENT_00701,2025-09-30T22:36:23.570090
ACC_001526,Kotak,True,ENT_00702,2026-03-15T22:36:23.570099
ACC_001527,Axis,True,ENT_00703,2025-11-05T22:36:23.570112
ACC_001528,Axis,True,ENT_00703,2026-07-13T22:36:23.570118
ACC_001529,ICICI,True,ENT_00704,2026-01-29T22:36:23.570126
ACC_001530,Axis,True,ENT_00705,2026-05-03T22:36:23.570135
ACC_001531,Kotak,True,ENT_00705,2025-11-17T22:36:23.570141
ACC_001532,Kotak,True,ENT_00706,2025-11-08T22:36:23.570150
ACC_001533,Axis,True,ENT_00707,2026-02-11T22:36:23.570160
ACC_001534,Axis,True,ENT_00707,2025-11-08T22:36:23.570166
ACC_001535,PNB,True,ENT_00707,2025-12-08T22:36:23.570171
ACC_001536,ICICI,True,ENT_00707,2025-10-28T22:36:23.570180
ACC_001537,Paytm PB,True,ENT_00707,2026-03-02T22:36:23.570186
ACC_001538,ICICI,True,ENT_00708,2026-05-13T22:36:23.570194
ACC_001539,ICICI,True,ENT_00709,2025-10-12T22:36:23.570203
ACC_001540,HDFC,True,ENT_00710,2026-03-23T22:36:23.570213
ACC_001541,HDFC,True,ENT_00710,2025-12-15T22:36:23.570219
ACC_001542,Paytm PB,True,ENT_00710,2026-02-11T22:36:23.570224
ACC_001543,PNB,True,ENT_00710,2025-10-18T22:36:23.570229
ACC_001544,SBI,True,ENT_00710,2026-05-24T22:36:23.570234
ACC_001545,SBI,True,ENT_00711,2026-04-12T22:36:23.570243
ACC_001546,ICICI,True,ENT_00711,2025-11-13T22:36:23.570249
ACC_001547,PNB,True,ENT_00712,2026-04-23T22:36:23.570258
ACC_001548,ICICI,True,ENT_00713,2026-05-17T22:36:23.570271
ACC_001549,SBI,True,ENT_00713,2026-04-14T22:36:23.570277
ACC_001550,Paytm PB,True,ENT_00713,2026-03-04T22:36:23.570282
ACC_001551,PNB,True,ENT_00713,2026-02-11T22:36:23.570287
ACC_001552,Paytm PB,True,ENT_00713,2026-07-30T22:36:23.570293
ACC_001553,Paytm PB,True,ENT_00714,2025-10-29T22:36:23.570302
ACC_001554,Paytm PB,True,ENT_00715,2026-05-09T22:36:23.570311
ACC_001555,Paytm PB,True,ENT_00716,2026-03-08T22:36:23.570321
ACC_001556,Axis,True,ENT_00717,2026-07-25T22:36:23.570331
ACC_001557,HDFC,True,ENT_00717,2026-07-16T22:36:23.570336
ACC_001558,SBI,True,ENT_00717,2025-10-09T22:36:23.570357
ACC_001559,SBI,True,ENT_00717,2026-08-03T22:36:23.570364
ACC_001560,Paytm PB,True,ENT_00717,2025-12-12T22:36:23.570369
ACC_001561,ICICI,True,ENT_00718,2025-10-03T22:36:23.570378
ACC_001562,PNB,True,ENT_00719,2026-06-08T22:36:23.570388
ACC_001563,ICICI,True,ENT_00719,2026-05-15T22:36:23.570393
ACC_001564,PNB,True,ENT_00719,2026-03-01T22:36:23.570398
ACC_001565,HDFC,True,ENT_00719,2026-08-02T22:36:23.570403
ACC_001566,SBI,True,ENT_00719,2025-10-17T22:36:23.570409
ACC_001567,PNB,True,ENT_00720,2026-06-18T22:36:23.570418
ACC_001568,PNB,True,ENT_00720,2025-11-17T22:36:23.570424
ACC_001569,PNB,True,ENT_00720,2026-02-08T22:36:23.570432
ACC_001570,HDFC,True,ENT_00720,2026-02-03T22:36:23.570438
ACC_001571,Paytm PB,True,ENT_00721,2026-06-23T22:36:23.570447
ACC_001572,ICICI,True,ENT_00722,2026-03-01T22:36:23.570459
ACC_001573,SBI,True,ENT_00723,2026-01-02T22:36:23.570469
ACC_001574,PNB,True,ENT_00723,2025-09-20T22:36:23.570475
ACC_001575,Kotak,True,ENT_00724,2026-03-04T22:36:23.570484
ACC_001576,SBI,True,ENT_00724,2025-10-30T22:36:23.570490
ACC_001577,Kotak,True,ENT_00724,2025-10-03T22:36:23.570496
ACC_001578,SBI,True,ENT_00725,2025-10-16T22:36:23.570504
ACC_001579,Axis,True,ENT_00726,2026-03-09T22:36:23.570514
ACC_001580,SBI,True,ENT_00727,2026-05-15T22:36:23.570526
ACC_001581,Kotak,True,ENT_00727,2026-08-13T22:36:23.570532
ACC_001582,PNB,True,ENT_00728,2025-10-27T22:36:23.570541
ACC_001583,SBI,True,ENT_00729,2025-10-09T22:36:23.570551
ACC_001584,ICICI,True,ENT_00729,2025-10-04T22:36:23.570556
ACC_001585,SBI,True,ENT_00729,2025-09-20T22:36:23.570562
ACC_001586,Paytm PB,True,ENT_00729,2026-06-21T22:36:23.570568
ACC_001587,SBI,True,ENT_00730,2026-02-25T22:36:23.570577
ACC_001588,SBI,True,ENT_00731,2026-02-17T22:36:23.570586
ACC_001589,SBI,True,ENT_00732,2025-09-22T22:36:23.570595
ACC_001590,PNB,True,ENT_00733,2025-09-20T22:36:23.570604
ACC_001591,Kotak,True,ENT_00733,2026-02-23T22:36:23.570610
ACC_001592,Axis,True,ENT_00733,2026-08-08T22:36:23.570619
ACC_001593,SBI,True,ENT_00734,2026-04-08T22:36:23.570629
ACC_001594,ICICI,True,ENT_00735,2026-04-04T22:36:23.570638
ACC_001595,Kotak,True,ENT_00736,2026-08-13T22:36:23.570652
ACC_001596,Axis,True,ENT_00737,2026-01-01T22:36:23.570661
ACC_001597,SBI,True,ENT_00738,2026-01-14T22:36:23.570670
ACC_001598,Axis,True,ENT_00738,2026-02-01T22:36:23.570677
ACC_001599,ICICI,True,ENT_00738,2025-11-07T22:36:23.570682
ACC_001600,HDFC,True,ENT_00739,2025-12-11T22:36:23.570695
ACC_001601,SBI,True,ENT_00740,2025-12-25T22:36:23.570705
ACC_001602,HDFC,True,ENT_00740,2026-07-27T22:36:23.570711
ACC_001603,ICICI,True,ENT_00740,2026-08-03T22:36:23.570716
ACC_001604,ICICI,True,ENT_00741,2026-06-21T22:36:23.570725
ACC_001605,ICICI,True,ENT_00742,2026-05-18T22:36:23.570734
ACC_001606,Axis,True,ENT_00742,2026-05-23T22:36:23.570739
ACC_001607,Kotak,True,ENT_00742,2026-07-06T22:36:23.570744
ACC_001608,Paytm PB,True,ENT_00742,2026-06-27T22:36:23.570749
ACC_001609,ICICI,True,ENT_00742,2025-10-13T22:36:23.570755
ACC_001610,Kotak,True,ENT_00743,2026-07-29T22:36:23.570765
ACC_001611,Axis,True,ENT_00743,2025-09-13T22:36:23.570771
ACC_001612,Paytm PB,True,ENT_00744,2026-01-03T22:36:23.570780
ACC_001613,HDFC,True,ENT_00745,2026-06-23T22:36:23.570793
ACC_001614,ICICI,True,ENT_00745,2026-04-30T22:36:23.570798
ACC_001615,SBI,True,ENT_00745,2026-01-16T22:36:23.570804
ACC_001616,Kotak,True,ENT_00745,2025-11-03T22:36:23.570808
ACC_001617,Kotak,True,ENT_00745,2025-11-10T22:36:23.570813
ACC_001618,Kotak,True,ENT_00746,2026-03-22T22:36:23.570822
ACC_001619,SBI,True,ENT_00747,2026-06-25T22:36:23.570835
ACC_001620,HDFC,True,ENT_00747,2026-01-24T22:36:23.570840
ACC_001621,SBI,True,ENT_00748,2026-07-17T22:36:23.570849
ACC_001622,ICICI,True,ENT_00748,2026-08-12T22:36:23.570858
ACC_001623,Axis,True,ENT_00748,2026-06-30T22:36:23.570863
ACC_001624,ICICI,True,ENT_00748,2025-09-27T22:36:23.570868
ACC_001625,Paytm PB,True,ENT_00748,2025-12-11T22:36:23.570873
ACC_001626,HDFC,True,ENT_00749,2026-07-31T22:36:23.570884
ACC_001627,SBI,True,ENT_00750,2025-09-21T22:36:23.570893
ACC_001628,HDFC,True,ENT_00751,2025-12-14T22:36:23.570902
ACC_001629,PNB,True,ENT_00751,2026-06-15T22:36:23.570908
ACC_001630,ICICI,True,ENT_00751,2026-01-22T22:36:23.570913
ACC_001631,Axis,True,ENT_00751,2025-12-06T22:36:23.570919
ACC_001632,Kotak,True,ENT_00751,2026-03-31T22:36:23.570924
ACC_001633,Kotak,True,ENT_00752,2025-11-08T22:36:23.570932
ACC_001634,Axis,True,ENT_00752,2026-05-11T22:36:23.570938
ACC_001635,ICICI,True,ENT_00752,2026-01-30T22:36:23.570943
ACC_001636,ICICI,True,ENT_00752,2026-05-10T22:36:23.570948
ACC_001637,Axis,True,ENT_00752,2026-07-22T22:36:23.570956
ACC_001638,Axis,True,ENT_00753,2025-12-18T22:36:23.570966
ACC_001639,SBI,True,ENT_00754,2026-03-29T22:36:23.570975
ACC_001640,SBI,True,ENT_00755,2026-06-25T22:36:23.570984
ACC_001641,Kotak,True,ENT_00756,2026-02-18T22:36:23.570994
ACC_001642,PNB,True,ENT_00756,2025-11-09T22:36:23.571000
ACC_001643,Axis,True,ENT_00756,2025-10-16T22:36:23.571006
ACC_001644,SBI,True,ENT_00756,2025-11-03T22:36:23.571011
ACC_001645,HDFC,True,ENT_00756,2026-01-27T22:36:23.571016
ACC_001646,Paytm PB,True,ENT_00757,2025-12-13T22:36:23.571029
ACC_001647,Paytm PB,True,ENT_00757,2026-04-15T22:36:23.571036
ACC_001648,Axis,True,ENT_00757,2026-03-13T22:36:23.571042
ACC_001649,HDFC,True,ENT_00757,2026-01-23T22:36:23.571047
ACC_001650,PNB,True,ENT_00757,2026-07-27T22:36:23.571052
ACC_001651,HDFC,True,ENT_00758,2025-12-27T22:36:23.571061
ACC_001652,SBI,True,ENT_00758,2026-05-20T22:36:23.571067
ACC_001653,SBI,True,ENT_00758,2026-05-07T22:36:23.571073
ACC_001654,HDFC,True,ENT_00759,2026-01-09T22:36:23.571081
ACC_001655,Kotak,True,ENT_00760,2026-01-03T22:36:23.571091
ACC_001656,PNB,True,ENT_00761,2025-09-26T22:36:23.571100
ACC_001657,PNB,True,ENT_00762,2025-10-13T22:36:23.571109
ACC_001658,ICICI,True,ENT_00763,2026-07-10T22:36:23.571122
ACC_001659,HDFC,True,ENT_00763,2026-01-27T22:36:23.571128
ACC_001660,Paytm PB,True,ENT_00763,2026-01-22T22:36:23.571134
ACC_001661,Paytm PB,True,ENT_00763,2026-02-28T22:36:23.571138
ACC_001662,PNB,True,ENT_00763,2026-03-25T22:36:23.571144
ACC_001663,PNB,True,ENT_00764,2026-08-07T22:36:23.571153
ACC_001664,PNB,True,ENT_00764,2025-09-28T22:36:23.571158
ACC_001665,HDFC,True,ENT_00765,2026-01-13T22:36:23.571167
ACC_001666,SBI,True,ENT_00765,2026-05-30T22:36:23.571177
ACC_001667,Paytm PB,True,ENT_00765,2025-10-16T22:36:23.571182
ACC_001668,HDFC,True,ENT_00766,2025-10-29T22:36:23.571195
ACC_001669,PNB,True,ENT_00767,2026-03-20T22:36:23.571206
ACC_001670,PNB,True,ENT_00767,2025-11-12T22:36:23.571212
ACC_001671,Axis,True,ENT_00768,2026-03-31T22:36:23.571224
ACC_001672,Axis,True,ENT_00768,2025-09-12T22:36:23.571230
ACC_001673,Axis,True,ENT_00768,2025-10-25T22:36:23.571235
ACC_001674,Paytm PB,True,ENT_00768,2025-12-14T22:36:23.571240
ACC_001675,HDFC,True,ENT_00768,2026-05-17T22:36:23.571245
ACC_001676,Axis,True,ENT_00769,2026-06-01T22:36:23.571254
ACC_001677,Paytm PB,True,ENT_00769,2025-10-06T22:36:23.571259
ACC_001678,Kotak,True,ENT_00769,2026-01-20T22:36:23.571265
ACC_001679,HDFC,True,ENT_00769,2026-01-23T22:36:23.571270
ACC_001680,ICICI,True,ENT_00769,2026-04-14T22:36:23.571275
ACC_001681,Kotak,True,ENT_00770,2025-12-13T22:36:23.571283
ACC_001682,ICICI,True,ENT_00770,2026-02-04T22:36:23.571293
ACC_001683,HDFC,True,ENT_00770,2026-02-22T22:36:23.571298
ACC_001684,PNB,True,ENT_00770,2026-03-11T22:36:23.571303
ACC_001685,ICICI,True,ENT_00770,2026-03-23T22:36:23.571308
ACC_001686,PNB,True,ENT_00771,2026-06-24T22:36:23.571317
ACC_001687,SBI,True,ENT_00772,2026-03-13T22:36:23.571327
ACC_001688,PNB,True,ENT_00773,2026-03-02T22:36:23.571337
ACC_001689,ICICI,True,ENT_00773,2026-01-12T22:36:23.571342
ACC_001690,Paytm PB,True,ENT_00773,2025-09-17T22:36:23.571347
ACC_001691,HDFC,True,ENT_00773,2026-05-09T22:36:23.571352
ACC_001692,Axis,True,ENT_00773,2026-04-27T22:36:23.571357
ACC_001693,Kotak,True,ENT_00774,2025-12-08T22:36:23.571370
ACC_001694,PNB,True,ENT_00774,2025-11-22T22:36:23.571376
ACC_001695,PNB,True,ENT_00775,2026-07-16T22:36:23.571385
ACC_001696,HDFC,True,ENT_00776,2026-03-07T22:36:23.571394
ACC_001697,Kotak,True,ENT_00776,2025-11-27T22:36:23.571400
ACC_001698,Axis,True,ENT_00776,2026-06-05T22:36:23.571405
ACC_001699,PNB,True,ENT_00776,2025-11-18T22:36:23.571410
ACC_001700,SBI,True,ENT_00777,2026-05-07T22:36:23.571419
ACC_001701,PNB,True,ENT_00777,2026-05-03T22:36:23.571425
ACC_001702,PNB,True,ENT_00777,2026-07-15T22:36:23.571430
ACC_001703,HDFC,True,ENT_00778,2025-12-23T22:36:23.571439
ACC_001704,HDFC,True,ENT_00778,2026-02-10T22:36:23.571444
ACC_001705,Kotak,True,ENT_00778,2026-05-04T22:36:23.571450
ACC_001706,ICICI,True,ENT_00778,2026-02-06T22:36:23.571465
ACC_001707,PNB,True,ENT_00778,2025-12-19T22:36:23.571470
ACC_001708,Kotak,True,ENT_00779,2026-06-11T22:36:23.571480
ACC_001709,Kotak,True,ENT_00779,2026-07-29T22:36:23.571485
ACC_001710,SBI,True,ENT_00779,2026-02-04T22:36:23.571490
ACC_001711,Paytm PB,True,ENT_00780,2025-12-28T22:36:23.571499
ACC_001712,SBI,True,ENT_00780,2025-12-14T22:36:23.571504
ACC_001713,Paytm PB,True,ENT_00780,2025-11-04T22:36:23.571510
ACC_001714,ICICI,True,ENT_00781,2026-05-22T22:36:23.571518
ACC_001715,PNB,True,ENT_00781,2026-04-03T22:36:23.571524
ACC_001716,ICICI,True,ENT_00782,2026-07-30T22:36:23.571536
ACC_001717,Axis,True,ENT_00782,2026-07-19T22:36:23.571542
ACC_001718,PNB,True,ENT_00783,2025-10-25T22:36:23.571551
ACC_001719,PNB,True,ENT_00784,2026-04-22T22:36:23.571560
ACC_001720,Kotak,True,ENT_00784,2026-04-20T22:36:23.571566
ACC_001721,ICICI,True,ENT_00785,2025-09-14T22:36:23.571575
ACC_001722,Paytm PB,True,ENT_00786,2026-08-03T22:36:23.571588
ACC_001723,PNB,True,ENT_00786,2026-08-09T22:36:23.571595
ACC_001724,Axis,True,ENT_00786,2026-06-07T22:36:23.571600
ACC_001725,Kotak,True,ENT_00786,2026-05-17T22:36:23.571605
ACC_001726,Paytm PB,True,ENT_00786,2026-08-09T22:36:23.571610
ACC_001727,ICICI,True,ENT_00787,2025-10-06T22:36:23.571619
ACC_001728,PNB,True,ENT_00787,2026-03-10T22:36:23.571625
ACC_001729,Axis,True,ENT_00788,2026-02-02T22:36:23.571637
ACC_001730,Axis,True,ENT_00789,2026-04-06T22:36:23.571647
ACC_001731,Axis,True,ENT_00790,2026-03-12T22:36:23.571656
ACC_001732,Kotak,True,ENT_00790,2025-11-20T22:36:23.571661
ACC_001733,PNB,True,ENT_00790,2025-09-28T22:36:23.571667
ACC_001734,Paytm PB,True,ENT_00791,2026-06-22T22:36:23.571676
ACC_001735,Paytm PB,True,ENT_00792,2026-02-03T22:36:23.571684
ACC_001736,Paytm PB,True,ENT_00792,2025-09-16T22:36:23.571690
ACC_001737,Paytm PB,True,ENT_00792,2025-10-06T22:36:23.571695
ACC_001738,ICICI,True,ENT_00792,2026-03-14T22:36:23.571711
ACC_001739,Kotak,True,ENT_00792,2026-06-19T22:36:23.571717
ACC_001740,HDFC,True,ENT_00793,2026-02-22T22:36:23.571726
ACC_001741,ICICI,True,ENT_00793,2025-09-20T22:36:23.571732
ACC_001742,PNB,True,ENT_00794,2026-03-25T22:36:23.571741
ACC_001743,Kotak,True,ENT_00795,2025-09-14T22:36:23.571750
ACC_001744,SBI,True,ENT_00796,2026-05-29T22:36:23.571759
ACC_001745,HDFC,True,ENT_00797,2025-10-10T22:36:23.571769
ACC_001746,Kotak,True,ENT_00798,2026-03-03T22:36:23.571778
ACC_001747,Kotak,True,ENT_00799,2026-07-31T22:36:23.571787
ACC_001748,ICICI,True,ENT_00800,2026-04-03T22:36:23.571800
ACC_001749,Axis,True,ENT_00801,2026-01-27T22:36:23.571809
ACC_001750,Kotak,True,ENT_00801,2026-07-26T22:36:23.571815
ACC_001751,ICICI,True,ENT_00802,2026-04-22T22:36:23.571823
ACC_001752,Kotak,True,ENT_00803,2026-02-11T22:36:23.571833
ACC_001753,Paytm PB,True,ENT_00803,2026-03-13T22:36:23.571839
ACC_001754,PNB,True,ENT_00803,2026-05-18T22:36:23.571844
ACC_001755,PNB,True,ENT_00803,2025-11-01T22:36:23.571849
ACC_001756,SBI,True,ENT_00803,2026-03-16T22:36:23.571854
ACC_001757,Axis,True,ENT_00804,2026-06-09T22:36:23.571888
ACC_001758,Kotak,True,ENT_00804,2026-04-03T22:36:23.571893
ACC_001759,Kotak,True,ENT_00805,2026-02-23T22:36:23.571902
ACC_001760,Kotak,True,ENT_00805,2026-06-29T22:36:23.571908
ACC_001761,SBI,True,ENT_00805,2026-02-13T22:36:23.571912
ACC_001762,SBI,True,ENT_00805,2026-03-09T22:36:23.571917
ACC_001763,Axis,True,ENT_00805,2026-02-25T22:36:23.571922
ACC_001764,ICICI,True,ENT_00806,2025-10-18T22:36:23.571931
ACC_001765,ICICI,True,ENT_00806,2025-12-19T22:36:23.571936
ACC_001766,PNB,True,ENT_00806,2026-06-14T22:36:23.571942
ACC_001767,HDFC,True,ENT_00807,2025-09-23T22:36:23.571950
ACC_001768,Paytm PB,True,ENT_00807,2025-10-20T22:36:23.571956
ACC_001769,Paytm PB,True,ENT_00807,2026-07-08T22:36:23.571961
ACC_001770,Axis,True,ENT_00807,2026-05-06T22:36:23.571965
ACC_001771,Paytm PB,True,ENT_00807,2026-06-13T22:36:23.571970
ACC_001772,Paytm PB,True,ENT_00808,2026-03-14T22:36:23.571985
ACC_001773,HDFC,True,ENT_00809,2026-05-28T22:36:23.571994
ACC_001774,SBI,True,ENT_00810,2026-02-19T22:36:23.572003
ACC_001775,Axis,True,ENT_00810,2025-10-26T22:36:23.572008
ACC_001776,Axis,True,ENT_00810,2026-06-01T22:36:23.572014
ACC_001777,ICICI,True,ENT_00810,2026-05-13T22:36:23.572018
ACC_001778,PNB,True,ENT_00810,2026-07-03T22:36:23.572023
ACC_001779,ICICI,True,ENT_00811,2025-09-24T22:36:23.572031
ACC_001780,ICICI,True,ENT_00812,2025-09-23T22:36:23.572040
ACC_001781,HDFC,True,ENT_00813,2025-12-25T22:36:23.572052
ACC_001782,SBI,True,ENT_00814,2026-05-19T22:36:23.572062
ACC_001783,Paytm PB,True,ENT_00814,2026-05-24T22:36:23.572067
ACC_001784,Axis,True,ENT_00814,2026-06-29T22:36:23.572072
ACC_001785,SBI,True,ENT_00814,2025-10-03T22:36:23.572078
ACC_001786,Axis,True,ENT_00814,2025-09-23T22:36:23.572082
ACC_001787,Axis,True,ENT_00815,2026-01-06T22:36:23.572091
ACC_001788,Axis,True,ENT_00815,2026-01-29T22:36:23.572096
ACC_001789,HDFC,True,ENT_00816,2025-11-13T22:36:23.572104
ACC_001790,Kotak,True,ENT_00817,2026-02-03T22:36:23.572114
ACC_001791,ICICI,True,ENT_00818,2025-11-15T22:36:23.572123
ACC_001792,SBI,True,ENT_00818,2026-08-04T22:36:23.572129
ACC_001793,Kotak,True,ENT_00818,2026-08-11T22:36:23.572137
ACC_001794,Kotak,True,ENT_00818,2026-04-08T22:36:23.572141
ACC_001795,SBI,True,ENT_00818,2026-02-18T22:36:23.572146
ACC_001796,SBI,True,ENT_00819,2026-06-22T22:36:23.572155
ACC_001797,Paytm PB,True,ENT_00820,2025-10-16T22:36:23.572164
ACC_001798,SBI,True,ENT_00821,2026-07-11T22:36:23.572173
ACC_001799,ICICI,True,ENT_00822,2026-03-18T22:36:23.572181
ACC_001800,Axis,True,ENT_00822,2025-11-20T22:36:23.572187
ACC_001801,Paytm PB,True,ENT_00822,2025-11-18T22:36:23.572192
ACC_001802,Axis,True,ENT_00823,2026-06-06T22:36:23.572203
ACC_001803,Axis,True,ENT_00824,2026-02-11T22:36:23.572213
ACC_001804,SBI,True,ENT_00825,2026-01-19T22:36:23.572223
ACC_001805,HDFC,True,ENT_00825,2026-04-19T22:36:23.572228
ACC_001806,SBI,True,ENT_00825,2026-06-07T22:36:23.572233
ACC_001807,SBI,True,ENT_00825,2026-08-02T22:36:23.572238
ACC_001808,Paytm PB,True,ENT_00825,2025-11-28T22:36:23.572243
ACC_001809,HDFC,True,ENT_00826,2026-02-07T22:36:23.572251
ACC_001810,Kotak,True,ENT_00826,2025-09-14T22:36:23.572256
ACC_001811,Axis,True,ENT_00827,2025-09-20T22:36:23.572265
ACC_001812,PNB,True,ENT_00828,2025-11-13T22:36:23.572274
ACC_001813,Paytm PB,True,ENT_00828,2026-07-20T22:36:23.572279
ACC_001814,Kotak,True,ENT_00829,2026-06-19T22:36:23.572291
ACC_001815,Kotak,True,ENT_00829,2026-08-03T22:36:23.572296
ACC_001816,Kotak,True,ENT_00830,2026-06-15T22:36:23.572304
ACC_001817,Axis,True,ENT_00831,2026-01-31T22:36:23.572313
ACC_001818,HDFC,True,ENT_00831,2025-11-06T22:36:23.572318
ACC_001819,Axis,True,ENT_00832,2026-05-27T22:36:23.572327
ACC_001820,SBI,True,ENT_00832,2025-09-25T22:36:23.572332
ACC_001821,HDFC,True,ENT_00832,2026-03-12T22:36:23.572337
ACC_001822,Kotak,True,ENT_00833,2026-06-23T22:36:23.572345
ACC_001823,Paytm PB,True,ENT_00834,2025-10-07T22:36:23.572360
ACC_001824,Kotak,True,ENT_00834,2026-06-04T22:36:23.572365
ACC_001825,Axis,True,ENT_00834,2026-06-21T22:36:23.572370
ACC_001826,Paytm PB,True,ENT_00834,2025-10-01T22:36:23.572375
ACC_001827,HDFC,True,ENT_00834,2026-03-22T22:36:23.572380
ACC_001828,PNB,True,ENT_00835,2026-06-20T22:36:23.572389
ACC_001829,SBI,True,ENT_00836,2025-10-06T22:36:23.572397
ACC_001830,PNB,True,ENT_00837,2026-04-01T22:36:23.572406
ACC_001831,ICICI,True,ENT_00838,2026-01-16T22:36:23.572415
ACC_001832,ICICI,True,ENT_00838,2026-05-23T22:36:23.572421
ACC_001833,HDFC,True,ENT_00838,2025-11-06T22:36:23.572426
ACC_001834,Axis,True,ENT_00838,2026-04-29T22:36:23.572431
ACC_001835,Kotak,True,ENT_00838,2025-12-10T22:36:23.572436
ACC_001836,SBI,True,ENT_00839,2026-08-12T22:36:23.572447
ACC_001837,Kotak,True,ENT_00840,2026-06-29T22:36:23.572456
ACC_001838,PNB,True,ENT_00841,2025-10-24T22:36:23.572465
ACC_001839,SBI,True,ENT_00842,2026-06-28T22:36:23.572474
ACC_001840,PNB,True,ENT_00842,2025-11-25T22:36:23.572479
ACC_001841,Kotak,True,ENT_00843,2026-06-23T22:36:23.572487
ACC_001842,Kotak,True,ENT_00844,2026-04-17T22:36:23.572497
ACC_001843,Axis,True,ENT_00844,2026-03-15T22:36:23.572502
ACC_001844,ICICI,True,ENT_00844,2025-12-19T22:36:23.572507
ACC_001845,HDFC,True,ENT_00844,2026-06-23T22:36:23.572515
ACC_001846,PNB,True,ENT_00844,2026-05-16T22:36:23.572520
ACC_001847,PNB,True,ENT_00845,2026-03-18T22:36:23.572529
ACC_001848,PNB,True,ENT_00846,2026-03-06T22:36:23.572537
ACC_001849,Kotak,True,ENT_00847,2026-06-15T22:36:23.572546
ACC_001850,HDFC,True,ENT_00847,2026-07-21T22:36:23.572551
ACC_001851,PNB,True,ENT_00848,2026-06-04T22:36:23.572560
ACC_001852,Kotak,True,ENT_00848,2025-09-16T22:36:23.572567
ACC_001853,SBI,True,ENT_00848,2026-02-26T22:36:23.572572
ACC_001854,ICICI,True,ENT_00848,2026-01-01T22:36:23.572576
ACC_001855,Paytm PB,True,ENT_00848,2026-03-29T22:36:23.572581
ACC_001856,ICICI,True,ENT_00849,2026-02-19T22:36:23.572590
ACC_001857,SBI,True,ENT_00849,2026-06-16T22:36:23.572598
ACC_001858,Axis,True,ENT_00849,2026-01-21T22:36:23.572603
ACC_001859,Axis,True,ENT_00849,2026-03-27T22:36:23.572608
ACC_001860,PNB,True,ENT_00849,2026-01-28T22:36:23.572613
ACC_001861,PNB,True,ENT_00850,2026-01-10T22:36:23.572622
ACC_001862,HDFC,True,ENT_00851,2026-06-07T22:36:23.572630
ACC_001863,Kotak,True,ENT_00851,2026-07-14T22:36:23.572636
ACC_001864,PNB,True,ENT_00851,2026-05-24T22:36:23.572641
ACC_001865,HDFC,True,ENT_00851,2026-01-12T22:36:23.572646
ACC_001866,Paytm PB,True,ENT_00851,2025-12-09T22:36:23.572650
ACC_001867,SBI,True,ENT_00852,2025-10-05T22:36:23.572659
ACC_001868,PNB,True,ENT_00853,2026-02-11T22:36:23.572670
ACC_001869,PNB,True,ENT_00854,2026-06-08T22:36:23.572680
ACC_001870,Axis,True,ENT_00855,2026-06-17T22:36:23.572689
ACC_001871,Axis,True,ENT_00855,2025-12-31T22:36:23.572694
ACC_001872,HDFC,True,ENT_00855,2026-07-12T22:36:23.572699
ACC_001873,Kotak,True,ENT_00856,2026-03-06T22:36:23.572707
ACC_001874,HDFC,True,ENT_00856,2025-11-18T22:36:23.572713
ACC_001875,Kotak,True,ENT_00857,2026-02-21T22:36:23.572725
ACC_001876,Axis,True,ENT_00858,2026-04-08T22:36:23.572734
ACC_001877,Axis,True,ENT_00858,2026-02-17T22:36:23.572740
ACC_001878,Kotak,True,ENT_00858,2025-09-19T22:36:23.572745
ACC_001879,Axis,True,ENT_00858,2026-05-29T22:36:23.572750
ACC_001880,PNB,True,ENT_00858,2025-11-01T22:36:23.572757
ACC_001881,HDFC,True,ENT_00859,2025-09-18T22:36:23.572767
ACC_001882,SBI,True,ENT_00859,2025-11-28T22:36:23.572772
ACC_001883,PNB,True,ENT_00859,2025-12-16T22:36:23.572777
ACC_001884,PNB,True,ENT_00859,2025-12-03T22:36:23.572782
ACC_001885,PNB,True,ENT_00859,2026-05-21T22:36:23.572786
ACC_001886,PNB,True,ENT_00860,2025-12-05T22:36:23.572795
ACC_001887,ICICI,True,ENT_00860,2026-04-12T22:36:23.572801
ACC_001888,ICICI,True,ENT_00860,2026-03-24T22:36:23.572806
ACC_001889,Paytm PB,True,ENT_00861,2026-04-21T22:36:23.572816
ACC_001890,Paytm PB,True,ENT_00861,2025-09-18T22:36:23.572821
ACC_001891,Axis,True,ENT_00861,2026-01-19T22:36:23.572826
ACC_001892,PNB,True,ENT_00861,2026-04-15T22:36:23.572834
ACC_001893,HDFC,True,ENT_00861,2025-12-21T22:36:23.572839
ACC_001894,PNB,True,ENT_00862,2025-10-24T22:36:23.572847
ACC_001895,HDFC,True,ENT_00863,2025-12-01T22:36:23.572856
ACC_001896,Axis,True,ENT_00863,2026-03-05T22:36:23.572862
ACC_001897,Axis,True,ENT_00864,2025-09-13T22:36:23.572870
ACC_001898,HDFC,True,ENT_00865,2026-01-19T22:36:23.572879
ACC_001899,HDFC,True,ENT_00866,2025-11-01T22:36:23.572888
ACC_001900,Paytm PB,True,ENT_00866,2026-08-13T22:36:23.572893
ACC_001901,PNB,True,ENT_00866,2026-06-28T22:36:23.572898
ACC_001902,PNB,True,ENT_00866,2025-10-08T22:36:23.572903
ACC_001903,Paytm PB,True,ENT_00866,2025-09-21T22:36:23.572908
ACC_001904,Paytm PB,True,ENT_00867,2025-10-30T22:36:23.572920
ACC_001905,SBI,True,ENT_00867,2025-09-12T22:36:23.572925
ACC_001906,Kotak,True,ENT_00867,2025-12-23T22:36:23.572930
ACC_001907,ICICI,True,ENT_00867,2026-02-08T22:36:23.572935
ACC_001908,PNB,True,ENT_00868,2026-04-21T22:36:23.572943
ACC_001909,PNB,True,ENT_00868,2025-12-24T22:36:23.572949
ACC_001910,Paytm PB,True,ENT_00869,2025-09-30T22:36:23.572957
ACC_001911,Axis,True,ENT_00870,2026-02-08T22:36:23.572968
ACC_001912,Axis,True,ENT_00871,2026-06-16T22:36:23.572977
ACC_001913,PNB,True,ENT_00872,2026-04-22T22:36:23.572989
ACC_001914,HDFC,True,ENT_00872,2026-02-20T22:36:23.572994
ACC_001915,PNB,True,ENT_00873,2025-09-23T22:36:23.573003
ACC_001916,PNB,True,ENT_00873,2026-03-17T22:36:23.573008
ACC_001917,Paytm PB,True,ENT_00873,2025-11-19T22:36:23.573013
ACC_001918,Kotak,True,ENT_00874,2026-06-20T22:36:23.573022
ACC_001919,SBI,True,ENT_00875,2025-12-04T22:36:23.573030
ACC_001920,SBI,True,ENT_00875,2026-01-16T22:36:23.573036
ACC_001921,HDFC,True,ENT_00875,2026-04-05T22:36:23.573041
ACC_001922,SBI,True,ENT_00876,2026-05-09T22:36:23.573049
ACC_001923,HDFC,True,ENT_00876,2026-01-24T22:36:23.573055
ACC_001924,SBI,True,ENT_00876,2025-12-22T22:36:23.573060
ACC_001925,PNB,True,ENT_00876,2026-05-08T22:36:23.573068
ACC_001926,ICICI,True,ENT_00877,2026-06-19T22:36:23.573079
ACC_001927,PNB,True,ENT_00877,2026-01-13T22:36:23.573085
ACC_001928,HDFC,True,ENT_00877,2025-09-23T22:36:23.573091
ACC_001929,PNB,True,ENT_00877,2025-10-16T22:36:23.573096
ACC_001930,PNB,True,ENT_00878,2025-12-26T22:36:23.573105
ACC_001931,Kotak,True,ENT_00879,2025-10-16T22:36:23.573114
ACC_001932,SBI,True,ENT_00880,2025-12-01T22:36:23.573124
ACC_001933,Paytm PB,True,ENT_00881,2026-07-20T22:36:23.573133
ACC_001934,Paytm PB,True,ENT_00881,2026-01-04T22:36:23.573138
ACC_001935,PNB,True,ENT_00881,2025-10-18T22:36:23.573146
ACC_001936,Axis,True,ENT_00881,2025-11-26T22:36:23.573152
ACC_001937,Kotak,True,ENT_00882,2025-10-21T22:36:23.573161
ACC_001938,Kotak,True,ENT_00883,2026-06-09T22:36:23.573170
ACC_001939,Axis,True,ENT_00884,2025-10-10T22:36:23.573180
ACC_001940,ICICI,True,ENT_00885,2025-11-28T22:36:23.573189
ACC_001941,Axis,True,ENT_00885,2026-01-11T22:36:23.573195
ACC_001942,Paytm PB,True,ENT_00885,2026-04-08T22:36:23.573200
ACC_001943,ICICI,True,ENT_00885,2026-01-22T22:36:23.573205
ACC_001944,ICICI,True,ENT_00886,2025-12-25T22:36:23.573213
ACC_001945,SBI,True,ENT_00887,2026-01-14T22:36:23.573222
ACC_001946,Paytm PB,True,ENT_00887,2025-11-24T22:36:23.573231
ACC_001947,PNB,True,ENT_00888,2025-11-06T22:36:23.573239
ACC_001948,PNB,True,ENT_00888,2026-03-06T22:36:23.573245
ACC_001949,Kotak,True,ENT_00888,2025-11-03T22:36:23.573250
ACC_001950,Kotak,True,ENT_00888,2026-04-24T22:36:23.573255
ACC_001951,SBI,True,ENT_00888,2026-04-28T22:36:23.573260
ACC_001952,Kotak,True,ENT_00889,2026-03-18T22:36:23.573268
ACC_001953,ICICI,True,ENT_00890,2026-06-07T22:36:23.573277
ACC_001954,Kotak,True,ENT_00891,2026-05-14T22:36:23.573286
ACC_001955,Paytm PB,True,ENT_00892,2025-09-21T22:36:23.573295
ACC_001956,Kotak,True,ENT_00893,2026-06-15T22:36:23.573307
ACC_001957,PNB,True,ENT_00893,2026-02-14T22:36:23.573313
ACC_001958,Paytm PB,True,ENT_00893,2025-12-11T22:36:23.573318
ACC_001959,Paytm PB,True,ENT_00893,2025-10-25T22:36:23.573323
ACC_001960,Kotak,True,ENT_00893,2026-01-12T22:36:23.573328
ACC_001961,Kotak,True,ENT_00894,2025-11-13T22:36:23.573337
ACC_001962,ICICI,True,ENT_00894,2026-01-09T22:36:23.573342
ACC_001963,PNB,True,ENT_00894,2026-08-07T22:36:23.573347
ACC_001964,Paytm PB,True,ENT_00894,2026-06-20T22:36:23.573352
ACC_001965,HDFC,True,ENT_00894,2026-01-30T22:36:23.573357
ACC_001966,HDFC,True,ENT_00895,2026-07-16T22:36:23.573365
ACC_001967,SBI,True,ENT_00895,2026-03-30T22:36:23.573371
ACC_001968,PNB,True,ENT_00895,2026-05-23T22:36:23.573376
ACC_001969,ICICI,True,ENT_00895,2026-04-07T22:36:23.573381
ACC_001970,SBI,True,ENT_00895,2026-07-13T22:36:23.573389
ACC_001971,PNB,True,ENT_00896,2026-03-15T22:36:23.573398
ACC_001972,SBI,True,ENT_00896,2025-11-09T22:36:23.573403
ACC_001973,HDFC,True,ENT_00896,2026-02-11T22:36:23.573408
ACC_001974,PNB,True,ENT_00896,2025-12-25T22:36:23.573413
ACC_001975,Paytm PB,True,ENT_00897,2025-10-30T22:36:23.573421
ACC_001976,Kotak,True,ENT_00898,2025-09-16T22:36:23.573435
ACC_001977,Axis,True,ENT_00899,2026-04-14T22:36:23.573444
ACC_001978,PNB,True,ENT_00900,2026-03-19T22:36:23.573453
ACC_001979,Kotak,True,ENT_00901,2026-07-20T22:36:23.573464
ACC_001980,Axis,True,ENT_00901,2026-01-27T22:36:23.573470
ACC_001981,Axis,True,ENT_00901,2026-03-06T22:36:23.573475
ACC_001982,Paytm PB,True,ENT_00901,2026-07-17T22:36:23.573480
ACC_001983,HDFC,True,ENT_00901,2026-04-07T22:36:23.573485
ACC_001984,Paytm PB,True,ENT_00902,2025-12-30T22:36:23.573494
ACC_001985,PNB,True,ENT_00902,2026-04-20T22:36:23.573500
ACC_001986,Kotak,True,ENT_00902,2025-09-16T22:36:23.573505
ACC_001987,PNB,True,ENT_00903,2025-10-16T22:36:23.573513
ACC_001988,Paytm PB,True,ENT_00903,2025-10-09T22:36:23.573520
ACC_001989,SBI,True,ENT_00903,2026-05-06T22:36:23.573525
ACC_001990,ICICI,True,ENT_00903,2025-12-27T22:36:23.573530
ACC_001991,SBI,True,ENT_00903,2026-07-06T22:36:23.573535
ACC_001992,SBI,True,ENT_00904,2025-11-23T22:36:23.573544
ACC_001993,Axis,True,ENT_00905,2026-07-24T22:36:23.573556
ACC_001994,Axis,True,ENT_00905,2026-03-24T22:36:23.573562
ACC_001995,Paytm PB,True,ENT_00905,2026-03-31T22:36:23.573567
ACC_001996,SBI,True,ENT_00905,2026-05-23T22:36:23.573571
ACC_001997,Paytm PB,True,ENT_00905,2026-04-05T22:36:23.573576
ACC_001998,ICICI,True,ENT_00906,2025-12-18T22:36:23.573585
ACC_001999,Kotak,True,ENT_00906,2026-05-26T22:36:23.573591
ACC_002000,HDFC,True,ENT_00906,2026-05-27T22:36:23.573596
ACC_002001,ICICI,True,ENT_00906,2025-10-12T22:36:23.573601
ACC_002002,HDFC,True,ENT_00906,2025-09-27T22:36:23.573606
ACC_002003,PNB,True,ENT_00907,2026-03-12T22:36:23.573614
ACC_002004,PNB,True,ENT_00908,2025-10-24T22:36:23.573628
ACC_002005,Paytm PB,True,ENT_00908,2026-02-11T22:36:23.573634
ACC_002006,HDFC,True,ENT_00908,2026-03-04T22:36:23.573639
ACC_002007,SBI,True,ENT_00909,2026-05-11T22:36:23.573648
ACC_002008,HDFC,True,ENT_00910,2025-11-28T22:36:23.573657
ACC_002009,SBI,True,ENT_00910,2026-01-13T22:36:23.573663
ACC_002010,Paytm PB,True,ENT_00911,2026-01-19T22:36:23.573671
ACC_002011,ICICI,True,ENT_00912,2026-04-22T22:36:23.573680
ACC_002012,SBI,True,ENT_00912,2026-02-25T22:36:23.573686
ACC_002013,ICICI,True,ENT_00912,2026-02-10T22:36:23.573691
ACC_002014,ICICI,True,ENT_00912,2026-04-24T22:36:23.573695
ACC_002015,PNB,True,ENT_00912,2025-10-01T22:36:23.573700
ACC_002016,Axis,True,ENT_00913,2025-10-30T22:36:23.573711
ACC_002017,PNB,True,ENT_00913,2025-09-15T22:36:23.573721
ACC_002018,HDFC,True,ENT_00913,2026-06-16T22:36:23.573726
ACC_002019,Kotak,True,ENT_00913,2026-02-17T22:36:23.573748
ACC_002020,Axis,True,ENT_00913,2026-04-12T22:36:23.573755
ACC_002021,Paytm PB,True,ENT_00914,2025-09-29T22:36:23.573764
ACC_002022,SBI,True,ENT_00914,2026-07-24T22:36:23.573770
ACC_002023,Kotak,True,ENT_00914,2026-03-02T22:36:23.573775
ACC_002024,PNB,True,ENT_00915,2026-06-16T22:36:23.573784
ACC_002025,ICICI,True,ENT_00916,2025-11-10T22:36:23.573793
ACC_002026,ICICI,True,ENT_00917,2026-08-01T22:36:23.573802
ACC_002027,Paytm PB,True,ENT_00917,2026-02-03T22:36:23.573811
ACC_002028,PNB,True,ENT_00918,2025-11-26T22:36:23.573823
ACC_002029,Axis,True,ENT_00918,2025-12-07T22:36:23.573829
ACC_002030,HDFC,True,ENT_00918,2026-03-15T22:36:23.573834
ACC_002031,Kotak,True,ENT_00918,2026-05-07T22:36:23.573839
ACC_002032,ICICI,True,ENT_00918,2025-11-23T22:36:23.573843
ACC_002033,HDFC,True,ENT_00919,2026-05-20T22:36:23.573852
ACC_002034,PNB,True,ENT_00919,2025-11-11T22:36:23.573858
ACC_002035,Paytm PB,True,ENT_00919,2026-08-10T22:36:23.573863
ACC_002036,HDFC,True,ENT_00920,2026-04-28T22:36:23.573871
ACC_002037,Kotak,True,ENT_00921,2026-04-26T22:36:23.573880
ACC_002038,PNB,True,ENT_00921,2026-01-08T22:36:23.573887
ACC_002039,SBI,True,ENT_00922,2025-11-11T22:36:23.573899
ACC_002040,Kotak,True,ENT_00923,2026-01-03T22:36:23.573909
ACC_002041,Kotak,True,ENT_00923,2026-07-08T22:36:23.573915
ACC_002042,Kotak,True,ENT_00923,2026-05-27T22:36:23.573920
ACC_002043,HDFC,True,ENT_00923,2025-12-21T22:36:23.573925
ACC_002044,Kotak,True,ENT_00923,2026-02-25T22:36:23.573930
ACC_002045,HDFC,True,ENT_00924,2026-07-07T22:36:23.573938
ACC_002046,HDFC,True,ENT_00924,2026-05-14T22:36:23.573943
ACC_002047,Paytm PB,True,ENT_00925,2026-07-08T22:36:23.573952
ACC_002048,Paytm PB,True,ENT_00925,2026-04-19T22:36:23.573957
ACC_002049,ICICI,True,ENT_00925,2026-01-17T22:36:23.573962
ACC_002050,Axis,True,ENT_00926,2025-09-25T22:36:23.573973
ACC_002051,Axis,True,ENT_00927,2026-03-05T22:36:23.573983
ACC_002052,Axis,True,ENT_00928,2026-06-14T22:36:23.573992
ACC_002053,HDFC,True,ENT_00929,2025-09-19T22:36:23.574001
ACC_002054,Paytm PB,True,ENT_00930,2026-07-12T22:36:23.574009
ACC_002055,PNB,True,ENT_00930,2025-10-18T22:36:23.574015
ACC_002056,HDFC,True,ENT_00930,2026-07-07T22:36:23.574020
ACC_002057,ICICI,True,ENT_00930,2025-11-29T22:36:23.574025
ACC_002058,HDFC,True,ENT_00930,2026-03-18T22:36:23.574030
ACC_002059,ICICI,True,ENT_00931,2025-10-07T22:36:23.574038
ACC_002060,HDFC,True,ENT_00931,2026-03-22T22:36:23.574044
ACC_002061,Axis,True,ENT_00932,2026-01-23T22:36:23.574056
ACC_002062,PNB,True,ENT_00932,2026-07-29T22:36:23.574061
ACC_002063,Axis,True,ENT_00932,2026-05-25T22:36:23.574067
ACC_002064,Paytm PB,True,ENT_00932,2026-04-23T22:36:23.574071
ACC_002065,SBI,True,ENT_00932,2026-01-25T22:36:23.574076
ACC_002066,ICICI,True,ENT_00933,2025-09-23T22:36:23.574085
ACC_002067,ICICI,True,ENT_00934,2025-09-16T22:36:23.574094
ACC_002068,HDFC,True,ENT_00935,2025-11-03T22:36:23.574103
ACC_002069,PNB,True,ENT_00935,2025-11-02T22:36:23.574109
ACC_002070,HDFC,True,ENT_00936,2026-07-23T22:36:23.574118
ACC_002071,HDFC,True,ENT_00936,2025-10-24T22:36:23.574123
ACC_002072,Paytm PB,True,ENT_00936,2026-01-24T22:36:23.574131
ACC_002073,Paytm PB,True,ENT_00936,2025-11-06T22:36:23.574136
ACC_002074,HDFC,True,ENT_00936,2026-03-10T22:36:23.574141
ACC_002075,Kotak,True,ENT_00937,2026-02-18T22:36:23.574150
ACC_002076,Axis,True,ENT_00938,2025-09-17T22:36:23.574159
ACC_002077,SBI,True,ENT_00939,2026-05-23T22:36:23.574168
ACC_002078,SBI,True,ENT_00939,2026-04-22T22:36:23.574174
ACC_002079,Paytm PB,True,ENT_00939,2026-04-06T22:36:23.574181
ACC_002080,HDFC,True,ENT_00940,2026-05-13T22:36:23.574190
ACC_002081,Kotak,True,ENT_00940,2025-10-27T22:36:23.574196
ACC_002082,PNB,True,ENT_00940,2026-07-17T22:36:23.574201
ACC_002083,PNB,True,ENT_00940,2025-11-05T22:36:23.574206
ACC_002084,Axis,True,ENT_00940,2025-09-17T22:36:23.574215
ACC_002085,HDFC,True,ENT_00941,2026-03-18T22:36:23.574224
ACC_002086,Kotak,True,ENT_00941,2026-07-10T22:36:23.574229
ACC_002087,ICICI,True,ENT_00941,2026-06-24T22:36:23.574234
ACC_002088,Kotak,True,ENT_00942,2025-10-20T22:36:23.574243
ACC_002089,ICICI,True,ENT_00943,2026-02-12T22:36:23.574251
ACC_002090,SBI,True,ENT_00943,2025-09-12T22:36:23.574257
ACC_002091,SBI,True,ENT_00943,2026-06-23T22:36:23.574262
ACC_002092,Paytm PB,True,ENT_00944,2026-07-09T22:36:23.574270
ACC_002093,ICICI,True,ENT_00945,2025-12-08T22:36:23.574279
ACC_002094,Axis,True,ENT_00945,2026-02-26T22:36:23.574284
ACC_002095,Kotak,True,ENT_00946,2026-03-10T22:36:23.574296
ACC_002096,Paytm PB,True,ENT_00947,2026-05-27T22:36:23.574305
ACC_002097,Paytm PB,True,ENT_00947,2025-10-27T22:36:23.574310
ACC_002098,ICICI,True,ENT_00947,2026-03-05T22:36:23.574315
ACC_002099,Axis,True,ENT_00947,2026-05-19T22:36:23.574320
ACC_002100,HDFC,True,ENT_00947,2026-03-06T22:36:23.574325
ACC_002101,PNB,True,ENT_00948,2026-04-22T22:36:23.574333
ACC_002102,Kotak,True,ENT_00949,2025-09-19T22:36:23.574342
ACC_002103,Axis,True,ENT_00949,2026-03-25T22:36:23.574347
ACC_002104,PNB,True,ENT_00949,2026-02-10T22:36:23.574352
ACC_002105,SBI,True,ENT_00949,2026-02-25T22:36:23.574357
ACC_002106,Axis,True,ENT_00950,2025-12-28T22:36:23.574368
ACC_002107,ICICI,True,ENT_00950,2026-03-10T22:36:23.574374
ACC_002108,Axis,True,ENT_00950,2025-11-04T22:36:23.574380
ACC_002109,SBI,True,ENT_00951,2025-09-17T22:36:23.574388
ACC_002110,Paytm PB,True,ENT_00951,2026-07-03T22:36:23.574394
ACC_002111,PNB,True,ENT_00951,2026-03-23T22:36:23.574398
ACC_002112,PNB,True,ENT_00951,2026-06-03T22:36:23.574404
ACC_002113,SBI,True,ENT_00952,2026-04-01T22:36:23.574412
ACC_002114,Kotak,True,ENT_00952,2025-09-27T22:36:23.574417
ACC_002115,HDFC,True,ENT_00952,2026-07-06T22:36:23.574423
ACC_002116,HDFC,True,ENT_00952,2025-11-27T22:36:23.574428
ACC_002117,Kotak,True,ENT_00952,2026-07-29T22:36:23.574433
ACC_002118,Paytm PB,True,ENT_00953,2026-01-18T22:36:23.574444
ACC_002119,PNB,True,ENT_00953,2025-10-15T22:36:23.574450
ACC_002120,HDFC,True,ENT_00954,2025-11-04T22:36:23.574458
ACC_002121,Paytm PB,True,ENT_00955,2025-11-10T22:36:23.574467
ACC_002122,Kotak,True,ENT_00956,2026-05-29T22:36:23.574476
ACC_002123,ICICI,True,ENT_00956,2026-01-25T22:36:23.574482
ACC_002124,PNB,True,ENT_00957,2025-10-16T22:36:23.574490
ACC_002125,PNB,True,ENT_00958,2026-03-18T22:36:23.574499
ACC_002126,Axis,True,ENT_00959,2025-11-30T22:36:23.574508
ACC_002127,Paytm PB,True,ENT_00959,2026-06-28T22:36:23.574514
ACC_002128,Axis,True,ENT_00959,2026-02-08T22:36:23.574522
ACC_002129,Paytm PB,True,ENT_00959,2026-08-08T22:36:23.574527
ACC_002130,SBI,True,ENT_00960,2025-10-03T22:36:23.574538
ACC_002131,Kotak,True,ENT_00960,2026-05-21T22:36:23.574545
ACC_002132,PNB,True,ENT_00960,2025-11-23T22:36:23.574550
ACC_002133,SBI,True,ENT_00960,2025-12-28T22:36:23.574555
ACC_002134,SBI,True,ENT_00961,2025-10-28T22:36:23.574564
ACC_002135,Kotak,True,ENT_00962,2026-05-31T22:36:23.574573
ACC_002136,Kotak,True,ENT_00962,2025-12-09T22:36:23.574579
ACC_002137,ICICI,True,ENT_00962,2026-07-24T22:36:23.574584
ACC_002138,SBI,True,ENT_00962,2025-12-07T22:36:23.574589
ACC_002139,SBI,True,ENT_00962,2026-07-12T22:36:23.574594
ACC_002140,ICICI,True,ENT_00963,2026-04-16T22:36:23.574605
ACC_002141,Kotak,True,ENT_00964,2026-04-30T22:36:23.574614
ACC_002142,PNB,True,ENT_00965,2026-02-10T22:36:23.574623
ACC_002143,Axis,True,ENT_00966,2025-12-24T22:36:23.574632
ACC_002144,HDFC,True,ENT_00966,2026-07-24T22:36:23.574638
ACC_002145,ICICI,True,ENT_00967,2026-06-22T22:36:23.574646
ACC_002146,Kotak,True,ENT_00967,2025-11-20T22:36:23.574652
ACC_002147,Kotak,True,ENT_00967,2026-03-26T22:36:23.574657
ACC_002148,PNB,True,ENT_00967,2026-04-01T22:36:23.574662
ACC_002149,Paytm PB,True,ENT_00967,2025-11-08T22:36:23.574666
ACC_002150,SBI,True,ENT_00968,2026-02-02T22:36:23.574675
ACC_002151,Axis,True,ENT_00969,2026-02-07T22:36:23.574687
ACC_002152,Paytm PB,True,ENT_00969,2025-09-13T22:36:23.574693
ACC_002153,PNB,True,ENT_00969,2026-07-05T22:36:23.574698
ACC_002154,ICICI,True,ENT_00970,2026-02-02T22:36:23.574706
ACC_002155,Paytm PB,True,ENT_00971,2026-01-18T22:36:23.574715
ACC_002156,PNB,True,ENT_00972,2026-02-18T22:36:23.574723
ACC_002157,Axis,True,ENT_00972,2025-12-10T22:36:23.574729
ACC_002158,Paytm PB,True,ENT_00972,2026-08-10T22:36:23.574734
ACC_002159,Paytm PB,True,ENT_00972,2026-06-03T22:36:23.574739
ACC_002160,SBI,True,ENT_00973,2026-04-18T22:36:23.574747
ACC_002161,Paytm PB,True,ENT_00974,2025-09-18T22:36:23.574759
ACC_002162,ICICI,True,ENT_00974,2026-04-27T22:36:23.574765
ACC_002163,SBI,True,ENT_00974,2026-05-10T22:36:23.574769
ACC_002164,SBI,True,ENT_00974,2026-02-09T22:36:23.574774
ACC_002165,Paytm PB,True,ENT_00974,2026-06-14T22:36:23.574779
ACC_002166,SBI,True,ENT_00975,2026-01-13T22:36:23.574787
ACC_002167,PNB,True,ENT_00975,2026-02-25T22:36:23.574793
ACC_002168,Kotak,True,ENT_00975,2026-06-16T22:36:23.574798
ACC_002169,Axis,True,ENT_00975,2025-12-11T22:36:23.574803
ACC_002170,SBI,True,ENT_00976,2025-10-15T22:36:23.574811
ACC_002171,SBI,True,ENT_00976,2025-09-16T22:36:23.574817
ACC_002172,HDFC,True,ENT_00977,2026-04-11T22:36:23.574825
ACC_002173,SBI,True,ENT_00978,2025-10-24T22:36:23.574837
ACC_002174,SBI,True,ENT_00979,2026-06-06T22:36:23.574846
ACC_002175,Paytm PB,True,ENT_00980,2026-07-24T22:36:23.574855
ACC_002176,Paytm PB,True,ENT_00980,2026-05-30T22:36:23.574860
ACC_002177,HDFC,True,ENT_00980,2026-05-20T22:36:23.574865
ACC_002178,ICICI,True,ENT_00980,2026-05-13T22:36:23.574873
ACC_002179,Paytm PB,True,ENT_00980,2026-01-18T22:36:23.574878
ACC_002180,Paytm PB,True,ENT_00981,2025-09-21T22:36:23.574890
ACC_002181,Kotak,True,ENT_00982,2026-03-21T22:36:23.574900
ACC_002182,SBI,True,ENT_00983,2025-12-27T22:36:23.574909
ACC_002183,Axis,True,ENT_00984,2025-12-10T22:36:23.574920
ACC_002184,SBI,True,ENT_00984,2026-04-23T22:36:23.574926
ACC_002185,PNB,True,ENT_00984,2026-01-15T22:36:23.574931
ACC_002186,Paytm PB,True,ENT_00984,2026-06-01T22:36:23.574936
ACC_002187,PNB,True,ENT_00984,2025-10-19T22:36:23.574941
ACC_002188,Paytm PB,True,ENT_00985,2025-11-25T22:36:23.574950
ACC_002189,ICICI,True,ENT_00985,2026-05-20T22:36:23.574956
ACC_002190,Kotak,True,ENT_00985,2026-02-19T22:36:23.574960
ACC_002191,Axis,True,ENT_00985,2025-10-12T22:36:23.574965
ACC_002192,Paytm PB,True,ENT_00985,2026-07-09T22:36:23.574970
ACC_002193,Axis,True,ENT_00986,2026-01-28T22:36:23.574979
ACC_002194,HDFC,True,ENT_00987,2026-08-05T22:36:23.574988
ACC_002195,SBI,True,ENT_00987,2025-11-19T22:36:23.574993
ACC_002196,Kotak,True,ENT_00988,2026-01-11T22:36:23.575005
ACC_002197,PNB,True,ENT_00988,2026-05-29T22:36:23.575010
ACC_002198,HDFC,True,ENT_00989,2026-05-15T22:36:23.575019
ACC_002199,Axis,True,ENT_00989,2025-10-03T22:36:23.575024
ACC_002200,HDFC,True,ENT_00990,2025-11-14T22:36:23.575032
ACC_002201,PNB,True,ENT_00991,2026-06-14T22:36:23.575041
ACC_002202,Axis,True,ENT_00992,2026-06-08T22:36:23.575050
ACC_002203,Paytm PB,True,ENT_00993,2026-08-13T22:36:23.575059
ACC_002204,PNB,True,ENT_00993,2025-09-15T22:36:23.575064
ACC_002205,Paytm PB,True,ENT_00994,2026-01-10T22:36:23.575075
ACC_002206,ICICI,True,ENT_00994,2026-07-22T22:36:23.575081
ACC_002207,Paytm PB,True,ENT_00995,2026-01-06T22:36:23.575090
ACC_002208,SBI,True,ENT_00995,2025-12-10T22:36:23.575095
ACC_002209,ICICI,True,ENT_00996,2025-10-16T22:36:23.575104
ACC_002210,PNB,True,ENT_00996,2025-10-23T22:36:23.575110
ACC_002211,Axis,True,ENT_00997,2026-06-06T22:36:23.575119
ACC_002212,ICICI,True,ENT_00997,2025-12-12T22:36:23.575124
ACC_002213,PNB,True,ENT_00997,2026-04-16T22:36:23.575129
ACC_002214,ICICI,True,ENT_00998,2025-10-11T22:36:23.575138
ACC_002215,Paytm PB,True,ENT_00998,2026-01-16T22:36:23.575143
ACC_002216,ICICI,True,ENT_00998,2026-05-09T22:36:23.575151
ACC_002217,Kotak,True,ENT_00999,2026-08-10T22:36:23.575160
ACC_002218,Paytm PB,True,ENT_01000,2026-06-14T22:36:23.575168
ACC_002219,Paytm PB,True,ENT_01000,2026-08-10T22:36:23.575174
ACC_002220,Kotak,True,ENT_01001,2026-04-30T22:36:23.575183
ACC_002221,PNB,True,ENT_01002,2026-03-05T22:36:23.575192
ACC_002222,ICICI,True,ENT_01003,2026-06-20T22:36:23.575202
ACC_002223,Axis,True,ENT_01004,2025-09-14T22:36:23.575211
ACC_002224,ICICI,True,ENT_01005,2025-11-12T22:36:23.575220
ACC_002225,Axis,True,ENT_01005,2025-10-28T22:36:23.575226
ACC_002226,ICICI,True,ENT_01005,2025-10-04T22:36:23.575233
ACC_002227,ICICI,True,ENT_01005,2026-01-22T22:36:23.575239
ACC_002228,PNB,True,ENT_01005,2026-05-01T22:36:23.575244
ACC_002229,Paytm PB,True,ENT_01006,2025-11-01T22:36:23.575253
ACC_002230,Axis,True,ENT_01006,2026-05-14T22:36:23.575259
ACC_002231,ICICI,True,ENT_01006,2025-10-31T22:36:23.575264
ACC_002232,ICICI,True,ENT_01007,2026-03-09T22:36:23.575276
ACC_002233,PNB,True,ENT_01008,2026-01-22T22:36:23.575285
ACC_002234,Kotak,True,ENT_01008,2026-06-04T22:36:23.575291
ACC_002235,PNB,True,ENT_01008,2026-06-14T22:36:23.575296
ACC_002236,Kotak,True,ENT_01008,2026-04-18T22:36:23.575302
ACC_002237,Axis,True,ENT_01008,2026-05-23T22:36:23.575310
ACC_002238,SBI,True,ENT_01009,2025-11-26T22:36:23.575319
ACC_002239,Axis,True,ENT_01009,2026-02-21T22:36:23.575325
ACC_002240,SBI,True,ENT_01010,2026-01-26T22:36:23.575334
ACC_002241,Kotak,True,ENT_01010,2026-08-11T22:36:23.575340
ACC_002242,PNB,True,ENT_01010,2026-06-28T22:36:23.575345
ACC_002243,PNB,True,ENT_01010,2026-05-31T22:36:23.575350
ACC_002244,Axis,True,ENT_01010,2025-10-10T22:36:23.575354
ACC_002245,HDFC,True,ENT_01011,2026-07-12T22:36:23.575363
ACC_002246,SBI,True,ENT_01012,2026-02-05T22:36:23.575372
ACC_002247,HDFC,True,ENT_01012,2025-10-06T22:36:23.575378
ACC_002248,HDFC,True,ENT_01012,2026-01-29T22:36:23.575383
ACC_002249,Axis,True,ENT_01012,2025-10-03T22:36:23.575388
ACC_002250,Kotak,True,ENT_01012,2025-11-20T22:36:23.575393
ACC_002251,Kotak,True,ENT_01013,2025-10-12T22:36:23.575405
ACC_002252,PNB,True,ENT_01014,2026-05-16T22:36:23.575415
ACC_002253,Kotak,True,ENT_01014,2025-12-03T22:36:23.575420
ACC_002254,HDFC,True,ENT_01015,2026-05-02T22:36:23.575429
ACC_002255,SBI,True,ENT_01016,2026-07-27T22:36:23.575438
ACC_002256,PNB,True,ENT_01016,2025-10-11T22:36:23.575444
ACC_002257,Paytm PB,True,ENT_01016,2025-11-22T22:36:23.575449
ACC_002258,Kotak,True,ENT_01016,2026-04-17T22:36:23.575453
ACC_002259,Kotak,True,ENT_01017,2026-07-26T22:36:23.575462
ACC_002260,SBI,True,ENT_01018,2025-09-12T22:36:23.575474
ACC_002261,HDFC,True,ENT_01018,2026-05-25T22:36:23.575480
ACC_002262,HDFC,True,ENT_01018,2026-03-25T22:36:23.575485
ACC_002263,PNB,True,ENT_01018,2026-01-21T22:36:23.575490
ACC_002264,ICICI,True,ENT_01018,2026-01-23T22:36:23.575495
ACC_002265,Paytm PB,True,ENT_01019,2026-05-03T22:36:23.575503
ACC_002266,Kotak,True,ENT_01020,2026-07-09T22:36:23.575512
ACC_002267,Paytm PB,True,ENT_01021,2026-03-21T22:36:23.575521
ACC_002268,ICICI,True,ENT_01022,2026-03-25T22:36:23.575530
ACC_002269,SBI,True,ENT_01022,2025-10-07T22:36:23.575535
ACC_002270,SBI,True,ENT_01022,2025-12-24T22:36:23.575540
ACC_002271,Axis,True,ENT_01022,2025-10-23T22:36:23.575545
ACC_002272,HDFC,True,ENT_01022,2026-04-02T22:36:23.575551
ACC_002273,Axis,True,ENT_01023,2025-11-27T22:36:23.575562
ACC_002274,Paytm PB,True,ENT_01024,2026-07-07T22:36:23.575572
ACC_002275,ICICI,True,ENT_01025,2026-06-15T22:36:23.575581
ACC_002276,Paytm PB,True,ENT_01026,2025-10-23T22:36:23.575590
ACC_002277,Kotak,True,ENT_01027,2025-12-30T22:36:23.575599
ACC_002278,Paytm PB,True,ENT_01028,2025-12-09T22:36:23.575608
ACC_002279,PNB,True,ENT_01028,2026-04-11T22:36:23.575613
ACC_002280,PNB,True,ENT_01029,2025-12-22T22:36:23.575622
ACC_002281,Paytm PB,True,ENT_01030,2026-07-30T22:36:23.575634
ACC_002282,HDFC,True,ENT_01031,2026-04-03T22:36:23.575646
ACC_002283,Axis,True,ENT_01032,2025-09-23T22:36:23.575655
ACC_002284,Kotak,True,ENT_01033,2026-04-18T22:36:23.575664
ACC_002285,Axis,True,ENT_01034,2026-02-14T22:36:23.575674
ACC_002286,Kotak,True,ENT_01035,2026-04-01T22:36:23.575682
ACC_002287,ICICI,True,ENT_01036,2026-06-27T22:36:23.575692
ACC_002288,Kotak,True,ENT_01037,2026-02-19T22:36:23.575703
ACC_002289,Paytm PB,True,ENT_01038,2026-05-14T22:36:23.575716
ACC_002290,Axis,True,ENT_01038,2026-03-06T22:36:23.575722
ACC_002291,SBI,True,ENT_01039,2025-10-24T22:36:23.575730
ACC_002292,ICICI,True,ENT_01039,2026-05-12T22:36:23.575736
ACC_002293,Kotak,True,ENT_01039,2026-05-08T22:36:23.575741
ACC_002294,Kotak,True,ENT_01040,2026-05-03T22:36:23.575749
ACC_002295,Kotak,True,ENT_01041,2026-04-12T22:36:23.575758
ACC_002296,SBI,True,ENT_01042,2026-04-18T22:36:23.575767
ACC_002297,SBI,True,ENT_01042,2026-04-08T22:36:23.575773
ACC_002298,SBI,True,ENT_01043,2026-06-20T22:36:23.575785
ACC_002299,HDFC,True,ENT_01044,2025-12-04T22:36:23.575794
ACC_002300,PNB,True,ENT_01045,2025-11-09T22:36:23.575804
ACC_002301,PNB,True,ENT_01046,2025-12-10T22:36:23.575813
ACC_002302,ICICI,True,ENT_01046,2025-09-30T22:36:23.575818
ACC_002303,ICICI,True,ENT_01046,2025-12-04T22:36:23.575823
ACC_002304,Axis,True,ENT_01047,2026-05-12T22:36:23.575832
ACC_002305,PNB,True,ENT_01047,2025-11-25T22:36:23.575838
ACC_002306,ICICI,True,ENT_01047,2026-01-22T22:36:23.575843
ACC_002307,SBI,True,ENT_01047,2025-10-22T22:36:23.575848
ACC_002308,SBI,True,ENT_01047,2026-07-17T22:36:23.575853
ACC_002309,Axis,True,ENT_01048,2025-11-10T22:36:23.575861
ACC_002310,Paytm PB,True,ENT_01049,2026-02-17T22:36:23.575873
ACC_002311,PNB,True,ENT_01050,2026-05-16T22:36:23.575882
ACC_002312,Axis,True,ENT_01050,2026-06-13T22:36:23.575888
ACC_002313,Kotak,True,ENT_01050,2025-11-21T22:36:23.575893
ACC_002314,Axis,True,ENT_01050,2026-03-05T22:36:23.575898
ACC_002315,HDFC,True,ENT_01051,2026-04-28T22:36:23.575907
ACC_002316,Axis,True,ENT_01051,2025-10-20T22:36:23.575912
ACC_002317,HDFC,True,ENT_01051,2026-02-28T22:36:23.575917
ACC_002318,ICICI,True,ENT_01051,2025-10-04T22:36:23.575922
ACC_002319,PNB,True,ENT_01051,2026-04-03T22:36:23.575927
ACC_002320,Paytm PB,True,ENT_01052,2026-04-01T22:36:23.575935
ACC_002321,ICICI,True,ENT_01053,2025-12-15T22:36:23.575955
ACC_002322,ICICI,True,ENT_01054,2026-05-11T22:36:23.575965
ACC_002323,Axis,True,ENT_01055,2026-04-28T22:36:23.575974
ACC_002324,Axis,True,ENT_01055,2026-02-04T22:36:23.575979
ACC_002325,ICICI,True,ENT_01055,2026-01-20T22:36:23.575984
ACC_002326,ICICI,True,ENT_01055,2025-12-26T22:36:23.575989
ACC_002327,SBI,True,ENT_01055,2025-10-25T22:36:23.575994
ACC_002328,Paytm PB,True,ENT_01056,2026-04-18T22:36:23.576003
ACC_002329,Kotak,True,ENT_01057,2026-03-28T22:36:23.576012
ACC_002330,Paytm PB,True,ENT_01058,2026-01-04T22:36:23.576021
ACC_002331,PNB,True,ENT_01058,2026-01-30T22:36:23.576026
ACC_002332,SBI,True,ENT_01059,2026-05-29T22:36:23.576037
ACC_002333,PNB,True,ENT_01060,2026-08-09T22:36:23.576048
ACC_002334,Axis,True,ENT_01061,2025-12-01T22:36:23.576060
ACC_002335,PNB,True,ENT_01062,2025-09-25T22:36:23.576073
ACC_002336,Paytm PB,True,ENT_01062,2025-11-13T22:36:23.576079
ACC_002337,Kotak,True,ENT_01062,2026-03-05T22:36:23.576084
ACC_002338,PNB,True,ENT_01062,2025-12-07T22:36:23.576088
ACC_002339,ICICI,True,ENT_01062,2026-04-07T22:36:23.576093
ACC_002340,Axis,True,ENT_01063,2026-06-24T22:36:23.576102
ACC_002341,Kotak,True,ENT_01063,2026-05-22T22:36:23.576107
ACC_002342,SBI,True,ENT_01064,2026-04-05T22:36:23.576119
ACC_002343,PNB,True,ENT_01065,2025-09-25T22:36:23.576128
ACC_002344,Axis,True,ENT_01066,2026-02-23T22:36:23.576137
ACC_002345,ICICI,True,ENT_01066,2026-02-10T22:36:23.576143
ACC_002346,ICICI,True,ENT_01066,2025-10-31T22:36:23.576148
ACC_002347,Paytm PB,True,ENT_01066,2026-04-04T22:36:23.576153
ACC_002348,ICICI,True,ENT_01066,2026-08-03T22:36:23.576158
ACC_002349,HDFC,True,ENT_01067,2026-02-15T22:36:23.576166
ACC_002350,Paytm PB,True,ENT_01068,2025-10-23T22:36:23.576175
ACC_002351,PNB,True,ENT_01069,2026-03-21T22:36:23.576184
ACC_002352,ICICI,True,ENT_01069,2026-02-28T22:36:23.576190
ACC_002353,Kotak,True,ENT_01069,2025-11-25T22:36:23.576198
ACC_002354,PNB,True,ENT_01070,2025-12-28T22:36:23.576208
ACC_002355,Axis,True,ENT_01071,2025-10-03T22:36:23.576217
ACC_002356,ICICI,True,ENT_01071,2025-12-19T22:36:23.576223
ACC_002357,Kotak,True,ENT_01071,2026-05-31T22:36:23.576228
ACC_002358,PNB,True,ENT_01071,2026-05-20T22:36:23.576233
ACC_002359,Kotak,True,ENT_01071,2026-02-22T22:36:23.576238
ACC_002360,Kotak,True,ENT_01072,2025-10-04T22:36:23.576246
ACC_002361,Paytm PB,True,ENT_01072,2026-01-18T22:36:23.576252
ACC_002362,PNB,True,ENT_01072,2026-07-08T22:36:23.576257
ACC_002363,SBI,True,ENT_01073,2026-02-19T22:36:23.576267
ACC_002364,SBI,True,ENT_01073,2026-03-06T22:36:23.576275
ACC_002365,ICICI,True,ENT_01073,2025-09-13T22:36:23.576281
ACC_002366,ICICI,True,ENT_01073,2026-03-30T22:36:23.576287
ACC_002367,ICICI,True,ENT_01074,2025-12-29T22:36:23.576296
ACC_002368,PNB,True,ENT_01074,2026-02-09T22:36:23.576302
ACC_002369,Kotak,True,ENT_01074,2025-10-17T22:36:23.576307
ACC_002370,Paytm PB,True,ENT_01074,2025-12-26T22:36:23.576312
ACC_002371,Axis,True,ENT_01074,2026-05-20T22:36:23.576317
ACC_002372,PNB,True,ENT_01075,2026-08-02T22:36:23.576325
ACC_002373,Kotak,True,ENT_01076,2026-04-15T22:36:23.576334
ACC_002374,Kotak,True,ENT_01077,2026-07-04T22:36:23.576343
ACC_002375,SBI,True,ENT_01078,2026-01-22T22:36:23.576352
ACC_002376,HDFC,True,ENT_01079,2026-07-12T22:36:23.576364
ACC_002377,Paytm PB,True,ENT_01080,2026-07-17T22:36:23.576374
ACC_002378,PNB,True,ENT_01081,2026-01-22T22:36:23.576382
ACC_002379,Paytm PB,True,ENT_01081,2026-07-02T22:36:23.576388
ACC_002380,ICICI,True,ENT_01082,2025-10-01T22:36:23.576396
ACC_002381,SBI,True,ENT_01082,2026-07-01T22:36:23.576403
ACC_002382,ICICI,True,ENT_01083,2026-04-18T22:36:23.576412
ACC_002383,Kotak,True,ENT_01084,2026-03-21T22:36:23.576420
ACC_002384,Axis,True,ENT_01084,2025-09-27T22:36:23.576429
ACC_002385,SBI,True,ENT_01084,2026-06-07T22:36:23.576436
ACC_002386,Paytm PB,True,ENT_01084,2026-05-18T22:36:23.576441
ACC_002387,HDFC,True,ENT_01084,2026-07-27T22:36:23.576446
ACC_002388,PNB,True,ENT_01085,2026-02-28T22:36:23.576455
ACC_002389,PNB,True,ENT_01085,2025-12-13T22:36:23.576460
ACC_002390,Axis,True,ENT_01085,2025-11-10T22:36:23.576465
ACC_002391,ICICI,True,ENT_01085,2025-11-06T22:36:23.576470
ACC_002392,SBI,True,ENT_01086,2025-11-10T22:36:23.576479
ACC_002393,Paytm PB,True,ENT_01087,2025-10-12T22:36:23.576488
ACC_002394,Kotak,True,ENT_01088,2025-09-22T22:36:23.576497
ACC_002395,Paytm PB,True,ENT_01089,2025-09-20T22:36:23.576506
ACC_002396,Kotak,True,ENT_01089,2025-11-13T22:36:23.576512
ACC_002397,ICICI,True,ENT_01089,2026-02-17T22:36:23.576521
ACC_002398,Axis,True,ENT_01089,2025-11-10T22:36:23.576526
ACC_002399,SBI,True,ENT_01089,2026-06-29T22:36:23.576531
ACC_002400,ICICI,True,ENT_01090,2026-02-07T22:36:23.576540
ACC_002401,ICICI,True,ENT_01091,2026-05-26T22:36:23.576549
ACC_002402,HDFC,True,ENT_01092,2026-08-13T22:36:23.576557
ACC_002403,Paytm PB,True,ENT_01092,2026-06-05T22:36:23.576563
ACC_002404,ICICI,True,ENT_01092,2026-03-20T22:36:23.576568
ACC_002405,Axis,True,ENT_01092,2025-11-13T22:36:23.576573
ACC_002406,HDFC,True,ENT_01092,2025-12-05T22:36:23.576578
ACC_002407,ICICI,True,ENT_01093,2026-08-09T22:36:23.576590
ACC_002408,PNB,True,ENT_01093,2026-01-05T22:36:23.576595
ACC_002409,PNB,True,ENT_01093,2026-03-17T22:36:23.576600
ACC_002410,Paytm PB,True,ENT_01093,2026-04-17T22:36:23.576605
ACC_002411,PNB,True,ENT_01093,2026-08-10T22:36:23.576610
ACC_002412,SBI,True,ENT_01094,2026-01-15T22:36:23.576619
ACC_002413,Axis,True,ENT_01095,2026-04-08T22:36:23.576627
ACC_002414,Kotak,True,ENT_01096,2025-09-17T22:36:23.576637
ACC_002415,PNB,True,ENT_01097,2026-02-01T22:36:23.576646
ACC_002416,SBI,True,ENT_01097,2026-04-01T22:36:23.576652
ACC_002417,HDFC,True,ENT_01097,2026-01-09T22:36:23.576657
ACC_002418,Kotak,True,ENT_01097,2026-04-13T22:36:23.576662
ACC_002419,Paytm PB,True,ENT_01097,2025-10-04T22:36:23.576667
ACC_002420,ICICI,True,ENT_01098,2025-09-15T22:36:23.576678
ACC_002421,Axis,True,ENT_01099,2026-05-09T22:36:23.576689
ACC_002422,PNB,True,ENT_01099,2026-07-09T22:36:23.576694
ACC_002423,SBI,True,ENT_01099,2026-06-05T22:36:23.576699
ACC_002424,ICICI,True,ENT_01099,2026-06-18T22:36:23.576704
ACC_002425,Kotak,True,ENT_01099,2025-12-23T22:36:23.576709
ACC_002426,ICICI,True,ENT_01100,2025-09-29T22:36:23.576718
ACC_002427,SBI,True,ENT_01101,2026-03-02T22:36:23.576727
ACC_002428,SBI,True,ENT_01102,2026-07-19T22:36:23.576736
ACC_002429,Paytm PB,True,ENT_01102,2026-08-02T22:36:23.576741
ACC_002430,HDFC,True,ENT_01103,2026-03-22T22:36:23.576753
ACC_002431,SBI,True,ENT_01104,2026-01-01T22:36:23.576762
ACC_002432,SBI,True,ENT_01105,2026-06-28T22:36:23.576771
ACC_002433,SBI,True,ENT_01105,2026-08-06T22:36:23.576777
ACC_002434,Axis,True,ENT_01105,2026-04-24T22:36:23.576782
ACC_002435,ICICI,True,ENT_01105,2026-01-10T22:36:23.576787
ACC_002436,ICICI,True,ENT_01105,2025-12-01T22:36:23.576794
ACC_002437,Axis,True,ENT_01106,2026-07-28T22:36:23.576804
ACC_002438,ICICI,True,ENT_01106,2026-07-03T22:36:23.576809
ACC_002439,PNB,True,ENT_01106,2026-05-31T22:36:23.576814
ACC_002440,HDFC,True,ENT_01106,2026-03-30T22:36:23.576819
ACC_002441,HDFC,True,ENT_01107,2025-11-08T22:36:23.576828
ACC_002442,SBI,True,ENT_01108,2026-05-07T22:36:23.576840
ACC_002443,PNB,True,ENT_01108,2026-04-07T22:36:23.576846
ACC_002444,PNB,True,ENT_01108,2026-01-30T22:36:23.576851
ACC_002445,HDFC,True,ENT_01109,2026-04-08T22:36:23.576860
ACC_002446,PNB,True,ENT_01110,2025-12-30T22:36:23.576869
ACC_002447,SBI,True,ENT_01110,2026-07-27T22:36:23.576875
ACC_002448,Axis,True,ENT_01111,2026-06-26T22:36:23.576883
ACC_002449,Paytm PB,True,ENT_01111,2026-04-29T22:36:23.576888
ACC_002450,Axis,True,ENT_01112,2026-03-07T22:36:23.576897
ACC_002451,SBI,True,ENT_01113,2025-09-25T22:36:23.576909
ACC_002452,Kotak,True,ENT_01113,2026-07-23T22:36:23.576916
ACC_002453,Kotak,True,ENT_01113,2025-11-05T22:36:23.576920
ACC_002454,Paytm PB,True,ENT_01113,2026-06-12T22:36:23.576925
ACC_002455,ICICI,True,ENT_01113,2025-12-10T22:36:23.576930
ACC_002456,SBI,True,ENT_01114,2026-02-10T22:36:23.576939
ACC_002457,HDFC,True,ENT_01114,2026-04-24T22:36:23.576944
ACC_002458,SBI,True,ENT_01115,2025-09-23T22:36:23.576953
ACC_002459,ICICI,True,ENT_01116,2026-08-06T22:36:23.576962
ACC_002460,SBI,True,ENT_01116,2026-03-25T22:36:23.576967
ACC_002461,Axis,True,ENT_01117,2026-04-11T22:36:23.576976
ACC_002462,HDFC,True,ENT_01118,2025-10-20T22:36:23.576984
ACC_002463,PNB,True,ENT_01118,2025-12-13T22:36:23.576992
ACC_002464,Kotak,True,ENT_01118,2025-10-12T22:36:23.576998
ACC_002465,SBI,True,ENT_01118,2026-02-04T22:36:23.577003
ACC_002466,PNB,True,ENT_01118,2026-06-29T22:36:23.577008
ACC_002467,SBI,True,ENT_01119,2025-12-01T22:36:23.577016
ACC_002468,HDFC,True,ENT_01119,2025-10-01T22:36:23.577022
ACC_002469,ICICI,True,ENT_01119,2025-09-27T22:36:23.577027
ACC_002470,HDFC,True,ENT_01119,2026-07-14T22:36:23.577032
ACC_002471,ICICI,True,ENT_01119,2025-09-17T22:36:23.577037
ACC_002472,Kotak,True,ENT_01120,2025-11-12T22:36:23.577045
ACC_002473,PNB,True,ENT_01120,2026-06-20T22:36:23.577051
ACC_002474,Axis,True,ENT_01121,2026-04-16T22:36:23.577062
ACC_002475,ICICI,True,ENT_01121,2025-11-01T22:36:23.577068
ACC_002476,PNB,True,ENT_01122,2026-01-01T22:36:23.577077
ACC_002477,HDFC,True,ENT_01123,2026-02-01T22:36:23.577086
ACC_002478,ICICI,True,ENT_01123,2026-06-06T22:36:23.577091
ACC_002479,ICICI,True,ENT_01123,2026-07-24T22:36:23.577096
ACC_002480,Axis,True,ENT_01123,2026-01-01T22:36:23.577101
ACC_002481,Paytm PB,True,ENT_01123,2026-03-16T22:36:23.577106
ACC_002482,SBI,True,ENT_01124,2025-10-27T22:36:23.577115
ACC_002483,SBI,True,ENT_01124,2025-11-08T22:36:23.577120
ACC_002484,ICICI,True,ENT_01124,2026-03-01T22:36:23.577126
ACC_002485,Kotak,True,ENT_01124,2025-12-17T22:36:23.577131
ACC_002486,ICICI,True,ENT_01124,2025-10-11T22:36:23.577136
ACC_002487,HDFC,True,ENT_01125,2025-11-15T22:36:23.577148
ACC_002488,SBI,True,ENT_01125,2025-12-26T22:36:23.577156
ACC_002489,PNB,True,ENT_01126,2026-04-01T22:36:23.577166
ACC_002490,Axis,True,ENT_01127,2026-08-13T22:36:23.577175
ACC_002491,PNB,True,ENT_01127,2025-09-21T22:36:23.577180
ACC_002492,Paytm PB,True,ENT_01127,2026-01-31T22:36:23.577185
ACC_002493,HDFC,True,ENT_01128,2025-09-30T22:36:23.577194
ACC_002494,PNB,True,ENT_01128,2026-02-08T22:36:23.577199
ACC_002495,ICICI,True,ENT_01129,2026-07-12T22:36:23.577208
ACC_002496,SBI,True,ENT_01130,2025-11-18T22:36:23.577217
ACC_002497,Kotak,True,ENT_01130,2025-12-02T22:36:23.577225
ACC_002498,PNB,True,ENT_01130,2025-11-04T22:36:23.577230
ACC_002499,SBI,True,ENT_01130,2025-10-04T22:36:23.577235
ACC_002500,ICICI,True,ENT_01130,2026-03-01T22:36:23.577240
ACC_002501,Kotak,True,ENT_01131,2026-03-02T22:36:23.577248
ACC_002502,HDFC,True,ENT_01131,2026-06-25T22:36:23.577254
ACC_002503,Paytm PB,True,ENT_01131,2026-07-10T22:36:23.577259
ACC_002504,PNB,True,ENT_01132,2026-06-08T22:36:23.577267
ACC_002505,PNB,True,ENT_01133,2026-07-28T22:36:23.577275
ACC_002506,SBI,True,ENT_01133,2026-06-20T22:36:23.577281
ACC_002507,Axis,True,ENT_01133,2026-05-07T22:36:23.577286
ACC_002508,HDFC,True,ENT_01133,2026-07-28T22:36:23.577291
ACC_002509,Paytm PB,True,ENT_01133,2025-09-19T22:36:23.577296
ACC_002510,Kotak,True,ENT_01134,2025-12-06T22:36:23.577305
ACC_002511,Paytm PB,True,ENT_01134,2025-09-28T22:36:23.577313
ACC_002512,HDFC,True,ENT_01135,2026-02-07T22:36:23.577322
ACC_002513,SBI,True,ENT_01135,2025-10-07T22:36:23.577327
ACC_002514,HDFC,True,ENT_01136,2026-04-29T22:36:23.577336
ACC_002515,PNB,True,ENT_01137,2026-07-04T22:36:23.577345
ACC_002516,PNB,True,ENT_01138,2025-09-20T22:36:23.577354
ACC_002517,HDFC,True,ENT_01138,2026-02-10T22:36:23.577360
ACC_002518,Paytm PB,True,ENT_01138,2026-01-13T22:36:23.577364
ACC_002519,PNB,True,ENT_01138,2026-02-06T22:36:23.577371
ACC_002520,PNB,True,ENT_01138,2026-07-15T22:36:23.577376
ACC_002521,Paytm PB,True,ENT_01139,2026-07-24T22:36:23.577388
ACC_002522,Kotak,True,ENT_01139,2026-07-08T22:36:23.577393
ACC_002523,PNB,True,ENT_01139,2026-03-11T22:36:23.577398
ACC_002524,HDFC,True,ENT_01139,2026-04-25T22:36:23.577403
ACC_002525,Paytm PB,True,ENT_01139,2026-06-25T22:36:23.577408
ACC_002526,Kotak,True,ENT_01140,2026-04-17T22:36:23.577416
ACC_002527,SBI,True,ENT_01141,2026-05-07T22:36:23.577425
ACC_002528,Paytm PB,True,ENT_01141,2026-04-08T22:36:23.577430
ACC_002529,Paytm PB,True,ENT_01142,2025-11-01T22:36:23.577439
ACC_002530,Axis,True,ENT_01142,2026-06-20T22:36:23.577444
ACC_002531,PNB,True,ENT_01142,2025-09-21T22:36:23.577449
ACC_002532,Paytm PB,True,ENT_01142,2026-02-11T22:36:23.577454
ACC_002533,Kotak,True,ENT_01142,2025-12-22T22:36:23.577459
ACC_002534,HDFC,True,ENT_01143,2026-05-20T22:36:23.577470
ACC_002535,PNB,True,ENT_01143,2026-05-13T22:36:23.577477
ACC_002536,Paytm PB,True,ENT_01144,2026-02-22T22:36:23.577486
ACC_002537,Kotak,True,ENT_01144,2026-05-25T22:36:23.577491
ACC_002538,Paytm PB,True,ENT_01144,2025-10-10T22:36:23.577496
ACC_002539,ICICI,True,ENT_01145,2026-03-05T22:36:23.577508
ACC_002540,PNB,True,ENT_01146,2026-02-04T22:36:23.577518
ACC_002541,PNB,True,ENT_01147,2025-09-23T22:36:23.577527
ACC_002542,PNB,True,ENT_01148,2026-03-01T22:36:23.577536
ACC_002543,Paytm PB,True,ENT_01149,2025-11-07T22:36:23.577548
ACC_002544,SBI,True,ENT_01149,2026-02-02T22:36:23.577554
ACC_002545,PNB,True,ENT_01149,2025-11-05T22:36:23.577559
ACC_002546,Kotak,True,ENT_01149,2026-04-05T22:36:23.577563
ACC_002547,ICICI,True,ENT_01149,2025-12-25T22:36:23.577568
ACC_002548,Axis,True,ENT_01150,2026-08-13T22:36:23.577577
ACC_002549,Kotak,True,ENT_01150,2026-07-27T22:36:23.577582
ACC_002550,Paytm PB,True,ENT_01151,2026-08-05T22:36:23.577590
ACC_002551,Paytm PB,True,ENT_01151,2026-06-05T22:36:23.577596
ACC_002552,HDFC,True,ENT_01152,2026-03-13T22:36:23.577605
ACC_002553,SBI,True,ENT_01153,2026-03-05T22:36:23.577614
ACC_002554,HDFC,True,ENT_01153,2026-03-25T22:36:23.577619
ACC_002555,Paytm PB,True,ENT_01153,2025-11-25T22:36:23.577624
ACC_002556,Paytm PB,True,ENT_01153,2025-10-25T22:36:23.577632
ACC_002557,Paytm PB,True,ENT_01153,2026-05-26T22:36:23.577637
ACC_002558,HDFC,True,ENT_01154,2025-12-21T22:36:23.577646
ACC_002559,ICICI,True,ENT_01154,2026-05-26T22:36:23.577651
ACC_002560,SBI,True,ENT_01154,2026-03-31T22:36:23.577656
ACC_002561,ICICI,True,ENT_01154,2025-10-19T22:36:23.577661
ACC_002562,SBI,True,ENT_01154,2026-04-16T22:36:23.577667
ACC_002563,PNB,True,ENT_01155,2026-03-13T22:36:23.577675
ACC_002564,HDFC,True,ENT_01155,2025-10-25T22:36:23.577680
ACC_002565,Paytm PB,True,ENT_01156,2026-04-24T22:36:23.577689
ACC_002566,Kotak,True,ENT_01156,2026-07-05T22:36:23.577697
ACC_002567,Kotak,True,ENT_01156,2026-02-28T22:36:23.577702
ACC_002568,SBI,True,ENT_01157,2025-12-07T22:36:23.577711
ACC_002569,Paytm PB,True,ENT_01158,2025-09-19T22:36:23.577720
ACC_002570,HDFC,True,ENT_01159,2025-10-22T22:36:23.577729
ACC_002571,HDFC,True,ENT_01160,2026-07-16T22:36:23.577738
ACC_002572,PNB,True,ENT_01160,2026-02-23T22:36:23.577744
ACC_002573,PNB,True,ENT_01161,2026-01-03T22:36:23.577753
ACC_002574,PNB,True,ENT_01162,2026-06-13T22:36:23.577761
ACC_002575,Kotak,True,ENT_01163,2025-09-13T22:36:23.577770
ACC_002576,PNB,True,ENT_01163,2025-10-09T22:36:23.577776
ACC_002577,Kotak,True,ENT_01164,2025-09-24T22:36:23.577787
ACC_002578,HDFC,True,ENT_01165,2026-03-10T22:36:23.577797
ACC_002579,ICICI,True,ENT_01166,2025-11-10T22:36:23.577805
ACC_002580,ICICI,True,ENT_01167,2025-11-29T22:36:23.577814
ACC_002581,Kotak,True,ENT_01167,2026-04-22T22:36:23.577819
ACC_002582,HDFC,True,ENT_01168,2026-01-24T22:36:23.577828
ACC_002583,Axis,True,ENT_01168,2025-10-13T22:36:23.577833
ACC_002584,Paytm PB,True,ENT_01168,2025-11-28T22:36:23.577839
ACC_002585,HDFC,True,ENT_01168,2026-04-22T22:36:23.577843
ACC_002586,Axis,True,ENT_01168,2026-03-18T22:36:23.577851
ACC_002587,SBI,True,ENT_01169,2026-06-07T22:36:23.577859
ACC_002588,HDFC,True,ENT_01170,2025-12-13T22:36:23.577871
ACC_002589,Paytm PB,True,ENT_01171,2026-01-21T22:36:23.577880
ACC_002590,HDFC,True,ENT_01172,2026-01-21T22:36:23.577889
ACC_002591,PNB,True,ENT_01173,2026-06-08T22:36:23.577898
ACC_002592,Axis,True,ENT_01174,2025-10-31T22:36:23.577907
ACC_002593,SBI,True,ENT_01174,2025-12-07T22:36:23.577913
ACC_002594,Axis,True,ENT_01174,2025-09-14T22:36:23.577918
ACC_002595,Paytm PB,True,ENT_01174,2026-05-05T22:36:23.577923
ACC_002596,Paytm PB,True,ENT_01174,2025-10-02T22:36:23.577927
ACC_002597,SBI,True,ENT_01175,2026-07-08T22:36:23.577936
ACC_002598,PNB,True,ENT_01176,2026-01-05T22:36:23.577948
ACC_002599,ICICI,True,ENT_01176,2025-10-23T22:36:23.577954
ACC_002600,HDFC,True,ENT_01176,2026-06-17T22:36:23.577960
ACC_002601,Kotak,True,ENT_01176,2026-01-14T22:36:23.577965
ACC_002602,Axis,True,ENT_01176,2026-02-07T22:36:23.577969
ACC_002603,SBI,True,ENT_01177,2026-03-02T22:36:23.577978
ACC_002604,ICICI,True,ENT_01177,2025-10-13T22:36:23.577983
ACC_002605,Kotak,True,ENT_01177,2026-08-01T22:36:23.577988
ACC_002606,SBI,True,ENT_01178,2026-02-15T22:36:23.577996
ACC_002607,Paytm PB,True,ENT_01179,2026-05-31T22:36:23.578009
ACC_002608,Axis,True,ENT_01179,2026-07-22T22:36:23.578020
ACC_002609,PNB,True,ENT_01179,2026-04-16T22:36:23.578025
ACC_002610,SBI,True,ENT_01179,2026-02-03T22:36:23.578030
ACC_002611,PNB,True,ENT_01180,2026-07-01T22:36:23.578039
ACC_002612,HDFC,True,ENT_01180,2026-07-17T22:36:23.578044
ACC_002613,SBI,True,ENT_01180,2025-09-30T22:36:23.578049
ACC_002614,SBI,True,ENT_01180,2026-03-19T22:36:23.578055
ACC_002615,HDFC,True,ENT_01180,2026-02-19T22:36:23.578060
ACC_002616,ICICI,True,ENT_01181,2025-12-26T22:36:23.578069
ACC_002617,Axis,True,ENT_01181,2026-08-02T22:36:23.578075
ACC_002618,ICICI,True,ENT_01181,2026-04-28T22:36:23.578080
ACC_002619,Kotak,True,ENT_01181,2025-11-11T22:36:23.578084
ACC_002620,SBI,True,ENT_01181,2026-05-01T22:36:23.578089
ACC_002621,Paytm PB,True,ENT_01182,2025-12-09T22:36:23.578098
ACC_002622,Kotak,True,ENT_01183,2026-08-04T22:36:23.578109
ACC_002623,Paytm PB,True,ENT_01184,2025-11-17T22:36:23.578119
ACC_002624,HDFC,True,ENT_01184,2026-04-05T22:36:23.578125
ACC_002625,SBI,True,ENT_01184,2026-07-14T22:36:23.578130
ACC_002626,ICICI,True,ENT_01184,2026-05-03T22:36:23.578134
ACC_002627,PNB,True,ENT_01184,2025-10-01T22:36:23.578139
ACC_002628,HDFC,True,ENT_01185,2025-12-18T22:36:23.578148
ACC_002629,Kotak,True,ENT_01185,2026-08-09T22:36:23.578153
ACC_002630,Axis,True,ENT_01186,2026-03-28T22:36:23.578161
ACC_002631,PNB,True,ENT_01187,2026-06-19T22:36:23.578199
ACC_002632,HDFC,True,ENT_01187,2026-03-17T22:36:23.578206
ACC_002633,PNB,True,ENT_01187,2025-09-15T22:36:23.578210
ACC_002634,Axis,True,ENT_01187,2026-04-17T22:36:23.578215
ACC_002635,Paytm PB,True,ENT_01188,2026-06-24T22:36:23.578224
ACC_002636,Axis,True,ENT_01189,2025-10-12T22:36:23.578233
ACC_002637,SBI,True,ENT_01190,2026-05-04T22:36:23.578242
ACC_002638,Paytm PB,True,ENT_01191,2026-08-02T22:36:23.578251
ACC_002639,HDFC,True,ENT_01191,2026-04-09T22:36:23.578256
ACC_002640,Paytm PB,True,ENT_01191,2026-03-10T22:36:23.578265
ACC_002641,ICICI,True,ENT_01191,2025-12-06T22:36:23.578270
ACC_002642,Axis,True,ENT_01191,2026-05-25T22:36:23.578275
ACC_002643,ICICI,True,ENT_01192,2026-02-14T22:36:23.578284
ACC_002644,ICICI,True,ENT_01192,2025-09-27T22:36:23.578292
ACC_002645,ICICI,True,ENT_01192,2026-04-15T22:36:23.578297
ACC_002646,Paytm PB,True,ENT_01192,2026-03-25T22:36:23.578302
ACC_002647,PNB,True,ENT_01192,2026-07-13T22:36:23.578307
ACC_002648,Axis,True,ENT_01193,2026-07-29T22:36:23.578316
ACC_002649,SBI,True,ENT_01194,2026-05-28T22:36:23.578325
ACC_002650,Axis,True,ENT_01195,2026-06-04T22:36:23.578334
ACC_002651,HDFC,True,ENT_01195,2026-01-30T22:36:23.578339
ACC_002652,Paytm PB,True,ENT_01195,2025-10-04T22:36:23.578344
ACC_002653,PNB,True,ENT_01195,2025-09-27T22:36:23.578349
ACC_002654,Kotak,True,ENT_01195,2026-04-19T22:36:23.578357
ACC_002655,SBI,True,ENT_01196,2025-10-24T22:36:23.578366
ACC_002656,SBI,True,ENT_01196,2026-01-07T22:36:23.578371
ACC_002657,Paytm PB,True,ENT_01197,2026-02-26T22:36:23.578380
ACC_002658,Paytm PB,True,ENT_01198,2026-06-07T22:36:23.578389
ACC_002659,Kotak,True,ENT_01199,2026-06-04T22:36:23.578398
ACC_002660,Paytm PB,True,ENT_01199,2025-11-09T22:36:23.578403
ACC_002661,PNB,True,ENT_01200,2026-06-04T22:36:23.578411
ACC_002662,Kotak,True,ENT_01201,2025-11-18T22:36:23.578420
ACC_002663,Axis,True,ENT_01202,2026-05-31T22:36:23.578429
ACC_002664,ICICI,True,ENT_01203,2026-07-10T22:36:23.578438
ACC_002665,SBI,True,ENT_01204,2026-03-04T22:36:23.578450
ACC_002666,PNB,True,ENT_01204,2026-05-31T22:36:23.578456
ACC_002667,Kotak,True,ENT_01204,2026-07-29T22:36:23.578461
ACC_002668,PNB,True,ENT_01204,2026-03-03T22:36:23.578465
ACC_002669,Axis,True,ENT_01204,2026-01-15T22:36:23.578470
ACC_002670,Axis,True,ENT_01205,2025-09-21T22:36:23.578479
ACC_002671,Kotak,True,ENT_01205,2026-03-26T22:36:23.578485
ACC_002672,SBI,True,ENT_01205,2026-05-09T22:36:23.578490
ACC_002673,HDFC,True,ENT_01205,2026-06-07T22:36:23.578495
ACC_002674,HDFC,True,ENT_01206,2025-10-04T22:36:23.578503
ACC_002675,Paytm PB,True,ENT_01206,2026-03-30T22:36:23.578512
ACC_002676,Paytm PB,True,ENT_01207,2026-04-17T22:36:23.578521
ACC_002677,Kotak,True,ENT_01208,2026-07-31T22:36:23.578529
ACC_002678,ICICI,True,ENT_01208,2026-07-04T22:36:23.578535
ACC_002679,Kotak,True,ENT_01208,2025-12-12T22:36:23.578540
ACC_002680,Paytm PB,True,ENT_01209,2025-10-08T22:36:23.578548
ACC_002681,Axis,True,ENT_01209,2025-09-15T22:36:23.578554
ACC_002682,ICICI,True,ENT_01209,2026-05-11T22:36:23.578559
ACC_002683,PNB,True,ENT_01209,2026-01-27T22:36:23.578563
ACC_002684,Axis,True,ENT_01209,2025-12-14T22:36:23.578568
ACC_002685,SBI,True,ENT_01210,2026-05-07T22:36:23.578576
ACC_002686,HDFC,True,ENT_01211,2026-01-16T22:36:23.578584
ACC_002687,ICICI,True,ENT_01212,2026-01-14T22:36:23.578593
ACC_002688,SBI,True,ENT_01212,2026-05-02T22:36:23.578601
ACC_002689,PNB,True,ENT_01212,2026-05-01T22:36:23.578606
ACC_002690,HDFC,True,ENT_01212,2026-05-15T22:36:23.578615
ACC_002691,PNB,True,ENT_01213,2025-10-02T22:36:23.578637
ACC_002692,Kotak,True,ENT_01214,2026-02-28T22:36:23.578646
ACC_002693,PNB,True,ENT_01214,2025-12-22T22:36:23.578652
ACC_002694,SBI,True,ENT_01214,2026-01-07T22:36:23.578657
ACC_002695,Axis,True,ENT_01214,2026-07-23T22:36:23.578662
ACC_002696,Kotak,True,ENT_01215,2026-03-06T22:36:23.578670
ACC_002697,Paytm PB,True,ENT_01216,2025-10-25T22:36:23.578682
ACC_002698,Paytm PB,True,ENT_01216,2025-11-12T22:36:23.578688
ACC_002699,Paytm PB,True,ENT_01216,2025-09-19T22:36:23.578693
ACC_002700,Kotak,True,ENT_01216,2026-07-25T22:36:23.578697
ACC_002701,Paytm PB,True,ENT_01216,2026-06-19T22:36:23.578702
ACC_002702,Axis,True,ENT_01217,2026-07-23T22:36:23.578711
ACC_002703,Paytm PB,True,ENT_01218,2025-11-11T22:36:23.578720
ACC_002704,Kotak,True,ENT_01219,2026-07-24T22:36:23.578729
ACC_002705,Paytm PB,True,ENT_01220,2025-09-25T22:36:23.578737
ACC_002706,SBI,True,ENT_01221,2026-03-17T22:36:23.578746
ACC_002707,Axis,True,ENT_01222,2026-03-11T22:36:23.578755
ACC_002708,Axis,True,ENT_01223,2026-05-20T22:36:23.578764
ACC_002709,ICICI,True,ENT_01224,2025-10-04T22:36:23.578775
ACC_002710,Kotak,True,ENT_01225,2025-11-22T22:36:23.578785
ACC_002711,SBI,True,ENT_01225,2025-12-19T22:36:23.578791
ACC_002712,PNB,True,ENT_01225,2025-09-17T22:36:23.578796
ACC_002713,HDFC,True,ENT_01226,2025-11-30T22:36:23.578804
ACC_002714,SBI,True,ENT_01227,2025-10-18T22:36:23.578813
ACC_002715,Axis,True,ENT_01228,2026-01-14T22:36:23.578822
ACC_002716,ICICI,True,ENT_01228,2025-12-26T22:36:23.578827
ACC_002717,HDFC,True,ENT_01228,2026-05-14T22:36:23.578835
ACC_002718,Paytm PB,True,ENT_01229,2026-05-02T22:36:23.578844
ACC_002719,Axis,True,ENT_01229,2026-06-28T22:36:23.578850
ACC_002720,ICICI,True,ENT_01229,2026-03-01T22:36:23.578855
ACC_002721,Kotak,True,ENT_01230,2026-06-11T22:36:23.578863
ACC_002722,HDFC,True,ENT_01231,2025-12-26T22:36:23.578872
ACC_002723,HDFC,True,ENT_01232,2025-11-18T22:36:23.578881
ACC_002724,Kotak,True,ENT_01232,2026-01-29T22:36:23.578886
ACC_002725,Kotak,True,ENT_01232,2025-11-25T22:36:23.578891
ACC_002726,Paytm PB,True,ENT_01232,2026-05-24T22:36:23.578896
ACC_002727,Paytm PB,True,ENT_01233,2026-01-31T22:36:23.578904
ACC_002728,PNB,True,ENT_01234,2026-05-18T22:36:23.578913
ACC_002729,ICICI,True,ENT_01234,2025-10-28T22:36:23.578919
ACC_002730,PNB,True,ENT_01234,2026-05-29T22:36:23.578926
ACC_002731,SBI,True,ENT_01234,2026-05-31T22:36:23.578932
ACC_002732,SBI,True,ENT_01234,2026-07-18T22:36:23.578936
ACC_002733,ICICI,True,ENT_01235,2026-03-08T22:36:23.578945
ACC_002734,ICICI,True,ENT_01236,2025-09-27T22:36:23.578954
ACC_002735,HDFC,True,ENT_01237,2026-06-07T22:36:23.578963
ACC_002736,HDFC,True,ENT_01238,2025-09-29T22:36:23.578972
ACC_002737,PNB,True,ENT_01238,2026-04-06T22:36:23.578977
ACC_002738,Axis,True,ENT_01239,2025-12-02T22:36:23.578989
ACC_002739,Paytm PB,True,ENT_01240,2026-08-11T22:36:23.578997
ACC_002740,SBI,True,ENT_01241,2026-04-24T22:36:23.579006
ACC_002741,Paytm PB,True,ENT_01241,2025-12-13T22:36:23.579012
ACC_002742,Axis,True,ENT_01241,2026-01-16T22:36:23.579017
ACC_002743,Axis,True,ENT_01241,2026-07-04T22:36:23.579025
ACC_002744,Paytm PB,True,ENT_01241,2025-10-10T22:36:23.579030
ACC_002745,SBI,True,ENT_01242,2025-11-06T22:36:23.579039
ACC_002746,Paytm PB,True,ENT_01243,2025-09-26T22:36:23.579048
ACC_002747,HDFC,True,ENT_01244,2026-05-11T22:36:23.579057
ACC_002748,SBI,True,ENT_01244,2026-07-16T22:36:23.579062
ACC_002749,Kotak,True,ENT_01244,2026-02-16T22:36:23.579067
ACC_002750,HDFC,True,ENT_01244,2026-05-31T22:36:23.579072
ACC_002751,PNB,True,ENT_01244,2026-07-28T22:36:23.579078
ACC_002752,ICICI,True,ENT_01245,2026-06-30T22:36:23.579090
ACC_002753,HDFC,True,ENT_01246,2026-01-12T22:36:23.579099
ACC_002754,SBI,True,ENT_01246,2026-05-23T22:36:23.579104
ACC_002755,Kotak,True,ENT_01246,2026-03-21T22:36:23.579109
ACC_002756,Paytm PB,True,ENT_01246,2025-10-13T22:36:23.579114
ACC_002757,Axis,True,ENT_01247,2025-10-21T22:36:23.579123
ACC_002758,ICICI,True,ENT_01247,2026-07-26T22:36:23.579129
ACC_002759,HDFC,True,ENT_01247,2026-03-13T22:36:23.579134
ACC_002760,ICICI,True,ENT_01248,2026-01-31T22:36:23.579145
ACC_002761,PNB,True,ENT_01248,2026-07-10T22:36:23.579151
ACC_002762,PNB,True,ENT_01248,2026-01-07T22:36:23.579156
ACC_002763,ICICI,True,ENT_01249,2025-12-15T22:36:23.579164
ACC_002764,SBI,True,ENT_01249,2026-06-12T22:36:23.579170
ACC_002765,Kotak,True,ENT_01249,2026-03-26T22:36:23.579174
ACC_002766,ICICI,True,ENT_01249,2025-11-17T22:36:23.579179
ACC_002767,Paytm PB,True,ENT_01250,2026-04-28T22:36:23.579187
ACC_002768,Paytm PB,True,ENT_01251,2026-07-15T22:36:23.579196
ACC_002769,HDFC,True,ENT_01251,2025-10-25T22:36:23.579201
ACC_002770,Kotak,True,ENT_01251,2025-09-25T22:36:23.579206
ACC_002771,Paytm PB,True,ENT_01251,2026-06-30T22:36:23.579211
ACC_002772,Axis,True,ENT_01251,2025-10-08T22:36:23.579216
ACC_002773,Axis,True,ENT_01252,2025-10-06T22:36:23.579226
ACC_002774,ICICI,True,ENT_01253,2025-11-17T22:36:23.579235
ACC_002775,SBI,True,ENT_01254,2025-10-03T22:36:23.579247
ACC_002776,Axis,True,ENT_01255,2025-11-20T22:36:23.579257
ACC_002777,Kotak,True,ENT_01255,2025-09-24T22:36:23.579263
ACC_002778,Axis,True,ENT_01255,2025-12-04T22:36:23.579268
ACC_002779,PNB,True,ENT_01255,2026-05-13T22:36:23.579273
ACC_002780,Paytm PB,True,ENT_01255,2026-04-16T22:36:23.579278
ACC_002781,ICICI,True,ENT_01256,2026-05-06T22:36:23.579286
ACC_002782,HDFC,True,ENT_01256,2026-06-14T22:36:23.579291
ACC_002783,HDFC,True,ENT_01256,2025-12-18T22:36:23.579296
ACC_002784,Kotak,True,ENT_01256,2026-06-14T22:36:23.579304
ACC_002785,PNB,True,ENT_01257,2026-04-29T22:36:23.579313
ACC_002786,PNB,True,ENT_01257,2025-10-02T22:36:23.579319
ACC_002787,Axis,True,ENT_01257,2026-01-14T22:36:23.579324
ACC_002788,HDFC,True,ENT_01257,2026-02-24T22:36:23.579328
ACC_002789,ICICI,True,ENT_01257,2025-10-31T22:36:23.579333
ACC_002790,SBI,True,ENT_01258,2026-08-08T22:36:23.579342
ACC_002791,SBI,True,ENT_01259,2026-03-22T22:36:23.579350
ACC_002792,ICICI,True,ENT_01259,2026-07-10T22:36:23.579356
ACC_002793,ICICI,True,ENT_01260,2025-11-27T22:36:23.579367
ACC_002794,ICICI,True,ENT_01261,2026-08-10T22:36:23.579376
ACC_002795,HDFC,True,ENT_01261,2026-02-24T22:36:23.579382
ACC_002796,Axis,True,ENT_01262,2025-10-26T22:36:23.579390
ACC_002797,HDFC,True,ENT_01263,2026-05-16T22:36:23.579401
ACC_002798,SBI,True,ENT_01263,2026-02-25T22:36:23.579407
ACC_002799,PNB,True,ENT_01263,2026-02-21T22:36:23.579412
ACC_002800,Kotak,True,ENT_01263,2025-12-11T22:36:23.579417
ACC_002801,Axis,True,ENT_01263,2026-07-26T22:36:23.579422
ACC_002802,SBI,True,ENT_01264,2025-12-10T22:36:23.579431
ACC_002803,SBI,True,ENT_01264,2025-09-26T22:36:23.579436
ACC_002804,Axis,True,ENT_01264,2025-11-12T22:36:23.579441
ACC_002805,Axis,True,ENT_01265,2026-01-14T22:36:23.579450
ACC_002806,Kotak,True,ENT_01265,2026-07-16T22:36:23.579455
ACC_002807,PNB,True,ENT_01265,2025-11-20T22:36:23.579463
ACC_002808,ICICI,True,ENT_01265,2025-10-28T22:36:23.579468
ACC_002809,Kotak,True,ENT_01266,2026-03-05T22:36:23.579477
ACC_002810,Paytm PB,True,ENT_01266,2025-11-12T22:36:23.579483
ACC_002811,SBI,True,ENT_01267,2025-10-22T22:36:23.579491
ACC_002812,Kotak,True,ENT_01267,2026-02-25T22:36:23.579496
ACC_002813,PNB,True,ENT_01267,2026-02-13T22:36:23.579501
ACC_002814,HDFC,True,ENT_01267,2026-05-29T22:36:23.579506
ACC_002815,ICICI,True,ENT_01267,2026-07-29T22:36:23.579511
ACC_002816,Axis,True,ENT_01268,2025-09-27T22:36:23.579519
ACC_002817,Paytm PB,True,ENT_01268,2026-05-21T22:36:23.579525
ACC_002818,Paytm PB,True,ENT_01268,2025-10-07T22:36:23.579530
ACC_002819,Axis,True,ENT_01268,2026-05-10T22:36:23.579535
ACC_002820,Paytm PB,True,ENT_01268,2026-06-15T22:36:23.579540
ACC_002821,Kotak,True,ENT_01269,2026-03-05T22:36:23.579548
ACC_002822,Kotak,True,ENT_01269,2026-07-28T22:36:23.579556
ACC_002823,Axis,True,ENT_01270,2026-06-30T22:36:23.579565
ACC_002824,SBI,True,ENT_01271,2026-02-04T22:36:23.579574
ACC_002825,PNB,True,ENT_01272,2026-03-12T22:36:23.579583
ACC_002826,SBI,True,ENT_01272,2025-11-18T22:36:23.579588
ACC_002827,ICICI,True,ENT_01272,2026-05-16T22:36:23.579593
ACC_002828,HDFC,True,ENT_01272,2026-02-03T22:36:23.579598
ACC_002829,PNB,True,ENT_01272,2026-07-25T22:36:23.579603
ACC_002830,HDFC,True,ENT_01273,2025-12-29T22:36:23.579614
ACC_002831,Paytm PB,True,ENT_01273,2026-08-01T22:36:23.579619
ACC_002832,PNB,True,ENT_01273,2025-12-09T22:36:23.579624
ACC_002833,Paytm PB,True,ENT_01273,2026-05-27T22:36:23.579629
ACC_002834,SBI,True,ENT_01273,2026-02-20T22:36:23.579634
ACC_002835,Kotak,True,ENT_01274,2025-11-18T22:36:23.579642
ACC_002836,ICICI,True,ENT_01274,2026-02-27T22:36:23.579648
ACC_002837,SBI,True,ENT_01274,2026-06-24T22:36:23.579653
ACC_002838,Kotak,True,ENT_01275,2026-06-07T22:36:23.579662
ACC_002839,Kotak,True,ENT_01276,2026-07-26T22:36:23.579670
ACC_002840,Axis,True,ENT_01277,2025-11-19T22:36:23.579679
ACC_002841,HDFC,True,ENT_01278,2026-03-07T22:36:23.579689
ACC_002842,Kotak,True,ENT_01279,2025-10-13T22:36:23.579698
ACC_002843,PNB,True,ENT_01279,2026-06-30T22:36:23.579704
ACC_002844,Axis,True,ENT_01280,2026-07-21T22:36:23.579717
ACC_002845,Paytm PB,True,ENT_01281,2026-03-07T22:36:23.579727
ACC_002846,Paytm PB,True,ENT_01282,2026-03-07T22:36:23.579736
ACC_002847,Kotak,True,ENT_01282,2026-04-28T22:36:23.579741
ACC_002848,ICICI,True,ENT_01282,2026-05-03T22:36:23.579746
ACC_002849,SBI,True,ENT_01282,2026-03-20T22:36:23.579751
ACC_002850,ICICI,True,ENT_01282,2025-11-14T22:36:23.579756
ACC_002851,PNB,True,ENT_01283,2025-12-31T22:36:23.579764
ACC_002852,HDFC,True,ENT_01284,2026-03-27T22:36:23.579776
ACC_002853,SBI,True,ENT_01285,2026-03-26T22:36:23.579786
ACC_002854,HDFC,True,ENT_01285,2026-08-06T22:36:23.579791
ACC_002855,Paytm PB,True,ENT_01286,2025-11-23T22:36:23.579799
ACC_002856,SBI,True,ENT_01287,2025-11-09T22:36:23.579809
ACC_002857,ICICI,True,ENT_01287,2025-11-05T22:36:23.579814
ACC_002858,ICICI,True,ENT_01288,2026-06-02T22:36:23.579822
ACC_002859,PNB,True,ENT_01289,2026-03-21T22:36:23.579831
ACC_002860,SBI,True,ENT_01290,2026-05-18T22:36:23.579839
ACC_002861,ICICI,True,ENT_01291,2025-10-04T22:36:23.579848
ACC_002862,Paytm PB,True,ENT_01292,2025-12-29T22:36:23.579857
ACC_002863,HDFC,True,ENT_01292,2026-06-08T22:36:23.579865
ACC_002864,Axis,True,ENT_01293,2026-07-19T22:36:23.579874
ACC_002865,Axis,True,ENT_01294,2026-07-17T22:36:23.579883
ACC_002866,Axis,True,ENT_01295,2026-01-25T22:36:23.579892
ACC_002867,Kotak,True,ENT_01296,2025-10-12T22:36:23.579900
ACC_002868,Kotak,True,ENT_01297,2025-12-28T22:36:23.579909
ACC_002869,Paytm PB,True,ENT_01297,2026-02-12T22:36:23.579916
ACC_002870,ICICI,True,ENT_01298,2026-05-04T22:36:23.579927
ACC_002871,PNB,True,ENT_01299,2025-11-13T22:36:23.579936
ACC_002872,PNB,True,ENT_01300,2025-12-18T22:36:23.579945
ACC_002873,SBI,True,ENT_01301,2026-06-27T22:36:23.579954
ACC_002874,PNB,True,ENT_01301,2025-12-17T22:36:23.579959
ACC_002875,HDFC,True,ENT_01301,2025-12-23T22:36:23.579964
ACC_002876,Kotak,True,ENT_01302,2025-09-18T22:36:23.579973
ACC_002877,PNB,True,ENT_01303,2025-12-18T22:36:23.579990
ACC_002878,Axis,True,ENT_01303,2026-04-17T22:36:23.579996
ACC_002879,SBI,True,ENT_01304,2025-10-02T22:36:23.580005
ACC_002880,ICICI,True,ENT_01304,2026-02-08T22:36:23.580010
ACC_002881,Axis,True,ENT_01304,2026-05-12T22:36:23.580015
ACC_002882,Kotak,True,ENT_01304,2026-02-25T22:36:23.580020
ACC_002883,Axis,True,ENT_01305,2025-12-07T22:36:23.580032
ACC_002884,HDFC,True,ENT_01305,2026-07-11T22:36:23.580038
ACC_002885,HDFC,True,ENT_01306,2026-02-15T22:36:23.580048
ACC_002886,Axis,True,ENT_01306,2025-12-20T22:36:23.580054
ACC_002887,ICICI,True,ENT_01307,2026-02-16T22:36:23.580062
ACC_002888,Paytm PB,True,ENT_01307,2025-10-23T22:36:23.580068
ACC_002889,SBI,True,ENT_01307,2025-11-26T22:36:23.580073
ACC_002890,Axis,True,ENT_01308,2026-06-20T22:36:23.580081
ACC_002891,Paytm PB,True,ENT_01309,2025-09-15T22:36:23.580094
ACC_002892,HDFC,True,ENT_01309,2026-03-12T22:36:23.580100
ACC_002893,Paytm PB,True,ENT_01309,2025-12-20T22:36:23.580105
ACC_002894,Axis,True,ENT_01309,2025-10-15T22:36:23.580110
ACC_002895,SBI,True,ENT_01310,2025-09-30T22:36:23.580122
ACC_002896,Paytm PB,True,ENT_01311,2026-05-24T22:36:23.580131
ACC_002897,Axis,True,ENT_01312,2026-07-11T22:36:23.580140
ACC_002898,SBI,True,ENT_01313,2025-10-15T22:36:23.580148
ACC_002899,Axis,True,ENT_01313,2026-01-03T22:36:23.580154
ACC_002900,Paytm PB,True,ENT_01313,2026-02-19T22:36:23.580159
ACC_002901,Paytm PB,True,ENT_01313,2026-04-15T22:36:23.580164
ACC_002902,SBI,True,ENT_01313,2026-07-05T22:36:23.580169
ACC_002903,Kotak,True,ENT_01314,2025-10-24T22:36:23.580178
ACC_002904,PNB,True,ENT_01314,2025-12-07T22:36:23.580183
ACC_002905,Paytm PB,True,ENT_01315,2025-10-12T22:36:23.580195
ACC_002906,Axis,True,ENT_01315,2026-02-28T22:36:23.580201
ACC_002907,Paytm PB,True,ENT_01315,2026-06-25T22:36:23.580206
ACC_002908,SBI,True,ENT_01316,2026-03-09T22:36:23.580215
ACC_002909,HDFC,True,ENT_01317,2025-10-11T22:36:23.580224
ACC_002910,HDFC,True,ENT_01317,2025-10-12T22:36:23.580229
ACC_002911,PNB,True,ENT_01317,2026-01-31T22:36:23.580234
ACC_002912,ICICI,True,ENT_01317,2025-12-03T22:36:23.580239
ACC_002913,Kotak,True,ENT_01318,2026-07-13T22:36:23.580251
ACC_002914,HDFC,True,ENT_01318,2026-04-24T22:36:23.580257
ACC_002915,PNB,True,ENT_01318,2026-06-03T22:36:23.580262
ACC_002916,Paytm PB,True,ENT_01318,2025-09-22T22:36:23.580266
ACC_002917,PNB,True,ENT_01318,2026-08-13T22:36:23.580271
ACC_002918,Kotak,True,ENT_01319,2026-05-29T22:36:23.580280
ACC_002919,Paytm PB,True,ENT_01320,2026-03-17T22:36:23.580289
ACC_002920,Axis,True,ENT_01320,2025-10-02T22:36:23.580295
ACC_002921,Axis,True,ENT_01321,2026-05-05T22:36:23.580303
ACC_002922,SBI,True,ENT_01321,2026-03-04T22:36:23.580309
ACC_002923,Paytm PB,True,ENT_01322,2026-03-11T22:36:23.580321
ACC_002924,Kotak,True,ENT_01323,2026-02-18T22:36:23.580331
ACC_002925,HDFC,True,ENT_01323,2025-10-19T22:36:23.580337
ACC_002926,HDFC,True,ENT_01323,2025-10-04T22:36:23.580342
ACC_002927,Paytm PB,True,ENT_01323,2026-01-19T22:36:23.580347
ACC_002928,PNB,True,ENT_01323,2026-06-09T22:36:23.580355
ACC_002929,HDFC,True,ENT_01324,2026-02-05T22:36:23.580387
ACC_002930,HDFC,True,ENT_01325,2026-08-13T22:36:23.580472
ACC_002931,Paytm PB,True,ENT_01326,2026-02-11T22:36:23.580550
ACC_002932,HDFC,True,ENT_01326,2026-03-22T22:36:23.580561
ACC_002933,PNB,True,ENT_01326,2026-07-29T22:36:23.580566
ACC_002934,SBI,True,ENT_01326,2026-01-04T22:36:23.580571
ACC_002935,Kotak,True,ENT_01326,2025-10-15T22:36:23.580576
ACC_002936,Kotak,True,ENT_01327,2026-03-04T22:36:23.580591
ACC_002937,Kotak,True,ENT_01327,2026-01-30T22:36:23.580597
ACC_002938,Axis,True,ENT_01327,2026-01-30T22:36:23.580602
ACC_002939,Paytm PB,True,ENT_01328,2026-04-27T22:36:23.580610
ACC_002940,SBI,True,ENT_01329,2025-12-13T22:36:23.580619
ACC_002941,SBI,True,ENT_01329,2026-05-09T22:36:23.580625
ACC_002942,Axis,True,ENT_01330,2026-02-10T22:36:23.580633
ACC_002943,SBI,True,ENT_01331,2026-03-19T22:36:23.580643
ACC_002944,SBI,True,ENT_01332,2026-06-06T22:36:23.580651
ACC_002945,HDFC,True,ENT_01333,2025-09-16T22:36:23.580660
ACC_002946,HDFC,True,ENT_01333,2026-06-01T22:36:23.580666
ACC_002947,Kotak,True,ENT_01333,2025-12-07T22:36:23.580675
ACC_002948,Kotak,True,ENT_01333,2026-01-02T22:36:23.580681
ACC_002949,HDFC,True,ENT_01334,2026-06-04T22:36:23.580694
ACC_002950,PNB,True,ENT_01335,2026-01-13T22:36:23.580704
ACC_002951,PNB,True,ENT_01335,2025-12-23T22:36:23.580709
ACC_002952,Paytm PB,True,ENT_01336,2026-01-08T22:36:23.580718
ACC_002953,Paytm PB,True,ENT_01336,2026-05-13T22:36:23.580724
ACC_002954,Paytm PB,True,ENT_01337,2026-01-08T22:36:23.580732
ACC_002955,Paytm PB,True,ENT_01337,2025-12-26T22:36:23.580737
ACC_002956,Axis,True,ENT_01337,2026-02-13T22:36:23.580743
ACC_002957,SBI,True,ENT_01337,2026-05-10T22:36:23.580750
ACC_002958,Axis,True,ENT_01337,2025-10-08T22:36:23.580755
ACC_002959,Paytm PB,True,ENT_01338,2025-12-01T22:36:23.580764
ACC_002960,PNB,True,ENT_01338,2026-04-14T22:36:23.580770
ACC_002961,Kotak,True,ENT_01338,2025-11-30T22:36:23.580775
ACC_002962,ICICI,True,ENT_01338,2026-01-15T22:36:23.580779
ACC_002963,Paytm PB,True,ENT_01338,2025-10-22T22:36:23.580784
ACC_002964,HDFC,True,ENT_01339,2026-07-25T22:36:23.580792
ACC_002965,Axis,True,ENT_01340,2026-02-06T22:36:23.580801
ACC_002966,Paytm PB,True,ENT_01341,2025-12-10T22:36:23.580812
ACC_002967,Kotak,True,ENT_01341,2026-07-04T22:36:23.580817
ACC_002968,SBI,True,ENT_01341,2025-11-17T22:36:23.580822
ACC_002969,Axis,True,ENT_01342,2025-11-22T22:36:23.580831
ACC_002970,HDFC,True,ENT_01342,2025-11-19T22:36:23.580836
ACC_002971,Paytm PB,True,ENT_01342,2026-06-29T22:36:23.580841
ACC_002972,Axis,True,ENT_01343,2025-09-25T22:36:23.580853
ACC_002973,Kotak,True,ENT_01343,2026-07-05T22:36:23.580858
ACC_002974,Kotak,True,ENT_01344,2025-11-10T22:36:23.580867
ACC_002975,ICICI,True,ENT_01345,2025-10-04T22:36:23.580876
ACC_002976,ICICI,True,ENT_01346,2025-11-13T22:36:23.580885
ACC_002977,Axis,True,ENT_01347,2025-12-24T22:36:23.580894
ACC_002978,Paytm PB,True,ENT_01347,2025-12-16T22:36:23.580899
ACC_002979,Paytm PB,True,ENT_01347,2026-02-25T22:36:23.580907
ACC_002980,Axis,True,ENT_01347,2026-02-14T22:36:23.580912
ACC_002981,PNB,True,ENT_01347,2026-03-16T22:36:23.580917
ACC_002982,SBI,True,ENT_01348,2026-07-26T22:36:23.580928
ACC_002983,Paytm PB,True,ENT_01349,2026-03-11T22:36:23.580938
ACC_002984,Kotak,True,ENT_01349,2025-10-29T22:36:23.580943
ACC_002985,ICICI,True,ENT_01349,2026-07-13T22:36:23.580948
ACC_002986,Kotak,True,ENT_01349,2025-12-14T22:36:23.580953
ACC_002987,SBI,True,ENT_01350,2025-10-24T22:36:23.580962
ACC_002988,HDFC,True,ENT_01350,2026-03-17T22:36:23.580967
ACC_002989,PNB,True,ENT_01350,2025-09-28T22:36:23.580972
ACC_002990,HDFC,True,ENT_01350,2026-03-20T22:36:23.580977
ACC_002991,Axis,True,ENT_01350,2026-07-02T22:36:23.580982
ACC_002992,Paytm PB,True,ENT_01351,2026-07-05T22:36:23.580990
ACC_002993,PNB,True,ENT_01351,2026-03-24T22:36:23.580995
ACC_002994,ICICI,True,ENT_01351,2026-06-07T22:36:23.581000
ACC_002995,Paytm PB,True,ENT_01351,2026-03-23T22:36:23.581008
ACC_002996,PNB,True,ENT_01352,2026-04-04T22:36:23.581020
ACC_002997,Kotak,True,ENT_01353,2026-06-17T22:36:23.581032
ACC_002998,SBI,True,ENT_01354,2025-10-15T22:36:23.581042
ACC_002999,SBI,True,ENT_01355,2025-12-28T22:36:23.581053
ACC_003000,PNB,True,ENT_01356,2026-05-16T22:36:23.581064
ACC_003001,ICICI,True,ENT_01356,2026-04-15T22:36:23.581073
ACC_003002,Axis,True,ENT_01356,2026-05-13T22:36:23.581078
ACC_003003,PNB,True,ENT_01356,2025-11-16T22:36:23.581083
ACC_003004,PNB,True,ENT_01356,2026-07-28T22:36:23.581088
ACC_003005,HDFC,True,ENT_01357,2026-05-31T22:36:23.581097
ACC_003006,PNB,True,ENT_01358,2026-05-27T22:36:23.581106
ACC_003007,PNB,True,ENT_01359,2026-01-14T22:36:23.581115
ACC_003008,SBI,True,ENT_01360,2025-12-31T22:36:23.581124
ACC_003009,Kotak,True,ENT_01361,2026-05-20T22:36:23.581132
ACC_003010,Paytm PB,True,ENT_01362,2026-02-18T22:36:23.581141
ACC_003011,Kotak,True,ENT_01363,2026-03-31T22:36:23.581150
ACC_003012,HDFC,True,ENT_01364,2026-05-20T22:36:23.581159
ACC_003013,Axis,True,ENT_01364,2026-01-21T22:36:23.581164
ACC_003014,Axis,True,ENT_01364,2026-03-12T22:36:23.581172
ACC_003015,Axis,True,ENT_01364,2025-11-14T22:36:23.581177
ACC_003016,SBI,True,ENT_01364,2026-01-31T22:36:23.581182
ACC_003017,Kotak,True,ENT_01365,2026-01-26T22:36:23.581191
ACC_003018,ICICI,True,ENT_01366,2026-05-31T22:36:23.581200
ACC_003019,PNB,True,ENT_01367,2026-01-03T22:36:23.581209
ACC_003020,HDFC,True,ENT_01367,2026-03-19T22:36:23.581215
ACC_003021,PNB,True,ENT_01367,2025-12-27T22:36:23.581220
ACC_003022,Axis,True,ENT_01367,2026-03-05T22:36:23.581228
ACC_003023,Paytm PB,True,ENT_01367,2026-07-23T22:36:23.581233
ACC_003024,Paytm PB,True,ENT_01368,2025-09-21T22:36:23.581242
ACC_003025,PNB,True,ENT_01369,2026-01-04T22:36:23.581251
ACC_003026,Kotak,True,ENT_01370,2026-03-27T22:36:23.581259
ACC_003027,ICICI,True,ENT_01371,2026-03-30T22:36:23.581268
ACC_003028,PNB,True,ENT_01371,2026-06-24T22:36:23.581273
ACC_003029,ICICI,True,ENT_01371,2025-09-12T22:36:23.581278
ACC_003030,Paytm PB,True,ENT_01371,2026-01-25T22:36:23.581283
ACC_003031,Axis,True,ENT_01371,2026-04-12T22:36:23.581288
ACC_003032,Kotak,True,ENT_01372,2025-10-16T22:36:23.581296
ACC_003033,Paytm PB,True,ENT_01373,2026-02-22T22:36:23.581305
ACC_003034,Kotak,True,ENT_01374,2026-05-13T22:36:23.581313
ACC_003035,ICICI,True,ENT_01374,2025-11-06T22:36:23.581319
ACC_003036,HDFC,True,ENT_01374,2026-08-09T22:36:23.581327
ACC_003037,PNB,True,ENT_01374,2026-07-10T22:36:23.581332
ACC_003038,HDFC,True,ENT_01374,2026-01-15T22:36:23.581337
ACC_003039,Paytm PB,True,ENT_01375,2026-06-21T22:36:23.581346
ACC_003040,Kotak,True,ENT_01375,2025-12-28T22:36:23.581351
ACC_003041,ICICI,False,,2023-03-29T22:36:23.581360
ACC_003042,ICICI,False,,2022-11-16T22:36:23.581370
ACC_003043,SBI,False,,2025-04-26T22:36:23.581377
ACC_003044,HDFC,False,,2018-10-02T22:36:23.581383
ACC_003045,HDFC,False,,2025-01-23T22:36:23.581388
ACC_003046,SBI,False,,2018-12-23T22:36:23.581397
ACC_003047,HDFC,False,,2017-10-04T22:36:23.581402
ACC_003048,HDFC,False,,2024-09-24T22:36:23.581409
ACC_003049,SBI,False,,2021-06-26T22:36:23.581415
ACC_003050,SBI,False,,2024-06-15T22:36:23.581420
ACC_003051,SBI,False,,2022-11-10T22:36:23.581425
ACC_003052,ICICI,False,,2020-06-18T22:36:23.581430
ACC_003053,HDFC,False,,2018-07-15T22:36:23.581435
ACC_003054,Axis,False,,2022-08-07T22:36:23.581440
ACC_003055,Axis,False,,2017-12-08T22:36:23.581446
ACC_003056,ICICI,False,,2022-10-24T22:36:23.581451
ACC_003057,SBI,False,,2016-12-11T22:36:23.581455
ACC_003058,HDFC,False,,2022-08-04T22:36:23.581460
ACC_003059,HDFC,False,,2021-05-29T22:36:23.581465
ACC_003060,Axis,False,,2021-12-20T22:36:23.581470
ACC_003061,HDFC,False,,2022-10-21T22:36:23.581475
ACC_003062,ICICI,False,,2023-09-15T22:36:23.581480
ACC_003063,Axis,False,,2024-12-02T22:36:23.581485
ACC_003064,Axis,False,,2023-06-14T22:36:23.581490
ACC_003065,Axis,False,,2023-09-13T22:36:23.581495
ACC_003066,Axis,False,,2024-06-25T22:36:23.581500
ACC_003067,SBI,False,,2019-08-21T22:36:23.581504
ACC_003068,Axis,False,,2023-04-02T22:36:23.581512
ACC_003069,HDFC,False,,2020-09-30T22:36:23.581517
ACC_003070,ICICI,False,,2024-07-16T22:36:23.581522
ACC_003071,HDFC,False,,2024-11-18T22:36:23.581527
ACC_003072,HDFC,False,,2019-04-17T22:36:23.581532
ACC_003073,ICICI,False,,2016-12-25T22:36:23.581537
ACC_003074,Axis,False,,2025-06-28T22:36:23.581542
ACC_003075,Axis,False,,2024-01-12T22:36:23.581547
ACC_003076,HDFC,False,,2025-04-11T22:36:23.581552
ACC_003077,Axis,False,,2022-09-17T22:36:23.581557
ACC_003078,SBI,False,,2017-11-06T22:36:23.581565
ACC_003079,ICICI,False,,2021-04-24T22:36:23.581570
ACC_003080,HDFC,False,,2019-12-02T22:36:23.581575
ACC_003081,Axis,False,,2020-05-03T22:36:23.581580
ACC_003082,Axis,False,,2021-03-03T22:36:23.581585
ACC_003083,HDFC,False,,2019-08-23T22:36:23.581590
ACC_003084,SBI,False,,2025-08-30T22:36:23.581594
ACC_003085,Axis,False,,2017-12-20T22:36:23.581599
ACC_003086,Axis,False,,2024-05-04T22:36:23.581604
ACC_003087,ICICI,False,,2021-12-17T22:36:23.581609
ACC_003088,ICICI,False,,2021-03-17T22:36:23.581614
ACC_003089,HDFC,False,,2018-08-11T22:36:23.581619
ACC_003090,HDFC,False,,2021-08-08T22:36:23.581624
ACC_003091,ICICI,False,,2024-10-18T22:36:23.581629
ACC_003092,Axis,False,,2017-03-04T22:36:23.581634
ACC_003093,ICICI,False,,2018-06-08T22:36:23.581639
ACC_003094,SBI,False,,2023-09-20T22:36:23.581644
ACC_003095,HDFC,False,,2021-05-23T22:36:23.581648
ACC_003096,SBI,False,,2022-05-07T22:36:23.581653
ACC_003097,Axis,False,,2024-07-02T22:36:23.581658
ACC_003098,ICICI,False,,2020-03-30T22:36:23.581663
ACC_003099,HDFC,False,,2018-08-09T22:36:23.581673
ACC_003100,Axis,False,,2017-06-15T22:36:23.581678
ACC_003101,SBI,False,,2024-02-17T22:36:23.581683
ACC_003102,HDFC,False,,2023-07-15T22:36:23.581688
ACC_003103,HDFC,False,,2017-08-17T22:36:23.581693
ACC_003104,SBI,False,,2020-03-19T22:36:23.581698
ACC_003105,Axis,False,,2024-12-28T22:36:23.581703
ACC_003106,ICICI,False,,2020-02-05T22:36:23.581709
ACC_003107,Axis,False,,2025-07-07T22:36:23.581714
ACC_003108,HDFC,False,,2021-11-23T22:36:23.581719
ACC_003109,HDFC,False,,2021-11-29T22:36:23.581727
ACC_003110,HDFC,False,,2021-02-25T22:36:23.581732
ACC_003111,HDFC,False,,2023-04-29T22:36:23.581737
ACC_003112,Axis,False,,2018-02-04T22:36:23.581742
ACC_003113,SBI,False,,2017-05-22T22:36:23.581747
ACC_003114,SBI,False,,2024-11-21T22:36:23.581752
ACC_003115,HDFC,False,,2017-06-14T22:36:23.581757
ACC_003116,SBI,False,,2020-03-20T22:36:23.581761
ACC_003117,HDFC,False,,2020-05-31T22:36:23.581766
ACC_003118,HDFC,False,,2022-12-23T22:36:23.581773
ACC_003119,SBI,False,,2025-07-16T22:36:23.581778
ACC_003120,SBI,False,,2018-08-09T22:36:23.581783
ACC_003121,HDFC,False,,2022-04-03T22:36:23.581787
ACC_003122,HDFC,False,,2020-08-01T22:36:23.581793
ACC_003123,SBI,False,,2019-01-27T22:36:23.581797
ACC_003124,HDFC,False,,2024-07-04T22:36:23.581802
ACC_003125,HDFC,False,,2020-02-15T22:36:23.581807
ACC_003126,SBI,False,,2024-12-28T22:36:23.581812
ACC_003127,SBI,False,,2020-12-02T22:36:23.581817
ACC_003128,ICICI,False,,2017-06-04T22:36:23.581822
ACC_003129,Axis,False,,2022-01-23T22:36:23.581827
ACC_003130,HDFC,False,,2018-01-10T22:36:23.581832
ACC_003131,SBI,False,,2022-02-03T22:36:23.581840
ACC_003132,SBI,False,,2017-02-16T22:36:23.581845
ACC_003133,HDFC,False,,2019-01-18T22:36:23.581850
ACC_003134,SBI,False,,2021-12-08T22:36:23.581856
ACC_003135,HDFC,False,,2024-05-06T22:36:23.581861
ACC_003136,ICICI,False,,2024-02-12T22:36:23.581866
ACC_003137,Axis,False,,2023-10-25T22:36:23.581871
ACC_003138,ICICI,False,,2019-06-30T22:36:23.581875
ACC_003139,SBI,False,,2020-10-12T22:36:23.581880
ACC_003140,SBI,False,,2019-03-05T22:36:23.581885
ACC_003141,HDFC,False,,2024-03-15T22:36:23.581893
ACC_003142,HDFC,False,,2016-10-29T22:36:23.581898
ACC_003143,Axis,False,,2016-12-23T22:36:23.581903
ACC_003144,SBI,False,,2025-07-10T22:36:23.581908
ACC_003145,Axis,False,,2024-10-17T22:36:23.581913
ACC_003146,HDFC,False,,2025-08-14T22:36:23.581917
ACC_003147,SBI,False,,2024-09-12T22:36:23.581922
ACC_003148,ICICI,False,,2021-01-12T22:36:23.581927
ACC_003149,Axis,False,,2017-12-08T22:36:23.581932
ACC_003150,SBI,False,,2023-05-22T22:36:23.581938
ACC_003151,SBI,False,,2018-07-11T22:36:23.581946
ACC_003152,ICICI,False,,2019-11-01T22:36:23.581952
ACC_003153,Axis,False,,2021-01-29T22:36:23.581957
ACC_003154,SBI,False,,2023-09-29T22:36:23.581962
ACC_003155,HDFC,False,,2019-01-05T22:36:23.581968
ACC_003156,SBI,False,,2017-08-28T22:36:23.581972
ACC_003157,Axis,False,,2018-11-02T22:36:23.581977
ACC_003158,HDFC,False,,2018-09-01T22:36:23.581982
ACC_003159,ICICI,False,,2021-10-19T22:36:23.581987
ACC_003160,Axis,False,,2025-08-25T22:36:23.581992
ACC_003161,SBI,False,,2023-07-19T22:36:23.581997
ACC_003162,HDFC,False,,2019-10-03T22:36:23.582002
ACC_003163,HDFC,False,,2018-10-04T22:36:23.582009
ACC_003164,ICICI,False,,2017-03-01T22:36:23.582014
ACC_003165,SBI,False,,2020-06-29T22:36:23.582020
ACC_003166,SBI,False,,2022-08-07T22:36:23.582025
ACC_003167,HDFC,False,,2023-07-12T22:36:23.582030
ACC_003168,HDFC,False,,2016-10-07T22:36:23.582034
ACC_003169,SBI,False,,2018-01-06T22:36:23.582039
ACC_003170,Axis,False,,2020-02-14T22:36:23.582045
ACC_003171,SBI,False,,2023-11-28T22:36:23.582050
ACC_003172,HDFC,False,,2025-02-03T22:36:23.582055
ACC_003173,ICICI,False,,2022-07-03T22:36:23.582063
ACC_003174,SBI,False,,2020-10-28T22:36:23.582068
ACC_003175,ICICI,False,,2021-12-13T22:36:23.582072
ACC_003176,Axis,False,,2025-03-19T22:36:23.582078
ACC_003177,HDFC,False,,2017-05-25T22:36:23.582083
ACC_003178,HDFC,False,,2019-09-03T22:36:23.582087
ACC_003179,SBI,False,,2023-12-05T22:36:23.582092
ACC_003180,HDFC,False,,2020-04-05T22:36:23.582097
ACC_003181,HDFC,False,,2024-11-26T22:36:23.582102
ACC_003182,SBI,False,,2017-08-11T22:36:23.582107
ACC_003183,Axis,False,,2019-01-20T22:36:23.582112
ACC_003184,ICICI,False,,2020-12-31T22:36:23.582117
ACC_003185,SBI,False,,2017-04-27T22:36:23.582122
ACC_003186,ICICI,False,,2023-02-13T22:36:23.582127
ACC_003187,HDFC,False,,2022-01-16T22:36:23.582132
ACC_003188,SBI,False,,2024-08-07T22:36:23.582136
ACC_003189,SBI,False,,2017-06-05T22:36:23.582141
ACC_003190,Axis,False,,2023-06-16T22:36:23.582146
ACC_003191,Axis,False,,2023-03-24T22:36:23.582151
ACC_003192,HDFC,False,,2020-06-01T22:36:23.582156
ACC_003193,Axis,False,,2025-02-02T22:36:23.582161
ACC_003194,Axis,False,,2024-01-28T22:36:23.582166
ACC_003195,SBI,False,,2018-11-12T22:36:23.582173
ACC_003196,Axis,False,,2023-09-14T22:36:23.582179
ACC_003197,Axis,False,,2021-07-06T22:36:23.582183
ACC_003198,SBI,False,,2020-07-26T22:36:23.582188
ACC_003199,SBI,False,,2018-08-12T22:36:23.582193
ACC_003200,ICICI,False,,2022-09-04T22:36:23.582198
ACC_003201,SBI,False,,2021-12-07T22:36:23.582205
ACC_003202,SBI,False,,2025-05-04T22:36:23.582214
ACC_003203,HDFC,False,,2022-07-21T22:36:23.582220
ACC_003204,SBI,False,,2024-06-14T22:36:23.582224
ACC_003205,Axis,False,,2020-07-22T22:36:23.582232
ACC_003206,Axis,False,,2023-10-12T22:36:23.582237
ACC_003207,ICICI,False,,2023-03-27T22:36:23.582242
ACC_003208,ICICI,False,,2018-12-06T22:36:23.582247
ACC_003209,SBI,False,,2016-11-05T22:36:23.582252
ACC_003210,SBI,False,,2019-03-21T22:36:23.582257
ACC_003211,SBI,False,,2024-09-23T22:36:23.582262
ACC_003212,Axis,False,,2019-11-06T22:36:23.582267
ACC_003213,Axis,False,,2023-04-10T22:36:23.582272
ACC_003214,Axis,False,,2020-07-05T22:36:23.582278
ACC_003215,ICICI,False,,2025-07-15T22:36:23.582283
ACC_003216,Axis,False,,2017-06-11T22:36:23.582288
ACC_003217,SBI,False,,2022-12-02T22:36:23.582293
ACC_003218,ICICI,False,,2020-10-30T22:36:23.582297
ACC_003219,SBI,False,,2019-01-24T22:36:23.582302
ACC_003220,SBI,False,,2019-04-08T22:36:23.582308
ACC_003221,HDFC,False,,2021-01-05T22:36:23.582313
ACC_003222,HDFC,False,,2025-04-01T22:36:23.582318
ACC_003223,Axis,False,,2017-06-22T22:36:23.582322
ACC_003224,HDFC,False,,2020-12-04T22:36:23.582327
ACC_003225,Axis,False,,2020-04-28T22:36:23.582332
ACC_003226,HDFC,False,,2020-08-16T22:36:23.582337
ACC_003227,Axis,False,,2023-01-01T22:36:23.582345
ACC_003228,HDFC,False,,2019-06-09T22:36:23.582350
ACC_003229,HDFC,False,,2017-12-04T22:36:23.582355
ACC_003230,Axis,False,,2023-04-04T22:36:23.582360
ACC_003231,SBI,False,,2021-09-05T22:36:23.582365
ACC_003232,ICICI,False,,2023-01-07T22:36:23.582370
ACC_003233,HDFC,False,,2025-07-09T22:36:23.582375
ACC_003234,Axis,False,,2018-03-13T22:36:23.582380
ACC_003235,ICICI,False,,2023-11-20T22:36:23.582385
ACC_003236,Axis,False,,2019-04-21T22:36:23.582392
ACC_003237,HDFC,False,,2020-08-06T22:36:23.582397
ACC_003238,Axis,False,,2017-01-16T22:36:23.582402
ACC_003239,SBI,False,,2017-10-24T22:36:23.582408
ACC_003240,Axis,False,,2023-08-17T22:36:23.582413
ACC_003241,ICICI,False,,2018-09-02T22:36:23.582418
ACC_003242,Axis,False,,2017-10-21T22:36:23.582423
ACC_003243,HDFC,False,,2018-08-31T22:36:23.582427
ACC_003244,HDFC,False,,2021-05-20T22:36:23.582432
ACC_003245,ICICI,False,,2019-09-30T22:36:23.582437
ACC_003246,HDFC,False,,2022-05-17T22:36:23.582442
ACC_003247,Axis,False,,2017-04-04T22:36:23.582447
ACC_003248,ICICI,False,,2017-11-14T22:36:23.582452
ACC_003249,SBI,False,,2016-11-12T22:36:23.582457
ACC_003250,HDFC,False,,2018-09-28T22:36:23.582462
ACC_003251,ICICI,False,,2017-06-13T22:36:23.582467
ACC_003252,HDFC,False,,2019-12-05T22:36:23.582475
ACC_003253,ICICI,False,,2025-02-13T22:36:23.582480
ACC_003254,HDFC,False,,2021-05-28T22:36:23.582485
ACC_003255,ICICI,False,,2020-06-24T22:36:23.582490
ACC_003256,HDFC,False,,2021-08-07T22:36:23.582495
ACC_003257,ICICI,False,,2023-09-26T22:36:23.582500
ACC_003258,HDFC,False,,2019-05-31T22:36:23.582505
ACC_003259,SBI,False,,2024-02-24T22:36:23.582512
ACC_003260,ICICI,False,,2023-01-09T22:36:23.582517
ACC_003261,HDFC,False,,2018-06-03T22:36:23.582522
ACC_003262,Axis,False,,2017-06-06T22:36:23.582527
ACC_003263,SBI,False,,2017-04-03T22:36:23.582533
ACC_003264,SBI,False,,2022-02-08T22:36:23.582538
ACC_003265,ICICI,False,,2022-09-13T22:36:23.582543
ACC_003266,Axis,False,,2022-08-04T22:36:23.582547
ACC_003267,HDFC,False,,2024-12-27T22:36:23.582552
ACC_003268,ICICI,False,,2021-10-29T22:36:23.582560
ACC_003269,Axis,False,,2020-03-31T22:36:23.582565
ACC_003270,HDFC,False,,2020-06-05T22:36:23.582570
ACC_003271,ICICI,False,,2020-08-18T22:36:23.582575
ACC_003272,ICICI,False,,2016-09-23T22:36:23.582580
ACC_003273,HDFC,False,,2023-08-03T22:36:23.582585
ACC_003274,Axis,False,,2024-09-20T22:36:23.582590
ACC_003275,HDFC,False,,2021-04-26T22:36:23.582595
ACC_003276,SBI,False,,2022-06-19T22:36:23.582600
ACC_003277,HDFC,False,,2024-06-22T22:36:23.582605
ACC_003278,SBI,False,,2022-08-09T22:36:23.582610
ACC_003279,HDFC,False,,2017-11-18T22:36:23.582615
ACC_003280,SBI,False,,2020-02-19T22:36:23.582619
ACC_003281,SBI,False,,2023-05-30T22:36:23.582624
ACC_003282,HDFC,False,,2022-05-31T22:36:23.582629
ACC_003283,Axis,False,,2018-01-17T22:36:23.582634
ACC_003284,SBI,False,,2020-05-20T22:36:23.582639
ACC_003285,ICICI,False,,2020-12-27T22:36:23.582644
ACC_003286,Axis,False,,2017-06-05T22:36:23.582649
ACC_003287,HDFC,False,,2022-06-06T22:36:23.582654
ACC_003288,SBI,False,,2024-12-29T22:36:23.582659
ACC_003289,HDFC,False,,2016-09-15T22:36:23.582664
ACC_003290,SBI,False,,2019-11-15T22:36:23.582669
ACC_003291,ICICI,False,,2021-01-30T22:36:23.582677
ACC_003292,ICICI,False,,2018-05-07T22:36:23.582682
ACC_003293,ICICI,False,,2020-03-31T22:36:23.582687
ACC_003294,Axis,False,,2020-07-25T22:36:23.582692
ACC_003295,ICICI,False,,2019-05-04T22:36:23.582697
ACC_003296,SBI,False,,2016-11-05T22:36:23.582702
ACC_003297,ICICI,False,,2023-10-10T22:36:23.582707
ACC_003298,ICICI,False,,2023-02-27T22:36:23.582712
ACC_003299,Axis,False,,2021-07-12T22:36:23.582717
ACC_003300,ICICI,False,,2017-01-25T22:36:23.582724
ACC_003301,HDFC,False,,2024-01-14T22:36:23.582729
ACC_003302,ICICI,False,,2022-07-06T22:36:23.582735
ACC_003303,Axis,False,,2023-11-01T22:36:23.582742
ACC_003304,SBI,False,,2017-09-19T22:36:23.582747
ACC_003305,ICICI,False,,2023-08-28T22:36:23.582752
ACC_003306,SBI,False,,2017-10-04T22:36:23.582757
ACC_003307,SBI,False,,2023-11-22T22:36:23.582762
ACC_003308,SBI,False,,2024-05-22T22:36:23.582767
ACC_003309,HDFC,False,,2022-02-24T22:36:23.582772
ACC_003310,SBI,False,,2020-10-03T22:36:23.582777
ACC_003311,ICICI,False,,2021-07-21T22:36:23.582782
ACC_003312,SBI,False,,2023-05-26T22:36:23.582787
ACC_003313,HDFC,False,,2018-03-27T22:36:23.582792
ACC_003314,ICICI,False,,2021-11-04T22:36:23.582797
ACC_003315,SBI,False,,2021-07-08T22:36:23.582802
ACC_003316,Axis,False,,2019-08-24T22:36:23.582806
ACC_003317,SBI,False,,2019-09-19T22:36:23.582811
ACC_003318,ICICI,False,,2024-05-03T22:36:23.582816
ACC_003319,HDFC,False,,2021-02-28T22:36:23.582821
ACC_003320,Axis,False,,2017-01-30T22:36:23.582826
ACC_003321,SBI,False,,2020-07-24T22:36:23.582830
ACC_003322,ICICI,False,,2023-12-13T22:36:23.582835
ACC_003323,HDFC,False,,2017-06-02T22:36:23.582843
ACC_003324,ICICI,False,,2018-06-10T22:36:23.582848
ACC_003325,ICICI,False,,2020-05-20T22:36:23.582853
ACC_003326,ICICI,False,,2017-03-29T22:36:23.582858
ACC_003327,SBI,False,,2016-09-24T22:36:23.582877
ACC_003328,Axis,False,,2021-11-25T22:36:23.582882
ACC_003329,HDFC,False,,2017-06-30T22:36:23.582886
ACC_003330,Axis,False,,2025-04-01T22:36:23.582891
ACC_003331,SBI,False,,2018-02-04T22:36:23.582896
ACC_003332,HDFC,False,,2022-03-31T22:36:23.582904
ACC_003333,HDFC,False,,2021-03-12T22:36:23.582908
ACC_003334,SBI,False,,2020-09-12T22:36:23.582913
ACC_003335,ICICI,False,,2024-08-30T22:36:23.582918
ACC_003336,ICICI,False,,2025-01-30T22:36:23.582923
ACC_003337,SBI,False,,2019-02-27T22:36:23.582927
ACC_003338,SBI,False,,2016-12-08T22:36:23.582932
ACC_003339,ICICI,False,,2023-07-04T22:36:23.582937
ACC_003340,HDFC,False,,2024-10-05T22:36:23.582941
ACC_003341,Axis,False,,2018-02-08T22:36:23.582946
ACC_003342,HDFC,False,,2019-12-17T22:36:23.582951
ACC_003343,Axis,False,,2023-07-09T22:36:23.582955
ACC_003344,Axis,False,,2022-02-19T22:36:23.582960
ACC_003345,HDFC,False,,2018-03-22T22:36:23.582965
ACC_003346,ICICI,False,,2021-03-29T22:36:23.582969
ACC_003347,SBI,False,,2017-09-02T22:36:23.582974
ACC_003348,Axis,False,,2021-07-21T22:36:23.582979
ACC_003349,Axis,False,,2021-07-08T22:36:23.582983
ACC_003350,HDFC,False,,2022-07-05T22:36:23.582988
ACC_003351,ICICI,False,,2021-10-04T22:36:23.582993
ACC_003352,ICICI,False,,2020-09-13T22:36:23.582998
ACC_003353,HDFC,False,,2023-04-13T22:36:23.583003
ACC_003354,Axis,False,,2017-05-20T22:36:23.583011
ACC_003355,Axis,False,,2020-09-26T22:36:23.583018
ACC_003356,ICICI,False,,2023-11-12T22:36:23.583024
ACC_003357,Axis,False,,2017-07-12T22:36:23.583029
ACC_003358,Axis,False,,2024-02-19T22:36:23.583034
ACC_003359,HDFC,False,,2024-02-02T22:36:23.583039
ACC_003360,SBI,False,,2022-04-19T22:36:23.583044
ACC_003361,Axis,False,,2019-10-23T22:36:23.583048
ACC_003362,ICICI,False,,2024-12-16T22:36:23.583054
ACC_003363,Axis,False,,2024-09-15T22:36:23.583061
ACC_003364,HDFC,False,,2021-02-08T22:36:23.583066
ACC_003365,ICICI,False,,2021-01-19T22:36:23.583071
ACC_003366,SBI,False,,2019-06-20T22:36:23.583080
ACC_003367,Axis,False,,2017-09-25T22:36:23.583085
ACC_003368,SBI,False,,2023-06-19T22:36:23.583090
ACC_003369,SBI,False,,2021-06-02T22:36:23.583095
ACC_003370,ICICI,False,,2019-06-28T22:36:23.583099
ACC_003371,Axis,False,,2025-03-24T22:36:23.583104
ACC_003372,ICICI,False,,2019-02-19T22:36:23.583109
ACC_003373,ICICI,False,,2020-02-28T22:36:23.583114
ACC_003374,Axis,False,,2023-03-08T22:36:23.583118
ACC_003375,HDFC,False,,2016-10-29T22:36:23.583123
ACC_003376,HDFC,False,,2023-12-22T22:36:23.583128
ACC_003377,ICICI,False,,2022-05-02T22:36:23.583132
ACC_003378,Axis,False,,2024-04-22T22:36:23.583137
ACC_003379,ICICI,False,,2021-01-08T22:36:23.583142
ACC_003380,SBI,False,,2020-03-08T22:36:23.583147
ACC_003381,SBI,False,,2025-05-19T22:36:23.583152
ACC_003382,HDFC,False,,2017-02-14T22:36:23.583157
ACC_003383,ICICI,False,,2020-03-03T22:36:23.583161
ACC_003384,HDFC,False,,2018-12-25T22:36:23.583166
ACC_003385,ICICI,False,,2019-03-08T22:36:23.583171
ACC_003386,Axis,False,,2019-05-11T22:36:23.583178
ACC_003387,Axis,False,,2022-10-22T22:36:23.583183
ACC_003388,Axis,False,,2017-11-30T22:36:23.583188
ACC_003389,HDFC,False,,2021-07-07T22:36:23.583193
ACC_003390,HDFC,False,,2022-10-15T22:36:23.583198
ACC_003391,SBI,False,,2019-03-06T22:36:23.583202
ACC_003392,HDFC,False,,2024-01-23T22:36:23.583207
ACC_003393,ICICI,False,,2020-07-12T22:36:23.583212
ACC_003394,SBI,False,,2021-09-10T22:36:23.583217
ACC_003395,SBI,False,,2025-02-08T22:36:23.583224
ACC_003396,ICICI,False,,2021-08-25T22:36:23.583229
ACC_003397,Axis,False,,2018-07-25T22:36:23.583234
ACC_003398,ICICI,False,,2025-02-25T22:36:23.583238
ACC_003399,ICICI,False,,2022-06-06T22:36:23.583245
ACC_003400,HDFC,False,,2019-12-09T22:36:23.583251
ACC_003401,SBI,False,,2017-02-07T22:36:23.583255
ACC_003402,SBI,False,,2017-02-14T22:36:23.583260
ACC_003403,HDFC,False,,2018-12-26T22:36:23.583265
ACC_003404,SBI,False,,2019-08-08T22:36:23.583269
ACC_003405,ICICI,False,,2022-02-25T22:36:23.583276
ACC_003406,ICICI,False,,2022-08-28T22:36:23.583282
ACC_003407,ICICI,False,,2024-08-16T22:36:23.583286
ACC_003408,ICICI,False,,2024-02-02T22:36:23.583291
ACC_003409,HDFC,False,,2024-03-01T22:36:23.583296
ACC_003410,ICICI,False,,2021-07-08T22:36:23.583301
ACC_003411,Axis,False,,2021-01-29T22:36:23.583305
ACC_003412,ICICI,False,,2023-11-15T22:36:23.583310
ACC_003413,HDFC,False,,2023-04-04T22:36:23.583315
ACC_003414,SBI,False,,2020-01-21T22:36:23.583319
ACC_003415,SBI,False,,2023-08-03T22:36:23.583324
ACC_003416,HDFC,False,,2021-01-07T22:36:23.583329
ACC_003417,Axis,False,,2024-11-04T22:36:23.583334
ACC_003418,HDFC,False,,2024-03-24T22:36:23.583341
ACC_003419,HDFC,False,,2020-04-27T22:36:23.583346
ACC_003420,ICICI,False,,2022-03-16T22:36:23.583351
ACC_003421,ICICI,False,,2024-02-21T22:36:23.583356
ACC_003422,Axis,False,,2018-12-31T22:36:23.583360
ACC_003423,ICICI,False,,2023-10-08T22:36:23.583366
ACC_003424,ICICI,False,,2025-05-18T22:36:23.583370
ACC_003425,HDFC,False,,2023-03-17T22:36:23.583375
ACC_003426,SBI,False,,2017-11-30T22:36:23.583380
ACC_003427,SBI,False,,2017-12-25T22:36:23.583387
ACC_003428,SBI,False,,2022-04-02T22:36:23.583392
ACC_003429,SBI,False,,2023-05-07T22:36:23.583397
ACC_003430,SBI,False,,2024-10-26T22:36:23.583401
ACC_003431,Axis,False,,2017-12-14T22:36:23.583406
ACC_003432,HDFC,False,,2024-10-29T22:36:23.583411
ACC_003433,HDFC,False,,2017-01-04T22:36:23.583416
ACC_003434,Axis,False,,2017-03-16T22:36:23.583420
ACC_003435,Axis,False,,2025-03-22T22:36:23.583425
ACC_003436,SBI,False,,2024-06-28T22:36:23.583430
ACC_003437,HDFC,False,,2016-10-21T22:36:23.583454
ACC_003438,HDFC,False,,2020-06-09T22:36:23.583459
ACC_003439,HDFC,False,,2022-11-11T22:36:23.583464
ACC_003440,HDFC,False,,2024-12-15T22:36:23.583469
ACC_003441,ICICI,False,,2018-03-19T22:36:23.583474
ACC_003442,HDFC,False,,2017-03-28T22:36:23.583479
ACC_003443,HDFC,False,,2016-12-04T22:36:23.583484
ACC_003444,HDFC,False,,2018-12-14T22:36:23.583488
ACC_003445,SBI,False,,2019-02-10T22:36:23.583493
ACC_003446,SBI,False,,2023-08-18T22:36:23.583498
ACC_003447,ICICI,False,,2025-05-16T22:36:23.583502
ACC_003448,HDFC,False,,2024-01-25T22:36:23.583507
ACC_003449,ICICI,False,,2019-03-14T22:36:23.583512
ACC_003450,ICICI,False,,2021-10-01T22:36:23.583520
ACC_003451,SBI,False,,2020-02-01T22:36:23.583525
ACC_003452,SBI,False,,2020-01-14T22:36:23.583530
ACC_003453,HDFC,False,,2024-08-03T22:36:23.583535
ACC_003454,HDFC,False,,2019-10-08T22:36:23.583539
ACC_003455,SBI,False,,2017-09-03T22:36:23.583544
ACC_003456,SBI,False,,2022-07-16T22:36:23.583551
ACC_003457,SBI,False,,2017-03-30T22:36:23.583556
ACC_003458,HDFC,False,,2017-07-25T22:36:23.583561
ACC_003459,HDFC,False,,2023-04-20T22:36:23.583569
ACC_003460,Axis,False,,2021-08-03T22:36:23.583574
ACC_003461,SBI,False,,2020-10-08T22:36:23.583579
ACC_003462,HDFC,False,,2023-09-03T22:36:23.583583
ACC_003463,ICICI,False,,2021-06-11T22:36:23.583588
ACC_003464,Axis,False,,2023-04-19T22:36:23.583593
ACC_003465,SBI,False,,2021-02-16T22:36:23.583598
ACC_003466,HDFC,False,,2017-02-28T22:36:23.583602
ACC_003467,ICICI,False,,2024-04-24T22:36:23.583607
ACC_003468,Axis,False,,2024-06-18T22:36:23.583612
ACC_003469,SBI,False,,2020-02-21T22:36:23.583616
ACC_003470,ICICI,False,,2017-10-18T22:36:23.583621
ACC_003471,ICICI,False,,2019-06-14T22:36:23.583626
ACC_003472,HDFC,False,,2024-10-11T22:36:23.583631
ACC_003473,ICICI,False,,2020-02-29T22:36:23.583635
ACC_003474,HDFC,False,,2021-05-20T22:36:23.583640
ACC_003475,ICICI,False,,2020-07-29T22:36:23.583645
ACC_003476,ICICI,False,,2017-12-29T22:36:23.583649
ACC_003477,Axis,False,,2023-03-02T22:36:23.583654
ACC_003478,Axis,False,,2022-06-10T22:36:23.583659
ACC_003479,Axis,False,,2023-08-01T22:36:23.583664
ACC_003480,HDFC,False,,2020-05-13T22:36:23.583668
ACC_003481,ICICI,False,,2023-09-09T22:36:23.583694
ACC_003482,HDFC,False,,2018-02-20T22:36:23.583721
ACC_003483,Axis,False,,2018-03-01T22:36:23.583729
ACC_003484,HDFC,False,,2021-04-03T22:36:23.583735
ACC_003485,Axis,False,,2019-11-03T22:36:23.583740
ACC_003486,HDFC,False,,2024-05-12T22:36:23.583746
ACC_003487,SBI,False,,2021-04-09T22:36:23.583751
ACC_003488,Axis,False,,2017-11-27T22:36:23.583756
ACC_003489,HDFC,False,,2017-05-21T22:36:23.583761
ACC_003490,SBI,False,,2024-12-21T22:36:23.583769
ACC_003491,ICICI,False,,2023-06-20T22:36:23.583774
ACC_003492,ICICI,False,,2023-06-15T22:36:23.583779
ACC_003493,Axis,False,,2024-04-28T22:36:23.583784
ACC_003494,SBI,False,,2020-12-08T22:36:23.583789
ACC_003495,Axis,False,,2022-07-30T22:36:23.583794
ACC_003496,ICICI,False,,2017-03-21T22:36:23.583799
ACC_003497,Axis,False,,2021-09-15T22:36:23.583804
ACC_003498,Axis,False,,2018-03-23T22:36:23.583810
ACC_003499,Axis,False,,2020-04-07T22:36:23.583815
ACC_003500,ICICI,False,,2024-01-18T22:36:23.583820
ACC_003501,Axis,False,,2024-06-27T22:36:23.583825
ACC_003502,HDFC,False,,2022-11-21T22:36:23.583830
ACC_003503,Axis,False,,2020-02-15T22:36:23.583835
ACC_003504,SBI,False,,2018-08-27T22:36:23.583839
ACC_003505,SBI,False,,2025-05-14T22:36:23.583844
ACC_003506,HDFC,False,,2017-06-04T22:36:23.583849
ACC_003507,HDFC,False,,2024-12-07T22:36:23.583856
ACC_003508,Axis,False,,2018-02-04T22:36:23.583862
ACC_003509,HDFC,False,,2023-09-10T22:36:23.583866
ACC_003510,Axis,False,,2018-12-02T22:36:23.583871
ACC_003511,ICICI,False,,2023-12-27T22:36:23.583876
ACC_003512,ICICI,False,,2018-09-22T22:36:23.583881
ACC_003513,HDFC,False,,2017-03-05T22:36:23.583885
ACC_003514,HDFC,False,,2018-04-15T22:36:23.583893
ACC_003515,Axis,False,,2016-10-22T22:36:23.583898
ACC_003516,Axis,False,,2023-06-08T22:36:23.583902
ACC_003517,ICICI,False,,2018-04-11T22:36:23.583907
ACC_003518,Axis,False,,2020-03-14T22:36:23.583912
ACC_003519,ICICI,False,,2019-08-14T22:36:23.583917
ACC_003520,ICICI,False,,2019-08-21T22:36:23.583921
ACC_003521,HDFC,False,,2017-02-17T22:36:23.583926
ACC_003522,HDFC,False,,2020-11-15T22:36:23.583933
ACC_003523,HDFC,False,,2021-05-25T22:36:23.583938
ACC_003524,Axis,False,,2022-03-04T22:36:23.583943
ACC_003525,Axis,False,,2020-09-26T22:36:23.583969
ACC_003526,Axis,False,,2025-04-18T22:36:23.583978
ACC_003527,HDFC,False,,2023-09-19T22:36:23.583984
ACC_003528,ICICI,False,,2017-10-12T22:36:23.583990
ACC_003529,SBI,False,,2020-03-09T22:36:23.583995
ACC_003530,Axis,False,,2024-03-11T22:36:23.584000
ACC_003531,ICICI,False,,2017-09-03T22:36:23.584005
ACC_003532,Axis,False,,2020-03-26T22:36:23.584010
ACC_003533,HDFC,False,,2019-04-27T22:36:23.584015
ACC_003534,Axis,False,,2018-04-19T22:36:23.584020
ACC_003535,Axis,False,,2020-05-12T22:36:23.584024
ACC_003536,SBI,False,,2020-01-07T22:36:23.584029
ACC_003537,HDFC,False,,2021-04-23T22:36:23.584048
ACC_003538,ICICI,False,,2020-02-25T22:36:23.584053
ACC_003539,Axis,False,,2018-10-13T22:36:23.584058
ACC_003540,ICICI,False,,2017-02-07T22:36:23.584063
ACC_003541,ICICI,False,,2022-02-08T22:36:23.584068
ACC_003542,HDFC,False,,2025-05-20T22:36:23.584073
ACC_003543,HDFC,False,,2024-04-05T22:36:23.584078
ACC_003544,ICICI,False,,2021-10-15T22:36:23.584083
ACC_003545,HDFC,False,,2017-02-12T22:36:23.584088
ACC_003546,ICICI,False,,2021-06-07T22:36:23.584098
ACC_003547,HDFC,False,,2020-11-24T22:36:23.584103
ACC_003548,ICICI,False,,2021-09-10T22:36:23.584107
ACC_003549,Axis,False,,2021-10-05T22:36:23.584113
ACC_003550,HDFC,False,,2018-04-14T22:36:23.584118
ACC_003551,SBI,False,,2022-12-03T22:36:23.584123
ACC_003552,SBI,False,,2018-06-07T22:36:23.584128
ACC_003553,ICICI,False,,2019-01-20T22:36:23.584133
ACC_003554,HDFC,False,,2017-12-25T22:36:23.584140
ACC_003555,HDFC,False,,2022-04-13T22:36:23.584145
ACC_003556,HDFC,False,,2021-11-30T22:36:23.584150
ACC_003557,SBI,False,,2025-06-24T22:36:23.584155
ACC_003558,ICICI,False,,2025-04-12T22:36:23.584178
ACC_003559,Axis,False,,2018-04-28T22:36:23.584187
ACC_003560,Axis,False,,2019-05-01T22:36:23.584192
ACC_003561,Axis,False,,2022-09-16T22:36:23.584197
ACC_003562,HDFC,False,,2017-11-23T22:36:23.584204
ACC_003563,Axis,False,,2019-02-08T22:36:23.584209
ACC_003564,HDFC,False,,2022-02-24T22:36:23.584213
ACC_003565,Axis,False,,2019-04-21T22:36:23.584218
ACC_003566,Axis,False,,2022-01-31T22:36:23.584223
ACC_003567,HDFC,False,,2020-03-22T22:36:23.584228
ACC_003568,HDFC,False,,2017-12-14T22:36:23.584233
ACC_003569,SBI,False,,2021-12-06T22:36:23.584238
ACC_003570,Axis,False,,2020-01-23T22:36:23.584243
ACC_003571,ICICI,False,,2023-10-31T22:36:23.584248
ACC_003572,ICICI,False,,2021-08-16T22:36:23.584253
ACC_003573,Axis,False,,2023-06-09T22:36:23.584258
ACC_003574,Axis,False,,2018-07-29T22:36:23.584263
ACC_003575,HDFC,False,,2019-09-10T22:36:23.584268
ACC_003576,SBI,False,,2022-06-23T22:36:23.584273
ACC_003577,ICICI,False,,2025-03-02T22:36:23.584277
ACC_003578,ICICI,False,,2019-04-08T22:36:23.584285
ACC_003579,Axis,False,,2023-03-02T22:36:23.584290
ACC_003580,HDFC,False,,2017-08-26T22:36:23.584296
ACC_003581,HDFC,False,,2019-01-23T22:36:23.584300
ACC_003582,ICICI,False,,2022-08-20T22:36:23.584305
ACC_003583,HDFC,False,,2019-05-07T22:36:23.584310
ACC_003584,Axis,False,,2020-11-28T22:36:23.584315
ACC_003585,SBI,False,,2021-10-21T22:36:23.584320
ACC_003586,HDFC,False,,2018-05-24T22:36:23.584327
ACC_003587,ICICI,False,,2020-01-15T22:36:23.584332
ACC_003588,ICICI,False,,2020-11-04T22:36:23.584337
ACC_003589,ICICI,False,,2023-06-16T22:36:23.584342
ACC_003590,Axis,False,,2021-03-10T22:36:23.584347
ACC_003591,ICICI,False,,2018-09-10T22:36:23.584352
ACC_003592,Axis,False,,2018-03-03T22:36:23.584357
ACC_003593,SBI,False,,2025-06-28T22:36:23.584362
ACC_003594,SBI,False,,2019-03-26T22:36:23.584367
ACC_003595,Axis,False,,2023-04-24T22:36:23.584372
ACC_003596,Axis,False,,2022-09-11T22:36:23.584377
ACC_003597,Axis,False,,2019-05-09T22:36:23.584382
ACC_003598,HDFC,False,,2019-11-04T22:36:23.584387
ACC_003599,SBI,False,,2021-08-12T22:36:23.584392
ACC_003600,Axis,False,,2024-01-16T22:36:23.584397
ACC_003601,SBI,False,,2024-01-05T22:36:23.584402
ACC_003602,ICICI,False,,2020-10-25T22:36:23.584407
ACC_003603,Axis,False,,2022-02-15T22:36:23.584412
ACC_003604,HDFC,False,,2018-08-04T22:36:23.584417
ACC_003605,SBI,False,,2021-01-27T22:36:23.584421
ACC_003606,ICICI,False,,2022-06-25T22:36:23.584426
ACC_003607,SBI,False,,2022-10-28T22:36:23.584431
ACC_003608,SBI,False,,2021-02-23T22:36:23.584436
ACC_003609,SBI,False,,2024-06-04T22:36:23.584446
ACC_003610,SBI,False,,2023-07-19T22:36:23.584451
ACC_003611,HDFC,False,,2022-12-12T22:36:23.584456
ACC_003612,ICICI,False,,2020-06-29T22:36:23.584461
ACC_003613,Axis,False,,2019-06-03T22:36:23.584466
ACC_003614,Axis,False,,2020-12-19T22:36:23.584470
ACC_003615,HDFC,False,,2023-06-08T22:36:23.584475
ACC_003616,SBI,False,,2022-08-22T22:36:23.584480
ACC_003617,SBI,False,,2025-05-16T22:36:23.584488
ACC_003618,ICICI,False,,2016-11-04T22:36:23.584493
ACC_003619,ICICI,False,,2018-04-25T22:36:23.584498
ACC_003620,SBI,False,,2018-06-22T22:36:23.584502
ACC_003621,HDFC,False,,2017-08-06T22:36:23.584507
ACC_003622,Axis,False,,2016-12-04T22:36:23.584512
ACC_003623,HDFC,False,,2025-01-29T22:36:23.584517
ACC_003624,HDFC,False,,2022-03-07T22:36:23.584522
ACC_003625,ICICI,False,,2024-12-26T22:36:23.584527
ACC_003626,Axis,False,,2021-08-16T22:36:23.584532
ACC_003627,HDFC,False,,2021-04-01T22:36:23.584537
ACC_003628,SBI,False,,2023-01-20T22:36:23.584542
ACC_003629,HDFC,False,,2019-04-19T22:36:23.584547
ACC_003630,HDFC,False,,2019-11-06T22:36:23.584552
ACC_003631,ICICI,False,,2020-02-18T22:36:23.584557
ACC_003632,HDFC,False,,2023-01-11T22:36:23.584562
ACC_003633,HDFC,False,,2017-01-11T22:36:23.584567
ACC_003634,ICICI,False,,2022-01-03T22:36:23.584572
ACC_003635,Axis,False,,2017-04-22T22:36:23.584578
ACC_003636,SBI,False,,2020-12-15T22:36:23.584583
ACC_003637,SBI,False,,2024-01-31T22:36:23.584588
ACC_003638,HDFC,False,,2023-09-26T22:36:23.584592
ACC_003639,SBI,False,,2022-08-15T22:36:23.584597
ACC_003640,Axis,False,,2021-02-13T22:36:23.584602
ACC_003641,ICICI,False,,2019-02-02T22:36:23.584610
ACC_003642,HDFC,False,,2020-03-14T22:36:23.584615
ACC_003643,ICICI,False,,2017-11-08T22:36:23.584620
ACC_003644,HDFC,False,,2022-02-24T22:36:23.584625
ACC_003645,Axis,False,,2020-05-16T22:36:23.584630
ACC_003646,SBI,False,,2022-08-02T22:36:23.584635
ACC_003647,SBI,False,,2021-08-18T22:36:23.584640
ACC_003648,Axis,False,,2017-09-03T22:36:23.584645
ACC_003649,ICICI,False,,2022-03-30T22:36:23.584653
ACC_003650,HDFC,False,,2018-06-18T22:36:23.584658
ACC_003651,HDFC,False,,2017-05-29T22:36:23.584663
ACC_003652,HDFC,False,,2017-12-14T22:36:23.584668
ACC_003653,SBI,False,,2022-11-11T22:36:23.584673
ACC_003654,Axis,False,,2022-03-26T22:36:23.584678
ACC_003655,ICICI,False,,2018-01-06T22:36:23.584683
ACC_003656,HDFC,False,,2019-09-14T22:36:23.584688
ACC_003657,SBI,False,,2020-09-26T22:36:23.584693
ACC_003658,Axis,False,,2025-08-11T22:36:23.584698
ACC_003659,Axis,False,,2022-11-01T22:36:23.584703
ACC_003660,ICICI,False,,2024-09-08T22:36:23.584710
ACC_003661,SBI,False,,2022-05-13T22:36:23.584715
ACC_003662,SBI,False,,2023-11-26T22:36:23.584724
ACC_003663,Axis,False,,2018-08-14T22:36:23.584730
ACC_003664,ICICI,False,,2017-02-06T22:36:23.584735
ACC_003665,Axis,False,,2016-11-05T22:36:23.584740
ACC_003666,HDFC,False,,2022-08-17T22:36:23.584745
ACC_003667,HDFC,False,,2016-12-16T22:36:23.584750
ACC_003668,Axis,False,,2020-06-01T22:36:23.584755
ACC_003669,Axis,False,,2021-12-20T22:36:23.584760
ACC_003670,Axis,False,,2024-07-28T22:36:23.584765
ACC_003671,SBI,False,,2017-11-13T22:36:23.584770
ACC_003672,ICICI,False,,2020-01-09T22:36:23.584775
ACC_003673,HDFC,False,,2021-10-02T22:36:23.584782
ACC_003674,Axis,False,,2018-12-12T22:36:23.584787
ACC_003675,ICICI,False,,2020-08-13T22:36:23.584792
ACC_003676,HDFC,False,,2017-02-25T22:36:23.584797
ACC_003677,HDFC,False,,2018-07-04T22:36:23.584802
ACC_003678,SBI,False,,2018-08-19T22:36:23.584807
ACC_003679,Axis,False,,2016-10-29T22:36:23.584812
ACC_003680,SBI,False,,2025-08-31T22:36:23.584817
ACC_003681,Axis,False,,2023-06-16T22:36:23.584824
ACC_003682,ICICI,False,,2022-03-07T22:36:23.584829
ACC_003683,HDFC,False,,2024-06-16T22:36:23.584834
ACC_003684,SBI,False,,2022-11-25T22:36:23.584839
ACC_003685,SBI,False,,2019-01-14T22:36:23.584844
ACC_003686,Axis,False,,2016-10-23T22:36:23.584849
ACC_003687,ICICI,False,,2020-08-20T22:36:23.584854
ACC_003688,Axis,False,,2017-06-15T22:36:23.584859
ACC_003689,SBI,False,,2022-10-11T22:36:23.584864
ACC_003690,SBI,False,,2017-12-28T22:36:23.584869
ACC_003691,ICICI,False,,2016-09-25T22:36:23.584874
ACC_003692,ICICI,False,,2023-06-22T22:36:23.584879
ACC_003693,HDFC,False,,2021-01-19T22:36:23.584883
ACC_003694,ICICI,False,,2023-08-29T22:36:23.584888
ACC_003695,Axis,False,,2021-06-20T22:36:23.584893
ACC_003696,SBI,False,,2025-06-20T22:36:23.584898
ACC_003697,HDFC,False,,2019-06-09T22:36:23.584903
ACC_003698,SBI,False,,2024-09-13T22:36:23.584908
ACC_003699,Axis,False,,2023-06-23T22:36:23.584913
ACC_003700,ICICI,False,,2017-11-01T22:36:23.584918
ACC_003701,SBI,False,,2025-02-21T22:36:23.584923
ACC_003702,Axis,False,,2018-10-08T22:36:23.584928
ACC_003703,Axis,False,,2018-12-19T22:36:23.584933
ACC_003704,ICICI,False,,2024-01-10T22:36:23.584937
ACC_003705,HDFC,False,,2021-07-28T22:36:23.584945
ACC_003706,SBI,False,,2019-05-04T22:36:23.584950
ACC_003707,HDFC,False,,2025-07-17T22:36:23.584955
ACC_003708,Axis,False,,2017-01-10T22:36:23.584960
ACC_003709,Axis,False,,2018-02-22T22:36:23.584965
ACC_003710,Axis,False,,2024-05-15T22:36:23.584970
ACC_003711,SBI,False,,2017-09-12T22:36:23.584978
ACC_003712,SBI,False,,2023-07-25T22:36:23.584983
ACC_003713,ICICI,False,,2022-06-21T22:36:23.584991
ACC_003714,Axis,False,,2021-06-01T22:36:23.584996
ACC_003715,SBI,False,,2020-11-11T22:36:23.585001
ACC_003716,SBI,False,,2018-12-21T22:36:23.585006
ACC_003717,SBI,False,,2022-07-11T22:36:23.585011
ACC_003718,SBI,False,,2021-01-03T22:36:23.585016
ACC_003719,SBI,False,,2021-02-12T22:36:23.585021
ACC_003720,SBI,False,,2025-05-18T22:36:23.585026
ACC_003721,ICICI,False,,2022-10-06T22:36:23.585031
ACC_003722,SBI,False,,2018-10-09T22:36:23.585036
ACC_003723,Axis,False,,2022-11-30T22:36:23.585041
ACC_003724,ICICI,False,,2019-03-01T22:36:23.585046
ACC_003725,Axis,False,,2024-09-26T22:36:23.585050
ACC_003726,HDFC,False,,2020-06-10T22:36:23.585055
ACC_003727,SBI,False,,2022-01-27T22:36:23.585060
ACC_003728,Axis,False,,2017-12-30T22:36:23.585065
ACC_003729,SBI,False,,2017-09-13T22:36:23.585070
ACC_003730,Axis,False,,2017-10-03T22:36:23.585075
ACC_003731,Axis,False,,2017-06-11T22:36:23.585080
ACC_003732,ICICI,False,,2024-11-17T22:36:23.585085
ACC_003733,HDFC,False,,2019-06-15T22:36:23.585090
ACC_003734,HDFC,False,,2025-02-11T22:36:23.585094
ACC_003735,ICICI,False,,2023-01-25T22:36:23.585099
ACC_003736,Axis,False,,2021-09-22T22:36:23.585104
ACC_003737,HDFC,False,,2025-08-22T22:36:23.585112
ACC_003738,ICICI,False,,2020-01-16T22:36:23.585118
ACC_003739,Axis,False,,2022-04-22T22:36:23.585123
ACC_003740,Axis,False,,2018-03-04T22:36:23.585128
ACC_003741,ICICI,False,,2024-03-20T22:36:23.585133
ACC_003742,HDFC,False,,2019-03-11T22:36:23.585138
ACC_003743,SBI,False,,2022-10-12T22:36:23.585143
ACC_003744,SBI,False,,2020-01-19T22:36:23.585151
ACC_003745,Axis,False,,2021-11-23T22:36:23.585156
ACC_003746,Axis,False,,2024-03-21T22:36:23.585161
ACC_003747,HDFC,False,,2022-02-21T22:36:23.585166
ACC_003748,Axis,False,,2024-02-10T22:36:23.585176
ACC_003749,ICICI,False,,2024-05-22T22:36:23.585181
ACC_003750,ICICI,False,,2025-03-16T22:36:23.585186
ACC_003751,SBI,False,,2020-02-07T22:36:23.585191
ACC_003752,ICICI,False,,2017-04-24T22:36:23.585196
ACC_003753,ICICI,False,,2020-11-16T22:36:23.585201
ACC_003754,ICICI,False,,2022-09-30T22:36:23.585205
ACC_003755,ICICI,False,,2019-11-26T22:36:23.585211
ACC_003756,ICICI,False,,2020-10-24T22:36:23.585216
ACC_003757,SBI,False,,2022-02-28T22:36:23.585220
ACC_003758,Axis,False,,2017-02-18T22:36:23.585225
ACC_003759,SBI,False,,2019-06-20T22:36:23.585230
ACC_003760,Axis,False,,2025-02-07T22:36:23.585235
ACC_003761,SBI,False,,2024-01-13T22:36:23.585240
ACC_003762,HDFC,False,,2023-02-14T22:36:23.585245
ACC_003763,SBI,False,,2025-04-19T22:36:23.585253
ACC_003764,Axis,False,,2022-10-13T22:36:23.585259
ACC_003765,SBI,False,,2017-10-13T22:36:23.585264
ACC_003766,Axis,False,,2020-10-21T22:36:23.585268
ACC_003767,HDFC,False,,2020-02-24T22:36:23.585273
ACC_003768,HDFC,False,,2020-09-30T22:36:23.585278
ACC_003769,ICICI,False,,2017-09-30T22:36:23.585286
ACC_003770,Axis,False,,2020-07-26T22:36:23.585291
ACC_003771,Axis,False,,2024-06-09T22:36:23.585296
ACC_003772,SBI,False,,2024-04-24T22:36:23.585301
ACC_003773,ICICI,False,,2024-08-25T22:36:23.585306
ACC_003774,SBI,False,,2022-07-07T22:36:23.585311
ACC_003775,SBI,False,,2023-10-24T22:36:23.585315
ACC_003776,ICICI,False,,2019-05-20T22:36:23.585323
ACC_003777,SBI,False,,2019-02-26T22:36:23.585328
ACC_003778,HDFC,False,,2019-10-20T22:36:23.585333
ACC_003779,SBI,False,,2021-01-11T22:36:23.585338
ACC_003780,HDFC,False,,2022-12-09T22:36:23.585343
ACC_003781,Axis,False,,2018-02-09T22:36:23.585348
ACC_003782,HDFC,False,,2022-01-05T22:36:23.585353
ACC_003783,HDFC,False,,2022-07-06T22:36:23.585357
ACC_003784,HDFC,False,,2021-04-12T22:36:23.585362
ACC_003785,ICICI,False,,2019-01-29T22:36:23.585367
ACC_003786,HDFC,False,,2022-01-26T22:36:23.585372
ACC_003787,SBI,False,,2025-05-17T22:36:23.585377
ACC_003788,HDFC,False,,2020-07-15T22:36:23.585382
ACC_003789,Axis,False,,2020-08-10T22:36:23.585387
ACC_003790,ICICI,False,,2019-01-14T22:36:23.585392
ACC_003791,HDFC,False,,2022-01-02T22:36:23.585396
ACC_003792,HDFC,False,,2018-05-05T22:36:23.585401
ACC_003793,Axis,False,,2022-01-21T22:36:23.585406
ACC_003794,SBI,False,,2023-05-01T22:36:23.585411
ACC_003795,HDFC,False,,2016-09-16T22:36:23.585416
ACC_003796,ICICI,False,,2022-01-28T22:36:23.585421
ACC_003797,HDFC,False,,2017-05-11T22:36:23.585426
ACC_003798,HDFC,False,,2019-07-25T22:36:23.585431
ACC_003799,Axis,False,,2024-08-29T22:36:23.585435
ACC_003800,Axis,False,,2022-11-02T22:36:23.585440
ACC_003801,SBI,False,,2023-01-03T22:36:23.585448
ACC_003802,Axis,False,,2024-09-12T22:36:23.585453
ACC_003803,HDFC,False,,2023-05-14T22:36:23.585458
ACC_003804,SBI,False,,2021-05-05T22:36:23.585463
ACC_003805,Axis,False,,2022-07-03T22:36:23.585468
ACC_003806,SBI,False,,2024-05-07T22:36:23.585473
ACC_003807,ICICI,False,,2020-03-12T22:36:23.585478
ACC_003808,Axis,False,,2017-06-12T22:36:23.585485
ACC_003809,ICICI,False,,2018-01-07T22:36:23.585490
ACC_003810,SBI,False,,2021-09-03T22:36:23.585495
ACC_003811,HDFC,False,,2021-07-30T22:36:23.585500
ACC_003812,SBI,False,,2020-03-17T22:36:23.585505
ACC_003813,Axis,False,,2021-05-07T22:36:23.585512
ACC_003814,Axis,False,,2022-09-09T22:36:23.585517
ACC_003815,Axis,False,,2024-09-08T22:36:23.585522
ACC_003816,Axis,False,,2021-07-27T22:36:23.585527
ACC_003817,SBI,False,,2020-10-30T22:36:23.585532
ACC_003818,Axis,False,,2024-08-28T22:36:23.585537
ACC_003819,HDFC,False,,2019-12-11T22:36:23.585542
ACC_003820,ICICI,False,,2020-07-02T22:36:23.585546
ACC_003821,SBI,False,,2018-06-09T22:36:23.585551
ACC_003822,SBI,False,,2020-02-23T22:36:23.585556
ACC_003823,HDFC,False,,2022-06-10T22:36:23.585561
ACC_003824,Axis,False,,2020-10-17T22:36:23.585566
ACC_003825,HDFC,False,,2016-09-16T22:36:23.585571
ACC_003826,Axis,False,,2022-05-01T22:36:23.585576
ACC_003827,SBI,False,,2024-04-07T22:36:23.585581
ACC_003828,ICICI,False,,2022-11-29T22:36:23.585586
ACC_003829,Axis,False,,2022-05-21T22:36:23.585591
ACC_003830,HDFC,False,,2019-07-10T22:36:23.585595
ACC_003831,HDFC,False,,2025-03-12T22:36:23.585600
ACC_003832,HDFC,False,,2019-12-22T22:36:23.585605
ACC_003833,Axis,False,,2021-01-25T22:36:23.585613
ACC_003834,HDFC,False,,2020-06-27T22:36:23.585618
ACC_003835,ICICI,False,,2021-09-18T22:36:23.585623
ACC_003836,ICICI,False,,2019-02-18T22:36:23.585628
ACC_003837,HDFC,False,,2017-01-29T22:36:23.585632
ACC_003838,HDFC,False,,2024-06-03T22:36:23.585637
ACC_003839,Axis,False,,2023-09-08T22:36:23.585642
ACC_003840,SBI,False,,2021-04-17T22:36:23.585650
ACC_003841,HDFC,False,,2024-10-06T22:36:23.585655
ACC_003842,Axis,False,,2017-10-19T22:36:23.585660
ACC_003843,ICICI,False,,2022-03-07T22:36:23.585665
ACC_003844,Axis,False,,2017-03-16T22:36:23.585670
ACC_003845,Axis,False,,2018-09-14T22:36:23.585675
ACC_003846,ICICI,False,,2021-11-14T22:36:23.585680
ACC_003847,SBI,False,,2023-05-02T22:36:23.585684
ACC_003848,SBI,False,,2024-10-27T22:36:23.585689
ACC_003849,ICICI,False,,2018-02-23T22:36:23.585694
ACC_003850,HDFC,False,,2020-11-01T22:36:23.585699
ACC_003851,HDFC,False,,2025-08-20T22:36:23.585704
ACC_003852,Axis,False,,2024-05-23T22:36:23.585709
ACC_003853,HDFC,False,,2023-10-10T22:36:23.585714
ACC_003854,Axis,False,,2020-07-16T22:36:23.585719
ACC_003855,Axis,False,,2018-04-28T22:36:23.585723
ACC_003856,Axis,False,,2022-04-21T22:36:23.585729
ACC_003857,ICICI,False,,2017-12-15T22:36:23.585734
ACC_003858,Axis,False,,2022-04-22T22:36:23.585739
ACC_003859,HDFC,False,,2024-04-18T22:36:23.585744
ACC_003860,SBI,False,,2025-07-18T22:36:23.585748
ACC_003861,SBI,False,,2024-06-11T22:36:23.585753
ACC_003862,HDFC,False,,2017-11-23T22:36:23.585758
ACC_003863,SBI,False,,2025-05-26T22:36:23.585763
ACC_003864,SBI,False,,2020-04-21T22:36:23.585772
ACC_003865,SBI,False,,2018-05-31T22:36:23.585777
ACC_003866,SBI,False,,2020-10-24T22:36:23.585782
ACC_003867,SBI,False,,2024-09-25T22:36:23.585787
ACC_003868,ICICI,False,,2017-01-25T22:36:23.585792
ACC_003869,Axis,False,,2024-01-15T22:36:23.585797
ACC_003870,Axis,False,,2020-12-19T22:36:23.585802
ACC_003871,HDFC,False,,2024-05-23T22:36:23.585809
ACC_003872,SBI,False,,2023-12-28T22:36:23.585814
ACC_003873,Axis,False,,2020-04-05T22:36:23.585819
ACC_003874,Axis,False,,2025-06-24T22:36:23.585824
ACC_003875,Axis,False,,2019-02-19T22:36:23.585829
ACC_003876,SBI,False,,2023-06-11T22:36:23.585848
ACC_003877,ICICI,False,,2019-04-25T22:36:23.585852
ACC_003878,Axis,False,,2025-02-16T22:36:23.585857
ACC_003879,ICICI,False,,2025-08-11T22:36:23.585862
ACC_003880,HDFC,False,,2018-08-18T22:36:23.585866
ACC_003881,Axis,False,,2021-01-14T22:36:23.585871
ACC_003882,Axis,False,,2017-06-07T22:36:23.585876
ACC_003883,ICICI,False,,2025-04-14T22:36:23.585881
ACC_003884,Axis,False,,2021-03-20T22:36:23.585886
ACC_003885,Axis,False,,2019-12-11T22:36:23.585890
ACC_003886,Axis,False,,2023-02-06T22:36:23.585895
ACC_003887,HDFC,False,,2019-10-11T22:36:23.585900
ACC_003888,HDFC,False,,2020-12-19T22:36:23.585905
ACC_003889,ICICI,False,,2019-06-30T22:36:23.585909
ACC_003890,HDFC,False,,2022-09-11T22:36:23.585914
ACC_003891,Axis,False,,2020-05-23T22:36:23.585918
ACC_003892,HDFC,False,,2020-02-25T22:36:23.585923
ACC_003893,ICICI,False,,2020-09-02T22:36:23.585928
ACC_003894,Axis,False,,2025-06-19T22:36:23.585933
ACC_003895,SBI,False,,2022-06-21T22:36:23.585937
ACC_003896,SBI,False,,2020-06-08T22:36:23.585945
ACC_003897,ICICI,False,,2020-10-14T22:36:23.585950
ACC_003898,SBI,False,,2020-01-03T22:36:23.585954
ACC_003899,SBI,False,,2019-02-09T22:36:23.585959
ACC_003900,ICICI,False,,2018-12-12T22:36:23.585964
ACC_003901,Axis,False,,2024-03-24T22:36:23.585969
ACC_003902,ICICI,False,,2017-08-04T22:36:23.585974
ACC_003903,Axis,False,,2021-01-09T22:36:23.585981
ACC_003904,ICICI,False,,2016-10-09T22:36:23.585986
ACC_003905,Axis,False,,2016-09-24T22:36:23.585991
ACC_003906,SBI,False,,2018-09-22T22:36:23.585996
ACC_003907,SBI,False,,2022-07-14T22:36:23.586001
ACC_003908,HDFC,False,,2018-03-21T22:36:23.586005
ACC_003909,Axis,False,,2024-04-02T22:36:23.586010
ACC_003910,SBI,False,,2023-06-18T22:36:23.586015
ACC_003911,SBI,False,,2018-11-27T22:36:23.586019
ACC_003912,Axis,False,,2024-07-26T22:36:23.586024
ACC_003913,Axis,False,,2020-02-29T22:36:23.586029
ACC_003914,ICICI,False,,2023-01-25T22:36:23.586033
ACC_003915,SBI,False,,2019-06-16T22:36:23.586040
ACC_003916,HDFC,False,,2025-06-30T22:36:23.586045
ACC_003917,ICICI,False,,2022-10-10T22:36:23.586050
ACC_003918,ICICI,False,,2018-02-09T22:36:23.586055
ACC_003919,SBI,False,,2023-09-28T22:36:23.586060
ACC_003920,HDFC,False,,2024-12-26T22:36:23.586064
ACC_003921,ICICI,False,,2020-11-14T22:36:23.586069
ACC_003922,HDFC,False,,2018-10-10T22:36:23.586074
ACC_003923,SBI,False,,2024-05-06T22:36:23.586078
ACC_003924,SBI,False,,2020-03-30T22:36:23.586083
ACC_003925,ICICI,False,,2021-11-19T22:36:23.586088
ACC_003926,ICICI,False,,2017-01-26T22:36:23.586093
ACC_003927,HDFC,False,,2017-01-23T22:36:23.586097
ACC_003928,ICICI,False,,2024-01-02T22:36:23.586104
ACC_003929,HDFC,False,,2017-10-11T22:36:23.586110
ACC_003930,HDFC,False,,2020-10-15T22:36:23.586115
ACC_003931,Axis,False,,2017-03-23T22:36:23.586120
ACC_003932,HDFC,False,,2024-07-06T22:36:23.586125
ACC_003933,HDFC,False,,2019-05-24T22:36:23.586130
ACC_003934,HDFC,False,,2020-01-05T22:36:23.586135
ACC_003935,HDFC,False,,2023-10-29T22:36:23.586142
ACC_003936,HDFC,False,,2023-05-25T22:36:23.586147
ACC_003937,ICICI,False,,2023-12-09T22:36:23.586151
ACC_003938,ICICI,False,,2017-10-04T22:36:23.586156
ACC_003939,Axis,False,,2017-02-25T22:36:23.586161
ACC_003940,Axis,False,,2017-06-26T22:36:23.586165
ACC_003941,HDFC,False,,2023-12-21T22:36:23.586170
ACC_003942,ICICI,False,,2021-12-12T22:36:23.586175
ACC_003943,SBI,False,,2024-04-27T22:36:23.586179
ACC_003944,SBI,False,,2020-10-10T22:36:23.586184
ACC_003945,Axis,False,,2017-01-27T22:36:23.586189
ACC_003946,HDFC,False,,2022-12-13T22:36:23.586193
ACC_003947,Axis,False,,2021-11-14T22:36:23.586198
ACC_003948,ICICI,False,,2020-01-14T22:36:23.586203
ACC_003949,SBI,False,,2024-09-28T22:36:23.586207
ACC_003950,ICICI,False,,2021-07-10T22:36:23.586212
ACC_003951,Axis,False,,2021-08-27T22:36:23.586217
ACC_003952,SBI,False,,2024-01-01T22:36:23.586221
ACC_003953,Axis,False,,2016-11-14T22:36:23.586226
ACC_003954,SBI,False,,2024-02-25T22:36:23.586231
ACC_003955,Axis,False,,2021-01-23T22:36:23.586236
ACC_003956,Axis,False,,2020-07-21T22:36:23.586240
ACC_003957,ICICI,False,,2025-05-14T22:36:23.586245
ACC_003958,Axis,False,,2024-01-25T22:36:23.586250
ACC_003959,HDFC,False,,2017-08-26T22:36:23.586255
ACC_003960,HDFC,False,,2024-09-30T22:36:23.586262
ACC_003961,ICICI,False,,2022-03-03T22:36:23.586267
ACC_003962,Axis,False,,2017-01-14T22:36:23.586272
ACC_003963,SBI,False,,2020-10-31T22:36:23.586277
ACC_003964,HDFC,False,,2021-04-16T22:36:23.586281
ACC_003965,HDFC,False,,2018-04-18T22:36:23.586286
ACC_003966,SBI,False,,2019-04-04T22:36:23.586291
ACC_003967,HDFC,False,,2018-08-13T22:36:23.586300
ACC_003968,ICICI,False,,2020-12-30T22:36:23.586306
ACC_003969,Axis,False,,2018-01-24T22:36:23.586311
ACC_003970,ICICI,False,,2017-08-10T22:36:23.586316
ACC_003971,ICICI,False,,2021-11-03T22:36:23.586320
ACC_003972,HDFC,False,,2022-07-25T22:36:23.586325
ACC_003973,SBI,False,,2017-11-05T22:36:23.586330
ACC_003974,Axis,False,,2020-09-11T22:36:23.586335
ACC_003975,SBI,False,,2019-08-06T22:36:23.586339
ACC_003976,Axis,False,,2017-11-17T22:36:23.586344
ACC_003977,ICICI,False,,2016-12-07T22:36:23.586349
ACC_003978,Axis,False,,2017-01-01T22:36:23.586354
ACC_003979,SBI,False,,2022-04-26T22:36:23.586358
ACC_003980,HDFC,False,,2025-04-14T22:36:23.586363
ACC_003981,ICICI,False,,2021-04-29T22:36:23.586368
ACC_003982,SBI,False,,2019-11-12T22:36:23.586384
ACC_003983,ICICI,False,,2023-04-21T22:36:23.586389
ACC_003984,HDFC,False,,2019-12-18T22:36:23.586394
ACC_003985,ICICI,False,,2019-11-08T22:36:23.586399
ACC_003986,ICICI,False,,2017-03-18T22:36:23.586403
ACC_003987,SBI,False,,2025-06-09T22:36:23.586408
ACC_003988,HDFC,False,,2016-10-07T22:36:23.586413
ACC_003989,ICICI,False,,2022-12-29T22:36:23.586417
ACC_003990,ICICI,False,,2017-07-21T22:36:23.586422
ACC_003991,Axis,False,,2020-01-13T22:36:23.586427
ACC_003992,HDFC,False,,2017-06-28T22:36:23.586435
ACC_003993,HDFC,False,,2021-07-08T22:36:23.586440
ACC_003994,ICICI,False,,2018-09-01T22:36:23.586444
ACC_003995,ICICI,False,,2024-04-23T22:36:23.586449
ACC_003996,HDFC,False,,2017-03-20T22:36:23.586454
ACC_003997,HDFC,False,,2020-08-31T22:36:23.586459
ACC_003998,ICICI,False,,2019-04-13T22:36:23.586466
ACC_003999,HDFC,False,,2020-08-13T22:36:23.586471
ACC_004000,ICICI,False,,2023-01-19T22:36:23.586476
ACC_004001,SBI,False,,2021-10-09T22:36:23.586481
ACC_004002,ICICI,False,,2022-07-05T22:36:23.586486
ACC_004003,SBI,False,,2017-09-09T22:36:23.586491
ACC_004004,Axis,False,,2019-11-15T22:36:23.586495
ACC_004005,SBI,False,,2024-07-08T22:36:23.586500
ACC_004006,ICICI,False,,2019-11-28T22:36:23.586505
ACC_004007,SBI,False,,2016-12-20T22:36:23.586510
ACC_004008,ICICI,False,,2020-08-09T22:36:23.586514
ACC_004009,HDFC,False,,2024-01-21T22:36:23.586519
ACC_004010,Axis,False,,2021-01-29T22:36:23.586524
ACC_004011,HDFC,False,,2024-08-31T22:36:23.586529
ACC_004012,HDFC,False,,2020-12-07T22:36:23.586533
ACC_004013,SBI,False,,2020-05-11T22:36:23.586538
ACC_004014,SBI,False,,2020-09-11T22:36:23.586543
ACC_004015,HDFC,False,,2021-07-23T22:36:23.586548
ACC_004016,Axis,False,,2019-02-07T22:36:23.586553
ACC_004017,Axis,False,,2022-09-28T22:36:23.586560
ACC_004018,Axis,False,,2018-07-25T22:36:23.586565
ACC_004019,Axis,False,,2020-10-06T22:36:23.586570
ACC_004020,Axis,False,,2017-06-29T22:36:23.586575
ACC_004021,Axis,False,,2023-11-15T22:36:23.586580
ACC_004022,SBI,False,,2020-01-11T22:36:23.586585
ACC_004023,SBI,False,,2020-04-06T22:36:23.586589
ACC_004024,Axis,False,,2024-04-01T22:36:23.586597
ACC_004025,HDFC,False,,2017-11-29T22:36:23.586602
ACC_004026,SBI,False,,2020-08-04T22:36:23.586607
ACC_004027,Axis,False,,2025-05-02T22:36:23.586611
ACC_004028,SBI,False,,2019-06-07T22:36:23.586616
ACC_004029,ICICI,False,,2024-05-14T22:36:23.586621
ACC_004030,Axis,False,,2024-06-18T22:36:23.586628
ACC_004031,HDFC,False,,2021-07-22T22:36:23.586633
ACC_004032,ICICI,False,,2025-04-01T22:36:23.586638
ACC_004033,SBI,False,,2024-05-18T22:36:23.586643
ACC_004034,ICICI,False,,2022-04-13T22:36:23.586647
ACC_004035,ICICI,False,,2022-04-19T22:36:23.586652
ACC_004036,ICICI,False,,2020-04-01T22:36:23.586657
ACC_004037,HDFC,False,,2016-10-29T22:36:23.586661
ACC_004038,SBI,False,,2024-02-08T22:36:23.586666
ACC_004039,Axis,False,,2025-02-25T22:36:23.586671
ACC_004040,ICICI,False,,2022-07-09T22:36:23.586676
ACC_004041,SBI,False,,2023-08-25T22:36:23.586680
ACC_004042,Axis,False,,2025-09-04T22:36:23.586685
ACC_004043,HDFC,False,,2019-07-24T22:36:23.586690
ACC_004044,ICICI,False,,2024-12-10T22:36:23.586695
ACC_004045,HDFC,False,,2021-01-06T22:36:23.586699
ACC_004046,Axis,False,,2019-04-10T22:36:23.586704
ACC_004047,ICICI,False,,2019-05-10T22:36:23.586709
ACC_004048,Axis,False,,2021-11-29T22:36:23.586713
ACC_004049,Axis,False,,2020-05-15T22:36:23.586718
ACC_004050,SBI,False,,2017-02-26T22:36:23.586723
ACC_004051,SBI,False,,2020-01-15T22:36:23.586727
ACC_004052,Axis,False,,2017-02-27T22:36:23.586732
ACC_004053,Axis,False,,2018-03-21T22:36:23.586737
ACC_004054,Axis,False,,2024-01-11T22:36:23.586742
ACC_004055,ICICI,False,,2024-09-12T22:36:23.586747
ACC_004056,Axis,False,,2021-05-10T22:36:23.586754
ACC_004057,SBI,False,,2021-04-07T22:36:23.586759
ACC_004058,ICICI,False,,2019-08-20T22:36:23.586764
ACC_004059,HDFC,False,,2018-03-07T22:36:23.586769
ACC_004060,Axis,False,,2017-06-12T22:36:23.586774
ACC_004061,ICICI,False,,2018-06-16T22:36:23.586778
ACC_004062,HDFC,False,,2023-11-04T22:36:23.586786
ACC_004063,HDFC,False,,2019-04-15T22:36:23.586791
ACC_004064,ICICI,False,,2019-05-29T22:36:23.586795
ACC_004065,HDFC,False,,2018-06-24T22:36:23.586800
ACC_004066,HDFC,False,,2023-07-17T22:36:23.586805
ACC_004067,HDFC,False,,2019-04-22T22:36:23.586810
ACC_004068,SBI,False,,2017-04-13T22:36:23.586817
ACC_004069,Axis,False,,2020-01-24T22:36:23.586822
ACC_004070,HDFC,False,,2024-05-08T22:36:23.586827
ACC_004071,SBI,False,,2025-06-27T22:36:23.586832
ACC_004072,ICICI,False,,2016-11-16T22:36:23.586837
ACC_004073,SBI,False,,2022-12-13T22:36:23.586841
ACC_004074,Axis,False,,2024-10-01T22:36:23.586846
ACC_004075,ICICI,False,,2021-03-12T22:36:23.586851
ACC_004076,HDFC,False,,2020-03-09T22:36:23.586856
ACC_004077,HDFC,False,,2021-11-20T22:36:23.586861
ACC_004078,Axis,False,,2023-09-04T22:36:23.586866
ACC_004079,Axis,False,,2025-06-06T22:36:23.586870
ACC_004080,ICICI,False,,2021-06-01T22:36:23.586880
ACC_004081,ICICI,False,,2024-09-05T22:36:23.586886
ACC_004082,HDFC,False,,2024-08-02T22:36:23.586891
ACC_004083,SBI,False,,2022-07-02T22:36:23.586896
ACC_004084,SBI,False,,2023-08-26T22:36:23.586900
ACC_004085,ICICI,False,,2017-01-31T22:36:23.586905
ACC_004086,HDFC,False,,2023-12-21T22:36:23.586910
ACC_004087,ICICI,False,,2021-02-17T22:36:23.586914
ACC_004088,SBI,False,,2025-01-14T22:36:23.586922
ACC_004089,ICICI,False,,2023-08-31T22:36:23.586927
ACC_004090,HDFC,False,,2017-09-13T22:36:23.586932
ACC_004091,HDFC,False,,2022-05-11T22:36:23.586936
ACC_004092,Axis,False,,2024-08-04T22:36:23.586941
ACC_004093,ICICI,False,,2024-02-07T22:36:23.586946
ACC_004094,Axis,False,,2022-01-24T22:36:23.586953
ACC_004095,ICICI,False,,2021-06-27T22:36:23.586958
ACC_004096,HDFC,False,,2025-02-12T22:36:23.586963
ACC_004097,SBI,False,,2023-01-05T22:36:23.586968
ACC_004098,SBI,False,,2020-03-03T22:36:23.586973
ACC_004099,Axis,False,,2024-05-29T22:36:23.586978
ACC_004100,ICICI,False,,2025-01-07T22:36:23.586983
ACC_004101,ICICI,False,,2020-06-27T22:36:23.586987
ACC_004102,Axis,False,,2024-12-18T22:36:23.586992
ACC_004103,Axis,False,,2025-05-17T22:36:23.586997
ACC_004104,Axis,False,,2018-08-06T22:36:23.587002
ACC_004105,SBI,False,,2025-06-28T22:36:23.587006
ACC_004106,ICICI,False,,2019-06-27T22:36:23.587011
ACC_004107,HDFC,False,,2022-12-09T22:36:23.587016
ACC_004108,SBI,False,,2022-04-14T22:36:23.587021
ACC_004109,Axis,False,,2020-09-12T22:36:23.587026
ACC_004110,HDFC,False,,2018-07-27T22:36:23.587030
ACC_004111,SBI,False,,2016-12-02T22:36:23.587035
ACC_004112,SBI,False,,2021-07-06T22:36:23.587040
ACC_004113,SBI,False,,2016-12-05T22:36:23.587045
ACC_004114,SBI,False,,2019-09-03T22:36:23.587049
ACC_004115,Axis,False,,2019-06-23T22:36:23.587054
ACC_004116,Axis,False,,2025-03-25T22:36:23.587059
ACC_004117,HDFC,False,,2020-06-27T22:36:23.587063
ACC_004118,ICICI,False,,2018-05-18T22:36:23.587069
ACC_004119,SBI,False,,2025-09-10T22:36:23.587078
ACC_004120,HDFC,False,,2020-04-16T22:36:23.587083
ACC_004121,ICICI,False,,2018-12-30T22:36:23.587088
ACC_004122,ICICI,False,,2018-01-27T22:36:23.587093
ACC_004123,Axis,False,,2021-10-04T22:36:23.587097
ACC_004124,SBI,False,,2019-02-20T22:36:23.587102
ACC_004125,ICICI,False,,2025-03-10T22:36:23.587110
ACC_004126,SBI,False,,2017-05-30T22:36:23.587116
ACC_004127,HDFC,False,,2022-04-30T22:36:23.587120
ACC_004128,HDFC,False,,2021-04-07T22:36:23.587125
ACC_004129,HDFC,False,,2024-02-18T22:36:23.587130
ACC_004130,ICICI,False,,2020-11-08T22:36:23.587135
ACC_004131,SBI,False,,2018-11-08T22:36:23.587140
ACC_004132,ICICI,False,,2018-01-19T22:36:23.587144
ACC_004133,ICICI,False,,2018-07-30T22:36:23.587149
ACC_004134,ICICI,False,,2017-04-04T22:36:23.587154
ACC_004135,Axis,False,,2022-08-21T22:36:23.587159
ACC_004136,SBI,False,,2018-04-10T22:36:23.587163
ACC_004137,ICICI,False,,2021-11-13T22:36:23.587168
ACC_004138,SBI,False,,2020-07-17T22:36:23.587173
ACC_004139,ICICI,False,,2025-07-09T22:36:23.587178
ACC_004140,SBI,False,,2018-06-14T22:36:23.587182
ACC_004141,HDFC,False,,2018-11-15T22:36:23.587187
ACC_004142,Axis,False,,2025-08-26T22:36:23.587193
ACC_004143,HDFC,False,,2018-02-26T22:36:23.587197
ACC_004144,SBI,False,,2021-01-24T22:36:23.587202
ACC_004145,Axis,False,,2017-02-23T22:36:23.587207
ACC_004146,Axis,False,,2019-08-31T22:36:23.587212
ACC_004147,HDFC,False,,2016-11-14T22:36:23.587216
ACC_004148,HDFC,False,,2019-08-29T22:36:23.587221
ACC_004149,HDFC,False,,2018-03-03T22:36:23.587226
ACC_004150,Axis,False,,2018-02-28T22:36:23.587231
ACC_004151,HDFC,False,,2021-09-28T22:36:23.587249
ACC_004152,Axis,False,,2018-12-16T22:36:23.587255
ACC_004153,ICICI,False,,2021-05-12T22:36:23.587260
ACC_004154,SBI,False,,2017-02-01T22:36:23.587265
ACC_004155,HDFC,False,,2024-04-19T22:36:23.587269
ACC_004156,Axis,False,,2021-07-18T22:36:23.587274
ACC_004157,SBI,False,,2020-09-18T22:36:23.587282
ACC_004158,HDFC,False,,2023-03-20T22:36:23.587286
ACC_004159,HDFC,False,,2017-03-12T22:36:23.587291
ACC_004160,ICICI,False,,2018-01-25T22:36:23.587296
ACC_004161,ICICI,False,,2023-07-21T22:36:23.587301
ACC_004162,HDFC,False,,2018-10-27T22:36:23.587305
ACC_004163,ICICI,False,,2017-08-25T22:36:23.587310
ACC_004164,SBI,False,,2023-01-27T22:36:23.587315
ACC_004165,Axis,False,,2021-08-18T22:36:23.587320
ACC_004166,HDFC,False,,2022-07-21T22:36:23.587325
ACC_004167,Axis,False,,2017-10-21T22:36:23.587329
ACC_004168,SBI,False,,2025-08-14T22:36:23.587334
ACC_004169,SBI,False,,2018-07-16T22:36:23.587339
ACC_004170,Axis,False,,2024-06-15T22:36:23.587344
ACC_004171,ICICI,False,,2019-04-26T22:36:23.587352
ACC_004172,Axis,False,,2023-10-15T22:36:23.587357
ACC_004173,SBI,False,,2018-04-20T22:36:23.587362
ACC_004174,SBI,False,,2024-12-19T22:36:23.587367
ACC_004175,SBI,False,,2017-05-02T22:36:23.587372
ACC_004176,HDFC,False,,2024-04-09T22:36:23.587376
ACC_004177,ICICI,False,,2019-04-23T22:36:23.587381
ACC_004178,SBI,False,,2019-11-01T22:36:23.587386
ACC_004179,ICICI,False,,2023-07-20T22:36:23.587391
ACC_004180,HDFC,False,,2017-12-05T22:36:23.587395
ACC_004181,ICICI,False,,2018-01-24T22:36:23.587400
ACC_004182,Axis,False,,2025-09-04T22:36:23.587405
ACC_004183,Axis,False,,2018-07-06T22:36:23.587412
ACC_004184,HDFC,False,,2022-01-28T22:36:23.587417
ACC_004185,Axis,False,,2021-02-19T22:36:23.587422
ACC_004186,ICICI,False,,2024-05-02T22:36:23.587427
ACC_004187,Axis,False,,2020-02-22T22:36:23.587432
ACC_004188,ICICI,False,,2019-11-25T22:36:23.587437
ACC_004189,HDFC,False,,2017-08-11T22:36:23.587444
ACC_004190,SBI,False,,2025-03-04T22:36:23.587449
ACC_004191,ICICI,False,,2020-12-27T22:36:23.587453
ACC_004192,Axis,False,,2022-02-25T22:36:23.587458
ACC_004193,HDFC,False,,2021-04-21T22:36:23.587463
ACC_004194,SBI,False,,2021-12-12T22:36:23.587467
ACC_004195,HDFC,False,,2019-04-15T22:36:23.587472
ACC_004196,HDFC,False,,2017-06-06T22:36:23.587477
ACC_004197,SBI,False,,2017-12-19T22:36:23.587482
ACC_004198,Axis,False,,2024-11-12T22:36:23.587486
ACC_004199,SBI,False,,2023-06-29T22:36:23.587491
ACC_004200,SBI,False,,2022-01-03T22:36:23.587496
ACC_004201,ICICI,False,,2024-12-29T22:36:23.587501
ACC_004202,HDFC,False,,2025-05-21T22:36:23.587505
ACC_004203,Axis,False,,2020-11-08T22:36:23.587510
ACC_004204,HDFC,False,,2019-01-20T22:36:23.587515
ACC_004205,ICICI,False,,2022-11-22T22:36:23.587520
ACC_004206,SBI,False,,2024-06-28T22:36:23.587524
ACC_004207,Axis,False,,2023-01-10T22:36:23.587529
ACC_004208,ICICI,False,,2025-02-02T22:36:23.587534
ACC_004209,ICICI,False,,2019-11-15T22:36:23.587539
ACC_004210,SBI,False,,2024-11-18T22:36:23.587544
ACC_004211,Axis,False,,2017-02-17T22:36:23.587549
ACC_004212,HDFC,False,,2018-09-08T22:36:23.587553
ACC_004213,Axis,False,,2019-03-17T22:36:23.587558
ACC_004214,HDFC,False,,2024-09-27T22:36:23.587563
ACC_004215,HDFC,False,,2025-04-29T22:36:23.587570
ACC_004216,Axis,False,,2022-03-09T22:36:23.587575
ACC_004217,HDFC,False,,2016-12-03T22:36:23.587580
ACC_004218,SBI,False,,2025-01-02T22:36:23.587585
ACC_004219,Axis,False,,2025-01-31T22:36:23.587589
ACC_004220,ICICI,False,,2018-11-07T22:36:23.587594
ACC_004221,Axis,False,,2024-12-17T22:36:23.587603
ACC_004222,HDFC,False,,2018-02-06T22:36:23.587608
ACC_004223,HDFC,False,,2019-06-06T22:36:23.587613
ACC_004224,HDFC,False,,2022-05-24T22:36:23.587617
ACC_004225,Axis,False,,2021-03-12T22:36:23.587622
ACC_004226,HDFC,False,,2018-10-11T22:36:23.587627
ACC_004227,Axis,False,,2023-02-01T22:36:23.587632
ACC_004228,HDFC,False,,2020-08-12T22:36:23.587637
ACC_004229,Axis,False,,2020-06-29T22:36:23.587642
ACC_004230,Axis,False,,2018-09-29T22:36:23.587646
ACC_004231,HDFC,False,,2021-11-21T22:36:23.587651
ACC_004232,HDFC,False,,2020-08-10T22:36:23.587656
ACC_004233,ICICI,False,,2019-02-09T22:36:23.587661
ACC_004234,SBI,False,,2024-06-27T22:36:23.587666
ACC_004235,HDFC,False,,2025-07-24T22:36:23.587670
ACC_004236,HDFC,False,,2019-01-19T22:36:23.587675
ACC_004237,SBI,False,,2019-04-10T22:36:23.587680
ACC_004238,SBI,False,,2018-07-21T22:36:23.587685
ACC_004239,ICICI,False,,2021-09-18T22:36:23.587689
ACC_004240,Axis,False,,2020-04-20T22:36:23.587694
ACC_004241,Axis,False,,2023-08-13T22:36:23.587699
ACC_004242,SBI,False,,2024-02-27T22:36:23.587704
ACC_004243,HDFC,False,,2025-01-08T22:36:23.587708
ACC_004244,SBI,False,,2022-03-16T22:36:23.587713
ACC_004245,Axis,False,,2019-12-12T22:36:23.587718
ACC_004246,ICICI,False,,2022-03-18T22:36:23.587723
ACC_004247,SBI,False,,2024-01-18T22:36:23.587730
ACC_004248,Axis,False,,2022-03-28T22:36:23.587735
ACC_004249,ICICI,False,,2022-06-08T22:36:23.587740
ACC_004250,ICICI,False,,2025-08-10T22:36:23.587745
ACC_004251,SBI,False,,2025-01-21T22:36:23.587750
ACC_004252,SBI,False,,2020-01-05T22:36:23.587757
ACC_004253,HDFC,False,,2020-12-19T22:36:23.587762
ACC_004254,ICICI,False,,2023-07-05T22:36:23.587767
ACC_004255,SBI,False,,2018-07-08T22:36:23.587771
ACC_004256,SBI,False,,2016-11-22T22:36:23.587776
ACC_004257,HDFC,False,,2021-11-14T22:36:23.587781
ACC_004258,SBI,False,,2018-03-18T22:36:23.587786
ACC_004259,Axis,False,,2017-11-28T22:36:23.587790
ACC_004260,Axis,False,,2018-12-22T22:36:23.587796
ACC_004261,ICICI,False,,2019-03-19T22:36:23.587800
ACC_004262,ICICI,False,,2018-10-16T22:36:23.587805
ACC_004263,ICICI,False,,2021-01-02T22:36:23.587810
ACC_004264,ICICI,False,,2023-11-18T22:36:23.587814
ACC_004265,HDFC,False,,2020-08-09T22:36:23.587819
ACC_004266,HDFC,False,,2020-02-20T22:36:23.587824
ACC_004267,SBI,False,,2025-08-28T22:36:23.587828
ACC_004268,SBI,False,,2017-12-04T22:36:23.587833
ACC_004269,SBI,False,,2020-06-20T22:36:23.587838
ACC_004270,SBI,False,,2023-01-07T22:36:23.587842
ACC_004271,Axis,False,,2017-06-18T22:36:23.587847
ACC_004272,ICICI,False,,2017-05-26T22:36:23.587854
ACC_004273,Axis,False,,2023-05-26T22:36:23.587859
ACC_004274,Axis,False,,2023-08-20T22:36:23.587864
ACC_004275,HDFC,False,,2021-08-18T22:36:23.587869
ACC_004276,HDFC,False,,2024-11-14T22:36:23.587873
ACC_004277,ICICI,False,,2025-05-13T22:36:23.587878
ACC_004278,HDFC,False,,2024-02-07T22:36:23.587883
ACC_004279,ICICI,False,,2020-10-05T22:36:23.587890
ACC_004280,SBI,False,,2018-08-15T22:36:23.587894
ACC_004281,ICICI,False,,2025-03-17T22:36:23.587900
ACC_004282,HDFC,False,,2023-06-20T22:36:23.587905
ACC_004283,SBI,False,,2022-07-07T22:36:23.587909
ACC_004284,SBI,False,,2023-03-31T22:36:23.587916
ACC_004285,ICICI,False,,2017-08-21T22:36:23.587921
ACC_004286,SBI,False,,2021-11-21T22:36:23.587926
ACC_004287,SBI,False,,2023-09-12T22:36:23.587931
ACC_004288,SBI,False,,2025-06-16T22:36:23.587936
ACC_004289,SBI,False,,2022-10-06T22:36:23.587941
ACC_004290,HDFC,False,,2025-06-19T22:36:23.587945
ACC_004291,SBI,False,,2021-06-13T22:36:23.587950
ACC_004292,HDFC,False,,2021-11-26T22:36:23.587955
ACC_004293,SBI,False,,2022-04-12T22:36:23.587960
ACC_004294,Axis,False,,2023-01-03T22:36:23.587964
ACC_004295,ICICI,False,,2021-07-10T22:36:23.587969
ACC_004296,SBI,False,,2019-10-16T22:36:23.587974
ACC_004297,Axis,False,,2017-09-22T22:36:23.587979
ACC_004298,HDFC,False,,2024-05-15T22:36:23.587984
ACC_004299,SBI,False,,2024-03-26T22:36:23.587988
ACC_004300,SBI,False,,2023-07-20T22:36:23.587993
ACC_004301,Axis,False,,2017-11-29T22:36:23.587998
ACC_004302,ICICI,False,,2022-02-18T22:36:23.588003
ACC_004303,Axis,False,,2018-07-26T22:36:23.588007
ACC_004304,SBI,False,,2025-03-07T22:36:23.588012
ACC_004305,SBI,False,,2019-09-11T22:36:23.588017
ACC_004306,ICICI,False,,2016-11-04T22:36:23.588022
ACC_004307,SBI,False,,2022-01-09T22:36:23.588027
ACC_004308,SBI,False,,2025-02-06T22:36:23.588031
ACC_004309,ICICI,False,,2024-04-13T22:36:23.588036
ACC_004310,Axis,False,,2023-05-09T22:36:23.588041
ACC_004311,HDFC,False,,2016-11-25T22:36:23.588049
ACC_004312,Axis,False,,2016-10-30T22:36:23.588054
ACC_004313,HDFC,False,,2023-10-28T22:36:23.588066
ACC_004314,Axis,False,,2017-04-10T22:36:23.588071
ACC_004315,ICICI,False,,2020-02-09T22:36:23.588076
ACC_004316,Axis,False,,2023-09-10T22:36:23.588083
ACC_004317,ICICI,False,,2017-09-16T22:36:23.588088
ACC_004318,ICICI,False,,2019-10-22T22:36:23.588093
ACC_004319,Axis,False,,2017-09-03T22:36:23.588098
ACC_004320,Axis,False,,2020-05-21T22:36:23.588103
ACC_004321,ICICI,False,,2019-03-08T22:36:23.588107
ACC_004322,Axis,False,,2018-07-18T22:36:23.588112
ACC_004323,HDFC,False,,2023-05-18T22:36:23.588119
ACC_004324,SBI,False,,2023-06-04T22:36:23.588124
ACC_004325,Axis,False,,2023-01-26T22:36:23.588129
ACC_004326,Axis,False,,2023-04-01T22:36:23.588134
ACC_004327,ICICI,False,,2020-12-07T22:36:23.588141
ACC_004328,Axis,False,,2019-04-17T22:36:23.588146
ACC_004329,SBI,False,,2021-07-03T22:36:23.588151
ACC_004330,ICICI,False,,2019-07-11T22:36:23.588156
ACC_004331,HDFC,False,,2024-03-11T22:36:23.588161
ACC_004332,HDFC,False,,2022-05-23T22:36:23.588165
ACC_004333,Axis,False,,2019-11-18T22:36:23.588170
ACC_004334,ICICI,False,,2023-02-13T22:36:23.588175
ACC_004335,HDFC,False,,2020-06-25T22:36:23.588180
ACC_004336,ICICI,False,,2020-12-02T22:36:23.588184
ACC_004337,Axis,False,,2020-06-15T22:36:23.588189
ACC_004338,Axis,False,,2021-02-10T22:36:23.588194
ACC_004339,ICICI,False,,2020-02-14T22:36:23.588199
ACC_004340,ICICI,False,,2022-08-21T22:36:23.588203
ACC_004341,Axis,False,,2025-06-03T22:36:23.588208
ACC_004342,SBI,False,,2020-09-29T22:36:23.588213
ACC_004343,SBI,False,,2022-09-21T22:36:23.588220
ACC_004344,HDFC,False,,2021-09-03T22:36:23.588225
ACC_004345,HDFC,False,,2022-05-25T22:36:23.588230
ACC_004346,HDFC,False,,2016-11-20T22:36:23.588235
ACC_004347,ICICI,False,,2023-02-23T22:36:23.588240
ACC_004348,HDFC,False,,2024-05-15T22:36:23.588247
ACC_004349,HDFC,False,,2021-08-29T22:36:23.588252
ACC_004350,HDFC,False,,2019-07-30T22:36:23.588257
ACC_004351,SBI,False,,2021-12-15T22:36:23.588262
ACC_004352,SBI,False,,2018-02-16T22:36:23.588266
ACC_004353,ICICI,False,,2022-11-23T22:36:23.588271
ACC_004354,ICICI,False,,2017-05-05T22:36:23.588276
ACC_004355,ICICI,False,,2023-07-25T22:36:23.588281
ACC_004356,SBI,False,,2017-04-06T22:36:23.588286
ACC_004357,ICICI,False,,2025-08-09T22:36:23.588291
ACC_004358,ICICI,False,,2022-07-16T22:36:23.588295
ACC_004359,ICICI,False,,2016-12-01T22:36:23.588300
ACC_004360,Axis,False,,2021-02-24T22:36:23.588305
ACC_004361,HDFC,False,,2020-05-28T22:36:23.588310
ACC_004362,SBI,False,,2021-03-29T22:36:23.588315
ACC_004363,SBI,False,,2023-02-26T22:36:23.588319
ACC_004364,SBI,False,,2020-05-18T22:36:23.588324
ACC_004365,SBI,False,,2019-12-01T22:36:23.588329
ACC_004366,Axis,False,,2017-08-06T22:36:23.588333
ACC_004367,Axis,False,,2021-11-17T22:36:23.588338
ACC_004368,HDFC,False,,2022-03-10T22:36:23.588343
ACC_004369,SBI,False,,2020-11-21T22:36:23.588347
ACC_004370,Axis,False,,2023-05-08T22:36:23.588352
ACC_004371,Axis,False,,2020-08-26T22:36:23.588357
ACC_004372,HDFC,False,,2021-07-01T22:36:23.588362
ACC_004373,SBI,False,,2019-03-23T22:36:23.588366
ACC_004374,SBI,False,,2022-04-10T22:36:23.588374
ACC_004375,HDFC,False,,2020-02-04T22:36:23.588392
ACC_004376,ICICI,False,,2021-11-21T22:36:23.588398
ACC_004377,SBI,False,,2020-12-31T22:36:23.588403
ACC_004378,Axis,False,,2018-01-04T22:36:23.588408
ACC_004379,Axis,False,,2017-02-22T22:36:23.588416
ACC_004380,ICICI,False,,2022-01-16T22:36:23.588421
ACC_004381,HDFC,False,,2019-05-03T22:36:23.588426
ACC_004382,HDFC,False,,2024-02-21T22:36:23.588430
ACC_004383,SBI,False,,2021-12-30T22:36:23.588435
ACC_004384,Axis,False,,2021-06-04T22:36:23.588441
ACC_004385,SBI,False,,2021-04-26T22:36:23.588445
ACC_004386,HDFC,False,,2019-09-15T22:36:23.588450
ACC_004387,Axis,False,,2023-08-03T22:36:23.588455
ACC_004388,Axis,False,,2024-06-25T22:36:23.588459
ACC_004389,ICICI,False,,2019-04-25T22:36:23.588464
ACC_004390,Axis,False,,2018-07-14T22:36:23.588469
ACC_004391,ICICI,False,,2024-08-27T22:36:23.588473
ACC_004392,SBI,False,,2024-07-12T22:36:23.588478
ACC_004393,SBI,False,,2025-05-04T22:36:23.588483
ACC_004394,Axis,False,,2025-05-26T22:36:23.588488
ACC_004395,SBI,False,,2023-06-20T22:36:23.588493
ACC_004396,HDFC,False,,2021-05-16T22:36:23.588497
ACC_004397,ICICI,False,,2023-05-23T22:36:23.588502
ACC_004398,SBI,False,,2022-06-08T22:36:23.588507
ACC_004399,HDFC,False,,2020-08-07T22:36:23.588511
ACC_004400,HDFC,False,,2021-07-26T22:36:23.588516
ACC_004401,HDFC,False,,2023-10-10T22:36:23.588521
ACC_004402,ICICI,False,,2021-02-03T22:36:23.588525
ACC_004403,Axis,False,,2023-12-09T22:36:23.588530
ACC_004404,HDFC,False,,2024-04-02T22:36:23.588535
ACC_004405,Axis,False,,2020-05-03T22:36:23.588539
ACC_004406,HDFC,False,,2021-05-03T22:36:23.588547
ACC_004407,SBI,False,,2024-03-29T22:36:23.588552
ACC_004408,SBI,False,,2022-03-24T22:36:23.588557
ACC_004409,Axis,False,,2017-09-28T22:36:23.588561
ACC_004410,Axis,False,,2023-12-02T22:36:23.588566
ACC_004411,ICICI,False,,2019-02-10T22:36:23.588574
ACC_004412,SBI,False,,2020-01-24T22:36:23.588579
ACC_004413,Axis,False,,2022-08-11T22:36:23.588583
ACC_004414,SBI,False,,2025-08-13T22:36:23.588588
ACC_004415,SBI,False,,2020-09-13T22:36:23.588593
ACC_004416,HDFC,False,,2021-03-22T22:36:23.588597
ACC_004417,SBI,False,,2019-10-21T22:36:23.588602
ACC_004418,ICICI,False,,2019-04-26T22:36:23.588607
ACC_004419,Axis,False,,2020-07-16T22:36:23.588612
ACC_004420,Axis,False,,2019-03-29T22:36:23.588616
ACC_004421,HDFC,False,,2017-06-07T22:36:23.588621
ACC_004422,HDFC,False,,2022-06-21T22:36:23.588626
ACC_004423,Axis,False,,2021-10-23T22:36:23.588631
ACC_004424,ICICI,False,,2021-04-25T22:36:23.588635
ACC_004425,SBI,False,,2021-01-16T22:36:23.588643
ACC_004426,SBI,False,,2023-09-08T22:36:23.588648
ACC_004427,Axis,False,,2020-07-25T22:36:23.588653
ACC_004428,Axis,False,,2018-04-23T22:36:23.588658
ACC_004429,SBI,False,,2017-11-12T22:36:23.588662
ACC_004430,HDFC,False,,2021-04-15T22:36:23.588667
ACC_004431,HDFC,False,,2023-01-05T22:36:23.588672
ACC_004432,SBI,False,,2022-08-18T22:36:23.588677
ACC_004433,ICICI,False,,2018-03-23T22:36:23.588681
ACC_004434,HDFC,False,,2017-11-14T22:36:23.588686
ACC_004435,SBI,False,,2020-03-01T22:36:23.588691
ACC_004436,Axis,False,,2017-02-26T22:36:23.588696
ACC_004437,HDFC,False,,2021-07-25T22:36:23.588700
ACC_004438,HDFC,False,,2017-03-24T22:36:23.588708
ACC_004439,HDFC,False,,2020-01-16T22:36:23.588713
ACC_004440,ICICI,False,,2021-02-06T22:36:23.588717
ACC_004441,Axis,False,,2023-11-07T22:36:23.588722
ACC_004442,ICICI,False,,2023-05-17T22:36:23.588727
ACC_004443,HDFC,False,,2020-07-07T22:36:23.588734
ACC_004444,HDFC,False,,2024-11-17T22:36:23.588739
ACC_004445,Axis,False,,2021-06-04T22:36:23.588744
ACC_004446,ICICI,False,,2017-05-02T22:36:23.588749
ACC_004447,Axis,False,,2023-07-09T22:36:23.588754
ACC_004448,Axis,False,,2025-04-11T22:36:23.588759
ACC_004449,HDFC,False,,2022-11-21T22:36:23.588763
ACC_004450,HDFC,False,,2017-09-30T22:36:23.588768
ACC_004451,SBI,False,,2022-01-12T22:36:23.588773
ACC_004452,Axis,False,,2020-04-06T22:36:23.588778
ACC_004453,Axis,False,,2024-12-07T22:36:23.588782
ACC_004454,HDFC,False,,2019-07-20T22:36:23.588787
ACC_004455,SBI,False,,2017-09-12T22:36:23.588791
ACC_004456,Axis,False,,2024-02-16T22:36:23.588796
ACC_004457,Axis,False,,2022-07-27T22:36:23.588801
ACC_004458,SBI,False,,2023-10-15T22:36:23.588806
ACC_004459,HDFC,False,,2018-11-22T22:36:23.588810
ACC_004460,HDFC,False,,2023-09-18T22:36:23.588815
ACC_004461,ICICI,False,,2024-04-22T22:36:23.588820
ACC_004462,Axis,False,,2023-10-24T22:36:23.588824
ACC_004463,HDFC,False,,2018-03-03T22:36:23.588829
ACC_004464,HDFC,False,,2018-02-07T22:36:23.588834
ACC_004465,ICICI,False,,2023-12-24T22:36:23.588838
ACC_004466,Axis,False,,2021-09-07T22:36:23.588843
ACC_004467,SBI,False,,2023-04-09T22:36:23.588848
ACC_004468,HDFC,False,,2018-02-17T22:36:23.588852
ACC_004469,SBI,False,,2020-09-28T22:36:23.588857
ACC_004470,HDFC,False,,2018-07-31T22:36:23.588864
ACC_004471,HDFC,False,,2021-04-27T22:36:23.588870
ACC_004472,ICICI,False,,2020-09-20T22:36:23.588875
ACC_004473,HDFC,False,,2018-12-28T22:36:23.588879
ACC_004474,HDFC,False,,2025-02-25T22:36:23.588884
ACC_004475,Axis,False,,2017-02-04T22:36:23.588891
ACC_004476,SBI,False,,2022-11-25T22:36:23.588898
ACC_004477,ICICI,False,,2023-01-09T22:36:23.588903
ACC_004478,SBI,False,,2024-09-03T22:36:23.588908
ACC_004479,HDFC,False,,2020-12-20T22:36:23.588913
ACC_004480,HDFC,False,,2025-07-15T22:36:23.588917
ACC_004481,ICICI,False,,2023-07-18T22:36:23.588922
ACC_004482,HDFC,False,,2023-03-24T22:36:23.588927
ACC_004483,HDFC,False,,2016-10-05T22:36:23.588932
ACC_004484,SBI,False,,2017-07-31T22:36:23.588937
ACC_004485,SBI,False,,2025-03-16T22:36:23.588941
ACC_004486,Axis,False,,2019-12-14T22:36:23.588946
ACC_004487,HDFC,False,,2022-01-12T22:36:23.588951
ACC_004488,ICICI,False,,2019-05-25T22:36:23.588955
ACC_004489,SBI,False,,2018-09-11T22:36:23.588960
ACC_004490,SBI,False,,2019-08-17T22:36:23.588965
ACC_004491,Axis,False,,2020-11-25T22:36:23.588970
ACC_004492,HDFC,False,,2023-02-04T22:36:23.588974
ACC_004493,SBI,False,,2024-07-06T22:36:23.588979
ACC_004494,ICICI,False,,2022-01-27T22:36:23.588984
ACC_004495,SBI,False,,2025-07-13T22:36:23.588988
ACC_004496,Axis,False,,2018-05-14T22:36:23.588993
ACC_004497,ICICI,False,,2025-07-25T22:36:23.588998
ACC_004498,Axis,False,,2023-04-25T22:36:23.589003
ACC_004499,Axis,False,,2023-03-26T22:36:23.589007
ACC_004500,HDFC,False,,2018-04-27T22:36:23.589012
ACC_004501,ICICI,False,,2018-05-30T22:36:23.589017
ACC_004502,ICICI,False,,2025-03-17T22:36:23.589025
ACC_004503,HDFC,False,,2023-04-01T22:36:23.589029
ACC_004504,Axis,False,,2022-04-26T22:36:23.589034
ACC_004505,Axis,False,,2024-07-22T22:36:23.589039
ACC_004506,SBI,False,,2022-11-16T22:36:23.589046
ACC_004507,HDFC,False,,2018-12-21T22:36:23.589055
ACC_004508,ICICI,False,,2018-08-16T22:36:23.589060
ACC_004509,Axis,False,,2018-02-05T22:36:23.589066
ACC_004510,SBI,False,,2021-12-22T22:36:23.589071
ACC_004511,SBI,False,,2018-07-29T22:36:23.589076
ACC_004512,ICICI,False,,2018-03-24T22:36:23.589081
ACC_004513,Axis,False,,2024-12-10T22:36:23.589085
ACC_004514,ICICI,False,,2025-07-02T22:36:23.589090
ACC_004515,Axis,False,,2021-05-30T22:36:23.589095
ACC_004516,SBI,False,,2020-01-20T22:36:23.589100
ACC_004517,HDFC,False,,2023-02-03T22:36:23.589105
ACC_004518,HDFC,False,,2018-10-15T22:36:23.589109
ACC_004519,HDFC,False,,2022-03-27T22:36:23.589114
ACC_004520,SBI,False,,2017-06-04T22:36:23.589119
ACC_004521,Axis,False,,2017-03-17T22:36:23.589123
ACC_004522,SBI,False,,2018-10-01T22:36:23.589128
ACC_004523,HDFC,False,,2025-01-10T22:36:23.589133
ACC_004524,SBI,False,,2021-07-01T22:36:23.589138
ACC_004525,Axis,False,,2022-05-17T22:36:23.589142
ACC_004526,SBI,False,,2023-12-31T22:36:23.589147
ACC_004527,Axis,False,,2023-05-29T22:36:23.589155
ACC_004528,HDFC,False,,2023-01-11T22:36:23.589160
ACC_004529,Axis,False,,2017-05-30T22:36:23.589164
ACC_004530,ICICI,False,,2024-03-12T22:36:23.589169
ACC_004531,ICICI,False,,2022-02-20T22:36:23.589174
ACC_004532,HDFC,False,,2019-11-10T22:36:23.589179
ACC_004533,Axis,False,,2018-06-07T22:36:23.589183
ACC_004534,ICICI,False,,2017-04-13T22:36:23.589191
ACC_004535,HDFC,False,,2023-02-17T22:36:23.589196
ACC_004536,ICICI,False,,2021-11-09T22:36:23.589201
ACC_004537,SBI,False,,2023-05-23T22:36:23.589206
ACC_004538,HDFC,False,,2018-03-30T22:36:23.589213
ACC_004539,SBI,False,,2016-09-17T22:36:23.589218
ACC_004540,SBI,False,,2018-11-18T22:36:23.589223
ACC_004541,Axis,False,,2019-11-08T22:36:23.589228
ACC_004542,ICICI,False,,2023-08-23T22:36:23.589233
ACC_004543,Axis,False,,2018-08-21T22:36:23.589237
ACC_004544,HDFC,False,,2024-12-22T22:36:23.589242
ACC_004545,Axis,False,,2024-11-30T22:36:23.589247
ACC_004546,SBI,False,,2025-02-11T22:36:23.589251
ACC_004547,SBI,False,,2023-05-30T22:36:23.589256
ACC_004548,SBI,False,,2024-09-02T22:36:23.589261
ACC_004549,SBI,False,,2019-01-20T22:36:23.589266
ACC_004550,SBI,False,,2023-01-19T22:36:23.589270
ACC_004551,HDFC,False,,2020-12-02T22:36:23.589275
ACC_004552,Axis,False,,2022-03-17T22:36:23.589280
ACC_004553,SBI,False,,2017-08-10T22:36:23.589285
ACC_004554,SBI,False,,2022-12-14T22:36:23.589289
ACC_004555,Axis,False,,2023-09-21T22:36:23.589294
ACC_004556,SBI,False,,2022-04-20T22:36:23.589298
ACC_004557,ICICI,False,,2019-03-27T22:36:23.589303
ACC_004558,Axis,False,,2018-07-28T22:36:23.589308
ACC_004559,SBI,False,,2022-08-26T22:36:23.589312
ACC_004560,Axis,False,,2024-10-20T22:36:23.589317
ACC_004561,ICICI,False,,2021-03-26T22:36:23.589322
ACC_004562,Axis,False,,2023-10-26T22:36:23.589327
ACC_004563,Axis,False,,2020-10-01T22:36:23.589331
ACC_004564,Axis,False,,2020-01-13T22:36:23.589336
ACC_004565,Axis,False,,2017-03-04T22:36:23.589341
ACC_004566,SBI,False,,2016-10-19T22:36:23.589349
ACC_004567,Axis,False,,2025-06-23T22:36:23.589353
ACC_004568,Axis,False,,2020-11-27T22:36:23.589358
ACC_004569,HDFC,False,,2017-03-10T22:36:23.589363
ACC_004570,ICICI,False,,2019-01-10T22:36:23.589370
ACC_004571,SBI,False,,2019-07-02T22:36:23.589375
ACC_004572,SBI,False,,2022-10-25T22:36:23.589380
ACC_004573,Axis,False,,2020-07-01T22:36:23.589385
ACC_004574,ICICI,False,,2020-08-12T22:36:23.589389
ACC_004575,ICICI,False,,2021-06-29T22:36:23.589394
ACC_004576,Axis,False,,2024-11-22T22:36:23.589399
ACC_004577,ICICI,False,,2024-03-02T22:36:23.589403
ACC_004578,Axis,False,,2023-07-04T22:36:23.589408
ACC_004579,SBI,False,,2023-07-29T22:36:23.589416
ACC_004580,HDFC,False,,2025-07-22T22:36:23.589421
ACC_004581,ICICI,False,,2020-03-10T22:36:23.589426
ACC_004582,Axis,False,,2021-01-13T22:36:23.589431
ACC_004583,Axis,False,,2017-05-17T22:36:23.589435
ACC_004584,ICICI,False,,2021-05-23T22:36:23.589440
ACC_004585,Axis,False,,2022-04-01T22:36:23.589445
ACC_004586,HDFC,False,,2021-02-11T22:36:23.589449
ACC_004587,HDFC,False,,2024-04-21T22:36:23.589454
ACC_004588,Axis,False,,2019-05-11T22:36:23.589459
ACC_004589,SBI,False,,2023-07-10T22:36:23.589464
ACC_004590,Axis,False,,2022-11-02T22:36:23.589468
ACC_004591,ICICI,False,,2019-12-26T22:36:23.589473
ACC_004592,Axis,False,,2018-07-31T22:36:23.589478
ACC_004593,ICICI,False,,2017-11-21T22:36:23.589483
ACC_004594,HDFC,False,,2018-05-26T22:36:23.589487
ACC_004595,Axis,False,,2020-12-11T22:36:23.589492
ACC_004596,SBI,False,,2022-12-25T22:36:23.589497
ACC_004597,Axis,False,,2025-04-24T22:36:23.589501
ACC_004598,ICICI,False,,2018-08-16T22:36:23.589509
ACC_004599,HDFC,False,,2017-11-17T22:36:23.589514
ACC_004600,SBI,False,,2022-10-08T22:36:23.589518
ACC_004601,Axis,False,,2018-01-23T22:36:23.589523
ACC_004602,SBI,False,,2022-11-06T22:36:23.589531
ACC_004603,SBI,False,,2018-12-12T22:36:23.589535
ACC_004604,SBI,False,,2025-07-24T22:36:23.589540
ACC_004605,HDFC,False,,2017-01-20T22:36:23.589545
ACC_004606,HDFC,False,,2018-06-22T22:36:23.589550
ACC_004607,Axis,False,,2021-03-29T22:36:23.589555
ACC_004608,HDFC,False,,2019-11-20T22:36:23.589560
ACC_004609,SBI,False,,2020-12-15T22:36:23.589564
ACC_004610,SBI,False,,2020-11-29T22:36:23.589569
ACC_004611,ICICI,False,,2017-12-10T22:36:23.589574
ACC_004612,ICICI,False,,2020-02-01T22:36:23.589578
ACC_004613,Axis,False,,2019-02-16T22:36:23.589583
ACC_004614,ICICI,False,,2017-06-20T22:36:23.589588
ACC_004615,Axis,False,,2017-04-05T22:36:23.589593
ACC_004616,HDFC,False,,2024-06-22T22:36:23.589597
ACC_004617,ICICI,False,,2024-02-06T22:36:23.589602
ACC_004618,ICICI,False,,2017-04-21T22:36:23.589607
ACC_004619,SBI,False,,2017-04-23T22:36:23.589612
ACC_004620,Axis,False,,2017-11-10T22:36:23.589616
ACC_004621,ICICI,False,,2025-08-17T22:36:23.589621
ACC_004622,SBI,False,,2020-03-08T22:36:23.589626
ACC_004623,HDFC,False,,2024-08-12T22:36:23.589631
ACC_004624,HDFC,False,,2017-01-08T22:36:23.589635
ACC_004625,Axis,False,,2019-10-24T22:36:23.589640
ACC_004626,Axis,False,,2018-05-12T22:36:23.589645
ACC_004627,ICICI,False,,2017-06-24T22:36:23.589650
ACC_004628,Axis,False,,2023-10-15T22:36:23.589655
ACC_004629,SBI,False,,2021-07-01T22:36:23.589664
ACC_004630,SBI,False,,2017-10-21T22:36:23.589669
ACC_004631,SBI,False,,2023-06-24T22:36:23.589674
ACC_004632,Axis,False,,2023-08-29T22:36:23.589678
ACC_004633,HDFC,False,,2020-08-24T22:36:23.589686
ACC_004634,SBI,False,,2023-08-14T22:36:23.589691
ACC_004635,SBI,False,,2025-01-14T22:36:23.589695
ACC_004636,SBI,False,,2017-03-09T22:36:23.589700
ACC_004637,SBI,False,,2022-10-16T22:36:23.589705
ACC_004638,Axis,False,,2020-10-03T22:36:23.589710
ACC_004639,HDFC,False,,2018-07-25T22:36:23.589715
ACC_004640,SBI,False,,2024-10-21T22:36:23.589720
ACC_004641,ICICI,False,,2024-09-26T22:36:23.589724
ACC_004642,Axis,False,,2024-04-20T22:36:23.589729
ACC_004643,ICICI,False,,2024-12-23T22:36:23.589734
ACC_004644,ICICI,False,,2025-05-14T22:36:23.589738
ACC_004645,SBI,False,,2020-05-04T22:36:23.589743
ACC_004646,Axis,False,,2018-02-26T22:36:23.589748
ACC_004647,HDFC,False,,2025-08-05T22:36:23.589753
ACC_004648,HDFC,False,,2022-09-19T22:36:23.589758
ACC_004649,HDFC,False,,2018-03-28T22:36:23.589763
ACC_004650,HDFC,False,,2024-08-12T22:36:23.589768
ACC_004651,SBI,False,,2019-11-04T22:36:23.589772
ACC_004652,HDFC,False,,2021-06-27T22:36:23.589777
ACC_004653,ICICI,False,,2020-04-01T22:36:23.589782
ACC_004654,Axis,False,,2017-03-18T22:36:23.589787
ACC_004655,ICICI,False,,2018-12-03T22:36:23.589791
ACC_004656,Axis,False,,2021-12-04T22:36:23.589796
ACC_004657,ICICI,False,,2018-01-20T22:36:23.589801
ACC_004658,ICICI,False,,2022-03-01T22:36:23.589805
ACC_004659,SBI,False,,2021-08-25T22:36:23.589810
ACC_004660,Axis,False,,2021-06-15T22:36:23.589815
ACC_004661,HDFC,False,,2021-09-15T22:36:23.589822
ACC_004662,ICICI,False,,2024-07-29T22:36:23.589827
ACC_004663,HDFC,False,,2020-07-29T22:36:23.589832
ACC_004664,Axis,False,,2017-07-26T22:36:23.589837
ACC_004665,SBI,False,,2025-05-30T22:36:23.589844
ACC_004666,HDFC,False,,2019-10-01T22:36:23.589849
ACC_004667,ICICI,False,,2017-11-09T22:36:23.589854
ACC_004668,SBI,False,,2021-07-26T22:36:23.589859
ACC_004669,Axis,False,,2018-10-07T22:36:23.589863
ACC_004670,Axis,False,,2019-12-04T22:36:23.589868
ACC_004671,Axis,False,,2018-04-18T22:36:23.589873
ACC_004672,SBI,False,,2025-08-31T22:36:23.589877
ACC_004673,ICICI,False,,2025-07-06T22:36:23.589882
ACC_004674,ICICI,False,,2025-03-09T22:36:23.589887
ACC_004675,ICICI,False,,2018-02-05T22:36:23.589892
ACC_004676,Axis,False,,2023-01-30T22:36:23.589897
ACC_004677,Axis,False,,2021-03-18T22:36:23.589902
ACC_004678,HDFC,False,,2021-10-17T22:36:23.589906
ACC_004679,Axis,False,,2020-05-11T22:36:23.589911
ACC_004680,HDFC,False,,2017-06-19T22:36:23.589919
ACC_004681,Axis,False,,2022-05-28T22:36:23.589924
ACC_004682,SBI,False,,2017-09-18T22:36:23.589928
ACC_004683,SBI,False,,2019-11-13T22:36:23.589933
ACC_004684,HDFC,False,,2024-04-07T22:36:23.589938
ACC_004685,Axis,False,,2016-10-06T22:36:23.589943
ACC_004686,HDFC,False,,2022-04-27T22:36:23.589947
ACC_004687,Axis,False,,2023-10-25T22:36:23.589952
ACC_004688,Axis,False,,2024-05-27T22:36:23.589957
ACC_004689,Axis,False,,2018-04-08T22:36:23.589962
ACC_004690,SBI,False,,2022-12-21T22:36:23.589967
ACC_004691,SBI,False,,2023-10-15T22:36:23.589971
ACC_004692,HDFC,False,,2024-07-07T22:36:23.589976
ACC_004693,Axis,False,,2017-09-03T22:36:23.589983
ACC_004694,HDFC,False,,2023-11-26T22:36:23.589990
ACC_004695,ICICI,False,,2021-05-26T22:36:23.589995
ACC_004696,ICICI,False,,2023-03-25T22:36:23.590000
ACC_004697,ICICI,False,,2018-03-26T22:36:23.590007
ACC_004698,Axis,False,,2018-03-07T22:36:23.590012
ACC_004699,HDFC,False,,2018-03-28T22:36:23.590017
ACC_004700,SBI,False,,2019-09-15T22:36:23.590022
ACC_004701,Axis,False,,2024-09-07T22:36:23.590028
ACC_004702,ICICI,False,,2023-03-11T22:36:23.590032
ACC_004703,HDFC,False,,2018-06-24T22:36:23.590037
ACC_004704,ICICI,False,,2021-06-21T22:36:23.590042
ACC_004705,Axis,False,,2018-05-14T22:36:23.590047
ACC_004706,Axis,False,,2023-01-31T22:36:23.590052
ACC_004707,SBI,False,,2022-10-17T22:36:23.590057
ACC_004708,HDFC,False,,2022-06-09T22:36:23.590061
ACC_004709,HDFC,False,,2024-06-13T22:36:23.590066
ACC_004710,HDFC,False,,2021-11-19T22:36:23.590070
ACC_004711,SBI,False,,2017-05-08T22:36:23.590075
ACC_004712,HDFC,False,,2019-04-11T22:36:23.590080
ACC_004713,ICICI,False,,2024-04-09T22:36:23.590085
ACC_004714,ICICI,False,,2021-06-08T22:36:23.590089
ACC_004715,HDFC,False,,2022-03-19T22:36:23.590094
ACC_004716,HDFC,False,,2019-01-31T22:36:23.590099
ACC_004717,SBI,False,,2021-05-07T22:36:23.590103
ACC_004718,Axis,False,,2022-02-11T22:36:23.590108
ACC_004719,ICICI,False,,2016-10-03T22:36:23.590113
ACC_004720,SBI,False,,2019-11-15T22:36:23.590118
ACC_004721,SBI,False,,2024-07-03T22:36:23.590123
ACC_004722,Axis,False,,2025-08-06T22:36:23.590127
ACC_004723,Axis,False,,2022-02-26T22:36:23.590132
ACC_004724,SBI,False,,2022-05-16T22:36:23.590137
ACC_004725,SBI,False,,2020-02-04T22:36:23.590144
ACC_004726,Axis,False,,2024-01-18T22:36:23.590149
ACC_004727,ICICI,False,,2024-01-24T22:36:23.590154
ACC_004728,HDFC,False,,2018-12-25T22:36:23.590159
ACC_004729,ICICI,False,,2022-03-27T22:36:23.590167
ACC_004730,HDFC,False,,2022-08-19T22:36:23.590171
ACC_004731,Axis,False,,2018-08-16T22:36:23.590179
ACC_004732,SBI,False,,2020-02-24T22:36:23.590184
ACC_004733,ICICI,False,,2017-10-20T22:36:23.590188
ACC_004734,Axis,False,,2025-01-15T22:36:23.590193
ACC_004735,ICICI,False,,2023-12-27T22:36:23.590198
ACC_004736,SBI,False,,2017-06-26T22:36:23.590203
ACC_004737,SBI,False,,2017-11-05T22:36:23.590207
ACC_004738,HDFC,False,,2016-12-30T22:36:23.590212
ACC_004739,SBI,False,,2020-03-26T22:36:23.590217
ACC_004740,Axis,False,,2022-05-06T22:36:23.590222
ACC_004741,SBI,False,,2025-06-16T22:36:23.590227
ACC_004742,Axis,False,,2021-11-30T22:36:23.590231
ACC_004743,Axis,False,,2018-02-05T22:36:23.590236
ACC_004744,Axis,False,,2021-10-17T22:36:23.590241
ACC_004745,Axis,False,,2021-04-25T22:36:23.590245
ACC_004746,HDFC,False,,2019-10-12T22:36:23.590250
ACC_004747,ICICI,False,,2022-07-14T22:36:23.590255
ACC_004748,SBI,False,,2017-11-02T22:36:23.590260
ACC_004749,Axis,False,,2024-08-10T22:36:23.590264
ACC_004750,SBI,False,,2022-01-27T22:36:23.590269
ACC_004751,HDFC,False,,2017-09-28T22:36:23.590274
ACC_004752,ICICI,False,,2020-07-26T22:36:23.590279
ACC_004753,SBI,False,,2019-03-24T22:36:23.590283
ACC_004754,SBI,False,,2020-09-29T22:36:23.590288
ACC_004755,Axis,False,,2022-06-08T22:36:23.590292
ACC_004756,SBI,False,,2023-05-07T22:36:23.590297
ACC_004757,SBI,False,,2017-04-22T22:36:23.590304
ACC_004758,SBI,False,,2017-06-15T22:36:23.590309
ACC_004759,HDFC,False,,2021-08-21T22:36:23.590314
ACC_004760,HDFC,False,,2018-02-03T22:36:23.590321
ACC_004761,SBI,False,,2021-06-23T22:36:23.590326
ACC_004762,Axis,False,,2018-01-29T22:36:23.590331
ACC_004763,SBI,False,,2025-01-25T22:36:23.590336
ACC_004764,HDFC,False,,2021-09-17T22:36:23.590340
ACC_004765,Axis,False,,2023-09-08T22:36:23.590345
ACC_004766,HDFC,False,,2024-05-20T22:36:23.590350
ACC_004767,ICICI,False,,2019-01-17T22:36:23.590355
ACC_004768,Axis,False,,2024-01-13T22:36:23.590359
ACC_004769,Axis,False,,2022-12-14T22:36:23.590364
ACC_004770,HDFC,False,,2024-05-14T22:36:23.590369
ACC_004771,SBI,False,,2021-04-02T22:36:23.590373
ACC_004772,Axis,False,,2022-04-22T22:36:23.590378
ACC_004773,SBI,False,,2018-05-19T22:36:23.590382
ACC_004774,Axis,False,,2016-12-31T22:36:23.590387
ACC_004775,HDFC,False,,2016-12-23T22:36:23.590392
ACC_004776,Axis,False,,2018-05-29T22:36:23.590396
ACC_004777,Axis,False,,2022-08-12T22:36:23.590401
ACC_004778,Axis,False,,2021-07-31T22:36:23.590406
ACC_004779,HDFC,False,,2024-05-09T22:36:23.590410
ACC_004780,HDFC,False,,2024-10-09T22:36:23.590415
ACC_004781,HDFC,False,,2020-03-19T22:36:23.590420
ACC_004782,SBI,False,,2025-06-10T22:36:23.590425
ACC_004783,Axis,False,,2022-08-18T22:36:23.590432
ACC_004784,HDFC,False,,2016-10-16T22:36:23.590438
ACC_004785,SBI,False,,2021-05-24T22:36:23.590442
ACC_004786,Axis,False,,2018-06-21T22:36:23.590447
ACC_004787,Axis,False,,2022-05-09T22:36:23.590454
ACC_004788,SBI,False,,2024-08-01T22:36:23.590459
ACC_004789,ICICI,False,,2024-12-26T22:36:23.590467
ACC_004790,SBI,False,,2021-02-25T22:36:23.590471
ACC_004791,HDFC,False,,2021-04-14T22:36:23.590476
ACC_004792,Axis,False,,2024-12-25T22:36:23.590484
ACC_004793,HDFC,False,,2017-04-01T22:36:23.590489
ACC_004794,SBI,False,,2018-04-25T22:36:23.590494
ACC_004795,HDFC,False,,2023-09-03T22:36:23.590499
ACC_004796,SBI,False,,2025-08-22T22:36:23.590503
ACC_004797,Axis,False,,2016-09-21T22:36:23.590508
ACC_004798,ICICI,False,,2024-04-27T22:36:23.590513
ACC_004799,HDFC,False,,2024-04-03T22:36:23.590518
ACC_004800,SBI,False,,2018-05-19T22:36:23.590522
ACC_004801,SBI,False,,2024-09-18T22:36:23.590527
ACC_004802,ICICI,False,,2017-04-03T22:36:23.590532
ACC_004803,HDFC,False,,2024-10-01T22:36:23.590537
ACC_004804,HDFC,False,,2020-01-09T22:36:23.590541
ACC_004805,ICICI,False,,2021-08-15T22:36:23.590546
ACC_004806,SBI,False,,2020-12-15T22:36:23.590551
ACC_004807,HDFC,False,,2022-11-30T22:36:23.590556
ACC_004808,ICICI,False,,2025-03-07T22:36:23.590560
ACC_004809,ICICI,False,,2018-04-23T22:36:23.590565
ACC_004810,Axis,False,,2024-02-18T22:36:23.590570
ACC_004811,Axis,False,,2017-11-26T22:36:23.590575
ACC_004812,ICICI,False,,2019-11-03T22:36:23.590580
ACC_004813,ICICI,False,,2018-11-26T22:36:23.590584
ACC_004814,SBI,False,,2017-12-26T22:36:23.590589
ACC_004815,HDFC,False,,2018-04-08T22:36:23.590594
ACC_004816,HDFC,False,,2023-01-15T22:36:23.590599
ACC_004817,HDFC,False,,2023-08-04T22:36:23.590603
ACC_004818,SBI,False,,2022-05-04T22:36:23.590608
ACC_004819,SBI,False,,2024-03-12T22:36:23.590613
ACC_004820,SBI,False,,2019-01-24T22:36:23.590617
ACC_004821,ICICI,False,,2022-08-03T22:36:23.590625
ACC_004822,SBI,False,,2017-07-10T22:36:23.590629
ACC_004823,Axis,False,,2024-11-12T22:36:23.590634
ACC_004824,ICICI,False,,2022-10-11T22:36:23.590641
ACC_004825,Axis,False,,2018-05-31T22:36:23.590646
ACC_004826,SBI,False,,2021-03-19T22:36:23.590651
ACC_004827,Axis,False,,2024-10-06T22:36:23.590655
ACC_004828,ICICI,False,,2018-02-10T22:36:23.590660
ACC_004829,Axis,False,,2017-11-29T22:36:23.590665
ACC_004830,SBI,False,,2019-09-09T22:36:23.590670
ACC_004831,SBI,False,,2024-11-27T22:36:23.590675
ACC_004832,ICICI,False,,2018-08-07T22:36:23.590680
ACC_004833,SBI,False,,2017-09-08T22:36:23.590687
ACC_004834,ICICI,False,,2019-05-19T22:36:23.590692
ACC_004835,SBI,False,,2020-12-28T22:36:23.590697
ACC_004836,SBI,False,,2022-02-25T22:36:23.590701
ACC_004837,Axis,False,,2021-06-13T22:36:23.590706
ACC_004838,HDFC,False,,2018-12-06T22:36:23.590711
ACC_004839,SBI,False,,2024-10-30T22:36:23.590715
ACC_004840,ICICI,False,,2024-04-20T22:36:23.590720
ACC_004841,HDFC,False,,2018-01-11T22:36:23.590725
ACC_004842,Axis,False,,2024-12-16T22:36:23.590729
ACC_004843,ICICI,False,,2018-07-09T22:36:23.590734
ACC_004844,HDFC,False,,2021-08-18T22:36:23.590738
ACC_004845,ICICI,False,,2016-12-22T22:36:23.590743
ACC_004846,ICICI,False,,2024-01-22T22:36:23.590748
ACC_004847,SBI,False,,2022-08-19T22:36:23.590752
ACC_004848,HDFC,False,,2024-08-07T22:36:23.590757
ACC_004849,Axis,False,,2023-03-17T22:36:23.590762
ACC_004850,Axis,False,,2024-07-09T22:36:23.590766
ACC_004851,HDFC,False,,2023-09-24T22:36:23.590771
ACC_004852,ICICI,False,,2019-02-05T22:36:23.590776
ACC_004853,Axis,False,,2024-08-17T22:36:23.590783
ACC_004854,ICICI,False,,2017-11-04T22:36:23.590788
ACC_004855,ICICI,False,,2019-07-07T22:36:23.590793
ACC_004856,ICICI,False,,2018-11-20T22:36:23.590800
ACC_004857,HDFC,False,,2025-02-28T22:36:23.590804
ACC_004858,SBI,False,,2022-02-18T22:36:23.590809
ACC_004859,Axis,False,,2023-09-03T22:36:23.590814
ACC_004860,ICICI,False,,2017-05-21T22:36:23.590819
ACC_004861,Axis,False,,2020-05-08T22:36:23.590824
ACC_004862,SBI,False,,2022-10-17T22:36:23.590828
ACC_004863,HDFC,False,,2017-12-31T22:36:23.590833
ACC_004864,SBI,False,,2018-04-29T22:36:23.590838
ACC_004865,SBI,False,,2024-02-06T22:36:23.590842
ACC_004866,Axis,False,,2019-05-03T22:36:23.590847
ACC_004867,ICICI,False,,2025-02-08T22:36:23.590852
ACC_004868,ICICI,False,,2017-10-07T22:36:23.590857
ACC_004869,SBI,False,,2018-02-04T22:36:23.590861
ACC_004870,Axis,False,,2017-10-10T22:36:23.590866
ACC_004871,Axis,False,,2023-08-25T22:36:23.590870
ACC_004872,Axis,False,,2021-09-24T22:36:23.590875
ACC_004873,Axis,False,,2020-01-25T22:36:23.590880
ACC_004874,ICICI,False,,2022-08-10T22:36:23.590884
ACC_004875,Axis,False,,2019-11-11T22:36:23.590889
ACC_004876,SBI,False,,2022-04-11T22:36:23.590894
ACC_004877,HDFC,False,,2022-04-10T22:36:23.590899
ACC_004878,Axis,False,,2017-01-21T22:36:23.590903
ACC_004879,ICICI,False,,2024-09-08T22:36:23.590909
ACC_004880,HDFC,False,,2024-11-02T22:36:23.590914
ACC_004881,SBI,False,,2024-08-25T22:36:23.590918
ACC_004882,SBI,False,,2019-04-01T22:36:23.590923
ACC_004883,HDFC,False,,2024-10-01T22:36:23.590927
ACC_004884,ICICI,False,,2019-06-27T22:36:23.590937
ACC_004885,Axis,False,,2025-07-31T22:36:23.590942
ACC_004886,Axis,False,,2018-02-08T22:36:23.590947
ACC_004887,SBI,False,,2020-04-27T22:36:23.590954
ACC_004888,Axis,False,,2019-12-04T22:36:23.590959
ACC_004889,HDFC,False,,2021-02-25T22:36:23.590964
ACC_004890,HDFC,False,,2018-10-15T22:36:23.590968
ACC_004891,SBI,False,,2017-05-02T22:36:23.590973
ACC_004892,HDFC,False,,2017-09-09T22:36:23.590978
ACC_004893,Axis,False,,2017-10-27T22:36:23.590982
ACC_004894,ICICI,False,,2022-12-17T22:36:23.590987
ACC_004895,HDFC,False,,2018-11-21T22:36:23.590992
ACC_004896,Axis,False,,2023-10-23T22:36:23.590997
ACC_004897,SBI,False,,2023-09-27T22:36:23.591002
ACC_004898,HDFC,False,,2021-08-01T22:36:23.591006
ACC_004899,SBI,False,,2019-12-09T22:36:23.591011
ACC_004900,ICICI,False,,2025-02-16T22:36:23.591016
ACC_004901,Axis,False,,2020-02-22T22:36:23.591020
ACC_004902,Axis,False,,2023-10-15T22:36:23.591025
ACC_004903,ICICI,False,,2024-06-06T22:36:23.591030
ACC_004904,ICICI,False,,2018-01-31T22:36:23.591034
ACC_004905,SBI,False,,2019-08-27T22:36:23.591039
ACC_004906,HDFC,False,,2022-06-12T22:36:23.591044
ACC_004907,ICICI,False,,2020-04-13T22:36:23.591049
ACC_004908,ICICI,False,,2022-09-24T22:36:23.591053
ACC_004909,SBI,False,,2025-09-03T22:36:23.591058
ACC_004910,Axis,False,,2023-04-06T22:36:23.591063
ACC_004911,ICICI,False,,2018-06-28T22:36:23.591068
ACC_004912,HDFC,False,,2020-07-04T22:36:23.591073
ACC_004913,Axis,False,,2025-01-20T22:36:23.591077
ACC_004914,ICICI,False,,2025-08-19T22:36:23.591082
ACC_004915,Axis,False,,2022-01-06T22:36:23.591087
ACC_004916,ICICI,False,,2021-09-24T22:36:23.591094
ACC_004917,HDFC,False,,2025-08-22T22:36:23.591099
ACC_004918,ICICI,False,,2017-08-06T22:36:23.591104
ACC_004919,SBI,False,,2021-03-11T22:36:23.591111
ACC_004920,ICICI,False,,2025-08-07T22:36:23.591116
ACC_004921,HDFC,False,,2020-11-13T22:36:23.591121
ACC_004922,Axis,False,,2023-06-26T22:36:23.591125
ACC_004923,HDFC,False,,2019-10-07T22:36:23.591130
ACC_004924,SBI,False,,2021-02-03T22:36:23.591135
ACC_004925,HDFC,False,,2020-03-26T22:36:23.591139
ACC_004926,HDFC,False,,2023-12-15T22:36:23.591144
ACC_004927,ICICI,False,,2023-03-01T22:36:23.591149
ACC_004928,Axis,False,,2021-04-07T22:36:23.591153
ACC_004929,ICICI,False,,2022-05-06T22:36:23.591158
ACC_004930,ICICI,False,,2020-11-23T22:36:23.591163
ACC_004931,SBI,False,,2019-09-07T22:36:23.591167
ACC_004932,ICICI,False,,2024-06-24T22:36:23.591172
ACC_004933,Axis,False,,2018-05-04T22:36:23.591177
ACC_004934,Axis,False,,2023-11-20T22:36:23.591182
ACC_004935,SBI,False,,2021-09-25T22:36:23.591189
ACC_004936,Axis,False,,2025-08-20T22:36:23.591194
ACC_004937,ICICI,False,,2017-09-30T22:36:23.591198
ACC_004938,SBI,False,,2024-06-16T22:36:23.591203
ACC_004939,SBI,False,,2022-07-04T22:36:23.591208
ACC_004940,HDFC,False,,2024-03-14T22:36:23.591213
ACC_004941,Axis,False,,2020-12-23T22:36:23.591217
ACC_004942,ICICI,False,,2025-05-06T22:36:23.591222
ACC_004943,SBI,False,,2018-03-25T22:36:23.591227
ACC_004944,SBI,False,,2020-04-28T22:36:23.591231
ACC_004945,ICICI,False,,2024-05-14T22:36:23.591236
ACC_004946,Axis,False,,2020-03-19T22:36:23.591241
ACC_004947,Axis,False,,2016-09-23T22:36:23.591246
ACC_004948,SBI,False,,2022-01-21T22:36:23.591253
ACC_004949,Axis,False,,2020-01-27T22:36:23.591258
ACC_004950,Axis,False,,2024-03-23T22:36:23.591263
ACC_004951,HDFC,False,,2024-06-28T22:36:23.591270
ACC_004952,HDFC,False,,2024-04-14T22:36:23.591275
ACC_004953,SBI,False,,2021-11-03T22:36:23.591279
ACC_004954,HDFC,False,,2017-02-03T22:36:23.591284
ACC_004955,SBI,False,,2025-02-11T22:36:23.591289
ACC_004956,ICICI,False,,2020-11-18T22:36:23.591294
ACC_004957,HDFC,False,,2020-10-29T22:36:23.591299
ACC_004958,Axis,False,,2022-06-15T22:36:23.591303
ACC_004959,ICICI,False,,2020-04-01T22:36:23.591308
ACC_004960,HDFC,False,,2017-03-02T22:36:23.591313
ACC_004961,Axis,False,,2022-12-03T22:36:23.591317
ACC_004962,SBI,False,,2017-07-09T22:36:23.591322
ACC_004963,SBI,False,,2022-11-26T22:36:23.591327
ACC_004964,ICICI,False,,2017-02-06T22:36:23.591331
ACC_004965,HDFC,False,,2022-09-29T22:36:23.591336
ACC_004966,SBI,False,,2018-03-24T22:36:23.591341
ACC_004967,Axis,False,,2023-06-23T22:36:23.591349
ACC_004968,Axis,False,,2017-10-11T22:36:23.591353
ACC_004969,HDFC,False,,2017-11-02T22:36:23.591358
ACC_004970,SBI,False,,2023-08-02T22:36:23.591363
ACC_004971,SBI,False,,2023-02-16T22:36:23.591368
ACC_004972,HDFC,False,,2024-03-20T22:36:23.591373
ACC_004973,Axis,False,,2025-04-08T22:36:23.591377
ACC_004974,ICICI,False,,2023-07-18T22:36:23.591382
ACC_004975,SBI,False,,2020-12-01T22:36:23.591387
ACC_004976,HDFC,False,,2018-10-14T22:36:23.591392
ACC_004977,SBI,False,,2024-09-05T22:36:23.591396
ACC_004978,HDFC,False,,2021-06-08T22:36:23.591401
ACC_004979,Axis,False,,2019-10-24T22:36:23.591406
ACC_004980,ICICI,False,,2017-11-06T22:36:23.591413
ACC_004981,SBI,False,,2023-03-19T22:36:23.591418
ACC_004982,ICICI,False,,2020-12-02T22:36:23.591423
ACC_004983,Axis,False,,2025-01-04T22:36:23.591431
ACC_004984,Axis,False,,2018-06-24T22:36:23.591436
ACC_004985,HDFC,False,,2022-04-15T22:36:23.591440
ACC_004986,HDFC,False,,2022-09-06T22:36:23.591445
ACC_004987,ICICI,False,,2022-07-21T22:36:23.591452
ACC_004988,ICICI,False,,2017-09-20T22:36:23.591457
ACC_004989,Axis,False,,2022-12-06T22:36:23.591462
ACC_004990,ICICI,False,,2025-03-02T22:36:23.591467
ACC_004991,SBI,False,,2025-03-29T22:36:23.591471
ACC_004992,HDFC,False,,2025-02-11T22:36:23.591476
ACC_004993,ICICI,False,,2023-04-28T22:36:23.591481
ACC_004994,ICICI,False,,2020-05-28T22:36:23.591485
ACC_004995,ICICI,False,,2018-11-24T22:36:23.591490
ACC_004996,HDFC,False,,2020-11-13T22:36:23.591495
ACC_004997,SBI,False,,2022-11-14T22:36:23.591499
ACC_004998,Axis,False,,2021-08-15T22:36:23.591504
ACC_004999,ICICI,False,,2022-04-15T22:36:23.591511
ACC_005000,HDFC,False,,2024-08-12T22:36:23.591517
ACC_005001,HDFC,False,,2018-01-15T22:36:23.591521
ACC_005002,SBI,False,,2021-12-26T22:36:23.591526
ACC_005003,ICICI,False,,2017-05-21T22:36:23.591531
ACC_005004,ICICI,False,,2017-05-14T22:36:23.591536
ACC_005005,ICICI,False,,2023-01-11T22:36:23.591540
ACC_005006,ICICI,False,,2023-05-06T22:36:23.591545
ACC_005007,Axis,False,,2024-09-20T22:36:23.591550
ACC_005008,HDFC,False,,2024-03-27T22:36:23.591555
ACC_005009,HDFC,False,,2025-03-28T22:36:23.591559
ACC_005010,SBI,False,,2023-07-15T22:36:23.591564
ACC_005011,Axis,False,,2024-08-04T22:36:23.591569
ACC_005012,HDFC,False,,2019-07-28T22:36:23.591577
ACC_005013,ICICI,False,,2022-04-27T22:36:23.591582
ACC_005014,Axis,False,,2017-03-01T22:36:23.591589
ACC_005015,SBI,False,,2019-09-19T22:36:23.591594
ACC_005016,SBI,False,,2025-03-17T22:36:23.591599
ACC_005017,SBI,False,,2023-07-20T22:36:23.591603
ACC_005018,Axis,False,,2019-07-12T22:36:23.591608
ACC_005019,ICICI,False,,2017-03-08T22:36:23.591613
ACC_005020,ICICI,False,,2021-08-05T22:36:23.591618
ACC_005021,Axis,False,,2018-08-21T22:36:23.591623
ACC_005022,HDFC,False,,2020-10-22T22:36:23.591628
ACC_005023,HDFC,False,,2020-04-14T22:36:23.591632
ACC_005024,Axis,False,,2019-10-29T22:36:23.591637
ACC_005025,HDFC,False,,2023-10-30T22:36:23.591642
ACC_005026,ICICI,False,,2017-11-20T22:36:23.591646
ACC_005027,SBI,False,,2022-06-14T22:36:23.591651
ACC_005028,HDFC,False,,2019-05-08T22:36:23.591656
ACC_005029,HDFC,False,,2016-10-16T22:36:23.591660
ACC_005030,SBI,False,,2017-05-24T22:36:23.591665
ACC_005031,Axis,False,,2020-02-24T22:36:23.591670
ACC_005032,HDFC,False,,2023-11-05T22:36:23.591675
ACC_005033,Axis,False,,2017-04-13T22:36:23.591679
ACC_005034,Axis,False,,2019-05-24T22:36:23.591684
ACC_005035,Axis,False,,2021-03-16T22:36:23.591688
ACC_005036,ICICI,False,,2023-05-19T22:36:23.591693
ACC_005037,SBI,False,,2025-08-29T22:36:23.591700
ACC_005038,SBI,False,,2019-04-15T22:36:23.591705
ACC_005039,SBI,False,,2019-01-22T22:36:23.591710
ACC_005040,HDFC,False,,2016-10-31T22:36:23.591715
ACC_005041,Axis,False,,2020-01-19T22:36:23.591719
ACC_005042,ICICI,False,,2022-04-19T22:36:23.591724
ACC_005043,SBI,False,,2022-05-18T22:36:23.591729
ACC_005044,ICICI,False,,2019-07-05T22:36:23.591736
ACC_005045,HDFC,False,,2023-10-13T22:36:23.591741
ACC_005046,SBI,False,,2025-03-10T22:36:23.591748
ACC_005047,SBI,False,,2022-06-05T22:36:23.591752
ACC_005048,HDFC,False,,2018-07-12T22:36:23.591757
ACC_005049,SBI,False,,2022-08-02T22:36:23.591762
ACC_005050,SBI,False,,2022-09-01T22:36:23.591767
ACC_005051,HDFC,False,,2018-06-30T22:36:23.591772
ACC_005052,SBI,False,,2023-05-06T22:36:23.591776
ACC_005053,HDFC,False,,2025-09-07T22:36:23.591781
ACC_005054,ICICI,False,,2018-08-09T22:36:23.591786
ACC_005055,ICICI,False,,2022-01-22T22:36:23.591791
ACC_005056,HDFC,False,,2017-10-15T22:36:23.591795
ACC_005057,ICICI,False,,2017-08-08T22:36:23.591800
ACC_005058,SBI,False,,2021-02-13T22:36:23.591816
ACC_005059,ICICI,False,,2022-01-22T22:36:23.591822
ACC_005060,HDFC,False,,2018-09-06T22:36:23.591827
ACC_005061,HDFC,False,,2021-09-17T22:36:23.591832
ACC_005062,SBI,False,,2017-07-04T22:36:23.591836
ACC_005063,ICICI,False,,2023-09-20T22:36:23.591841
ACC_005064,ICICI,False,,2025-07-10T22:36:23.591846
ACC_005065,HDFC,False,,2017-08-06T22:36:23.591851
ACC_005066,Axis,False,,2018-05-14T22:36:23.591855
ACC_005067,ICICI,False,,2018-09-04T22:36:23.591860
ACC_005068,SBI,False,,2020-09-27T22:36:23.591865
ACC_005069,SBI,False,,2022-01-23T22:36:23.591870
ACC_005070,ICICI,False,,2023-05-31T22:36:23.591875
ACC_005071,Axis,False,,2023-12-15T22:36:23.591880
ACC_005072,Axis,False,,2023-02-06T22:36:23.591885
ACC_005073,Axis,False,,2021-07-26T22:36:23.591890
ACC_005074,SBI,False,,2020-04-29T22:36:23.591894
ACC_005075,HDFC,False,,2020-02-20T22:36:23.591899
ACC_005076,SBI,False,,2020-07-19T22:36:23.591906
ACC_005077,SBI,False,,2023-09-22T22:36:23.591911
ACC_005078,SBI,False,,2019-04-24T22:36:23.591919
ACC_005079,Axis,False,,2017-07-09T22:36:23.591923
ACC_005080,SBI,False,,2018-06-09T22:36:23.591928
ACC_005081,ICICI,False,,2025-06-18T22:36:23.591933
ACC_005082,ICICI,False,,2023-11-15T22:36:23.591937
ACC_005083,SBI,False,,2021-04-12T22:36:23.591942
ACC_005084,SBI,False,,2024-12-02T22:36:23.591947
ACC_005085,SBI,False,,2024-11-21T22:36:23.591951
ACC_005086,Axis,False,,2022-12-13T22:36:23.591956
ACC_005087,Axis,False,,2018-06-19T22:36:23.591961
ACC_005088,Axis,False,,2024-07-29T22:36:23.591968
ACC_005089,SBI,False,,2017-07-20T22:36:23.591973
ACC_005090,HDFC,False,,2018-12-07T22:36:23.591978
ACC_005091,HDFC,False,,2021-06-18T22:36:23.591983
ACC_005092,Axis,False,,2025-06-20T22:36:23.591987
ACC_005093,HDFC,False,,2025-07-19T22:36:23.591992
ACC_005094,HDFC,False,,2024-03-20T22:36:23.591997
ACC_005095,SBI,False,,2017-01-23T22:36:23.592001
ACC_005096,HDFC,False,,2022-09-12T22:36:23.592006
ACC_005097,SBI,False,,2018-08-31T22:36:23.592011
ACC_005098,HDFC,False,,2016-10-24T22:36:23.592015
ACC_005099,HDFC,False,,2016-10-27T22:36:23.592020
ACC_005100,HDFC,False,,2019-08-14T22:36:23.592025
ACC_005101,ICICI,False,,2017-10-07T22:36:23.592030
ACC_005102,HDFC,False,,2023-06-07T22:36:23.592034
ACC_005103,SBI,False,,2020-04-24T22:36:23.592039
ACC_005104,Axis,False,,2023-11-14T22:36:23.592044
ACC_005105,ICICI,False,,2021-12-24T22:36:23.592048
ACC_005106,Axis,False,,2023-12-20T22:36:23.592053
ACC_005107,SBI,False,,2025-01-27T22:36:23.592058
ACC_005108,ICICI,False,,2018-08-30T22:36:23.592065
ACC_005109,HDFC,False,,2025-06-18T22:36:23.592070
ACC_005110,HDFC,False,,2024-07-18T22:36:23.592077
ACC_005111,ICICI,False,,2024-07-19T22:36:23.592082
ACC_005112,Axis,False,,2024-02-10T22:36:23.592087
ACC_005113,HDFC,False,,2023-03-09T22:36:23.592091
ACC_005114,HDFC,False,,2023-02-27T22:36:23.592096
ACC_005115,Axis,False,,2021-05-18T22:36:23.592101
ACC_005116,SBI,False,,2021-09-26T22:36:23.592106
ACC_005117,ICICI,False,,2023-03-02T22:36:23.592110
ACC_005118,Axis,False,,2017-12-31T22:36:23.592115
ACC_005119,HDFC,False,,2020-03-08T22:36:23.592120
ACC_005120,SBI,False,,2024-06-18T22:36:23.592124
ACC_005121,SBI,False,,2024-07-23T22:36:23.592129
ACC_005122,ICICI,False,,2021-09-10T22:36:23.592134
ACC_005123,HDFC,False,,2018-10-18T22:36:23.592139
ACC_005124,ICICI,False,,2024-05-16T22:36:23.592143
ACC_005125,ICICI,False,,2024-09-30T22:36:23.592148
ACC_005126,HDFC,False,,2018-12-02T22:36:23.592153
ACC_005127,SBI,False,,2023-09-14T22:36:23.592157
ACC_005128,Axis,False,,2019-10-02T22:36:23.592162
ACC_005129,ICICI,False,,2018-12-22T22:36:23.592167
ACC_005130,SBI,False,,2018-01-30T22:36:23.592171
ACC_005131,Axis,False,,2024-01-06T22:36:23.592176
ACC_005132,ICICI,False,,2018-09-10T22:36:23.592181
ACC_005133,ICICI,False,,2021-10-17T22:36:23.592185
ACC_005134,HDFC,False,,2022-08-29T22:36:23.592190
ACC_005135,Axis,False,,2018-04-12T22:36:23.592195
ACC_005136,ICICI,False,,2022-09-21T22:36:23.592199
ACC_005137,HDFC,False,,2016-11-07T22:36:23.592204
ACC_005138,HDFC,False,,2024-01-13T22:36:23.592209
ACC_005139,SBI,False,,2022-02-09T22:36:23.592218
ACC_005140,SBI,False,,2021-04-27T22:36:23.592223
ACC_005141,Axis,False,,2017-08-11T22:36:23.592230
ACC_005142,Axis,False,,2024-12-11T22:36:23.592235
ACC_005143,HDFC,False,,2019-03-22T22:36:23.592240
ACC_005144,Axis,False,,2017-07-20T22:36:23.592245
ACC_005145,ICICI,False,,2024-01-29T22:36:23.592250
ACC_005146,HDFC,False,,2022-01-28T22:36:23.592254
ACC_005147,SBI,False,,2023-08-30T22:36:23.592259
ACC_005148,Axis,False,,2021-09-29T22:36:23.592264
ACC_005149,ICICI,False,,2020-02-27T22:36:23.592268
ACC_005150,Axis,False,,2020-04-20T22:36:23.592273
ACC_005151,Axis,False,,2018-12-14T22:36:23.592278
ACC_005152,ICICI,False,,2024-02-24T22:36:23.592283
ACC_005153,SBI,False,,2021-05-27T22:36:23.592288
ACC_005154,Axis,False,,2019-07-16T22:36:23.592293
ACC_005155,Axis,False,,2019-08-29T22:36:23.592297
ACC_005156,Axis,False,,2019-09-23T22:36:23.592302
ACC_005157,SBI,False,,2021-05-21T22:36:23.592307
ACC_005158,HDFC,False,,2019-03-09T22:36:23.592312
ACC_005159,Axis,False,,2019-10-16T22:36:23.592317
ACC_005160,SBI,False,,2017-10-25T22:36:23.592322
ACC_005161,HDFC,False,,2023-01-23T22:36:23.592326
ACC_005162,ICICI,False,,2025-09-01T22:36:23.592331
ACC_005163,SBI,False,,2025-07-04T22:36:23.592336
ACC_005164,ICICI,False,,2019-06-09T22:36:23.592341
ACC_005165,Axis,False,,2024-03-14T22:36:23.592345
ACC_005166,HDFC,False,,2025-01-11T22:36:23.592350
ACC_005167,ICICI,False,,2021-08-26T22:36:23.592355
ACC_005168,SBI,False,,2022-05-24T22:36:23.592360
ACC_005169,Axis,False,,2024-01-31T22:36:23.592365
ACC_005170,Axis,False,,2022-12-24T22:36:23.592370
ACC_005171,SBI,False,,2023-03-08T22:36:23.592377
ACC_005172,HDFC,False,,2017-04-28T22:36:23.592382
ACC_005173,SBI,False,,2024-05-20T22:36:23.592389
ACC_005174,SBI,False,,2021-06-19T22:36:23.592394
ACC_005175,HDFC,False,,2017-11-22T22:36:23.592399
ACC_005176,Axis,False,,2021-07-13T22:36:23.592404
ACC_005177,HDFC,False,,2017-11-01T22:36:23.592409
ACC_005178,HDFC,False,,2018-04-08T22:36:23.592413
ACC_005179,HDFC,False,,2020-05-08T22:36:23.592418
ACC_005180,SBI,False,,2025-05-12T22:36:23.592423
ACC_005181,SBI,False,,2021-08-08T22:36:23.592428
ACC_005182,SBI,False,,2024-10-24T22:36:23.592432
ACC_005183,SBI,False,,2024-11-01T22:36:23.592437
ACC_005184,HDFC,False,,2019-04-26T22:36:23.592442
ACC_005185,Axis,False,,2024-01-08T22:36:23.592447
ACC_005186,SBI,False,,2020-06-06T22:36:23.592452
ACC_005187,SBI,False,,2017-04-23T22:36:23.592456
ACC_005188,ICICI,False,,2020-06-05T22:36:23.592461
ACC_005189,Axis,False,,2017-08-06T22:36:23.592466
ACC_005190,ICICI,False,,2020-09-20T22:36:23.592471
ACC_005191,HDFC,False,,2022-06-26T22:36:23.592478
ACC_005192,HDFC,False,,2023-12-14T22:36:23.592484
ACC_005193,HDFC,False,,2018-06-30T22:36:23.592489
ACC_005194,HDFC,False,,2018-12-04T22:36:23.592493
ACC_005195,SBI,False,,2020-01-21T22:36:23.592498
ACC_005196,SBI,False,,2025-07-30T22:36:23.592503
ACC_005197,Axis,False,,2020-12-12T22:36:23.592508
ACC_005198,Axis,False,,2019-06-27T22:36:23.592513
ACC_005199,ICICI,False,,2019-04-14T22:36:23.592518
ACC_005200,ICICI,False,,2017-09-29T22:36:23.592523
ACC_005201,SBI,False,,2020-12-12T22:36:23.592527
ACC_005202,SBI,False,,2022-08-26T22:36:23.592532
ACC_005203,HDFC,False,,2019-11-07T22:36:23.592539
ACC_005204,Axis,False,,2024-04-18T22:36:23.592544
ACC_005205,SBI,False,,2021-03-17T22:36:23.592552
ACC_005206,HDFC,False,,2023-03-31T22:36:23.592556
ACC_005207,Axis,False,,2023-08-22T22:36:23.592561
ACC_005208,HDFC,False,,2017-12-07T22:36:23.592566
ACC_005209,Axis,False,,2020-05-06T22:36:23.592571
ACC_005210,ICICI,False,,2018-05-19T22:36:23.592576
ACC_005211,Axis,False,,2021-06-07T22:36:23.592580
ACC_005212,SBI,False,,2025-02-01T22:36:23.592585
ACC_005213,ICICI,False,,2018-06-13T22:36:23.592590
ACC_005214,Axis,False,,2023-07-08T22:36:23.592594
ACC_005215,ICICI,False,,2024-06-25T22:36:23.592599
ACC_005216,HDFC,False,,2024-10-29T22:36:23.592604
ACC_005217,ICICI,False,,2018-12-08T22:36:23.592608
ACC_005218,ICICI,False,,2025-05-21T22:36:23.592613
ACC_005219,SBI,False,,2022-07-15T22:36:23.592618
ACC_005220,SBI,False,,2019-08-17T22:36:23.592623
ACC_005221,HDFC,False,,2024-12-19T22:36:23.592627
ACC_005222,SBI,False,,2019-01-02T22:36:23.592632
ACC_005223,HDFC,False,,2017-03-20T22:36:23.592637
ACC_005224,ICICI,False,,2023-08-06T22:36:23.592641
ACC_005225,SBI,False,,2018-07-17T22:36:23.592646
ACC_005226,HDFC,False,,2023-01-02T22:36:23.592651
ACC_005227,ICICI,False,,2024-09-29T22:36:23.592656
ACC_005228,HDFC,False,,2019-05-18T22:36:23.592661
ACC_005229,Axis,False,,2025-03-09T22:36:23.592665
ACC_005230,HDFC,False,,2022-03-04T22:36:23.592682
ACC_005231,HDFC,False,,2022-03-28T22:36:23.592687
ACC_005232,HDFC,False,,2021-09-13T22:36:23.592692
ACC_005233,ICICI,False,,2021-03-27T22:36:23.592697
ACC_005234,SBI,False,,2022-03-04T22:36:23.592702
ACC_005235,Axis,False,,2017-07-24T22:36:23.592709
ACC_005236,ICICI,False,,2024-03-31T22:36:23.592714
ACC_005237,HDFC,False,,2021-12-25T22:36:23.592721
ACC_005238,Axis,False,,2017-05-21T22:36:23.592726
ACC_005239,HDFC,False,,2020-01-26T22:36:23.592731
ACC_005240,SBI,False,,2025-06-07T22:36:23.592736
ACC_005241,Axis,False,,2020-05-08T22:36:23.592743
ACC_005242,HDFC,False,,2022-06-12T22:36:23.592748
ACC_005243,SBI,False,,2024-01-01T22:36:23.592753
ACC_005244,Axis,False,,2024-10-25T22:36:23.592758
ACC_005245,HDFC,False,,2017-08-23T22:36:23.592762
ACC_005246,SBI,False,,2023-04-13T22:36:23.592767
ACC_005247,SBI,False,,2017-01-28T22:36:23.592772
ACC_005248,SBI,False,,2020-01-28T22:36:23.592777
ACC_005249,ICICI,False,,2020-09-06T22:36:23.592782
ACC_005250,SBI,False,,2021-11-24T22:36:23.592787
ACC_005251,ICICI,False,,2021-08-29T22:36:23.592791
ACC_005252,Axis,False,,2025-04-02T22:36:23.592796
ACC_005253,Axis,False,,2023-01-07T22:36:23.592801
ACC_005254,SBI,False,,2018-11-08T22:36:23.592806
ACC_005255,HDFC,False,,2023-12-28T22:36:23.592811
ACC_005256,Axis,False,,2024-08-10T22:36:23.592815
ACC_005257,HDFC,False,,2024-02-06T22:36:23.592820
ACC_005258,ICICI,False,,2019-07-25T22:36:23.592825
ACC_005259,HDFC,False,,2020-02-08T22:36:23.592830
ACC_005260,HDFC,False,,2020-08-07T22:36:23.592834
ACC_005261,ICICI,False,,2023-10-18T22:36:23.592839
ACC_005262,ICICI,False,,2023-11-21T22:36:23.592844
ACC_005263,HDFC,False,,2022-07-23T22:36:23.592848
ACC_005264,ICICI,False,,2021-09-26T22:36:23.592853
ACC_005265,HDFC,False,,2024-11-25T22:36:23.592858
ACC_005266,SBI,False,,2017-09-24T22:36:23.592862
ACC_005267,Axis,False,,2022-10-22T22:36:23.592870
ACC_005268,Axis,False,,2022-10-30T22:36:23.592878
ACC_005269,Axis,False,,2018-05-29T22:36:23.592883
ACC_005270,SBI,False,,2024-04-23T22:36:23.592888
ACC_005271,Axis,False,,2025-04-03T22:36:23.592892
ACC_005272,ICICI,False,,2022-06-26T22:36:23.592897
ACC_005273,Axis,False,,2021-02-10T22:36:23.592902
ACC_005274,SBI,False,,2020-10-03T22:36:23.592907
ACC_005275,ICICI,False,,2019-12-14T22:36:23.592911
ACC_005276,ICICI,False,,2021-07-05T22:36:23.592916
ACC_005277,HDFC,False,,2018-01-18T22:36:23.592921
ACC_005278,Axis,False,,2020-01-10T22:36:23.592925
ACC_005279,Axis,False,,2022-10-02T22:36:23.592930
ACC_005280,HDFC,False,,2018-09-27T22:36:23.592935
ACC_005281,HDFC,False,,2017-05-22T22:36:23.592940
ACC_005282,SBI,False,,2017-11-07T22:36:23.592944
ACC_005283,HDFC,False,,2023-12-19T22:36:23.592949
ACC_005284,HDFC,False,,2022-06-10T22:36:23.592954
ACC_005285,Axis,False,,2023-12-04T22:36:23.592958
ACC_005286,Axis,False,,2024-11-18T22:36:23.592963
ACC_005287,SBI,False,,2021-05-06T22:36:23.592968
ACC_005288,Axis,False,,2018-03-13T22:36:23.592972
ACC_005289,HDFC,False,,2021-10-14T22:36:23.592977
ACC_005290,Axis,False,,2020-06-12T22:36:23.592982
ACC_005291,Axis,False,,2024-06-23T22:36:23.592986
ACC_005292,HDFC,False,,2023-09-05T22:36:23.592994
ACC_005293,HDFC,False,,2021-04-01T22:36:23.592999
ACC_005294,Axis,False,,2023-06-18T22:36:23.593004
ACC_005295,Axis,False,,2022-01-05T22:36:23.593009
ACC_005296,HDFC,False,,2022-02-21T22:36:23.593013
ACC_005297,ICICI,False,,2018-12-03T22:36:23.593018
ACC_005298,Axis,False,,2023-04-26T22:36:23.593023
ACC_005299,Axis,False,,2024-06-01T22:36:23.593030
ACC_005300,ICICI,False,,2020-08-08T22:36:23.593037
ACC_005301,HDFC,False,,2019-08-03T22:36:23.593042
ACC_005302,SBI,False,,2020-06-06T22:36:23.593047
ACC_005303,SBI,False,,2018-07-09T22:36:23.593052
ACC_005304,SBI,False,,2022-02-09T22:36:23.593056
ACC_005305,HDFC,False,,2018-12-16T22:36:23.593061
ACC_005306,Axis,False,,2024-12-31T22:36:23.593066
ACC_005307,ICICI,False,,2016-11-04T22:36:23.593071
ACC_005308,Axis,False,,2020-05-22T22:36:23.593076
ACC_005309,SBI,False,,2025-02-03T22:36:23.593080
ACC_005310,SBI,False,,2025-06-11T22:36:23.593085
ACC_005311,Axis,False,,2022-09-03T22:36:23.593090
ACC_005312,ICICI,False,,2018-07-28T22:36:23.593095
ACC_005313,SBI,False,,2024-10-05T22:36:23.593099
ACC_005314,SBI,False,,2024-12-03T22:36:23.593105
ACC_005315,ICICI,False,,2021-02-26T22:36:23.593109
ACC_005316,HDFC,False,,2022-05-10T22:36:23.593114
ACC_005317,Axis,False,,2020-12-28T22:36:23.593119
ACC_005318,SBI,False,,2018-03-11T22:36:23.593123
ACC_005319,ICICI,False,,2023-08-21T22:36:23.593128
ACC_005320,HDFC,False,,2024-08-30T22:36:23.593133
ACC_005321,Axis,False,,2021-11-12T22:36:23.593137
ACC_005322,ICICI,False,,2023-11-09T22:36:23.593142
ACC_005323,SBI,False,,2021-10-13T22:36:23.593147
ACC_005324,Axis,False,,2020-04-19T22:36:23.593151
ACC_005325,Axis,False,,2019-09-11T22:36:23.593156
ACC_005326,SBI,False,,2017-11-20T22:36:23.593161
ACC_005327,Axis,False,,2021-09-21T22:36:23.593166
ACC_005328,Axis,False,,2025-08-03T22:36:23.593170
ACC_005329,SBI,False,,2024-10-29T22:36:23.593175
ACC_005330,SBI,False,,2022-01-25T22:36:23.593180
ACC_005331,ICICI,False,,2025-07-16T22:36:23.593188
ACC_005332,SBI,False,,2020-07-22T22:36:23.593195
ACC_005333,SBI,False,,2020-02-06T22:36:23.593200
ACC_005334,ICICI,False,,2024-06-04T22:36:23.593205
ACC_005335,Axis,False,,2022-10-02T22:36:23.593210
ACC_005336,HDFC,False,,2020-08-24T22:36:23.593214
ACC_005337,SBI,False,,2018-08-02T22:36:23.593219
ACC_005338,Axis,False,,2018-07-14T22:36:23.593224
ACC_005339,HDFC,False,,2025-04-16T22:36:23.593229
ACC_005340,SBI,False,,2017-05-03T22:36:23.593234
ACC_005341,SBI,False,,2020-12-26T22:36:23.593238
ACC_005342,SBI,False,,2018-12-17T22:36:23.593243
ACC_005343,Axis,False,,2023-04-11T22:36:23.593250
ACC_005344,ICICI,False,,2023-05-07T22:36:23.593255
ACC_005345,SBI,False,,2018-01-29T22:36:23.593260
ACC_005346,HDFC,False,,2021-07-19T22:36:23.593265
ACC_005347,ICICI,False,,2025-07-08T22:36:23.593269
ACC_005348,ICICI,False,,2022-04-04T22:36:23.593274
ACC_005349,HDFC,False,,2017-11-09T22:36:23.593279
ACC_005350,Axis,False,,2018-06-04T22:36:23.593284
ACC_005351,Axis,False,,2021-01-21T22:36:23.593289
ACC_005352,Axis,False,,2021-10-03T22:36:23.593294
ACC_005353,ICICI,False,,2019-08-14T22:36:23.593298
ACC_005354,Axis,False,,2019-11-01T22:36:23.593303
ACC_005355,ICICI,False,,2024-06-05T22:36:23.593308
ACC_005356,SBI,False,,2020-07-21T22:36:23.593313
ACC_005357,Axis,False,,2021-07-07T22:36:23.593317
ACC_005358,SBI,False,,2019-07-02T22:36:23.593322
ACC_005359,SBI,False,,2019-08-12T22:36:23.593327
ACC_005360,Axis,False,,2021-06-03T22:36:23.593331
ACC_005361,ICICI,False,,2018-04-21T22:36:23.593336
ACC_005362,Axis,False,,2018-08-03T22:36:23.593341
ACC_005363,ICICI,False,,2017-10-29T22:36:23.593349
ACC_005364,HDFC,False,,2024-09-19T22:36:23.593356
ACC_005365,HDFC,False,,2024-09-10T22:36:23.593361
ACC_005366,HDFC,False,,2018-10-15T22:36:23.593366
ACC_005367,Axis,False,,2024-07-15T22:36:23.593370
ACC_005368,Axis,False,,2017-04-16T22:36:23.593375
ACC_005369,HDFC,False,,2018-08-06T22:36:23.593380
ACC_005370,Axis,False,,2020-01-21T22:36:23.593385
ACC_005371,HDFC,False,,2018-03-19T22:36:23.593390
ACC_005372,ICICI,False,,2020-12-25T22:36:23.593394
ACC_005373,SBI,False,,2023-03-15T22:36:23.593399
ACC_005374,Axis,False,,2019-07-07T22:36:23.593404
ACC_005375,Axis,False,,2024-06-01T22:36:23.593409
ACC_005376,SBI,False,,2020-06-07T22:36:23.593413
ACC_005377,HDFC,False,,2021-10-07T22:36:23.593418
ACC_005378,Axis,False,,2021-01-25T22:36:23.593423
ACC_005379,Axis,False,,2025-08-12T22:36:23.593428
ACC_005380,ICICI,False,,2016-12-05T22:36:23.593436
ACC_005381,SBI,False,,2020-01-04T22:36:23.593441
ACC_005382,ICICI,False,,2022-09-12T22:36:23.593446
ACC_005383,ICICI,False,,2022-04-02T22:36:23.593451
ACC_005384,Axis,False,,2018-02-24T22:36:23.593455
ACC_005385,SBI,False,,2025-08-26T22:36:23.593460
ACC_005386,Axis,False,,2025-05-02T22:36:23.593465
ACC_005387,HDFC,False,,2025-05-28T22:36:23.593470
ACC_005388,SBI,False,,2016-11-01T22:36:23.593474
ACC_005389,ICICI,False,,2019-11-18T22:36:23.593479
ACC_005390,ICICI,False,,2021-12-10T22:36:23.593484
ACC_005391,SBI,False,,2019-04-14T22:36:23.593488
ACC_005392,Axis,False,,2022-12-27T22:36:23.593493
ACC_005393,Axis,False,,2023-07-16T22:36:23.593498
ACC_005394,Axis,False,,2025-02-13T22:36:23.593506
ACC_005395,Axis,False,,2024-04-03T22:36:23.593515
ACC_005396,Axis,False,,2017-07-14T22:36:23.593520
ACC_005397,SBI,False,,2021-03-06T22:36:23.593525
ACC_005398,ICICI,False,,2019-11-25T22:36:23.593530
ACC_005399,SBI,False,,2020-10-17T22:36:23.593535
ACC_005400,SBI,False,,2024-08-01T22:36:23.593539
ACC_005401,SBI,False,,2020-01-17T22:36:23.593544
ACC_005402,HDFC,False,,2018-08-14T22:36:23.593549
ACC_005403,Axis,False,,2017-02-25T22:36:23.593554
ACC_005404,ICICI,False,,2019-07-02T22:36:23.593559
ACC_005405,SBI,False,,2022-01-31T22:36:23.593564
ACC_005406,SBI,False,,2024-08-27T22:36:23.593568
ACC_005407,HDFC,False,,2025-05-30T22:36:23.593573
ACC_005408,Axis,False,,2025-07-27T22:36:23.593578
ACC_005409,SBI,False,,2025-05-22T22:36:23.593583
ACC_005410,HDFC,False,,2019-04-15T22:36:23.593588
ACC_005411,Axis,False,,2025-06-01T22:36:23.593592
ACC_005412,SBI,False,,2020-08-11T22:36:23.593597
ACC_005413,ICICI,False,,2023-08-10T22:36:23.593602
ACC_005414,SBI,False,,2018-05-20T22:36:23.593607
ACC_005415,SBI,False,,2022-05-15T22:36:23.593612
ACC_005416,SBI,False,,2019-09-11T22:36:23.593616
ACC_005417,SBI,False,,2017-07-22T22:36:23.593621
ACC_005418,Axis,False,,2017-01-22T22:36:23.593626
ACC_005419,ICICI,False,,2018-04-22T22:36:23.593630
ACC_005420,HDFC,False,,2022-08-13T22:36:23.593635
ACC_005421,HDFC,False,,2024-02-02T22:36:23.593640
ACC_005422,HDFC,False,,2018-07-17T22:36:23.593644
ACC_005423,HDFC,False,,2024-06-15T22:36:23.593649
ACC_005424,Axis,False,,2019-01-07T22:36:23.593654
ACC_005425,HDFC,False,,2024-07-01T22:36:23.593659
ACC_005426,SBI,False,,2022-07-14T22:36:23.593666
ACC_005427,ICICI,False,,2023-09-04T22:36:23.593673
ACC_005428,HDFC,False,,2024-10-31T22:36:23.593678
ACC_005429,Axis,False,,2021-08-24T22:36:23.593683
ACC_005430,SBI,False,,2021-04-26T22:36:23.593688
ACC_005431,HDFC,False,,2020-03-11T22:36:23.593692
ACC_005432,HDFC,False,,2021-01-22T22:36:23.593697
ACC_005433,HDFC,False,,2020-03-30T22:36:23.593702
ACC_005434,HDFC,False,,2023-05-05T22:36:23.593707
ACC_005435,Axis,False,,2021-06-28T22:36:23.593711
ACC_005436,ICICI,False,,2018-08-05T22:36:23.593716
ACC_005437,Axis,False,,2023-11-23T22:36:23.593721
ACC_005438,SBI,False,,2022-05-08T22:36:23.593726
ACC_005439,HDFC,False,,2023-09-12T22:36:23.593730
ACC_005440,HDFC,False,,2024-05-20T22:36:23.593735
ACC_005441,ICICI,False,,2021-10-23T22:36:23.593740
ACC_005442,Axis,False,,2018-10-25T22:36:23.593745
ACC_005443,HDFC,False,,2023-12-04T22:36:23.593750
ACC_005444,ICICI,False,,2024-05-02T22:36:23.593754
ACC_005445,SBI,False,,2018-11-26T22:36:23.593761
ACC_005446,HDFC,False,,2019-09-09T22:36:23.593766
ACC_005447,HDFC,False,,2019-11-22T22:36:23.593771
ACC_005448,SBI,False,,2023-04-11T22:36:23.593776
ACC_005449,ICICI,False,,2024-05-30T22:36:23.593780
ACC_005450,SBI,False,,2025-05-15T22:36:23.593785
ACC_005451,ICICI,False,,2024-02-23T22:36:23.593790
ACC_005452,SBI,False,,2024-10-06T22:36:23.593795
ACC_005453,SBI,False,,2022-09-12T22:36:23.593800
ACC_005454,ICICI,False,,2020-04-19T22:36:23.593804
ACC_005455,SBI,False,,2024-09-01T22:36:23.593809
ACC_005456,ICICI,False,,2017-10-04T22:36:23.593815
ACC_005457,ICICI,False,,2020-06-17T22:36:23.593820
ACC_005458,Axis,False,,2020-10-22T22:36:23.593827
ACC_005459,Axis,False,,2023-07-15T22:36:23.593835
ACC_005460,ICICI,False,,2023-10-05T22:36:23.593840
ACC_005461,SBI,False,,2017-12-29T22:36:23.593845
ACC_005462,ICICI,False,,2021-04-17T22:36:23.593850
ACC_005463,HDFC,False,,2019-02-26T22:36:23.593854
ACC_005464,ICICI,False,,2023-11-04T22:36:23.593859
ACC_005465,SBI,False,,2017-08-08T22:36:23.593864
ACC_005466,Axis,False,,2020-11-02T22:36:23.593868
ACC_005467,Axis,False,,2020-12-12T22:36:23.593873
ACC_005468,ICICI,False,,2022-02-15T22:36:23.593878
ACC_005469,HDFC,False,,2018-11-21T22:36:23.593883
ACC_005470,Axis,False,,2020-11-19T22:36:23.593887
ACC_005471,SBI,False,,2019-05-04T22:36:23.593892
ACC_005472,ICICI,False,,2021-07-04T22:36:23.593897
ACC_005473,HDFC,False,,2020-08-29T22:36:23.593901
ACC_005474,SBI,False,,2025-04-27T22:36:23.593906
ACC_005475,ICICI,False,,2019-02-13T22:36:23.593911
ACC_005476,Axis,False,,2022-05-29T22:36:23.593915
ACC_005477,ICICI,False,,2021-03-26T22:36:23.593920
ACC_005478,HDFC,False,,2024-05-31T22:36:23.593925
ACC_005479,SBI,False,,2022-01-30T22:36:23.593930
ACC_005480,Axis,False,,2016-10-30T22:36:23.593934
ACC_005481,SBI,False,,2021-09-08T22:36:23.593939
ACC_005482,SBI,False,,2024-11-19T22:36:23.593943
ACC_005483,SBI,False,,2018-05-02T22:36:23.593948
ACC_005484,ICICI,False,,2021-07-12T22:36:23.593953
ACC_005485,SBI,False,,2016-12-16T22:36:23.593957
ACC_005486,ICICI,False,,2024-04-30T22:36:23.593962
ACC_005487,HDFC,False,,2022-02-16T22:36:23.593966
ACC_005488,HDFC,False,,2017-08-29T22:36:23.593971
ACC_005489,ICICI,False,,2023-04-21T22:36:23.593976
ACC_005490,Axis,False,,2019-05-03T22:36:23.593983
ACC_005491,ICICI,False,,2023-02-03T22:36:23.593990
ACC_005492,HDFC,False,,2021-05-17T22:36:23.593995
ACC_005493,ICICI,False,,2018-12-14T22:36:23.594000
ACC_005494,SBI,False,,2019-10-15T22:36:23.594004
ACC_005495,SBI,False,,2024-07-18T22:36:23.594009
ACC_005496,ICICI,False,,2017-09-01T22:36:23.594016
ACC_005497,HDFC,False,,2019-04-07T22:36:23.594021
ACC_005498,Axis,False,,2018-01-18T22:36:23.594026
ACC_005499,Axis,False,,2022-02-19T22:36:23.594031
ACC_005500,ICICI,False,,2023-06-24T22:36:23.594036
ACC_005501,SBI,False,,2025-02-21T22:36:23.594041
ACC_005502,Axis,False,,2020-02-09T22:36:23.594046
ACC_005503,HDFC,False,,2022-08-15T22:36:23.594050
ACC_005504,Axis,False,,2024-05-12T22:36:23.594055
ACC_005505,HDFC,False,,2020-08-15T22:36:23.594060
ACC_005506,SBI,False,,2018-12-15T22:36:23.594064
ACC_005507,ICICI,False,,2019-01-26T22:36:23.594069
ACC_005508,Axis,False,,2023-01-18T22:36:23.594074
ACC_005509,HDFC,False,,2022-07-03T22:36:23.594078
ACC_005510,HDFC,False,,2018-06-25T22:36:23.594083
ACC_005511,HDFC,False,,2020-07-09T22:36:23.594088
ACC_005512,ICICI,False,,2024-03-25T22:36:23.594093
ACC_005513,Axis,False,,2025-04-14T22:36:23.594098
ACC_005514,HDFC,False,,2021-12-01T22:36:23.594103
ACC_005515,HDFC,False,,2024-12-02T22:36:23.594107
ACC_005516,Axis,False,,2024-08-19T22:36:23.594112
ACC_005517,Axis,False,,2017-08-03T22:36:23.594117
ACC_005518,ICICI,False,,2022-08-14T22:36:23.594121
ACC_005519,ICICI,False,,2017-03-31T22:36:23.594126
ACC_005520,ICICI,False,,2021-03-18T22:36:23.594131
ACC_005521,HDFC,False,,2019-06-17T22:36:23.594135
ACC_005522,ICICI,False,,2020-02-29T22:36:23.594170
ACC_005523,HDFC,False,,2021-04-15T22:36:23.594175
ACC_005524,ICICI,False,,2017-11-21T22:36:23.594180
ACC_005525,Axis,False,,2020-03-02T22:36:23.594184
ACC_005526,HDFC,False,,2021-07-04T22:36:23.594189
ACC_005527,HDFC,False,,2025-05-16T22:36:23.594194
ACC_005528,SBI,False,,2025-03-01T22:36:23.594199
ACC_005529,HDFC,False,,2024-02-22T22:36:23.594204
ACC_005530,HDFC,False,,2022-01-29T22:36:23.594208
ACC_005531,Axis,False,,2023-02-28T22:36:23.594213
ACC_005532,SBI,False,,2024-09-17T22:36:23.594218
ACC_005533,SBI,False,,2017-07-31T22:36:23.594223
ACC_005534,ICICI,False,,2019-09-03T22:36:23.594227
ACC_005535,HDFC,False,,2017-12-24T22:36:23.594232
ACC_005536,HDFC,False,,2022-10-15T22:36:23.594237
ACC_005537,HDFC,False,,2024-06-16T22:36:23.594242
ACC_005538,HDFC,False,,2022-04-15T22:36:23.594249
ACC_005539,HDFC,False,,2022-09-28T22:36:23.594254
ACC_005540,ICICI,False,,2017-12-26T22:36:23.594259
ACC_005541,Axis,False,,2022-09-03T22:36:23.594264
ACC_005542,SBI,False,,2024-02-26T22:36:23.594268
ACC_005543,Axis,False,,2024-05-09T22:36:23.594273
ACC_005544,SBI,False,,2022-02-13T22:36:23.594278
ACC_005545,SBI,False,,2017-04-03T22:36:23.594282
ACC_005546,Axis,False,,2018-07-23T22:36:23.594287
ACC_005547,Axis,False,,2018-03-16T22:36:23.594294
ACC_005548,HDFC,False,,2019-11-06T22:36:23.594299
ACC_005549,SBI,False,,2019-03-21T22:36:23.594304
ACC_005550,Axis,False,,2018-04-14T22:36:23.594309
ACC_005551,Axis,False,,2022-07-21T22:36:23.594313
ACC_005552,ICICI,False,,2017-01-13T22:36:23.594318
ACC_005553,Axis,False,,2023-03-02T22:36:23.594323
ACC_005554,HDFC,False,,2022-09-28T22:36:23.594332
ACC_005555,ICICI,False,,2017-09-21T22:36:23.594337
ACC_005556,HDFC,False,,2021-09-28T22:36:23.594342
ACC_005557,SBI,False,,2018-04-21T22:36:23.594346
ACC_005558,SBI,False,,2017-11-27T22:36:23.594353
ACC_005559,HDFC,False,,2024-11-09T22:36:23.594358
ACC_005560,Axis,False,,2025-01-09T22:36:23.594363
ACC_005561,SBI,False,,2025-07-21T22:36:23.594367
ACC_005562,SBI,False,,2020-06-13T22:36:23.594372
ACC_005563,Axis,False,,2023-08-05T22:36:23.594377
ACC_005564,Axis,False,,2024-07-11T22:36:23.594381
ACC_005565,ICICI,False,,2023-05-12T22:36:23.594386
ACC_005566,ICICI,False,,2017-03-04T22:36:23.594391
ACC_005567,ICICI,False,,2017-10-02T22:36:23.594396
ACC_005568,Axis,False,,2018-05-08T22:36:23.594400
ACC_005569,SBI,False,,2020-01-16T22:36:23.594405
ACC_005570,HDFC,False,,2024-03-29T22:36:23.594410
ACC_005571,SBI,False,,2021-08-15T22:36:23.594415
ACC_005572,Axis,False,,2020-08-16T22:36:23.594419
ACC_005573,SBI,False,,2016-12-14T22:36:23.594424
ACC_005574,Axis,False,,2023-08-05T22:36:23.594429
ACC_005575,HDFC,False,,2022-08-01T22:36:23.594433
ACC_005576,Axis,False,,2023-11-10T22:36:23.594438
ACC_005577,ICICI,False,,2019-03-24T22:36:23.594443
ACC_005578,HDFC,False,,2024-01-18T22:36:23.594448
ACC_005579,Axis,False,,2024-07-01T22:36:23.594452
ACC_005580,HDFC,False,,2023-01-01T22:36:23.594457
ACC_005581,HDFC,False,,2020-07-13T22:36:23.594462
ACC_005582,SBI,False,,2022-09-16T22:36:23.594466
ACC_005583,HDFC,False,,2020-05-11T22:36:23.594471
ACC_005584,Axis,False,,2021-10-02T22:36:23.594475
ACC_005585,ICICI,False,,2024-05-16T22:36:23.594480
ACC_005586,HDFC,False,,2021-09-22T22:36:23.594489
ACC_005587,Axis,False,,2023-04-28T22:36:23.594494
ACC_005588,SBI,False,,2021-04-01T22:36:23.594499
ACC_005589,Axis,False,,2020-01-02T22:36:23.594503
ACC_005590,ICICI,False,,2025-02-07T22:36:23.594508
ACC_005591,Axis,False,,2022-08-23T22:36:23.594513
ACC_005592,ICICI,False,,2024-08-08T22:36:23.594518
ACC_005593,HDFC,False,,2018-06-05T22:36:23.594522
ACC_005594,Axis,False,,2017-06-28T22:36:23.594527
ACC_005595,Axis,False,,2023-07-11T22:36:23.594532
ACC_005596,ICICI,False,,2023-07-30T22:36:23.594536
ACC_005597,Axis,False,,2023-09-20T22:36:23.594541
ACC_005598,ICICI,False,,2019-10-05T22:36:23.594546
ACC_005599,Axis,False,,2019-11-19T22:36:23.594553
ACC_005600,Axis,False,,2024-06-22T22:36:23.594558
ACC_005601,HDFC,False,,2018-06-14T22:36:23.594563
ACC_005602,SBI,False,,2024-06-15T22:36:23.594568
ACC_005603,SBI,False,,2024-05-29T22:36:23.594573
ACC_005604,HDFC,False,,2025-04-19T22:36:23.594578
ACC_005605,ICICI,False,,2023-01-09T22:36:23.594582
ACC_005606,HDFC,False,,2019-09-25T22:36:23.594587
ACC_005607,HDFC,False,,2022-08-11T22:36:23.594592
ACC_005608,SBI,False,,2018-09-29T22:36:23.594596
ACC_005609,Axis,False,,2021-04-21T22:36:23.594601
ACC_005610,Axis,False,,2024-07-25T22:36:23.594606
ACC_005611,SBI,False,,2017-06-20T22:36:23.594610
ACC_005612,ICICI,False,,2020-02-23T22:36:23.594615
ACC_005613,SBI,False,,2023-10-13T22:36:23.594620
ACC_005614,SBI,False,,2021-10-20T22:36:23.594624
ACC_005615,ICICI,False,,2017-10-13T22:36:23.594629
ACC_005616,ICICI,False,,2017-06-21T22:36:23.594634
ACC_005617,HDFC,False,,2024-08-22T22:36:23.594638
ACC_005618,SBI,False,,2020-01-21T22:36:23.594647
ACC_005619,Axis,False,,2017-05-30T22:36:23.594652
ACC_005620,ICICI,False,,2017-12-26T22:36:23.594657
ACC_005621,SBI,False,,2023-10-16T22:36:23.594662
ACC_005622,ICICI,False,,2018-01-21T22:36:23.594666
ACC_005623,HDFC,False,,2023-10-31T22:36:23.594671
ACC_005624,SBI,False,,2021-12-22T22:36:23.594675
ACC_005625,Axis,False,,2024-02-10T22:36:23.594680
ACC_005626,HDFC,False,,2018-03-25T22:36:23.594685
ACC_005627,Axis,False,,2020-11-25T22:36:23.594689
ACC_005628,ICICI,False,,2025-06-19T22:36:23.594694
ACC_005629,SBI,False,,2022-09-28T22:36:23.594699
ACC_005630,HDFC,False,,2023-10-14T22:36:23.594703
ACC_005631,HDFC,False,,2019-01-14T22:36:23.594708
ACC_005632,ICICI,False,,2020-05-21T22:36:23.594713
ACC_005633,HDFC,False,,2020-03-22T22:36:23.594717
ACC_005634,SBI,False,,2020-05-26T22:36:23.594722
ACC_005635,HDFC,False,,2025-03-11T22:36:23.594727
ACC_005636,HDFC,False,,2019-05-04T22:36:23.594731
ACC_005637,ICICI,False,,2023-02-20T22:36:23.594736
ACC_005638,SBI,False,,2017-03-26T22:36:23.594741
ACC_005639,SBI,False,,2017-01-02T22:36:23.594746
ACC_005640,HDFC,False,,2024-07-30T22:36:23.594750
ACC_005641,ICICI,False,,2017-06-11T22:36:23.594755
ACC_005642,ICICI,False,,2020-08-16T22:36:23.594759
ACC_005643,Axis,False,,2017-06-17T22:36:23.594764
ACC_005644,ICICI,False,,2019-07-31T22:36:23.594769
ACC_005645,ICICI,False,,2018-04-05T22:36:23.594773
ACC_005646,Axis,False,,2022-11-09T22:36:23.594778
ACC_005647,ICICI,False,,2020-07-21T22:36:23.594782
ACC_005648,HDFC,False,,2021-09-29T22:36:23.594787
ACC_005649,ICICI,False,,2017-09-26T22:36:23.594809
ACC_005650,ICICI,False,,2019-11-22T22:36:23.594814
ACC_005651,Axis,False,,2024-06-08T22:36:23.594819
ACC_005652,ICICI,False,,2018-01-04T22:36:23.594824
ACC_005653,HDFC,False,,2024-01-16T22:36:23.594829
ACC_005654,Axis,False,,2023-03-25T22:36:23.594834
ACC_005655,SBI,False,,2021-09-10T22:36:23.594838
ACC_005656,Axis,False,,2025-05-09T22:36:23.594843
ACC_005657,SBI,False,,2019-03-23T22:36:23.594848
ACC_005658,Axis,False,,2021-09-01T22:36:23.594853
ACC_005659,SBI,False,,2017-05-09T22:36:23.594857
ACC_005660,HDFC,False,,2023-07-12T22:36:23.594862
ACC_005661,Axis,False,,2018-07-15T22:36:23.594867
ACC_005662,HDFC,False,,2022-08-18T22:36:23.594871
ACC_005663,Axis,False,,2019-10-16T22:36:23.594877
ACC_005664,SBI,False,,2022-09-22T22:36:23.594882
ACC_005665,ICICI,False,,2021-12-26T22:36:23.594887
ACC_005666,Axis,False,,2019-02-03T22:36:23.594891
ACC_005667,Axis,False,,2022-08-08T22:36:23.594896
ACC_005668,ICICI,False,,2023-07-25T22:36:23.594901
ACC_005669,HDFC,False,,2019-03-15T22:36:23.594905
ACC_005670,ICICI,False,,2018-10-31T22:36:23.594910
ACC_005671,HDFC,False,,2020-11-02T22:36:23.594915
ACC_005672,Axis,False,,2019-05-06T22:36:23.594919
ACC_005673,ICICI,False,,2022-06-19T22:36:23.594924
ACC_005674,HDFC,False,,2025-08-09T22:36:23.594929
ACC_005675,Axis,False,,2018-01-05T22:36:23.594933
ACC_005676,SBI,False,,2020-06-20T22:36:23.594938
ACC_005677,SBI,False,,2019-11-01T22:36:23.594943
ACC_005678,ICICI,False,,2018-09-14T22:36:23.594947
ACC_005679,SBI,False,,2022-04-18T22:36:23.594952
ACC_005680,Axis,False,,2022-06-20T22:36:23.594957
ACC_005681,HDFC,False,,2016-09-24T22:36:23.594966
ACC_005682,ICICI,False,,2025-07-11T22:36:23.594971
ACC_005683,Axis,False,,2025-03-29T22:36:23.594975
ACC_005684,SBI,False,,2022-07-11T22:36:23.594980
ACC_005685,HDFC,False,,2025-02-07T22:36:23.594985
ACC_005686,Axis,False,,2022-04-09T22:36:23.594990
ACC_005687,HDFC,False,,2020-11-15T22:36:23.594995
ACC_005688,ICICI,False,,2018-04-18T22:36:23.594999
ACC_005689,HDFC,False,,2025-02-20T22:36:23.595004
ACC_005690,ICICI,False,,2024-02-26T22:36:23.595009
ACC_005691,ICICI,False,,2022-07-10T22:36:23.595013
ACC_005692,SBI,False,,2024-09-25T22:36:23.595018
ACC_005693,ICICI,False,,2024-02-06T22:36:23.595023
ACC_005694,SBI,False,,2020-11-08T22:36:23.595028
ACC_005695,HDFC,False,,2022-06-09T22:36:23.595033
ACC_005696,SBI,False,,2025-05-04T22:36:23.595037
ACC_005697,Axis,False,,2021-09-21T22:36:23.595042
ACC_005698,SBI,False,,2018-02-02T22:36:23.595047
ACC_005699,Axis,False,,2020-12-17T22:36:23.595052
ACC_005700,Axis,False,,2024-08-07T22:36:23.595059
ACC_005701,ICICI,False,,2022-04-24T22:36:23.595064
ACC_005702,ICICI,False,,2023-10-04T22:36:23.595069
ACC_005703,Axis,False,,2018-02-01T22:36:23.595074
ACC_005704,ICICI,False,,2019-03-20T22:36:23.595078
ACC_005705,SBI,False,,2018-01-14T22:36:23.595083
ACC_005706,SBI,False,,2022-11-23T22:36:23.595088
ACC_005707,SBI,False,,2021-01-11T22:36:23.595092
ACC_005708,SBI,False,,2022-04-28T22:36:23.595097
ACC_005709,ICICI,False,,2024-09-27T22:36:23.595102
ACC_005710,ICICI,False,,2019-05-06T22:36:23.595106
ACC_005711,Axis,False,,2019-07-31T22:36:23.595111
ACC_005712,SBI,False,,2021-06-26T22:36:23.595116
ACC_005713,Axis,False,,2024-08-15T22:36:23.595125
ACC_005714,SBI,False,,2019-10-18T22:36:23.595130
ACC_005715,Axis,False,,2017-11-30T22:36:23.595135
ACC_005716,ICICI,False,,2020-01-19T22:36:23.595140
ACC_005717,ICICI,False,,2020-06-12T22:36:23.595145
ACC_005718,ICICI,False,,2020-11-26T22:36:23.595149
ACC_005719,Axis,False,,2020-12-25T22:36:23.595154
ACC_005720,Axis,False,,2020-07-11T22:36:23.595159
ACC_005721,HDFC,False,,2019-06-07T22:36:23.595163
ACC_005722,HDFC,False,,2017-02-06T22:36:23.595168
ACC_005723,Axis,False,,2024-09-15T22:36:23.595178
ACC_005724,SBI,False,,2018-10-20T22:36:23.595183
ACC_005725,ICICI,False,,2016-11-16T22:36:23.595187
ACC_005726,SBI,False,,2019-03-11T22:36:23.595192
ACC_005727,ICICI,False,,2024-04-09T22:36:23.595197
ACC_005728,ICICI,False,,2025-02-05T22:36:23.595202
ACC_005729,Axis,False,,2024-04-15T22:36:23.595207
ACC_005730,Axis,False,,2018-03-09T22:36:23.595211
ACC_005731,HDFC,False,,2020-07-05T22:36:23.595216
ACC_005732,Axis,False,,2025-02-02T22:36:23.595221
ACC_005733,HDFC,False,,2025-01-31T22:36:23.595226
ACC_005734,ICICI,False,,2018-05-31T22:36:23.595231
ACC_005735,HDFC,False,,2021-12-17T22:36:23.595235
ACC_005736,HDFC,False,,2022-06-10T22:36:23.595240
ACC_005737,Axis,False,,2017-12-15T22:36:23.595245
ACC_005738,ICICI,False,,2025-01-06T22:36:23.595250
ACC_005739,HDFC,False,,2017-05-25T22:36:23.595254
ACC_005740,HDFC,False,,2017-10-31T22:36:23.595260
ACC_005741,SBI,False,,2019-11-29T22:36:23.595264
ACC_005742,SBI,False,,2019-05-25T22:36:23.595269
ACC_005743,Axis,False,,2024-03-03T22:36:23.595274
ACC_005744,SBI,False,,2018-02-14T22:36:23.595278
ACC_005745,SBI,False,,2022-04-29T22:36:23.595288
ACC_005746,ICICI,False,,2017-08-20T22:36:23.595293
ACC_005747,HDFC,False,,2020-04-05T22:36:23.595298
ACC_005748,SBI,False,,2024-05-31T22:36:23.595303
ACC_005749,HDFC,False,,2025-09-12T22:36:23.595308
ACC_005750,SBI,False,,2018-12-05T22:36:23.595312
ACC_005751,HDFC,False,,2019-11-14T22:36:23.595320
ACC_005752,HDFC,False,,2022-12-05T22:36:23.595325
ACC_005753,SBI,False,,2024-07-15T22:36:23.595330
ACC_005754,Axis,False,,2025-06-04T22:36:23.595334
ACC_005755,Axis,False,,2021-04-26T22:36:23.595339
ACC_005756,HDFC,False,,2024-05-02T22:36:23.595344
ACC_005757,ICICI,False,,2021-02-28T22:36:23.595349
ACC_005758,Axis,False,,2023-08-21T22:36:23.595353
ACC_005759,SBI,False,,2019-07-27T22:36:23.595358
ACC_005760,ICICI,False,,2018-10-30T22:36:23.595363
ACC_005761,Axis,False,,2018-04-27T22:36:23.595368
ACC_005762,HDFC,False,,2020-11-07T22:36:23.595373
ACC_005763,SBI,False,,2018-07-26T22:36:23.595378
ACC_005764,HDFC,False,,2023-08-18T22:36:23.595382
ACC_005765,SBI,False,,2017-05-08T22:36:23.595387
ACC_005766,SBI,False,,2023-10-14T22:36:23.595392
ACC_005767,SBI,False,,2020-05-11T22:36:23.595397
ACC_005768,Axis,False,,2022-06-13T22:36:23.595402
ACC_005769,ICICI,False,,2018-03-19T22:36:23.595406
ACC_005770,HDFC,False,,2019-02-05T22:36:23.595411
ACC_005771,Axis,False,,2021-07-31T22:36:23.595415
ACC_005772,ICICI,False,,2021-04-24T22:36:23.595420
ACC_005773,Axis,False,,2017-11-16T22:36:23.595425
ACC_005774,HDFC,False,,2020-06-30T22:36:23.595430
ACC_005775,Axis,False,,2020-12-07T22:36:23.595435
ACC_005776,SBI,False,,2025-05-21T22:36:23.595442
ACC_005777,ICICI,False,,2020-07-28T22:36:23.595449
ACC_005778,HDFC,False,,2019-05-16T22:36:23.595454
ACC_005779,Axis,False,,2025-07-29T22:36:23.595458
ACC_005780,ICICI,False,,2025-04-26T22:36:23.595463
ACC_005781,Axis,False,,2025-03-22T22:36:23.595468
ACC_005782,ICICI,False,,2024-02-20T22:36:23.595473
ACC_005783,Axis,False,,2017-08-04T22:36:23.595478
ACC_005784,Axis,False,,2022-08-05T22:36:23.595483
ACC_005785,HDFC,False,,2023-12-04T22:36:23.595487
ACC_005786,ICICI,False,,2020-02-01T22:36:23.595492
ACC_005787,SBI,False,,2021-10-15T22:36:23.595497
ACC_005788,Axis,False,,2019-12-12T22:36:23.595502
ACC_005789,HDFC,False,,2023-09-29T22:36:23.595507
ACC_005790,SBI,False,,2021-10-02T22:36:23.595511
ACC_005791,ICICI,False,,2020-07-18T22:36:23.595516
ACC_005792,SBI,False,,2022-07-30T22:36:23.595521
ACC_005793,ICICI,False,,2021-04-13T22:36:23.595526
ACC_005794,HDFC,False,,2018-06-19T22:36:23.595530
ACC_005795,Axis,False,,2021-06-23T22:36:23.595535
ACC_005796,Axis,False,,2018-11-27T22:36:23.595540
ACC_005797,SBI,False,,2019-03-29T22:36:23.595544
ACC_005798,ICICI,False,,2024-03-31T22:36:23.595549
ACC_005799,ICICI,False,,2019-02-05T22:36:23.595554
ACC_005800,ICICI,False,,2019-02-22T22:36:23.595559
ACC_005801,Axis,False,,2024-12-10T22:36:23.595563
ACC_005802,HDFC,False,,2025-05-15T22:36:23.595568
ACC_005803,SBI,False,,2023-02-06T22:36:23.595576
ACC_005804,HDFC,False,,2018-03-29T22:36:23.595581
ACC_005805,HDFC,False,,2020-02-06T22:36:23.595585
ACC_005806,Axis,False,,2022-01-26T22:36:23.595590
ACC_005807,SBI,False,,2017-01-16T22:36:23.595595
ACC_005808,SBI,False,,2024-07-08T22:36:23.595602
ACC_005809,SBI,False,,2017-07-14T22:36:23.595610
ACC_005810,Axis,False,,2017-03-23T22:36:23.595615
ACC_005811,Axis,False,,2024-12-23T22:36:23.595620
ACC_005812,HDFC,False,,2018-11-02T22:36:23.595625
ACC_005813,ICICI,False,,2024-06-01T22:36:23.595629
ACC_005814,HDFC,False,,2017-04-16T22:36:23.595634
ACC_005815,HDFC,False,,2020-09-30T22:36:23.595639
ACC_005816,ICICI,False,,2018-11-24T22:36:23.595644
ACC_005817,HDFC,False,,2023-10-01T22:36:23.595648
ACC_005818,ICICI,False,,2024-06-29T22:36:23.595653
ACC_005819,Axis,False,,2021-06-19T22:36:23.595658
ACC_005820,SBI,False,,2018-07-21T22:36:23.595663
ACC_005821,SBI,False,,2023-07-04T22:36:23.595667
ACC_005822,ICICI,False,,2020-03-11T22:36:23.595672
ACC_005823,Axis,False,,2018-02-01T22:36:23.595677
ACC_005824,ICICI,False,,2023-03-04T22:36:23.595681
ACC_005825,SBI,False,,2017-05-18T22:36:23.595686
ACC_005826,SBI,False,,2020-10-31T22:36:23.595691
ACC_005827,SBI,False,,2024-09-25T22:36:23.595695
ACC_005828,HDFC,False,,2018-08-24T22:36:23.595700
ACC_005829,HDFC,False,,2023-06-02T22:36:23.595705
ACC_005830,HDFC,False,,2024-02-15T22:36:23.595710
ACC_005831,HDFC,False,,2021-09-01T22:36:23.595714
ACC_005832,Axis,False,,2019-04-30T22:36:23.595719
ACC_005833,HDFC,False,,2021-11-17T22:36:23.595724
ACC_005834,SBI,False,,2018-01-18T22:36:23.595728
ACC_005835,Axis,False,,2023-07-27T22:36:23.595733
ACC_005836,SBI,False,,2019-04-21T22:36:23.595738
ACC_005837,Axis,False,,2020-01-31T22:36:23.595743
ACC_005838,ICICI,False,,2021-09-13T22:36:23.595747
ACC_005839,SBI,False,,2016-09-16T22:36:23.595752
ACC_005840,HDFC,False,,2020-10-11T22:36:23.595759
ACC_005841,Axis,False,,2018-09-08T22:36:23.595766
ACC_005842,Axis,False,,2024-11-26T22:36:23.595771
ACC_005843,HDFC,False,,2024-04-10T22:36:23.595776
ACC_005844,ICICI,False,,2024-07-26T22:36:23.595780
ACC_005845,HDFC,False,,2020-02-09T22:36:23.595785
ACC_005846,SBI,False,,2025-02-14T22:36:23.595790
ACC_005847,ICICI,False,,2025-06-12T22:36:23.595794
ACC_005848,SBI,False,,2022-06-13T22:36:23.595799
ACC_005849,ICICI,False,,2021-04-27T22:36:23.595804
ACC_005850,ICICI,False,,2024-12-08T22:36:23.595809
ACC_005851,SBI,False,,2022-06-21T22:36:23.595813
ACC_005852,HDFC,False,,2019-09-16T22:36:23.595818
ACC_005853,SBI,False,,2019-11-23T22:36:23.595825
ACC_005854,ICICI,False,,2021-03-22T22:36:23.595830
ACC_005855,HDFC,False,,2019-07-30T22:36:23.595835
ACC_005856,HDFC,False,,2019-03-01T22:36:23.595840
ACC_005857,Axis,False,,2022-10-01T22:36:23.595845
ACC_005858,HDFC,False,,2025-05-03T22:36:23.595850
ACC_005859,ICICI,False,,2020-12-21T22:36:23.595855
ACC_005860,ICICI,False,,2023-06-14T22:36:23.595860
ACC_005861,ICICI,False,,2017-02-14T22:36:23.595864
ACC_005862,HDFC,False,,2024-02-20T22:36:23.595869
ACC_005863,SBI,False,,2019-07-26T22:36:23.595873
ACC_005864,ICICI,False,,2017-03-16T22:36:23.595878
ACC_005865,HDFC,False,,2023-01-21T22:36:23.595883
ACC_005866,Axis,False,,2024-11-18T22:36:23.595888
ACC_005867,HDFC,False,,2021-10-27T22:36:23.595893
ACC_005868,HDFC,False,,2021-01-12T22:36:23.595897
ACC_005869,HDFC,False,,2019-07-08T22:36:23.595902
ACC_005870,Axis,False,,2024-03-31T22:36:23.595907
ACC_005871,ICICI,False,,2017-08-03T22:36:23.595912
ACC_005872,HDFC,False,,2024-07-13T22:36:23.595919
ACC_005873,HDFC,False,,2020-02-17T22:36:23.595926
ACC_005874,SBI,False,,2018-05-29T22:36:23.595931
ACC_005875,ICICI,False,,2020-11-10T22:36:23.595936
ACC_005876,Axis,False,,2022-04-19T22:36:23.595941
ACC_005877,SBI,False,,2025-06-17T22:36:23.595945
ACC_005878,HDFC,False,,2025-05-28T22:36:23.595950
ACC_005879,SBI,False,,2019-09-16T22:36:23.595955
ACC_005880,Axis,False,,2018-01-19T22:36:23.595960
ACC_005881,HDFC,False,,2019-07-03T22:36:23.595964
ACC_005882,Axis,False,,2025-02-11T22:36:23.595969
ACC_005883,Axis,False,,2017-02-10T22:36:23.595974
ACC_005884,Axis,False,,2017-11-25T22:36:23.595979
ACC_005885,SBI,False,,2020-11-17T22:36:23.595983
ACC_005886,Axis,False,,2019-07-16T22:36:23.595988
ACC_005887,SBI,False,,2024-05-27T22:36:23.595992
ACC_005888,Axis,False,,2024-05-17T22:36:23.595997
ACC_005889,ICICI,False,,2021-10-03T22:36:23.596002
ACC_005890,SBI,False,,2021-11-07T22:36:23.596007
ACC_005891,Axis,False,,2025-01-18T22:36:23.596012
ACC_005892,SBI,False,,2023-02-05T22:36:23.596017
ACC_005893,HDFC,False,,2019-02-06T22:36:23.596021
ACC_005894,HDFC,False,,2023-02-25T22:36:23.596026
ACC_005895,Axis,False,,2017-04-26T22:36:23.596030
ACC_005896,HDFC,False,,2016-09-15T22:36:23.596035
ACC_005897,HDFC,False,,2017-08-17T22:36:23.596040
ACC_005898,SBI,False,,2025-01-23T22:36:23.596045
ACC_005899,HDFC,False,,2025-01-23T22:36:23.596049
ACC_005900,SBI,False,,2020-10-12T22:36:23.596054
ACC_005901,SBI,False,,2022-07-13T22:36:23.596059
ACC_005902,HDFC,False,,2022-03-06T22:36:23.596063
ACC_005903,ICICI,False,,2018-12-11T22:36:23.596071
ACC_005904,SBI,False,,2022-06-03T22:36:23.596079
ACC_005905,SBI,False,,2018-11-26T22:36:23.596084
ACC_005906,Axis,False,,2020-05-01T22:36:23.596089
ACC_005907,HDFC,False,,2018-05-03T22:36:23.596094
ACC_005908,HDFC,False,,2024-11-04T22:36:23.596099
ACC_005909,ICICI,False,,2019-08-09T22:36:23.596103
ACC_005910,SBI,False,,2020-02-24T22:36:23.596108
ACC_005911,ICICI,False,,2023-03-25T22:36:23.596113
ACC_005912,Axis,False,,2017-09-14T22:36:23.596118
ACC_005913,ICICI,False,,2021-08-02T22:36:23.596122
ACC_005914,ICICI,False,,2018-05-15T22:36:23.596127
ACC_005915,SBI,False,,2019-10-17T22:36:23.596132
ACC_005916,ICICI,False,,2022-02-14T22:36:23.596137
ACC_005917,HDFC,False,,2025-02-03T22:36:23.596142
ACC_005918,ICICI,False,,2021-02-03T22:36:23.596146
ACC_005919,Axis,False,,2022-07-25T22:36:23.596151
ACC_005920,HDFC,False,,2023-06-02T22:36:23.596156
ACC_005921,SBI,False,,2019-11-10T22:36:23.596160
ACC_005922,SBI,False,,2022-04-12T22:36:23.596165
ACC_005923,SBI,False,,2024-04-28T22:36:23.596170
ACC_005924,ICICI,False,,2017-07-27T22:36:23.596175
ACC_005925,SBI,False,,2025-04-19T22:36:23.596179
ACC_005926,SBI,False,,2017-11-13T22:36:23.596184
ACC_005927,Axis,False,,2018-05-30T22:36:23.596189
ACC_005928,Axis,False,,2024-06-02T22:36:23.596194
ACC_005929,HDFC,False,,2020-02-08T22:36:23.596198
ACC_005930,HDFC,False,,2022-09-01T22:36:23.596203
ACC_005931,ICICI,False,,2019-02-07T22:36:23.596208
ACC_005932,Axis,False,,2022-05-01T22:36:23.596212
ACC_005933,HDFC,False,,2025-01-11T22:36:23.596217
ACC_005934,ICICI,False,,2018-11-11T22:36:23.596222
ACC_005935,Axis,False,,2020-02-23T22:36:23.596229
ACC_005936,HDFC,False,,2021-05-29T22:36:23.596236
ACC_005937,Axis,False,,2020-09-20T22:36:23.596241
ACC_005938,HDFC,False,,2023-03-08T22:36:23.596246
ACC_005939,SBI,False,,2021-06-12T22:36:23.596251
ACC_005940,SBI,False,,2018-04-19T22:36:23.596256
ACC_005941,Axis,False,,2019-09-23T22:36:23.596260
ACC_005942,HDFC,False,,2018-04-17T22:36:23.596265
ACC_005943,ICICI,False,,2025-05-07T22:36:23.596270
ACC_005944,ICICI,False,,2025-05-29T22:36:23.596274
ACC_005945,ICICI,False,,2022-10-03T22:36:23.596279
ACC_005946,SBI,False,,2017-03-17T22:36:23.596284
ACC_005947,HDFC,False,,2021-11-16T22:36:23.596289
ACC_005948,Axis,False,,2020-11-26T22:36:23.596294
ACC_005949,HDFC,False,,2024-06-22T22:36:23.596299
ACC_005950,Axis,False,,2017-08-11T22:36:23.596303
ACC_005951,ICICI,False,,2019-09-14T22:36:23.596308
ACC_005952,Axis,False,,2020-12-11T22:36:23.596313
ACC_005953,ICICI,False,,2023-11-17T22:36:23.596318
ACC_005954,Axis,False,,2020-06-16T22:36:23.596323
ACC_005955,SBI,False,,2024-03-21T22:36:23.596330
ACC_005956,HDFC,False,,2022-07-21T22:36:23.596335
ACC_005957,ICICI,False,,2024-09-27T22:36:23.596340
ACC_005958,SBI,False,,2017-01-18T22:36:23.596344
ACC_005959,ICICI,False,,2021-11-30T22:36:23.596349
ACC_005960,Axis,False,,2025-04-07T22:36:23.596354
ACC_005961,ICICI,False,,2021-08-23T22:36:23.596359
ACC_005962,ICICI,False,,2018-04-22T22:36:23.596363
ACC_005963,ICICI,False,,2016-12-04T22:36:23.596368
ACC_005964,HDFC,False,,2024-04-21T22:36:23.596372
ACC_005965,ICICI,False,,2019-04-29T22:36:23.596377
ACC_005966,ICICI,False,,2022-09-25T22:36:23.596382
ACC_005967,SBI,False,,2020-09-21T22:36:23.596389
ACC_005968,Axis,False,,2025-07-04T22:36:23.596396
ACC_005969,Axis,False,,2025-08-07T22:36:23.596401
ACC_005970,Axis,False,,2025-04-14T22:36:23.596406
ACC_005971,ICICI,False,,2020-04-25T22:36:23.596411
ACC_005972,SBI,False,,2021-02-12T22:36:23.596416
ACC_005973,HDFC,False,,2019-03-15T22:36:23.596420
ACC_005974,HDFC,False,,2022-08-07T22:36:23.596425
ACC_005975,ICICI,False,,2024-12-24T22:36:23.596430
ACC_005976,Axis,False,,2023-09-07T22:36:23.596435
ACC_005977,ICICI,False,,2017-02-09T22:36:23.596439
ACC_005978,ICICI,False,,2022-10-15T22:36:23.596444
ACC_005979,Axis,False,,2024-04-09T22:36:23.596448
ACC_005980,SBI,False,,2018-08-19T22:36:23.596453
ACC_005981,SBI,False,,2024-01-20T22:36:23.596458
ACC_005982,HDFC,False,,2023-02-02T22:36:23.596462
ACC_005983,HDFC,False,,2018-05-11T22:36:23.596467
ACC_005984,HDFC,False,,2023-08-20T22:36:23.596471
ACC_005985,Axis,False,,2019-03-13T22:36:23.596476
ACC_005986,ICICI,False,,2025-03-25T22:36:23.596481
ACC_005987,SBI,False,,2025-01-06T22:36:23.596486
ACC_005988,ICICI,False,,2022-10-24T22:36:23.596490
ACC_005989,HDFC,False,,2018-02-03T22:36:23.596495
ACC_005990,ICICI,False,,2019-08-22T22:36:23.596500
ACC_005991,HDFC,False,,2018-12-19T22:36:23.596504
ACC_005992,SBI,False,,2021-10-11T22:36:23.596509
ACC_005993,HDFC,False,,2024-10-30T22:36:23.596514
ACC_005994,Axis,False,,2024-06-06T22:36:23.596518
ACC_005995,HDFC,False,,2023-01-16T22:36:23.596523
ACC_005996,SBI,False,,2022-01-17T22:36:23.596527
ACC_005997,ICICI,False,,2018-01-23T22:36:23.596532
ACC_005998,Axis,False,,2024-11-24T22:36:23.596537
ACC_005999,Axis,False,,2022-07-11T22:36:23.596544
ACC_006000,SBI,False,,2025-06-03T22:36:23.596552
ACC_006001,ICICI,False,,2018-11-22T22:36:23.596557
ACC_006002,ICICI,False,,2021-12-10T22:36:23.596561
ACC_006003,Axis,False,,2018-05-22T22:36:23.596566
ACC_006004,ICICI,False,,2020-06-03T22:36:23.596571
ACC_006005,ICICI,False,,2018-09-22T22:36:23.596576
ACC_006006,HDFC,False,,2023-11-26T22:36:23.596580
ACC_006007,ICICI,False,,2025-03-14T22:36:23.596588
ACC_006008,ICICI,False,,2024-01-07T22:36:23.596593
ACC_006009,HDFC,False,,2024-07-04T22:36:23.596598
ACC_006010,SBI,False,,2022-03-10T22:36:23.596603
ACC_006011,ICICI,False,,2023-04-16T22:36:23.596608
ACC_006012,Axis,False,,2019-03-02T22:36:23.596612
ACC_006013,HDFC,False,,2018-05-01T22:36:23.596617
ACC_006014,SBI,False,,2021-06-05T22:36:23.596622
ACC_006015,HDFC,False,,2024-10-31T22:36:23.596627
ACC_006016,SBI,False,,2019-05-12T22:36:23.596632
ACC_006017,Axis,False,,2019-08-28T22:36:23.596636
ACC_006018,HDFC,False,,2019-10-13T22:36:23.596641
ACC_006019,HDFC,False,,2018-11-22T22:36:23.596646
ACC_006020,Axis,False,,2018-04-22T22:36:23.596651
ACC_006021,Axis,False,,2022-02-22T22:36:23.596655
ACC_006022,ICICI,False,,2023-07-07T22:36:23.596660
ACC_006023,ICICI,False,,2022-12-18T22:36:23.596665
ACC_006024,ICICI,False,,2022-12-22T22:36:23.596669
ACC_006025,ICICI,False,,2023-02-10T22:36:23.596674
ACC_006026,Axis,False,,2022-03-03T22:36:23.596679
ACC_006027,HDFC,False,,2017-12-05T22:36:23.596684
ACC_006028,SBI,False,,2020-09-16T22:36:23.596688
ACC_006029,Axis,False,,2021-08-22T22:36:23.596693
ACC_006030,HDFC,False,,2021-10-02T22:36:23.596700
ACC_006031,HDFC,False,,2021-08-21T22:36:23.596705
ACC_006032,Axis,False,,2018-11-30T22:36:23.596712
ACC_006033,SBI,False,,2020-08-31T22:36:23.596717
ACC_006034,Axis,False,,2023-02-14T22:36:23.596722
ACC_006035,SBI,False,,2019-09-02T22:36:23.596727
ACC_006036,SBI,False,,2016-12-28T22:36:23.596732
ACC_006037,Axis,False,,2018-02-20T22:36:23.596736
ACC_006038,SBI,False,,2018-11-28T22:36:23.596741
ACC_006039,ICICI,False,,2016-10-10T22:36:23.596745
ACC_006040,ICICI,False,,2021-11-13T22:36:23.596750
ACC_006041,ICICI,False,,2024-05-17T22:36:23.596755
ACC_006042,HDFC,False,,2021-02-12T22:36:23.596759
ACC_006043,Axis,False,,2020-01-14T22:36:23.596764
ACC_006044,SBI,False,,2019-03-29T22:36:23.596769
ACC_006045,Axis,False,,2018-08-09T22:36:23.596773
ACC_006046,SBI,False,,2023-09-07T22:36:23.596779
ACC_006047,Axis,False,,2025-07-11T22:36:23.596784
ACC_006048,SBI,False,,2024-05-06T22:36:23.596788
ACC_006049,Axis,False,,2022-09-30T22:36:23.596793
ACC_006050,Axis,False,,2017-05-15T22:36:23.596800
ACC_006051,HDFC,False,,2024-04-13T22:36:23.596805
ACC_006052,HDFC,False,,2020-11-10T22:36:23.596824
ACC_006053,HDFC,False,,2017-12-17T22:36:23.596829
ACC_006054,SBI,False,,2024-11-17T22:36:23.596833
ACC_006055,SBI,False,,2019-12-04T22:36:23.596838
ACC_006056,Axis,False,,2020-12-18T22:36:23.596842
ACC_006057,ICICI,False,,2024-04-08T22:36:23.596849
ACC_006058,Axis,False,,2017-11-19T22:36:23.596854
ACC_006059,SBI,False,,2017-09-18T22:36:23.596858
ACC_006060,ICICI,False,,2024-05-13T22:36:23.596863
ACC_006061,ICICI,False,,2021-12-04T22:36:23.596867
ACC_006062,HDFC,False,,2017-08-07T22:36:23.596875
ACC_006063,HDFC,False,,2024-11-14T22:36:23.596879
ACC_006064,ICICI,False,,2020-08-31T22:36:23.596886
ACC_006065,Axis,False,,2018-08-17T22:36:23.596891
ACC_006066,Axis,False,,2017-05-24T22:36:23.596896
ACC_006067,Axis,False,,2022-06-16T22:36:23.596900
ACC_006068,Axis,False,,2017-11-06T22:36:23.596905
ACC_006069,SBI,False,,2017-06-22T22:36:23.596909
ACC_006070,SBI,False,,2017-08-01T22:36:23.596914
ACC_006071,HDFC,False,,2023-12-29T22:36:23.596919
ACC_006072,HDFC,False,,2019-01-16T22:36:23.596923
ACC_006073,ICICI,False,,2018-02-21T22:36:23.596928
ACC_006074,Axis,False,,2021-06-12T22:36:23.596933
ACC_006075,ICICI,False,,2020-10-12T22:36:23.596937
ACC_006076,SBI,False,,2019-12-30T22:36:23.596942
ACC_006077,ICICI,False,,2017-01-11T22:36:23.596946
ACC_006078,HDFC,False,,2023-02-04T22:36:23.596951
ACC_006079,ICICI,False,,2020-03-02T22:36:23.596955
ACC_006080,ICICI,False,,2025-02-27T22:36:23.596960
ACC_006081,Axis,False,,2022-07-02T22:36:23.596965
ACC_006082,ICICI,False,,2021-05-23T22:36:23.596970
ACC_006083,ICICI,False,,2017-03-17T22:36:23.596974
ACC_006084,SBI,False,,2024-02-04T22:36:23.596985
ACC_006085,HDFC,False,,2017-06-17T22:36:23.596990
ACC_006086,SBI,False,,2020-11-14T22:36:23.596994
ACC_006087,ICICI,False,,2019-04-02T22:36:23.596999
ACC_006088,ICICI,False,,2024-08-01T22:36:23.597004
ACC_006089,ICICI,False,,2022-07-04T22:36:23.597008
ACC_006090,SBI,False,,2024-05-15T22:36:23.597013
ACC_006091,ICICI,False,,2022-08-18T22:36:23.597017
ACC_006092,Axis,False,,2020-10-11T22:36:23.597022
ACC_006093,SBI,False,,2023-10-20T22:36:23.597026
ACC_006094,ICICI,False,,2022-10-16T22:36:23.597033
ACC_006095,HDFC,False,,2023-02-07T22:36:23.597038
ACC_006096,ICICI,False,,2024-02-13T22:36:23.597082
ACC_006097,HDFC,False,,2023-05-19T22:36:23.597091
ACC_006098,SBI,False,,2025-05-23T22:36:23.597097
ACC_006099,HDFC,False,,2019-08-24T22:36:23.597104
ACC_006100,SBI,False,,2025-08-16T22:36:23.597109
ACC_006101,Axis,False,,2025-05-30T22:36:23.597114
ACC_006102,ICICI,False,,2023-06-03T22:36:23.597119
ACC_006103,ICICI,False,,2019-04-18T22:36:23.597124
ACC_006104,Axis,False,,2017-06-28T22:36:23.597129
ACC_006105,Axis,False,,2019-11-10T22:36:23.597133
ACC_006106,SBI,False,,2020-08-11T22:36:23.597138
ACC_006107,ICICI,False,,2024-06-21T22:36:23.597142
ACC_006108,HDFC,False,,2020-09-18T22:36:23.597150
ACC_006109,Axis,False,,2020-03-02T22:36:23.597155
ACC_006110,ICICI,False,,2024-09-22T22:36:23.597160
ACC_006111,SBI,False,,2022-07-30T22:36:23.597165
ACC_006112,HDFC,False,,2021-09-25T22:36:23.597170
ACC_006113,HDFC,False,,2017-05-09T22:36:23.597174
ACC_006114,SBI,False,,2017-07-17T22:36:23.597179
ACC_006115,HDFC,False,,2022-01-12T22:36:23.597183
ACC_006116,SBI,False,,2020-01-06T22:36:23.597188
ACC_006117,ICICI,False,,2022-08-09T22:36:23.597192
ACC_006118,Axis,False,,2018-08-17T22:36:23.597197
ACC_006119,HDFC,False,,2017-10-09T22:36:23.597202
ACC_006120,ICICI,False,,2025-04-08T22:36:23.597206
ACC_006121,Axis,False,,2024-07-28T22:36:23.597211
ACC_006122,ICICI,False,,2023-07-26T22:36:23.597216
ACC_006123,HDFC,False,,2018-08-02T22:36:23.597221
ACC_006124,HDFC,False,,2022-12-10T22:36:23.597225
ACC_006125,SBI,False,,2019-02-15T22:36:23.597230
ACC_006126,Axis,False,,2023-03-26T22:36:23.597237
ACC_006127,SBI,False,,2022-09-22T22:36:23.597242
ACC_006128,Axis,False,,2024-01-01T22:36:23.597250
ACC_006129,Axis,False,,2023-08-08T22:36:23.597254
ACC_006130,Axis,False,,2022-07-13T22:36:23.597259
ACC_006131,SBI,False,,2023-06-22T22:36:23.597264
ACC_006132,HDFC,False,,2019-11-29T22:36:23.597268
ACC_006133,SBI,False,,2025-08-30T22:36:23.597273
ACC_006134,Axis,False,,2024-12-11T22:36:23.597278
ACC_006135,Axis,False,,2019-06-12T22:36:23.597282
ACC_006136,SBI,False,,2017-09-26T22:36:23.597287
ACC_006137,SBI,False,,2025-04-07T22:36:23.597291
ACC_006138,Axis,False,,2017-12-26T22:36:23.597296
ACC_006139,ICICI,False,,2018-10-27T22:36:23.597301
ACC_006140,Axis,False,,2018-08-16T22:36:23.597305
ACC_006141,SBI,False,,2018-07-19T22:36:23.597310
ACC_006142,ICICI,False,,2020-04-08T22:36:23.597314
ACC_006143,SBI,False,,2022-05-02T22:36:23.597319
ACC_006144,SBI,False,,2022-06-04T22:36:23.597324
ACC_006145,Axis,False,,2020-03-15T22:36:23.597328
ACC_006146,Axis,False,,2018-12-30T22:36:23.597333
ACC_006147,ICICI,False,,2019-08-10T22:36:23.597338
ACC_006148,Axis,False,,2022-05-21T22:36:23.597342
ACC_006149,HDFC,False,,2023-03-31T22:36:23.597347
ACC_006150,HDFC,False,,2017-03-26T22:36:23.597351
ACC_006151,ICICI,False,,2020-12-29T22:36:23.597356
ACC_006152,Axis,False,,2022-01-19T22:36:23.597361
ACC_006153,SBI,False,,2018-04-09T22:36:23.597365
ACC_006154,Axis,False,,2024-05-26T22:36:23.597370
ACC_006155,SBI,False,,2020-06-27T22:36:23.597374
ACC_006156,ICICI,False,,2018-04-17T22:36:23.597379
ACC_006157,HDFC,False,,2021-10-20T22:36:23.597386
ACC_006158,Axis,False,,2017-10-18T22:36:23.597390
ACC_006159,SBI,False,,2017-01-08T22:36:23.597399
ACC_006160,Axis,False,,2020-03-19T22:36:23.597404
ACC_006161,Axis,False,,2017-12-29T22:36:23.597409
ACC_006162,SBI,False,,2025-05-17T22:36:23.597414
ACC_006163,ICICI,False,,2022-09-11T22:36:23.597418
ACC_006164,SBI,False,,2016-12-02T22:36:23.597423
ACC_006165,Axis,False,,2025-01-06T22:36:23.597428
ACC_006166,ICICI,False,,2022-10-07T22:36:23.597432
ACC_006167,ICICI,False,,2021-02-01T22:36:23.597437
ACC_006168,Axis,False,,2020-09-28T22:36:23.597442
ACC_006169,Axis,False,,2021-03-25T22:36:23.597446
ACC_006170,ICICI,False,,2025-02-01T22:36:23.597451
ACC_006171,ICICI,False,,2020-04-03T22:36:23.597456
ACC_006172,SBI,False,,2021-11-21T22:36:23.597460
ACC_006173,HDFC,False,,2022-03-29T22:36:23.597465
ACC_006174,Axis,False,,2021-02-07T22:36:23.597469
ACC_006175,SBI,False,,2019-04-13T22:36:23.597474
ACC_006176,SBI,False,,2019-09-09T22:36:23.597478
ACC_006177,SBI,False,,2016-12-15T22:36:23.597485
ACC_006178,HDFC,False,,2018-10-27T22:36:23.597490
ACC_006179,ICICI,False,,2024-04-01T22:36:23.597495
ACC_006180,HDFC,False,,2017-08-07T22:36:23.597500
ACC_006181,HDFC,False,,2021-06-12T22:36:23.597505
ACC_006182,HDFC,False,,2016-12-12T22:36:23.597509
ACC_006183,ICICI,False,,2021-09-29T22:36:23.597514
ACC_006184,HDFC,False,,2018-05-10T22:36:23.597519
ACC_006185,HDFC,False,,2019-11-19T22:36:23.597523
ACC_006186,SBI,False,,2021-08-21T22:36:23.597528
ACC_006187,SBI,False,,2023-12-09T22:36:23.597532
ACC_006188,Axis,False,,2017-08-25T22:36:23.597537
ACC_006189,SBI,False,,2022-06-12T22:36:23.597544
ACC_006190,SBI,False,,2021-07-04T22:36:23.597549
ACC_006191,ICICI,False,,2021-01-23T22:36:23.597566
ACC_006192,SBI,False,,2019-07-02T22:36:23.597571
ACC_006193,SBI,False,,2025-07-19T22:36:23.597576
ACC_006194,HDFC,False,,2025-06-22T22:36:23.597581
ACC_006195,HDFC,False,,2020-01-28T22:36:23.597585
ACC_006196,Axis,False,,2016-10-28T22:36:23.597590
ACC_006197,Axis,False,,2025-03-23T22:36:23.597594
ACC_006198,SBI,False,,2022-07-11T22:36:23.597599
ACC_006199,ICICI,False,,2025-06-05T22:36:23.597604
ACC_006200,SBI,False,,2018-08-14T22:36:23.597608
ACC_006201,SBI,False,,2025-04-27T22:36:23.597613
ACC_006202,ICICI,False,,2017-04-16T22:36:23.597617
ACC_006203,HDFC,False,,2016-11-27T22:36:23.597622
ACC_006204,Axis,False,,2018-05-08T22:36:23.597626
ACC_006205,Axis,False,,2024-03-24T22:36:23.597631
ACC_006206,ICICI,False,,2024-09-30T22:36:23.597635
ACC_006207,HDFC,False,,2024-11-14T22:36:23.597640
ACC_006208,Axis,False,,2025-06-22T22:36:23.597645
ACC_006209,HDFC,False,,2017-05-16T22:36:23.597649
ACC_006210,SBI,False,,2024-08-17T22:36:23.597654
ACC_006211,Axis,False,,2023-07-10T22:36:23.597662
ACC_006212,ICICI,False,,2016-11-24T22:36:23.597667
ACC_006213,ICICI,False,,2020-12-06T22:36:23.597672
ACC_006214,HDFC,False,,2022-04-24T22:36:23.597677
ACC_006215,ICICI,False,,2020-07-21T22:36:23.597681
ACC_006216,SBI,False,,2024-07-31T22:36:23.597686
ACC_006217,ICICI,False,,2018-05-05T22:36:23.597690
ACC_006218,Axis,False,,2021-06-23T22:36:23.597695
ACC_006219,ICICI,False,,2020-11-18T22:36:23.597700
ACC_006220,HDFC,False,,2023-03-17T22:36:23.597704
ACC_006221,Axis,False,,2019-05-30T22:36:23.597711
ACC_006222,ICICI,False,,2020-04-12T22:36:23.597716
ACC_006223,ICICI,False,,2017-10-26T22:36:23.597722
ACC_006224,SBI,False,,2021-05-30T22:36:23.597727
ACC_006225,HDFC,False,,2020-02-16T22:36:23.597732
ACC_006226,Axis,False,,2021-07-09T22:36:23.597737
ACC_006227,HDFC,False,,2020-08-17T22:36:23.597742
ACC_006228,SBI,False,,2019-03-22T22:36:23.597746
ACC_006229,HDFC,False,,2021-03-30T22:36:23.597750
ACC_006230,SBI,False,,2020-09-07T22:36:23.597755
ACC_006231,ICICI,False,,2020-05-09T22:36:23.597759
ACC_006232,HDFC,False,,2018-06-29T22:36:23.597764
ACC_006233,ICICI,False,,2021-12-21T22:36:23.597768
ACC_006234,SBI,False,,2018-08-20T22:36:23.597773
ACC_006235,HDFC,False,,2024-08-18T22:36:23.597791
ACC_006236,SBI,False,,2023-05-16T22:36:23.597796
ACC_006237,Axis,False,,2019-01-17T22:36:23.597801
ACC_006238,SBI,False,,2024-10-04T22:36:23.597806
ACC_006239,SBI,False,,2021-03-06T22:36:23.597810
ACC_006240,Axis,False,,2019-10-31T22:36:23.597815
ACC_006241,SBI,False,,2025-01-14T22:36:23.597821
ACC_006242,Axis,False,,2022-11-15T22:36:23.597826
ACC_006243,Axis,False,,2022-03-17T22:36:23.597831
ACC_006244,ICICI,False,,2024-01-05T22:36:23.597835
ACC_006245,HDFC,False,,2022-02-04T22:36:23.597840
ACC_006246,Axis,False,,2025-08-21T22:36:23.597845
ACC_006247,ICICI,False,,2017-12-16T22:36:23.597849
ACC_006248,SBI,False,,2017-03-26T22:36:23.597854
ACC_006249,Axis,False,,2019-08-01T22:36:23.597859
ACC_006250,Axis,False,,2022-03-10T22:36:23.597863
ACC_006251,SBI,False,,2022-02-02T22:36:23.597868
ACC_006252,Axis,False,,2017-10-01T22:36:23.597873
ACC_006253,Axis,False,,2019-12-06T22:36:23.597880
ACC_006254,HDFC,False,,2024-07-09T22:36:23.597885
ACC_006255,Axis,False,,2017-11-09T22:36:23.597892
ACC_006256,HDFC,False,,2021-06-27T22:36:23.597897
ACC_006257,SBI,False,,2017-03-18T22:36:23.597902
ACC_006258,HDFC,False,,2023-11-19T22:36:23.597906
ACC_006259,HDFC,False,,2023-11-02T22:36:23.597911
ACC_006260,SBI,False,,2020-10-16T22:36:23.597915
ACC_006261,HDFC,False,,2025-04-06T22:36:23.597922
ACC_006262,Axis,False,,2020-02-23T22:36:23.597928
ACC_006263,SBI,False,,2018-09-05T22:36:23.597932
ACC_006264,Axis,False,,2024-02-18T22:36:23.597937
ACC_006265,Axis,False,,2021-03-22T22:36:23.597942
ACC_006266,HDFC,False,,2022-05-16T22:36:23.597947
ACC_006267,HDFC,False,,2020-10-25T22:36:23.597951
ACC_006268,ICICI,False,,2017-08-17T22:36:23.597956
ACC_006269,ICICI,False,,2019-11-03T22:36:23.597961
ACC_006270,ICICI,False,,2018-10-20T22:36:23.597965
ACC_006271,ICICI,False,,2019-05-18T22:36:23.597970
ACC_006272,SBI,False,,2024-02-11T22:36:23.597975
ACC_006273,ICICI,False,,2019-10-31T22:36:23.597979
ACC_006274,SBI,False,,2018-10-25T22:36:23.597984
ACC_006275,ICICI,False,,2019-11-16T22:36:23.597989
ACC_006276,ICICI,False,,2020-05-28T22:36:23.597993
ACC_006277,Axis,False,,2023-05-04T22:36:23.597998
ACC_006278,ICICI,False,,2017-04-29T22:36:23.598003
ACC_006279,SBI,False,,2023-11-10T22:36:23.598008
ACC_006280,Axis,False,,2025-08-03T22:36:23.598012
ACC_006281,ICICI,False,,2021-01-11T22:36:23.598017
ACC_006282,SBI,False,,2024-01-06T22:36:23.598022
ACC_006283,Axis,False,,2024-12-12T22:36:23.598026
ACC_006284,HDFC,False,,2022-03-15T22:36:23.598034
ACC_006285,SBI,False,,2023-06-19T22:36:23.598039
ACC_006286,HDFC,False,,2019-09-02T22:36:23.598043
ACC_006287,Axis,False,,2021-12-27T22:36:23.598050
ACC_006288,HDFC,False,,2025-01-05T22:36:23.598055
ACC_006289,Axis,False,,2019-01-13T22:36:23.598060
ACC_006290,SBI,False,,2024-12-13T22:36:23.598067
ACC_006291,ICICI,False,,2018-07-25T22:36:23.598071
ACC_006292,SBI,False,,2021-10-31T22:36:23.598076
ACC_006293,HDFC,False,,2023-07-16T22:36:23.598081
ACC_006294,ICICI,False,,2022-07-06T22:36:23.598086
ACC_006295,Axis,False,,2019-02-23T22:36:23.598091
ACC_006296,ICICI,False,,2021-07-31T22:36:23.598096
ACC_006297,Axis,False,,2022-11-04T22:36:23.598101
ACC_006298,SBI,False,,2024-10-30T22:36:23.598106
ACC_006299,SBI,False,,2024-07-18T22:36:23.598111
ACC_006300,SBI,False,,2022-07-24T22:36:23.598116
ACC_006301,SBI,False,,2022-10-02T22:36:23.598120
ACC_006302,HDFC,False,,2024-04-12T22:36:23.598125
ACC_006303,Axis,False,,2021-12-30T22:36:23.598130
ACC_006304,ICICI,False,,2017-06-07T22:36:23.598135
ACC_006305,Axis,False,,2023-05-09T22:36:23.598140
ACC_006306,SBI,False,,2025-09-02T22:36:23.598144
ACC_006307,SBI,False,,2023-04-10T22:36:23.598149
ACC_006308,HDFC,False,,2018-10-21T22:36:23.598154
ACC_006309,SBI,False,,2024-02-03T22:36:23.598159
ACC_006310,SBI,False,,2020-05-14T22:36:23.598163
ACC_006311,HDFC,False,,2022-01-27T22:36:23.598168
ACC_006312,HDFC,False,,2025-02-11T22:36:23.598175
ACC_006313,SBI,False,,2019-12-18T22:36:23.598181
ACC_006314,Axis,False,,2020-12-05T22:36:23.598185
ACC_006315,Axis,False,,2022-01-12T22:36:23.598190
ACC_006316,ICICI,False,,2020-02-02T22:36:23.598197
ACC_006317,HDFC,False,,2022-12-31T22:36:23.598202
ACC_006318,Axis,False,,2021-06-20T22:36:23.598207
ACC_006319,Axis,False,,2017-10-12T22:36:23.598214
ACC_006320,Axis,False,,2021-09-19T22:36:23.598219
ACC_006321,ICICI,False,,2019-11-05T22:36:23.598223
ACC_006322,ICICI,False,,2019-10-01T22:36:23.598228
ACC_006323,HDFC,False,,2018-11-29T22:36:23.598233
ACC_006324,SBI,False,,2023-11-02T22:36:23.598237
ACC_006325,ICICI,False,,2017-09-21T22:36:23.598242
ACC_006326,SBI,False,,2020-10-18T22:36:23.598247
ACC_006327,Axis,False,,2020-03-15T22:36:23.598252
ACC_006328,ICICI,False,,2018-01-05T22:36:23.598257
ACC_006329,HDFC,False,,2019-06-11T22:36:23.598261
ACC_006330,Axis,False,,2018-05-22T22:36:23.598266
ACC_006331,ICICI,False,,2023-09-14T22:36:23.598271
ACC_006332,HDFC,False,,2021-08-07T22:36:23.598275
ACC_006333,Axis,False,,2017-01-21T22:36:23.598280
ACC_006334,ICICI,False,,2017-07-13T22:36:23.598285
ACC_006335,Axis,False,,2023-04-21T22:36:23.598290
ACC_006336,SBI,False,,2021-05-30T22:36:23.598295
ACC_006337,ICICI,False,,2023-09-10T22:36:23.598300
ACC_006338,HDFC,False,,2023-07-03T22:36:23.598304
ACC_006339,Axis,False,,2021-08-26T22:36:23.598309
ACC_006340,SBI,False,,2025-08-21T22:36:23.598314
ACC_006341,ICICI,False,,2022-01-06T22:36:23.598318
ACC_006342,HDFC,False,,2021-07-25T22:36:23.598323
ACC_006343,ICICI,False,,2020-01-23T22:36:23.598328
ACC_006344,HDFC,False,,2018-11-23T22:36:23.598332
ACC_006345,ICICI,False,,2025-04-28T22:36:23.598337
ACC_006346,ICICI,False,,2018-07-03T22:36:23.598342
ACC_006347,Axis,False,,2021-03-26T22:36:23.598346
ACC_006348,HDFC,False,,2017-11-25T22:36:23.598354
ACC_006349,ICICI,False,,2022-08-16T22:36:23.598359
ACC_006350,HDFC,False,,2019-04-14T22:36:23.598364
ACC_006351,HDFC,False,,2017-08-24T22:36:23.598371
ACC_006352,Axis,False,,2018-11-20T22:36:23.598376
ACC_006353,Axis,False,,2020-03-14T22:36:23.598380
ACC_006354,SBI,False,,2020-05-22T22:36:23.598385
ACC_006355,HDFC,False,,2025-04-09T22:36:23.598390
ACC_006356,ICICI,False,,2025-05-17T22:36:23.598395
ACC_006357,SBI,False,,2017-10-14T22:36:23.598400
ACC_006358,SBI,False,,2024-03-22T22:36:23.598404
ACC_006359,HDFC,False,,2020-12-29T22:36:23.598409
ACC_006360,HDFC,False,,2025-01-26T22:36:23.598414
ACC_006361,Axis,False,,2018-07-20T22:36:23.598419
ACC_006362,HDFC,False,,2022-03-05T22:36:23.598423
ACC_006363,HDFC,False,,2019-08-07T22:36:23.598430
ACC_006364,ICICI,False,,2023-07-10T22:36:23.598435
ACC_006365,HDFC,False,,2021-12-20T22:36:23.598440
ACC_006366,ICICI,False,,2017-09-29T22:36:23.598445
ACC_006367,SBI,False,,2019-02-13T22:36:23.598450
ACC_006368,ICICI,False,,2019-11-29T22:36:23.598455
ACC_006369,HDFC,False,,2018-04-01T22:36:23.598460
ACC_006370,Axis,False,,2021-01-11T22:36:23.598465
ACC_006371,HDFC,False,,2024-12-20T22:36:23.598470
ACC_006372,SBI,False,,2017-02-28T22:36:23.598474
ACC_006373,SBI,False,,2017-07-11T22:36:23.598479
ACC_006374,ICICI,False,,2024-10-04T22:36:23.598484
ACC_006375,SBI,False,,2020-09-22T22:36:23.598489
ACC_006376,HDFC,False,,2022-08-11T22:36:23.598493
ACC_006377,SBI,False,,2017-12-23T22:36:23.598498
ACC_006378,Axis,False,,2023-10-05T22:36:23.598503
ACC_006379,HDFC,False,,2022-03-18T22:36:23.598508
ACC_006380,ICICI,False,,2019-05-31T22:36:23.598515
ACC_006381,ICICI,False,,2024-05-18T22:36:23.598520
ACC_006382,ICICI,False,,2020-06-21T22:36:23.598525
ACC_006383,HDFC,False,,2019-05-08T22:36:23.598532
ACC_006384,Axis,False,,2024-09-16T22:36:23.598537
ACC_006385,HDFC,False,,2024-09-07T22:36:23.598542
ACC_006386,SBI,False,,2017-07-08T22:36:23.598547
ACC_006387,HDFC,False,,2023-08-14T22:36:23.598551
ACC_006388,ICICI,False,,2019-01-26T22:36:23.598556
ACC_006389,HDFC,False,,2017-02-06T22:36:23.598561
ACC_006390,SBI,False,,2016-11-08T22:36:23.598565
ACC_006391,HDFC,False,,2023-04-06T22:36:23.598570
ACC_006392,ICICI,False,,2020-07-15T22:36:23.598575
ACC_006393,HDFC,False,,2017-07-30T22:36:23.598580
ACC_006394,SBI,False,,2022-04-01T22:36:23.598584
ACC_006395,SBI,False,,2017-04-26T22:36:23.598589
ACC_006396,SBI,False,,2022-03-21T22:36:23.598594
ACC_006397,HDFC,False,,2021-06-12T22:36:23.598599
ACC_006398,ICICI,False,,2023-09-14T22:36:23.598603
ACC_006399,ICICI,False,,2024-02-15T22:36:23.598608
ACC_006400,ICICI,False,,2021-01-21T22:36:23.598613
ACC_006401,SBI,False,,2023-08-03T22:36:23.598617
ACC_006402,ICICI,False,,2023-06-19T22:36:23.598622
ACC_006403,SBI,False,,2022-05-23T22:36:23.598627
ACC_006404,ICICI,False,,2017-11-16T22:36:23.598632
ACC_006405,Axis,False,,2022-09-25T22:36:23.598636
ACC_006406,HDFC,False,,2020-03-16T22:36:23.598641
ACC_006407,ICICI,False,,2019-03-18T22:36:23.598645
ACC_006408,ICICI,False,,2021-10-15T22:36:23.598650
ACC_006409,Axis,False,,2018-08-16T22:36:23.598655
ACC_006410,SBI,False,,2025-04-15T22:36:23.598660
ACC_006411,Axis,False,,2023-12-15T22:36:23.598667
ACC_006412,SBI,False,,2017-10-28T22:36:23.598672
ACC_006413,Axis,False,,2021-10-23T22:36:23.598677
ACC_006414,ICICI,False,,2023-05-17T22:36:23.598684
ACC_006415,ICICI,False,,2017-11-08T22:36:23.598692
ACC_006416,ICICI,False,,2024-09-06T22:36:23.598698
ACC_006417,SBI,False,,2022-10-21T22:36:23.598702
ACC_006418,SBI,False,,2020-06-15T22:36:23.598707
ACC_006419,ICICI,False,,2025-05-07T22:36:23.598712
ACC_006420,HDFC,False,,2019-11-26T22:36:23.598716
ACC_006421,SBI,False,,2020-05-15T22:36:23.598721
ACC_006422,SBI,False,,2020-06-17T22:36:23.598726
ACC_006423,ICICI,False,,2021-07-11T22:36:23.598730
ACC_006424,Axis,False,,2018-04-26T22:36:23.598735
ACC_006425,HDFC,False,,2022-01-31T22:36:23.598740
ACC_006426,HDFC,False,,2018-08-22T22:36:23.598745
ACC_006427,ICICI,False,,2025-08-11T22:36:23.598749
ACC_006428,SBI,False,,2020-12-21T22:36:23.598754
ACC_006429,Axis,False,,2021-12-12T22:36:23.598759
ACC_006430,ICICI,False,,2018-06-08T22:36:23.598763
ACC_006431,HDFC,False,,2023-08-08T22:36:23.598768
ACC_006432,ICICI,False,,2022-04-07T22:36:23.598773
ACC_006433,SBI,False,,2020-06-18T22:36:23.598778
ACC_006434,SBI,False,,2017-04-07T22:36:23.598783
ACC_006435,HDFC,False,,2020-10-10T22:36:23.598788
ACC_006436,Axis,False,,2019-01-16T22:36:23.598792
ACC_006437,Axis,False,,2017-07-03T22:36:23.598797
ACC_006438,Axis,False,,2020-05-22T22:36:23.598802
ACC_006439,SBI,False,,2022-11-13T22:36:23.598807
ACC_006440,ICICI,False,,2018-12-17T22:36:23.598811
ACC_006441,ICICI,False,,2020-04-15T22:36:23.598816
ACC_006442,Axis,False,,2022-05-02T22:36:23.598821
ACC_006443,HDFC,False,,2023-01-27T22:36:23.598828
ACC_006444,HDFC,False,,2020-12-23T22:36:23.598833
ACC_006445,Axis,False,,2017-01-07T22:36:23.598838
ACC_006446,ICICI,False,,2019-03-23T22:36:23.598845
ACC_006447,Axis,False,,2019-01-18T22:36:23.598850
ACC_006448,HDFC,False,,2023-11-11T22:36:23.598854
ACC_006449,SBI,False,,2022-04-30T22:36:23.598859
ACC_006450,SBI,False,,2019-05-01T22:36:23.598865
ACC_006451,SBI,False,,2024-03-29T22:36:23.598869
ACC_006452,ICICI,False,,2016-11-09T22:36:23.598874
ACC_006453,HDFC,False,,2024-09-07T22:36:23.598879
ACC_006454,ICICI,False,,2016-10-22T22:36:23.598884
ACC_006455,SBI,False,,2016-09-17T22:36:23.598888
ACC_006456,ICICI,False,,2020-07-22T22:36:23.598893
ACC_006457,Axis,False,,2023-11-05T22:36:23.598898
ACC_006458,Axis,False,,2025-09-09T22:36:23.598902
ACC_006459,SBI,False,,2023-06-15T22:36:23.598907
ACC_006460,SBI,False,,2022-04-27T22:36:23.598912
ACC_006461,ICICI,False,,2024-10-18T22:36:23.598917
ACC_006462,SBI,False,,2023-01-19T22:36:23.598921
ACC_006463,SBI,False,,2020-10-20T22:36:23.598926
ACC_006464,HDFC,False,,2017-07-30T22:36:23.598930
ACC_006465,SBI,False,,2023-12-21T22:36:23.598937
ACC_006466,ICICI,False,,2025-08-23T22:36:23.598942
ACC_006467,Axis,False,,2023-11-30T22:36:23.598947
ACC_006468,ICICI,False,,2024-07-30T22:36:23.598952
ACC_006469,Axis,False,,2019-07-14T22:36:23.598956
ACC_006470,Axis,False,,2017-11-11T22:36:23.598961
ACC_006471,SBI,False,,2020-05-27T22:36:23.598966
ACC_006472,Axis,False,,2020-07-02T22:36:23.598971
ACC_006473,SBI,False,,2017-02-21T22:36:23.598975
ACC_006474,HDFC,False,,2021-05-09T22:36:23.598980
ACC_006475,SBI,False,,2022-02-17T22:36:23.598988
ACC_006476,SBI,False,,2021-03-20T22:36:23.598993
ACC_006477,ICICI,False,,2022-07-11T22:36:23.598997
ACC_006478,Axis,False,,2019-01-02T22:36:23.599005
ACC_006479,Axis,False,,2019-09-17T22:36:23.599010
ACC_006480,HDFC,False,,2021-10-23T22:36:23.599014
ACC_006481,Axis,False,,2018-03-10T22:36:23.599019
ACC_006482,HDFC,False,,2023-03-19T22:36:23.599024
ACC_006483,SBI,False,,2017-02-01T22:36:23.599029
ACC_006484,SBI,False,,2021-07-24T22:36:23.599033
ACC_006485,ICICI,False,,2021-11-20T22:36:23.599038
ACC_006486,HDFC,False,,2018-11-08T22:36:23.599043
ACC_006487,Axis,False,,2024-10-31T22:36:23.599047
ACC_006488,SBI,False,,2024-02-25T22:36:23.599052
ACC_006489,Axis,False,,2023-08-05T22:36:23.599057
ACC_006490,HDFC,False,,2023-05-01T22:36:23.599062
ACC_006491,ICICI,False,,2020-10-25T22:36:23.599066
ACC_006492,HDFC,False,,2021-11-22T22:36:23.599071
ACC_006493,Axis,False,,2018-05-14T22:36:23.599076
ACC_006494,SBI,False,,2020-12-04T22:36:23.599080
ACC_006495,SBI,False,,2022-07-03T22:36:23.599085
ACC_006496,ICICI,False,,2021-05-12T22:36:23.599090
ACC_006497,Axis,False,,2025-04-23T22:36:23.599094
ACC_006498,ICICI,False,,2020-12-20T22:36:23.599099
ACC_006499,SBI,False,,2023-11-13T22:36:23.599104
ACC_006500,Axis,False,,2018-01-18T22:36:23.599109
ACC_006501,HDFC,False,,2020-06-26T22:36:23.599114
ACC_006502,HDFC,False,,2021-10-25T22:36:23.599118
ACC_006503,HDFC,False,,2018-05-06T22:36:23.599123
ACC_006504,Axis,False,,2025-07-24T22:36:23.599128
ACC_006505,SBI,False,,2022-02-14T22:36:23.599133
ACC_006506,SBI,False,,2019-04-04T22:36:23.599137
ACC_006507,Axis,False,,2018-01-01T22:36:23.599146
ACC_006508,Axis,False,,2025-07-27T22:36:23.599151
ACC_006509,Axis,False,,2018-05-14T22:36:23.599156
ACC_006510,Axis,False,,2020-12-17T22:36:23.599163
ACC_006511,HDFC,False,,2022-04-21T22:36:23.599168
ACC_006512,Axis,False,,2022-10-19T22:36:23.599173
ACC_006513,HDFC,False,,2018-12-06T22:36:23.599178
ACC_006514,Axis,False,,2020-01-26T22:36:23.599183
ACC_006515,ICICI,False,,2016-12-10T22:36:23.599188
ACC_006516,Axis,False,,2017-09-18T22:36:23.599195
ACC_006517,ICICI,False,,2019-09-13T22:36:23.599200
ACC_006518,ICICI,False,,2024-06-12T22:36:23.599204
ACC_006519,SBI,False,,2020-12-11T22:36:23.599209
ACC_006520,Axis,False,,2018-02-18T22:36:23.599214
ACC_006521,HDFC,False,,2024-01-06T22:36:23.599219
ACC_006522,HDFC,False,,2021-12-02T22:36:23.599224
ACC_006523,ICICI,False,,2023-06-26T22:36:23.599229
ACC_006524,Axis,False,,2020-10-27T22:36:23.599234
ACC_006525,HDFC,False,,2020-06-27T22:36:23.599238
ACC_006526,ICICI,False,,2025-04-02T22:36:23.599243
ACC_006527,HDFC,False,,2020-03-17T22:36:23.599248
ACC_006528,Axis,False,,2021-08-01T22:36:23.599253
ACC_006529,HDFC,False,,2018-12-24T22:36:23.599257
ACC_006530,ICICI,False,,2022-11-14T22:36:23.599262
ACC_006531,Axis,False,,2021-11-30T22:36:23.599267
ACC_006532,ICICI,False,,2017-02-06T22:36:23.599272
ACC_006533,HDFC,False,,2019-08-12T22:36:23.599276
ACC_006534,ICICI,False,,2023-09-11T22:36:23.599281
ACC_006535,ICICI,False,,2021-09-12T22:36:23.599286
ACC_006536,Axis,False,,2025-07-03T22:36:23.599290
ACC_006537,Axis,False,,2022-01-22T22:36:23.599295
ACC_006538,ICICI,False,,2018-07-27T22:36:23.599302
ACC_006539,HDFC,False,,2019-01-07T22:36:23.599307
ACC_006540,HDFC,False,,2021-09-10T22:36:23.599311
ACC_006541,HDFC,False,,2019-09-28T22:36:23.599316
ACC_006542,Axis,False,,2022-11-29T22:36:23.599323
ACC_006543,SBI,False,,2024-10-03T22:36:23.599328
ACC_006544,HDFC,False,,2024-04-14T22:36:23.599333
ACC_006545,SBI,False,,2018-08-08T22:36:23.599337
ACC_006546,Axis,False,,2020-11-12T22:36:23.599342
ACC_006547,ICICI,False,,2021-10-29T22:36:23.599347
ACC_006548,Axis,False,,2017-12-21T22:36:23.599351
ACC_006549,SBI,False,,2017-06-25T22:36:23.599356
ACC_006550,Axis,False,,2025-03-30T22:36:23.599361
ACC_006551,HDFC,False,,2022-01-14T22:36:23.599366
ACC_006552,ICICI,False,,2025-04-09T22:36:23.599371
ACC_006553,SBI,False,,2018-11-13T22:36:23.599375
ACC_006554,HDFC,False,,2021-06-01T22:36:23.599380
ACC_006555,HDFC,False,,2021-11-29T22:36:23.599385
ACC_006556,ICICI,False,,2020-12-17T22:36:23.599390
ACC_006557,Axis,False,,2025-06-13T22:36:23.599395
ACC_006558,SBI,False,,2017-04-29T22:36:23.599400
ACC_006559,ICICI,False,,2017-08-10T22:36:23.599404
ACC_006560,HDFC,False,,2020-11-02T22:36:23.599409
ACC_006561,HDFC,False,,2016-10-19T22:36:23.599414
ACC_006562,SBI,False,,2019-04-19T22:36:23.599422
ACC_006563,ICICI,False,,2022-04-20T22:36:23.599427
ACC_006564,SBI,False,,2017-11-30T22:36:23.599432
ACC_006565,HDFC,False,,2021-07-03T22:36:23.599437
ACC_006566,Axis,False,,2023-04-15T22:36:23.599442
ACC_006567,Axis,False,,2022-08-14T22:36:23.599449
ACC_006568,SBI,False,,2022-08-06T22:36:23.599454
ACC_006569,HDFC,False,,2018-12-02T22:36:23.599459
ACC_006570,Axis,False,,2023-09-01T22:36:23.599466
ACC_006571,ICICI,False,,2022-08-23T22:36:23.599471
ACC_006572,HDFC,False,,2021-02-18T22:36:23.599476
ACC_006573,SBI,False,,2025-06-28T22:36:23.599480
ACC_006574,Axis,False,,2018-05-01T22:36:23.599488
ACC_006575,SBI,False,,2022-08-14T22:36:23.599493
ACC_006576,ICICI,False,,2020-07-06T22:36:23.599498
ACC_006577,ICICI,False,,2024-08-11T22:36:23.599503
ACC_006578,SBI,False,,2023-03-07T22:36:23.599507
ACC_006579,HDFC,False,,2017-09-30T22:36:23.599512
ACC_006580,ICICI,False,,2023-03-22T22:36:23.599517
ACC_006581,HDFC,False,,2018-11-04T22:36:23.599521
ACC_006582,ICICI,False,,2017-07-14T22:36:23.599526
ACC_006583,Axis,False,,2019-02-08T22:36:23.599531
ACC_006584,Axis,False,,2018-07-31T22:36:23.599536
ACC_006585,ICICI,False,,2019-08-18T22:36:23.599540
ACC_006586,Axis,False,,2020-05-13T22:36:23.599545
ACC_006587,HDFC,False,,2021-11-08T22:36:23.599550
ACC_006588,ICICI,False,,2022-02-11T22:36:23.599554
ACC_006589,ICICI,False,,2020-09-18T22:36:23.599559
ACC_006590,SBI,False,,2020-07-08T22:36:23.599563
ACC_006591,Axis,False,,2023-05-04T22:36:23.599568
ACC_006592,SBI,False,,2018-02-25T22:36:23.599573
ACC_006593,Axis,False,,2022-10-31T22:36:23.599578
ACC_006594,Axis,False,,2025-05-03T22:36:23.599582
ACC_006595,HDFC,False,,2018-08-14T22:36:23.599587
ACC_006596,Axis,False,,2019-05-28T22:36:23.599592
ACC_006597,ICICI,False,,2024-10-07T22:36:23.599597
ACC_006598,SBI,False,,2017-04-24T22:36:23.599601
ACC_006599,ICICI,False,,2022-04-16T22:36:23.599606
ACC_006600,ICICI,False,,2017-04-12T22:36:23.599611
ACC_006601,ICICI,False,,2020-08-20T22:36:23.599615
ACC_006602,Axis,False,,2025-05-14T22:36:23.599622
ACC_006603,SBI,False,,2018-09-10T22:36:23.599627
ACC_006604,SBI,False,,2018-09-13T22:36:23.599632
ACC_006605,ICICI,False,,2019-05-14T22:36:23.599636
ACC_006606,Axis,False,,2021-01-15T22:36:23.599644
ACC_006607,HDFC,False,,2017-04-10T22:36:23.599648
ACC_006608,ICICI,False,,2019-06-17T22:36:23.599653
ACC_006609,Axis,False,,2023-01-25T22:36:23.599658
ACC_006610,Axis,False,,2019-09-03T22:36:23.599662
ACC_006611,SBI,False,,2021-06-15T22:36:23.599667
ACC_006612,HDFC,False,,2024-08-11T22:36:23.599672
ACC_006613,Axis,False,,2023-04-02T22:36:23.599677
ACC_006614,SBI,False,,2024-06-16T22:36:23.599681
ACC_006615,ICICI,False,,2023-09-12T22:36:23.599686
ACC_006616,SBI,False,,2017-02-05T22:36:23.599691
ACC_006617,Axis,False,,2019-07-13T22:36:23.599696
ACC_006618,Axis,False,,2021-10-02T22:36:23.599701
ACC_006619,SBI,False,,2021-01-04T22:36:23.599708
ACC_006620,ICICI,False,,2022-02-12T22:36:23.599714
ACC_006621,ICICI,False,,2018-08-19T22:36:23.599719
ACC_006622,HDFC,False,,2018-04-02T22:36:23.599724
ACC_006623,ICICI,False,,2020-01-25T22:36:23.599729
ACC_006624,Axis,False,,2023-03-05T22:36:23.599734
ACC_006625,Axis,False,,2020-02-25T22:36:23.599738
ACC_006626,Axis,False,,2022-06-28T22:36:23.599743
ACC_006627,Axis,False,,2023-12-10T22:36:23.599748
ACC_006628,SBI,False,,2021-03-19T22:36:23.599753
ACC_006629,ICICI,False,,2025-08-30T22:36:23.599757
ACC_006630,ICICI,False,,2017-02-22T22:36:23.599763
ACC_006631,Axis,False,,2018-05-05T22:36:23.599768
ACC_006632,SBI,False,,2018-01-13T22:36:23.599773
ACC_006633,HDFC,False,,2021-05-26T22:36:23.599778
ACC_006634,Axis,False,,2021-01-03T22:36:23.599785
ACC_006635,Axis,False,,2023-08-01T22:36:23.599791
ACC_006636,HDFC,False,,2018-10-05T22:36:23.599796
ACC_006637,SBI,False,,2024-02-23T22:36:23.599800
ACC_006638,HDFC,False,,2018-12-23T22:36:23.599808
ACC_006639,Axis,False,,2025-06-11T22:36:23.599813
ACC_006640,ICICI,False,,2018-11-11T22:36:23.599818
ACC_006641,SBI,False,,2023-11-01T22:36:23.599823
ACC_006642,Axis,False,,2018-01-09T22:36:23.599828
ACC_006643,HDFC,False,,2021-07-19T22:36:23.599832
ACC_006644,HDFC,False,,2017-05-14T22:36:23.599837
ACC_006645,Axis,False,,2019-07-05T22:36:23.599842
ACC_006646,SBI,False,,2023-11-21T22:36:23.599847
ACC_006647,Axis,False,,2021-07-24T22:36:23.599852
ACC_006648,SBI,False,,2023-09-26T22:36:23.599882
ACC_006649,Axis,False,,2017-09-15T22:36:23.599897
ACC_006650,SBI,False,,2022-01-30T22:36:23.599905
ACC_006651,SBI,False,,2022-05-31T22:36:23.599911
ACC_006652,HDFC,False,,2025-05-09T22:36:23.599916
ACC_006653,SBI,False,,2019-03-23T22:36:23.599921
ACC_006654,Axis,False,,2020-07-20T22:36:23.599926
ACC_006655,SBI,False,,2018-01-12T22:36:23.599931
ACC_006656,Axis,False,,2022-12-27T22:36:23.599936
ACC_006657,SBI,False,,2020-07-11T22:36:23.599941
ACC_006658,HDFC,False,,2018-12-04T22:36:23.599945
ACC_006659,ICICI,False,,2023-11-30T22:36:23.599950
ACC_006660,SBI,False,,2020-07-07T22:36:23.599955
ACC_006661,HDFC,False,,2025-08-15T22:36:23.599960
ACC_006662,HDFC,False,,2018-01-19T22:36:23.599965
ACC_006663,Axis,False,,2019-11-15T22:36:23.599969
ACC_006664,Axis,False,,2021-05-18T22:36:23.599974
ACC_006665,HDFC,False,,2016-12-01T22:36:23.599985
ACC_006666,Axis,False,,2022-10-13T22:36:23.599990
ACC_006667,HDFC,False,,2017-09-03T22:36:23.599994
ACC_006668,HDFC,False,,2020-10-12T22:36:23.600002
ACC_006669,Axis,False,,2017-07-23T22:36:23.600012
ACC_006670,HDFC,False,,2022-06-01T22:36:23.600017
ACC_006671,Axis,False,,2017-07-26T22:36:23.600053
ACC_006672,HDFC,False,,2021-08-16T22:36:23.600062
ACC_006673,Axis,False,,2017-08-30T22:36:23.600068
ACC_006674,Axis,False,,2020-11-22T22:36:23.600074
ACC_006675,HDFC,False,,2024-07-15T22:36:23.600079
ACC_006676,SBI,False,,2022-10-03T22:36:23.600084
ACC_006677,HDFC,False,,2017-08-08T22:36:23.600090
ACC_006678,SBI,False,,2021-08-03T22:36:23.600094
ACC_006679,Axis,False,,2018-05-03T22:36:23.600099
ACC_006680,ICICI,False,,2024-02-09T22:36:23.600104
ACC_006681,SBI,False,,2016-10-11T22:36:23.600109
ACC_006682,Axis,False,,2023-05-06T22:36:23.600114
ACC_006683,ICICI,False,,2024-08-11T22:36:23.600118
ACC_006684,ICICI,False,,2018-07-02T22:36:23.600123
ACC_006685,HDFC,False,,2020-07-24T22:36:23.600128
ACC_006686,Axis,False,,2017-04-05T22:36:23.600132
ACC_006687,SBI,False,,2017-03-18T22:36:23.600137
ACC_006688,ICICI,False,,2021-11-10T22:36:23.600142
ACC_006689,ICICI,False,,2017-12-21T22:36:23.600146
ACC_006690,Axis,False,,2021-12-28T22:36:23.600151
ACC_006691,Axis,False,,2017-11-08T22:36:23.600156
ACC_006692,ICICI,False,,2019-04-30T22:36:23.600160
ACC_006693,ICICI,False,,2019-01-13T22:36:23.600165
ACC_006694,HDFC,False,,2017-02-28T22:36:23.600170
ACC_006695,SBI,False,,2024-01-15T22:36:23.600174
ACC_006696,ICICI,False,,2025-05-29T22:36:23.600179
ACC_006697,SBI,False,,2021-07-16T22:36:23.600190
ACC_006698,ICICI,False,,2017-09-11T22:36:23.600195
ACC_006699,ICICI,False,,2022-04-05T22:36:23.600199
ACC_006700,SBI,False,,2019-05-02T22:36:23.600204
ACC_006701,ICICI,False,,2020-05-15T22:36:23.600211
ACC_006702,Axis,False,,2018-02-24T22:36:23.600222
ACC_006703,ICICI,False,,2023-12-20T22:36:23.600228
ACC_006704,SBI,False,,2024-01-21T22:36:23.600233
ACC_006705,ICICI,False,,2021-05-23T22:36:23.600237
ACC_006706,ICICI,False,,2018-07-23T22:36:23.600242
ACC_006707,SBI,False,,2025-05-21T22:36:23.600247
ACC_006708,SBI,False,,2019-02-28T22:36:23.600252
ACC_006709,ICICI,False,,2024-01-14T22:36:23.600256
ACC_006710,HDFC,False,,2022-10-16T22:36:23.600261
ACC_006711,ICICI,False,,2017-08-12T22:36:23.600266
ACC_006712,Axis,False,,2020-05-08T22:36:23.600271
ACC_006713,SBI,False,,2021-11-03T22:36:23.600275
ACC_006714,SBI,False,,2019-02-12T22:36:23.600280
ACC_006715,ICICI,False,,2019-10-31T22:36:23.600285
ACC_006716,ICICI,False,,2021-06-17T22:36:23.600290
ACC_006717,Axis,False,,2018-06-06T22:36:23.600295
ACC_006718,SBI,False,,2019-10-23T22:36:23.600299
ACC_006719,Axis,False,,2023-09-25T22:36:23.600304
ACC_006720,Axis,False,,2021-06-10T22:36:23.600311
ACC_006721,HDFC,False,,2018-03-14T22:36:23.600316
ACC_006722,HDFC,False,,2021-11-10T22:36:23.600321
ACC_006723,SBI,False,,2022-03-26T22:36:23.600326
ACC_006724,SBI,False,,2023-03-09T22:36:23.600331
ACC_006725,SBI,False,,2022-07-31T22:36:23.600335
ACC_006726,HDFC,False,,2018-05-30T22:36:23.600340
ACC_006727,SBI,False,,2021-09-13T22:36:23.600345
ACC_006728,Axis,False,,2020-07-19T22:36:23.600350
ACC_006729,HDFC,False,,2017-05-01T22:36:23.600357
ACC_006730,SBI,False,,2017-05-21T22:36:23.600362
ACC_006731,SBI,False,,2021-08-15T22:36:23.600367
ACC_006732,HDFC,False,,2021-03-25T22:36:23.600372
ACC_006733,HDFC,False,,2022-01-02T22:36:23.600379
ACC_006734,HDFC,False,,2022-08-28T22:36:23.600384
ACC_006735,HDFC,False,,2016-10-01T22:36:23.600389
ACC_006736,HDFC,False,,2020-09-09T22:36:23.600394
ACC_006737,SBI,False,,2022-12-15T22:36:23.600399
ACC_006738,ICICI,False,,2016-10-04T22:36:23.600403
ACC_006739,SBI,False,,2017-12-18T22:36:23.600408
ACC_006740,SBI,False,,2023-02-20T22:36:23.600413
ACC_006741,Axis,False,,2023-09-17T22:36:23.600417
ACC_006742,HDFC,False,,2018-11-13T22:36:23.600422
ACC_006743,ICICI,False,,2019-07-06T22:36:23.600427
ACC_006744,ICICI,False,,2024-09-03T22:36:23.600431
ACC_006745,SBI,False,,2017-06-23T22:36:23.600436
ACC_006746,HDFC,False,,2024-03-19T22:36:23.600440
ACC_006747,ICICI,False,,2025-01-06T22:36:23.600445
ACC_006748,SBI,False,,2023-02-23T22:36:23.600450
ACC_006749,SBI,False,,2019-02-18T22:36:23.600455
ACC_006750,Axis,False,,2020-06-29T22:36:23.600460
ACC_006751,HDFC,False,,2019-09-05T22:36:23.600464
ACC_006752,HDFC,False,,2022-02-14T22:36:23.600469
ACC_006753,HDFC,False,,2023-07-01T22:36:23.600474
ACC_006754,Axis,False,,2024-05-24T22:36:23.600479
ACC_006755,Axis,False,,2024-10-06T22:36:23.600483
ACC_006756,Axis,False,,2023-06-27T22:36:23.600488
ACC_006757,HDFC,False,,2019-08-14T22:36:23.600493
ACC_006758,SBI,False,,2018-12-28T22:36:23.600497
ACC_006759,Axis,False,,2022-05-03T22:36:23.600502
ACC_006760,HDFC,False,,2019-03-06T22:36:23.600507
ACC_006761,Axis,False,,2024-06-13T22:36:23.600514
ACC_006762,Axis,False,,2016-12-24T22:36:23.600519
ACC_006763,SBI,False,,2019-02-04T22:36:23.600524
ACC_006764,Axis,False,,2025-09-10T22:36:23.600529
ACC_006765,ICICI,False,,2017-03-28T22:36:23.600536
ACC_006766,Axis,False,,2018-12-15T22:36:23.600541
ACC_006767,ICICI,False,,2020-03-05T22:36:23.600546
ACC_006768,SBI,False,,2022-01-05T22:36:23.600551
ACC_006769,Axis,False,,2019-12-07T22:36:23.600556
ACC_006770,ICICI,False,,2018-06-18T22:36:23.600560
ACC_006771,ICICI,False,,2022-09-26T22:36:23.600567
ACC_006772,SBI,False,,2021-11-15T22:36:23.600572
ACC_006773,ICICI,False,,2018-02-05T22:36:23.600577
ACC_006774,ICICI,False,,2018-09-06T22:36:23.600582
ACC_006775,Axis,False,,2024-06-13T22:36:23.600586
ACC_006776,SBI,False,,2020-03-25T22:36:23.600591
ACC_006777,HDFC,False,,2022-02-13T22:36:23.600596
ACC_006778,Axis,False,,2020-02-21T22:36:23.600601
ACC_006779,SBI,False,,2023-09-11T22:36:23.600605
ACC_006780,HDFC,False,,2017-03-04T22:36:23.600610
ACC_006781,Axis,False,,2018-02-25T22:36:23.600615
ACC_006782,ICICI,False,,2024-08-21T22:36:23.600619
ACC_006783,Axis,False,,2021-11-10T22:36:23.600624
ACC_006784,SBI,False,,2023-07-13T22:36:23.600629
ACC_006785,HDFC,False,,2017-02-22T22:36:23.600634
ACC_006786,SBI,False,,2023-04-23T22:36:23.600639
ACC_006787,ICICI,False,,2020-01-27T22:36:23.600643
ACC_006788,ICICI,False,,2022-02-10T22:36:23.600648
ACC_006789,Axis,False,,2024-07-18T22:36:23.600653
ACC_006790,ICICI,False,,2018-11-12T22:36:23.600657
ACC_006791,SBI,False,,2019-04-19T22:36:23.600662
ACC_006792,SBI,False,,2022-01-25T22:36:23.600669
ACC_006793,SBI,False,,2023-07-19T22:36:23.600674
ACC_006794,Axis,False,,2016-11-20T22:36:23.600679
ACC_006795,SBI,False,,2023-12-06T22:36:23.600683
ACC_006796,SBI,False,,2022-01-18T22:36:23.600688
ACC_006797,Axis,False,,2018-05-16T22:36:23.600695
ACC_006798,Axis,False,,2016-12-15T22:36:23.600700
ACC_006799,ICICI,False,,2023-02-19T22:36:23.600705
ACC_006800,ICICI,False,,2020-05-28T22:36:23.600709
ACC_006801,ICICI,False,,2021-07-17T22:36:23.600714
ACC_006802,SBI,False,,2022-04-07T22:36:23.600719
ACC_006803,ICICI,False,,2017-07-20T22:36:23.600724
ACC_006804,ICICI,False,,2017-05-05T22:36:23.600728
ACC_006805,ICICI,False,,2020-08-27T22:36:23.600733
ACC_006806,ICICI,False,,2020-12-05T22:36:23.600738
ACC_006807,Axis,False,,2017-02-23T22:36:23.600742
ACC_006808,Axis,False,,2025-08-20T22:36:23.600747
ACC_006809,Axis,False,,2025-01-29T22:36:23.600752
ACC_006810,Axis,False,,2021-09-25T22:36:23.600757
ACC_006811,SBI,False,,2020-07-29T22:36:23.600761
ACC_006812,ICICI,False,,2025-06-25T22:36:23.600766
ACC_006813,SBI,False,,2023-05-12T22:36:23.600771
ACC_006814,ICICI,False,,2022-05-24T22:36:23.600775
ACC_006815,ICICI,False,,2025-06-08T22:36:23.600780
ACC_006816,ICICI,False,,2020-11-26T22:36:23.600785
ACC_006817,Axis,False,,2022-01-17T22:36:23.600789
ACC_006818,SBI,False,,2016-10-03T22:36:23.600794
ACC_006819,SBI,False,,2018-10-10T22:36:23.600799
ACC_006820,Axis,False,,2022-08-17T22:36:23.600804
ACC_006821,HDFC,False,,2024-11-12T22:36:23.600808
ACC_006822,SBI,False,,2023-11-25T22:36:23.600813
ACC_006823,ICICI,False,,2017-08-05T22:36:23.600821
ACC_006824,Axis,False,,2017-08-11T22:36:23.600828
ACC_006825,Axis,False,,2025-03-08T22:36:23.600834
ACC_006826,Axis,False,,2017-12-26T22:36:23.600839
ACC_006827,Axis,False,,2022-11-24T22:36:23.600844
ACC_006828,ICICI,False,,2018-11-23T22:36:23.600848
ACC_006829,Axis,False,,2025-01-13T22:36:23.600857
ACC_006830,HDFC,False,,2025-01-26T22:36:23.600862
ACC_006831,ICICI,False,,2022-08-09T22:36:23.600867
ACC_006832,ICICI,False,,2020-10-14T22:36:23.600871
ACC_006833,ICICI,False,,2024-06-15T22:36:23.600876
ACC_006834,Axis,False,,2024-03-11T22:36:23.600881
ACC_006835,HDFC,False,,2022-01-22T22:36:23.600886
ACC_006836,Axis,False,,2023-12-31T22:36:23.600890
ACC_006837,SBI,False,,2019-02-01T22:36:23.600895
ACC_006838,ICICI,False,,2019-04-06T22:36:23.600900
ACC_006839,SBI,False,,2019-05-26T22:36:23.600905
ACC_006840,HDFC,False,,2020-10-13T22:36:23.600909
ACC_006841,SBI,False,,2022-01-09T22:36:23.600914
ACC_006842,ICICI,False,,2019-06-16T22:36:23.600919
ACC_006843,ICICI,False,,2017-12-19T22:36:23.600923
ACC_006844,HDFC,False,,2024-02-15T22:36:23.600928
ACC_006845,HDFC,False,,2016-11-19T22:36:23.600933
ACC_006846,ICICI,False,,2021-08-25T22:36:23.600938
ACC_006847,Axis,False,,2017-04-27T22:36:23.600943
ACC_006848,SBI,False,,2023-08-20T22:36:23.600948
ACC_006849,ICICI,False,,2020-06-12T22:36:23.600952
ACC_006850,SBI,False,,2020-07-13T22:36:23.600957
ACC_006851,ICICI,False,,2021-12-18T22:36:23.600962
ACC_006852,SBI,False,,2018-02-06T22:36:23.600966
ACC_006853,ICICI,False,,2022-11-02T22:36:23.600971
ACC_006854,HDFC,False,,2024-02-16T22:36:23.600976
ACC_006855,HDFC,False,,2018-07-01T22:36:23.600980
ACC_006856,Axis,False,,2020-11-27T22:36:23.600988
ACC_006857,Axis,False,,2020-03-30T22:36:23.600992
ACC_006858,HDFC,False,,2019-10-10T22:36:23.600997
ACC_006859,HDFC,False,,2019-12-15T22:36:23.601002
ACC_006860,ICICI,False,,2025-07-08T22:36:23.601007
ACC_006861,Axis,False,,2025-05-04T22:36:23.601014
ACC_006862,ICICI,False,,2016-11-02T22:36:23.601020
ACC_006863,Axis,False,,2022-07-13T22:36:23.601025
ACC_006864,ICICI,False,,2018-08-02T22:36:23.601030
ACC_006865,HDFC,False,,2017-06-18T22:36:23.601035
ACC_006866,HDFC,False,,2019-05-12T22:36:23.601039
ACC_006867,HDFC,False,,2019-06-10T22:36:23.601044
ACC_006868,HDFC,False,,2019-09-26T22:36:23.601049
ACC_006869,SBI,False,,2016-09-28T22:36:23.601053
ACC_006870,HDFC,False,,2019-04-07T22:36:23.601058
ACC_006871,Axis,False,,2018-11-10T22:36:23.601063
ACC_006872,SBI,False,,2017-04-08T22:36:23.601067
ACC_006873,HDFC,False,,2017-02-04T22:36:23.601074
ACC_006874,Axis,False,,2022-08-05T22:36:23.601079
ACC_006875,Axis,False,,2020-08-21T22:36:23.601084
ACC_006876,SBI,False,,2018-05-28T22:36:23.601089
ACC_006877,ICICI,False,,2024-11-17T22:36:23.601094
ACC_006878,SBI,False,,2018-06-08T22:36:23.601098
ACC_006879,ICICI,False,,2020-08-10T22:36:23.601103
ACC_006880,Axis,False,,2025-06-17T22:36:23.601108
ACC_006881,Axis,False,,2019-04-03T22:36:23.601113
ACC_006882,ICICI,False,,2025-08-17T22:36:23.601118
ACC_006883,Axis,False,,2025-06-27T22:36:23.601122
ACC_006884,HDFC,False,,2023-03-05T22:36:23.601127
ACC_006885,ICICI,False,,2020-11-28T22:36:23.601132
ACC_006886,SBI,False,,2022-10-18T22:36:23.601136
ACC_006887,SBI,False,,2019-02-23T22:36:23.601141
ACC_006888,ICICI,False,,2019-09-24T22:36:23.601148
ACC_006889,Axis,False,,2018-05-15T22:36:23.601153
ACC_006890,SBI,False,,2017-01-24T22:36:23.601158
ACC_006891,ICICI,False,,2017-09-06T22:36:23.601163
ACC_006892,SBI,False,,2023-08-01T22:36:23.601168
ACC_006893,SBI,False,,2023-05-22T22:36:23.601175
ACC_006894,ICICI,False,,2023-08-31T22:36:23.601180
ACC_006895,HDFC,False,,2025-05-28T22:36:23.601185
ACC_006896,HDFC,False,,2016-12-16T22:36:23.601190
ACC_006897,SBI,False,,2019-08-23T22:36:23.601195
ACC_006898,ICICI,False,,2024-12-03T22:36:23.601199
ACC_006899,ICICI,False,,2022-03-01T22:36:23.601204
ACC_006900,SBI,False,,2018-04-27T22:36:23.601209
ACC_006901,SBI,False,,2023-06-09T22:36:23.601213
ACC_006902,ICICI,False,,2023-11-14T22:36:23.601218
ACC_006903,Axis,False,,2022-08-29T22:36:23.601223
ACC_006904,SBI,False,,2023-04-07T22:36:23.601227
ACC_006905,ICICI,False,,2025-05-24T22:36:23.601232
ACC_006906,SBI,False,,2020-10-08T22:36:23.601237
ACC_006907,HDFC,False,,2021-06-29T22:36:23.601242
ACC_006908,HDFC,False,,2020-09-20T22:36:23.601246
ACC_006909,SBI,False,,2021-06-07T22:36:23.601251
ACC_006910,HDFC,False,,2020-09-08T22:36:23.601256
ACC_006911,Axis,False,,2021-03-22T22:36:23.601261
ACC_006912,SBI,False,,2023-05-24T22:36:23.601265
ACC_006913,Axis,False,,2019-01-30T22:36:23.601270
ACC_006914,HDFC,False,,2024-08-28T22:36:23.601275
ACC_006915,SBI,False,,2020-01-07T22:36:23.601280
ACC_006916,HDFC,False,,2023-11-15T22:36:23.601285
ACC_006917,SBI,False,,2024-05-08T22:36:23.601289
ACC_006918,Axis,False,,2017-05-24T22:36:23.601294
ACC_006919,ICICI,False,,2017-04-17T22:36:23.601301
ACC_006920,ICICI,False,,2021-01-16T22:36:23.601306
ACC_006921,SBI,False,,2023-05-05T22:36:23.601311
ACC_006922,HDFC,False,,2016-09-24T22:36:23.601315
ACC_006923,ICICI,False,,2020-05-04T22:36:23.601320
ACC_006924,ICICI,False,,2019-12-30T22:36:23.601329
ACC_006925,HDFC,False,,2020-07-29T22:36:23.601334
ACC_006926,HDFC,False,,2025-08-14T22:36:23.601339
ACC_006927,Axis,False,,2020-12-27T22:36:23.601344
ACC_006928,Axis,False,,2024-07-30T22:36:23.601349
ACC_006929,ICICI,False,,2021-08-28T22:36:23.601354
ACC_006930,ICICI,False,,2024-12-19T22:36:23.601359
ACC_006931,Axis,False,,2018-05-22T22:36:23.601363
ACC_006932,ICICI,False,,2023-02-16T22:36:23.601368
ACC_006933,HDFC,False,,2018-05-28T22:36:23.601373
ACC_006934,Axis,False,,2020-05-31T22:36:23.601378
ACC_006935,HDFC,False,,2022-08-14T22:36:23.601383
ACC_006936,ICICI,False,,2025-03-11T22:36:23.601388
ACC_006937,SBI,False,,2022-11-28T22:36:23.601392
ACC_006938,SBI,False,,2019-05-15T22:36:23.601397
ACC_006939,HDFC,False,,2024-04-06T22:36:23.601402
ACC_006940,SBI,False,,2024-02-16T22:36:23.601406
ACC_006941,Axis,False,,2017-02-24T22:36:23.601411
ACC_006942,HDFC,False,,2025-01-05T22:36:23.601416
ACC_006943,SBI,False,,2017-05-27T22:36:23.601421
ACC_006944,ICICI,False,,2021-07-13T22:36:23.601426
ACC_006945,Axis,False,,2023-12-07T22:36:23.601430
ACC_006946,Axis,False,,2023-10-07T22:36:23.601435
ACC_006947,SBI,False,,2019-11-19T22:36:23.601440
ACC_006948,SBI,False,,2017-05-18T22:36:23.601445
ACC_006949,SBI,False,,2021-08-09T22:36:23.601449
ACC_006950,HDFC,False,,2016-11-17T22:36:23.601454
ACC_006951,SBI,False,,2025-05-13T22:36:23.601461
ACC_006952,Axis,False,,2023-05-31T22:36:23.601466
ACC_006953,ICICI,False,,2021-03-04T22:36:23.601471
ACC_006954,ICICI,False,,2022-09-22T22:36:23.601476
ACC_006955,ICICI,False,,2025-05-19T22:36:23.601481
ACC_006956,HDFC,False,,2021-12-24T22:36:23.601488
ACC_006957,HDFC,False,,2020-06-03T22:36:23.601493
ACC_006958,HDFC,False,,2017-06-16T22:36:23.601497
ACC_006959,SBI,False,,2021-02-16T22:36:23.601502
ACC_006960,HDFC,False,,2019-08-26T22:36:23.601507
ACC_006961,Axis,False,,2017-02-23T22:36:23.601512
ACC_006962,SBI,False,,2023-12-05T22:36:23.601517
ACC_006963,HDFC,False,,2025-07-13T22:36:23.601521
ACC_006964,ICICI,False,,2023-03-15T22:36:23.601526
ACC_006965,HDFC,False,,2020-12-28T22:36:23.601531
ACC_006966,HDFC,False,,2024-06-09T22:36:23.601535
ACC_006967,Axis,False,,2020-06-28T22:36:23.601540
ACC_006968,Axis,False,,2019-09-06T22:36:23.601545
ACC_006969,Axis,False,,2024-03-11T22:36:23.601550
ACC_006970,HDFC,False,,2022-03-17T22:36:23.601555
ACC_006971,Axis,False,,2020-06-07T22:36:23.601559
ACC_006972,ICICI,False,,2024-04-05T22:36:23.601564
ACC_006973,ICICI,False,,2018-05-04T22:36:23.601569
ACC_006974,ICICI,False,,2018-10-26T22:36:23.601574
ACC_006975,HDFC,False,,2020-05-04T22:36:23.601581
ACC_006976,Axis,False,,2017-04-21T22:36:23.601586
ACC_006977,SBI,False,,2024-04-15T22:36:23.601591
ACC_006978,SBI,False,,2019-12-05T22:36:23.601596
ACC_006979,SBI,False,,2024-02-06T22:36:23.601600
ACC_006980,SBI,False,,2018-04-22T22:36:23.601605
ACC_006981,HDFC,False,,2017-05-13T22:36:23.601610
ACC_006982,HDFC,False,,2017-08-28T22:36:23.601614
ACC_006983,Axis,False,,2022-07-14T22:36:23.601622
ACC_006984,HDFC,False,,2022-11-24T22:36:23.601627
ACC_006985,SBI,False,,2022-11-21T22:36:23.601631
ACC_006986,SBI,False,,2017-07-06T22:36:23.601636
ACC_006987,ICICI,False,,2022-01-05T22:36:23.601641
ACC_006988,Axis,False,,2018-03-16T22:36:23.601648
ACC_006989,ICICI,False,,2017-03-06T22:36:23.601654
ACC_006990,SBI,False,,2022-01-08T22:36:23.601658
ACC_006991,Axis,False,,2021-06-30T22:36:23.601663
ACC_006992,SBI,False,,2019-03-15T22:36:23.601668
ACC_006993,HDFC,False,,2017-04-24T22:36:23.601673
ACC_006994,Axis,False,,2018-08-12T22:36:23.601678
ACC_006995,HDFC,False,,2016-10-16T22:36:23.601682
ACC_006996,SBI,False,,2023-08-28T22:36:23.601687
ACC_006997,HDFC,False,,2024-02-05T22:36:23.601692
ACC_006998,HDFC,False,,2016-10-14T22:36:23.601697
ACC_006999,SBI,False,,2023-11-19T22:36:23.601701
ACC_007000,Axis,False,,2022-01-30T22:36:23.601706
ACC_007001,HDFC,False,,2019-04-14T22:36:23.601711
ACC_007002,Axis,False,,2020-04-10T22:36:23.601716
ACC_007003,ICICI,False,,2023-08-05T22:36:23.601720
ACC_007004,Axis,False,,2020-08-18T22:36:23.601725
ACC_007005,SBI,False,,2020-08-13T22:36:23.601730
ACC_007006,ICICI,False,,2019-07-31T22:36:23.601735
ACC_007007,Axis,False,,2024-05-18T22:36:23.601739
ACC_007008,ICICI,False,,2018-05-08T22:36:23.601744
ACC_007009,ICICI,False,,2021-12-01T22:36:23.601749
ACC_007010,SBI,False,,2022-11-02T22:36:23.601754
ACC_007011,ICICI,False,,2020-03-26T22:36:23.601758
ACC_007012,Axis,False,,2018-04-06T22:36:23.601763
ACC_007013,HDFC,False,,2018-03-17T22:36:23.601768
ACC_007014,ICICI,False,,2017-02-20T22:36:23.601773
ACC_007015,ICICI,False,,2024-12-28T22:36:23.601780
ACC_007016,ICICI,False,,2020-11-30T22:36:23.601785
ACC_007017,HDFC,False,,2019-08-10T22:36:23.601790
ACC_007018,SBI,False,,2024-08-21T22:36:23.601795
ACC_007019,SBI,False,,2020-07-27T22:36:23.601799
ACC_007020,HDFC,False,,2024-05-08T22:36:23.601806
ACC_007021,ICICI,False,,2024-04-13T22:36:23.601811
ACC_007022,ICICI,False,,2022-04-04T22:36:23.601816
ACC_007023,Axis,False,,2020-10-22T22:36:23.601821
ACC_007024,HDFC,False,,2020-01-15T22:36:23.601826
ACC_007025,SBI,False,,2021-03-29T22:36:23.601831
ACC_007026,SBI,False,,2024-02-10T22:36:23.601837
ACC_007027,SBI,False,,2016-12-30T22:36:23.601844
ACC_007028,HDFC,False,,2023-06-22T22:36:23.601849
ACC_007029,ICICI,False,,2019-10-22T22:36:23.601854
ACC_007030,SBI,False,,2019-05-22T22:36:23.601859
ACC_007031,HDFC,False,,2016-09-22T22:36:23.601864
ACC_007032,ICICI,False,,2019-08-26T22:36:23.601869
ACC_007033,SBI,False,,2017-12-02T22:36:23.601873
ACC_007034,SBI,False,,2021-07-02T22:36:23.601878
ACC_007035,SBI,False,,2024-07-29T22:36:23.601883
ACC_007036,SBI,False,,2018-07-31T22:36:23.601888
ACC_007037,SBI,False,,2017-04-11T22:36:23.601892
ACC_007038,SBI,False,,2019-08-20T22:36:23.601898
ACC_007039,Axis,False,,2023-06-07T22:36:23.601902
ACC_007040,ICICI,False,,2025-02-24T22:36:23.601907
ACC_007041,Axis,False,,2022-05-17T22:36:23.601912
ACC_007042,Axis,False,,2019-11-06T22:36:23.601917
ACC_007043,Axis,False,,2020-05-10T22:36:23.601922
ACC_007044,Axis,False,,2022-02-02T22:36:23.601926
ACC_007045,SBI,False,,2017-08-10T22:36:23.601931
ACC_007046,ICICI,False,,2025-09-11T22:36:23.601938
ACC_007047,HDFC,False,,2022-11-18T22:36:23.601943
ACC_007048,ICICI,False,,2023-05-11T22:36:23.601948
ACC_007049,HDFC,False,,2025-01-13T22:36:23.601953
ACC_007050,Axis,False,,2024-02-16T22:36:23.601957
ACC_007051,SBI,False,,2020-04-22T22:36:23.601962
ACC_007052,SBI,False,,2017-02-15T22:36:23.601970
ACC_007053,SBI,False,,2021-04-24T22:36:23.601975
ACC_007054,SBI,False,,2018-06-15T22:36:23.601979
ACC_007055,Axis,False,,2021-04-25T22:36:23.601984
ACC_007056,SBI,False,,2022-11-29T22:36:23.601989
ACC_007057,ICICI,False,,2024-11-28T22:36:23.601993
ACC_007058,SBI,False,,2022-08-08T22:36:23.601998
ACC_007059,SBI,False,,2021-03-13T22:36:23.602003
ACC_007060,HDFC,False,,2017-07-23T22:36:23.602008
ACC_007061,SBI,False,,2023-05-23T22:36:23.602012
ACC_007062,Axis,False,,2024-02-07T22:36:23.602017
ACC_007063,ICICI,False,,2017-03-03T22:36:23.602022
ACC_007064,ICICI,False,,2025-07-30T22:36:23.602026
ACC_007065,HDFC,False,,2019-11-11T22:36:23.602031
ACC_007066,ICICI,False,,2019-10-27T22:36:23.602036
ACC_007067,HDFC,False,,2017-01-17T22:36:23.602040
ACC_007068,Axis,False,,2023-02-04T22:36:23.602045
ACC_007069,Axis,False,,2022-05-08T22:36:23.602050
ACC_007070,HDFC,False,,2019-08-19T22:36:23.602054
ACC_007071,Axis,False,,2023-12-23T22:36:23.602059
ACC_007072,HDFC,False,,2017-03-29T22:36:23.602064
ACC_007073,ICICI,False,,2022-08-25T22:36:23.602069
ACC_007074,HDFC,False,,2021-06-03T22:36:23.602073
ACC_007075,ICICI,False,,2024-06-07T22:36:23.602078
ACC_007076,Axis,False,,2020-12-03T22:36:23.602083
ACC_007077,SBI,False,,2017-09-27T22:36:23.602090
ACC_007078,Axis,False,,2017-03-12T22:36:23.602097
ACC_007079,ICICI,False,,2023-03-07T22:36:23.602102
ACC_007080,HDFC,False,,2024-09-15T22:36:23.602107
ACC_007081,ICICI,False,,2022-12-29T22:36:23.602112
ACC_007082,Axis,False,,2017-10-31T22:36:23.602117
ACC_007083,Axis,False,,2020-12-20T22:36:23.602122
ACC_007084,HDFC,False,,2018-07-18T22:36:23.602129
ACC_007085,HDFC,False,,2017-01-24T22:36:23.602133
ACC_007086,ICICI,False,,2017-07-31T22:36:23.602138
ACC_007087,ICICI,False,,2022-11-17T22:36:23.602143
ACC_007088,ICICI,False,,2020-12-29T22:36:23.602148
ACC_007089,ICICI,False,,2021-09-13T22:36:23.602153
ACC_007090,HDFC,False,,2025-07-22T22:36:23.602158
ACC_007091,HDFC,False,,2017-09-14T22:36:23.602162
ACC_007092,Axis,False,,2022-12-23T22:36:23.602167
ACC_007093,Axis,False,,2023-03-21T22:36:23.602172
ACC_007094,Axis,False,,2018-03-27T22:36:23.602177
ACC_007095,ICICI,False,,2024-07-14T22:36:23.602181
ACC_007096,Axis,False,,2019-05-31T22:36:23.602186
ACC_007097,Axis,False,,2018-11-24T22:36:23.602191
ACC_007098,Axis,False,,2025-03-24T22:36:23.602196
ACC_007099,HDFC,False,,2019-01-29T22:36:23.602201
ACC_007100,HDFC,False,,2019-03-31T22:36:23.602206
ACC_007101,HDFC,False,,2024-05-19T22:36:23.602210
ACC_007102,SBI,False,,2021-08-27T22:36:23.602215
ACC_007103,Axis,False,,2021-04-14T22:36:23.602220
ACC_007104,HDFC,False,,2021-10-21T22:36:23.602225
ACC_007105,Axis,False,,2020-07-13T22:36:23.602230
ACC_007106,HDFC,False,,2021-03-24T22:36:23.602235
ACC_007107,Axis,False,,2018-03-13T22:36:23.602240
ACC_007108,HDFC,False,,2023-04-12T22:36:23.602245
ACC_007109,SBI,False,,2025-06-06T22:36:23.602249
ACC_007110,ICICI,False,,2024-08-04T22:36:23.602257
ACC_007111,ICICI,False,,2021-01-28T22:36:23.602262
ACC_007112,HDFC,False,,2017-07-10T22:36:23.602266
ACC_007113,Axis,False,,2022-11-09T22:36:23.602271
ACC_007114,ICICI,False,,2018-01-15T22:36:23.602276
ACC_007115,ICICI,False,,2021-09-30T22:36:23.602281
ACC_007116,SBI,False,,2022-08-06T22:36:23.602288
ACC_007117,Axis,False,,2016-11-28T22:36:23.602293
ACC_007118,HDFC,False,,2022-01-22T22:36:23.602298
ACC_007119,Axis,False,,2017-11-10T22:36:23.602303
ACC_007120,ICICI,False,,2017-01-29T22:36:23.602307
ACC_007121,SBI,False,,2023-05-09T22:36:23.602312
ACC_007122,ICICI,False,,2017-05-24T22:36:23.602317
ACC_007123,Axis,False,,2017-04-02T22:36:23.602322
ACC_007124,ICICI,False,,2016-12-10T22:36:23.602327
ACC_007125,SBI,False,,2020-02-04T22:36:23.602332
ACC_007126,HDFC,False,,2021-12-15T22:36:23.602336
ACC_007127,ICICI,False,,2018-10-15T22:36:23.602341
ACC_007128,SBI,False,,2022-02-24T22:36:23.602348
ACC_007129,ICICI,False,,2024-07-25T22:36:23.602353
ACC_007130,HDFC,False,,2018-07-12T22:36:23.602358
ACC_007131,Axis,False,,2022-03-11T22:36:23.602363
ACC_007132,Axis,False,,2018-07-12T22:36:23.602367
ACC_007133,SBI,False,,2017-03-20T22:36:23.602372
ACC_007134,Axis,False,,2023-06-07T22:36:23.602377
ACC_007135,ICICI,False,,2017-10-07T22:36:23.602381
ACC_007136,Axis,False,,2021-10-07T22:36:23.602386
ACC_007137,ICICI,False,,2020-10-15T22:36:23.602391
ACC_007138,ICICI,False,,2017-03-27T22:36:23.602396
ACC_007139,SBI,False,,2023-10-23T22:36:23.602401
ACC_007140,ICICI,False,,2025-07-09T22:36:23.602405
ACC_007141,HDFC,False,,2023-07-28T22:36:23.602410
ACC_007142,ICICI,False,,2020-01-09T22:36:23.602418
ACC_007143,ICICI,False,,2017-03-19T22:36:23.602423
ACC_007144,SBI,False,,2021-03-27T22:36:23.602428
ACC_007145,HDFC,False,,2023-06-22T22:36:23.602432
ACC_007146,HDFC,False,,2024-09-07T22:36:23.602437
ACC_007147,Axis,False,,2022-09-30T22:36:23.602442
ACC_007148,SBI,False,,2017-09-02T22:36:23.602450
ACC_007149,ICICI,False,,2019-09-22T22:36:23.602454
ACC_007150,ICICI,False,,2021-04-01T22:36:23.602459
ACC_007151,SBI,False,,2021-05-19T22:36:23.602464
ACC_007152,HDFC,False,,2017-06-11T22:36:23.602468
ACC_007153,ICICI,False,,2018-10-27T22:36:23.602473
ACC_007154,HDFC,False,,2022-01-25T22:36:23.602478
ACC_007155,SBI,False,,2020-09-26T22:36:23.602483
ACC_007156,HDFC,False,,2022-12-10T22:36:23.602487
ACC_007157,SBI,False,,2018-03-19T22:36:23.602492
ACC_007158,ICICI,False,,2025-05-28T22:36:23.602497
ACC_007159,Axis,False,,2023-03-08T22:36:23.602501
ACC_007160,SBI,False,,2022-12-13T22:36:23.602506
ACC_007161,SBI,False,,2020-10-05T22:36:23.602511
ACC_007162,SBI,False,,2024-01-26T22:36:23.602516
ACC_007163,HDFC,False,,2022-05-16T22:36:23.602520
ACC_007164,SBI,False,,2025-06-19T22:36:23.602525
ACC_007165,Axis,False,,2020-10-11T22:36:23.602530
ACC_007166,Axis,False,,2019-06-18T22:36:23.602535
ACC_007167,SBI,False,,2021-01-28T22:36:23.602540
ACC_007168,SBI,False,,2019-11-19T22:36:23.602545
ACC_007169,Axis,False,,2018-08-31T22:36:23.602549
ACC_007170,Axis,False,,2017-04-29T22:36:23.602554
ACC_007171,ICICI,False,,2017-10-10T22:36:23.602559
ACC_007172,ICICI,False,,2016-09-16T22:36:23.602564
ACC_007173,ICICI,False,,2020-11-11T22:36:23.602571
ACC_007174,ICICI,False,,2021-08-11T22:36:23.602576
ACC_007175,SBI,False,,2022-02-09T22:36:23.602581
ACC_007176,ICICI,False,,2024-11-01T22:36:23.602586
ACC_007177,SBI,False,,2022-02-03T22:36:23.602590
ACC_007178,SBI,False,,2016-10-11T22:36:23.602595
ACC_007179,SBI,False,,2024-08-13T22:36:23.602604
ACC_007180,Axis,False,,2019-09-12T22:36:23.602610
ACC_007181,ICICI,False,,2024-07-10T22:36:23.602614
ACC_007182,SBI,False,,2017-08-16T22:36:23.602619
ACC_007183,ICICI,False,,2017-08-26T22:36:23.602624
ACC_007184,SBI,False,,2020-06-25T22:36:23.602629
ACC_007185,ICICI,False,,2019-04-05T22:36:23.602633
ACC_007186,HDFC,False,,2020-07-15T22:36:23.602638
ACC_007187,Axis,False,,2020-02-15T22:36:23.602643
ACC_007188,Axis,False,,2024-12-22T22:36:23.602648
ACC_007189,SBI,False,,2025-06-14T22:36:23.602652
ACC_007190,Axis,False,,2019-06-07T22:36:23.602657
ACC_007191,HDFC,False,,2021-10-20T22:36:23.602662
ACC_007192,Axis,False,,2017-10-11T22:36:23.602667
ACC_007193,SBI,False,,2024-12-25T22:36:23.602671
ACC_007194,ICICI,False,,2024-12-19T22:36:23.602676
ACC_007195,ICICI,False,,2019-04-24T22:36:23.602681
ACC_007196,ICICI,False,,2017-07-16T22:36:23.602685
ACC_007197,HDFC,False,,2017-09-12T22:36:23.602690
ACC_007198,Axis,False,,2020-11-13T22:36:23.602695
ACC_007199,SBI,False,,2021-04-03T22:36:23.602700
ACC_007200,SBI,False,,2018-04-12T22:36:23.602705
ACC_007201,Axis,False,,2022-03-23T22:36:23.602710
ACC_007202,ICICI,False,,2021-12-29T22:36:23.602714
ACC_007203,SBI,False,,2019-04-23T22:36:23.602719
ACC_007204,Axis,False,,2024-01-31T22:36:23.602724
ACC_007205,ICICI,False,,2025-08-16T22:36:23.602731
ACC_007206,HDFC,False,,2017-09-18T22:36:23.602737
ACC_007207,ICICI,False,,2019-02-10T22:36:23.602741
ACC_007208,HDFC,False,,2017-01-05T22:36:23.602746
ACC_007209,HDFC,False,,2018-10-25T22:36:23.602751
ACC_007210,HDFC,False,,2019-10-05T22:36:23.602755
ACC_007211,Axis,False,,2017-07-05T22:36:23.602762
ACC_007212,SBI,False,,2017-06-26T22:36:23.602767
ACC_007213,SBI,False,,2022-11-28T22:36:23.602772
ACC_007214,SBI,False,,2023-09-01T22:36:23.602777
ACC_007215,HDFC,False,,2018-06-02T22:36:23.602782
ACC_007216,Axis,False,,2017-07-12T22:36:23.602786
ACC_007217,HDFC,False,,2021-12-23T22:36:23.602791
ACC_007218,HDFC,False,,2024-08-23T22:36:23.602796
ACC_007219,Axis,False,,2019-04-06T22:36:23.602800
ACC_007220,Axis,False,,2021-02-16T22:36:23.602805
ACC_007221,Axis,False,,2017-11-21T22:36:23.602810
ACC_007222,Axis,False,,2024-02-23T22:36:23.602815
ACC_007223,ICICI,False,,2023-08-25T22:36:23.602820
ACC_007224,HDFC,False,,2022-03-18T22:36:23.602838
ACC_007225,ICICI,False,,2023-09-17T22:36:23.602843
ACC_007226,Axis,False,,2022-11-15T22:36:23.602847
ACC_007227,Axis,False,,2024-09-06T22:36:23.602852
ACC_007228,SBI,False,,2022-10-11T22:36:23.602856
ACC_007229,Axis,False,,2023-06-14T22:36:23.602861
ACC_007230,SBI,False,,2021-10-05T22:36:23.602866
ACC_007231,HDFC,False,,2021-11-21T22:36:23.602873
ACC_007232,Axis,False,,2017-04-08T22:36:23.602878
ACC_007233,HDFC,False,,2019-10-29T22:36:23.602882
ACC_007234,ICICI,False,,2025-06-21T22:36:23.602887
ACC_007235,HDFC,False,,2019-06-15T22:36:23.602892
ACC_007236,HDFC,False,,2018-01-16T22:36:23.602896
ACC_007237,ICICI,False,,2024-08-17T22:36:23.602903
ACC_007238,SBI,False,,2025-09-05T22:36:23.602907
ACC_007239,HDFC,False,,2025-08-24T22:36:23.602912
ACC_007240,ICICI,False,,2021-05-21T22:36:23.602917
ACC_007241,ICICI,False,,2025-05-22T22:36:23.602921
ACC_007242,ICICI,False,,2024-12-02T22:36:23.602926
ACC_007243,SBI,False,,2023-08-02T22:36:23.602933
ACC_007244,Axis,False,,2023-08-30T22:36:23.602938
ACC_007245,SBI,False,,2021-10-29T22:36:23.602942
ACC_007246,HDFC,False,,2018-01-14T22:36:23.602947
ACC_007247,SBI,False,,2018-12-22T22:36:23.602952
ACC_007248,ICICI,False,,2019-04-06T22:36:23.602956
ACC_007249,SBI,False,,2020-10-03T22:36:23.602961
ACC_007250,SBI,False,,2020-01-04T22:36:23.602965
ACC_007251,SBI,False,,2020-09-15T22:36:23.602970
ACC_007252,HDFC,False,,2018-09-21T22:36:23.602975
ACC_007253,HDFC,False,,2019-09-03T22:36:23.602979
ACC_007254,HDFC,False,,2022-03-16T22:36:23.602984
ACC_007255,ICICI,False,,2024-06-28T22:36:23.602989
ACC_007256,ICICI,False,,2018-01-15T22:36:23.602993
ACC_007257,SBI,False,,2019-01-30T22:36:23.602998
ACC_007258,SBI,False,,2024-07-31T22:36:23.603002
ACC_007259,Axis,False,,2023-07-14T22:36:23.603007
ACC_007260,SBI,False,,2018-10-28T22:36:23.603012
ACC_007261,ICICI,False,,2020-08-07T22:36:23.603016
ACC_007262,Axis,False,,2016-11-27T22:36:23.603021
ACC_007263,Axis,False,,2024-05-24T22:36:23.603026
ACC_007264,HDFC,False,,2021-11-27T22:36:23.603031
ACC_007265,SBI,False,,2021-08-07T22:36:23.603035
ACC_007266,SBI,False,,2023-01-06T22:36:23.603040
ACC_007267,Axis,False,,2023-08-03T22:36:23.603044
ACC_007268,Axis,False,,2025-03-26T22:36:23.603049
ACC_007269,ICICI,False,,2025-01-15T22:36:23.603056
ACC_007270,Axis,False,,2018-04-21T22:36:23.603061
ACC_007271,HDFC,False,,2019-11-14T22:36:23.603065
ACC_007272,HDFC,False,,2018-04-05T22:36:23.603070
ACC_007273,ICICI,False,,2019-10-15T22:36:23.603075
ACC_007274,Axis,False,,2017-03-18T22:36:23.603080
ACC_007275,SBI,False,,2022-07-13T22:36:23.603087
ACC_007276,ICICI,False,,2024-03-07T22:36:23.603092
ACC_007277,Axis,False,,2017-02-19T22:36:23.603096
ACC_007278,SBI,False,,2022-06-01T22:36:23.603101
ACC_007279,Axis,False,,2021-03-02T22:36:23.603106
ACC_007280,Axis,False,,2021-06-21T22:36:23.603110
ACC_007281,HDFC,False,,2020-03-14T22:36:23.603117
ACC_007282,HDFC,False,,2020-03-10T22:36:23.603121
ACC_007283,HDFC,False,,2022-02-04T22:36:23.603126
ACC_007284,Axis,False,,2018-11-11T22:36:23.603131
ACC_007285,Axis,False,,2022-04-09T22:36:23.603135
ACC_007286,Axis,False,,2016-11-18T22:36:23.603140
ACC_007287,ICICI,False,,2017-01-20T22:36:23.603145
ACC_007288,HDFC,False,,2019-10-14T22:36:23.603149
ACC_007289,HDFC,False,,2023-08-04T22:36:23.603154
ACC_007290,HDFC,False,,2022-04-04T22:36:23.603158
ACC_007291,SBI,False,,2018-07-06T22:36:23.603163
ACC_007292,ICICI,False,,2017-05-30T22:36:23.603168
ACC_007293,HDFC,False,,2019-09-16T22:36:23.603172
ACC_007294,HDFC,False,,2025-03-03T22:36:23.603177
ACC_007295,ICICI,False,,2021-05-20T22:36:23.603182
ACC_007296,SBI,False,,2021-10-03T22:36:23.603186
ACC_007297,HDFC,False,,2018-01-10T22:36:23.603191
ACC_007298,Axis,False,,2017-06-01T22:36:23.603196
ACC_007299,SBI,False,,2019-12-30T22:36:23.603200
ACC_007300,ICICI,False,,2018-01-23T22:36:23.603207
ACC_007301,HDFC,False,,2023-04-18T22:36:23.603212
ACC_007302,HDFC,False,,2020-07-28T22:36:23.603217
ACC_007303,SBI,False,,2023-03-20T22:36:23.603221
ACC_007304,ICICI,False,,2024-11-18T22:36:23.603226
ACC_007305,SBI,False,,2020-02-23T22:36:23.603230
ACC_007306,SBI,False,,2019-04-18T22:36:23.603235
ACC_007307,HDFC,False,,2025-03-11T22:36:23.603242
ACC_007308,Axis,False,,2023-05-23T22:36:23.603247
ACC_007309,HDFC,False,,2022-06-11T22:36:23.603252
ACC_007310,HDFC,False,,2023-01-02T22:36:23.603256
ACC_007311,ICICI,False,,2023-09-18T22:36:23.603261
ACC_007312,Axis,False,,2023-02-20T22:36:23.603266
ACC_007313,ICICI,False,,2021-03-11T22:36:23.603270
ACC_007314,HDFC,False,,2023-12-14T22:36:23.603275
ACC_007315,SBI,False,,2018-12-26T22:36:23.603279
ACC_007316,SBI,False,,2018-09-23T22:36:23.603284
ACC_007317,ICICI,False,,2020-12-16T22:36:23.603288
ACC_007318,ICICI,False,,2023-05-27T22:36:23.603293
ACC_007319,ICICI,False,,2021-02-09T22:36:23.603298
ACC_007320,HDFC,False,,2021-01-13T22:36:23.603302
ACC_007321,Axis,False,,2021-06-21T22:36:23.603307
ACC_007322,ICICI,False,,2023-07-29T22:36:23.603312
ACC_007323,Axis,False,,2022-11-09T22:36:23.603316
ACC_007324,HDFC,False,,2018-09-03T22:36:23.603321
ACC_007325,Axis,False,,2025-03-25T22:36:23.603325
ACC_007326,Axis,False,,2024-04-03T22:36:23.603330
ACC_007327,SBI,False,,2024-11-28T22:36:23.603335
ACC_007328,HDFC,False,,2024-05-28T22:36:23.603339
ACC_007329,SBI,False,,2016-10-29T22:36:23.603344
ACC_007330,Axis,False,,2024-12-14T22:36:23.603348
ACC_007331,SBI,False,,2019-09-05T22:36:23.603353
ACC_007332,ICICI,False,,2023-10-28T22:36:23.603362
ACC_007333,ICICI,False,,2018-01-24T22:36:23.603367
ACC_007334,Axis,False,,2022-07-04T22:36:23.603372
ACC_007335,ICICI,False,,2022-07-04T22:36:23.603376
ACC_007336,ICICI,False,,2024-06-25T22:36:23.603381
ACC_007337,HDFC,False,,2021-04-09T22:36:23.603385
ACC_007338,SBI,False,,2024-09-23T22:36:23.603390
ACC_007339,Axis,False,,2023-06-13T22:36:23.603397
ACC_007340,SBI,False,,2019-11-21T22:36:23.603402
ACC_007341,HDFC,False,,2020-06-10T22:36:23.603406
ACC_007342,Axis,False,,2024-06-22T22:36:23.603411
ACC_007343,HDFC,False,,2023-02-19T22:36:23.603415
ACC_007344,HDFC,False,,2021-05-07T22:36:23.603420
ACC_007345,SBI,False,,2024-10-05T22:36:23.603424
ACC_007346,HDFC,False,,2022-12-27T22:36:23.603429
ACC_007347,Axis,False,,2018-10-19T22:36:23.603433
ACC_007348,ICICI,False,,2020-10-14T22:36:23.603463
ACC_007349,SBI,False,,2020-09-28T22:36:23.603476
ACC_007350,HDFC,False,,2018-04-07T22:36:23.603483
ACC_007351,SBI,False,,2017-01-30T22:36:23.603489
ACC_007352,SBI,False,,2017-07-27T22:36:23.603494
ACC_007353,ICICI,False,,2025-03-17T22:36:23.603499
ACC_007354,HDFC,False,,2023-12-27T22:36:23.603504
ACC_007355,ICICI,False,,2022-11-20T22:36:23.603509
ACC_007356,SBI,False,,2021-10-09T22:36:23.603514
ACC_007357,Axis,False,,2023-06-14T22:36:23.603519
ACC_007358,HDFC,False,,2021-04-24T22:36:23.603524
ACC_007359,Axis,False,,2023-12-25T22:36:23.603529
ACC_007360,ICICI,False,,2020-01-12T22:36:23.603533
ACC_007361,HDFC,False,,2023-03-05T22:36:23.603538
ACC_007362,SBI,False,,2018-08-31T22:36:23.603547
ACC_007363,SBI,False,,2021-12-07T22:36:23.603552
ACC_007364,Axis,False,,2025-06-01T22:36:23.603563
ACC_007365,Axis,False,,2024-12-02T22:36:23.603568
ACC_007366,SBI,False,,2018-12-14T22:36:23.603572
ACC_007367,ICICI,False,,2019-06-16T22:36:23.603577
ACC_007368,SBI,False,,2024-02-03T22:36:23.603582
ACC_007369,ICICI,False,,2025-01-23T22:36:23.603586
ACC_007370,HDFC,False,,2018-01-08T22:36:23.603591
ACC_007371,HDFC,False,,2021-02-06T22:36:23.603598
ACC_007372,HDFC,False,,2018-10-06T22:36:23.603603
ACC_007373,SBI,False,,2017-07-31T22:36:23.603608
ACC_007374,ICICI,False,,2021-07-18T22:36:23.603612
ACC_007375,HDFC,False,,2024-02-03T22:36:23.603617
ACC_007376,HDFC,False,,2018-01-10T22:36:23.603621
ACC_007377,SBI,False,,2025-08-19T22:36:23.603626
ACC_007378,Axis,False,,2025-08-29T22:36:23.603631
ACC_007379,HDFC,False,,2021-05-09T22:36:23.603635
ACC_007380,HDFC,False,,2023-03-08T22:36:23.603640
ACC_007381,HDFC,False,,2019-05-19T22:36:23.603645
ACC_007382,HDFC,False,,2025-06-23T22:36:23.603649
ACC_007383,Axis,False,,2019-04-17T22:36:23.603656
ACC_007384,Axis,False,,2022-07-14T22:36:23.603661
ACC_007385,Axis,False,,2020-08-28T22:36:23.603666
ACC_007386,SBI,False,,2018-01-15T22:36:23.603670
ACC_007387,Axis,False,,2018-10-30T22:36:23.603675
ACC_007388,ICICI,False,,2021-10-30T22:36:23.603681
ACC_007389,Axis,False,,2020-04-29T22:36:23.603685
ACC_007390,SBI,False,,2020-08-09T22:36:23.603690
ACC_007391,ICICI,False,,2023-03-11T22:36:23.603695
ACC_007392,SBI,False,,2022-06-26T22:36:23.603699
ACC_007393,SBI,False,,2021-05-05T22:36:23.603704
ACC_007394,ICICI,False,,2023-11-26T22:36:23.603709
ACC_007395,ICICI,False,,2017-05-26T22:36:23.603713
ACC_007396,HDFC,False,,2020-11-09T22:36:23.603721
ACC_007397,ICICI,False,,2024-02-01T22:36:23.603726
ACC_007398,HDFC,False,,2020-07-17T22:36:23.603730
ACC_007399,Axis,False,,2017-09-24T22:36:23.603735
ACC_007400,SBI,False,,2021-03-10T22:36:23.603740
ACC_007401,SBI,False,,2018-09-03T22:36:23.603744
ACC_007402,ICICI,False,,2023-05-14T22:36:23.603749
ACC_007403,Axis,False,,2020-12-23T22:36:23.603756
ACC_007404,Axis,False,,2020-07-14T22:36:23.603761
ACC_007405,Axis,False,,2020-09-20T22:36:23.603765
ACC_007406,Axis,False,,2020-07-02T22:36:23.603770
ACC_007407,ICICI,False,,2021-11-29T22:36:23.603775
ACC_007408,ICICI,False,,2018-03-28T22:36:23.603779
ACC_007409,Axis,False,,2024-03-16T22:36:23.603784
ACC_007410,SBI,False,,2022-12-10T22:36:23.603789
ACC_007411,SBI,False,,2017-09-16T22:36:23.603793
ACC_007412,SBI,False,,2019-04-29T22:36:23.603798
ACC_007413,SBI,False,,2017-07-09T22:36:23.603802
ACC_007414,ICICI,False,,2020-07-03T22:36:23.603807
ACC_007415,Axis,False,,2021-06-30T22:36:23.603812
ACC_007416,ICICI,False,,2023-04-22T22:36:23.603817
ACC_007417,Axis,False,,2024-02-12T22:36:23.603821
ACC_007418,Axis,False,,2024-06-24T22:36:23.603826
ACC_007419,Axis,False,,2022-05-01T22:36:23.603831
ACC_007420,Axis,False,,2025-02-16T22:36:23.603836
ACC_007421,SBI,False,,2023-04-07T22:36:23.603840
ACC_007422,ICICI,False,,2019-07-07T22:36:23.603845
ACC_007423,SBI,False,,2018-04-21T22:36:23.603849
ACC_007424,Axis,False,,2019-11-24T22:36:23.603854
ACC_007425,Axis,False,,2023-09-05T22:36:23.603859
ACC_007426,Axis,False,,2025-06-07T22:36:23.603863
ACC_007427,SBI,False,,2021-05-16T22:36:23.603870
ACC_007428,SBI,False,,2022-08-20T22:36:23.603875
ACC_007429,SBI,False,,2018-07-05T22:36:23.603880
ACC_007430,Axis,False,,2019-04-02T22:36:23.603885
ACC_007431,SBI,False,,2024-01-04T22:36:23.603889
ACC_007432,Axis,False,,2022-02-24T22:36:23.603894
ACC_007433,Axis,False,,2022-12-11T22:36:23.603898
ACC_007434,SBI,False,,2017-02-23T22:36:23.603905
ACC_007435,Axis,False,,2022-02-25T22:36:23.603913
ACC_007436,HDFC,False,,2018-02-12T22:36:23.603919
ACC_007437,HDFC,False,,2016-11-15T22:36:23.603923
ACC_007438,HDFC,False,,2024-09-26T22:36:23.603928
ACC_007439,HDFC,False,,2025-08-08T22:36:23.603932
ACC_007440,HDFC,False,,2021-12-25T22:36:23.603937
ACC_007441,HDFC,False,,2022-03-09T22:36:23.603942
ACC_007442,ICICI,False,,2023-06-04T22:36:23.603947
ACC_007443,SBI,False,,2023-04-24T22:36:23.603951
ACC_007444,ICICI,False,,2024-12-16T22:36:23.603956
ACC_007445,ICICI,False,,2018-09-17T22:36:23.603960
ACC_007446,ICICI,False,,2019-02-27T22:36:23.603965
ACC_007447,Axis,False,,2020-05-16T22:36:23.603970
ACC_007448,ICICI,False,,2017-10-23T22:36:23.603974
ACC_007449,SBI,False,,2022-06-14T22:36:23.603979
ACC_007450,ICICI,False,,2024-07-24T22:36:23.603983
ACC_007451,SBI,False,,2023-12-30T22:36:23.603988
ACC_007452,SBI,False,,2021-01-16T22:36:23.603993
ACC_007453,HDFC,False,,2019-09-24T22:36:23.603997
ACC_007454,Axis,False,,2023-12-04T22:36:23.604002
ACC_007455,Axis,False,,2017-11-07T22:36:23.604007
ACC_007456,ICICI,False,,2017-12-17T22:36:23.604011
ACC_007457,SBI,False,,2024-06-05T22:36:23.604016
ACC_007458,SBI,False,,2020-09-16T22:36:23.604021
ACC_007459,HDFC,False,,2017-03-23T22:36:23.604028
ACC_007460,HDFC,False,,2024-03-06T22:36:23.604033
ACC_007461,Axis,False,,2020-05-25T22:36:23.604037
ACC_007462,Axis,False,,2020-05-08T22:36:23.604044
ACC_007463,SBI,False,,2017-02-04T22:36:23.604048
ACC_007464,HDFC,False,,2019-02-16T22:36:23.604053
ACC_007465,ICICI,False,,2020-10-02T22:36:23.604057
ACC_007466,SBI,False,,2020-09-06T22:36:23.604064
ACC_007467,HDFC,False,,2020-03-08T22:36:23.604069
ACC_007468,ICICI,False,,2021-11-21T22:36:23.604074
ACC_007469,HDFC,False,,2021-07-20T22:36:23.604079
ACC_007470,HDFC,False,,2023-09-18T22:36:23.604083
ACC_007471,SBI,False,,2018-09-13T22:36:23.604088
ACC_007472,ICICI,False,,2018-02-07T22:36:23.604092
ACC_007473,Axis,False,,2024-01-09T22:36:23.604097
ACC_007474,HDFC,False,,2016-10-30T22:36:23.604101
ACC_007475,SBI,False,,2018-08-03T22:36:23.604106
ACC_007476,ICICI,False,,2022-06-03T22:36:23.604111
ACC_007477,HDFC,False,,2021-09-21T22:36:23.604115
ACC_007478,Axis,False,,2025-07-09T22:36:23.604120
ACC_007479,Axis,False,,2023-10-21T22:36:23.604125
ACC_007480,ICICI,False,,2022-11-12T22:36:23.604129
ACC_007481,SBI,False,,2019-12-11T22:36:23.604134
ACC_007482,ICICI,False,,2019-11-12T22:36:23.604139
ACC_007483,HDFC,False,,2020-03-17T22:36:23.604143
ACC_007484,ICICI,False,,2023-10-30T22:36:23.604148
ACC_007485,HDFC,False,,2018-06-02T22:36:23.604155
ACC_007486,SBI,False,,2017-11-04T22:36:23.604160
ACC_007487,ICICI,False,,2022-10-01T22:36:23.604164
ACC_007488,Axis,False,,2020-11-04T22:36:23.604169
ACC_007489,ICICI,False,,2025-03-31T22:36:23.604173
ACC_007490,ICICI,False,,2017-04-16T22:36:23.604178
ACC_007491,Axis,False,,2018-04-22T22:36:23.604185
ACC_007492,HDFC,False,,2021-12-19T22:36:23.604190
ACC_007493,HDFC,False,,2024-03-26T22:36:23.604194
ACC_007494,HDFC,False,,2017-06-17T22:36:23.604199
ACC_007495,HDFC,False,,2022-04-22T22:36:23.604204
ACC_007496,Axis,False,,2023-06-18T22:36:23.604208
ACC_007497,Axis,False,,2021-06-09T22:36:23.604213
ACC_007498,Axis,False,,2025-04-18T22:36:23.604220
ACC_007499,ICICI,False,,2017-11-19T22:36:23.604225
ACC_007500,Axis,False,,2021-12-08T22:36:23.604229
ACC_007501,ICICI,False,,2019-12-14T22:36:23.604234
ACC_007502,Axis,False,,2021-02-18T22:36:23.604239
ACC_007503,ICICI,False,,2024-03-19T22:36:23.604243
ACC_007504,ICICI,False,,2017-08-20T22:36:23.604248
ACC_007505,ICICI,False,,2019-07-04T22:36:23.604253
ACC_007506,SBI,False,,2020-03-20T22:36:23.604257
ACC_007507,ICICI,False,,2022-09-16T22:36:23.604262
ACC_007508,HDFC,False,,2020-08-27T22:36:23.604266
ACC_007509,HDFC,False,,2018-03-25T22:36:23.604271
ACC_007510,ICICI,False,,2019-12-29T22:36:23.604276
ACC_007511,HDFC,False,,2025-06-10T22:36:23.604280
ACC_007512,SBI,False,,2017-02-25T22:36:23.604285
ACC_007513,HDFC,False,,2022-12-22T22:36:23.604289
ACC_007514,HDFC,False,,2023-09-18T22:36:23.604294
ACC_007515,ICICI,False,,2024-12-20T22:36:23.604298
ACC_007516,SBI,False,,2019-04-15T22:36:23.604303
ACC_007517,SBI,False,,2016-12-18T22:36:23.604307
ACC_007518,HDFC,False,,2024-11-08T22:36:23.604312
ACC_007519,HDFC,False,,2017-08-04T22:36:23.604317
ACC_007520,HDFC,False,,2017-06-10T22:36:23.604321
ACC_007521,ICICI,False,,2018-10-10T22:36:23.604326
ACC_007522,HDFC,False,,2023-12-13T22:36:23.604330
ACC_007523,Axis,False,,2018-08-16T22:36:23.604349
ACC_007524,ICICI,False,,2016-11-19T22:36:23.604354
ACC_007525,HDFC,False,,2018-10-30T22:36:23.604358
ACC_007526,HDFC,False,,2025-01-25T22:36:23.604363
ACC_007527,SBI,False,,2023-06-18T22:36:23.604368
ACC_007528,HDFC,False,,2023-08-14T22:36:23.604372
ACC_007529,HDFC,False,,2017-08-24T22:36:23.604377
ACC_007530,HDFC,False,,2025-08-28T22:36:23.604383
ACC_007531,Axis,False,,2016-10-27T22:36:23.604388
ACC_007532,SBI,False,,2023-05-05T22:36:23.604393
ACC_007533,HDFC,False,,2017-08-29T22:36:23.604398
ACC_007534,HDFC,False,,2021-05-12T22:36:23.604402
ACC_007535,ICICI,False,,2018-09-08T22:36:23.604407
ACC_007536,SBI,False,,2020-05-12T22:36:23.604414
ACC_007537,SBI,False,,2017-10-04T22:36:23.604419
ACC_007538,Axis,False,,2018-11-29T22:36:23.604424
ACC_007539,SBI,False,,2020-06-09T22:36:23.604428
ACC_007540,ICICI,False,,2017-06-30T22:36:23.604433
ACC_007541,HDFC,False,,2020-09-26T22:36:23.604438
ACC_007542,SBI,False,,2020-01-03T22:36:23.604442
ACC_007543,HDFC,False,,2024-10-22T22:36:23.604447
ACC_007544,SBI,False,,2023-06-26T22:36:23.604451
ACC_007545,ICICI,False,,2024-02-01T22:36:23.604456
ACC_007546,SBI,False,,2017-11-06T22:36:23.604461
ACC_007547,HDFC,False,,2017-10-26T22:36:23.604465
ACC_007548,HDFC,False,,2023-08-04T22:36:23.604470
ACC_007549,SBI,False,,2022-02-04T22:36:23.604475
ACC_007550,SBI,False,,2023-11-17T22:36:23.604479
ACC_007551,Axis,False,,2018-07-29T22:36:23.604484
ACC_007552,ICICI,False,,2018-12-15T22:36:23.604488
ACC_007553,Axis,False,,2020-01-07T22:36:23.604493
ACC_007554,ICICI,False,,2023-04-03T22:36:23.604500
ACC_007555,Axis,False,,2022-11-20T22:36:23.604505
ACC_007556,ICICI,False,,2017-06-14T22:36:23.604509
ACC_007557,SBI,False,,2019-10-01T22:36:23.604514
ACC_007558,HDFC,False,,2018-05-10T22:36:23.606462
ACC_007559,ICICI,False,,2022-07-18T22:36:23.606479
ACC_007560,SBI,False,,2024-12-22T22:36:23.606486
ACC_007561,HDFC,False,,2024-12-29T22:36:23.606492
ACC_007562,Axis,False,,2021-11-03T22:36:23.606503
ACC_007563,HDFC,False,,2018-10-01T22:36:23.606509
ACC_007564,Axis,False,,2024-10-20T22:36:23.606514
ACC_007565,Axis,False,,2025-07-25T22:36:23.606519
ACC_007566,HDFC,False,,2022-02-16T22:36:23.606525
ACC_007567,ICICI,False,,2017-11-14T22:36:23.606530
ACC_007568,HDFC,False,,2019-04-26T22:36:23.606535
ACC_007569,ICICI,False,,2017-07-18T22:36:23.606539
ACC_007570,ICICI,False,,2020-08-23T22:36:23.606544
ACC_007571,ICICI,False,,2017-05-17T22:36:23.606549
ACC_007572,Axis,False,,2021-07-18T22:36:23.606554
ACC_007573,Axis,False,,2022-05-02T22:36:23.606559
ACC_007574,Axis,False,,2022-03-09T22:36:23.606564
ACC_007575,SBI,False,,2023-02-21T22:36:23.606569
ACC_007576,SBI,False,,2025-03-22T22:36:23.606574
ACC_007577,ICICI,False,,2021-02-07T22:36:23.606579
ACC_007578,Axis,False,,2020-07-10T22:36:23.606584
ACC_007579,ICICI,False,,2016-10-08T22:36:23.606589
ACC_007580,Axis,False,,2020-07-01T22:36:23.606594
ACC_007581,Axis,False,,2020-08-17T22:36:23.606601
ACC_007582,SBI,False,,2024-02-09T22:36:23.606606
ACC_007583,Axis,False,,2020-12-29T22:36:23.606610
ACC_007584,HDFC,False,,2024-02-19T22:36:23.606615
ACC_007585,ICICI,False,,2021-06-03T22:36:23.606620
ACC_007586,SBI,False,,2021-03-21T22:36:23.606629
ACC_007587,ICICI,False,,2025-07-17T22:36:23.606637
ACC_007588,Axis,False,,2016-10-28T22:36:23.606643
ACC_007589,SBI,False,,2024-01-03T22:36:23.606648
ACC_007590,SBI,False,,2023-04-08T22:36:23.606653
ACC_007591,HDFC,False,,2025-07-07T22:36:23.606658
ACC_007592,Axis,False,,2020-05-27T22:36:23.606663
ACC_007593,SBI,False,,2022-08-30T22:36:23.606668
ACC_007594,ICICI,False,,2023-06-25T22:36:23.606675
ACC_007595,HDFC,False,,2020-02-14T22:36:23.606680
ACC_007596,Axis,False,,2023-12-04T22:36:23.606685
ACC_007597,ICICI,False,,2019-07-16T22:36:23.606690
ACC_007598,ICICI,False,,2023-02-23T22:36:23.606695
ACC_007599,SBI,False,,2020-03-30T22:36:23.606700
ACC_007600,Axis,False,,2020-11-05T22:36:23.606705
ACC_007601,Axis,False,,2023-11-28T22:36:23.606710
ACC_007602,Axis,False,,2018-03-26T22:36:23.606715
ACC_007603,HDFC,False,,2021-09-26T22:36:23.606720
ACC_007604,HDFC,False,,2024-12-12T22:36:23.606725
ACC_007605,ICICI,False,,2017-10-13T22:36:23.606730
ACC_007606,Axis,False,,2018-11-19T22:36:23.606735
ACC_007607,ICICI,False,,2024-02-11T22:36:23.606739
ACC_007608,SBI,False,,2019-11-19T22:36:23.606744
ACC_007609,Axis,False,,2023-04-10T22:36:23.606749
ACC_007610,Axis,False,,2020-03-13T22:36:23.606754
ACC_007611,HDFC,False,,2022-03-31T22:36:23.606759
ACC_007612,SBI,False,,2021-11-26T22:36:23.606764
ACC_007613,ICICI,False,,2018-01-11T22:36:23.606769
ACC_007614,Axis,False,,2018-11-03T22:36:23.606774
ACC_007615,HDFC,False,,2018-12-25T22:36:23.606779
ACC_007616,SBI,False,,2019-10-05T22:36:23.606783
ACC_007617,ICICI,False,,2021-11-15T22:36:23.606788
ACC_007618,ICICI,False,,2017-12-23T22:36:23.606796
ACC_007619,SBI,False,,2021-07-22T22:36:23.606802
ACC_007620,Axis,False,,2024-12-28T22:36:23.606807
ACC_007621,HDFC,False,,2020-09-07T22:36:23.606811
ACC_007622,ICICI,False,,2021-01-08T22:36:23.606816
ACC_007623,SBI,False,,2023-05-09T22:36:23.606821
ACC_007624,ICICI,False,,2017-12-24T22:36:23.606826
ACC_007625,SBI,False,,2022-03-12T22:36:23.606831
ACC_007626,Axis,False,,2016-11-16T22:36:23.606839
ACC_007627,ICICI,False,,2019-06-23T22:36:23.606844
ACC_007628,ICICI,False,,2019-03-24T22:36:23.606849
ACC_007629,ICICI,False,,2017-11-13T22:36:23.606854
ACC_007630,SBI,False,,2024-04-10T22:36:23.606859
ACC_007631,ICICI,False,,2016-12-07T22:36:23.606864
ACC_007632,SBI,False,,2017-10-04T22:36:23.606869
ACC_007633,SBI,False,,2022-11-27T22:36:23.606874
ACC_007634,Axis,False,,2019-05-20T22:36:23.606879
ACC_007635,Axis,False,,2025-06-25T22:36:23.606884
ACC_007636,ICICI,False,,2019-12-21T22:36:23.606889
ACC_007637,HDFC,False,,2021-05-23T22:36:23.606894
ACC_007638,SBI,False,,2018-09-15T22:36:23.606899
ACC_007639,ICICI,False,,2024-10-14T22:36:23.606907
ACC_007640,Axis,False,,2020-07-05T22:36:23.606913
ACC_007641,ICICI,False,,2024-12-12T22:36:23.606918
ACC_007642,Axis,False,,2021-05-01T22:36:23.606923
ACC_007643,SBI,False,,2016-10-28T22:36:23.606928
ACC_007644,ICICI,False,,2017-09-19T22:36:23.606933
ACC_007645,SBI,False,,2021-08-14T22:36:23.606938
ACC_007646,HDFC,False,,2020-05-21T22:36:23.606943
ACC_007647,SBI,False,,2023-03-13T22:36:23.606948
ACC_007648,HDFC,False,,2022-01-11T22:36:23.606953
ACC_007649,ICICI,False,,2018-09-27T22:36:23.606957
ACC_007650,Axis,False,,2019-05-26T22:36:23.606965
ACC_007651,SBI,False,,2016-11-29T22:36:23.606970
ACC_007652,ICICI,False,,2022-02-10T22:36:23.606975
ACC_007653,Axis,False,,2022-03-06T22:36:23.606980
ACC_007654,SBI,False,,2018-06-16T22:36:23.606985
ACC_007655,SBI,False,,2018-12-31T22:36:23.606990
ACC_007656,HDFC,False,,2022-05-21T22:36:23.606995
ACC_007657,HDFC,False,,2017-06-14T22:36:23.607000
ACC_007658,SBI,False,,2019-10-30T22:36:23.607008
ACC_007659,ICICI,False,,2022-12-01T22:36:23.607013
ACC_007660,Axis,False,,2020-12-15T22:36:23.607018
ACC_007661,HDFC,False,,2022-05-10T22:36:23.607023
ACC_007662,ICICI,False,,2023-05-30T22:36:23.607028
ACC_007663,SBI,False,,2022-05-19T22:36:23.607032
ACC_007664,HDFC,False,,2025-05-17T22:36:23.607037
ACC_007665,Axis,False,,2024-10-25T22:36:23.607042
ACC_007666,ICICI,False,,2020-06-26T22:36:23.607047
ACC_007667,SBI,False,,2020-09-09T22:36:23.607052
ACC_007668,Axis,False,,2019-06-22T22:36:23.607057
ACC_007669,SBI,False,,2019-01-15T22:36:23.607065
ACC_007670,Axis,False,,2017-03-12T22:36:23.607070
ACC_007671,ICICI,False,,2024-06-28T22:36:23.607075
ACC_007672,ICICI,False,,2020-08-02T22:36:23.607080
ACC_007673,ICICI,False,,2023-06-25T22:36:23.607085
ACC_007674,Axis,False,,2022-07-04T22:36:23.607090
ACC_007675,SBI,False,,2019-02-14T22:36:23.607095
ACC_007676,SBI,False,,2022-01-29T22:36:23.607099
ACC_007677,HDFC,False,,2024-04-23T22:36:23.607104
ACC_007678,HDFC,False,,2022-01-14T22:36:23.607109
ACC_007679,Axis,False,,2021-07-25T22:36:23.607114
ACC_007680,SBI,False,,2022-03-01T22:36:23.607119
ACC_007681,Axis,False,,2019-07-13T22:36:23.607127
ACC_007682,HDFC,False,,2018-08-25T22:36:23.607132
ACC_007683,Axis,False,,2018-06-14T22:36:23.607136
ACC_007684,ICICI,False,,2021-04-06T22:36:23.607141
ACC_007685,SBI,False,,2022-01-14T22:36:23.607146
ACC_007686,HDFC,False,,2018-06-25T22:36:23.607152
ACC_007687,ICICI,False,,2022-01-24T22:36:23.607157
ACC_007688,HDFC,False,,2019-12-18T22:36:23.607162
ACC_007689,HDFC,False,,2017-08-05T22:36:23.607172
ACC_007690,SBI,False,,2020-02-17T22:36:23.607177
ACC_007691,HDFC,False,,2024-12-08T22:36:23.607182
ACC_007692,SBI,False,,2024-01-01T22:36:23.607187
ACC_007693,HDFC,False,,2019-11-02T22:36:23.607192
ACC_007694,SBI,False,,2017-09-11T22:36:23.607197
ACC_007695,SBI,False,,2024-09-01T22:36:23.607202
ACC_007696,ICICI,False,,2021-09-11T22:36:23.607206
ACC_007697,ICICI,False,,2024-10-15T22:36:23.607211
ACC_007698,Axis,False,,2021-11-05T22:36:23.607216
ACC_007699,HDFC,False,,2020-03-05T22:36:23.607221
ACC_007700,Axis,False,,2019-08-03T22:36:23.607226
ACC_007701,HDFC,False,,2019-10-25T22:36:23.607231
ACC_007702,Axis,False,,2018-07-03T22:36:23.607235
ACC_007703,Axis,False,,2017-11-28T22:36:23.607240
ACC_007704,SBI,False,,2019-07-21T22:36:23.607245
ACC_007705,HDFC,False,,2023-05-18T22:36:23.607250
ACC_007706,Axis,False,,2023-12-01T22:36:23.607255
ACC_007707,HDFC,False,,2017-02-22T22:36:23.607260
ACC_007708,ICICI,False,,2023-02-24T22:36:23.607265
ACC_007709,SBI,False,,2025-01-24T22:36:23.607269
ACC_007710,HDFC,False,,2025-02-10T22:36:23.607275
ACC_007711,SBI,False,,2020-05-01T22:36:23.607280
ACC_007712,HDFC,False,,2025-03-24T22:36:23.607284
ACC_007713,SBI,False,,2017-03-12T22:36:23.607292
ACC_007714,SBI,False,,2023-12-27T22:36:23.607297
ACC_007715,SBI,False,,2020-02-01T22:36:23.607302
ACC_007716,ICICI,False,,2022-01-29T22:36:23.607307
ACC_007717,Axis,False,,2017-03-22T22:36:23.607312
ACC_007718,Axis,False,,2025-06-26T22:36:23.607317
ACC_007719,ICICI,False,,2020-03-06T22:36:23.607322
ACC_007720,HDFC,False,,2018-03-11T22:36:23.607326
ACC_007721,Axis,False,,2019-07-14T22:36:23.607334
ACC_007722,HDFC,False,,2025-04-01T22:36:23.607339
ACC_007723,SBI,False,,2019-02-01T22:36:23.607344
ACC_007724,HDFC,False,,2023-05-11T22:36:23.607349
ACC_007725,SBI,False,,2019-03-02T22:36:23.607354
ACC_007726,Axis,False,,2025-08-14T22:36:23.607358
ACC_007727,ICICI,False,,2017-10-30T22:36:23.607363
ACC_007728,HDFC,False,,2019-03-06T22:36:23.607368
ACC_007729,ICICI,False,,2019-12-28T22:36:23.607373
ACC_007730,SBI,False,,2021-03-31T22:36:23.607378
ACC_007731,SBI,False,,2023-12-29T22:36:23.607383
ACC_007732,HDFC,False,,2018-08-30T22:36:23.607388
ACC_007733,ICICI,False,,2022-09-20T22:36:23.607393
ACC_007734,ICICI,False,,2019-12-21T22:36:23.607398
ACC_007735,Axis,False,,2023-11-28T22:36:23.607402
ACC_007736,SBI,False,,2017-03-29T22:36:23.607407
ACC_007737,ICICI,False,,2021-12-12T22:36:23.607412
ACC_007738,SBI,False,,2022-01-12T22:36:23.607417
ACC_007739,ICICI,False,,2021-04-18T22:36:23.607422
ACC_007740,HDFC,False,,2018-05-28T22:36:23.607429
ACC_007741,ICICI,False,,2020-08-20T22:36:23.607435
ACC_007742,HDFC,False,,2020-09-14T22:36:23.607440
ACC_007743,Axis,False,,2023-05-28T22:36:23.607445
ACC_007744,SBI,False,,2024-06-08T22:36:23.607450
ACC_007745,HDFC,False,,2021-05-09T22:36:23.607457
ACC_007746,HDFC,False,,2017-05-15T22:36:23.607462
ACC_007747,SBI,False,,2023-06-16T22:36:23.607467
ACC_007748,ICICI,False,,2017-12-18T22:36:23.607473
ACC_007749,SBI,False,,2019-01-18T22:36:23.607482
ACC_007750,ICICI,False,,2021-08-26T22:36:23.607487
ACC_007751,Axis,False,,2025-02-02T22:36:23.607492
ACC_007752,SBI,False,,2019-05-06T22:36:23.607497
ACC_007753,ICICI,False,,2023-04-08T22:36:23.607504
ACC_007754,HDFC,False,,2022-03-23T22:36:23.607509
ACC_007755,HDFC,False,,2023-04-10T22:36:23.607514
ACC_007756,SBI,False,,2021-12-15T22:36:23.607519
ACC_007757,SBI,False,,2020-02-05T22:36:23.607524
ACC_007758,Axis,False,,2017-08-17T22:36:23.607529
ACC_007759,ICICI,False,,2020-07-25T22:36:23.607534
ACC_007760,Axis,False,,2018-12-13T22:36:23.607539
ACC_007761,SBI,False,,2020-03-09T22:36:23.607543
ACC_007762,Axis,False,,2019-05-30T22:36:23.607548
ACC_007763,ICICI,False,,2016-10-13T22:36:23.607553
ACC_007764,SBI,False,,2024-10-29T22:36:23.607558
ACC_007765,HDFC,False,,2025-09-11T22:36:23.607563
ACC_007766,HDFC,False,,2018-10-03T22:36:23.607568
ACC_007767,HDFC,False,,2025-07-29T22:36:23.607573
ACC_007768,ICICI,False,,2025-09-12T22:36:23.607578
ACC_007769,ICICI,False,,2020-09-16T22:36:23.607583
ACC_007770,Axis,False,,2017-07-12T22:36:23.607588
ACC_007771,SBI,False,,2024-08-10T22:36:23.607593
ACC_007772,HDFC,False,,2021-07-28T22:36:23.607598
ACC_007773,SBI,False,,2018-06-16T22:36:23.607603
ACC_007774,SBI,False,,2020-12-14T22:36:23.607608
ACC_007775,ICICI,False,,2024-11-05T22:36:23.607613
ACC_007776,ICICI,False,,2021-01-06T22:36:23.607618
ACC_007777,HDFC,False,,2022-05-13T22:36:23.607625
ACC_007778,HDFC,False,,2024-05-09T22:36:23.607630
ACC_007779,ICICI,False,,2024-02-10T22:36:23.607635
ACC_007780,ICICI,False,,2020-07-29T22:36:23.607640
ACC_007781,SBI,False,,2024-05-08T22:36:23.607645
ACC_007782,HDFC,False,,2020-05-10T22:36:23.607653
ACC_007783,SBI,False,,2025-07-16T22:36:23.607658
ACC_007784,HDFC,False,,2024-09-25T22:36:23.607663
ACC_007785,SBI,False,,2020-08-05T22:36:23.607671
ACC_007786,ICICI,False,,2022-09-02T22:36:23.607677
ACC_007787,HDFC,False,,2017-10-26T22:36:23.607682
ACC_007788,Axis,False,,2024-12-27T22:36:23.607687
ACC_007789,SBI,False,,2023-04-14T22:36:23.607692
ACC_007790,HDFC,False,,2021-03-29T22:36:23.607697
ACC_007791,Axis,False,,2025-05-13T22:36:23.607704
ACC_007792,HDFC,False,,2020-02-14T22:36:23.607709
ACC_007793,Axis,False,,2020-06-23T22:36:23.607714
ACC_007794,Axis,False,,2023-09-27T22:36:23.607719
ACC_007795,HDFC,False,,2019-03-26T22:36:23.607724
ACC_007796,HDFC,False,,2018-05-03T22:36:23.607729
ACC_007797,HDFC,False,,2017-01-25T22:36:23.607734
ACC_007798,ICICI,False,,2017-09-27T22:36:23.607739
ACC_007799,ICICI,False,,2017-08-21T22:36:23.607744
ACC_007800,Axis,False,,2023-06-05T22:36:23.607749
ACC_007801,ICICI,False,,2025-06-05T22:36:23.607754
ACC_007802,ICICI,False,,2023-08-04T22:36:23.607758
ACC_007803,SBI,False,,2017-12-19T22:36:23.607764
ACC_007804,Axis,False,,2025-09-05T22:36:23.607768
ACC_007805,HDFC,False,,2019-05-21T22:36:23.607774
ACC_007806,Axis,False,,2019-06-07T22:36:23.607779
ACC_007807,Axis,False,,2016-10-26T22:36:23.607783
ACC_007808,SBI,False,,2017-09-04T22:36:23.607791
ACC_007809,HDFC,False,,2022-06-27T22:36:23.607796
ACC_007810,ICICI,False,,2024-09-15T22:36:23.607801
ACC_007811,ICICI,False,,2020-08-01T22:36:23.607806
ACC_007812,Axis,False,,2019-08-05T22:36:23.607811
ACC_007813,SBI,False,,2021-07-07T22:36:23.607816
ACC_007814,ICICI,False,,2017-07-22T22:36:23.607821
ACC_007815,SBI,False,,2022-02-07T22:36:23.607825
ACC_007816,ICICI,False,,2021-02-18T22:36:23.607830
ACC_007817,SBI,False,,2019-03-12T22:36:23.607838
ACC_007818,Axis,False,,2021-07-11T22:36:23.607843
ACC_007819,Axis,False,,2021-10-20T22:36:23.607848
ACC_007820,ICICI,False,,2024-01-17T22:36:23.607853
ACC_007821,Axis,False,,2018-02-14T22:36:23.607858
ACC_007822,Axis,False,,2021-08-29T22:36:23.607863
ACC_007823,Axis,False,,2024-09-23T22:36:23.607868
ACC_007824,ICICI,False,,2024-02-27T22:36:23.607873
ACC_007825,ICICI,False,,2021-09-04T22:36:23.607878
ACC_007826,Axis,False,,2020-08-23T22:36:23.607883
ACC_007827,SBI,False,,2025-03-21T22:36:23.607888
ACC_007828,ICICI,False,,2020-01-08T22:36:23.607893
ACC_007829,SBI,False,,2018-12-26T22:36:23.607898
ACC_007830,ICICI,False,,2019-08-23T22:36:23.607902
ACC_007831,SBI,False,,2016-09-28T22:36:23.607907
ACC_007832,SBI,False,,2016-10-24T22:36:23.607912
ACC_007833,SBI,False,,2017-12-04T22:36:23.607918
ACC_007834,Axis,False,,2024-10-13T22:36:23.607922
ACC_007835,Axis,False,,2024-06-11T22:36:23.607927
ACC_007836,HDFC,False,,2019-11-15T22:36:23.607933
ACC_007837,HDFC,False,,2019-03-31T22:36:23.607937
ACC_007838,HDFC,False,,2022-11-04T22:36:23.607942
ACC_007839,SBI,False,,2017-05-28T22:36:23.607947
ACC_007840,SBI,False,,2018-01-11T22:36:23.607955
ACC_007841,ICICI,False,,2020-03-19T22:36:23.607960
ACC_007842,HDFC,False,,2022-01-18T22:36:23.607965
ACC_007843,ICICI,False,,2019-07-20T22:36:23.607973
ACC_007844,Axis,False,,2019-11-01T22:36:23.607979
ACC_007845,Axis,False,,2023-03-30T22:36:23.607984
ACC_007846,ICICI,False,,2017-04-16T22:36:23.607988
ACC_007847,Axis,False,,2017-12-26T22:36:23.607993
ACC_007848,HDFC,False,,2023-03-03T22:36:23.607998
ACC_007849,Axis,False,,2023-12-15T22:36:23.608006
ACC_007850,SBI,False,,2017-09-01T22:36:23.608011
ACC_007851,HDFC,False,,2016-10-19T22:36:23.608015
ACC_007852,HDFC,False,,2020-02-23T22:36:23.608021
ACC_007853,SBI,False,,2024-11-21T22:36:23.608025
ACC_007854,ICICI,False,,2022-12-27T22:36:23.608030
ACC_007855,Axis,False,,2022-04-21T22:36:23.608035
ACC_007856,SBI,False,,2019-08-16T22:36:23.608040
ACC_007857,HDFC,False,,2023-07-23T22:36:23.608045
ACC_007858,HDFC,False,,2025-07-08T22:36:23.608050
ACC_007859,HDFC,False,,2022-05-20T22:36:23.608055
ACC_007860,HDFC,False,,2023-05-18T22:36:23.608060
ACC_007861,SBI,False,,2016-12-30T22:36:23.608064
ACC_007862,HDFC,False,,2024-12-12T22:36:23.608069
ACC_007863,ICICI,False,,2020-08-16T22:36:23.608074
ACC_007864,HDFC,False,,2020-12-19T22:36:23.608079
ACC_007865,ICICI,False,,2018-04-13T22:36:23.608084
ACC_007866,Axis,False,,2025-07-31T22:36:23.608089
ACC_007867,ICICI,False,,2021-11-07T22:36:23.608094
ACC_007868,Axis,False,,2021-06-30T22:36:23.608098
ACC_007869,SBI,False,,2022-04-17T22:36:23.608103
ACC_007870,Axis,False,,2018-10-03T22:36:23.608108
ACC_007871,Axis,False,,2018-07-30T22:36:23.608113
ACC_007872,HDFC,False,,2018-01-31T22:36:23.608121
ACC_007873,Axis,False,,2025-05-06T22:36:23.608126
ACC_007874,Axis,False,,2022-02-11T22:36:23.608131
ACC_007875,ICICI,False,,2025-05-08T22:36:23.608136
ACC_007876,ICICI,False,,2017-11-04T22:36:23.608141
ACC_007877,Axis,False,,2016-10-02T22:36:23.608146
ACC_007878,Axis,False,,2017-04-04T22:36:23.608150
ACC_007879,HDFC,False,,2020-12-16T22:36:23.608155
ACC_007880,ICICI,False,,2018-01-07T22:36:23.608160
ACC_007881,Axis,False,,2025-05-24T22:36:23.608168
ACC_007882,Axis,False,,2025-04-07T22:36:23.608173
ACC_007883,Axis,False,,2017-03-09T22:36:23.608178
ACC_007884,HDFC,False,,2020-05-16T22:36:23.608183
ACC_007885,ICICI,False,,2019-08-08T22:36:23.608188
ACC_007886,HDFC,False,,2024-10-08T22:36:23.608193
ACC_007887,SBI,False,,2017-07-30T22:36:23.608198
ACC_007888,HDFC,False,,2020-08-07T22:36:23.608203
ACC_007889,Axis,False,,2017-04-19T22:36:23.608208
ACC_007890,ICICI,False,,2022-12-29T22:36:23.608213
ACC_007891,Axis,False,,2025-04-25T22:36:23.608217
ACC_007892,ICICI,False,,2022-03-24T22:36:23.608222
ACC_007893,Axis,False,,2023-04-09T22:36:23.608230
ACC_007894,Axis,False,,2024-08-20T22:36:23.608235
ACC_007895,HDFC,False,,2018-01-12T22:36:23.608240
ACC_007896,SBI,False,,2019-01-17T22:36:23.608244
ACC_007897,HDFC,False,,2020-01-09T22:36:23.608249
ACC_007898,Axis,False,,2024-12-03T22:36:23.608254
ACC_007899,SBI,False,,2020-07-03T22:36:23.608259
ACC_007900,ICICI,False,,2017-11-18T22:36:23.608264
ACC_007901,Axis,False,,2016-09-17T22:36:23.608269
ACC_007902,HDFC,False,,2022-11-10T22:36:23.608274
ACC_007903,HDFC,False,,2017-11-14T22:36:23.608279
ACC_007904,Axis,False,,2023-10-01T22:36:23.608286
ACC_007905,Axis,False,,2022-05-30T22:36:23.608292
ACC_007906,SBI,False,,2025-04-02T22:36:23.608297
ACC_007907,ICICI,False,,2018-12-16T22:36:23.608301
ACC_007908,ICICI,False,,2020-11-30T22:36:23.608306
ACC_007909,HDFC,False,,2017-12-30T22:36:23.608311
ACC_007910,SBI,False,,2024-11-02T22:36:23.608316
ACC_007911,SBI,False,,2020-04-17T22:36:23.608321
ACC_007912,Axis,False,,2022-11-27T22:36:23.608326
ACC_007913,HDFC,False,,2021-05-10T22:36:23.608334
ACC_007914,SBI,False,,2017-01-13T22:36:23.608339
ACC_007915,Axis,False,,2025-03-17T22:36:23.608344
ACC_007916,ICICI,False,,2023-08-26T22:36:23.608349
ACC_007917,SBI,False,,2021-11-20T22:36:23.608354
ACC_007918,Axis,False,,2023-02-19T22:36:23.608359
ACC_007919,Axis,False,,2017-11-03T22:36:23.608364
ACC_007920,HDFC,False,,2024-07-24T22:36:23.608369
ACC_007921,SBI,False,,2024-02-20T22:36:23.608373
ACC_007922,SBI,False,,2017-05-25T22:36:23.608378
ACC_007923,HDFC,False,,2020-10-14T22:36:23.608383
ACC_007924,Axis,False,,2021-08-03T22:36:23.608388
ACC_007925,Axis,False,,2025-06-20T22:36:23.608393
ACC_007926,ICICI,False,,2018-07-31T22:36:23.608398
ACC_007927,HDFC,False,,2021-01-02T22:36:23.608403
ACC_007928,Axis,False,,2025-04-28T22:36:23.608408
ACC_007929,ICICI,False,,2020-10-21T22:36:23.608413
ACC_007930,Axis,False,,2024-12-12T22:36:23.608418
ACC_007931,HDFC,False,,2024-09-20T22:36:23.608423
ACC_007932,ICICI,False,,2018-03-31T22:36:23.608428
ACC_007933,ICICI,False,,2020-05-17T22:36:23.608433
ACC_007934,Axis,False,,2020-01-05T22:36:23.608437
ACC_007935,SBI,False,,2024-02-27T22:36:23.608445
ACC_007936,HDFC,False,,2025-06-06T22:36:23.608451
ACC_007937,SBI,False,,2024-09-24T22:36:23.608456
ACC_007938,SBI,False,,2018-03-31T22:36:23.608461
ACC_007939,SBI,False,,2020-09-11T22:36:23.608465
ACC_007940,ICICI,False,,2019-06-14T22:36:23.608470
ACC_007941,ICICI,False,,2020-05-04T22:36:23.608475
ACC_007942,HDFC,False,,2016-11-03T22:36:23.608480
ACC_007943,SBI,False,,2019-03-04T22:36:23.608485
ACC_007944,Axis,False,,2024-05-26T22:36:23.608494
ACC_007945,HDFC,False,,2023-02-04T22:36:23.608499
ACC_007946,SBI,False,,2024-01-18T22:36:23.608504
ACC_007947,ICICI,False,,2024-03-16T22:36:23.608509
ACC_007948,Axis,False,,2025-07-29T22:36:23.608514
ACC_007949,ICICI,False,,2025-01-10T22:36:23.608519
ACC_007950,HDFC,False,,2024-06-08T22:36:23.608524
ACC_007951,ICICI,False,,2019-02-18T22:36:23.608529
ACC_007952,HDFC,False,,2022-04-19T22:36:23.608534
ACC_007953,SBI,False,,2022-02-12T22:36:23.608538
ACC_007954,SBI,False,,2020-04-24T22:36:23.608543
ACC_007955,SBI,False,,2023-08-02T22:36:23.608548
ACC_007956,Axis,False,,2020-05-02T22:36:23.608553
ACC_007957,Axis,False,,2023-04-19T22:36:23.608558
ACC_007958,HDFC,False,,2023-10-07T22:36:23.608563
ACC_007959,Axis,False,,2019-07-01T22:36:23.608568
ACC_007960,HDFC,False,,2024-01-23T22:36:23.608573
ACC_007961,SBI,False,,2019-12-25T22:36:23.608578
ACC_007962,SBI,False,,2017-03-03T22:36:23.608583
ACC_007963,HDFC,False,,2020-05-05T22:36:23.608588
ACC_007964,HDFC,False,,2019-05-09T22:36:23.608593
ACC_007965,SBI,False,,2022-12-06T22:36:23.608598
ACC_007966,Axis,False,,2018-09-07T22:36:23.608603
ACC_007967,ICICI,False,,2023-03-04T22:36:23.608611
ACC_007968,ICICI,False,,2021-02-21T22:36:23.608616
ACC_007969,HDFC,False,,2017-04-06T22:36:23.608620
ACC_007970,Axis,False,,2025-03-21T22:36:23.608625
ACC_007971,ICICI,False,,2016-12-11T22:36:23.608630
ACC_007972,Axis,False,,2025-05-22T22:36:23.608635
ACC_007973,SBI,False,,2018-03-02T22:36:23.608640
ACC_007974,ICICI,False,,2021-04-26T22:36:23.608645
ACC_007975,Axis,False,,2018-11-25T22:36:23.608649
ACC_007976,SBI,False,,2017-04-21T22:36:23.608657
ACC_007977,SBI,False,,2020-04-28T22:36:23.608662
ACC_007978,Axis,False,,2018-06-15T22:36:23.608668
ACC_007979,SBI,False,,2022-12-29T22:36:23.608672
ACC_007980,ICICI,False,,2020-02-15T22:36:23.608678
ACC_007981,HDFC,False,,2020-11-05T22:36:23.608683
ACC_007982,HDFC,False,,2021-01-07T22:36:23.608688
ACC_007983,HDFC,False,,2019-05-27T22:36:23.608693
ACC_007984,HDFC,False,,2017-10-19T22:36:23.608698
ACC_007985,SBI,False,,2017-01-12T22:36:23.608703
ACC_007986,HDFC,False,,2021-07-22T22:36:23.608708
ACC_007987,ICICI,False,,2021-04-16T22:36:23.608713
ACC_007988,ICICI,False,,2020-06-28T22:36:23.608718
ACC_007989,ICICI,False,,2022-04-18T22:36:23.608723
ACC_007990,ICICI,False,,2022-03-30T22:36:23.608728
ACC_007991,Axis,False,,2019-12-19T22:36:23.608733
ACC_007992,Axis,False,,2021-05-15T22:36:23.608738
ACC_007993,SBI,False,,2020-06-08T22:36:23.608743
ACC_007994,ICICI,False,,2024-09-05T22:36:23.608748
ACC_007995,Axis,False,,2021-11-10T22:36:23.608756
ACC_007996,HDFC,False,,2022-11-17T22:36:23.608762
ACC_007997,ICICI,False,,2022-08-28T22:36:23.608766
ACC_007998,ICICI,False,,2019-01-13T22:36:23.608771
ACC_007999,SBI,False,,2022-03-10T22:36:23.608779
ACC_008000,ICICI,False,,2023-01-06T22:36:23.608784
ACC_008001,SBI,False,,2021-10-16T22:36:23.608789
ACC_008002,ICICI,False,,2023-07-20T22:36:23.608794
ACC_008003,ICICI,False,,2019-11-23T22:36:23.608799
ACC_008004,Axis,False,,2022-07-30T22:36:23.608804
ACC_008005,ICICI,False,,2018-12-30T22:36:23.608808
ACC_008006,Axis,False,,2018-03-10T22:36:23.608813
ACC_008007,SBI,False,,2017-01-30T22:36:23.608818
ACC_008008,SBI,False,,2016-09-14T22:36:23.608826
ACC_008009,ICICI,False,,2023-07-27T22:36:23.608831
ACC_008010,ICICI,False,,2017-09-16T22:36:23.608836
ACC_008011,ICICI,False,,2023-05-29T22:36:23.608841
ACC_008012,Axis,False,,2019-03-06T22:36:23.608846
ACC_008013,SBI,False,,2024-05-20T22:36:23.608851
ACC_008014,ICICI,False,,2018-07-16T22:36:23.608856
ACC_008015,SBI,False,,2023-05-24T22:36:23.608861
ACC_008016,ICICI,False,,2023-08-25T22:36:23.608866
ACC_008017,Axis,False,,2021-06-30T22:36:23.608871
ACC_008018,SBI,False,,2021-04-22T22:36:23.608876
ACC_008019,Axis,False,,2017-08-28T22:36:23.608881
ACC_008020,ICICI,False,,2019-04-30T22:36:23.608885
ACC_008021,Axis,False,,2019-09-03T22:36:23.608891
ACC_008022,ICICI,False,,2024-01-22T22:36:23.608895
ACC_008023,ICICI,False,,2018-11-26T22:36:23.608900
ACC_008024,HDFC,False,,2022-11-13T22:36:23.608905
ACC_008025,HDFC,False,,2021-06-23T22:36:23.608910
ACC_008026,Axis,False,,2025-08-30T22:36:23.608915
ACC_008027,HDFC,False,,2023-08-01T22:36:23.608920
ACC_008028,ICICI,False,,2020-02-24T22:36:23.608925
ACC_008029,Axis,False,,2019-07-11T22:36:23.608930
ACC_008030,ICICI,False,,2019-12-20T22:36:23.608935
ACC_008031,Axis,False,,2023-06-20T22:36:23.608943
ACC_008032,ICICI,False,,2025-02-16T22:36:23.608948
ACC_008033,Axis,False,,2018-08-28T22:36:23.608953
ACC_008034,Axis,False,,2019-01-09T22:36:23.608958
ACC_008035,HDFC,False,,2020-05-10T22:36:23.608962
ACC_008036,Axis,False,,2021-05-12T22:36:23.608967
ACC_008037,ICICI,False,,2024-05-11T22:36:23.608972
ACC_008038,SBI,False,,2023-09-02T22:36:23.608977
ACC_008039,HDFC,False,,2021-08-24T22:36:23.608982
ACC_008040,HDFC,False,,2025-03-28T22:36:23.608990
