cashout_id,complaint_id,final_account,zone_id,location_id,amount_cashed_out,status,event_timestamp
CSH_CMP_202600001,CMP_202600001,ACC_002777,Z009,ATM_Z009_047,5217.04,COMPLETED,2025-01-28T19:11:00
CSH_CMP_202600002,CMP_202600002,ACC_000478,Z002,ATM_Z002_014,8351.47,COMPLETED,2025-03-03T22:22:00
CSH_CMP_202600003,CMP_202600003,ACC_001534,Z007,ATM_Z007_007,3384.55,COMPLETED,2025-02-11T16:10:00
CSH_CMP_202600004,CMP_202600004,ACC_002981,Z042,ATM_Z042_035,7882.13,COMPLETED,2025-04-24T17:46:00
CSH_CMP_202600005,CMP_202600005,ACC_002443,Z002,ATM_Z002_033,12722.38,COMPLETED,2025-06-22T11:50:00
CSH_CMP_202600006,CMP_202600006,ACC_001912,Z049,ATM_Z049_015,42008.61,COMPLETED,2025-06-05T17:28:00
CSH_CMP_202600007,CMP_202600007,ACC_001025,Z006,ATM_Z006_002,12630.24,COMPLETED,2025-01-07T07:03:00
CSH_CMP_202600008,CMP_202600008,ACC_001231,Z003,ATM_Z003_012,2766.92,COMPLETED,2025-04-19T05:28:00
CSH_CMP_202600009,CMP_202600009,ACC_000330,Z032,ATM_Z032_012,17417.67,COMPLETED,2025-02-12T12:35:00
CSH_CMP_202600010,CMP_202600010,ACC_001534,Z032,ATM_Z032_001,94159.15,COMPLETED,2025-05-22T12:15:00
CSH_CMP_202600011,CMP_202600011,ACC_000639,Z038,ATM_Z038_018,71989.43,COMPLETED,2025-05-12T09:38:00
CSH_CMP_202600012,CMP_202600012,ACC_001229,Z075,ATM_Z075_005,11938.62,COMPLETED,2025-02-14T15:19:00
CSH_CMP_202600013,CMP_202600013,ACC_001024,Z006,ATM_Z006_034,2886.6,COMPLETED,2025-03-15T12:57:00
CSH_CMP_202600014,CMP_202600014,ACC_001229,Z003,ATM_Z003_020,4302.89,COMPLETED,2025-04-01T18:18:00
CSH_CMP_202600015,CMP_202600015,ACC_001996,Z015,ATM_Z015_029,5872.27,COMPLETED,2025-04-07T19:21:00
CSH_CMP_202600016,CMP_202600016,ACC_002779,Z057,ATM_Z057_017,1147464.75,COMPLETED,2025-06-16T10:16:00
CSH_CMP_202600017,CMP_202600017,ACC_001244,Z056,ATM_Z056_005,188686.28,COMPLETED,2025-04-30T14:52:00
CSH_CMP_202600018,CMP_202600018,ACC_001945,Z001,ATM_Z001_010,22385.86,COMPLETED,2025-05-12T19:32:00
CSH_CMP_202600019,CMP_202600019,ACC_002319,Z010,ATM_Z010_019,2595.62,COMPLETED,2025-03-11T17:24:00
CSH_CMP_202600020,CMP_202600020,ACC_000782,Z051,ATM_Z051_010,49091.56,COMPLETED,2025-05-30T14:13:00
CSH_CMP_202600021,CMP_202600021,ACC_002983,Z026,ATM_Z026_026,40377.12,COMPLETED,2025-06-19T14:53:00
CSH_CMP_202600022,CMP_202600022,ACC_000330,Z010,ATM_Z010_044,9552.21,COMPLETED,2025-03-19T14:04:00
CSH_CMP_202600023,CMP_202600023,ACC_001236,Z003,ATM_Z003_041,6728.96,COMPLETED,2025-06-21T15:44:00
CSH_CMP_202600024,CMP_202600024,ACC_002223,Z017,ATM_Z017_028,14519.13,COMPLETED,2025-02-09T15:52:00
CSH_CMP_202600025,CMP_202600025,ACC_001229,Z003,ATM_Z003_027,16834.86,COMPLETED,2025-05-11T15:00:00
CSH_CMP_202600026,CMP_202600026,ACC_002441,Z010,ATM_Z010_002,10015.28,COMPLETED,2025-05-26T14:33:00
CSH_CMP_202600027,CMP_202600027,ACC_000791,Z003,ATM_Z003_028,13523.6,COMPLETED,2025-03-20T16:32:00
CSH_CMP_202600028,CMP_202600028,ACC_002777,Z008,ATM_Z008_006,23711.55,COMPLETED,2025-03-04T16:11:00
CSH_CMP_202600029,CMP_202600029,ACC_000060,Z015,ATM_Z015_001,12840.89,COMPLETED,2025-01-03T11:13:00
CSH_CMP_202600030,CMP_202600030,ACC_001233,Z075,ATM_Z075_003,7509.45,COMPLETED,2025-02-04T13:35:00
CSH_CMP_202600031,CMP_202600031,ACC_000328,Z006,ATM_Z006_019,11273.52,COMPLETED,2025-01-26T13:51:00
CSH_CMP_202600032,CMP_202600032,ACC_001913,Z002,ATM_Z002_023,29642.13,COMPLETED,2025-06-06T13:22:00
CSH_CMP_202600033,CMP_202600033,ACC_001542,Z002,ATM_Z002_043,24622.9,COMPLETED,2025-06-17T16:04:00
CSH_CMP_202600034,CMP_202600034,ACC_000782,Z051,ATM_Z051_042,17087.73,COMPLETED,2025-04-29T11:15:00
CSH_CMP_202600035,CMP_202600035,ACC_002242,Z050,ATM_Z050_009,8064.91,COMPLETED,2025-05-31T19:23:00
CSH_CMP_202600036,CMP_202600036,ACC_002786,Z008,ATM_Z008_018,55710.47,COMPLETED,2025-06-18T19:06:00
CSH_CMP_202600037,CMP_202600037,ACC_002983,Z017,ATM_Z017_014,8526.05,COMPLETED,2025-04-17T18:36:00
CSH_CMP_202600038,CMP_202600038,ACC_000328,Z026,ATM_Z026_028,9692.73,COMPLETED,2025-03-12T10:57:00
CSH_CMP_202600039,CMP_202600039,ACC_002775,Z011,ATM_Z011_031,867017.89,COMPLETED,2025-06-01T08:52:00
CSH_CMP_202600040,CMP_202600040,ACC_002777,Z009,ATM_Z009_017,293957.38,COMPLETED,2025-06-05T19:06:00
CSH_CMP_202600041,CMP_202600041,ACC_001023,Z006,ATM_Z006_050,77254.07,COMPLETED,2025-05-16T18:48:00
CSH_CMP_202600042,CMP_202600042,ACC_001912,Z002,ATM_Z002_002,20935.75,COMPLETED,2025-05-08T16:24:00
CSH_CMP_202600043,CMP_202600043,ACC_000060,Z027,ATM_Z027_047,11836.8,COMPLETED,2025-02-13T14:49:00
CSH_CMP_202600044,CMP_202600044,ACC_000268,Z052,ATM_Z052_008,92830.18,COMPLETED,2025-03-15T16:26:00
CSH_CMP_202600045,CMP_202600045,ACC_002903,Z068,ATM_Z068_006,16135.1,COMPLETED,2025-01-17T15:57:00
CSH_CMP_202600046,CMP_202600046,ACC_001021,Z026,ATM_Z026_031,205188.55,COMPLETED,2025-02-15T18:50:00
CSH_CMP_202600047,CMP_202600047,ACC_002983,Z045,ATM_Z045_013,0.0,FROZEN,2025-03-29T14:02:00
CSH_CMP_202600048,CMP_202600048,ACC_000007,Z016,ATM_Z016_039,54643.7,COMPLETED,2025-01-05T15:32:00
CSH_CMP_202600049,CMP_202600049,ACC_001537,Z002,ATM_Z002_003,4294.42,COMPLETED,2025-06-01T11:46:00
CSH_CMP_202600050,CMP_202600050,ACC_002779,Z036,ATM_Z036_022,14032.08,COMPLETED,2025-03-18T12:01:00
CSH_CMP_202600051,CMP_202600051,ACC_002781,Z042,ATM_Z042_019,235116.08,COMPLETED,2025-05-16T14:50:00
CSH_CMP_202600052,CMP_202600052,ACC_000782,Z038,ATM_Z038_036,85617.64,COMPLETED,2025-02-05T16:14:00
CSH_CMP_202600053,CMP_202600053,ACC_001480,Z017,ATM_Z017_036,3520.16,COMPLETED,2025-04-14T13:17:00
CSH_CMP_202600054,CMP_202600054,ACC_002984,Z017,ATM_Z017_011,27442.56,COMPLETED,2025-03-27T14:23:00
CSH_CMP_202600055,CMP_202600055,ACC_002289,Z015,ATM_Z015_032,51019.42,COMPLETED,2025-03-03T17:00:00
CSH_CMP_202600056,CMP_202600056,ACC_001534,Z007,ATM_Z007_026,2351318.07,COMPLETED,2025-04-21T17:35:00
CSH_CMP_202600057,CMP_202600057,ACC_001913,Z001,ATM_Z001_016,0.0,FROZEN,2025-03-15T17:47:00
CSH_CMP_202600058,CMP_202600058,ACC_000439,Z015,ATM_Z015_047,5442.54,COMPLETED,2025-06-25T11:05:00
CSH_CMP_202600059,CMP_202600059,ACC_002223,Z050,ATM_Z050_001,33019.45,COMPLETED,2025-03-26T00:22:00
CSH_CMP_202600060,CMP_202600060,ACC_001023,Z006,ATM_Z006_025,7134.15,COMPLETED,2025-01-16T20:19:00
CSH_CMP_202600061,CMP_202600061,ACC_000961,Z004,ATM_Z004_033,29133.7,COMPLETED,2025-02-26T19:44:00
CSH_CMP_202600062,CMP_202600062,ACC_002223,Z017,ATM_Z017_037,180545.23,COMPLETED,2025-03-10T20:08:00
CSH_CMP_202600063,CMP_202600063,ACC_002984,Z026,ATM_Z026_045,3081.49,COMPLETED,2025-03-14T18:24:00
CSH_CMP_202600064,CMP_202600064,ACC_002445,Z011,ATM_Z011_025,11435.84,COMPLETED,2025-06-10T15:40:00
CSH_CMP_202600065,CMP_202600065,ACC_001280,Z075,ATM_Z075_007,2174.08,COMPLETED,2025-03-04T16:43:00
CSH_CMP_202600066,CMP_202600066,ACC_002234,Z009,ATM_Z009_049,1666.22,COMPLETED,2025-02-04T17:08:00
CSH_CMP_202600067,CMP_202600067,ACC_000330,Z010,ATM_Z010_002,15809.05,COMPLETED,2025-06-26T17:57:00
CSH_CMP_202600068,CMP_202600068,ACC_002290,Z015,ATM_Z015_040,44936.01,COMPLETED,2025-01-06T16:57:00
CSH_CMP_202600069,CMP_202600069,ACC_000267,Z006,ATM_Z006_012,1378.31,COMPLETED,2025-02-22T13:35:00
CSH_CMP_202600070,CMP_202600070,ACC_002223,Z009,ATM_Z009_038,8188.87,COMPLETED,2025-01-22T14:54:00
CSH_CMP_202600071,CMP_202600071,ACC_000801,Z003,ATM_Z003_018,68827.06,COMPLETED,2025-06-02T11:57:00
CSH_CMP_202600072,CMP_202600072,ACC_000811,Z051,ATM_Z051_036,13112.51,COMPLETED,2025-01-06T14:24:00
CSH_CMP_202600073,CMP_202600073,ACC_001230,Z003,ATM_Z003_034,59196.06,COMPLETED,2025-02-04T07:22:00
CSH_CMP_202600074,CMP_202600074,ACC_001910,Z007,ATM_Z007_009,645686.6,COMPLETED,2025-03-08T15:49:00
CSH_CMP_202600075,CMP_202600075,ACC_002444,Z011,ATM_Z011_048,421316.74,COMPLETED,2025-05-13T14:42:00
CSH_CMP_202600076,CMP_202600076,ACC_002444,Z011,ATM_Z011_045,1654.22,COMPLETED,2025-02-12T12:13:00
CSH_CMP_202600077,CMP_202600077,ACC_000331,Z032,ATM_Z032_021,124107.02,COMPLETED,2025-04-23T12:39:00
CSH_CMP_202600078,CMP_202600078,ACC_001023,Z046,ATM_Z046_039,6300.02,COMPLETED,2025-05-10T14:46:00
CSH_CMP_202600079,CMP_202600079,ACC_002232,Z050,ATM_Z050_002,1837.41,COMPLETED,2025-05-03T19:43:00
CSH_CMP_202600080,CMP_202600080,ACC_000004,Z016,ATM_Z016_024,39675.02,COMPLETED,2025-01-01T12:05:00
CSH_CMP_202600081,CMP_202600081,ACC_002302,Z015,ATM_Z015_037,9668.92,COMPLETED,2025-05-16T11:00:00
CSH_CMP_202600082,CMP_202600082,ACC_001063,Z046,ATM_Z046_009,4222.52,COMPLETED,2025-05-22T16:11:00
CSH_CMP_202600083,CMP_202600083,ACC_000062,Z009,ATM_Z009_042,7601.19,COMPLETED,2025-01-13T20:45:00
CSH_CMP_202600084,CMP_202600084,ACC_000266,Z052,ATM_Z052_026,32063.74,COMPLETED,2025-03-05T14:30:00
CSH_CMP_202600085,CMP_202600085,ACC_000473,Z046,ATM_Z046_020,22771.13,COMPLETED,2025-06-22T09:42:00
CSH_CMP_202600086,CMP_202600086,ACC_002443,Z002,ATM_Z002_049,22652.85,COMPLETED,2025-04-29T12:04:00
CSH_CMP_202600087,CMP_202600087,ACC_000798,Z038,ATM_Z038_016,3699.7,COMPLETED,2025-02-17T15:50:00
CSH_CMP_202600088,CMP_202600088,ACC_001536,Z060,ATM_Z060_040,12144.67,COMPLETED,2025-05-13T05:18:00
CSH_CMP_202600089,CMP_202600089,ACC_002934,Z042,ATM_Z042_026,109614.99,COMPLETED,2025-06-22T07:42:00
CSH_CMP_202600090,CMP_202600090,ACC_002289,Z015,ATM_Z015_016,30967.37,COMPLETED,2025-01-27T16:03:00
CSH_CMP_202600091,CMP_202600091,ACC_001916,Z001,ATM_Z001_049,549439.93,COMPLETED,2025-05-07T11:31:00
CSH_CMP_202600092,CMP_202600092,ACC_002221,Z032,ATM_Z032_045,9520.82,COMPLETED,2025-03-25T13:00:00
CSH_CMP_202600093,CMP_202600093,ACC_001028,Z006,ATM_Z006_007,14115.45,COMPLETED,2025-06-13T20:10:00
CSH_CMP_202600094,CMP_202600094,ACC_001534,Z002,ATM_Z002_013,153211.48,COMPLETED,2025-03-01T06:34:00
CSH_CMP_202600095,CMP_202600095,ACC_000267,Z006,ATM_Z006_027,18519.6,COMPLETED,2025-06-05T14:41:00
CSH_CMP_202600096,CMP_202600096,ACC_002290,Z015,ATM_Z015_003,20565.24,COMPLETED,2025-06-11T19:19:00
CSH_CMP_202600097,CMP_202600097,ACC_000331,Z002,ATM_Z002_033,7806.67,COMPLETED,2025-02-22T18:22:00
CSH_CMP_202600098,CMP_202600098,ACC_001534,Z001,ATM_Z001_017,861966.81,COMPLETED,2025-05-27T04:57:00
CSH_CMP_202600099,CMP_202600099,ACC_000472,Z068,ATM_Z068_009,24301.88,COMPLETED,2025-03-03T12:00:00
CSH_CMP_202600100,CMP_202600100,ACC_001034,Z075,ATM_Z075_046,3019.98,COMPLETED,2025-03-01T18:04:00
CSH_CMP_202600101,CMP_202600101,ACC_000264,Z009,ATM_Z009_043,11542.92,COMPLETED,2025-05-27T19:17:00
CSH_CMP_202600102,CMP_202600102,ACC_000474,Z004,ATM_Z004_016,4266.47,COMPLETED,2025-05-14T10:25:00
CSH_CMP_202600103,CMP_202600103,ACC_000266,Z052,ATM_Z052_012,12218.82,COMPLETED,2025-01-27T11:40:00
CSH_CMP_202600104,CMP_202600104,ACC_002984,Z017,ATM_Z017_034,5116.85,COMPLETED,2025-02-17T23:20:00
CSH_CMP_202600105,CMP_202600105,ACC_001919,Z009,ATM_Z009_043,280804.99,COMPLETED,2025-06-21T08:08:00
CSH_CMP_202600106,CMP_202600106,ACC_002985,Z045,ATM_Z045_036,21144.31,COMPLETED,2025-01-01T16:11:00
CSH_CMP_202600107,CMP_202600107,ACC_001024,Z006,ATM_Z006_007,4260.09,COMPLETED,2025-03-30T09:53:00
CSH_CMP_202600108,CMP_202600108,ACC_002223,Z017,ATM_Z017_011,7246.06,COMPLETED,2025-02-18T18:24:00
CSH_CMP_202600109,CMP_202600109,ACC_001229,Z003,ATM_Z003_002,2059.6,COMPLETED,2025-01-02T13:53:00
CSH_CMP_202600110,CMP_202600110,ACC_000003,Z016,ATM_Z016_048,10143.96,COMPLETED,2025-05-16T19:02:00
CSH_CMP_202600111,CMP_202600111,ACC_000919,Z038,ATM_Z038_002,93005.73,COMPLETED,2025-04-15T18:33:00
CSH_CMP_202600112,CMP_202600112,ACC_002984,Z045,ATM_Z045_048,47891.96,COMPLETED,2025-04-24T07:06:00
CSH_CMP_202600113,CMP_202600113,ACC_002781,Z009,ATM_Z009_050,154751.17,COMPLETED,2025-04-09T17:39:00
CSH_CMP_202600114,CMP_202600114,ACC_002443,Z011,ATM_Z011_021,8647.26,COMPLETED,2025-04-12T15:35:00
CSH_CMP_202600115,CMP_202600115,ACC_000782,Z026,ATM_Z026_011,12664.58,COMPLETED,2025-02-21T10:37:00
CSH_CMP_202600116,CMP_202600116,ACC_002229,Z017,ATM_Z017_026,22643.76,COMPLETED,2025-06-04T11:54:00
CSH_CMP_202600117,CMP_202600117,ACC_000474,Z002,ATM_Z002_043,89061.51,COMPLETED,2025-04-21T14:45:00
CSH_CMP_202600118,CMP_202600118,ACC_001537,Z002,ATM_Z002_015,82446.3,COMPLETED,2025-01-20T12:33:00
CSH_CMP_202600119,CMP_202600119,ACC_002443,Z002,ATM_Z002_027,7429.36,COMPLETED,2025-05-19T15:45:00
CSH_CMP_202600120,CMP_202600120,ACC_000002,Z016,ATM_Z016_026,7743.66,COMPLETED,2025-05-27T20:41:00
CSH_CMP_202600121,CMP_202600121,ACC_002777,Z056,ATM_Z056_012,78904.36,COMPLETED,2025-04-14T19:57:00
CSH_CMP_202600122,CMP_202600122,ACC_000330,Z075,ATM_Z075_034,72927.35,COMPLETED,2025-06-22T12:00:00
CSH_CMP_202600123,CMP_202600123,ACC_002231,Z017,ATM_Z017_022,16962.19,COMPLETED,2025-05-27T14:28:00
CSH_CMP_202600124,CMP_202600124,ACC_002443,Z002,ATM_Z002_033,158022.1,COMPLETED,2025-06-19T16:53:00
CSH_CMP_202600125,CMP_202600125,ACC_000481,Z004,ATM_Z004_033,46218.91,COMPLETED,2025-06-05T23:04:00
CSH_CMP_202600126,CMP_202600126,ACC_001240,Z004,ATM_Z004_025,2649.29,COMPLETED,2025-01-24T15:38:00
CSH_CMP_202600127,CMP_202600127,ACC_001534,Z001,ATM_Z001_013,188911.89,COMPLETED,2025-04-22T20:54:00
CSH_CMP_202600128,CMP_202600128,ACC_001230,Z003,ATM_Z003_049,12836.29,COMPLETED,2025-06-14T10:29:00
CSH_CMP_202600129,CMP_202600129,ACC_001051,Z046,ATM_Z046_009,17640.93,COMPLETED,2025-06-25T16:58:00
CSH_CMP_202600130,CMP_202600130,ACC_002227,Z009,ATM_Z009_031,2033.68,COMPLETED,2025-03-10T13:48:00
CSH_CMP_202600131,CMP_202600131,ACC_000266,Z052,ATM_Z052_022,56937.61,COMPLETED,2025-02-12T12:52:00
CSH_CMP_202600132,CMP_202600132,ACC_001536,Z063,ATM_Z063_034,14454.21,COMPLETED,2025-01-27T16:46:00
CSH_CMP_202600133,CMP_202600133,ACC_000474,Z002,ATM_Z002_015,45570.92,COMPLETED,2025-03-25T16:41:00
CSH_CMP_202600134,CMP_202600134,ACC_000021,Z016,ATM_Z016_004,23650.68,COMPLETED,2025-06-10T17:47:00
CSH_CMP_202600135,CMP_202600135,ACC_000337,Z009,ATM_Z009_014,54271.57,COMPLETED,2025-03-02T16:37:00
CSH_CMP_202600136,CMP_202600136,ACC_002981,Z068,ATM_Z068_012,341564.53,COMPLETED,2025-05-15T10:07:00
CSH_CMP_202600137,CMP_202600137,ACC_001229,Z035,ATM_Z035_022,120004.17,COMPLETED,2025-02-01T17:13:00
CSH_CMP_202600138,CMP_202600138,ACC_001543,Z001,ATM_Z001_043,40199.71,COMPLETED,2025-01-15T15:08:00
CSH_CMP_202600139,CMP_202600139,ACC_000780,Z016,ATM_Z016_006,15383.43,COMPLETED,2025-04-04T14:41:00
CSH_CMP_202600140,CMP_202600140,ACC_002454,Z011,ATM_Z011_021,7683.02,COMPLETED,2025-01-07T09:44:00
CSH_CMP_202600141,CMP_202600141,ACC_002777,Z042,ATM_Z042_019,162674.71,COMPLETED,2025-02-23T08:22:00
CSH_CMP_202600142,CMP_202600142,ACC_000474,Z046,ATM_Z046_009,16471.0,COMPLETED,2025-05-15T20:10:00
CSH_CMP_202600143,CMP_202600143,ACC_000785,Z026,ATM_Z026_005,5540.43,COMPLETED,2025-04-05T13:38:00
CSH_CMP_202600144,CMP_202600144,ACC_000369,Z036,ATM_Z036_011,10734.06,COMPLETED,2025-06-15T10:50:00
CSH_CMP_202600145,CMP_202600145,ACC_000470,Z010,ATM_Z010_037,26966.92,COMPLETED,2025-01-07T16:19:00
CSH_CMP_202600146,CMP_202600146,ACC_000004,Z009,ATM_Z009_004,6005.57,COMPLETED,2025-06-08T10:19:00
CSH_CMP_202600147,CMP_202600147,ACC_001534,Z001,ATM_Z001_042,3241873.43,COMPLETED,2025-01-31T17:04:00
CSH_CMP_202600148,CMP_202600148,ACC_001912,Z009,ATM_Z009_037,296406.9,COMPLETED,2025-03-25T10:16:00
CSH_CMP_202600149,CMP_202600149,ACC_002777,Z008,ATM_Z008_040,124563.62,COMPLETED,2025-03-23T12:57:00
CSH_CMP_202600150,CMP_202600150,ACC_002289,Z010,ATM_Z010_014,2463.88,COMPLETED,2025-02-16T15:06:00
CSH_CMP_202600151,CMP_202600151,ACC_001265,Z035,ATM_Z035_045,4446.9,COMPLETED,2025-02-05T09:40:00
CSH_CMP_202600152,CMP_202600152,ACC_002441,Z015,ATM_Z015_023,22327.06,COMPLETED,2025-06-20T19:10:00
CSH_CMP_202600153,CMP_202600153,ACC_002803,Z042,ATM_Z042_006,27555.08,COMPLETED,2025-05-27T22:02:00
CSH_CMP_202600154,CMP_202600154,ACC_000475,Z011,ATM_Z011_014,9803.79,COMPLETED,2025-03-12T15:02:00
CSH_CMP_202600155,CMP_202600155,ACC_002224,Z009,ATM_Z009_009,4544.4,COMPLETED,2025-01-24T17:37:00
CSH_CMP_202600156,CMP_202600156,ACC_000003,Z057,ATM_Z057_013,13119.63,COMPLETED,2025-01-30T12:28:00
CSH_CMP_202600157,CMP_202600157,ACC_002987,Z026,ATM_Z026_002,25860.63,COMPLETED,2025-03-17T17:20:00
CSH_CMP_202600158,CMP_202600158,ACC_002726,Z002,ATM_Z002_023,1868.98,COMPLETED,2025-02-05T16:27:00
CSH_CMP_202600159,CMP_202600159,ACC_002306,Z010,ATM_Z010_008,1541.96,COMPLETED,2025-06-17T11:18:00
CSH_CMP_202600160,CMP_202600160,ACC_000266,Z052,ATM_Z052_014,16060.47,COMPLETED,2025-04-20T00:38:00
CSH_CMP_202600161,CMP_202600161,ACC_002777,Z042,ATM_Z042_011,4739.94,COMPLETED,2025-01-20T17:20:00
CSH_CMP_202600162,CMP_202600162,ACC_001913,Z001,ATM_Z001_040,3973.36,COMPLETED,2025-04-24T19:42:00
CSH_CMP_202600163,CMP_202600163,ACC_000782,Z051,ATM_Z051_009,9005.62,COMPLETED,2025-05-25T13:50:00
CSH_CMP_202600164,CMP_202600164,ACC_002777,Z008,ATM_Z008_036,56669.39,COMPLETED,2025-04-22T16:10:00
CSH_CMP_202600165,CMP_202600165,ACC_000331,Z075,ATM_Z075_035,23323.17,COMPLETED,2025-04-13T00:24:00
CSH_CMP_202600166,CMP_202600166,ACC_000002,Z009,ATM_Z009_006,35188.66,COMPLETED,2025-06-21T09:53:00
CSH_CMP_202600167,CMP_202600167,ACC_000002,Z016,ATM_Z016_002,4905.62,COMPLETED,2025-05-16T08:20:00
CSH_CMP_202600168,CMP_202600168,ACC_000014,Z016,ATM_Z016_039,358234.05,COMPLETED,2025-02-16T07:57:00
CSH_CMP_202600169,CMP_202600169,ACC_001030,Z046,ATM_Z046_045,6587.84,COMPLETED,2025-03-07T05:05:00
CSH_CMP_202600170,CMP_202600170,ACC_002778,Z068,ATM_Z068_038,49690.92,COMPLETED,2025-01-09T17:21:00
CSH_CMP_202600171,CMP_202600171,ACC_000334,Z051,ATM_Z051_039,2595.62,COMPLETED,2025-06-29T12:56:00
CSH_CMP_202600172,CMP_202600172,ACC_001535,Z002,ATM_Z002_025,10393.69,COMPLETED,2025-06-15T09:29:00
CSH_CMP_202600173,CMP_202600173,ACC_000060,Z015,ATM_Z015_049,11023.41,COMPLETED,2025-05-05T06:52:00
CSH_CMP_202600174,CMP_202600174,ACC_000814,Z051,ATM_Z051_005,14662.74,COMPLETED,2025-02-23T11:03:00
CSH_CMP_202600175,CMP_202600175,ACC_002289,Z015,ATM_Z015_041,5493.24,COMPLETED,2025-04-21T08:39:00
CSH_CMP_202600176,CMP_202600176,ACC_002443,Z009,ATM_Z009_033,9912.97,COMPLETED,2025-05-20T15:17:00
CSH_CMP_202600177,CMP_202600177,ACC_001925,Z049,ATM_Z049_034,34453.73,COMPLETED,2025-04-25T11:44:00
CSH_CMP_202600178,CMP_202600178,ACC_001536,Z007,ATM_Z007_017,11434.57,COMPLETED,2025-05-27T19:00:00
CSH_CMP_202600179,CMP_202600179,ACC_001534,Z007,ATM_Z007_020,547788.52,COMPLETED,2025-05-02T14:26:00
CSH_CMP_202600180,CMP_202600180,ACC_001914,Z002,ATM_Z002_036,63241.33,COMPLETED,2025-06-15T18:32:00
CSH_CMP_202600181,CMP_202600181,ACC_002984,Z004,ATM_Z004_008,110309.41,COMPLETED,2025-04-11T05:50:00
CSH_CMP_202600182,CMP_202600182,ACC_000783,Z026,ATM_Z026_022,17071.48,COMPLETED,2025-05-07T15:19:00
CSH_CMP_202600183,CMP_202600183,ACC_002294,Z010,ATM_Z010_045,5013.75,COMPLETED,2025-01-28T15:54:00
CSH_CMP_202600184,CMP_202600184,ACC_002223,Z029,ATM_Z029_018,1874.22,COMPLETED,2025-04-09T12:23:00
CSH_CMP_202600185,CMP_202600185,ACC_001535,Z007,ATM_Z007_008,6920.61,COMPLETED,2025-06-28T11:19:00
CSH_CMP_202600186,CMP_202600186,ACC_001043,Z002,ATM_Z002_045,22437.1,COMPLETED,2025-04-02T13:10:00
CSH_CMP_202600187,CMP_202600187,ACC_000009,Z009,ATM_Z009_018,14526.96,COMPLETED,2025-03-13T17:03:00
CSH_CMP_202600188,CMP_202600188,ACC_000004,Z016,ATM_Z016_026,45269.09,COMPLETED,2025-04-13T12:53:00
CSH_CMP_202600189,CMP_202600189,ACC_001246,Z004,ATM_Z004_041,20377.56,COMPLETED,2025-01-25T16:37:00
CSH_CMP_202600190,CMP_202600190,ACC_001077,Z006,ATM_Z006_045,21410.07,COMPLETED,2025-04-19T11:52:00
CSH_CMP_202600191,CMP_202600191,ACC_001916,Z009,ATM_Z009_047,17349.92,COMPLETED,2025-03-21T23:21:00
CSH_CMP_202600192,CMP_202600192,ACC_002114,Z002,ATM_Z002_014,1390.42,COMPLETED,2025-01-15T19:31:00
CSH_CMP_202600193,CMP_202600193,ACC_001023,Z006,ATM_Z006_039,69473.01,COMPLETED,2025-04-16T19:00:00
CSH_CMP_202600194,CMP_202600194,ACC_000009,Z009,ATM_Z009_048,2244.02,COMPLETED,2025-01-02T07:05:00
CSH_CMP_202600195,CMP_202600195,ACC_002777,Z042,ATM_Z042_037,208525.15,COMPLETED,2025-04-21T11:20:00
CSH_CMP_202600196,CMP_202600196,ACC_001296,Z004,ATM_Z004_025,22332.99,COMPLETED,2025-02-26T12:36:00
CSH_CMP_202600197,CMP_202600197,ACC_002775,Z002,ATM_Z002_045,39612.71,COMPLETED,2025-04-18T10:14:00
CSH_CMP_202600198,CMP_202600198,ACC_002983,Z004,ATM_Z004_004,9977.52,COMPLETED,2025-02-17T16:04:00
CSH_CMP_202600199,CMP_202600199,ACC_000005,Z016,ATM_Z016_041,26990.87,COMPLETED,2025-01-28T17:01:00
CSH_CMP_202600200,CMP_202600200,ACC_002443,Z002,ATM_Z002_023,5003.29,COMPLETED,2025-02-07T08:41:00
CSH_CMP_202600201,CMP_202600201,ACC_002291,Z010,ATM_Z010_033,8264.06,COMPLETED,2025-05-17T13:38:00
CSH_CMP_202600202,CMP_202600202,ACC_002769,Z036,ATM_Z036_019,73260.01,COMPLETED,2025-02-01T12:22:00
CSH_CMP_202600203,CMP_202600203,ACC_002223,Z009,ATM_Z009_040,18892.7,COMPLETED,2025-02-07T13:03:00
CSH_CMP_202600204,CMP_202600204,ACC_002444,Z009,ATM_Z009_042,12473.18,COMPLETED,2025-04-26T15:58:00
CSH_CMP_202600205,CMP_202600205,ACC_002223,Z017,ATM_Z017_039,4417.19,COMPLETED,2025-05-06T15:36:00
CSH_CMP_202600206,CMP_202600206,ACC_002443,Z009,ATM_Z009_010,2618.99,COMPLETED,2025-01-11T13:34:00
CSH_CMP_202600207,CMP_202600207,ACC_000472,Z004,ATM_Z004_019,28170.66,COMPLETED,2025-02-28T12:34:00
CSH_CMP_202600208,CMP_202600208,ACC_001852,Z001,ATM_Z001_040,157391.51,COMPLETED,2025-03-30T16:23:00
CSH_CMP_202600209,CMP_202600209,ACC_000332,Z010,ATM_Z010_042,32689.58,COMPLETED,2025-01-28T03:38:00
CSH_CMP_202600210,CMP_202600210,ACC_001912,Z002,ATM_Z002_044,103576.13,COMPLETED,2025-05-18T17:10:00
CSH_CMP_202600211,CMP_202600211,ACC_000275,Z036,ATM_Z036_046,18932.04,COMPLETED,2025-03-01T15:09:00
CSH_CMP_202600212,CMP_202600212,ACC_000503,Z046,ATM_Z046_034,67941.17,COMPLETED,2025-02-03T10:44:00
CSH_CMP_202600213,CMP_202600213,ACC_000422,Z075,ATM_Z075_012,14964.2,COMPLETED,2025-01-27T11:27:00
CSH_CMP_202600214,CMP_202600214,ACC_000331,Z002,ATM_Z002_008,39015.81,COMPLETED,2025-01-05T22:29:00
CSH_CMP_202600215,CMP_202600215,ACC_000005,Z016,ATM_Z016_036,422088.97,COMPLETED,2025-03-17T19:26:00
CSH_CMP_202600216,CMP_202600216,ACC_000473,Z046,ATM_Z046_021,2726.78,COMPLETED,2025-06-14T11:21:00
CSH_CMP_202600217,CMP_202600217,ACC_000814,Z002,ATM_Z002_012,40848.79,COMPLETED,2025-06-23T15:59:00
CSH_CMP_202600218,CMP_202600218,ACC_001773,Z016,ATM_Z016_042,0.0,FROZEN,2025-03-26T14:29:00
CSH_CMP_202600219,CMP_202600219,ACC_001024,Z006,ATM_Z006_035,70460.44,COMPLETED,2025-01-23T12:59:00
CSH_CMP_202600220,CMP_202600220,ACC_000782,Z051,ATM_Z051_034,45138.74,COMPLETED,2025-06-07T12:31:00
CSH_CMP_202600221,CMP_202600221,ACC_000342,Z032,ATM_Z032_030,31253.69,COMPLETED,2025-05-23T16:10:00
CSH_CMP_202600222,CMP_202600222,ACC_002436,Z042,ATM_Z042_009,19175.07,COMPLETED,2025-04-27T10:16:00
CSH_CMP_202600223,CMP_202600223,ACC_001104,Z006,ATM_Z006_022,5802.66,COMPLETED,2025-04-27T10:53:00
CSH_CMP_202600224,CMP_202600224,ACC_001534,Z002,ATM_Z002_019,43910.01,COMPLETED,2025-04-28T18:37:00
CSH_CMP_202600225,CMP_202600225,ACC_001028,Z046,ATM_Z046_039,8406.52,COMPLETED,2025-01-20T12:29:00
CSH_CMP_202600226,CMP_202600226,ACC_002290,Z010,ATM_Z010_009,11567.68,COMPLETED,2025-02-05T23:48:00
CSH_CMP_202600227,CMP_202600227,ACC_000061,Z015,ATM_Z015_001,51352.55,COMPLETED,2025-04-06T15:54:00
CSH_CMP_202600228,CMP_202600228,ACC_002777,Z042,ATM_Z042_030,348648.33,COMPLETED,2025-02-02T17:39:00
CSH_CMP_202600229,CMP_202600229,ACC_000365,Z006,ATM_Z006_012,5759.61,COMPLETED,2025-03-13T14:57:00
CSH_CMP_202600230,CMP_202600230,ACC_000279,Z070,ATM_Z070_050,6216.6,COMPLETED,2025-03-03T15:27:00
CSH_CMP_202600231,CMP_202600231,ACC_000796,Z023,ATM_Z023_030,151004.46,COMPLETED,2025-01-17T11:16:00
CSH_CMP_202600232,CMP_202600232,ACC_002984,Z004,ATM_Z004_038,13345.7,COMPLETED,2025-03-22T10:44:00
CSH_CMP_202600233,CMP_202600233,ACC_000786,Z038,ATM_Z038_036,25286.28,COMPLETED,2025-01-02T05:37:00
CSH_CMP_202600234,CMP_202600234,ACC_002289,Z015,ATM_Z015_027,28079.05,COMPLETED,2025-02-28T18:02:00
CSH_CMP_202600235,CMP_202600235,ACC_000782,Z026,ATM_Z026_020,49555.83,COMPLETED,2025-03-13T15:59:00
CSH_CMP_202600236,CMP_202600236,ACC_002443,Z011,ATM_Z011_019,162877.34,COMPLETED,2025-01-19T11:13:00
CSH_CMP_202600237,CMP_202600237,ACC_000331,Z002,ATM_Z002_013,26608.87,COMPLETED,2025-03-07T10:50:00
CSH_CMP_202600238,CMP_202600238,ACC_001949,Z009,ATM_Z009_015,7679.44,COMPLETED,2025-03-06T22:16:00
CSH_CMP_202600239,CMP_202600239,ACC_001023,Z006,ATM_Z006_018,66821.16,COMPLETED,2025-04-14T10:34:00
CSH_CMP_202600240,CMP_202600240,ACC_002293,Z042,ATM_Z042_007,11020.86,COMPLETED,2025-04-03T09:09:00
CSH_CMP_202600241,CMP_202600241,ACC_000002,Z009,ATM_Z009_029,3656.47,COMPLETED,2025-01-08T14:52:00
CSH_CMP_202600242,CMP_202600242,ACC_002225,Z050,ATM_Z050_045,27017.76,COMPLETED,2025-06-25T17:35:00
CSH_CMP_202600243,CMP_202600243,ACC_000127,Z015,ATM_Z015_023,4761.2,COMPLETED,2025-01-22T10:11:00
CSH_CMP_202600244,CMP_202600244,ACC_002444,Z011,ATM_Z011_015,8908.67,COMPLETED,2025-06-12T14:32:00
CSH_CMP_202600245,CMP_202600245,ACC_002255,Z029,ATM_Z029_042,12697.81,COMPLETED,2025-01-03T12:38:00
CSH_CMP_202600246,CMP_202600246,ACC_000782,Z003,ATM_Z003_037,3205.22,COMPLETED,2025-05-20T14:55:00
CSH_CMP_202600247,CMP_202600247,ACC_001025,Z046,ATM_Z046_046,8635.43,COMPLETED,2025-01-19T08:49:00
CSH_CMP_202600248,CMP_202600248,ACC_002983,Z004,ATM_Z004_021,1418.19,COMPLETED,2025-05-26T10:40:00
CSH_CMP_202600249,CMP_202600249,ACC_000472,Z046,ATM_Z046_005,63558.48,COMPLETED,2025-02-17T13:45:00
CSH_CMP_202600250,CMP_202600250,ACC_000008,Z016,ATM_Z016_010,67412.56,COMPLETED,2025-05-27T16:41:00
CSH_CMP_202600251,CMP_202600251,ACC_003040,Z004,ATM_Z004_021,6985.34,COMPLETED,2025-04-09T19:34:00
CSH_CMP_202600252,CMP_202600252,ACC_002777,Z056,ATM_Z056_030,387253.05,COMPLETED,2025-01-23T12:21:00
CSH_CMP_202600253,CMP_202600253,ACC_000783,Z026,ATM_Z026_001,19625.4,COMPLETED,2025-02-17T12:59:00
CSH_CMP_202600254,CMP_202600254,ACC_002987,Z004,ATM_Z004_047,13401.22,COMPLETED,2025-01-24T17:24:00
CSH_CMP_202600255,CMP_202600255,ACC_000002,Z009,ATM_Z009_037,147294.69,COMPLETED,2025-05-25T16:39:00
CSH_CMP_202600256,CMP_202600256,ACC_002289,Z015,ATM_Z015_005,5538.39,COMPLETED,2025-02-12T12:24:00
CSH_CMP_202600257,CMP_202600257,ACC_001538,Z001,ATM_Z001_009,53447.82,COMPLETED,2025-05-11T10:41:00
CSH_CMP_202600258,CMP_202600258,ACC_000266,Z052,ATM_Z052_006,0.0,FROZEN,2025-01-01T18:51:00
CSH_CMP_202600259,CMP_202600259,ACC_000472,Z046,ATM_Z046_027,40949.11,COMPLETED,2025-03-13T11:50:00
CSH_CMP_202600260,CMP_202600260,ACC_000787,Z051,ATM_Z051_041,12511.16,COMPLETED,2025-06-29T03:45:00
CSH_CMP_202600261,CMP_202600261,ACC_000332,Z010,ATM_Z010_033,21042.14,COMPLETED,2025-06-28T16:52:00
CSH_CMP_202600262,CMP_202600262,ACC_000062,Z008,ATM_Z008_023,22435.81,COMPLETED,2025-01-13T13:58:00
CSH_CMP_202600263,CMP_202600263,ACC_002289,Z015,ATM_Z015_039,20724.85,COMPLETED,2025-04-23T11:59:00
CSH_CMP_202600264,CMP_202600264,ACC_000060,Z015,ATM_Z015_008,51626.65,COMPLETED,2025-05-01T16:55:00
CSH_CMP_202600265,CMP_202600265,ACC_002487,Z011,ATM_Z011_008,14685.65,COMPLETED,2025-03-05T20:21:00
CSH_CMP_202600266,CMP_202600266,ACC_001027,Z006,ATM_Z006_030,86843.87,COMPLETED,2025-05-09T07:47:00
CSH_CMP_202600267,CMP_202600267,ACC_002443,Z002,ATM_Z002_024,119835.55,COMPLETED,2025-03-01T19:09:00
CSH_CMP_202600268,CMP_202600268,ACC_000800,Z003,ATM_Z003_028,160743.05,COMPLETED,2025-05-29T13:30:00
CSH_CMP_202600269,CMP_202600269,ACC_001023,Z006,ATM_Z006_042,14219.77,COMPLETED,2025-06-04T08:03:00
CSH_CMP_202600270,CMP_202600270,ACC_001912,Z072,ATM_Z072_045,19348.31,COMPLETED,2025-04-27T08:34:00
CSH_CMP_202600271,CMP_202600271,ACC_000784,Z003,ATM_Z003_017,26544.09,COMPLETED,2025-01-26T09:35:00
CSH_CMP_202600272,CMP_202600272,ACC_000330,Z032,ATM_Z032_013,78516.09,COMPLETED,2025-03-28T18:26:00
CSH_CMP_202600273,CMP_202600273,ACC_002778,Z042,ATM_Z042_024,8548.2,COMPLETED,2025-01-20T13:40:00
CSH_CMP_202600274,CMP_202600274,ACC_002410,Z010,ATM_Z010_022,1693.44,COMPLETED,2025-04-30T10:14:00
CSH_CMP_202600275,CMP_202600275,ACC_002521,Z009,ATM_Z009_022,18837.58,COMPLETED,2025-05-31T07:43:00
CSH_CMP_202600276,CMP_202600276,ACC_000330,Z075,ATM_Z075_037,74415.46,COMPLETED,2025-04-22T17:50:00
CSH_CMP_202600277,CMP_202600277,ACC_000782,Z038,ATM_Z038_029,73229.09,COMPLETED,2025-05-11T09:16:00
CSH_CMP_202600278,CMP_202600278,ACC_000282,Z006,ATM_Z006_038,13936.81,COMPLETED,2025-01-04T14:24:00
CSH_CMP_202600279,CMP_202600279,ACC_000062,Z009,ATM_Z009_037,7293.05,COMPLETED,2025-04-09T14:23:00
CSH_CMP_202600280,CMP_202600280,ACC_001028,Z046,ATM_Z046_032,8769.38,COMPLETED,2025-02-27T18:48:00
CSH_CMP_202600281,CMP_202600281,ACC_001536,Z001,ATM_Z001_030,47792.45,COMPLETED,2025-02-06T19:18:00
CSH_CMP_202600282,CMP_202600282,ACC_000472,Z004,ATM_Z004_045,21357.01,COMPLETED,2025-01-13T08:13:00
CSH_CMP_202600283,CMP_202600283,ACC_001142,Z001,ATM_Z001_045,5731.11,COMPLETED,2025-02-07T13:35:00
CSH_CMP_202600284,CMP_202600284,ACC_000782,Z026,ATM_Z026_031,31643.22,COMPLETED,2025-05-18T14:52:00
CSH_CMP_202600285,CMP_202600285,ACC_002780,Z056,ATM_Z056_049,336588.57,COMPLETED,2025-02-02T13:23:00
CSH_CMP_202600286,CMP_202600286,ACC_001037,Z006,ATM_Z006_043,1208.89,COMPLETED,2025-05-07T19:29:00
CSH_CMP_202600287,CMP_202600287,ACC_002228,Z017,ATM_Z017_001,30255.11,COMPLETED,2025-02-07T06:23:00
CSH_CMP_202600288,CMP_202600288,ACC_000480,Z046,ATM_Z046_028,8430.71,COMPLETED,2025-06-26T10:20:00
CSH_CMP_202600289,CMP_202600289,ACC_001023,Z006,ATM_Z006_033,16108.23,COMPLETED,2025-03-31T12:28:00
CSH_CMP_202600290,CMP_202600290,ACC_000266,Z006,ATM_Z006_044,13003.97,COMPLETED,2025-01-31T12:34:00
CSH_CMP_202600291,CMP_202600291,ACC_001534,Z002,ATM_Z002_050,7392.56,COMPLETED,2025-06-30T09:21:00
CSH_CMP_202600292,CMP_202600292,ACC_001089,Z006,ATM_Z006_017,29884.31,COMPLETED,2025-03-25T19:58:00
CSH_CMP_202600293,CMP_202600293,ACC_000269,Z024,ATM_Z024_012,6750.22,COMPLETED,2025-06-21T08:34:00
CSH_CMP_202600294,CMP_202600294,ACC_002296,Z015,ATM_Z015_025,12040.32,COMPLETED,2025-01-15T15:45:00
CSH_CMP_202600295,CMP_202600295,ACC_002741,Z032,ATM_Z032_050,36279.11,COMPLETED,2025-01-18T22:37:00
CSH_CMP_202600296,CMP_202600296,ACC_000061,Z015,ATM_Z015_037,5326.76,COMPLETED,2025-01-04T10:28:00
CSH_CMP_202600297,CMP_202600297,ACC_002981,Z042,ATM_Z042_024,687883.24,COMPLETED,2025-06-18T17:48:00
CSH_CMP_202600298,CMP_202600298,ACC_000782,Z026,ATM_Z026_004,4211.02,COMPLETED,2025-01-19T22:03:00
CSH_CMP_202600299,CMP_202600299,ACC_001232,Z004,ATM_Z004_011,0.0,FROZEN,2025-01-05T13:01:00
CSH_CMP_202600300,CMP_202600300,ACC_001027,Z069,ATM_Z069_040,6037.34,COMPLETED,2025-03-01T16:38:00
CSH_CMP_202600301,CMP_202600301,ACC_001230,Z003,ATM_Z003_002,18901.99,COMPLETED,2025-04-18T14:01:00
CSH_CMP_202600302,CMP_202600302,ACC_001538,Z002,ATM_Z002_025,2986.59,COMPLETED,2025-06-13T14:01:00
CSH_CMP_202600303,CMP_202600303,ACC_000472,Z046,ATM_Z046_009,35059.8,COMPLETED,2025-06-13T12:45:00
CSH_CMP_202600304,CMP_202600304,ACC_001025,Z046,ATM_Z046_023,1157.62,COMPLETED,2025-04-12T14:23:00
CSH_CMP_202600305,CMP_202600305,ACC_000784,Z026,ATM_Z026_030,19394.58,COMPLETED,2025-05-01T16:34:00
CSH_CMP_202600306,CMP_202600306,ACC_001230,Z035,ATM_Z035_028,10730.23,COMPLETED,2025-06-12T13:28:00
CSH_CMP_202600307,CMP_202600307,ACC_000474,Z002,ATM_Z002_027,17568.07,COMPLETED,2025-03-22T15:12:00
CSH_CMP_202600308,CMP_202600308,ACC_002224,Z050,ATM_Z050_002,6994.6,COMPLETED,2025-03-19T00:12:00
CSH_CMP_202600309,CMP_202600309,ACC_001534,Z001,ATM_Z001_038,6596.88,COMPLETED,2025-02-13T14:32:00
CSH_CMP_202600310,CMP_202600310,ACC_002777,Z042,ATM_Z042_031,164880.97,COMPLETED,2025-03-05T11:51:00
CSH_CMP_202600311,CMP_202600311,ACC_000782,Z019,ATM_Z019_047,4747.49,COMPLETED,2025-03-31T12:46:00
CSH_CMP_202600312,CMP_202600312,ACC_001922,Z049,ATM_Z049_041,66554.75,COMPLETED,2025-01-14T15:27:00
CSH_CMP_202600313,CMP_202600313,ACC_002224,Z017,ATM_Z017_014,9627.21,COMPLETED,2025-05-23T13:50:00
CSH_CMP_202600314,CMP_202600314,ACC_000472,Z002,ATM_Z002_019,16355.06,COMPLETED,2025-04-15T21:06:00
CSH_CMP_202600315,CMP_202600315,ACC_002668,Z052,ATM_Z052_037,6456.65,COMPLETED,2025-02-23T14:07:00
CSH_CMP_202600316,CMP_202600316,ACC_002802,Z008,ATM_Z008_019,55916.1,COMPLETED,2025-05-30T18:11:00
CSH_CMP_202600317,CMP_202600317,ACC_000061,Z009,ATM_Z009_022,9303.16,COMPLETED,2025-02-18T15:13:00
CSH_CMP_202600318,CMP_202600318,ACC_000067,Z052,ATM_Z052_014,19823.39,COMPLETED,2025-02-10T17:18:00
CSH_CMP_202600319,CMP_202600319,ACC_000334,Z075,ATM_Z075_006,18268.6,COMPLETED,2025-01-06T13:37:00
CSH_CMP_202600320,CMP_202600320,ACC_002992,Z017,ATM_Z017_018,12056.24,COMPLETED,2025-05-29T14:10:00
CSH_CMP_202600321,CMP_202600321,ACC_002289,Z015,ATM_Z015_011,24358.84,COMPLETED,2025-02-02T09:45:00
CSH_CMP_202600322,CMP_202600322,ACC_002225,Z050,ATM_Z050_010,112410.23,COMPLETED,2025-01-14T16:34:00
CSH_CMP_202600323,CMP_202600323,ACC_002445,Z009,ATM_Z009_047,12025.27,COMPLETED,2025-03-28T17:57:00
CSH_CMP_202600324,CMP_202600324,ACC_002290,Z015,ATM_Z015_008,27007.98,COMPLETED,2025-05-05T11:38:00
CSH_CMP_202600325,CMP_202600325,ACC_001534,Z007,ATM_Z007_032,46031.16,COMPLETED,2025-01-11T09:29:00
CSH_CMP_202600326,CMP_202600326,ACC_000474,Z002,ATM_Z002_012,161542.55,COMPLETED,2025-06-03T23:16:00
CSH_CMP_202600327,CMP_202600327,ACC_001913,Z002,ATM_Z002_013,28280.68,COMPLETED,2025-05-07T18:51:00
CSH_CMP_202600328,CMP_202600328,ACC_002983,Z026,ATM_Z026_005,17542.66,COMPLETED,2025-06-27T16:50:00
CSH_CMP_202600329,CMP_202600329,ACC_001912,Z009,ATM_Z009_011,8898.2,COMPLETED,2025-06-24T10:38:00
CSH_CMP_202600330,CMP_202600330,ACC_002983,Z004,ATM_Z004_016,14644.0,COMPLETED,2025-02-09T15:24:00
CSH_CMP_202600331,CMP_202600331,ACC_001257,Z035,ATM_Z035_042,3907.03,COMPLETED,2025-06-15T20:54:00
CSH_CMP_202600332,CMP_202600332,ACC_001535,Z007,ATM_Z007_042,1628141.15,COMPLETED,2025-03-11T10:58:00
CSH_CMP_202600333,CMP_202600333,ACC_000062,Z015,ATM_Z015_028,9207.15,COMPLETED,2025-01-25T16:01:00
CSH_CMP_202600334,CMP_202600334,ACC_001534,Z002,ATM_Z002_020,10432.27,COMPLETED,2025-05-08T16:14:00
CSH_CMP_202600335,CMP_202600335,ACC_000474,Z002,ATM_Z002_034,50059.24,COMPLETED,2025-01-11T13:23:00
CSH_CMP_202600336,CMP_202600336,ACC_000804,Z026,ATM_Z026_012,2675.84,COMPLETED,2025-06-13T12:49:00
CSH_CMP_202600337,CMP_202600337,ACC_000003,Z016,ATM_Z016_042,2223.94,COMPLETED,2025-01-12T12:06:00
CSH_CMP_202600338,CMP_202600338,ACC_000266,Z006,ATM_Z006_045,18225.66,COMPLETED,2025-05-21T14:29:00
CSH_CMP_202600339,CMP_202600339,ACC_002292,Z015,ATM_Z015_021,27474.92,COMPLETED,2025-01-16T16:45:00
CSH_CMP_202600340,CMP_202600340,ACC_002223,Z050,ATM_Z050_016,46087.56,COMPLETED,2025-02-15T20:54:00
CSH_CMP_202600341,CMP_202600341,ACC_002829,Z008,ATM_Z008_048,15946.8,COMPLETED,2025-05-23T19:09:00
CSH_CMP_202600342,CMP_202600342,ACC_000060,Z025,ATM_Z025_010,5261.14,COMPLETED,2025-06-11T15:01:00
CSH_CMP_202600343,CMP_202600343,ACC_002223,Z009,ATM_Z009_045,4136.87,COMPLETED,2025-02-21T13:07:00
CSH_CMP_202600344,CMP_202600344,ACC_000002,Z016,ATM_Z016_001,19256.12,COMPLETED,2025-05-07T15:04:00
CSH_CMP_202600345,CMP_202600345,ACC_002228,Z009,ATM_Z009_027,5150.37,COMPLETED,2025-01-26T15:15:00
CSH_CMP_202600346,CMP_202600346,ACC_002934,Z002,ATM_Z002_025,73087.28,COMPLETED,2025-05-19T13:01:00
CSH_CMP_202600347,CMP_202600347,ACC_000783,Z026,ATM_Z026_021,16025.6,COMPLETED,2025-05-17T03:36:00
CSH_CMP_202600348,CMP_202600348,ACC_001235,Z003,ATM_Z003_029,0.0,FROZEN,2025-06-07T17:13:00
CSH_CMP_202600349,CMP_202600349,ACC_001912,Z044,ATM_Z044_014,3784.33,COMPLETED,2025-05-05T07:06:00
CSH_CMP_202600350,CMP_202600350,ACC_001023,Z046,ATM_Z046_043,7518.12,COMPLETED,2025-05-18T17:27:00
CSH_CMP_202600351,CMP_202600351,ACC_002287,Z017,ATM_Z017_001,3594.01,COMPLETED,2025-01-03T07:30:00
CSH_CMP_202600352,CMP_202600352,ACC_001534,Z001,ATM_Z001_007,4989.44,COMPLETED,2025-05-23T22:31:00
CSH_CMP_202600353,CMP_202600353,ACC_001534,Z007,ATM_Z007_003,0.0,FROZEN,2025-03-02T16:16:00
CSH_CMP_202600354,CMP_202600354,ACC_002223,Z017,ATM_Z017_002,30247.48,COMPLETED,2025-06-23T11:34:00
CSH_CMP_202600355,CMP_202600355,ACC_002984,Z004,ATM_Z004_011,11337.11,COMPLETED,2025-03-16T21:34:00
CSH_CMP_202600356,CMP_202600356,ACC_001045,Z046,ATM_Z046_004,12289.42,COMPLETED,2025-01-08T10:17:00
CSH_CMP_202600357,CMP_202600357,ACC_000333,Z075,ATM_Z075_050,355505.22,COMPLETED,2025-03-19T19:09:00
CSH_CMP_202600358,CMP_202600358,ACC_000272,Z036,ATM_Z036_050,28115.66,COMPLETED,2025-03-30T12:58:00
CSH_CMP_202600359,CMP_202600359,ACC_000269,Z036,ATM_Z036_029,4732.82,COMPLETED,2025-02-01T17:55:00
CSH_CMP_202600360,CMP_202600360,ACC_002443,Z002,ATM_Z002_024,46784.81,COMPLETED,2025-05-08T12:31:00
CSH_CMP_202600361,CMP_202600361,ACC_001935,Z001,ATM_Z001_005,109121.83,COMPLETED,2025-03-25T15:00:00
CSH_CMP_202600362,CMP_202600362,ACC_003040,Z026,ATM_Z026_007,12224.69,COMPLETED,2025-06-13T07:07:00
CSH_CMP_202600363,CMP_202600363,ACC_001187,Z046,ATM_Z046_034,6808.18,COMPLETED,2025-03-25T07:32:00
CSH_CMP_202600364,CMP_202600364,ACC_002777,Z008,ATM_Z008_015,696756.27,COMPLETED,2025-04-03T10:37:00
CSH_CMP_202600365,CMP_202600365,ACC_002473,Z009,ATM_Z009_020,5770.35,COMPLETED,2025-04-02T16:25:00
CSH_CMP_202600366,CMP_202600366,ACC_002289,Z015,ATM_Z015_045,8656.03,COMPLETED,2025-02-21T13:41:00
CSH_CMP_202600367,CMP_202600367,ACC_000379,Z010,ATM_Z010_001,7962.68,COMPLETED,2025-06-03T15:51:00
CSH_CMP_202600368,CMP_202600368,ACC_000473,Z004,ATM_Z004_037,4373.91,COMPLETED,2025-03-22T04:16:00
CSH_CMP_202600369,CMP_202600369,ACC_002777,Z042,ATM_Z042_015,7132.12,COMPLETED,2025-04-19T21:10:00
CSH_CMP_202600370,CMP_202600370,ACC_000334,Z075,ATM_Z075_004,52976.2,COMPLETED,2025-05-31T22:00:00
CSH_CMP_202600371,CMP_202600371,ACC_001534,Z001,ATM_Z001_039,17250.65,COMPLETED,2025-03-29T16:19:00
CSH_CMP_202600372,CMP_202600372,ACC_001023,Z006,ATM_Z006_040,21490.2,COMPLETED,2025-03-16T20:57:00
CSH_CMP_202600373,CMP_202600373,ACC_002454,Z009,ATM_Z009_009,11230.3,COMPLETED,2025-04-05T19:01:00
CSH_CMP_202600374,CMP_202600374,ACC_001536,Z001,ATM_Z001_005,2357.87,COMPLETED,2025-06-01T13:35:00
CSH_CMP_202600375,CMP_202600375,ACC_001345,Z068,ATM_Z068_022,34932.97,COMPLETED,2025-05-16T15:37:00
CSH_CMP_202600376,CMP_202600376,ACC_002443,Z067,ATM_Z067_007,137636.97,COMPLETED,2025-02-22T16:34:00
CSH_CMP_202600377,CMP_202600377,ACC_000060,Z015,ATM_Z015_050,20297.29,COMPLETED,2025-06-14T00:04:00
CSH_CMP_202600378,CMP_202600378,ACC_000062,Z074,ATM_Z074_041,9177.25,COMPLETED,2025-05-18T20:41:00
CSH_CMP_202600379,CMP_202600379,ACC_002777,Z009,ATM_Z009_049,26809.57,COMPLETED,2025-04-24T16:21:00
CSH_CMP_202600380,CMP_202600380,ACC_000498,Z016,ATM_Z016_001,36111.97,COMPLETED,2025-01-04T16:53:00
CSH_CMP_202600381,CMP_202600381,ACC_000370,Z032,ATM_Z032_004,60612.32,COMPLETED,2025-05-02T15:12:00
CSH_CMP_202600382,CMP_202600382,ACC_002983,Z004,ATM_Z004_037,21012.28,COMPLETED,2025-02-24T20:51:00
CSH_CMP_202600383,CMP_202600383,ACC_000333,Z002,ATM_Z002_025,38806.95,COMPLETED,2025-03-03T19:13:00
CSH_CMP_202600384,CMP_202600384,ACC_000332,Z032,ATM_Z032_017,5861.03,COMPLETED,2025-02-17T14:23:00
CSH_CMP_202600385,CMP_202600385,ACC_000072,Z009,ATM_Z009_027,9311.99,COMPLETED,2025-01-09T07:58:00
CSH_CMP_202600386,CMP_202600386,ACC_002777,Z008,ATM_Z008_014,117705.82,COMPLETED,2025-04-06T16:55:00
CSH_CMP_202600387,CMP_202600387,ACC_000002,Z016,ATM_Z016_002,3010.26,COMPLETED,2025-05-05T17:12:00
CSH_CMP_202600388,CMP_202600388,ACC_001968,Z002,ATM_Z002_009,9276.86,COMPLETED,2025-01-12T22:17:00
CSH_CMP_202600389,CMP_202600389,ACC_001741,Z016,ATM_Z016_007,50318.77,COMPLETED,2025-04-27T17:15:00
CSH_CMP_202600390,CMP_202600390,ACC_002445,Z002,ATM_Z002_029,6795.0,COMPLETED,2025-01-09T18:39:00
CSH_CMP_202600391,CMP_202600391,ACC_002224,Z017,ATM_Z017_012,5402.08,COMPLETED,2025-05-12T14:53:00
CSH_CMP_202600392,CMP_202600392,ACC_001534,Z002,ATM_Z002_029,298793.24,COMPLETED,2025-02-04T19:52:00
CSH_CMP_202600393,CMP_202600393,ACC_001229,Z004,ATM_Z004_002,378.14,COMPLETED,2025-03-10T15:56:00
CSH_CMP_202600394,CMP_202600394,ACC_001912,Z001,ATM_Z001_045,0.0,FROZEN,2025-05-02T11:46:00
CSH_CMP_202600395,CMP_202600395,ACC_002252,Z050,ATM_Z050_025,2700.57,COMPLETED,2025-02-14T22:25:00
CSH_CMP_202600396,CMP_202600396,ACC_001573,Z007,ATM_Z007_026,5718.99,COMPLETED,2025-06-26T15:52:00
CSH_CMP_202600397,CMP_202600397,ACC_003035,Z045,ATM_Z045_002,11620.93,COMPLETED,2025-01-18T09:02:00
CSH_CMP_202600398,CMP_202600398,ACC_002775,Z002,ATM_Z002_037,26082.27,COMPLETED,2025-06-07T19:11:00
CSH_CMP_202600399,CMP_202600399,ACC_000002,Z016,ATM_Z016_031,35972.53,COMPLETED,2025-05-01T20:34:00
CSH_CMP_202600400,CMP_202600400,ACC_002777,Z056,ATM_Z056_006,86597.34,COMPLETED,2025-03-07T10:20:00
CSH_CMP_202600401,CMP_202600401,ACC_002233,Z017,ATM_Z017_009,12492.01,COMPLETED,2025-02-06T17:06:00
CSH_CMP_202600402,CMP_202600402,ACC_001256,Z004,ATM_Z004_017,81342.25,COMPLETED,2025-06-16T12:21:00
CSH_CMP_202600403,CMP_202600403,ACC_001230,Z002,ATM_Z002_033,13248.78,COMPLETED,2025-05-12T05:53:00
CSH_CMP_202600404,CMP_202600404,ACC_001910,Z001,ATM_Z001_028,0.0,FROZEN,2025-04-27T15:41:00
CSH_CMP_202600405,CMP_202600405,ACC_000472,Z004,ATM_Z004_041,21220.06,COMPLETED,2025-04-14T15:22:00
CSH_CMP_202600406,CMP_202600406,ACC_000272,Z052,ATM_Z052_033,55199.42,COMPLETED,2025-02-28T15:02:00
CSH_CMP_202600407,CMP_202600407,ACC_000328,Z006,ATM_Z006_001,0.0,FROZEN,2025-05-27T10:51:00
CSH_CMP_202600408,CMP_202600408,ACC_000783,Z003,ATM_Z003_030,3248.63,COMPLETED,2025-02-23T20:11:00
CSH_CMP_202600409,CMP_202600409,ACC_000330,Z009,ATM_Z009_050,15762.04,COMPLETED,2025-01-01T18:38:00
CSH_CMP_202600410,CMP_202600410,ACC_001913,Z001,ATM_Z001_006,2539.04,COMPLETED,2025-06-08T12:26:00
CSH_CMP_202600411,CMP_202600411,ACC_001487,Z038,ATM_Z038_027,43397.69,COMPLETED,2025-06-15T10:50:00
CSH_CMP_202600412,CMP_202600412,ACC_001025,Z046,ATM_Z046_007,5790.5,COMPLETED,2025-03-24T13:50:00
CSH_CMP_202600413,CMP_202600413,ACC_000003,Z016,ATM_Z016_045,83060.85,COMPLETED,2025-03-10T15:44:00
CSH_CMP_202600414,CMP_202600414,ACC_001536,Z002,ATM_Z002_033,170849.51,COMPLETED,2025-06-17T17:54:00
CSH_CMP_202600415,CMP_202600415,ACC_003040,Z026,ATM_Z026_041,8481.13,COMPLETED,2025-03-09T13:02:00
CSH_CMP_202600416,CMP_202600416,ACC_000342,Z010,ATM_Z010_015,12189.21,COMPLETED,2025-02-10T15:28:00
CSH_CMP_202600417,CMP_202600417,ACC_000025,Z016,ATM_Z016_013,4755.96,COMPLETED,2025-04-15T18:41:00
CSH_CMP_202600418,CMP_202600418,ACC_003040,Z045,ATM_Z045_007,2770.36,COMPLETED,2025-06-10T21:49:00
CSH_CMP_202600419,CMP_202600419,ACC_001913,Z051,ATM_Z051_029,23349.25,COMPLETED,2025-03-02T13:43:00
CSH_CMP_202600420,CMP_202600420,ACC_000007,Z009,ATM_Z009_035,1259818.5,COMPLETED,2025-04-18T12:05:00
CSH_CMP_202600421,CMP_202600421,ACC_001229,Z004,ATM_Z004_007,20059.78,COMPLETED,2025-06-09T12:46:00
CSH_CMP_202600422,CMP_202600422,ACC_002444,Z011,ATM_Z011_010,2382.27,COMPLETED,2025-05-25T17:30:00
CSH_CMP_202600423,CMP_202600423,ACC_000264,Z009,ATM_Z009_019,12961.42,COMPLETED,2025-03-06T20:29:00
CSH_CMP_202600424,CMP_202600424,ACC_002224,Z017,ATM_Z017_034,23623.71,COMPLETED,2025-01-26T14:09:00
CSH_CMP_202600425,CMP_202600425,ACC_000266,Z006,ATM_Z006_019,21217.25,COMPLETED,2025-01-01T13:38:00
CSH_CMP_202600426,CMP_202600426,ACC_001635,Z002,ATM_Z002_026,13999.4,COMPLETED,2025-01-17T22:03:00
CSH_CMP_202600427,CMP_202600427,ACC_000498,Z002,ATM_Z002_020,40459.81,COMPLETED,2025-01-26T18:07:00
CSH_CMP_202600428,CMP_202600428,ACC_000330,Z032,ATM_Z032_003,5031.06,COMPLETED,2025-02-17T17:32:00
CSH_CMP_202600429,CMP_202600429,ACC_000002,Z009,ATM_Z009_010,12233.18,COMPLETED,2025-05-02T14:28:00
CSH_CMP_202600430,CMP_202600430,ACC_002443,Z009,ATM_Z009_022,9789.28,COMPLETED,2025-05-10T10:16:00
CSH_CMP_202600431,CMP_202600431,ACC_002777,Z009,ATM_Z009_011,136411.5,COMPLETED,2025-06-10T09:28:00
CSH_CMP_202600432,CMP_202600432,ACC_002317,Z010,ATM_Z010_032,0.0,FROZEN,2025-05-01T12:08:00
CSH_CMP_202600433,CMP_202600433,ACC_002443,Z002,ATM_Z002_036,146335.51,COMPLETED,2025-02-20T17:50:00
CSH_CMP_202600434,CMP_202600434,ACC_000003,Z016,ATM_Z016_025,40528.65,COMPLETED,2025-04-04T13:30:00
CSH_CMP_202600435,CMP_202600435,ACC_001913,Z049,ATM_Z049_045,19675.65,COMPLETED,2025-05-22T21:23:00
CSH_CMP_202600436,CMP_202600436,ACC_002291,Z028,ATM_Z028_013,13589.94,COMPLETED,2025-03-24T13:47:00
CSH_CMP_202600437,CMP_202600437,ACC_000795,Z026,ATM_Z026_002,42790.28,COMPLETED,2025-03-08T19:34:00
CSH_CMP_202600438,CMP_202600438,ACC_000002,Z009,ATM_Z009_045,6639.53,COMPLETED,2025-04-19T14:51:00
CSH_CMP_202600439,CMP_202600439,ACC_000472,Z004,ATM_Z004_022,6116.93,COMPLETED,2025-03-01T18:12:00
CSH_CMP_202600440,CMP_202600440,ACC_000935,Z051,ATM_Z051_049,1218.4,COMPLETED,2025-02-05T09:38:00
CSH_CMP_202600441,CMP_202600441,ACC_002287,Z050,ATM_Z050_035,3080.28,COMPLETED,2025-02-11T12:21:00
CSH_CMP_202600442,CMP_202600442,ACC_002224,Z050,ATM_Z050_046,45049.71,COMPLETED,2025-06-20T13:49:00
CSH_CMP_202600443,CMP_202600443,ACC_001229,Z004,ATM_Z004_044,34116.16,COMPLETED,2025-04-09T18:07:00
CSH_CMP_202600444,CMP_202600444,ACC_001910,Z002,ATM_Z002_017,27351.71,COMPLETED,2025-04-26T11:28:00
CSH_CMP_202600445,CMP_202600445,ACC_000267,Z027,ATM_Z027_022,27932.64,COMPLETED,2025-06-17T10:15:00
CSH_CMP_202600446,CMP_202600446,ACC_000330,Z002,ATM_Z002_047,355006.47,COMPLETED,2025-04-17T13:53:00
CSH_CMP_202600447,CMP_202600447,ACC_001678,Z002,ATM_Z002_021,52172.21,COMPLETED,2025-04-15T16:19:00
CSH_CMP_202600448,CMP_202600448,ACC_000470,Z075,ATM_Z075_038,187055.55,COMPLETED,2025-04-26T16:31:00
CSH_CMP_202600449,CMP_202600449,ACC_002325,Z010,ATM_Z010_024,14443.3,COMPLETED,2025-05-15T12:00:00
CSH_CMP_202600450,CMP_202600450,ACC_002249,Z017,ATM_Z017_048,2638.31,COMPLETED,2025-06-05T08:30:00
CSH_CMP_202600451,CMP_202600451,ACC_001039,Z046,ATM_Z046_012,2605.49,COMPLETED,2025-01-04T15:38:00
CSH_CMP_202600452,CMP_202600452,ACC_001024,Z046,ATM_Z046_036,49876.1,COMPLETED,2025-03-06T12:20:00
CSH_CMP_202600453,CMP_202600453,ACC_000018,Z009,ATM_Z009_007,170779.49,COMPLETED,2025-05-25T09:25:00
CSH_CMP_202600454,CMP_202600454,ACC_002305,Z015,ATM_Z015_025,19556.38,COMPLETED,2025-06-04T23:33:00
CSH_CMP_202600455,CMP_202600455,ACC_000330,Z002,ATM_Z002_029,181444.89,COMPLETED,2025-03-18T22:56:00
CSH_CMP_202600456,CMP_202600456,ACC_001023,Z046,ATM_Z046_038,20740.3,COMPLETED,2025-02-13T10:53:00
CSH_CMP_202600457,CMP_202600457,ACC_002929,Z022,ATM_Z022_039,19707.99,COMPLETED,2025-01-06T18:24:00
CSH_CMP_202600458,CMP_202600458,ACC_000002,Z016,ATM_Z016_023,10931.35,COMPLETED,2025-01-20T18:32:00
CSH_CMP_202600459,CMP_202600459,ACC_000330,Z010,ATM_Z010_019,5655.93,COMPLETED,2025-02-14T18:08:00
CSH_CMP_202600460,CMP_202600460,ACC_002793,Z030,ATM_Z030_008,20183.2,COMPLETED,2025-02-11T20:16:00
CSH_CMP_202600461,CMP_202600461,ACC_000267,Z036,ATM_Z036_021,11045.06,COMPLETED,2025-01-24T11:47:00
CSH_CMP_202600462,CMP_202600462,ACC_002985,Z045,ATM_Z045_038,2565.52,COMPLETED,2025-01-31T21:37:00
CSH_CMP_202600463,CMP_202600463,ACC_000274,Z052,ATM_Z052_043,3126.83,COMPLETED,2025-04-25T13:35:00
CSH_CMP_202600464,CMP_202600464,ACC_002781,Z009,ATM_Z009_028,163736.43,COMPLETED,2025-03-06T14:11:00
CSH_CMP_202600465,CMP_202600465,ACC_000060,Z009,ATM_Z009_021,21577.52,COMPLETED,2025-01-07T09:18:00
CSH_CMP_202600466,CMP_202600466,ACC_002798,Z068,ATM_Z068_014,13845.87,COMPLETED,2025-01-16T08:33:00
CSH_CMP_202600467,CMP_202600467,ACC_002289,Z015,ATM_Z015_024,58179.26,COMPLETED,2025-05-29T15:48:00
CSH_CMP_202600468,CMP_202600468,ACC_002321,Z010,ATM_Z010_032,7335.65,COMPLETED,2025-02-03T13:20:00
CSH_CMP_202600469,CMP_202600469,ACC_002287,Z017,ATM_Z017_011,23186.79,COMPLETED,2025-02-20T21:08:00
CSH_CMP_202600470,CMP_202600470,ACC_000782,Z038,ATM_Z038_026,6869.13,COMPLETED,2025-06-20T14:02:00
CSH_CMP_202600471,CMP_202600471,ACC_001257,Z003,ATM_Z003_006,8384.96,COMPLETED,2025-02-13T16:36:00
CSH_CMP_202600472,CMP_202600472,ACC_002451,Z002,ATM_Z002_012,522.93,COMPLETED,2025-05-23T09:32:00
CSH_CMP_202600473,CMP_202600473,ACC_002223,Z009,ATM_Z009_045,80856.11,COMPLETED,2025-02-13T16:54:00
CSH_CMP_202600474,CMP_202600474,ACC_002223,Z017,ATM_Z017_020,4271.29,COMPLETED,2025-02-13T17:29:00
CSH_CMP_202600475,CMP_202600475,ACC_002777,Z042,ATM_Z042_034,239662.12,COMPLETED,2025-01-23T18:12:00
CSH_CMP_202600476,CMP_202600476,ACC_000266,Z006,ATM_Z006_046,5933.78,COMPLETED,2025-06-18T18:36:00
CSH_CMP_202600477,CMP_202600477,ACC_000782,Z026,ATM_Z026_044,35168.57,COMPLETED,2025-05-27T12:56:00
CSH_CMP_202600478,CMP_202600478,ACC_000060,Z015,ATM_Z015_028,29804.71,COMPLETED,2025-04-16T08:48:00
CSH_CMP_202600479,CMP_202600479,ACC_000472,Z002,ATM_Z002_034,6577.05,COMPLETED,2025-01-26T16:11:00
CSH_CMP_202600480,CMP_202600480,ACC_000918,Z051,ATM_Z051_031,12837.33,COMPLETED,2025-01-09T11:30:00
CSH_CMP_202600481,CMP_202600481,ACC_000782,Z003,ATM_Z003_011,33287.14,COMPLETED,2025-05-11T16:27:00
CSH_CMP_202600482,CMP_202600482,ACC_000344,Z002,ATM_Z002_012,133596.09,COMPLETED,2025-04-20T10:23:00
CSH_CMP_202600483,CMP_202600483,ACC_002002,Z075,ATM_Z075_019,10165.79,COMPLETED,2025-01-17T11:01:00
CSH_CMP_202600484,CMP_202600484,ACC_000330,Z002,ATM_Z002_030,74958.52,COMPLETED,2025-05-14T18:31:00
CSH_CMP_202600485,CMP_202600485,ACC_000266,Z036,ATM_Z036_045,23204.86,COMPLETED,2025-04-14T13:20:00
CSH_CMP_202600486,CMP_202600486,ACC_000061,Z015,ATM_Z015_037,31257.67,COMPLETED,2025-06-05T13:03:00
CSH_CMP_202600487,CMP_202600487,ACC_001862,Z068,ATM_Z068_016,52537.86,COMPLETED,2025-05-13T16:27:00
CSH_CMP_202600488,CMP_202600488,ACC_000782,Z003,ATM_Z003_031,918.01,COMPLETED,2025-01-09T11:20:00
CSH_CMP_202600489,CMP_202600489,ACC_002298,Z036,ATM_Z036_050,114395.07,COMPLETED,2025-02-04T11:48:00
CSH_CMP_202600490,CMP_202600490,ACC_000060,Z015,ATM_Z015_037,5001.03,COMPLETED,2025-04-26T10:11:00
CSH_CMP_202600491,CMP_202600491,ACC_001023,Z006,ATM_Z006_037,1614.83,COMPLETED,2025-06-24T15:36:00
CSH_CMP_202600492,CMP_202600492,ACC_000268,Z036,ATM_Z036_002,12866.58,COMPLETED,2025-06-27T08:46:00
CSH_CMP_202600493,CMP_202600493,ACC_001025,Z046,ATM_Z046_031,12965.58,COMPLETED,2025-02-17T15:17:00
CSH_CMP_202600494,CMP_202600494,ACC_000337,Z001,ATM_Z001_035,1471.66,COMPLETED,2025-06-07T17:44:00
CSH_CMP_202600495,CMP_202600495,ACC_001099,Z003,ATM_Z003_008,8754.88,COMPLETED,2025-02-13T14:36:00
CSH_CMP_202600496,CMP_202600496,ACC_001559,Z002,ATM_Z002_035,18943.04,COMPLETED,2025-06-06T16:01:00
CSH_CMP_202600497,CMP_202600497,ACC_001258,Z075,ATM_Z075_027,876.91,COMPLETED,2025-04-05T15:25:00
CSH_CMP_202600498,CMP_202600498,ACC_001234,Z075,ATM_Z075_007,5666.78,COMPLETED,2025-04-09T11:27:00
CSH_CMP_202600499,CMP_202600499,ACC_001839,Z046,ATM_Z046_039,17119.27,COMPLETED,2025-05-29T21:16:00
CSH_CMP_202600500,CMP_202600500,ACC_000328,Z052,ATM_Z052_034,12471.37,COMPLETED,2025-01-11T14:23:00
CSH_CMP_202600501,CMP_202600501,ACC_000328,Z052,ATM_Z052_043,20669.1,COMPLETED,2025-02-14T12:56:00
CSH_CMP_202600502,CMP_202600502,ACC_002777,Z008,ATM_Z008_008,28897.4,COMPLETED,2025-02-07T17:49:00
CSH_CMP_202600503,CMP_202600503,ACC_000266,Z052,ATM_Z052_042,5559.87,COMPLETED,2025-04-11T23:02:00
CSH_CMP_202600504,CMP_202600504,ACC_000482,Z046,ATM_Z046_027,24176.19,COMPLETED,2025-06-24T18:08:00
CSH_CMP_202600505,CMP_202600505,ACC_001912,Z009,ATM_Z009_045,90677.01,COMPLETED,2025-01-24T14:28:00
CSH_CMP_202600506,CMP_202600506,ACC_000472,Z004,ATM_Z004_035,7688.73,COMPLETED,2025-04-01T16:08:00
CSH_CMP_202600507,CMP_202600507,ACC_000267,Z052,ATM_Z052_027,13339.7,COMPLETED,2025-05-26T23:42:00
CSH_CMP_202600508,CMP_202600508,ACC_000268,Z052,ATM_Z052_024,46760.64,COMPLETED,2025-03-01T16:55:00
CSH_CMP_202600509,CMP_202600509,ACC_001913,Z009,ATM_Z009_038,4253.85,COMPLETED,2025-05-05T17:58:00
CSH_CMP_202600510,CMP_202600510,ACC_003040,Z004,ATM_Z004_001,5780.57,COMPLETED,2025-03-24T13:56:00
CSH_CMP_202600511,CMP_202600511,ACC_000472,Z004,ATM_Z004_006,14146.08,COMPLETED,2025-03-07T19:46:00
CSH_CMP_202600512,CMP_202600512,ACC_000267,Z019,ATM_Z019_040,5052.39,COMPLETED,2025-01-03T19:26:00
CSH_CMP_202600513,CMP_202600513,ACC_002356,Z015,ATM_Z015_014,19610.39,COMPLETED,2025-03-20T07:33:00
CSH_CMP_202600514,CMP_202600514,ACC_001748,Z001,ATM_Z001_009,2078.26,COMPLETED,2025-03-24T14:45:00
CSH_CMP_202600515,CMP_202600515,ACC_000550,Z046,ATM_Z046_002,16184.02,COMPLETED,2025-06-08T11:57:00
CSH_CMP_202600516,CMP_202600516,ACC_001912,Z049,ATM_Z049_016,4487.6,COMPLETED,2025-04-21T00:03:00
CSH_CMP_202600517,CMP_202600517,ACC_002224,Z017,ATM_Z017_020,58937.24,COMPLETED,2025-06-07T08:38:00
CSH_CMP_202600518,CMP_202600518,ACC_000330,Z010,ATM_Z010_042,130744.83,COMPLETED,2025-03-07T15:27:00
CSH_CMP_202600519,CMP_202600519,ACC_000266,Z052,ATM_Z052_003,21765.48,COMPLETED,2025-03-31T09:14:00
CSH_CMP_202600520,CMP_202600520,ACC_000267,Z036,ATM_Z036_003,14694.52,COMPLETED,2025-06-02T10:11:00
CSH_CMP_202600521,CMP_202600521,ACC_000330,Z075,ATM_Z075_045,14399.13,COMPLETED,2025-03-17T15:50:00
CSH_CMP_202600522,CMP_202600522,ACC_001534,Z002,ATM_Z002_035,52728.57,COMPLETED,2025-05-04T14:14:00
CSH_CMP_202600523,CMP_202600523,ACC_002290,Z015,ATM_Z015_001,12419.73,COMPLETED,2025-03-24T15:03:00
CSH_CMP_202600524,CMP_202600524,ACC_002441,Z015,ATM_Z015_006,21317.43,COMPLETED,2025-03-21T07:18:00
CSH_CMP_202600525,CMP_202600525,ACC_002444,Z009,ATM_Z009_048,73035.42,COMPLETED,2025-05-31T13:15:00
CSH_CMP_202600526,CMP_202600526,ACC_000002,Z009,ATM_Z009_047,63202.17,COMPLETED,2025-05-17T13:04:00
CSH_CMP_202600527,CMP_202600527,ACC_001023,Z006,ATM_Z006_032,3603.27,COMPLETED,2025-01-15T15:46:00
CSH_CMP_202600528,CMP_202600528,ACC_000058,Z016,ATM_Z016_006,262075.19,COMPLETED,2025-05-04T14:11:00
CSH_CMP_202600529,CMP_202600529,ACC_000668,Z075,ATM_Z075_008,12800.37,COMPLETED,2025-04-07T07:15:00
CSH_CMP_202600530,CMP_202600530,ACC_001914,Z008,ATM_Z008_035,28882.46,COMPLETED,2025-01-09T21:00:00
CSH_CMP_202600531,CMP_202600531,ACC_002241,Z050,ATM_Z050_002,436.49,COMPLETED,2025-06-13T19:16:00
CSH_CMP_202600532,CMP_202600532,ACC_001591,Z052,ATM_Z052_026,15670.91,COMPLETED,2025-05-23T16:12:00
CSH_CMP_202600533,CMP_202600533,ACC_000470,Z075,ATM_Z075_001,17112.15,COMPLETED,2025-04-12T15:48:00
CSH_CMP_202600534,CMP_202600534,ACC_002778,Z056,ATM_Z056_024,14949.66,COMPLETED,2025-06-01T20:24:00
CSH_CMP_202600535,CMP_202600535,ACC_000280,Z052,ATM_Z052_037,16497.52,COMPLETED,2025-03-28T11:30:00
CSH_CMP_202600536,CMP_202600536,ACC_002223,Z050,ATM_Z050_015,11664.56,COMPLETED,2025-01-11T14:51:00
CSH_CMP_202600537,CMP_202600537,ACC_001534,Z002,ATM_Z002_011,229879.95,COMPLETED,2025-05-23T13:48:00
CSH_CMP_202600538,CMP_202600538,ACC_002866,Z008,ATM_Z008_009,4562.12,COMPLETED,2025-02-08T14:33:00
CSH_CMP_202600539,CMP_202600539,ACC_000497,Z002,ATM_Z002_002,18598.75,COMPLETED,2025-04-25T07:12:00
CSH_CMP_202600540,CMP_202600540,ACC_000266,Z001,ATM_Z001_005,4466.12,COMPLETED,2025-01-17T16:42:00
CSH_CMP_202600541,CMP_202600541,ACC_001229,Z004,ATM_Z004_037,13163.7,COMPLETED,2025-04-19T08:47:00
CSH_CMP_202600542,CMP_202600542,ACC_000002,Z009,ATM_Z009_047,29192.02,COMPLETED,2025-02-15T08:59:00
CSH_CMP_202600543,CMP_202600543,ACC_002289,Z010,ATM_Z010_028,7593.74,COMPLETED,2025-01-25T16:10:00
CSH_CMP_202600544,CMP_202600544,ACC_002290,Z010,ATM_Z010_046,3325.6,COMPLETED,2025-05-29T13:55:00
CSH_CMP_202600545,CMP_202600545,ACC_001912,Z062,ATM_Z062_031,209054.66,COMPLETED,2025-06-10T13:56:00
CSH_CMP_202600546,CMP_202600546,ACC_002485,Z009,ATM_Z009_045,32187.43,COMPLETED,2025-03-09T16:21:00
CSH_CMP_202600547,CMP_202600547,ACC_001229,Z035,ATM_Z035_017,2794.46,COMPLETED,2025-02-23T17:26:00
CSH_CMP_202600548,CMP_202600548,ACC_000266,Z052,ATM_Z052_002,4485.44,COMPLETED,2025-03-02T16:11:00
CSH_CMP_202600549,CMP_202600549,ACC_001917,Z002,ATM_Z002_022,97255.92,COMPLETED,2025-06-26T14:36:00
CSH_CMP_202600550,CMP_202600550,ACC_002782,Z008,ATM_Z008_019,45915.4,COMPLETED,2025-03-26T12:51:00
CSH_CMP_202600551,CMP_202600551,ACC_000333,Z032,ATM_Z032_047,22627.37,COMPLETED,2025-02-17T13:05:00
CSH_CMP_202600552,CMP_202600552,ACC_001440,Z003,ATM_Z003_047,1281.09,COMPLETED,2025-01-01T21:54:00
CSH_CMP_202600553,CMP_202600553,ACC_000015,Z016,ATM_Z016_003,4677.8,COMPLETED,2025-03-11T15:52:00
CSH_CMP_202600554,CMP_202600554,ACC_000330,Z032,ATM_Z032_039,16678.93,COMPLETED,2025-05-11T17:19:00
CSH_CMP_202600555,CMP_202600555,ACC_001231,Z075,ATM_Z075_017,39883.72,COMPLETED,2025-01-27T10:51:00
CSH_CMP_202600556,CMP_202600556,ACC_001912,Z001,ATM_Z001_043,5305.92,COMPLETED,2025-04-20T14:16:00
CSH_CMP_202600557,CMP_202600557,ACC_002777,Z042,ATM_Z042_012,39558.23,COMPLETED,2025-06-07T12:11:00
CSH_CMP_202600558,CMP_202600558,ACC_002229,Z017,ATM_Z017_034,0.0,FROZEN,2025-06-28T19:20:00
CSH_CMP_202600559,CMP_202600559,ACC_002858,Z009,ATM_Z009_017,5193.31,COMPLETED,2025-01-15T16:43:00
CSH_CMP_202600560,CMP_202600560,ACC_001912,Z001,ATM_Z001_037,6996.09,COMPLETED,2025-04-13T15:15:00
CSH_CMP_202600561,CMP_202600561,ACC_003000,Z026,ATM_Z026_032,3218.51,COMPLETED,2025-01-22T13:50:00
CSH_CMP_202600562,CMP_202600562,ACC_000782,Z003,ATM_Z003_022,168749.77,COMPLETED,2025-03-07T10:43:00
CSH_CMP_202600563,CMP_202600563,ACC_001534,Z002,ATM_Z002_020,9488.02,COMPLETED,2025-02-03T10:50:00
CSH_CMP_202600564,CMP_202600564,ACC_000472,Z046,ATM_Z046_013,41208.23,COMPLETED,2025-05-31T13:46:00
CSH_CMP_202600565,CMP_202600565,ACC_001534,Z001,ATM_Z001_005,42846.36,COMPLETED,2025-04-20T16:08:00
CSH_CMP_202600566,CMP_202600566,ACC_001229,Z075,ATM_Z075_035,5327.03,COMPLETED,2025-04-15T10:44:00
CSH_CMP_202600567,CMP_202600567,ACC_001947,Z049,ATM_Z049_043,34186.4,COMPLETED,2025-02-27T15:46:00
CSH_CMP_202600568,CMP_202600568,ACC_001912,Z009,ATM_Z009_036,2542703.66,COMPLETED,2025-04-21T18:08:00
CSH_CMP_202600569,CMP_202600569,ACC_000780,Z002,ATM_Z002_037,15804.67,COMPLETED,2025-04-03T13:04:00
CSH_CMP_202600570,CMP_202600570,ACC_000783,Z051,ATM_Z051_015,3445.69,COMPLETED,2025-05-27T15:19:00
CSH_CMP_202600571,CMP_202600571,ACC_000078,Z015,ATM_Z015_037,12639.51,COMPLETED,2025-06-03T16:13:00
CSH_CMP_202600572,CMP_202600572,ACC_002293,Z015,ATM_Z015_001,11985.03,COMPLETED,2025-05-01T15:42:00
CSH_CMP_202600573,CMP_202600573,ACC_001551,Z007,ATM_Z007_011,5900.04,COMPLETED,2025-06-05T16:29:00
CSH_CMP_202600574,CMP_202600574,ACC_002983,Z017,ATM_Z017_007,44772.25,COMPLETED,2025-06-14T14:34:00
CSH_CMP_202600575,CMP_202600575,ACC_002981,Z009,ATM_Z009_010,80534.8,COMPLETED,2025-06-29T14:03:00
CSH_CMP_202600576,CMP_202600576,ACC_000477,Z046,ATM_Z046_027,17090.54,COMPLETED,2025-04-03T16:59:00
CSH_CMP_202600577,CMP_202600577,ACC_003015,Z004,ATM_Z004_004,8475.63,COMPLETED,2025-02-04T06:54:00
CSH_CMP_202600578,CMP_202600578,ACC_002287,Z009,ATM_Z009_014,5766.62,COMPLETED,2025-04-30T14:10:00
CSH_CMP_202600579,CMP_202600579,ACC_001229,Z003,ATM_Z003_024,14325.6,COMPLETED,2025-04-01T14:14:00
CSH_CMP_202600580,CMP_202600580,ACC_001534,Z007,ATM_Z007_002,4930.83,COMPLETED,2025-02-12T18:05:00
CSH_CMP_202600581,CMP_202600581,ACC_002223,Z050,ATM_Z050_001,7308.03,COMPLETED,2025-01-21T21:44:00
CSH_CMP_202600582,CMP_202600582,ACC_002994,Z004,ATM_Z004_050,23290.28,COMPLETED,2025-06-02T17:36:00
CSH_CMP_202600583,CMP_202600583,ACC_000266,Z036,ATM_Z036_043,39680.32,COMPLETED,2025-05-22T11:59:00
CSH_CMP_202600584,CMP_202600584,ACC_002011,Z002,ATM_Z002_034,6916.07,COMPLETED,2025-03-04T17:36:00
CSH_CMP_202600585,CMP_202600585,ACC_002531,Z009,ATM_Z009_014,24084.18,COMPLETED,2025-03-28T00:47:00
CSH_CMP_202600586,CMP_202600586,ACC_000060,Z009,ATM_Z009_031,2116.26,COMPLETED,2025-03-29T16:20:00
CSH_CMP_202600587,CMP_202600587,ACC_000002,Z016,ATM_Z016_026,396483.43,COMPLETED,2025-02-09T13:21:00
CSH_CMP_202600588,CMP_202600588,ACC_001536,Z001,ATM_Z001_003,65083.61,COMPLETED,2025-03-25T16:29:00
CSH_CMP_202600589,CMP_202600589,ACC_001948,Z030,ATM_Z030_050,17243.19,COMPLETED,2025-04-26T14:29:00
CSH_CMP_202600590,CMP_202600590,ACC_001023,Z046,ATM_Z046_008,21830.11,COMPLETED,2025-03-18T18:01:00
CSH_CMP_202600591,CMP_202600591,ACC_000782,Z026,ATM_Z026_015,1850.67,COMPLETED,2025-04-04T13:52:00
CSH_CMP_202600592,CMP_202600592,ACC_000348,Z002,ATM_Z002_018,5412.28,COMPLETED,2025-01-24T12:33:00
CSH_CMP_202600593,CMP_202600593,ACC_000054,Z015,ATM_Z015_026,11427.96,COMPLETED,2025-04-19T21:47:00
CSH_CMP_202600594,CMP_202600594,ACC_001925,Z001,ATM_Z001_046,7441.66,COMPLETED,2025-06-15T14:08:00
CSH_CMP_202600595,CMP_202600595,ACC_001913,Z002,ATM_Z002_025,21668.34,COMPLETED,2025-02-22T15:23:00
CSH_CMP_202600596,CMP_202600596,ACC_001532,Z035,ATM_Z035_018,94476.83,COMPLETED,2025-06-03T16:23:00
CSH_CMP_202600597,CMP_202600597,ACC_001916,Z009,ATM_Z009_016,2790.07,COMPLETED,2025-01-11T14:33:00
CSH_CMP_202600598,CMP_202600598,ACC_002512,Z002,ATM_Z002_048,4686.76,COMPLETED,2025-04-28T15:10:00
CSH_CMP_202600599,CMP_202600599,ACC_002984,Z026,ATM_Z026_005,29483.78,COMPLETED,2025-04-02T13:56:00
CSH_CMP_202600600,CMP_202600600,ACC_002289,Z015,ATM_Z015_012,7530.94,COMPLETED,2025-03-11T13:06:00
CSH_CMP_202600601,CMP_202600601,ACC_001747,Z002,ATM_Z002_018,4476.33,COMPLETED,2025-05-27T15:18:00
CSH_CMP_202600602,CMP_202600602,ACC_001028,Z046,ATM_Z046_005,5801.58,COMPLETED,2025-04-06T14:01:00
CSH_CMP_202600603,CMP_202600603,ACC_000268,Z036,ATM_Z036_007,12353.22,COMPLETED,2025-01-04T01:03:00
CSH_CMP_202600604,CMP_202600604,ACC_001640,Z001,ATM_Z001_035,174654.37,COMPLETED,2025-06-28T13:53:00
CSH_CMP_202600605,CMP_202600605,ACC_001232,Z004,ATM_Z004_031,17711.69,COMPLETED,2025-03-21T15:25:00
CSH_CMP_202600606,CMP_202600606,ACC_002751,Z002,ATM_Z002_020,15915.55,COMPLETED,2025-06-11T12:43:00
CSH_CMP_202600607,CMP_202600607,ACC_000266,Z052,ATM_Z052_004,6041.01,COMPLETED,2025-01-14T20:58:00
CSH_CMP_202600608,CMP_202600608,ACC_000280,Z052,ATM_Z052_011,10127.87,COMPLETED,2025-06-15T20:08:00
CSH_CMP_202600609,CMP_202600609,ACC_001675,Z046,ATM_Z046_017,15283.02,COMPLETED,2025-03-16T11:09:00
CSH_CMP_202600610,CMP_202600610,ACC_000782,Z026,ATM_Z026_009,7168.92,COMPLETED,2025-02-06T10:28:00
CSH_CMP_202600611,CMP_202600611,ACC_000474,Z046,ATM_Z046_024,12938.89,COMPLETED,2025-03-23T16:04:00
CSH_CMP_202600612,CMP_202600612,ACC_001023,Z046,ATM_Z046_017,10638.46,COMPLETED,2025-01-25T18:29:00
CSH_CMP_202600613,CMP_202600613,ACC_001538,Z001,ATM_Z001_022,11010.25,COMPLETED,2025-02-27T17:49:00
CSH_CMP_202600614,CMP_202600614,ACC_002780,Z068,ATM_Z068_040,79233.41,COMPLETED,2025-03-27T18:30:00
CSH_CMP_202600615,CMP_202600615,ACC_001231,Z004,ATM_Z004_015,43580.59,COMPLETED,2025-02-14T13:18:00
CSH_CMP_202600616,CMP_202600616,ACC_000782,Z038,ATM_Z038_015,13119.43,COMPLETED,2025-03-27T16:58:00
CSH_CMP_202600617,CMP_202600617,ACC_000365,Z002,ATM_Z002_009,63036.62,COMPLETED,2025-06-28T16:02:00
CSH_CMP_202600618,CMP_202600618,ACC_002444,Z009,ATM_Z009_010,10539.71,COMPLETED,2025-02-09T07:32:00
CSH_CMP_202600619,CMP_202600619,ACC_000472,Z004,ATM_Z004_022,27435.26,COMPLETED,2025-05-02T13:01:00
CSH_CMP_202600620,CMP_202600620,ACC_000415,Z002,ATM_Z002_037,3929.78,COMPLETED,2025-03-05T14:23:00
CSH_CMP_202600621,CMP_202600621,ACC_001243,Z075,ATM_Z075_007,3796.98,COMPLETED,2025-06-07T08:38:00
CSH_CMP_202600622,CMP_202600622,ACC_000574,Z046,ATM_Z046_008,2565.14,COMPLETED,2025-05-22T13:08:00
CSH_CMP_202600623,CMP_202600623,ACC_000266,Z052,ATM_Z052_039,7328.16,COMPLETED,2025-04-12T14:14:00
CSH_CMP_202600624,CMP_202600624,ACC_000089,Z009,ATM_Z009_045,1324.39,COMPLETED,2025-05-30T18:46:00
CSH_CMP_202600625,CMP_202600625,ACC_003040,Z017,ATM_Z017_039,118759.52,COMPLETED,2025-05-26T17:24:00
CSH_CMP_202600626,CMP_202600626,ACC_000061,Z009,ATM_Z009_050,49059.78,COMPLETED,2025-04-10T17:20:00
CSH_CMP_202600627,CMP_202600627,ACC_002291,Z015,ATM_Z015_044,34422.02,COMPLETED,2025-06-04T06:12:00
CSH_CMP_202600628,CMP_202600628,ACC_000514,Z046,ATM_Z046_003,12712.99,COMPLETED,2025-01-12T14:14:00
CSH_CMP_202600629,CMP_202600629,ACC_000060,Z009,ATM_Z009_042,15040.27,COMPLETED,2025-01-24T23:13:00
CSH_CMP_202600630,CMP_202600630,ACC_002984,Z045,ATM_Z045_040,6022.17,COMPLETED,2025-02-08T12:05:00
CSH_CMP_202600631,CMP_202600631,ACC_001912,Z009,ATM_Z009_004,314865.09,COMPLETED,2025-03-16T18:12:00
CSH_CMP_202600632,CMP_202600632,ACC_000330,Z039,ATM_Z039_030,30619.13,COMPLETED,2025-01-20T16:22:00
CSH_CMP_202600633,CMP_202600633,ACC_002224,Z017,ATM_Z017_036,14605.11,COMPLETED,2025-05-14T18:07:00
CSH_CMP_202600634,CMP_202600634,ACC_002443,Z016,ATM_Z016_037,94046.9,COMPLETED,2025-06-13T16:47:00
CSH_CMP_202600635,CMP_202600635,ACC_000472,Z002,ATM_Z002_039,39791.91,COMPLETED,2025-06-14T11:01:00
CSH_CMP_202600636,CMP_202600636,ACC_002223,Z050,ATM_Z050_019,42465.95,COMPLETED,2025-04-10T15:12:00
CSH_CMP_202600637,CMP_202600637,ACC_001229,Z003,ATM_Z003_033,24564.05,COMPLETED,2025-04-30T15:23:00
CSH_CMP_202600638,CMP_202600638,ACC_001913,Z009,ATM_Z009_012,55076.64,COMPLETED,2025-01-15T22:39:00
CSH_CMP_202600639,CMP_202600639,ACC_001229,Z003,ATM_Z003_008,14811.8,COMPLETED,2025-04-27T04:38:00
CSH_CMP_202600640,CMP_202600640,ACC_002777,Z009,ATM_Z009_029,5646.37,COMPLETED,2025-04-07T18:51:00
CSH_CMP_202600641,CMP_202600641,ACC_002443,Z002,ATM_Z002_049,410717.15,COMPLETED,2025-01-01T08:24:00
CSH_CMP_202600642,CMP_202600642,ACC_000062,Z015,ATM_Z015_010,11317.42,COMPLETED,2025-05-18T11:41:00
CSH_CMP_202600643,CMP_202600643,ACC_001536,Z007,ATM_Z007_034,318682.96,COMPLETED,2025-02-14T09:49:00
CSH_CMP_202600644,CMP_202600644,ACC_000330,Z022,ATM_Z022_050,36255.66,COMPLETED,2025-01-09T14:48:00
CSH_CMP_202600645,CMP_202600645,ACC_002230,Z017,ATM_Z017_035,11636.24,COMPLETED,2025-01-02T14:55:00
CSH_CMP_202600646,CMP_202600646,ACC_000003,Z034,ATM_Z034_019,11202.38,COMPLETED,2025-03-18T14:35:00
CSH_CMP_202600647,CMP_202600647,ACC_001230,Z004,ATM_Z004_036,1982.82,COMPLETED,2025-04-27T14:33:00
CSH_CMP_202600648,CMP_202600648,ACC_002224,Z031,ATM_Z031_047,2298.54,COMPLETED,2025-06-22T12:11:00
CSH_CMP_202600649,CMP_202600649,ACC_001023,Z048,ATM_Z048_038,12166.93,COMPLETED,2025-01-04T13:50:00
CSH_CMP_202600650,CMP_202600650,ACC_001913,Z001,ATM_Z001_047,11450.88,COMPLETED,2025-05-20T12:39:00
CSH_CMP_202600651,CMP_202600651,ACC_000058,Z016,ATM_Z016_020,4672.69,COMPLETED,2025-04-18T20:26:00
CSH_CMP_202600652,CMP_202600652,ACC_001912,Z001,ATM_Z001_018,9320.33,COMPLETED,2025-02-05T14:00:00
CSH_CMP_202600653,CMP_202600653,ACC_000075,Z015,ATM_Z015_011,16214.69,COMPLETED,2025-03-20T13:09:00
CSH_CMP_202600654,CMP_202600654,ACC_000472,Z046,ATM_Z046_003,6341.61,COMPLETED,2025-04-26T20:35:00
CSH_CMP_202600655,CMP_202600655,ACC_000491,Z046,ATM_Z046_039,27968.64,COMPLETED,2025-06-04T16:12:00
CSH_CMP_202600656,CMP_202600656,ACC_000272,Z052,ATM_Z052_026,10416.19,COMPLETED,2025-03-19T19:12:00
CSH_CMP_202600657,CMP_202600657,ACC_000332,Z032,ATM_Z032_025,25389.69,COMPLETED,2025-01-09T14:33:00
CSH_CMP_202600658,CMP_202600658,ACC_000270,Z006,ATM_Z006_024,11746.37,COMPLETED,2025-04-07T15:03:00
CSH_CMP_202600659,CMP_202600659,ACC_000784,Z003,ATM_Z003_035,2495.02,COMPLETED,2025-01-01T12:57:00
CSH_CMP_202600660,CMP_202600660,ACC_002775,Z055,ATM_Z055_027,42945.01,COMPLETED,2025-03-26T14:02:00
CSH_CMP_202600661,CMP_202600661,ACC_002289,Z015,ATM_Z015_005,545.73,COMPLETED,2025-01-15T16:09:00
CSH_CMP_202600662,CMP_202600662,ACC_002224,Z017,ATM_Z017_035,33352.63,COMPLETED,2025-05-03T01:13:00
CSH_CMP_202600663,CMP_202600663,ACC_000788,Z026,ATM_Z026_030,15529.95,COMPLETED,2025-01-19T13:40:00
CSH_CMP_202600664,CMP_202600664,ACC_002780,Z008,ATM_Z008_023,50468.99,COMPLETED,2025-05-26T15:35:00
CSH_CMP_202600665,CMP_202600665,ACC_001912,Z001,ATM_Z001_022,4645.19,COMPLETED,2025-04-08T10:36:00
CSH_CMP_202600666,CMP_202600666,ACC_002983,Z004,ATM_Z004_040,4013.36,COMPLETED,2025-02-05T15:56:00
CSH_CMP_202600667,CMP_202600667,ACC_001234,Z004,ATM_Z004_021,10783.25,COMPLETED,2025-05-16T19:06:00
CSH_CMP_202600668,CMP_202600668,ACC_001114,Z006,ATM_Z006_038,20916.68,COMPLETED,2025-01-29T07:29:00
CSH_CMP_202600669,CMP_202600669,ACC_002446,Z009,ATM_Z009_001,57244.8,COMPLETED,2025-06-25T21:58:00
CSH_CMP_202600670,CMP_202600670,ACC_000472,Z046,ATM_Z046_015,3777.38,COMPLETED,2025-05-26T12:38:00
CSH_CMP_202600671,CMP_202600671,ACC_002223,Z035,ATM_Z035_021,5255.33,COMPLETED,2025-02-04T10:42:00
CSH_CMP_202600672,CMP_202600672,ACC_000060,Z015,ATM_Z015_010,21087.08,COMPLETED,2025-04-13T13:00:00
CSH_CMP_202600673,CMP_202600673,ACC_000005,Z016,ATM_Z016_022,1994.09,COMPLETED,2025-03-16T15:57:00
CSH_CMP_202600674,CMP_202600674,ACC_002223,Z009,ATM_Z009_001,1416.51,COMPLETED,2025-06-06T00:42:00
CSH_CMP_202600675,CMP_202600675,ACC_000060,Z009,ATM_Z009_033,6008.44,COMPLETED,2025-03-16T19:11:00
CSH_CMP_202600676,CMP_202600676,ACC_001652,Z003,ATM_Z003_008,11699.28,COMPLETED,2025-03-26T18:36:00
CSH_CMP_202600677,CMP_202600677,ACC_001236,Z004,ATM_Z004_025,12993.2,COMPLETED,2025-03-09T14:59:00
CSH_CMP_202600678,CMP_202600678,ACC_001229,Z075,ATM_Z075_038,21543.14,COMPLETED,2025-05-14T17:44:00
CSH_CMP_202600679,CMP_202600679,ACC_000856,Z026,ATM_Z026_019,2630.34,COMPLETED,2025-04-23T18:36:00
CSH_CMP_202600680,CMP_202600680,ACC_000274,Z036,ATM_Z036_028,36529.43,COMPLETED,2025-06-18T23:25:00
CSH_CMP_202600681,CMP_202600681,ACC_001044,Z046,ATM_Z046_034,2761.9,COMPLETED,2025-06-05T00:00:00
CSH_CMP_202600682,CMP_202600682,ACC_000785,Z015,ATM_Z015_008,10143.01,COMPLETED,2025-01-28T14:56:00
CSH_CMP_202600683,CMP_202600683,ACC_002993,Z004,ATM_Z004_045,11221.79,COMPLETED,2025-03-23T21:29:00
CSH_CMP_202600684,CMP_202600684,ACC_002226,Z050,ATM_Z050_027,10965.73,COMPLETED,2025-01-25T16:08:00
CSH_CMP_202600685,CMP_202600685,ACC_000472,Z004,ATM_Z004_046,29076.14,COMPLETED,2025-05-15T15:34:00
CSH_CMP_202600686,CMP_202600686,ACC_000814,Z051,ATM_Z051_030,86482.31,COMPLETED,2025-03-14T19:18:00
CSH_CMP_202600687,CMP_202600687,ACC_000002,Z016,ATM_Z016_023,0.0,FROZEN,2025-05-03T12:57:00
CSH_CMP_202600688,CMP_202600688,ACC_001537,Z001,ATM_Z001_014,13956.66,COMPLETED,2025-06-21T13:57:00
CSH_CMP_202600689,CMP_202600689,ACC_000470,Z050,ATM_Z050_019,110851.18,COMPLETED,2025-05-10T11:48:00
CSH_CMP_202600690,CMP_202600690,ACC_002223,Z064,ATM_Z064_043,65018.1,COMPLETED,2025-01-06T18:48:00
CSH_CMP_202600691,CMP_202600691,ACC_000328,Z052,ATM_Z052_035,13954.25,COMPLETED,2025-01-11T16:05:00
CSH_CMP_202600692,CMP_202600692,ACC_001023,Z006,ATM_Z006_042,20322.18,COMPLETED,2025-01-23T16:56:00
CSH_CMP_202600693,CMP_202600693,ACC_000384,Z075,ATM_Z075_036,55127.21,COMPLETED,2025-03-02T10:15:00
CSH_CMP_202600694,CMP_202600694,ACC_001231,Z003,ATM_Z003_005,40733.99,COMPLETED,2025-01-01T13:36:00
CSH_CMP_202600695,CMP_202600695,ACC_000782,Z051,ATM_Z051_033,5240.44,COMPLETED,2025-06-09T09:24:00
CSH_CMP_202600696,CMP_202600696,ACC_002446,Z009,ATM_Z009_020,48807.03,COMPLETED,2025-02-05T15:30:00
CSH_CMP_202600697,CMP_202600697,ACC_002532,Z011,ATM_Z011_003,14376.7,COMPLETED,2025-04-28T14:15:00
CSH_CMP_202600698,CMP_202600698,ACC_000784,Z051,ATM_Z051_048,11819.95,COMPLETED,2025-02-24T15:31:00
CSH_CMP_202600699,CMP_202600699,ACC_000472,Z004,ATM_Z004_007,75813.52,COMPLETED,2025-06-05T17:16:00
CSH_CMP_202600700,CMP_202600700,ACC_001024,Z046,ATM_Z046_037,4346.23,COMPLETED,2025-05-03T15:30:00
CSH_CMP_202600701,CMP_202600701,ACC_002323,Z010,ATM_Z010_039,8172.28,COMPLETED,2025-04-25T18:24:00
CSH_CMP_202600702,CMP_202600702,ACC_002777,Z069,ATM_Z069_002,137525.94,COMPLETED,2025-03-17T06:18:00
CSH_CMP_202600703,CMP_202600703,ACC_000782,Z026,ATM_Z026_037,73976.47,COMPLETED,2025-03-16T06:54:00
CSH_CMP_202600704,CMP_202600704,ACC_000063,Z015,ATM_Z015_020,22327.62,COMPLETED,2025-04-12T07:11:00
CSH_CMP_202600705,CMP_202600705,ACC_001543,Z007,ATM_Z007_017,60387.35,COMPLETED,2025-01-15T17:01:00
CSH_CMP_202600706,CMP_202600706,ACC_000472,Z046,ATM_Z046_022,44669.78,COMPLETED,2025-04-25T14:50:00
CSH_CMP_202600707,CMP_202600707,ACC_002225,Z017,ATM_Z017_041,457502.08,COMPLETED,2025-06-14T15:04:00
CSH_CMP_202600708,CMP_202600708,ACC_002042,Z007,ATM_Z007_017,711478.69,COMPLETED,2025-02-13T04:12:00
CSH_CMP_202600709,CMP_202600709,ACC_002447,Z011,ATM_Z011_045,252193.35,COMPLETED,2025-06-17T01:20:00
CSH_CMP_202600710,CMP_202600710,ACC_002443,Z009,ATM_Z009_039,23848.29,COMPLETED,2025-06-26T20:19:00
CSH_CMP_202600711,CMP_202600711,ACC_000782,Z038,ATM_Z038_033,20683.34,COMPLETED,2025-03-07T17:02:00
CSH_CMP_202600712,CMP_202600712,ACC_002716,Z009,ATM_Z009_031,77927.24,COMPLETED,2025-02-28T13:39:00
CSH_CMP_202600713,CMP_202600713,ACC_000058,Z009,ATM_Z009_021,43478.14,COMPLETED,2025-03-04T12:44:00
CSH_CMP_202600714,CMP_202600714,ACC_002444,Z011,ATM_Z011_004,267053.02,COMPLETED,2025-01-09T11:27:00
CSH_CMP_202600715,CMP_202600715,ACC_001229,Z003,ATM_Z003_043,14145.82,COMPLETED,2025-02-14T05:12:00
CSH_CMP_202600716,CMP_202600716,ACC_000758,Z050,ATM_Z050_015,18828.23,COMPLETED,2025-03-03T15:10:00
CSH_CMP_202600717,CMP_202600717,ACC_003002,Z045,ATM_Z045_008,9388.96,COMPLETED,2025-04-29T13:06:00
CSH_CMP_202600718,CMP_202600718,ACC_000322,Z036,ATM_Z036_017,7778.62,COMPLETED,2025-05-28T16:34:00
CSH_CMP_202600719,CMP_202600719,ACC_000266,Z006,ATM_Z006_023,980.48,COMPLETED,2025-02-16T15:18:00
CSH_CMP_202600720,CMP_202600720,ACC_000795,Z003,ATM_Z003_043,67368.54,COMPLETED,2025-01-21T13:07:00
CSH_CMP_202600721,CMP_202600721,ACC_002984,Z017,ATM_Z017_049,13036.79,COMPLETED,2025-04-02T20:34:00
CSH_CMP_202600722,CMP_202600722,ACC_001024,Z046,ATM_Z046_044,810.22,COMPLETED,2025-03-07T16:00:00
CSH_CMP_202600723,CMP_202600723,ACC_002290,Z068,ATM_Z068_003,13722.52,COMPLETED,2025-04-23T15:27:00
CSH_CMP_202600724,CMP_202600724,ACC_000780,Z046,ATM_Z046_036,9695.86,COMPLETED,2025-06-18T19:30:00
CSH_CMP_202600725,CMP_202600725,ACC_000296,Z006,ATM_Z006_046,2072.04,COMPLETED,2025-03-05T18:14:00
CSH_CMP_202600726,CMP_202600726,ACC_000333,Z032,ATM_Z032_002,16055.68,COMPLETED,2025-04-22T14:13:00
CSH_CMP_202600727,CMP_202600727,ACC_001029,Z006,ATM_Z006_014,11533.24,COMPLETED,2025-01-30T12:27:00
CSH_CMP_202600728,CMP_202600728,ACC_002777,Z056,ATM_Z056_011,8388.23,COMPLETED,2025-01-29T12:05:00
CSH_CMP_202600729,CMP_202600729,ACC_000073,Z009,ATM_Z009_009,11247.94,COMPLETED,2025-05-26T17:28:00
CSH_CMP_202600730,CMP_202600730,ACC_001917,Z002,ATM_Z002_034,19984.21,COMPLETED,2025-05-05T13:13:00
CSH_CMP_202600731,CMP_202600731,ACC_000470,Z002,ATM_Z002_004,56692.56,COMPLETED,2025-06-06T06:14:00
CSH_CMP_202600732,CMP_202600732,ACC_000330,Z002,ATM_Z002_035,39055.82,COMPLETED,2025-01-03T07:45:00
CSH_CMP_202600733,CMP_202600733,ACC_001538,Z007,ATM_Z007_004,250826.77,COMPLETED,2025-01-20T12:07:00
CSH_CMP_202600734,CMP_202600734,ACC_002898,Z009,ATM_Z009_011,70938.01,COMPLETED,2025-03-04T10:14:00
CSH_CMP_202600735,CMP_202600735,ACC_000782,Z051,ATM_Z051_042,50255.01,COMPLETED,2025-01-09T12:15:00
CSH_CMP_202600736,CMP_202600736,ACC_002289,Z015,ATM_Z015_002,5629.05,COMPLETED,2025-04-08T17:29:00
CSH_CMP_202600737,CMP_202600737,ACC_001021,Z038,ATM_Z038_002,15415.16,COMPLETED,2025-03-07T10:00:00
CSH_CMP_202600738,CMP_202600738,ACC_001521,Z009,ATM_Z009_049,33512.13,COMPLETED,2025-02-16T13:30:00
CSH_CMP_202600739,CMP_202600739,ACC_000060,Z009,ATM_Z009_022,55617.32,COMPLETED,2025-04-03T16:26:00
CSH_CMP_202600740,CMP_202600740,ACC_001023,Z006,ATM_Z006_049,4732.75,COMPLETED,2025-04-27T14:41:00
CSH_CMP_202600741,CMP_202600741,ACC_000269,Z052,ATM_Z052_035,9128.19,COMPLETED,2025-05-30T09:11:00
CSH_CMP_202600742,CMP_202600742,ACC_002935,Z042,ATM_Z042_020,293610.88,COMPLETED,2025-03-15T09:05:00
CSH_CMP_202600743,CMP_202600743,ACC_000472,Z002,ATM_Z002_012,10515.26,COMPLETED,2025-02-15T15:24:00
CSH_CMP_202600744,CMP_202600744,ACC_000474,Z002,ATM_Z002_035,48979.08,COMPLETED,2025-06-03T19:09:00
CSH_CMP_202600745,CMP_202600745,ACC_001912,Z009,ATM_Z009_048,10065.49,COMPLETED,2025-05-04T14:09:00
CSH_CMP_202600746,CMP_202600746,ACC_001083,Z006,ATM_Z006_010,10622.67,COMPLETED,2025-05-04T09:35:00
CSH_CMP_202600747,CMP_202600747,ACC_001922,Z001,ATM_Z001_021,160412.99,COMPLETED,2025-05-20T14:15:00
CSH_CMP_202600748,CMP_202600748,ACC_000266,Z046,ATM_Z046_034,14055.68,COMPLETED,2025-05-06T15:26:00
CSH_CMP_202600749,CMP_202600749,ACC_002290,Z010,ATM_Z010_023,20601.56,COMPLETED,2025-06-08T18:56:00
CSH_CMP_202600750,CMP_202600750,ACC_001532,Z075,ATM_Z075_026,844.42,COMPLETED,2025-01-27T10:50:00
CSH_CMP_202600751,CMP_202600751,ACC_001534,Z002,ATM_Z002_023,349231.7,COMPLETED,2025-01-30T11:11:00
CSH_CMP_202600752,CMP_202600752,ACC_000331,Z002,ATM_Z002_016,2669.29,COMPLETED,2025-04-10T12:18:00
CSH_CMP_202600753,CMP_202600753,ACC_002223,Z009,ATM_Z009_045,10696.35,COMPLETED,2025-02-01T13:52:00
CSH_CMP_202600754,CMP_202600754,ACC_002304,Z015,ATM_Z015_007,75462.92,COMPLETED,2025-05-23T13:12:00
CSH_CMP_202600755,CMP_202600755,ACC_002806,Z056,ATM_Z056_037,885363.3,COMPLETED,2025-06-30T09:27:00
CSH_CMP_202600756,CMP_202600756,ACC_001913,Z009,ATM_Z009_007,54811.08,COMPLETED,2025-03-08T20:26:00
CSH_CMP_202600757,CMP_202600757,ACC_000782,Z003,ATM_Z003_045,32954.33,COMPLETED,2025-01-14T18:23:00
CSH_CMP_202600758,CMP_202600758,ACC_002223,Z017,ATM_Z017_022,12276.79,COMPLETED,2025-05-29T13:09:00
CSH_CMP_202600759,CMP_202600759,ACC_002226,Z009,ATM_Z009_009,51289.2,COMPLETED,2025-04-13T11:18:00
CSH_CMP_202600760,CMP_202600760,ACC_000061,Z015,ATM_Z015_042,63526.32,COMPLETED,2025-06-30T09:46:00
CSH_CMP_202600761,CMP_202600761,ACC_000266,Z052,ATM_Z052_027,12530.3,COMPLETED,2025-06-26T18:48:00
CSH_CMP_202600762,CMP_202600762,ACC_002225,Z050,ATM_Z050_016,115121.32,COMPLETED,2025-03-02T13:58:00
CSH_CMP_202600763,CMP_202600763,ACC_002443,Z011,ATM_Z011_008,8528.44,COMPLETED,2025-06-28T17:59:00
CSH_CMP_202600764,CMP_202600764,ACC_002223,Z050,ATM_Z050_006,12897.34,COMPLETED,2025-04-20T11:22:00
CSH_CMP_202600765,CMP_202600765,ACC_002225,Z050,ATM_Z050_006,3495.91,COMPLETED,2025-05-11T14:11:00
CSH_CMP_202600766,CMP_202600766,ACC_002792,Z009,ATM_Z009_017,1977.63,COMPLETED,2025-02-19T14:50:00
CSH_CMP_202600767,CMP_202600767,ACC_002348,Z018,ATM_Z018_036,16830.52,COMPLETED,2025-04-22T11:08:00
CSH_CMP_202600768,CMP_202600768,ACC_000782,Z038,ATM_Z038_039,11238.0,COMPLETED,2025-04-26T00:30:00
CSH_CMP_202600769,CMP_202600769,ACC_000475,Z002,ATM_Z002_026,11797.06,COMPLETED,2025-03-05T18:48:00
CSH_CMP_202600770,CMP_202600770,ACC_000795,Z037,ATM_Z037_048,31302.23,COMPLETED,2025-04-28T22:47:00
CSH_CMP_202600771,CMP_202600771,ACC_002289,Z058,ATM_Z058_007,11413.57,COMPLETED,2025-06-20T14:01:00
CSH_CMP_202600772,CMP_202600772,ACC_001021,Z003,ATM_Z003_037,5715.32,COMPLETED,2025-04-02T13:34:00
CSH_CMP_202600773,CMP_202600773,ACC_001535,Z002,ATM_Z002_046,52245.28,COMPLETED,2025-03-13T16:48:00
CSH_CMP_202600774,CMP_202600774,ACC_001912,Z049,ATM_Z049_029,508987.75,COMPLETED,2025-03-29T19:16:00
CSH_CMP_202600775,CMP_202600775,ACC_000061,Z009,ATM_Z009_033,6644.16,COMPLETED,2025-02-03T11:13:00
CSH_CMP_202600776,CMP_202600776,ACC_002580,Z002,ATM_Z002_033,190654.75,COMPLETED,2025-03-05T17:30:00
CSH_CMP_202600777,CMP_202600777,ACC_000782,Z038,ATM_Z038_020,2759.51,COMPLETED,2025-01-22T13:12:00
CSH_CMP_202600778,CMP_202600778,ACC_002234,Z050,ATM_Z050_030,515.24,COMPLETED,2025-06-10T14:14:00
CSH_CMP_202600779,CMP_202600779,ACC_001229,Z003,ATM_Z003_042,52063.62,COMPLETED,2025-06-22T18:23:00
CSH_CMP_202600780,CMP_202600780,ACC_000330,Z032,ATM_Z032_002,66655.01,COMPLETED,2025-03-27T11:05:00
CSH_CMP_202600781,CMP_202600781,ACC_002473,Z011,ATM_Z011_005,34477.97,COMPLETED,2025-04-10T17:13:00
CSH_CMP_202600782,CMP_202600782,ACC_000782,Z051,ATM_Z051_027,38645.5,COMPLETED,2025-06-16T09:30:00
CSH_CMP_202600783,CMP_202600783,ACC_000782,Z038,ATM_Z038_042,13125.78,COMPLETED,2025-05-10T14:03:00
CSH_CMP_202600784,CMP_202600784,ACC_002225,Z009,ATM_Z009_037,3511.37,COMPLETED,2025-03-04T19:01:00
CSH_CMP_202600785,CMP_202600785,ACC_001913,Z002,ATM_Z002_026,26814.3,COMPLETED,2025-03-22T10:13:00
CSH_CMP_202600786,CMP_202600786,ACC_002233,Z009,ATM_Z009_016,423.44,COMPLETED,2025-05-21T16:29:00
CSH_CMP_202600787,CMP_202600787,ACC_001912,Z049,ATM_Z049_030,13333.69,COMPLETED,2025-02-14T17:28:00
CSH_CMP_202600788,CMP_202600788,ACC_000522,Z004,ATM_Z004_031,3857.06,COMPLETED,2025-01-01T19:42:00
CSH_CMP_202600789,CMP_202600789,ACC_002247,Z017,ATM_Z017_006,99470.45,COMPLETED,2025-01-22T14:08:00
CSH_CMP_202600790,CMP_202600790,ACC_000330,Z010,ATM_Z010_045,172028.0,COMPLETED,2025-05-10T13:32:00
CSH_CMP_202600791,CMP_202600791,ACC_000060,Z015,ATM_Z015_011,18127.75,COMPLETED,2025-06-04T09:42:00
CSH_CMP_202600792,CMP_202600792,ACC_001542,Z007,ATM_Z007_038,107270.45,COMPLETED,2025-04-03T04:37:00
CSH_CMP_202600793,CMP_202600793,ACC_000330,Z009,ATM_Z009_012,30186.24,COMPLETED,2025-05-27T18:17:00
CSH_CMP_202600794,CMP_202600794,ACC_000487,Z007,ATM_Z007_038,27054.13,COMPLETED,2025-06-26T15:07:00
CSH_CMP_202600795,CMP_202600795,ACC_002294,Z015,ATM_Z015_022,35601.79,COMPLETED,2025-01-17T08:48:00
CSH_CMP_202600796,CMP_202600796,ACC_002983,Z026,ATM_Z026_043,11083.42,COMPLETED,2025-02-20T14:39:00
CSH_CMP_202600797,CMP_202600797,ACC_002451,Z009,ATM_Z009_012,4122.84,COMPLETED,2025-04-27T11:11:00
CSH_CMP_202600798,CMP_202600798,ACC_001918,Z001,ATM_Z001_045,21735.3,COMPLETED,2025-02-06T13:13:00
CSH_CMP_202600799,CMP_202600799,ACC_002291,Z015,ATM_Z015_026,12634.86,COMPLETED,2025-06-26T14:08:00
CSH_CMP_202600800,CMP_202600800,ACC_001535,Z007,ATM_Z007_001,149981.69,COMPLETED,2025-05-09T20:48:00
CSH_CMP_202600801,CMP_202600801,ACC_000782,Z026,ATM_Z026_011,12357.32,COMPLETED,2025-02-05T19:56:00
CSH_CMP_202600802,CMP_202600802,ACC_000267,Z036,ATM_Z036_048,1000.0,COMPLETED,2025-06-15T23:00:00
CSH_CMP_202600803,CMP_202600803,ACC_000290,Z052,ATM_Z052_041,30479.48,COMPLETED,2025-05-23T09:41:00
CSH_CMP_202600804,CMP_202600804,ACC_001538,Z002,ATM_Z002_017,28608.84,COMPLETED,2025-04-08T12:18:00
CSH_CMP_202600805,CMP_202600805,ACC_001229,Z035,ATM_Z035_005,17584.11,COMPLETED,2025-01-11T16:45:00
CSH_CMP_202600806,CMP_202600806,ACC_002085,Z032,ATM_Z032_034,54706.71,COMPLETED,2025-04-17T14:47:00
CSH_CMP_202600807,CMP_202600807,ACC_001914,Z049,ATM_Z049_033,3650.44,COMPLETED,2025-05-24T10:58:00
CSH_CMP_202600808,CMP_202600808,ACC_002550,Z011,ATM_Z011_024,15177.05,COMPLETED,2025-04-16T12:27:00
CSH_CMP_202600809,CMP_202600809,ACC_002445,Z011,ATM_Z011_016,143275.62,COMPLETED,2025-05-15T19:17:00
CSH_CMP_202600810,CMP_202600810,ACC_000782,Z003,ATM_Z003_018,219403.36,COMPLETED,2025-04-22T10:23:00
CSH_CMP_202600811,CMP_202600811,ACC_000783,Z038,ATM_Z038_011,2953.79,COMPLETED,2025-05-03T21:38:00
CSH_CMP_202600812,CMP_202600812,ACC_002983,Z017,ATM_Z017_028,32419.86,COMPLETED,2025-05-18T18:35:00
CSH_CMP_202600813,CMP_202600813,ACC_001230,Z002,ATM_Z002_004,56260.56,COMPLETED,2025-06-16T12:25:00
CSH_CMP_202600814,CMP_202600814,ACC_001912,Z002,ATM_Z002_036,179223.11,COMPLETED,2025-05-10T18:11:00
CSH_CMP_202600815,CMP_202600815,ACC_000002,Z016,ATM_Z016_020,244409.51,COMPLETED,2025-03-07T13:45:00
CSH_CMP_202600816,CMP_202600816,ACC_001545,Z007,ATM_Z007_040,350317.92,COMPLETED,2025-03-27T15:12:00
CSH_CMP_202600817,CMP_202600817,ACC_002984,Z004,ATM_Z004_009,56740.8,COMPLETED,2025-03-10T13:12:00
CSH_CMP_202600818,CMP_202600818,ACC_000003,Z009,ATM_Z009_027,423952.64,COMPLETED,2025-02-22T15:50:00
CSH_CMP_202600819,CMP_202600819,ACC_001229,Z004,ATM_Z004_022,25362.38,COMPLETED,2025-05-09T11:44:00
CSH_CMP_202600820,CMP_202600820,ACC_002862,Z009,ATM_Z009_024,161514.52,COMPLETED,2025-02-05T13:08:00
CSH_CMP_202600821,CMP_202600821,ACC_001080,Z046,ATM_Z046_039,39655.3,COMPLETED,2025-03-10T20:04:00
CSH_CMP_202600822,CMP_202600822,ACC_001702,Z007,ATM_Z007_034,64239.62,COMPLETED,2025-05-04T14:04:00
CSH_CMP_202600823,CMP_202600823,ACC_002452,Z009,ATM_Z009_003,9204.85,COMPLETED,2025-05-02T15:01:00
CSH_CMP_202600824,CMP_202600824,ACC_001229,Z075,ATM_Z075_032,6515.18,COMPLETED,2025-03-25T05:57:00
CSH_CMP_202600825,CMP_202600825,ACC_001033,Z046,ATM_Z046_022,11775.99,COMPLETED,2025-03-18T23:02:00
CSH_CMP_202600826,CMP_202600826,ACC_002223,Z017,ATM_Z017_026,1254.41,COMPLETED,2025-04-27T22:51:00
CSH_CMP_202600827,CMP_202600827,ACC_001537,Z001,ATM_Z001_024,21580.57,COMPLETED,2025-04-30T14:33:00
CSH_CMP_202600828,CMP_202600828,ACC_000784,Z038,ATM_Z038_032,13546.99,COMPLETED,2025-01-05T15:42:00
CSH_CMP_202600829,CMP_202600829,ACC_002175,Z051,ATM_Z051_050,5386.27,COMPLETED,2025-06-17T17:23:00
CSH_CMP_202600830,CMP_202600830,ACC_000330,Z010,ATM_Z010_019,16495.42,COMPLETED,2025-03-03T14:05:00
CSH_CMP_202600831,CMP_202600831,ACC_000060,Z015,ATM_Z015_002,3830.64,COMPLETED,2025-05-27T12:50:00
CSH_CMP_202600832,CMP_202600832,ACC_000264,Z015,ATM_Z015_025,8325.87,COMPLETED,2025-06-07T19:01:00
CSH_CMP_202600833,CMP_202600833,ACC_001231,Z003,ATM_Z003_021,76898.32,COMPLETED,2025-05-28T16:29:00
CSH_CMP_202600834,CMP_202600834,ACC_002223,Z017,ATM_Z017_024,59893.58,COMPLETED,2025-06-30T13:47:00
CSH_CMP_202600835,CMP_202600835,ACC_002983,Z026,ATM_Z026_040,9847.05,COMPLETED,2025-06-02T14:36:00
CSH_CMP_202600836,CMP_202600836,ACC_000212,Z032,ATM_Z032_050,136073.32,COMPLETED,2025-06-22T17:30:00
CSH_CMP_202600837,CMP_202600837,ACC_002239,Z017,ATM_Z017_011,10940.08,COMPLETED,2025-05-24T20:32:00
CSH_CMP_202600838,CMP_202600838,ACC_000061,Z015,ATM_Z015_022,6124.18,COMPLETED,2025-03-24T14:39:00
CSH_CMP_202600839,CMP_202600839,ACC_002444,Z028,ATM_Z028_012,11929.44,COMPLETED,2025-03-23T09:06:00
CSH_CMP_202600840,CMP_202600840,ACC_000782,Z026,ATM_Z026_025,7047.18,COMPLETED,2025-03-13T14:29:00
CSH_CMP_202600841,CMP_202600841,ACC_002983,Z045,ATM_Z045_035,15990.9,COMPLETED,2025-05-11T15:33:00
CSH_CMP_202600842,CMP_202600842,ACC_002444,Z002,ATM_Z002_011,6967.89,COMPLETED,2025-01-21T08:12:00
CSH_CMP_202600843,CMP_202600843,ACC_001645,Z002,ATM_Z002_010,47203.89,COMPLETED,2025-01-03T14:43:00
CSH_CMP_202600844,CMP_202600844,ACC_002294,Z015,ATM_Z015_043,6566.39,COMPLETED,2025-01-01T23:33:00
CSH_CMP_202600845,CMP_202600845,ACC_000472,Z002,ATM_Z002_017,14163.89,COMPLETED,2025-04-10T13:28:00
CSH_CMP_202600846,CMP_202600846,ACC_001913,Z001,ATM_Z001_046,3447.59,COMPLETED,2025-03-18T18:46:00
CSH_CMP_202600847,CMP_202600847,ACC_001914,Z002,ATM_Z002_001,26678.06,COMPLETED,2025-02-01T19:48:00
CSH_CMP_202600848,CMP_202600848,ACC_001285,Z004,ATM_Z004_037,102411.36,COMPLETED,2025-01-31T12:09:00
CSH_CMP_202600849,CMP_202600849,ACC_002308,Z010,ATM_Z010_025,12882.34,COMPLETED,2025-05-11T13:09:00
CSH_CMP_202600850,CMP_202600850,ACC_001933,Z009,ATM_Z009_022,88229.61,COMPLETED,2025-02-01T11:17:00
CSH_CMP_202600851,CMP_202600851,ACC_001683,Z074,ATM_Z074_020,21213.91,COMPLETED,2025-05-07T17:11:00
CSH_CMP_202600852,CMP_202600852,ACC_000061,Z015,ATM_Z015_049,16619.73,COMPLETED,2025-06-28T18:07:00
CSH_CMP_202600853,CMP_202600853,ACC_001147,Z009,ATM_Z009_046,1967.97,COMPLETED,2025-06-01T11:31:00
CSH_CMP_202600854,CMP_202600854,ACC_002983,Z045,ATM_Z045_020,36517.46,COMPLETED,2025-01-21T12:30:00
CSH_CMP_202600855,CMP_202600855,ACC_001535,Z050,ATM_Z050_002,10005.59,COMPLETED,2025-01-12T12:45:00
CSH_CMP_202600856,CMP_202600856,ACC_002783,Z008,ATM_Z008_008,588827.43,COMPLETED,2025-02-11T20:29:00
CSH_CMP_202600857,CMP_202600857,ACC_000073,Z009,ATM_Z009_027,25618.39,COMPLETED,2025-05-04T13:00:00
CSH_CMP_202600858,CMP_202600858,ACC_000783,Z038,ATM_Z038_001,4264.53,COMPLETED,2025-05-12T09:26:00
CSH_CMP_202600859,CMP_202600859,ACC_002777,Z008,ATM_Z008_029,618345.75,COMPLETED,2025-06-01T11:24:00
CSH_CMP_202600860,CMP_202600860,ACC_003040,Z004,ATM_Z004_012,11801.58,COMPLETED,2025-06-02T09:56:00
CSH_CMP_202600861,CMP_202600861,ACC_000266,Z052,ATM_Z052_044,9076.32,COMPLETED,2025-05-19T16:35:00
CSH_CMP_202600862,CMP_202600862,ACC_001644,Z002,ATM_Z002_037,30523.27,COMPLETED,2025-02-06T09:07:00
CSH_CMP_202600863,CMP_202600863,ACC_000477,Z002,ATM_Z002_046,16262.32,COMPLETED,2025-04-13T03:11:00
CSH_CMP_202600864,CMP_202600864,ACC_002777,Z009,ATM_Z009_031,22482.6,COMPLETED,2025-04-08T18:15:00
CSH_CMP_202600865,CMP_202600865,ACC_002444,Z002,ATM_Z002_011,3863.12,COMPLETED,2025-01-28T20:49:00
CSH_CMP_202600866,CMP_202600866,ACC_000782,Z003,ATM_Z003_036,29930.57,COMPLETED,2025-02-06T16:44:00
CSH_CMP_202600867,CMP_202600867,ACC_002777,Z042,ATM_Z042_040,48961.94,COMPLETED,2025-05-16T21:02:00
CSH_CMP_202600868,CMP_202600868,ACC_002292,Z010,ATM_Z010_011,33811.25,COMPLETED,2025-04-13T14:41:00
CSH_CMP_202600869,CMP_202600869,ACC_002159,Z045,ATM_Z045_010,2661.14,COMPLETED,2025-06-29T16:29:00
CSH_CMP_202600870,CMP_202600870,ACC_002963,Z009,ATM_Z009_005,18733.09,COMPLETED,2025-06-30T14:24:00
CSH_CMP_202600871,CMP_202600871,ACC_001036,Z046,ATM_Z046_050,7661.28,COMPLETED,2025-05-08T19:48:00
CSH_CMP_202600872,CMP_202600872,ACC_000061,Z015,ATM_Z015_047,0.0,FROZEN,2025-04-14T19:51:00
CSH_CMP_202600873,CMP_202600873,ACC_001023,Z025,ATM_Z025_013,6860.9,COMPLETED,2025-05-17T13:05:00
CSH_CMP_202600874,CMP_202600874,ACC_000004,Z016,ATM_Z016_024,4219.91,COMPLETED,2025-05-10T20:42:00
CSH_CMP_202600875,CMP_202600875,ACC_000006,Z016,ATM_Z016_038,16466.38,COMPLETED,2025-05-25T19:35:00
CSH_CMP_202600876,CMP_202600876,ACC_002983,Z039,ATM_Z039_036,4165.26,COMPLETED,2025-05-18T11:43:00
CSH_CMP_202600877,CMP_202600877,ACC_002445,Z002,ATM_Z002_031,17061.45,COMPLETED,2025-05-30T16:43:00
CSH_CMP_202600878,CMP_202600878,ACC_000267,Z036,ATM_Z036_026,9166.44,COMPLETED,2025-02-18T15:52:00
CSH_CMP_202600879,CMP_202600879,ACC_002444,Z007,ATM_Z007_049,4433.98,COMPLETED,2025-05-13T15:51:00
CSH_CMP_202600880,CMP_202600880,ACC_001176,Z009,ATM_Z009_023,58668.2,COMPLETED,2025-05-17T10:12:00
CSH_CMP_202600881,CMP_202600881,ACC_001229,Z003,ATM_Z003_041,3825.84,COMPLETED,2025-04-17T13:42:00
CSH_CMP_202600882,CMP_202600882,ACC_000013,Z016,ATM_Z016_017,58036.9,COMPLETED,2025-02-07T16:31:00
CSH_CMP_202600883,CMP_202600883,ACC_001229,Z035,ATM_Z035_040,185915.47,COMPLETED,2025-05-27T15:08:00
CSH_CMP_202600884,CMP_202600884,ACC_002443,Z011,ATM_Z011_011,513546.41,COMPLETED,2025-03-26T20:27:00
CSH_CMP_202600885,CMP_202600885,ACC_002221,Z009,ATM_Z009_011,28202.34,COMPLETED,2025-06-15T17:59:00
CSH_CMP_202600886,CMP_202600886,ACC_001048,Z006,ATM_Z006_043,1875.45,COMPLETED,2025-04-30T20:54:00
CSH_CMP_202600887,CMP_202600887,ACC_000002,Z016,ATM_Z016_044,41404.67,COMPLETED,2025-02-15T12:27:00
CSH_CMP_202600888,CMP_202600888,ACC_001912,Z009,ATM_Z009_004,25139.49,COMPLETED,2025-03-12T19:12:00
CSH_CMP_202600889,CMP_202600889,ACC_000272,Z052,ATM_Z052_016,6069.86,COMPLETED,2025-03-21T08:35:00
CSH_CMP_202600890,CMP_202600890,ACC_002777,Z068,ATM_Z068_022,8023.8,COMPLETED,2025-01-25T11:18:00
CSH_CMP_202600891,CMP_202600891,ACC_001026,Z046,ATM_Z046_021,36368.19,COMPLETED,2025-01-21T12:29:00
CSH_CMP_202600892,CMP_202600892,ACC_000332,Z002,ATM_Z002_008,31814.64,COMPLETED,2025-05-13T13:48:00
CSH_CMP_202600893,CMP_202600893,ACC_000782,Z051,ATM_Z051_043,1521.54,COMPLETED,2025-03-22T21:03:00
CSH_CMP_202600894,CMP_202600894,ACC_002224,Z017,ATM_Z017_021,3819.86,COMPLETED,2025-04-21T16:41:00
CSH_CMP_202600895,CMP_202600895,ACC_001913,Z001,ATM_Z001_020,19301.69,COMPLETED,2025-05-09T12:38:00
CSH_CMP_202600896,CMP_202600896,ACC_000330,Z075,ATM_Z075_047,14651.83,COMPLETED,2025-01-07T17:41:00
CSH_CMP_202600897,CMP_202600897,ACC_000330,Z002,ATM_Z002_049,7676.07,COMPLETED,2025-05-12T13:42:00
CSH_CMP_202600898,CMP_202600898,ACC_001535,Z063,ATM_Z063_011,6570.49,COMPLETED,2025-04-08T07:57:00
CSH_CMP_202600899,CMP_202600899,ACC_002780,Z056,ATM_Z056_030,11717.0,COMPLETED,2025-01-29T11:16:00
CSH_CMP_202600900,CMP_202600900,ACC_000335,Z075,ATM_Z075_035,48150.25,COMPLETED,2025-03-14T21:10:00
CSH_CMP_202600901,CMP_202600901,ACC_000331,Z002,ATM_Z002_025,26836.33,COMPLETED,2025-06-04T21:23:00
CSH_CMP_202600902,CMP_202600902,ACC_001534,Z007,ATM_Z007_028,14933.16,COMPLETED,2025-04-26T16:51:00
CSH_CMP_202600903,CMP_202600903,ACC_000472,Z004,ATM_Z004_042,38687.35,COMPLETED,2025-01-12T20:57:00
CSH_CMP_202600904,CMP_202600904,ACC_001229,Z004,ATM_Z004_046,41607.31,COMPLETED,2025-01-05T18:37:00
CSH_CMP_202600905,CMP_202600905,ACC_001230,Z003,ATM_Z003_019,134802.58,COMPLETED,2025-01-05T09:43:00
CSH_CMP_202600906,CMP_202600906,ACC_001926,Z001,ATM_Z001_038,117412.7,COMPLETED,2025-01-10T23:51:00
CSH_CMP_202600907,CMP_202600907,ACC_000081,Z009,ATM_Z009_007,26399.9,COMPLETED,2025-03-22T15:53:00
CSH_CMP_202600908,CMP_202600908,ACC_001536,Z001,ATM_Z001_030,2177.77,COMPLETED,2025-02-10T06:17:00
CSH_CMP_202600909,CMP_202600909,ACC_001229,Z004,ATM_Z004_026,6242.58,COMPLETED,2025-04-03T17:33:00
CSH_CMP_202600910,CMP_202600910,ACC_001023,Z046,ATM_Z046_038,27446.68,COMPLETED,2025-01-30T16:31:00
CSH_CMP_202600911,CMP_202600911,ACC_001534,Z007,ATM_Z007_030,25986.34,COMPLETED,2025-04-17T16:16:00
CSH_CMP_202600912,CMP_202600912,ACC_000112,Z015,ATM_Z015_025,42781.05,COMPLETED,2025-01-11T07:42:00
CSH_CMP_202600913,CMP_202600913,ACC_002278,Z017,ATM_Z017_038,6209.82,COMPLETED,2025-03-09T15:49:00
CSH_CMP_202600914,CMP_202600914,ACC_002487,Z011,ATM_Z011_036,140320.03,COMPLETED,2025-04-07T14:19:00
CSH_CMP_202600915,CMP_202600915,ACC_002227,Z017,ATM_Z017_037,75013.23,COMPLETED,2025-01-03T11:08:00
CSH_CMP_202600916,CMP_202600916,ACC_002289,Z010,ATM_Z010_009,1590.39,COMPLETED,2025-04-09T20:01:00
CSH_CMP_202600917,CMP_202600917,ACC_002443,Z002,ATM_Z002_002,180897.4,COMPLETED,2025-03-25T15:22:00
CSH_CMP_202600918,CMP_202600918,ACC_000330,Z075,ATM_Z075_045,22306.93,COMPLETED,2025-03-09T09:50:00
CSH_CMP_202600919,CMP_202600919,ACC_002223,Z003,ATM_Z003_004,5161.3,COMPLETED,2025-03-31T12:12:00
CSH_CMP_202600920,CMP_202600920,ACC_000780,Z004,ATM_Z004_038,20780.5,COMPLETED,2025-05-14T13:54:00
CSH_CMP_202600921,CMP_202600921,ACC_002779,Z042,ATM_Z042_029,444392.62,COMPLETED,2025-05-11T21:52:00
CSH_CMP_202600922,CMP_202600922,ACC_001230,Z010,ATM_Z010_029,3961.38,COMPLETED,2025-03-22T19:57:00
CSH_CMP_202600923,CMP_202600923,ACC_000381,Z009,ATM_Z009_022,35556.74,COMPLETED,2025-01-10T06:55:00
CSH_CMP_202600924,CMP_202600924,ACC_002777,Z009,ATM_Z009_047,675027.85,COMPLETED,2025-04-25T11:53:00
CSH_CMP_202600925,CMP_202600925,ACC_001027,Z006,ATM_Z006_023,633.53,COMPLETED,2025-04-06T16:46:00
CSH_CMP_202600926,CMP_202600926,ACC_000470,Z002,ATM_Z002_036,20656.59,COMPLETED,2025-06-07T13:12:00
CSH_CMP_202600927,CMP_202600927,ACC_001234,Z075,ATM_Z075_026,4196.45,COMPLETED,2025-03-08T12:14:00
CSH_CMP_202600928,CMP_202600928,ACC_001213,Z010,ATM_Z010_032,29945.78,COMPLETED,2025-06-06T20:10:00
CSH_CMP_202600929,CMP_202600929,ACC_000003,Z016,ATM_Z016_008,13060.45,COMPLETED,2025-03-06T17:22:00
CSH_CMP_202600930,CMP_202600930,ACC_003031,Z017,ATM_Z017_034,10612.37,COMPLETED,2025-01-22T17:20:00
CSH_CMP_202600931,CMP_202600931,ACC_002981,Z008,ATM_Z008_041,49750.78,COMPLETED,2025-05-27T17:35:00
CSH_CMP_202600932,CMP_202600932,ACC_000347,Z032,ATM_Z032_049,12851.59,COMPLETED,2025-03-23T17:01:00
CSH_CMP_202600933,CMP_202600933,ACC_000061,Z015,ATM_Z015_046,25773.77,COMPLETED,2025-04-19T18:29:00
CSH_CMP_202600934,CMP_202600934,ACC_001912,Z009,ATM_Z009_012,3982.32,COMPLETED,2025-06-18T14:41:00
CSH_CMP_202600935,CMP_202600935,ACC_000832,Z051,ATM_Z051_005,41433.86,COMPLETED,2025-03-07T13:52:00
CSH_CMP_202600936,CMP_202600936,ACC_002899,Z002,ATM_Z002_031,72773.29,COMPLETED,2025-01-12T13:59:00
CSH_CMP_202600937,CMP_202600937,ACC_000071,Z009,ATM_Z009_040,25845.24,COMPLETED,2025-06-29T03:47:00
CSH_CMP_202600938,CMP_202600938,ACC_000002,Z009,ATM_Z009_005,7038.51,COMPLETED,2025-05-28T14:42:00
CSH_CMP_202600939,CMP_202600939,ACC_001535,Z060,ATM_Z060_050,212201.67,COMPLETED,2025-06-09T15:16:00
CSH_CMP_202600940,CMP_202600940,ACC_000330,Z010,ATM_Z010_026,417387.72,COMPLETED,2025-02-20T13:00:00
CSH_CMP_202600941,CMP_202600941,ACC_002983,Z004,ATM_Z004_015,3325.39,COMPLETED,2025-02-25T15:54:00
CSH_CMP_202600942,CMP_202600942,ACC_003040,Z045,ATM_Z045_028,4428.18,COMPLETED,2025-01-11T17:24:00
CSH_CMP_202600943,CMP_202600943,ACC_001489,Z009,ATM_Z009_020,10361.73,COMPLETED,2025-05-06T15:56:00
CSH_CMP_202600944,CMP_202600944,ACC_002289,Z015,ATM_Z015_039,1083.99,COMPLETED,2025-02-02T15:32:00
CSH_CMP_202600945,CMP_202600945,ACC_000846,Z009,ATM_Z009_005,44650.42,COMPLETED,2025-02-26T10:47:00
CSH_CMP_202600946,CMP_202600946,ACC_000004,Z009,ATM_Z009_040,1707.51,COMPLETED,2025-04-22T21:22:00
CSH_CMP_202600947,CMP_202600947,ACC_001912,Z001,ATM_Z001_021,10569.24,COMPLETED,2025-01-26T19:22:00
CSH_CMP_202600948,CMP_202600948,ACC_001535,Z026,ATM_Z026_039,5260.14,COMPLETED,2025-04-27T09:53:00
CSH_CMP_202600949,CMP_202600949,ACC_000782,Z003,ATM_Z003_012,139550.72,COMPLETED,2025-01-23T19:29:00
CSH_CMP_202600950,CMP_202600950,ACC_001470,Z075,ATM_Z075_046,21411.88,COMPLETED,2025-05-22T14:00:00
CSH_CMP_202600951,CMP_202600951,ACC_002775,Z002,ATM_Z002_012,4779.26,COMPLETED,2025-05-20T19:01:00
CSH_CMP_202600952,CMP_202600952,ACC_000010,Z071,ATM_Z071_015,10816.88,COMPLETED,2025-05-25T19:28:00
CSH_CMP_202600953,CMP_202600953,ACC_000022,Z016,ATM_Z016_018,39209.96,COMPLETED,2025-03-26T10:48:00
CSH_CMP_202600954,CMP_202600954,ACC_001243,Z075,ATM_Z075_015,77953.33,COMPLETED,2025-02-03T20:23:00
CSH_CMP_202600955,CMP_202600955,ACC_000332,Z009,ATM_Z009_042,106239.65,COMPLETED,2025-05-13T20:24:00
CSH_CMP_202600956,CMP_202600956,ACC_000068,Z009,ATM_Z009_018,2924.69,COMPLETED,2025-05-28T17:53:00
CSH_CMP_202600957,CMP_202600957,ACC_000782,Z003,ATM_Z003_041,15130.19,COMPLETED,2025-03-21T13:32:00
CSH_CMP_202600958,CMP_202600958,ACC_002446,Z002,ATM_Z002_002,20627.73,COMPLETED,2025-06-17T22:02:00
CSH_CMP_202600959,CMP_202600959,ACC_002997,Z004,ATM_Z004_024,47848.19,COMPLETED,2025-03-29T16:31:00
CSH_CMP_202600960,CMP_202600960,ACC_001536,Z001,ATM_Z001_005,9138.9,COMPLETED,2025-05-10T11:34:00
CSH_CMP_202600961,CMP_202600961,ACC_001024,Z006,ATM_Z006_043,7115.96,COMPLETED,2025-03-21T14:05:00
CSH_CMP_202600962,CMP_202600962,ACC_000002,Z016,ATM_Z016_030,30354.61,COMPLETED,2025-05-06T14:16:00
CSH_CMP_202600963,CMP_202600963,ACC_000343,Z032,ATM_Z032_021,128711.52,COMPLETED,2025-01-31T08:01:00
CSH_CMP_202600964,CMP_202600964,ACC_000782,Z051,ATM_Z051_050,16575.16,COMPLETED,2025-01-11T21:33:00
CSH_CMP_202600965,CMP_202600965,ACC_000266,Z070,ATM_Z070_042,1596.77,COMPLETED,2025-05-25T14:47:00
CSH_CMP_202600966,CMP_202600966,ACC_000352,Z075,ATM_Z075_017,27806.12,COMPLETED,2025-04-09T14:30:00
CSH_CMP_202600967,CMP_202600967,ACC_000784,Z028,ATM_Z028_015,7287.16,COMPLETED,2025-03-29T18:30:00
CSH_CMP_202600968,CMP_202600968,ACC_002230,Z009,ATM_Z009_012,10069.6,COMPLETED,2025-04-15T21:01:00
CSH_CMP_202600969,CMP_202600969,ACC_000267,Z052,ATM_Z052_004,12955.41,COMPLETED,2025-04-24T06:00:00
CSH_CMP_202600970,CMP_202600970,ACC_000331,Z032,ATM_Z032_015,33151.28,COMPLETED,2025-03-21T14:41:00
CSH_CMP_202600971,CMP_202600971,ACC_000058,Z016,ATM_Z016_006,1773.94,COMPLETED,2025-02-10T14:55:00
CSH_CMP_202600972,CMP_202600972,ACC_000266,Z006,ATM_Z006_002,12315.35,COMPLETED,2025-05-22T17:28:00
CSH_CMP_202600973,CMP_202600973,ACC_002246,Z009,ATM_Z009_017,26751.3,COMPLETED,2025-04-23T09:40:00
CSH_CMP_202600974,CMP_202600974,ACC_000015,Z009,ATM_Z009_010,5803.25,COMPLETED,2025-06-28T11:15:00
CSH_CMP_202600975,CMP_202600975,ACC_001536,Z001,ATM_Z001_049,51992.82,COMPLETED,2025-04-13T14:45:00
CSH_CMP_202600976,CMP_202600976,ACC_001024,Z046,ATM_Z046_005,10602.29,COMPLETED,2025-04-23T11:31:00
CSH_CMP_202600977,CMP_202600977,ACC_002289,Z010,ATM_Z010_018,10845.51,COMPLETED,2025-04-07T19:14:00
CSH_CMP_202600978,CMP_202600978,ACC_000264,Z009,ATM_Z009_032,8921.76,COMPLETED,2025-01-22T09:48:00
CSH_CMP_202600979,CMP_202600979,ACC_002779,Z061,ATM_Z061_019,15617.49,COMPLETED,2025-02-13T19:11:00
CSH_CMP_202600980,CMP_202600980,ACC_000058,Z016,ATM_Z016_006,1037.4,COMPLETED,2025-02-27T12:01:00
CSH_CMP_202600981,CMP_202600981,ACC_000003,Z009,ATM_Z009_002,71315.42,COMPLETED,2025-01-14T19:42:00
CSH_CMP_202600982,CMP_202600982,ACC_002290,Z015,ATM_Z015_040,5925.16,COMPLETED,2025-04-06T11:35:00
CSH_CMP_202600983,CMP_202600983,ACC_002996,Z017,ATM_Z017_004,49354.03,COMPLETED,2025-06-09T17:48:00
CSH_CMP_202600984,CMP_202600984,ACC_000473,Z004,ATM_Z004_024,37751.16,COMPLETED,2025-03-14T12:29:00
CSH_CMP_202600985,CMP_202600985,ACC_000060,Z009,ATM_Z009_035,4105.64,COMPLETED,2025-04-28T12:32:00
CSH_CMP_202600986,CMP_202600986,ACC_000060,Z015,ATM_Z015_024,12732.55,COMPLETED,2025-05-16T22:39:00
CSH_CMP_202600987,CMP_202600987,ACC_001535,Z007,ATM_Z007_014,70198.27,COMPLETED,2025-05-13T16:22:00
CSH_CMP_202600988,CMP_202600988,ACC_002844,Z056,ATM_Z056_021,103795.15,COMPLETED,2025-04-13T18:50:00
CSH_CMP_202600989,CMP_202600989,ACC_000327,Z006,ATM_Z006_005,8305.88,COMPLETED,2025-01-25T13:12:00
CSH_CMP_202600990,CMP_202600990,ACC_001534,Z007,ATM_Z007_011,29855.18,COMPLETED,2025-06-23T16:01:00
CSH_CMP_202600991,CMP_202600991,ACC_000066,Z015,ATM_Z015_049,9362.54,COMPLETED,2025-05-28T16:43:00
CSH_CMP_202600992,CMP_202600992,ACC_000002,Z016,ATM_Z016_005,4000.64,COMPLETED,2025-06-18T11:39:00
CSH_CMP_202600993,CMP_202600993,ACC_000715,Z014,ATM_Z014_031,58964.04,COMPLETED,2025-06-24T18:46:00
CSH_CMP_202600994,CMP_202600994,ACC_002293,Z010,ATM_Z010_023,11531.02,COMPLETED,2025-06-24T11:40:00
CSH_CMP_202600995,CMP_202600995,ACC_002443,Z009,ATM_Z009_034,132187.67,COMPLETED,2025-04-19T12:57:00
CSH_CMP_202600996,CMP_202600996,ACC_001230,Z004,ATM_Z004_022,91870.4,COMPLETED,2025-03-17T10:32:00
CSH_CMP_202600997,CMP_202600997,ACC_002224,Z017,ATM_Z017_005,36659.9,COMPLETED,2025-02-23T13:54:00
CSH_CMP_202600998,CMP_202600998,ACC_001021,Z060,ATM_Z060_002,24722.92,COMPLETED,2025-04-13T01:17:00
CSH_CMP_202600999,CMP_202600999,ACC_002223,Z009,ATM_Z009_012,4297.47,COMPLETED,2025-06-07T12:06:00
CSH_CMP_202601000,CMP_202601000,ACC_002447,Z002,ATM_Z002_027,10881.99,COMPLETED,2025-05-18T17:43:00
CSH_CMP_202601001,CMP_202601001,ACC_000330,Z022,ATM_Z022_041,11130.93,COMPLETED,2025-02-03T13:39:00
CSH_CMP_202601002,CMP_202601002,ACC_002981,Z009,ATM_Z009_025,143511.41,COMPLETED,2025-02-15T21:31:00
CSH_CMP_202601003,CMP_202601003,ACC_001023,Z046,ATM_Z046_006,4239.72,COMPLETED,2025-03-22T18:42:00
CSH_CMP_202601004,CMP_202601004,ACC_002238,Z017,ATM_Z017_028,17682.28,COMPLETED,2025-06-07T20:39:00
CSH_CMP_202601005,CMP_202601005,ACC_001535,Z002,ATM_Z002_029,31304.34,COMPLETED,2025-02-17T15:41:00
CSH_CMP_202601006,CMP_202601006,ACC_000746,Z007,ATM_Z007_018,827281.56,COMPLETED,2025-04-23T13:35:00
CSH_CMP_202601007,CMP_202601007,ACC_002225,Z009,ATM_Z009_038,2144.27,COMPLETED,2025-06-12T06:15:00
CSH_CMP_202601008,CMP_202601008,ACC_001229,Z035,ATM_Z035_036,6189.21,COMPLETED,2025-02-02T14:11:00
CSH_CMP_202601009,CMP_202601009,ACC_000829,Z003,ATM_Z003_030,7442.93,COMPLETED,2025-03-21T12:08:00
CSH_CMP_202601010,CMP_202601010,ACC_002223,Z017,ATM_Z017_020,107505.55,COMPLETED,2025-01-27T14:38:00
CSH_CMP_202601011,CMP_202601011,ACC_000780,Z002,ATM_Z002_023,41633.14,COMPLETED,2025-05-08T17:10:00
CSH_CMP_202601012,CMP_202601012,ACC_001612,Z007,ATM_Z007_032,23472.4,COMPLETED,2025-01-08T21:35:00
CSH_CMP_202601013,CMP_202601013,ACC_002760,Z046,ATM_Z046_014,5831.46,COMPLETED,2025-06-02T14:03:00
CSH_CMP_202601014,CMP_202601014,ACC_001240,Z003,ATM_Z003_030,29430.03,COMPLETED,2025-03-25T18:52:00
CSH_CMP_202601015,CMP_202601015,ACC_002289,Z010,ATM_Z010_045,761.43,COMPLETED,2025-04-01T13:48:00
CSH_CMP_202601016,CMP_202601016,ACC_000782,Z038,ATM_Z038_021,43671.03,COMPLETED,2025-02-06T19:45:00
CSH_CMP_202601017,CMP_202601017,ACC_000328,Z006,ATM_Z006_017,31566.87,COMPLETED,2025-01-11T08:38:00
CSH_CMP_202601018,CMP_202601018,ACC_001230,Z003,ATM_Z003_044,29066.44,COMPLETED,2025-05-12T16:52:00
CSH_CMP_202601019,CMP_202601019,ACC_002877,Z008,ATM_Z008_015,19099.38,COMPLETED,2025-01-24T16:07:00
CSH_CMP_202601020,CMP_202601020,ACC_000479,Z004,ATM_Z004_021,9623.83,COMPLETED,2025-03-06T19:42:00
CSH_CMP_202601021,CMP_202601021,ACC_001913,Z002,ATM_Z002_005,4545.99,COMPLETED,2025-01-07T10:20:00
CSH_CMP_202601022,CMP_202601022,ACC_000335,Z010,ATM_Z010_003,1744.87,COMPLETED,2025-06-27T08:20:00
CSH_CMP_202601023,CMP_202601023,ACC_000068,Z015,ATM_Z015_038,11625.45,COMPLETED,2025-05-24T13:32:00
CSH_CMP_202601024,CMP_202601024,ACC_001028,Z006,ATM_Z006_010,9096.05,COMPLETED,2025-03-19T09:10:00
CSH_CMP_202601025,CMP_202601025,ACC_000330,Z075,ATM_Z075_033,50876.08,COMPLETED,2025-05-06T17:34:00
CSH_CMP_202601026,CMP_202601026,ACC_002448,Z011,ATM_Z011_002,9746.04,COMPLETED,2025-01-10T11:50:00
CSH_CMP_202601027,CMP_202601027,ACC_002450,Z009,ATM_Z009_031,101292.76,COMPLETED,2025-03-09T12:59:00
CSH_CMP_202601028,CMP_202601028,ACC_002443,Z002,ATM_Z002_002,5471.46,COMPLETED,2025-01-15T14:39:00
CSH_CMP_202601029,CMP_202601029,ACC_002777,Z009,ATM_Z009_040,8969.2,COMPLETED,2025-06-14T13:15:00
CSH_CMP_202601030,CMP_202601030,ACC_001038,Z006,ATM_Z006_026,8118.02,COMPLETED,2025-04-19T16:04:00
CSH_CMP_202601031,CMP_202601031,ACC_003040,Z017,ATM_Z017_012,2665.7,COMPLETED,2025-06-25T13:02:00
CSH_CMP_202601032,CMP_202601032,ACC_000332,Z009,ATM_Z009_032,154079.61,COMPLETED,2025-01-08T20:30:00
CSH_CMP_202601033,CMP_202601033,ACC_000328,Z036,ATM_Z036_048,5895.17,COMPLETED,2025-03-25T12:20:00
CSH_CMP_202601034,CMP_202601034,ACC_000475,Z046,ATM_Z046_028,16779.82,COMPLETED,2025-01-29T16:55:00
CSH_CMP_202601035,CMP_202601035,ACC_001251,Z003,ATM_Z003_034,6448.68,COMPLETED,2025-02-22T13:12:00
CSH_CMP_202601036,CMP_202601036,ACC_001023,Z046,ATM_Z046_008,6351.61,COMPLETED,2025-03-10T10:27:00
CSH_CMP_202601037,CMP_202601037,ACC_000473,Z002,ATM_Z002_005,6591.07,COMPLETED,2025-03-19T16:05:00
CSH_CMP_202601038,CMP_202601038,ACC_000062,Z009,ATM_Z009_025,16777.01,COMPLETED,2025-04-08T14:46:00
CSH_CMP_202601039,CMP_202601039,ACC_000784,Z030,ATM_Z030_032,17117.99,COMPLETED,2025-04-12T13:14:00
CSH_CMP_202601040,CMP_202601040,ACC_001234,Z003,ATM_Z003_018,3716.5,COMPLETED,2025-01-07T13:18:00
CSH_CMP_202601041,CMP_202601041,ACC_000785,Z026,ATM_Z026_015,1223.07,COMPLETED,2025-06-22T17:21:00
CSH_CMP_202601042,CMP_202601042,ACC_001540,Z007,ATM_Z007_038,6853.11,COMPLETED,2025-03-10T14:56:00
CSH_CMP_202601043,CMP_202601043,ACC_000465,Z038,ATM_Z038_049,24437.5,COMPLETED,2025-01-06T14:29:00
CSH_CMP_202601044,CMP_202601044,ACC_002443,Z009,ATM_Z009_027,58510.19,COMPLETED,2025-03-12T21:55:00
CSH_CMP_202601045,CMP_202601045,ACC_000266,Z006,ATM_Z006_025,13036.49,COMPLETED,2025-03-26T09:07:00
CSH_CMP_202601046,CMP_202601046,ACC_001071,Z046,ATM_Z046_031,9695.21,COMPLETED,2025-03-17T19:09:00
CSH_CMP_202601047,CMP_202601047,ACC_000782,Z003,ATM_Z003_014,197184.11,COMPLETED,2025-01-02T18:26:00
CSH_CMP_202601048,CMP_202601048,ACC_000477,Z046,ATM_Z046_009,2149.04,COMPLETED,2025-05-29T15:22:00
CSH_CMP_202601049,CMP_202601049,ACC_001109,Z050,ATM_Z050_006,3265.25,COMPLETED,2025-06-12T12:02:00
CSH_CMP_202601050,CMP_202601050,ACC_002295,Z015,ATM_Z015_031,18467.2,COMPLETED,2025-06-10T18:50:00
CSH_CMP_202601051,CMP_202601051,ACC_000305,Z052,ATM_Z052_009,2809.74,COMPLETED,2025-04-14T21:33:00
CSH_CMP_202601052,CMP_202601052,ACC_001075,Z046,ATM_Z046_034,42579.05,COMPLETED,2025-03-12T17:18:00
CSH_CMP_202601053,CMP_202601053,ACC_002784,Z008,ATM_Z008_017,42914.85,COMPLETED,2025-06-22T13:29:00
CSH_CMP_202601054,CMP_202601054,ACC_000518,Z067,ATM_Z067_035,2327.96,COMPLETED,2025-01-27T19:12:00
CSH_CMP_202601055,CMP_202601055,ACC_002777,Z042,ATM_Z042_011,127794.23,COMPLETED,2025-02-17T20:33:00
CSH_CMP_202601056,CMP_202601056,ACC_002217,Z027,ATM_Z027_036,25306.57,COMPLETED,2025-02-11T10:47:00
CSH_CMP_202601057,CMP_202601057,ACC_000331,Z075,ATM_Z075_050,99716.38,COMPLETED,2025-01-17T17:55:00
CSH_CMP_202601058,CMP_202601058,ACC_002291,Z015,ATM_Z015_034,57454.97,COMPLETED,2025-02-18T15:35:00
CSH_CMP_202601059,CMP_202601059,ACC_002225,Z050,ATM_Z050_032,3716.85,COMPLETED,2025-06-30T16:19:00
CSH_CMP_202601060,CMP_202601060,ACC_002294,Z010,ATM_Z010_022,7953.56,COMPLETED,2025-04-23T07:47:00
CSH_CMP_202601061,CMP_202601061,ACC_001028,Z046,ATM_Z046_033,48897.93,COMPLETED,2025-02-04T10:37:00
CSH_CMP_202601062,CMP_202601062,ACC_000062,Z009,ATM_Z009_023,4177.15,COMPLETED,2025-05-08T15:14:00
CSH_CMP_202601063,CMP_202601063,ACC_000292,Z006,ATM_Z006_022,3756.83,COMPLETED,2025-02-27T20:36:00
CSH_CMP_202601064,CMP_202601064,ACC_000270,Z006,ATM_Z006_013,31477.29,COMPLETED,2025-04-30T17:49:00
CSH_CMP_202601065,CMP_202601065,ACC_001231,Z004,ATM_Z004_039,14521.53,COMPLETED,2025-06-01T18:13:00
CSH_CMP_202601066,CMP_202601066,ACC_002983,Z017,ATM_Z017_012,19593.0,COMPLETED,2025-02-04T16:45:00
CSH_CMP_202601067,CMP_202601067,ACC_000782,Z051,ATM_Z051_001,10847.94,COMPLETED,2025-01-27T07:09:00
CSH_CMP_202601068,CMP_202601068,ACC_001535,Z007,ATM_Z007_018,6017.96,COMPLETED,2025-03-21T07:22:00
CSH_CMP_202601069,CMP_202601069,ACC_000330,Z002,ATM_Z002_037,7296.34,COMPLETED,2025-02-20T15:15:00
CSH_CMP_202601070,CMP_202601070,ACC_002223,Z009,ATM_Z009_030,3349.51,COMPLETED,2025-01-05T21:58:00
CSH_CMP_202601071,CMP_202601071,ACC_002221,Z001,ATM_Z001_015,14168.25,COMPLETED,2025-04-22T09:56:00
CSH_CMP_202601072,CMP_202601072,ACC_001917,Z002,ATM_Z002_023,6677.93,COMPLETED,2025-06-23T13:31:00
CSH_CMP_202601073,CMP_202601073,ACC_001359,Z009,ATM_Z009_042,10927.09,COMPLETED,2025-06-24T15:08:00
CSH_CMP_202601074,CMP_202601074,ACC_001538,Z001,ATM_Z001_001,11840.75,COMPLETED,2025-04-15T01:02:00
CSH_CMP_202601075,CMP_202601075,ACC_000330,Z032,ATM_Z032_037,76228.52,COMPLETED,2025-03-21T16:36:00
CSH_CMP_202601076,CMP_202601076,ACC_002449,Z009,ATM_Z009_019,20243.51,COMPLETED,2025-06-23T14:21:00
CSH_CMP_202601077,CMP_202601077,ACC_000058,Z009,ATM_Z009_004,7378.6,COMPLETED,2025-05-25T16:37:00
CSH_CMP_202601078,CMP_202601078,ACC_001534,Z002,ATM_Z002_015,928.87,COMPLETED,2025-01-09T18:38:00
CSH_CMP_202601079,CMP_202601079,ACC_002226,Z017,ATM_Z017_039,6941.7,COMPLETED,2025-03-31T18:04:00
CSH_CMP_202601080,CMP_202601080,ACC_000082,Z015,ATM_Z015_048,12810.34,COMPLETED,2025-01-02T17:42:00
CSH_CMP_202601081,CMP_202601081,ACC_001229,Z035,ATM_Z035_043,14878.93,COMPLETED,2025-04-16T14:33:00
CSH_CMP_202601082,CMP_202601082,ACC_000811,Z038,ATM_Z038_050,26173.64,COMPLETED,2025-06-07T08:54:00
CSH_CMP_202601083,CMP_202601083,ACC_002441,Z015,ATM_Z015_035,11761.06,COMPLETED,2025-06-13T18:56:00
CSH_CMP_202601084,CMP_202601084,ACC_001367,Z003,ATM_Z003_023,28007.09,COMPLETED,2025-03-25T16:59:00
CSH_CMP_202601085,CMP_202601085,ACC_000005,Z009,ATM_Z009_025,18042.3,COMPLETED,2025-05-11T18:45:00
CSH_CMP_202601086,CMP_202601086,ACC_000004,Z009,ATM_Z009_017,4986.66,COMPLETED,2025-04-26T13:52:00
CSH_CMP_202601087,CMP_202601087,ACC_001229,Z003,ATM_Z003_034,0.0,FROZEN,2025-04-21T18:09:00
CSH_CMP_202601088,CMP_202601088,ACC_001912,Z072,ATM_Z072_004,42362.84,COMPLETED,2025-02-25T11:17:00
CSH_CMP_202601089,CMP_202601089,ACC_001023,Z006,ATM_Z006_022,19279.27,COMPLETED,2025-06-03T17:14:00
CSH_CMP_202601090,CMP_202601090,ACC_000060,Z015,ATM_Z015_046,1084.18,COMPLETED,2025-05-28T11:44:00
CSH_CMP_202601091,CMP_202601091,ACC_000294,Z052,ATM_Z052_018,17127.41,COMPLETED,2025-05-06T13:23:00
CSH_CMP_202601092,CMP_202601092,ACC_001912,Z001,ATM_Z001_025,40733.03,COMPLETED,2025-02-04T14:16:00
CSH_CMP_202601093,CMP_202601093,ACC_001913,Z009,ATM_Z009_044,28128.59,COMPLETED,2025-04-20T14:22:00
CSH_CMP_202601094,CMP_202601094,ACC_001913,Z002,ATM_Z002_036,3091.28,COMPLETED,2025-02-20T18:50:00
CSH_CMP_202601095,CMP_202601095,ACC_000002,Z072,ATM_Z072_050,4425.22,COMPLETED,2025-01-08T15:10:00
CSH_CMP_202601096,CMP_202601096,ACC_000004,Z009,ATM_Z009_007,6841.73,COMPLETED,2025-04-15T09:45:00
CSH_CMP_202601097,CMP_202601097,ACC_000473,Z002,ATM_Z002_002,22723.62,COMPLETED,2025-03-02T10:53:00
CSH_CMP_202601098,CMP_202601098,ACC_000540,Z008,ATM_Z008_028,221117.24,COMPLETED,2025-06-01T18:19:00
CSH_CMP_202601099,CMP_202601099,ACC_001912,Z009,ATM_Z009_044,3523.36,COMPLETED,2025-06-25T20:10:00
CSH_CMP_202601100,CMP_202601100,ACC_001601,Z009,ATM_Z009_026,9357.45,COMPLETED,2025-04-14T22:32:00
CSH_CMP_202601101,CMP_202601101,ACC_000063,Z018,ATM_Z018_044,3255.62,COMPLETED,2025-06-22T11:09:00
CSH_CMP_202601102,CMP_202601102,ACC_001023,Z006,ATM_Z006_028,3532.76,COMPLETED,2025-04-10T15:21:00
CSH_CMP_202601103,CMP_202601103,ACC_000003,Z016,ATM_Z016_021,25623.87,COMPLETED,2025-06-02T18:37:00
CSH_CMP_202601104,CMP_202601104,ACC_000266,Z052,ATM_Z052_004,2220.31,COMPLETED,2025-02-21T15:34:00
CSH_CMP_202601105,CMP_202601105,ACC_000782,Z038,ATM_Z038_048,53622.69,COMPLETED,2025-06-10T12:34:00
CSH_CMP_202601106,CMP_202601106,ACC_000330,Z002,ATM_Z002_031,73963.22,COMPLETED,2025-06-28T05:44:00
CSH_CMP_202601107,CMP_202601107,ACC_001921,Z002,ATM_Z002_014,7856.26,COMPLETED,2025-06-26T15:44:00
CSH_CMP_202601108,CMP_202601108,ACC_002223,Z050,ATM_Z050_033,5720.53,COMPLETED,2025-05-10T10:38:00
CSH_CMP_202601109,CMP_202601109,ACC_001535,Z002,ATM_Z002_013,17074.48,COMPLETED,2025-02-20T05:38:00
CSH_CMP_202601110,CMP_202601110,ACC_001023,Z026,ATM_Z026_033,75391.97,COMPLETED,2025-04-30T12:55:00
CSH_CMP_202601111,CMP_202601111,ACC_001323,Z004,ATM_Z004_006,23465.88,COMPLETED,2025-03-09T09:10:00
CSH_CMP_202601112,CMP_202601112,ACC_002290,Z015,ATM_Z015_007,22315.08,COMPLETED,2025-01-15T15:39:00
CSH_CMP_202601113,CMP_202601113,ACC_000791,Z003,ATM_Z003_006,1310.49,COMPLETED,2025-04-12T09:26:00
CSH_CMP_202601114,CMP_202601114,ACC_000473,Z028,ATM_Z028_005,22400.38,COMPLETED,2025-02-06T23:59:00
CSH_CMP_202601115,CMP_202601115,ACC_001915,Z001,ATM_Z001_047,1906.83,COMPLETED,2025-01-25T15:34:00
CSH_CMP_202601116,CMP_202601116,ACC_001910,Z001,ATM_Z001_017,40754.51,COMPLETED,2025-01-24T13:03:00
CSH_CMP_202601117,CMP_202601117,ACC_001846,Z032,ATM_Z032_048,180246.21,COMPLETED,2025-02-26T17:45:00
CSH_CMP_202601118,CMP_202601118,ACC_001841,Z017,ATM_Z017_008,19622.74,COMPLETED,2025-05-23T12:12:00
CSH_CMP_202601119,CMP_202601119,ACC_002777,Z009,ATM_Z009_011,12675.81,COMPLETED,2025-02-02T14:01:00
CSH_CMP_202601120,CMP_202601120,ACC_001230,Z003,ATM_Z003_042,9351.38,COMPLETED,2025-04-23T14:54:00
CSH_CMP_202601121,CMP_202601121,ACC_001913,Z049,ATM_Z049_028,6770.08,COMPLETED,2025-02-12T09:10:00
CSH_CMP_202601122,CMP_202601122,ACC_000783,Z013,ATM_Z013_006,25667.09,COMPLETED,2025-03-08T14:59:00
CSH_CMP_202601123,CMP_202601123,ACC_002289,Z010,ATM_Z010_037,8946.37,COMPLETED,2025-05-29T18:28:00
CSH_CMP_202601124,CMP_202601124,ACC_002983,Z026,ATM_Z026_039,4399.08,COMPLETED,2025-01-19T12:06:00
CSH_CMP_202601125,CMP_202601125,ACC_000060,Z015,ATM_Z015_044,33735.81,COMPLETED,2025-05-23T08:43:00
CSH_CMP_202601126,CMP_202601126,ACC_002675,Z002,ATM_Z002_032,17310.4,COMPLETED,2025-01-30T20:12:00
CSH_CMP_202601127,CMP_202601127,ACC_001912,Z009,ATM_Z009_025,326727.72,COMPLETED,2025-03-08T13:58:00
CSH_CMP_202601128,CMP_202601128,ACC_001229,Z004,ATM_Z004_011,2486.18,COMPLETED,2025-05-30T17:10:00
CSH_CMP_202601129,CMP_202601129,ACC_002992,Z045,ATM_Z045_044,35230.16,COMPLETED,2025-06-08T12:05:00
CSH_CMP_202601130,CMP_202601130,ACC_000794,Z003,ATM_Z003_049,1404.76,COMPLETED,2025-04-30T11:10:00
CSH_CMP_202601131,CMP_202601131,ACC_000062,Z015,ATM_Z015_045,30428.03,COMPLETED,2025-03-29T19:58:00
CSH_CMP_202601132,CMP_202601132,ACC_002984,Z026,ATM_Z026_039,21378.85,COMPLETED,2025-03-12T18:15:00
CSH_CMP_202601133,CMP_202601133,ACC_001030,Z006,ATM_Z006_029,118993.89,COMPLETED,2025-05-13T19:46:00
CSH_CMP_202601134,CMP_202601134,ACC_002296,Z015,ATM_Z015_017,46633.11,COMPLETED,2025-04-01T08:18:00
CSH_CMP_202601135,CMP_202601135,ACC_000003,Z009,ATM_Z009_018,6343.4,COMPLETED,2025-04-24T09:12:00
CSH_CMP_202601136,CMP_202601136,ACC_001535,Z001,ATM_Z001_016,264048.43,COMPLETED,2025-05-15T18:06:00
CSH_CMP_202601137,CMP_202601137,ACC_001227,Z046,ATM_Z046_012,21604.91,COMPLETED,2025-03-19T22:20:00
CSH_CMP_202601138,CMP_202601138,ACC_002443,Z060,ATM_Z060_018,7919.46,COMPLETED,2025-03-22T17:41:00
CSH_CMP_202601139,CMP_202601139,ACC_002287,Z009,ATM_Z009_037,10974.74,COMPLETED,2025-06-27T09:38:00
CSH_CMP_202601140,CMP_202601140,ACC_000503,Z002,ATM_Z002_034,6711.26,COMPLETED,2025-01-23T09:09:00
CSH_CMP_202601141,CMP_202601141,ACC_000475,Z002,ATM_Z002_029,10231.21,COMPLETED,2025-05-25T12:52:00
CSH_CMP_202601142,CMP_202601142,ACC_002778,Z068,ATM_Z068_043,182904.77,COMPLETED,2025-03-11T13:25:00
CSH_CMP_202601143,CMP_202601143,ACC_002449,Z011,ATM_Z011_041,462237.64,COMPLETED,2025-01-09T03:31:00
CSH_CMP_202601144,CMP_202601144,ACC_002779,Z042,ATM_Z042_014,1500458.72,COMPLETED,2025-06-24T11:21:00
CSH_CMP_202601145,CMP_202601145,ACC_001918,Z001,ATM_Z001_041,130737.4,COMPLETED,2025-02-18T14:10:00
CSH_CMP_202601146,CMP_202601146,ACC_002443,Z009,ATM_Z009_042,4140.48,COMPLETED,2025-01-31T12:24:00
CSH_CMP_202601147,CMP_202601147,ACC_000472,Z004,ATM_Z004_044,14145.97,COMPLETED,2025-03-10T21:54:00
CSH_CMP_202601148,CMP_202601148,ACC_000002,Z016,ATM_Z016_043,28379.31,COMPLETED,2025-06-08T19:53:00
CSH_CMP_202601149,CMP_202601149,ACC_002443,Z006,ATM_Z006_036,6754.25,COMPLETED,2025-03-04T15:15:00
CSH_CMP_202601150,CMP_202601150,ACC_002566,Z001,ATM_Z001_022,9069.86,COMPLETED,2025-03-22T21:27:00
CSH_CMP_202601151,CMP_202601151,ACC_000266,Z006,ATM_Z006_039,16801.56,COMPLETED,2025-02-01T13:14:00
CSH_CMP_202601152,CMP_202601152,ACC_002223,Z017,ATM_Z017_013,837.53,COMPLETED,2025-04-08T17:17:00
CSH_CMP_202601153,CMP_202601153,ACC_000061,Z015,ATM_Z015_004,11749.95,COMPLETED,2025-06-27T19:03:00
CSH_CMP_202601154,CMP_202601154,ACC_002984,Z004,ATM_Z004_010,4687.97,COMPLETED,2025-05-16T15:34:00
CSH_CMP_202601155,CMP_202601155,ACC_002777,Z068,ATM_Z068_024,990493.53,COMPLETED,2025-05-12T11:58:00
CSH_CMP_202601156,CMP_202601156,ACC_002223,Z009,ATM_Z009_022,4167.62,COMPLETED,2025-05-16T22:03:00
CSH_CMP_202601157,CMP_202601157,ACC_002777,Z009,ATM_Z009_037,94683.34,COMPLETED,2025-05-09T19:46:00
CSH_CMP_202601158,CMP_202601158,ACC_000266,Z052,ATM_Z052_033,1622.36,COMPLETED,2025-04-15T13:04:00
CSH_CMP_202601159,CMP_202601159,ACC_002444,Z011,ATM_Z011_031,44354.0,COMPLETED,2025-04-25T16:57:00
CSH_CMP_202601160,CMP_202601160,ACC_001916,Z009,ATM_Z009_044,921860.33,COMPLETED,2025-05-07T10:00:00
CSH_CMP_202601161,CMP_202601161,ACC_001916,Z001,ATM_Z001_025,30911.2,COMPLETED,2025-06-18T15:16:00
CSH_CMP_202601162,CMP_202601162,ACC_000497,Z026,ATM_Z026_018,61780.29,COMPLETED,2025-02-09T14:02:00
CSH_CMP_202601163,CMP_202601163,ACC_000087,Z009,ATM_Z009_023,29552.27,COMPLETED,2025-01-15T11:54:00
CSH_CMP_202601164,CMP_202601164,ACC_000782,Z028,ATM_Z028_014,3371.41,COMPLETED,2025-04-04T12:17:00
CSH_CMP_202601165,CMP_202601165,ACC_000787,Z075,ATM_Z075_006,1159.08,COMPLETED,2025-06-29T14:53:00
CSH_CMP_202601166,CMP_202601166,ACC_000008,Z016,ATM_Z016_015,61291.44,COMPLETED,2025-01-14T10:52:00
CSH_CMP_202601167,CMP_202601167,ACC_001042,Z046,ATM_Z046_006,19367.82,COMPLETED,2025-01-12T18:12:00
CSH_CMP_202601168,CMP_202601168,ACC_000048,Z009,ATM_Z009_040,357.71,COMPLETED,2025-05-22T12:01:00
CSH_CMP_202601169,CMP_202601169,ACC_000330,Z075,ATM_Z075_012,93771.94,COMPLETED,2025-04-26T12:01:00
CSH_CMP_202601170,CMP_202601170,ACC_000472,Z004,ATM_Z004_013,169032.81,COMPLETED,2025-04-22T14:50:00
CSH_CMP_202601171,CMP_202601171,ACC_002443,Z033,ATM_Z033_025,132014.08,COMPLETED,2025-06-03T12:35:00
CSH_CMP_202601172,CMP_202601172,ACC_002777,Z008,ATM_Z008_042,793102.43,COMPLETED,2025-05-26T16:18:00
CSH_CMP_202601173,CMP_202601173,ACC_000266,Z006,ATM_Z006_037,12942.11,COMPLETED,2025-01-03T17:49:00
CSH_CMP_202601174,CMP_202601174,ACC_002443,Z011,ATM_Z011_043,6537.56,COMPLETED,2025-05-31T14:43:00
CSH_CMP_202601175,CMP_202601175,ACC_001534,Z029,ATM_Z029_030,530345.3,COMPLETED,2025-05-28T19:56:00
CSH_CMP_202601176,CMP_202601176,ACC_000332,Z032,ATM_Z032_044,18470.0,COMPLETED,2025-06-30T18:32:00
CSH_CMP_202601177,CMP_202601177,ACC_002478,Z009,ATM_Z009_044,20614.06,COMPLETED,2025-06-16T17:11:00
CSH_CMP_202601178,CMP_202601178,ACC_000037,Z009,ATM_Z009_030,3010.32,COMPLETED,2025-03-28T15:54:00
CSH_CMP_202601179,CMP_202601179,ACC_001394,Z015,ATM_Z015_015,149274.17,COMPLETED,2025-02-05T16:33:00
CSH_CMP_202601180,CMP_202601180,ACC_000786,Z003,ATM_Z003_046,32818.52,COMPLETED,2025-01-13T20:59:00
CSH_CMP_202601181,CMP_202601181,ACC_000340,Z032,ATM_Z032_010,22609.06,COMPLETED,2025-06-21T14:10:00
CSH_CMP_202601182,CMP_202601182,ACC_000266,Z006,ATM_Z006_002,10479.98,COMPLETED,2025-03-10T08:41:00
CSH_CMP_202601183,CMP_202601183,ACC_000782,Z065,ATM_Z065_013,44545.29,COMPLETED,2025-01-05T18:15:00
CSH_CMP_202601184,CMP_202601184,ACC_000003,Z016,ATM_Z016_009,6314.98,COMPLETED,2025-06-10T13:43:00
CSH_CMP_202601185,CMP_202601185,ACC_000264,Z020,ATM_Z020_003,37039.13,COMPLETED,2025-05-31T15:42:00
CSH_CMP_202601186,CMP_202601186,ACC_000472,Z046,ATM_Z046_015,5694.42,COMPLETED,2025-06-06T12:21:00
CSH_CMP_202601187,CMP_202601187,ACC_000330,Z032,ATM_Z032_022,275439.45,COMPLETED,2025-04-16T18:23:00
CSH_CMP_202601188,CMP_202601188,ACC_000782,Z056,ATM_Z056_036,67880.25,COMPLETED,2025-04-27T19:41:00
CSH_CMP_202601189,CMP_202601189,ACC_001237,Z035,ATM_Z035_049,11752.0,COMPLETED,2025-05-29T13:50:00
CSH_CMP_202601190,CMP_202601190,ACC_002289,Z015,ATM_Z015_029,35918.71,COMPLETED,2025-06-11T21:13:00
CSH_CMP_202601191,CMP_202601191,ACC_001914,Z049,ATM_Z049_041,14905.42,COMPLETED,2025-02-07T15:21:00
CSH_CMP_202601192,CMP_202601192,ACC_003040,Z026,ATM_Z026_013,2213.5,COMPLETED,2025-05-27T13:29:00
CSH_CMP_202601193,CMP_202601193,ACC_001229,Z003,ATM_Z003_029,7212.66,COMPLETED,2025-01-01T13:24:00
CSH_CMP_202601194,CMP_202601194,ACC_000009,Z073,ATM_Z073_048,19736.27,COMPLETED,2025-03-29T20:05:00
CSH_CMP_202601195,CMP_202601195,ACC_001240,Z004,ATM_Z004_039,4177.12,COMPLETED,2025-06-14T20:30:00
CSH_CMP_202601196,CMP_202601196,ACC_001230,Z073,ATM_Z073_016,66307.91,COMPLETED,2025-04-01T15:06:00
CSH_CMP_202601197,CMP_202601197,ACC_000058,Z009,ATM_Z009_019,164719.62,COMPLETED,2025-01-15T16:24:00
CSH_CMP_202601198,CMP_202601198,ACC_002229,Z017,ATM_Z017_001,9131.0,COMPLETED,2025-05-13T11:14:00
CSH_CMP_202601199,CMP_202601199,ACC_001229,Z075,ATM_Z075_008,2264.72,COMPLETED,2025-04-19T22:19:00
CSH_CMP_202601200,CMP_202601200,ACC_002484,Z007,ATM_Z007_038,62339.76,COMPLETED,2025-01-06T09:23:00
CSH_CMP_202601201,CMP_202601201,ACC_002224,Z050,ATM_Z050_032,78834.85,COMPLETED,2025-05-27T22:35:00
CSH_CMP_202601202,CMP_202601202,ACC_002457,Z002,ATM_Z002_042,36604.54,COMPLETED,2025-03-13T22:00:00
CSH_CMP_202601203,CMP_202601203,ACC_002224,Z009,ATM_Z009_038,5543.93,COMPLETED,2025-03-20T19:29:00
CSH_CMP_202601204,CMP_202601204,ACC_002792,Z056,ATM_Z056_047,17599.51,COMPLETED,2025-01-10T14:35:00
CSH_CMP_202601205,CMP_202601205,ACC_002779,Z042,ATM_Z042_032,322746.9,COMPLETED,2025-03-14T13:55:00
CSH_CMP_202601206,CMP_202601206,ACC_000782,Z038,ATM_Z038_033,47229.2,COMPLETED,2025-04-30T16:37:00
CSH_CMP_202601207,CMP_202601207,ACC_001230,Z003,ATM_Z003_042,93969.63,COMPLETED,2025-04-26T09:46:00
CSH_CMP_202601208,CMP_202601208,ACC_001563,Z002,ATM_Z002_028,64038.82,COMPLETED,2025-05-18T11:13:00
CSH_CMP_202601209,CMP_202601209,ACC_002226,Z017,ATM_Z017_049,2209.47,COMPLETED,2025-02-08T15:00:00
CSH_CMP_202601210,CMP_202601210,ACC_001534,Z007,ATM_Z007_004,8062.02,COMPLETED,2025-02-25T13:15:00
CSH_CMP_202601211,CMP_202601211,ACC_000275,Z006,ATM_Z006_024,8319.57,COMPLETED,2025-05-06T13:53:00
CSH_CMP_202601212,CMP_202601212,ACC_000090,Z009,ATM_Z009_033,1637.29,COMPLETED,2025-05-27T16:57:00
CSH_CMP_202601213,CMP_202601213,ACC_001023,Z006,ATM_Z006_050,16908.42,COMPLETED,2025-03-04T20:34:00
CSH_CMP_202601214,CMP_202601214,ACC_002778,Z068,ATM_Z068_042,327935.6,COMPLETED,2025-04-28T15:38:00
CSH_CMP_202601215,CMP_202601215,ACC_000782,Z003,ATM_Z003_012,16897.89,COMPLETED,2025-03-05T14:44:00
CSH_CMP_202601216,CMP_202601216,ACC_002983,Z017,ATM_Z017_023,3021.75,COMPLETED,2025-02-21T16:14:00
CSH_CMP_202601217,CMP_202601217,ACC_000473,Z004,ATM_Z004_040,19388.39,COMPLETED,2025-01-01T18:18:00
CSH_CMP_202601218,CMP_202601218,ACC_001023,Z046,ATM_Z046_007,25431.45,COMPLETED,2025-02-24T08:50:00
CSH_CMP_202601219,CMP_202601219,ACC_000729,Z009,ATM_Z009_025,2063.58,COMPLETED,2025-01-10T21:28:00
CSH_CMP_202601220,CMP_202601220,ACC_001912,Z001,ATM_Z001_027,9244.49,COMPLETED,2025-02-06T11:30:00
CSH_CMP_202601221,CMP_202601221,ACC_000004,Z016,ATM_Z016_022,9490.95,COMPLETED,2025-05-15T14:34:00
CSH_CMP_202601222,CMP_202601222,ACC_000267,Z036,ATM_Z036_005,10343.76,COMPLETED,2025-06-11T15:05:00
CSH_CMP_202601223,CMP_202601223,ACC_001023,Z046,ATM_Z046_034,42574.49,COMPLETED,2025-06-05T21:00:00
CSH_CMP_202601224,CMP_202601224,ACC_000852,Z003,ATM_Z003_036,22054.16,COMPLETED,2025-03-26T05:46:00
CSH_CMP_202601225,CMP_202601225,ACC_000267,Z036,ATM_Z036_011,14435.87,COMPLETED,2025-02-15T19:56:00
CSH_CMP_202601226,CMP_202601226,ACC_001920,Z009,ATM_Z009_038,7627.34,COMPLETED,2025-05-09T12:43:00
CSH_CMP_202601227,CMP_202601227,ACC_000091,Z009,ATM_Z009_045,7422.31,COMPLETED,2025-04-16T14:01:00
CSH_CMP_202601228,CMP_202601228,ACC_000472,Z004,ATM_Z004_035,6529.54,COMPLETED,2025-05-12T17:38:00
CSH_CMP_202601229,CMP_202601229,ACC_000328,Z036,ATM_Z036_045,24614.11,COMPLETED,2025-06-03T13:05:00
CSH_CMP_202601230,CMP_202601230,ACC_002227,Z017,ATM_Z017_019,1127.23,COMPLETED,2025-03-22T16:57:00
CSH_CMP_202601231,CMP_202601231,ACC_000308,Z036,ATM_Z036_031,18329.43,COMPLETED,2025-02-02T10:38:00
CSH_CMP_202601232,CMP_202601232,ACC_002777,Z056,ATM_Z056_040,11371.93,COMPLETED,2025-02-10T05:11:00
CSH_CMP_202601233,CMP_202601233,ACC_003003,Z026,ATM_Z026_012,20317.56,COMPLETED,2025-05-07T14:10:00
CSH_CMP_202601234,CMP_202601234,ACC_002443,Z011,ATM_Z011_045,3386.24,COMPLETED,2025-01-06T17:30:00
CSH_CMP_202601235,CMP_202601235,ACC_002287,Z009,ATM_Z009_045,11527.52,COMPLETED,2025-02-07T18:12:00
CSH_CMP_202601236,CMP_202601236,ACC_000269,Z036,ATM_Z036_043,20434.14,COMPLETED,2025-06-18T15:32:00
CSH_CMP_202601237,CMP_202601237,ACC_002244,Z036,ATM_Z036_012,293167.22,COMPLETED,2025-05-21T14:53:00
CSH_CMP_202601238,CMP_202601238,ACC_002224,Z017,ATM_Z017_042,165229.37,COMPLETED,2025-04-27T15:21:00
CSH_CMP_202601239,CMP_202601239,ACC_000330,Z002,ATM_Z002_023,0.0,FROZEN,2025-03-21T13:06:00
CSH_CMP_202601240,CMP_202601240,ACC_001229,Z003,ATM_Z003_036,42423.31,COMPLETED,2025-04-17T10:57:00
CSH_CMP_202601241,CMP_202601241,ACC_000477,Z002,ATM_Z002_019,18706.6,COMPLETED,2025-02-13T09:35:00
CSH_CMP_202601242,CMP_202601242,ACC_000060,Z013,ATM_Z013_002,4664.26,COMPLETED,2025-06-18T13:34:00
CSH_CMP_202601243,CMP_202601243,ACC_001912,Z009,ATM_Z009_010,7629.6,COMPLETED,2025-03-21T18:37:00
CSH_CMP_202601244,CMP_202601244,ACC_000333,Z009,ATM_Z009_034,0.0,FROZEN,2025-04-18T18:07:00
CSH_CMP_202601245,CMP_202601245,ACC_000063,Z015,ATM_Z015_005,5718.5,COMPLETED,2025-05-15T08:14:00
CSH_CMP_202601246,CMP_202601246,ACC_002985,Z017,ATM_Z017_016,14572.72,COMPLETED,2025-03-23T20:48:00
CSH_CMP_202601247,CMP_202601247,ACC_000060,Z015,ATM_Z015_020,1910.91,COMPLETED,2025-05-09T10:25:00
CSH_CMP_202601248,CMP_202601248,ACC_002121,Z009,ATM_Z009_035,8435.38,COMPLETED,2025-05-20T16:18:00
CSH_CMP_202601249,CMP_202601249,ACC_001309,Z075,ATM_Z075_003,16115.88,COMPLETED,2025-02-17T08:54:00
CSH_CMP_202601250,CMP_202601250,ACC_001024,Z046,ATM_Z046_039,8938.41,COMPLETED,2025-01-12T18:23:00
CSH_CMP_202601251,CMP_202601251,ACC_000787,Z003,ATM_Z003_046,6072.13,COMPLETED,2025-02-03T17:57:00
CSH_CMP_202601252,CMP_202601252,ACC_001534,Z001,ATM_Z001_030,0.0,FROZEN,2025-04-19T14:42:00
CSH_CMP_202601253,CMP_202601253,ACC_002233,Z050,ATM_Z050_047,2843.36,COMPLETED,2025-01-11T12:31:00
CSH_CMP_202601254,CMP_202601254,ACC_000331,Z014,ATM_Z014_050,63465.02,COMPLETED,2025-05-18T11:46:00
CSH_CMP_202601255,CMP_202601255,ACC_001538,Z040,ATM_Z040_039,14475.56,COMPLETED,2025-03-03T15:03:00
CSH_CMP_202601256,CMP_202601256,ACC_000335,Z032,ATM_Z032_023,7346.46,COMPLETED,2025-02-16T16:58:00
CSH_CMP_202601257,CMP_202601257,ACC_002223,Z022,ATM_Z022_042,10564.5,COMPLETED,2025-03-28T16:26:00
CSH_CMP_202601258,CMP_202601258,ACC_002289,Z010,ATM_Z010_024,17177.24,COMPLETED,2025-01-28T15:46:00
CSH_CMP_202601259,CMP_202601259,ACC_002223,Z050,ATM_Z050_004,24366.79,COMPLETED,2025-06-27T12:40:00
CSH_CMP_202601260,CMP_202601260,ACC_002296,Z015,ATM_Z015_030,3731.47,COMPLETED,2025-05-21T17:07:00
CSH_CMP_202601261,CMP_202601261,ACC_000330,Z002,ATM_Z002_037,9404.68,COMPLETED,2025-04-07T13:58:00
CSH_CMP_202601262,CMP_202601262,ACC_000266,Z052,ATM_Z052_033,5275.92,COMPLETED,2025-01-06T17:26:00
CSH_CMP_202601263,CMP_202601263,ACC_001024,Z006,ATM_Z006_018,39518.41,COMPLETED,2025-02-04T16:34:00
CSH_CMP_202601264,CMP_202601264,ACC_000330,Z075,ATM_Z075_022,69550.22,COMPLETED,2025-04-08T14:28:00
CSH_CMP_202601265,CMP_202601265,ACC_000472,Z004,ATM_Z004_020,26233.67,COMPLETED,2025-01-30T16:25:00
CSH_CMP_202601266,CMP_202601266,ACC_000473,Z004,ATM_Z004_006,20594.92,COMPLETED,2025-04-23T15:18:00
CSH_CMP_202601267,CMP_202601267,ACC_001540,Z002,ATM_Z002_004,31017.7,COMPLETED,2025-03-22T09:18:00
CSH_CMP_202601268,CMP_202601268,ACC_001534,Z002,ATM_Z002_023,972677.7,COMPLETED,2025-06-06T16:04:00
CSH_CMP_202601269,CMP_202601269,ACC_001539,Z007,ATM_Z007_022,132531.43,COMPLETED,2025-06-21T09:30:00
CSH_CMP_202601270,CMP_202601270,ACC_000002,Z009,ATM_Z009_004,5248.4,COMPLETED,2025-01-13T00:07:00
CSH_CMP_202601271,CMP_202601271,ACC_000007,Z009,ATM_Z009_014,15356.05,COMPLETED,2025-04-09T13:29:00
CSH_CMP_202601272,CMP_202601272,ACC_001230,Z075,ATM_Z075_009,119580.07,COMPLETED,2025-05-24T20:34:00
CSH_CMP_202601273,CMP_202601273,ACC_000060,Z009,ATM_Z009_049,0.0,FROZEN,2025-01-07T20:48:00
CSH_CMP_202601274,CMP_202601274,ACC_001027,Z046,ATM_Z046_048,10652.18,COMPLETED,2025-06-07T23:45:00
CSH_CMP_202601275,CMP_202601275,ACC_002250,Z050,ATM_Z050_038,14531.45,COMPLETED,2025-03-18T12:30:00
CSH_CMP_202601276,CMP_202601276,ACC_002986,Z017,ATM_Z017_029,20697.54,COMPLETED,2025-04-17T22:25:00
CSH_CMP_202601277,CMP_202601277,ACC_002292,Z015,ATM_Z015_031,9737.59,COMPLETED,2025-05-07T18:54:00
CSH_CMP_202601278,CMP_202601278,ACC_001029,Z046,ATM_Z046_018,9518.22,COMPLETED,2025-04-15T14:08:00
CSH_CMP_202601279,CMP_202601279,ACC_002291,Z015,ATM_Z015_008,18364.18,COMPLETED,2025-06-19T15:36:00
CSH_CMP_202601280,CMP_202601280,ACC_000003,Z059,ATM_Z059_013,2020.18,COMPLETED,2025-02-04T13:26:00
CSH_CMP_202601281,CMP_202601281,ACC_002289,Z010,ATM_Z010_022,19757.01,COMPLETED,2025-05-14T16:14:00
CSH_CMP_202601282,CMP_202601282,ACC_000331,Z009,ATM_Z009_022,37306.34,COMPLETED,2025-04-03T15:38:00
CSH_CMP_202601283,CMP_202601283,ACC_000058,Z009,ATM_Z009_035,11292.24,COMPLETED,2025-06-21T13:17:00
CSH_CMP_202601284,CMP_202601284,ACC_002350,Z010,ATM_Z010_023,13598.93,COMPLETED,2025-06-05T19:14:00
CSH_CMP_202601285,CMP_202601285,ACC_000961,Z006,ATM_Z006_050,24586.53,COMPLETED,2025-05-26T11:39:00
CSH_CMP_202601286,CMP_202601286,ACC_002984,Z045,ATM_Z045_028,19129.58,COMPLETED,2025-01-30T14:32:00
CSH_CMP_202601287,CMP_202601287,ACC_002780,Z008,ATM_Z008_021,7197.68,COMPLETED,2025-01-18T13:11:00
CSH_CMP_202601288,CMP_202601288,ACC_002534,Z051,ATM_Z051_027,11969.53,COMPLETED,2025-03-28T14:52:00
CSH_CMP_202601289,CMP_202601289,ACC_001912,Z001,ATM_Z001_019,55080.82,COMPLETED,2025-02-02T13:37:00
CSH_CMP_202601290,CMP_202601290,ACC_002460,Z011,ATM_Z011_044,117520.47,COMPLETED,2025-03-20T20:56:00
CSH_CMP_202601291,CMP_202601291,ACC_002317,Z014,ATM_Z014_028,24664.8,COMPLETED,2025-02-07T09:27:00
CSH_CMP_202601292,CMP_202601292,ACC_002448,Z009,ATM_Z009_027,9201.62,COMPLETED,2025-03-07T14:12:00
CSH_CMP_202601293,CMP_202601293,ACC_001915,Z002,ATM_Z002_035,19931.1,COMPLETED,2025-05-17T05:55:00
CSH_CMP_202601294,CMP_202601294,ACC_001912,Z057,ATM_Z057_035,5112.44,COMPLETED,2025-04-27T13:19:00
CSH_CMP_202601295,CMP_202601295,ACC_000002,Z018,ATM_Z018_049,13123.6,COMPLETED,2025-01-01T17:50:00
CSH_CMP_202601296,CMP_202601296,ACC_000003,Z009,ATM_Z009_012,17929.32,COMPLETED,2025-05-01T12:27:00
CSH_CMP_202601297,CMP_202601297,ACC_000060,Z015,ATM_Z015_022,11108.58,COMPLETED,2025-01-02T20:18:00
CSH_CMP_202601298,CMP_202601298,ACC_002987,Z017,ATM_Z017_038,21419.59,COMPLETED,2025-02-24T16:07:00
CSH_CMP_202601299,CMP_202601299,ACC_001536,Z002,ATM_Z002_002,49874.0,COMPLETED,2025-05-18T22:57:00
CSH_CMP_202601300,CMP_202601300,ACC_002297,Z037,ATM_Z037_013,3859.49,COMPLETED,2025-04-20T10:57:00
CSH_CMP_202601301,CMP_202601301,ACC_001031,Z006,ATM_Z006_028,5424.29,COMPLETED,2025-01-22T15:01:00
CSH_CMP_202601302,CMP_202601302,ACC_000274,Z006,ATM_Z006_010,12807.01,COMPLETED,2025-05-03T18:09:00
CSH_CMP_202601303,CMP_202601303,ACC_000473,Z002,ATM_Z002_007,12393.23,COMPLETED,2025-01-18T16:27:00
CSH_CMP_202601304,CMP_202601304,ACC_002296,Z015,ATM_Z015_043,3566.66,COMPLETED,2025-05-09T14:12:00
CSH_CMP_202601305,CMP_202601305,ACC_002289,Z010,ATM_Z010_001,22719.25,COMPLETED,2025-03-11T22:40:00
CSH_CMP_202601306,CMP_202601306,ACC_000476,Z052,ATM_Z052_024,20032.92,COMPLETED,2025-05-21T11:11:00
CSH_CMP_202601307,CMP_202601307,ACC_002839,Z056,ATM_Z056_001,118834.92,COMPLETED,2025-04-09T11:38:00
CSH_CMP_202601308,CMP_202601308,ACC_001534,Z001,ATM_Z001_036,1448.67,COMPLETED,2025-06-14T13:06:00
CSH_CMP_202601309,CMP_202601309,ACC_001535,Z007,ATM_Z007_027,26049.33,COMPLETED,2025-04-30T20:59:00
CSH_CMP_202601310,CMP_202601310,ACC_002983,Z045,ATM_Z045_033,4303.92,COMPLETED,2025-04-30T13:21:00
CSH_CMP_202601311,CMP_202601311,ACC_000632,Z046,ATM_Z046_027,58792.57,COMPLETED,2025-04-01T10:41:00
CSH_CMP_202601312,CMP_202601312,ACC_001915,Z056,ATM_Z056_016,34903.81,COMPLETED,2025-03-30T15:50:00
CSH_CMP_202601313,CMP_202601313,ACC_002230,Z017,ATM_Z017_050,65647.73,COMPLETED,2025-05-29T01:28:00
CSH_CMP_202601314,CMP_202601314,ACC_002974,Z009,ATM_Z009_019,512812.21,COMPLETED,2025-02-03T18:09:00
CSH_CMP_202601315,CMP_202601315,ACC_000328,Z006,ATM_Z006_021,3788.63,COMPLETED,2025-04-03T20:51:00
CSH_CMP_202601316,CMP_202601316,ACC_002777,Z068,ATM_Z068_027,74325.28,COMPLETED,2025-01-03T14:41:00
CSH_CMP_202601317,CMP_202601317,ACC_002297,Z015,ATM_Z015_019,33881.01,COMPLETED,2025-01-10T16:18:00
CSH_CMP_202601318,CMP_202601318,ACC_000330,Z032,ATM_Z032_034,55273.67,COMPLETED,2025-02-02T09:42:00
CSH_CMP_202601319,CMP_202601319,ACC_000473,Z004,ATM_Z004_016,14152.68,COMPLETED,2025-01-13T07:41:00
CSH_CMP_202601320,CMP_202601320,ACC_000266,Z036,ATM_Z036_001,50764.99,COMPLETED,2025-06-13T11:13:00
CSH_CMP_202601321,CMP_202601321,ACC_000473,Z002,ATM_Z002_022,14033.58,COMPLETED,2025-01-07T16:52:00
CSH_CMP_202601322,CMP_202601322,ACC_000491,Z046,ATM_Z046_012,3452.2,COMPLETED,2025-01-18T00:43:00
CSH_CMP_202601323,CMP_202601323,ACC_002984,Z026,ATM_Z026_015,15766.96,COMPLETED,2025-04-20T09:32:00
CSH_CMP_202601324,CMP_202601324,ACC_002223,Z009,ATM_Z009_005,63107.66,COMPLETED,2025-01-13T17:47:00
CSH_CMP_202601325,CMP_202601325,ACC_002901,Z045,ATM_Z045_039,5110.23,COMPLETED,2025-02-26T16:53:00
CSH_CMP_202601326,CMP_202601326,ACC_002893,Z032,ATM_Z032_039,205191.75,COMPLETED,2025-04-29T19:02:00
CSH_CMP_202601327,CMP_202601327,ACC_000065,Z009,ATM_Z009_017,24099.53,COMPLETED,2025-03-12T19:05:00
CSH_CMP_202601328,CMP_202601328,ACC_000361,Z009,ATM_Z009_029,15984.95,COMPLETED,2025-04-18T08:31:00
CSH_CMP_202601329,CMP_202601329,ACC_002983,Z004,ATM_Z004_011,20811.71,COMPLETED,2025-01-28T14:00:00
CSH_CMP_202601330,CMP_202601330,ACC_001534,Z007,ATM_Z007_012,8329.55,COMPLETED,2025-04-29T17:13:00
CSH_CMP_202601331,CMP_202601331,ACC_002289,Z010,ATM_Z010_050,29785.63,COMPLETED,2025-04-01T14:58:00
CSH_CMP_202601332,CMP_202601332,ACC_000076,Z009,ATM_Z009_007,7381.35,COMPLETED,2025-04-16T11:28:00
CSH_CMP_202601333,CMP_202601333,ACC_002443,Z002,ATM_Z002_048,13188.7,COMPLETED,2025-05-26T20:29:00
CSH_CMP_202601334,CMP_202601334,ACC_000782,Z051,ATM_Z051_001,92834.19,COMPLETED,2025-05-26T09:06:00
CSH_CMP_202601335,CMP_202601335,ACC_001912,Z049,ATM_Z049_005,153935.12,COMPLETED,2025-02-02T13:05:00
CSH_CMP_202601336,CMP_202601336,ACC_000487,Z004,ATM_Z004_010,17052.55,COMPLETED,2025-03-20T18:25:00
CSH_CMP_202601337,CMP_202601337,ACC_000264,Z040,ATM_Z040_037,3032.94,COMPLETED,2025-04-03T13:44:00
CSH_CMP_202601338,CMP_202601338,ACC_001046,Z006,ATM_Z006_035,1392.43,COMPLETED,2025-03-08T13:16:00
CSH_CMP_202601339,CMP_202601339,ACC_002986,Z026,ATM_Z026_047,3297.23,COMPLETED,2025-05-08T14:22:00
CSH_CMP_202601340,CMP_202601340,ACC_000058,Z016,ATM_Z016_021,85406.95,COMPLETED,2025-03-27T18:55:00
CSH_CMP_202601341,CMP_202601341,ACC_001230,Z003,ATM_Z003_039,2557.13,COMPLETED,2025-05-05T12:09:00
CSH_CMP_202601342,CMP_202601342,ACC_002289,Z010,ATM_Z010_002,7483.69,COMPLETED,2025-01-23T12:05:00
CSH_CMP_202601343,CMP_202601343,ACC_002446,Z011,ATM_Z011_043,178186.86,COMPLETED,2025-01-22T14:41:00
CSH_CMP_202601344,CMP_202601344,ACC_000472,Z004,ATM_Z004_002,17535.56,COMPLETED,2025-05-24T15:54:00
CSH_CMP_202601345,CMP_202601345,ACC_000066,Z015,ATM_Z015_032,7813.29,COMPLETED,2025-02-18T08:34:00
CSH_CMP_202601346,CMP_202601346,ACC_002569,Z003,ATM_Z003_010,37166.1,COMPLETED,2025-06-11T08:01:00
CSH_CMP_202601347,CMP_202601347,ACC_000423,Z032,ATM_Z032_026,4296.03,COMPLETED,2025-03-04T16:22:00
CSH_CMP_202601348,CMP_202601348,ACC_002983,Z040,ATM_Z040_034,4619.74,COMPLETED,2025-06-28T07:41:00
CSH_CMP_202601349,CMP_202601349,ACC_000334,Z010,ATM_Z010_031,144319.11,COMPLETED,2025-05-11T10:04:00
CSH_CMP_202601350,CMP_202601350,ACC_000269,Z006,ATM_Z006_046,11844.72,COMPLETED,2025-03-07T14:06:00
CSH_CMP_202601351,CMP_202601351,ACC_001912,Z001,ATM_Z001_024,22950.12,COMPLETED,2025-02-15T20:14:00
CSH_CMP_202601352,CMP_202601352,ACC_002777,Z056,ATM_Z056_024,993820.96,COMPLETED,2025-02-15T20:41:00
CSH_CMP_202601353,CMP_202601353,ACC_000266,Z036,ATM_Z036_011,10132.32,COMPLETED,2025-01-23T19:40:00
CSH_CMP_202601354,CMP_202601354,ACC_001552,Z001,ATM_Z001_009,5169.81,COMPLETED,2025-02-12T15:17:00
CSH_CMP_202601355,CMP_202601355,ACC_000809,Z001,ATM_Z001_004,67026.24,COMPLETED,2025-03-23T09:58:00
CSH_CMP_202601356,CMP_202601356,ACC_002223,Z009,ATM_Z009_001,7054.54,COMPLETED,2025-04-25T18:26:00
CSH_CMP_202601357,CMP_202601357,ACC_001534,Z001,ATM_Z001_001,5862.42,COMPLETED,2025-01-07T18:47:00
CSH_CMP_202601358,CMP_202601358,ACC_000065,Z015,ATM_Z015_009,30875.91,COMPLETED,2025-04-24T16:20:00
CSH_CMP_202601359,CMP_202601359,ACC_000004,Z016,ATM_Z016_044,7731.73,COMPLETED,2025-01-24T16:27:00
CSH_CMP_202601360,CMP_202601360,ACC_001229,Z004,ATM_Z004_013,2688.16,COMPLETED,2025-05-02T17:20:00
CSH_CMP_202601361,CMP_202601361,ACC_002237,Z050,ATM_Z050_045,1871.28,COMPLETED,2025-02-11T17:24:00
CSH_CMP_202601362,CMP_202601362,ACC_001030,Z006,ATM_Z006_028,6805.93,COMPLETED,2025-04-29T22:01:00
CSH_CMP_202601363,CMP_202601363,ACC_000500,Z002,ATM_Z002_015,34698.64,COMPLETED,2025-05-04T17:17:00
CSH_CMP_202601364,CMP_202601364,ACC_000472,Z002,ATM_Z002_046,1463.18,COMPLETED,2025-02-11T18:35:00
CSH_CMP_202601365,CMP_202601365,ACC_001534,Z007,ATM_Z007_045,4992.78,COMPLETED,2025-04-28T15:34:00
CSH_CMP_202601366,CMP_202601366,ACC_003040,Z004,ATM_Z004_043,24110.02,COMPLETED,2025-06-06T15:38:00
CSH_CMP_202601367,CMP_202601367,ACC_001229,Z004,ATM_Z004_012,10486.78,COMPLETED,2025-02-09T06:40:00
CSH_CMP_202601368,CMP_202601368,ACC_002999,Z026,ATM_Z026_012,2810.58,COMPLETED,2025-04-04T20:04:00
CSH_CMP_202601369,CMP_202601369,ACC_002864,Z042,ATM_Z042_008,1489944.29,COMPLETED,2025-04-07T07:23:00
CSH_CMP_202601370,CMP_202601370,ACC_003006,Z017,ATM_Z017_042,112204.91,COMPLETED,2025-05-06T16:13:00
CSH_CMP_202601371,CMP_202601371,ACC_003010,Z045,ATM_Z045_002,6549.69,COMPLETED,2025-06-15T14:32:00
CSH_CMP_202601372,CMP_202601372,ACC_002291,Z015,ATM_Z015_047,2727.34,COMPLETED,2025-02-05T11:09:00
CSH_CMP_202601373,CMP_202601373,ACC_000002,Z009,ATM_Z009_039,7461.89,COMPLETED,2025-03-04T14:23:00
CSH_CMP_202601374,CMP_202601374,ACC_002289,Z011,ATM_Z011_027,6296.74,COMPLETED,2025-04-09T16:36:00
CSH_CMP_202601375,CMP_202601375,ACC_000002,Z016,ATM_Z016_017,8305.77,COMPLETED,2025-01-14T13:41:00
CSH_CMP_202601376,CMP_202601376,ACC_002290,Z010,ATM_Z010_023,0.0,FROZEN,2025-03-17T10:38:00
CSH_CMP_202601377,CMP_202601377,ACC_001288,Z009,ATM_Z009_025,92372.69,COMPLETED,2025-05-13T08:45:00
CSH_CMP_202601378,CMP_202601378,ACC_001236,Z003,ATM_Z003_001,102901.37,COMPLETED,2025-05-01T17:36:00
CSH_CMP_202601379,CMP_202601379,ACC_002516,Z011,ATM_Z011_034,14751.47,COMPLETED,2025-05-26T19:04:00
CSH_CMP_202601380,CMP_202601380,ACC_000783,Z003,ATM_Z003_011,6634.39,COMPLETED,2025-06-08T13:34:00
CSH_CMP_202601381,CMP_202601381,ACC_002224,Z042,ATM_Z042_030,11342.97,COMPLETED,2025-03-21T10:52:00
CSH_CMP_202601382,CMP_202601382,ACC_003040,Z017,ATM_Z017_011,2884.83,COMPLETED,2025-03-06T16:27:00
CSH_CMP_202601383,CMP_202601383,ACC_002777,Z056,ATM_Z056_040,297917.93,COMPLETED,2025-06-09T05:17:00
CSH_CMP_202601384,CMP_202601384,ACC_001024,Z006,ATM_Z006_003,83464.17,COMPLETED,2025-06-23T17:14:00
CSH_CMP_202601385,CMP_202601385,ACC_001229,Z062,ATM_Z062_025,7421.12,COMPLETED,2025-05-24T19:56:00
CSH_CMP_202601386,CMP_202601386,ACC_002289,Z010,ATM_Z010_039,919.56,COMPLETED,2025-02-11T14:31:00
CSH_CMP_202601387,CMP_202601387,ACC_002983,Z017,ATM_Z017_013,13795.83,COMPLETED,2025-06-27T18:27:00
CSH_CMP_202601388,CMP_202601388,ACC_002795,Z009,ATM_Z009_035,91554.13,COMPLETED,2025-01-16T14:59:00
CSH_CMP_202601389,CMP_202601389,ACC_000985,Z009,ATM_Z009_032,159702.78,COMPLETED,2025-06-25T20:10:00
CSH_CMP_202601390,CMP_202601390,ACC_001265,Z075,ATM_Z075_007,35145.44,COMPLETED,2025-03-03T17:39:00
CSH_CMP_202601391,CMP_202601391,ACC_003008,Z011,ATM_Z011_014,3626.71,COMPLETED,2025-04-08T09:03:00
CSH_CMP_202601392,CMP_202601392,ACC_001543,Z003,ATM_Z003_001,8778.74,COMPLETED,2025-03-21T05:05:00
CSH_CMP_202601393,CMP_202601393,ACC_001023,Z006,ATM_Z006_028,17461.0,COMPLETED,2025-01-28T22:04:00
CSH_CMP_202601394,CMP_202601394,ACC_000275,Z052,ATM_Z052_038,21183.67,COMPLETED,2025-03-15T15:14:00
CSH_CMP_202601395,CMP_202601395,ACC_000475,Z046,ATM_Z046_011,60065.28,COMPLETED,2025-05-26T15:10:00
CSH_CMP_202601396,CMP_202601396,ACC_000331,Z009,ATM_Z009_020,18635.67,COMPLETED,2025-06-08T13:08:00
CSH_CMP_202601397,CMP_202601397,ACC_002805,Z009,ATM_Z009_018,1371659.69,COMPLETED,2025-01-23T03:08:00
CSH_CMP_202601398,CMP_202601398,ACC_001057,Z026,ATM_Z026_048,3907.76,COMPLETED,2025-03-18T11:54:00
CSH_CMP_202601399,CMP_202601399,ACC_001587,Z002,ATM_Z002_049,24282.52,COMPLETED,2025-05-18T12:07:00
CSH_CMP_202601400,CMP_202601400,ACC_000002,Z006,ATM_Z006_048,3281.99,COMPLETED,2025-04-07T13:24:00
CSH_CMP_202601401,CMP_202601401,ACC_000328,Z006,ATM_Z006_032,10519.16,COMPLETED,2025-06-26T17:00:00
CSH_CMP_202601402,CMP_202601402,ACC_000331,Z032,ATM_Z032_012,180795.11,COMPLETED,2025-01-11T15:15:00
CSH_CMP_202601403,CMP_202601403,ACC_001231,Z004,ATM_Z004_032,42454.79,COMPLETED,2025-06-15T09:27:00
CSH_CMP_202601404,CMP_202601404,ACC_002287,Z009,ATM_Z009_001,2805.58,COMPLETED,2025-01-24T10:38:00
CSH_CMP_202601405,CMP_202601405,ACC_000782,Z038,ATM_Z038_027,41235.14,COMPLETED,2025-03-22T15:09:00
CSH_CMP_202601406,CMP_202601406,ACC_000331,Z002,ATM_Z002_048,8127.42,COMPLETED,2025-03-08T09:32:00
CSH_CMP_202601407,CMP_202601407,ACC_000470,Z002,ATM_Z002_017,11265.86,COMPLETED,2025-04-19T16:09:00
CSH_CMP_202601408,CMP_202601408,ACC_000267,Z052,ATM_Z052_032,5704.69,COMPLETED,2025-01-31T11:20:00
CSH_CMP_202601409,CMP_202601409,ACC_001027,Z046,ATM_Z046_025,5113.06,COMPLETED,2025-06-05T14:44:00
CSH_CMP_202601410,CMP_202601410,ACC_000058,Z009,ATM_Z009_040,9036.09,COMPLETED,2025-02-14T16:23:00
CSH_CMP_202601411,CMP_202601411,ACC_002297,Z010,ATM_Z010_009,694.11,COMPLETED,2025-06-05T09:11:00
CSH_CMP_202601412,CMP_202601412,ACC_002283,Z009,ATM_Z009_013,1168.76,COMPLETED,2025-03-29T18:40:00
CSH_CMP_202601413,CMP_202601413,ACC_002983,Z017,ATM_Z017_011,16988.24,COMPLETED,2025-01-25T19:51:00
CSH_CMP_202601414,CMP_202601414,ACC_001024,Z046,ATM_Z046_015,29977.36,COMPLETED,2025-05-12T15:14:00
CSH_CMP_202601415,CMP_202601415,ACC_002997,Z004,ATM_Z004_036,18025.42,COMPLETED,2025-03-30T15:49:00
CSH_CMP_202601416,CMP_202601416,ACC_000003,Z009,ATM_Z009_035,10208.18,COMPLETED,2025-02-02T13:21:00
CSH_CMP_202601417,CMP_202601417,ACC_001914,Z002,ATM_Z002_047,89009.93,COMPLETED,2025-04-02T16:59:00
CSH_CMP_202601418,CMP_202601418,ACC_000264,Z050,ATM_Z050_007,10270.61,COMPLETED,2025-04-23T12:41:00
CSH_CMP_202601419,CMP_202601419,ACC_002777,Z068,ATM_Z068_013,300202.5,COMPLETED,2025-06-18T15:26:00
CSH_CMP_202601420,CMP_202601420,ACC_002287,Z009,ATM_Z009_026,10439.78,COMPLETED,2025-03-23T07:53:00
CSH_CMP_202601421,CMP_202601421,ACC_002290,Z015,ATM_Z015_002,1674.1,COMPLETED,2025-02-18T19:31:00
CSH_CMP_202601422,CMP_202601422,ACC_002983,Z045,ATM_Z045_030,3821.55,COMPLETED,2025-05-21T19:10:00
CSH_CMP_202601423,CMP_202601423,ACC_002287,Z050,ATM_Z050_013,94370.58,COMPLETED,2025-06-11T14:13:00
CSH_CMP_202601424,CMP_202601424,ACC_001912,Z049,ATM_Z049_032,232346.76,COMPLETED,2025-04-11T09:20:00
CSH_CMP_202601425,CMP_202601425,ACC_002445,Z009,ATM_Z009_043,59330.59,COMPLETED,2025-05-25T13:35:00
CSH_CMP_202601426,CMP_202601426,ACC_000005,Z009,ATM_Z009_007,36902.37,COMPLETED,2025-02-23T11:12:00
CSH_CMP_202601427,CMP_202601427,ACC_000330,Z009,ATM_Z009_041,30467.78,COMPLETED,2025-05-16T16:49:00
CSH_CMP_202601428,CMP_202601428,ACC_000473,Z046,ATM_Z046_037,7356.59,COMPLETED,2025-06-11T14:45:00
CSH_CMP_202601429,CMP_202601429,ACC_000629,Z004,ATM_Z004_038,239230.42,COMPLETED,2025-03-14T09:22:00
CSH_CMP_202601430,CMP_202601430,ACC_000018,Z050,ATM_Z050_011,118639.24,COMPLETED,2025-02-05T17:55:00
CSH_CMP_202601431,CMP_202601431,ACC_002777,Z056,ATM_Z056_031,591293.3,COMPLETED,2025-05-28T21:05:00
CSH_CMP_202601432,CMP_202601432,ACC_001534,Z001,ATM_Z001_049,535472.18,COMPLETED,2025-04-29T10:24:00
CSH_CMP_202601433,CMP_202601433,ACC_001918,Z009,ATM_Z009_007,5732.78,COMPLETED,2025-06-12T23:09:00
CSH_CMP_202601434,CMP_202601434,ACC_000061,Z015,ATM_Z015_049,19637.41,COMPLETED,2025-04-17T20:28:00
CSH_CMP_202601435,CMP_202601435,ACC_000003,Z016,ATM_Z016_018,38919.47,COMPLETED,2025-02-09T19:58:00
CSH_CMP_202601436,CMP_202601436,ACC_002444,Z002,ATM_Z002_019,14626.0,COMPLETED,2025-04-07T10:45:00
CSH_CMP_202601437,CMP_202601437,ACC_001914,Z002,ATM_Z002_031,4376.01,COMPLETED,2025-03-08T19:28:00
CSH_CMP_202601438,CMP_202601438,ACC_002983,Z004,ATM_Z004_021,16483.32,COMPLETED,2025-05-20T15:24:00
CSH_CMP_202601439,CMP_202601439,ACC_002289,Z015,ATM_Z015_026,9783.07,COMPLETED,2025-05-05T15:55:00
CSH_CMP_202601440,CMP_202601440,ACC_000332,Z033,ATM_Z033_031,12386.93,COMPLETED,2025-02-12T11:54:00
CSH_CMP_202601441,CMP_202601441,ACC_001033,Z046,ATM_Z046_027,5953.24,COMPLETED,2025-02-25T21:09:00
CSH_CMP_202601442,CMP_202601442,ACC_001542,Z002,ATM_Z002_006,652137.48,COMPLETED,2025-02-18T15:28:00
CSH_CMP_202601443,CMP_202601443,ACC_002453,Z011,ATM_Z011_044,85384.83,COMPLETED,2025-02-05T13:17:00
CSH_CMP_202601444,CMP_202601444,ACC_001919,Z009,ATM_Z009_021,46075.92,COMPLETED,2025-05-09T13:16:00
CSH_CMP_202601445,CMP_202601445,ACC_001550,Z002,ATM_Z002_013,22024.22,COMPLETED,2025-01-22T18:50:00
CSH_CMP_202601446,CMP_202601446,ACC_000785,Z047,ATM_Z047_029,9869.44,COMPLETED,2025-06-06T20:37:00
CSH_CMP_202601447,CMP_202601447,ACC_000060,Z009,ATM_Z009_035,8246.82,COMPLETED,2025-05-30T13:52:00
CSH_CMP_202601448,CMP_202601448,ACC_000782,Z051,ATM_Z051_026,1678.71,COMPLETED,2025-06-10T22:43:00
CSH_CMP_202601449,CMP_202601449,ACC_000358,Z002,ATM_Z002_016,25880.63,COMPLETED,2025-05-22T17:11:00
CSH_CMP_202601450,CMP_202601450,ACC_000480,Z046,ATM_Z046_050,56028.32,COMPLETED,2025-02-28T14:33:00
CSH_CMP_202601451,CMP_202601451,ACC_001027,Z006,ATM_Z006_005,18515.93,COMPLETED,2025-02-06T17:57:00
CSH_CMP_202601452,CMP_202601452,ACC_002446,Z002,ATM_Z002_048,574113.15,COMPLETED,2025-05-11T14:33:00
CSH_CMP_202601453,CMP_202601453,ACC_000003,Z016,ATM_Z016_020,34535.62,COMPLETED,2025-02-16T10:53:00
CSH_CMP_202601454,CMP_202601454,ACC_000504,Z002,ATM_Z002_015,49553.38,COMPLETED,2025-04-17T22:52:00
CSH_CMP_202601455,CMP_202601455,ACC_002784,Z068,ATM_Z068_001,39874.66,COMPLETED,2025-04-21T14:44:00
CSH_CMP_202601456,CMP_202601456,ACC_001418,Z004,ATM_Z004_028,1197.46,COMPLETED,2025-06-14T10:36:00
CSH_CMP_202601457,CMP_202601457,ACC_001230,Z003,ATM_Z003_023,3462.78,COMPLETED,2025-05-19T14:42:00
CSH_CMP_202601458,CMP_202601458,ACC_000472,Z004,ATM_Z004_044,13695.76,COMPLETED,2025-05-25T19:05:00
CSH_CMP_202601459,CMP_202601459,ACC_000786,Z051,ATM_Z051_015,43695.77,COMPLETED,2025-04-23T16:52:00
CSH_CMP_202601460,CMP_202601460,ACC_002983,Z026,ATM_Z026_019,34410.25,COMPLETED,2025-01-14T15:36:00
CSH_CMP_202601461,CMP_202601461,ACC_000006,Z009,ATM_Z009_010,75136.89,COMPLETED,2025-05-04T10:14:00
CSH_CMP_202601462,CMP_202601462,ACC_000921,Z068,ATM_Z068_007,616092.83,COMPLETED,2025-04-02T11:57:00
CSH_CMP_202601463,CMP_202601463,ACC_001308,Z046,ATM_Z046_049,24164.48,COMPLETED,2025-02-02T12:13:00
CSH_CMP_202601464,CMP_202601464,ACC_002785,Z056,ATM_Z056_014,141993.54,COMPLETED,2025-05-07T06:02:00
CSH_CMP_202601465,CMP_202601465,ACC_001532,Z075,ATM_Z075_031,145681.11,COMPLETED,2025-01-27T15:51:00
CSH_CMP_202601466,CMP_202601466,ACC_000264,Z068,ATM_Z068_026,9711.71,COMPLETED,2025-01-03T18:47:00
CSH_CMP_202601467,CMP_202601467,ACC_000783,Z051,ATM_Z051_029,4827.2,COMPLETED,2025-02-23T17:03:00
CSH_CMP_202601468,CMP_202601468,ACC_000267,Z052,ATM_Z052_028,6218.89,COMPLETED,2025-04-07T17:14:00
CSH_CMP_202601469,CMP_202601469,ACC_001541,Z001,ATM_Z001_001,4114.36,COMPLETED,2025-05-09T20:16:00
CSH_CMP_202601470,CMP_202601470,ACC_000472,Z004,ATM_Z004_022,91558.42,COMPLETED,2025-03-05T19:16:00
CSH_CMP_202601471,CMP_202601471,ACC_001288,Z003,ATM_Z003_016,26744.29,COMPLETED,2025-02-03T13:33:00
CSH_CMP_202601472,CMP_202601472,ACC_001457,Z035,ATM_Z035_001,210924.83,COMPLETED,2025-02-10T19:28:00
CSH_CMP_202601473,CMP_202601473,ACC_000335,Z075,ATM_Z075_018,15204.27,COMPLETED,2025-06-03T20:23:00
CSH_CMP_202601474,CMP_202601474,ACC_002443,Z002,ATM_Z002_022,518231.18,COMPLETED,2025-04-17T15:57:00
CSH_CMP_202601475,CMP_202601475,ACC_001912,Z001,ATM_Z001_031,3238.14,COMPLETED,2025-03-01T19:30:00
CSH_CMP_202601476,CMP_202601476,ACC_002778,Z068,ATM_Z068_033,233671.4,COMPLETED,2025-01-27T14:43:00
CSH_CMP_202601477,CMP_202601477,ACC_001229,Z075,ATM_Z075_011,3146.92,COMPLETED,2025-04-16T13:55:00
CSH_CMP_202601478,CMP_202601478,ACC_002778,Z042,ATM_Z042_047,94231.56,COMPLETED,2025-06-09T12:29:00
CSH_CMP_202601479,CMP_202601479,ACC_002401,Z015,ATM_Z015_008,3034.9,COMPLETED,2025-03-27T16:11:00
CSH_CMP_202601480,CMP_202601480,ACC_001540,Z001,ATM_Z001_047,25465.19,COMPLETED,2025-05-25T11:09:00
CSH_CMP_202601481,CMP_202601481,ACC_000472,Z006,ATM_Z006_029,103207.84,COMPLETED,2025-04-05T17:45:00
CSH_CMP_202601482,CMP_202601482,ACC_002566,Z011,ATM_Z011_030,10076.05,COMPLETED,2025-05-30T15:49:00
CSH_CMP_202601483,CMP_202601483,ACC_002983,Z004,ATM_Z004_027,15757.34,COMPLETED,2025-03-08T19:47:00
CSH_CMP_202601484,CMP_202601484,ACC_002287,Z042,ATM_Z042_013,19878.77,COMPLETED,2025-04-25T15:10:00
CSH_CMP_202601485,CMP_202601485,ACC_001912,Z002,ATM_Z002_050,7302.18,COMPLETED,2025-04-01T14:01:00
CSH_CMP_202601486,CMP_202601486,ACC_000022,Z009,ATM_Z009_001,3854.87,COMPLETED,2025-02-09T20:34:00
CSH_CMP_202601487,CMP_202601487,ACC_001076,Z006,ATM_Z006_020,6076.0,COMPLETED,2025-06-28T18:16:00
CSH_CMP_202601488,CMP_202601488,ACC_000410,Z075,ATM_Z075_016,4429.42,COMPLETED,2025-06-13T16:35:00
CSH_CMP_202601489,CMP_202601489,ACC_000475,Z002,ATM_Z002_015,7232.5,COMPLETED,2025-02-27T10:49:00
CSH_CMP_202601490,CMP_202601490,ACC_002293,Z010,ATM_Z010_015,8088.92,COMPLETED,2025-03-13T13:19:00
CSH_CMP_202601491,CMP_202601491,ACC_000787,Z067,ATM_Z067_003,46794.34,COMPLETED,2025-05-09T21:17:00
CSH_CMP_202601492,CMP_202601492,ACC_000797,Z003,ATM_Z003_019,26889.14,COMPLETED,2025-02-17T14:23:00
CSH_CMP_202601493,CMP_202601493,ACC_000782,Z038,ATM_Z038_043,26569.75,COMPLETED,2025-02-04T13:00:00
CSH_CMP_202601494,CMP_202601494,ACC_000783,Z075,ATM_Z075_045,9979.6,COMPLETED,2025-04-04T16:12:00
CSH_CMP_202601495,CMP_202601495,ACC_001534,Z007,ATM_Z007_021,2038.23,COMPLETED,2025-06-17T15:36:00
CSH_CMP_202601496,CMP_202601496,ACC_001025,Z046,ATM_Z046_005,6223.8,COMPLETED,2025-04-09T05:20:00
CSH_CMP_202601497,CMP_202601497,ACC_002777,Z056,ATM_Z056_050,1993.12,COMPLETED,2025-02-20T15:48:00
CSH_CMP_202601498,CMP_202601498,ACC_002771,Z001,ATM_Z001_007,178087.63,COMPLETED,2025-02-06T09:28:00
CSH_CMP_202601499,CMP_202601499,ACC_000472,Z004,ATM_Z004_039,16725.41,COMPLETED,2025-05-30T14:02:00
CSH_CMP_202601500,CMP_202601500,ACC_002983,Z045,ATM_Z045_021,35649.9,COMPLETED,2025-04-25T14:40:00
CSH_CMP_202601501,CMP_202601501,ACC_001534,Z001,ATM_Z001_008,14623.9,COMPLETED,2025-03-26T19:09:00
CSH_CMP_202601502,CMP_202601502,ACC_002290,Z010,ATM_Z010_002,11952.69,COMPLETED,2025-03-28T16:13:00
CSH_CMP_202601503,CMP_202601503,ACC_002983,Z026,ATM_Z026_040,42502.62,COMPLETED,2025-02-11T23:49:00
CSH_CMP_202601504,CMP_202601504,ACC_001534,Z002,ATM_Z002_001,12902.54,COMPLETED,2025-05-30T15:10:00
CSH_CMP_202601505,CMP_202601505,ACC_002354,Z068,ATM_Z068_016,223225.82,COMPLETED,2025-01-01T12:43:00
CSH_CMP_202601506,CMP_202601506,ACC_003040,Z026,ATM_Z026_013,20009.04,COMPLETED,2025-06-16T17:46:00
CSH_CMP_202601507,CMP_202601507,ACC_002470,Z071,ATM_Z071_032,331442.56,COMPLETED,2025-02-27T09:10:00
CSH_CMP_202601508,CMP_202601508,ACC_001323,Z006,ATM_Z006_003,10060.56,COMPLETED,2025-02-17T18:44:00
CSH_CMP_202601509,CMP_202601509,ACC_001534,Z001,ATM_Z001_034,279645.82,COMPLETED,2025-03-11T17:02:00
CSH_CMP_202601510,CMP_202601510,ACC_000783,Z003,ATM_Z003_010,9447.19,COMPLETED,2025-05-11T11:24:00
CSH_CMP_202601511,CMP_202601511,ACC_001230,Z003,ATM_Z003_022,88956.85,COMPLETED,2025-02-05T15:13:00
CSH_CMP_202601512,CMP_202601512,ACC_002228,Z017,ATM_Z017_050,3934.03,COMPLETED,2025-01-09T12:53:00
CSH_CMP_202601513,CMP_202601513,ACC_000782,Z003,ATM_Z003_030,2677.74,COMPLETED,2025-03-13T16:20:00
CSH_CMP_202601514,CMP_202601514,ACC_002777,Z056,ATM_Z056_049,906652.1,COMPLETED,2025-04-19T09:51:00
CSH_CMP_202601515,CMP_202601515,ACC_000003,Z009,ATM_Z009_031,43513.28,COMPLETED,2025-01-21T11:09:00
CSH_CMP_202601516,CMP_202601516,ACC_002289,Z015,ATM_Z015_009,0.0,FROZEN,2025-06-14T22:27:00
CSH_CMP_202601517,CMP_202601517,ACC_000782,Z051,ATM_Z051_015,4823.26,COMPLETED,2025-04-26T22:45:00
CSH_CMP_202601518,CMP_202601518,ACC_002289,Z010,ATM_Z010_012,10304.41,COMPLETED,2025-05-16T02:13:00
CSH_CMP_202601519,CMP_202601519,ACC_002444,Z009,ATM_Z009_033,143659.66,COMPLETED,2025-04-29T17:36:00
CSH_CMP_202601520,CMP_202601520,ACC_002453,Z011,ATM_Z011_034,14532.6,COMPLETED,2025-05-02T16:10:00
CSH_CMP_202601521,CMP_202601521,ACC_000782,Z003,ATM_Z003_034,24806.26,COMPLETED,2025-06-15T19:25:00
CSH_CMP_202601522,CMP_202601522,ACC_002227,Z017,ATM_Z017_015,491915.63,COMPLETED,2025-05-26T07:49:00
CSH_CMP_202601523,CMP_202601523,ACC_002784,Z042,ATM_Z042_008,234778.63,COMPLETED,2025-06-08T19:35:00
CSH_CMP_202601524,CMP_202601524,ACC_002291,Z015,ATM_Z015_009,3472.65,COMPLETED,2025-04-23T15:04:00
CSH_CMP_202601525,CMP_202601525,ACC_000003,Z009,ATM_Z009_021,16148.45,COMPLETED,2025-06-15T18:58:00
CSH_CMP_202601526,CMP_202601526,ACC_002221,Z002,ATM_Z002_028,4945.02,COMPLETED,2025-03-06T13:24:00
CSH_CMP_202601527,CMP_202601527,ACC_000782,Z038,ATM_Z038_047,1914.81,COMPLETED,2025-06-08T09:56:00
CSH_CMP_202601528,CMP_202601528,ACC_002904,Z011,ATM_Z011_017,40537.03,COMPLETED,2025-03-27T10:57:00
CSH_CMP_202601529,CMP_202601529,ACC_001083,Z009,ATM_Z009_039,3611.14,COMPLETED,2025-01-20T20:17:00
CSH_CMP_202601530,CMP_202601530,ACC_002775,Z011,ATM_Z011_048,4783.22,COMPLETED,2025-05-02T16:36:00
CSH_CMP_202601531,CMP_202601531,ACC_000002,Z016,ATM_Z016_042,25646.72,COMPLETED,2025-03-31T03:11:00
CSH_CMP_202601532,CMP_202601532,ACC_001912,Z002,ATM_Z002_043,7827.92,COMPLETED,2025-04-09T07:53:00
CSH_CMP_202601533,CMP_202601533,ACC_002983,Z008,ATM_Z008_042,14070.68,COMPLETED,2025-05-27T11:14:00
CSH_CMP_202601534,CMP_202601534,ACC_001023,Z046,ATM_Z046_020,5708.85,COMPLETED,2025-02-07T12:47:00
CSH_CMP_202601535,CMP_202601535,ACC_002777,Z008,ATM_Z008_048,491562.86,COMPLETED,2025-01-24T14:42:00
CSH_CMP_202601536,CMP_202601536,ACC_002223,Z050,ATM_Z050_039,889.21,COMPLETED,2025-06-04T13:11:00
CSH_CMP_202601537,CMP_202601537,ACC_002443,Z009,ATM_Z009_009,26832.89,COMPLETED,2025-03-16T19:52:00
CSH_CMP_202601538,CMP_202601538,ACC_001943,Z049,ATM_Z049_005,219808.53,COMPLETED,2025-06-28T08:01:00
CSH_CMP_202601539,CMP_202601539,ACC_000784,Z038,ATM_Z038_005,5560.63,COMPLETED,2025-01-22T07:01:00
CSH_CMP_202601540,CMP_202601540,ACC_002295,Z015,ATM_Z015_010,15731.08,COMPLETED,2025-04-16T14:05:00
CSH_CMP_202601541,CMP_202601541,ACC_000333,Z002,ATM_Z002_034,78260.86,COMPLETED,2025-02-03T10:42:00
CSH_CMP_202601542,CMP_202601542,ACC_001914,Z049,ATM_Z049_048,22986.42,COMPLETED,2025-04-06T19:00:00
CSH_CMP_202601543,CMP_202601543,ACC_001243,Z075,ATM_Z075_042,156254.64,COMPLETED,2025-03-12T12:42:00
CSH_CMP_202601544,CMP_202601544,ACC_000003,Z009,ATM_Z009_017,31808.16,COMPLETED,2025-01-03T19:50:00
CSH_CMP_202601545,CMP_202601545,ACC_001229,Z004,ATM_Z004_025,39143.64,COMPLETED,2025-05-31T16:25:00
CSH_CMP_202601546,CMP_202601546,ACC_000393,Z010,ATM_Z010_013,120529.65,COMPLETED,2025-04-10T12:59:00
CSH_CMP_202601547,CMP_202601547,ACC_001229,Z035,ATM_Z035_014,6043.79,COMPLETED,2025-02-09T07:57:00
CSH_CMP_202601548,CMP_202601548,ACC_001256,Z004,ATM_Z004_011,22026.34,COMPLETED,2025-05-21T08:46:00
CSH_CMP_202601549,CMP_202601549,ACC_001912,Z049,ATM_Z049_014,377977.25,COMPLETED,2025-04-01T10:51:00
CSH_CMP_202601550,CMP_202601550,ACC_001913,Z009,ATM_Z009_028,26402.66,COMPLETED,2025-05-15T11:07:00
CSH_CMP_202601551,CMP_202601551,ACC_000332,Z009,ATM_Z009_003,9692.21,COMPLETED,2025-03-28T16:48:00
CSH_CMP_202601552,CMP_202601552,ACC_002988,Z050,ATM_Z050_020,46234.73,COMPLETED,2025-03-24T10:41:00
CSH_CMP_202601553,CMP_202601553,ACC_002983,Z017,ATM_Z017_024,4697.11,COMPLETED,2025-04-15T12:22:00
CSH_CMP_202601554,CMP_202601554,ACC_002985,Z017,ATM_Z017_050,30168.44,COMPLETED,2025-06-06T15:09:00
CSH_CMP_202601555,CMP_202601555,ACC_002339,Z015,ATM_Z015_028,12104.38,COMPLETED,2025-04-30T17:42:00
CSH_CMP_202601556,CMP_202601556,ACC_002777,Z068,ATM_Z068_001,72694.0,COMPLETED,2025-01-07T16:52:00
CSH_CMP_202601557,CMP_202601557,ACC_000335,Z009,ATM_Z009_012,255053.48,COMPLETED,2025-03-13T15:01:00
CSH_CMP_202601558,CMP_202601558,ACC_002545,Z010,ATM_Z010_028,84693.04,COMPLETED,2025-04-02T04:24:00
CSH_CMP_202601559,CMP_202601559,ACC_001262,Z004,ATM_Z004_043,1964.2,COMPLETED,2025-04-28T09:55:00
CSH_CMP_202601560,CMP_202601560,ACC_000002,Z016,ATM_Z016_024,177421.93,COMPLETED,2025-03-19T11:15:00
CSH_CMP_202601561,CMP_202601561,ACC_000332,Z032,ATM_Z032_025,117899.51,COMPLETED,2025-06-08T21:28:00
CSH_CMP_202601562,CMP_202601562,ACC_001534,Z001,ATM_Z001_008,2523876.82,COMPLETED,2025-04-26T22:43:00
CSH_CMP_202601563,CMP_202601563,ACC_000473,Z004,ATM_Z004_024,28771.65,COMPLETED,2025-01-22T16:13:00
CSH_CMP_202601564,CMP_202601564,ACC_001534,Z002,ATM_Z002_022,159886.41,COMPLETED,2025-04-15T09:24:00
CSH_CMP_202601565,CMP_202601565,ACC_002223,Z017,ATM_Z017_021,11280.13,COMPLETED,2025-04-13T15:03:00
CSH_CMP_202601566,CMP_202601566,ACC_002289,Z015,ATM_Z015_002,3027.12,COMPLETED,2025-05-04T15:13:00
CSH_CMP_202601567,CMP_202601567,ACC_002223,Z017,ATM_Z017_028,1092.63,COMPLETED,2025-03-25T21:23:00
CSH_CMP_202601568,CMP_202601568,ACC_002444,Z002,ATM_Z002_002,132222.68,COMPLETED,2025-03-29T10:38:00
CSH_CMP_202601569,CMP_202601569,ACC_002289,Z010,ATM_Z010_040,1812.83,COMPLETED,2025-06-19T12:10:00
CSH_CMP_202601570,CMP_202601570,ACC_000341,Z032,ATM_Z032_042,147372.52,COMPLETED,2025-06-16T12:24:00
CSH_CMP_202601571,CMP_202601571,ACC_002225,Z009,ATM_Z009_047,56494.52,COMPLETED,2025-03-11T21:12:00
CSH_CMP_202601572,CMP_202601572,ACC_001534,Z001,ATM_Z001_025,1822.36,COMPLETED,2025-05-07T11:46:00
CSH_CMP_202601573,CMP_202601573,ACC_000062,Z009,ATM_Z009_035,20554.7,COMPLETED,2025-05-25T08:53:00
CSH_CMP_202601574,CMP_202601574,ACC_003014,Z026,ATM_Z026_032,2468.4,COMPLETED,2025-01-05T11:44:00
CSH_CMP_202601575,CMP_202601575,ACC_002443,Z009,ATM_Z009_029,33911.68,COMPLETED,2025-03-13T13:31:00
CSH_CMP_202601576,CMP_202601576,ACC_000068,Z009,ATM_Z009_003,13750.09,COMPLETED,2025-06-16T12:37:00
CSH_CMP_202601577,CMP_202601577,ACC_002997,Z045,ATM_Z045_015,4967.9,COMPLETED,2025-04-08T21:41:00
CSH_CMP_202601578,CMP_202601578,ACC_002991,Z045,ATM_Z045_020,7538.25,COMPLETED,2025-01-12T15:35:00
CSH_CMP_202601579,CMP_202601579,ACC_001036,Z046,ATM_Z046_036,12909.85,COMPLETED,2025-01-01T16:29:00
CSH_CMP_202601580,CMP_202601580,ACC_001647,Z009,ATM_Z009_018,35756.42,COMPLETED,2025-02-09T15:08:00
CSH_CMP_202601581,CMP_202601581,ACC_002228,Z050,ATM_Z050_028,1547.74,COMPLETED,2025-06-28T10:16:00
CSH_CMP_202601582,CMP_202601582,ACC_002984,Z045,ATM_Z045_022,35084.14,COMPLETED,2025-05-11T16:37:00
CSH_CMP_202601583,CMP_202601583,ACC_000338,Z075,ATM_Z075_042,36409.39,COMPLETED,2025-04-23T22:05:00
CSH_CMP_202601584,CMP_202601584,ACC_000803,Z038,ATM_Z038_013,2779.81,COMPLETED,2025-05-12T10:25:00
CSH_CMP_202601585,CMP_202601585,ACC_000060,Z015,ATM_Z015_024,13184.89,COMPLETED,2025-03-12T18:04:00
CSH_CMP_202601586,CMP_202601586,ACC_001263,Z035,ATM_Z035_016,51415.39,COMPLETED,2025-01-23T19:17:00
CSH_CMP_202601587,CMP_202601587,ACC_002325,Z010,ATM_Z010_007,7273.44,COMPLETED,2025-01-16T12:17:00
CSH_CMP_202601588,CMP_202601588,ACC_002287,Z050,ATM_Z050_024,4081.01,COMPLETED,2025-04-20T09:35:00
CSH_CMP_202601589,CMP_202601589,ACC_000007,Z009,ATM_Z009_006,37999.73,COMPLETED,2025-04-18T12:00:00
CSH_CMP_202601590,CMP_202601590,ACC_002983,Z004,ATM_Z004_001,117649.54,COMPLETED,2025-05-29T19:00:00
CSH_CMP_202601591,CMP_202601591,ACC_002237,Z017,ATM_Z017_012,12484.72,COMPLETED,2025-05-07T17:55:00
CSH_CMP_202601592,CMP_202601592,ACC_000266,Z036,ATM_Z036_019,6657.62,COMPLETED,2025-03-25T15:43:00
CSH_CMP_202601593,CMP_202601593,ACC_000330,Z002,ATM_Z002_039,188069.73,COMPLETED,2025-05-18T05:46:00
CSH_CMP_202601594,CMP_202601594,ACC_002777,Z008,ATM_Z008_003,1394803.39,COMPLETED,2025-05-03T15:40:00
CSH_CMP_202601595,CMP_202601595,ACC_001916,Z009,ATM_Z009_008,11624.16,COMPLETED,2025-02-18T13:47:00
CSH_CMP_202601596,CMP_202601596,ACC_002445,Z009,ATM_Z009_014,14123.83,COMPLETED,2025-05-29T14:20:00
CSH_CMP_202601597,CMP_202601597,ACC_000061,Z025,ATM_Z025_007,14815.4,COMPLETED,2025-02-03T14:30:00
CSH_CMP_202601598,CMP_202601598,ACC_000002,Z009,ATM_Z009_002,55632.06,COMPLETED,2025-01-22T19:18:00
CSH_CMP_202601599,CMP_202601599,ACC_001534,Z002,ATM_Z002_015,358285.04,COMPLETED,2025-01-02T18:03:00
CSH_CMP_202601600,CMP_202601600,ACC_000783,Z003,ATM_Z003_031,12871.02,COMPLETED,2025-01-23T23:43:00
CSH_CMP_202601601,CMP_202601601,ACC_000061,Z015,ATM_Z015_024,12586.35,COMPLETED,2025-04-17T21:39:00
CSH_CMP_202601602,CMP_202601602,ACC_002984,Z045,ATM_Z045_026,6196.74,COMPLETED,2025-04-24T08:20:00
CSH_CMP_202601603,CMP_202601603,ACC_002777,Z042,ATM_Z042_011,553198.43,COMPLETED,2025-03-05T07:59:00
CSH_CMP_202601604,CMP_202601604,ACC_000473,Z004,ATM_Z004_031,15376.6,COMPLETED,2025-03-20T15:42:00
CSH_CMP_202601605,CMP_202601605,ACC_002985,Z045,ATM_Z045_008,7511.9,COMPLETED,2025-05-27T11:34:00
CSH_CMP_202601606,CMP_202601606,ACC_000061,Z015,ATM_Z015_030,3774.18,COMPLETED,2025-02-24T07:38:00
CSH_CMP_202601607,CMP_202601607,ACC_000269,Z006,ATM_Z006_048,19089.59,COMPLETED,2025-03-23T10:47:00
CSH_CMP_202601608,CMP_202601608,ACC_002983,Z026,ATM_Z026_043,42588.16,COMPLETED,2025-02-03T13:09:00
CSH_CMP_202601609,CMP_202601609,ACC_001226,Z046,ATM_Z046_028,18844.93,COMPLETED,2025-03-12T20:11:00
CSH_CMP_202601610,CMP_202601610,ACC_002984,Z026,ATM_Z026_021,27945.37,COMPLETED,2025-01-15T16:44:00
CSH_CMP_202601611,CMP_202601611,ACC_000470,Z075,ATM_Z075_032,20384.54,COMPLETED,2025-04-21T16:19:00
CSH_CMP_202601612,CMP_202601612,ACC_001534,Z001,ATM_Z001_025,2985.68,COMPLETED,2025-06-13T14:43:00
CSH_CMP_202601613,CMP_202601613,ACC_000002,Z009,ATM_Z009_032,12688.08,COMPLETED,2025-05-15T18:38:00
CSH_CMP_202601614,CMP_202601614,ACC_000330,Z075,ATM_Z075_043,22637.31,COMPLETED,2025-06-29T18:37:00
CSH_CMP_202601615,CMP_202601615,ACC_001023,Z046,ATM_Z046_037,23878.4,COMPLETED,2025-02-09T11:36:00
CSH_CMP_202601616,CMP_202601616,ACC_000330,Z009,ATM_Z009_023,101058.79,COMPLETED,2025-01-22T10:30:00
CSH_CMP_202601617,CMP_202601617,ACC_000267,Z052,ATM_Z052_048,3156.67,COMPLETED,2025-06-18T23:45:00
CSH_CMP_202601618,CMP_202601618,ACC_003040,Z026,ATM_Z026_039,6760.44,COMPLETED,2025-01-20T16:15:00
CSH_CMP_202601619,CMP_202601619,ACC_000269,Z036,ATM_Z036_001,30297.59,COMPLETED,2025-02-23T12:30:00
CSH_CMP_202601620,CMP_202601620,ACC_002783,Z034,ATM_Z034_006,409621.18,COMPLETED,2025-05-13T16:30:00
CSH_CMP_202601621,CMP_202601621,ACC_000330,Z032,ATM_Z032_047,85205.86,COMPLETED,2025-05-08T15:27:00
CSH_CMP_202601622,CMP_202601622,ACC_000271,Z006,ATM_Z006_033,32177.82,COMPLETED,2025-02-17T12:27:00
CSH_CMP_202601623,CMP_202601623,ACC_001532,Z035,ATM_Z035_026,3638.19,COMPLETED,2025-02-06T15:11:00
CSH_CMP_202601624,CMP_202601624,ACC_000477,Z046,ATM_Z046_009,48627.06,COMPLETED,2025-02-23T16:55:00
CSH_CMP_202601625,CMP_202601625,ACC_001912,Z049,ATM_Z049_046,97915.91,COMPLETED,2025-03-03T11:39:00
CSH_CMP_202601626,CMP_202601626,ACC_002290,Z072,ATM_Z072_029,28019.74,COMPLETED,2025-02-24T08:41:00
CSH_CMP_202601627,CMP_202601627,ACC_001584,Z001,ATM_Z001_036,498813.29,COMPLETED,2025-06-08T07:19:00
CSH_CMP_202601628,CMP_202601628,ACC_002442,Z052,ATM_Z052_040,39382.17,COMPLETED,2025-06-16T16:54:00
CSH_CMP_202601629,CMP_202601629,ACC_000343,Z075,ATM_Z075_029,9871.71,COMPLETED,2025-05-20T11:42:00
CSH_CMP_202601630,CMP_202601630,ACC_002777,Z042,ATM_Z042_043,400910.57,COMPLETED,2025-01-04T21:12:00
CSH_CMP_202601631,CMP_202601631,ACC_000060,Z036,ATM_Z036_032,59693.12,COMPLETED,2025-02-15T11:39:00
CSH_CMP_202601632,CMP_202601632,ACC_001230,Z004,ATM_Z004_044,32129.62,COMPLETED,2025-02-12T12:47:00
CSH_CMP_202601633,CMP_202601633,ACC_002984,Z043,ATM_Z043_022,79981.92,COMPLETED,2025-06-15T05:18:00
CSH_CMP_202601634,CMP_202601634,ACC_002310,Z015,ATM_Z015_030,16897.65,COMPLETED,2025-06-02T18:30:00
CSH_CMP_202601635,CMP_202601635,ACC_000003,Z009,ATM_Z009_010,47709.65,COMPLETED,2025-05-27T12:58:00
CSH_CMP_202601636,CMP_202601636,ACC_002444,Z002,ATM_Z002_036,93668.46,COMPLETED,2025-02-16T16:46:00
CSH_CMP_202601637,CMP_202601637,ACC_000472,Z002,ATM_Z002_046,12338.88,COMPLETED,2025-02-07T21:32:00
CSH_CMP_202601638,CMP_202601638,ACC_002984,Z003,ATM_Z003_021,39281.67,COMPLETED,2025-04-23T17:53:00
CSH_CMP_202601639,CMP_202601639,ACC_002289,Z010,ATM_Z010_018,12495.89,COMPLETED,2025-01-03T21:13:00
CSH_CMP_202601640,CMP_202601640,ACC_000782,Z047,ATM_Z047_006,18791.46,COMPLETED,2025-06-30T18:42:00
CSH_CMP_202601641,CMP_202601641,ACC_002983,Z026,ATM_Z026_041,19960.76,COMPLETED,2025-04-18T11:47:00
CSH_CMP_202601642,CMP_202601642,ACC_000061,Z015,ATM_Z015_017,19228.3,COMPLETED,2025-03-31T20:58:00
CSH_CMP_202601643,CMP_202601643,ACC_001200,Z002,ATM_Z002_017,5098.13,COMPLETED,2025-04-02T11:49:00
CSH_CMP_202601644,CMP_202601644,ACC_001912,Z009,ATM_Z009_021,14502.49,COMPLETED,2025-05-16T16:02:00
CSH_CMP_202601645,CMP_202601645,ACC_001229,Z075,ATM_Z075_025,80244.53,COMPLETED,2025-01-22T15:20:00
CSH_CMP_202601646,CMP_202601646,ACC_000785,Z038,ATM_Z038_016,105215.96,COMPLETED,2025-01-16T10:58:00
CSH_CMP_202601647,CMP_202601647,ACC_000060,Z009,ATM_Z009_050,10934.76,COMPLETED,2025-04-23T21:37:00
CSH_CMP_202601648,CMP_202601648,ACC_002289,Z010,ATM_Z010_024,0.0,FROZEN,2025-02-18T13:05:00
CSH_CMP_202601649,CMP_202601649,ACC_000475,Z046,ATM_Z046_029,5094.07,COMPLETED,2025-04-16T11:26:00
CSH_CMP_202601650,CMP_202601650,ACC_002223,Z050,ATM_Z050_020,148445.61,COMPLETED,2025-06-24T13:59:00
CSH_CMP_202601651,CMP_202601651,ACC_001542,Z001,ATM_Z001_017,20931.49,COMPLETED,2025-01-06T22:11:00
CSH_CMP_202601652,CMP_202601652,ACC_002983,Z004,ATM_Z004_014,72877.69,COMPLETED,2025-05-29T16:28:00
CSH_CMP_202601653,CMP_202601653,ACC_001230,Z004,ATM_Z004_008,42485.47,COMPLETED,2025-03-24T12:46:00
CSH_CMP_202601654,CMP_202601654,ACC_001024,Z006,ATM_Z006_049,3027.12,COMPLETED,2025-05-27T11:11:00
CSH_CMP_202601655,CMP_202601655,ACC_000002,Z009,ATM_Z009_009,1756626.44,COMPLETED,2025-05-31T09:26:00
CSH_CMP_202601656,CMP_202601656,ACC_000782,Z003,ATM_Z003_047,11716.16,COMPLETED,2025-01-29T15:49:00
CSH_CMP_202601657,CMP_202601657,ACC_002443,Z011,ATM_Z011_024,85463.39,COMPLETED,2025-05-05T12:56:00
CSH_CMP_202601658,CMP_202601658,ACC_000782,Z038,ATM_Z038_018,7180.4,COMPLETED,2025-06-08T13:35:00
CSH_CMP_202601659,CMP_202601659,ACC_002983,Z061,ATM_Z061_009,22378.44,COMPLETED,2025-03-28T18:54:00
CSH_CMP_202601660,CMP_202601660,ACC_001537,Z001,ATM_Z001_036,15928.42,COMPLETED,2025-05-02T16:06:00
CSH_CMP_202601661,CMP_202601661,ACC_001930,Z037,ATM_Z037_013,13110.84,COMPLETED,2025-06-15T11:50:00
CSH_CMP_202601662,CMP_202601662,ACC_002289,Z055,ATM_Z055_038,2292.39,COMPLETED,2025-01-15T22:17:00
CSH_CMP_202601663,CMP_202601663,ACC_001021,Z051,ATM_Z051_031,121285.44,COMPLETED,2025-02-14T15:16:00
CSH_CMP_202601664,CMP_202601664,ACC_002011,Z001,ATM_Z001_010,26880.86,COMPLETED,2025-02-23T21:09:00
CSH_CMP_202601665,CMP_202601665,ACC_000330,Z032,ATM_Z032_040,35512.63,COMPLETED,2025-03-01T18:22:00
CSH_CMP_202601666,CMP_202601666,ACC_000472,Z006,ATM_Z006_016,22859.54,COMPLETED,2025-01-01T23:31:00
CSH_CMP_202601667,CMP_202601667,ACC_000060,Z015,ATM_Z015_013,13061.29,COMPLETED,2025-02-09T16:35:00
CSH_CMP_202601668,CMP_202601668,ACC_002777,Z068,ATM_Z068_013,20701.73,COMPLETED,2025-01-16T00:45:00
CSH_CMP_202601669,CMP_202601669,ACC_001541,Z002,ATM_Z002_025,5743.2,COMPLETED,2025-05-04T10:37:00
CSH_CMP_202601670,CMP_202601670,ACC_000342,Z075,ATM_Z075_030,103613.41,COMPLETED,2025-03-03T11:32:00
CSH_CMP_202601671,CMP_202601671,ACC_001913,Z049,ATM_Z049_044,224382.08,COMPLETED,2025-04-13T17:44:00
CSH_CMP_202601672,CMP_202601672,ACC_002445,Z009,ATM_Z009_032,87246.55,COMPLETED,2025-02-06T15:40:00
CSH_CMP_202601673,CMP_202601673,ACC_001229,Z004,ATM_Z004_021,25222.92,COMPLETED,2025-05-18T12:19:00
CSH_CMP_202601674,CMP_202601674,ACC_000266,Z006,ATM_Z006_050,23328.95,COMPLETED,2025-03-23T10:35:00
CSH_CMP_202601675,CMP_202601675,ACC_002443,Z011,ATM_Z011_023,7991.05,COMPLETED,2025-06-26T14:14:00
CSH_CMP_202601676,CMP_202601676,ACC_000875,Z003,ATM_Z003_024,38879.2,COMPLETED,2025-05-30T08:08:00
CSH_CMP_202601677,CMP_202601677,ACC_001023,Z057,ATM_Z057_014,32749.35,COMPLETED,2025-03-01T19:07:00
CSH_CMP_202601678,CMP_202601678,ACC_001237,Z035,ATM_Z035_011,2729.86,COMPLETED,2025-06-02T19:13:00
CSH_CMP_202601679,CMP_202601679,ACC_002290,Z010,ATM_Z010_016,4530.25,COMPLETED,2025-01-04T10:58:00
CSH_CMP_202601680,CMP_202601680,ACC_000782,Z051,ATM_Z051_046,6333.98,COMPLETED,2025-03-12T18:15:00
CSH_CMP_202601681,CMP_202601681,ACC_000063,Z056,ATM_Z056_027,3752.78,COMPLETED,2025-01-15T18:26:00
CSH_CMP_202601682,CMP_202601682,ACC_000002,Z016,ATM_Z016_020,1394.51,COMPLETED,2025-05-09T11:43:00
CSH_CMP_202601683,CMP_202601683,ACC_001535,Z007,ATM_Z007_020,14204.57,COMPLETED,2025-04-08T17:05:00
CSH_CMP_202601684,CMP_202601684,ACC_002986,Z057,ATM_Z057_003,5242.06,COMPLETED,2025-06-09T17:47:00
CSH_CMP_202601685,CMP_202601685,ACC_000474,Z046,ATM_Z046_042,30951.99,COMPLETED,2025-01-17T16:46:00
CSH_CMP_202601686,CMP_202601686,ACC_002444,Z002,ATM_Z002_006,30368.18,COMPLETED,2025-04-16T09:29:00
CSH_CMP_202601687,CMP_202601687,ACC_000990,Z038,ATM_Z038_024,20079.27,COMPLETED,2025-05-07T17:08:00
CSH_CMP_202601688,CMP_202601688,ACC_000783,Z026,ATM_Z026_012,11841.17,COMPLETED,2025-01-27T17:28:00
CSH_CMP_202601689,CMP_202601689,ACC_001691,Z007,ATM_Z007_008,455215.53,COMPLETED,2025-05-31T16:24:00
CSH_CMP_202601690,CMP_202601690,ACC_000791,Z051,ATM_Z051_011,22745.25,COMPLETED,2025-02-15T18:54:00
CSH_CMP_202601691,CMP_202601691,ACC_001466,Z017,ATM_Z017_026,4522.66,COMPLETED,2025-06-01T16:49:00
CSH_CMP_202601692,CMP_202601692,ACC_002781,Z068,ATM_Z068_022,749488.15,COMPLETED,2025-01-13T18:04:00
CSH_CMP_202601693,CMP_202601693,ACC_001912,Z001,ATM_Z001_009,4699.05,COMPLETED,2025-03-23T15:55:00
CSH_CMP_202601694,CMP_202601694,ACC_002446,Z011,ATM_Z011_021,8933.07,COMPLETED,2025-04-07T15:38:00
CSH_CMP_202601695,CMP_202601695,ACC_001799,Z009,ATM_Z009_032,55191.62,COMPLETED,2025-01-12T17:00:00
CSH_CMP_202601696,CMP_202601696,ACC_002988,Z026,ATM_Z026_033,50641.75,COMPLETED,2025-02-21T17:10:00
CSH_CMP_202601697,CMP_202601697,ACC_000472,Z004,ATM_Z004_016,36814.85,COMPLETED,2025-03-01T15:31:00
CSH_CMP_202601698,CMP_202601698,ACC_001251,Z075,ATM_Z075_011,342231.35,COMPLETED,2025-03-14T15:47:00
CSH_CMP_202601699,CMP_202601699,ACC_002786,Z042,ATM_Z042_040,146786.23,COMPLETED,2025-03-09T22:51:00
CSH_CMP_202601700,CMP_202601700,ACC_001535,Z002,ATM_Z002_011,21317.85,COMPLETED,2025-03-26T08:02:00
CSH_CMP_202601701,CMP_202601701,ACC_001534,Z007,ATM_Z007_024,198701.81,COMPLETED,2025-03-25T20:12:00
CSH_CMP_202601702,CMP_202601702,ACC_002303,Z010,ATM_Z010_001,8780.1,COMPLETED,2025-04-03T13:34:00
CSH_CMP_202601703,CMP_202601703,ACC_002292,Z015,ATM_Z015_014,1415.25,COMPLETED,2025-02-23T16:29:00
CSH_CMP_202601704,CMP_202601704,ACC_002775,Z009,ATM_Z009_017,39077.33,COMPLETED,2025-04-15T04:23:00
CSH_CMP_202601705,CMP_202601705,ACC_001297,Z075,ATM_Z075_029,7106.59,COMPLETED,2025-04-30T09:27:00
CSH_CMP_202601706,CMP_202601706,ACC_000060,Z009,ATM_Z009_025,24159.65,COMPLETED,2025-02-01T11:21:00
CSH_CMP_202601707,CMP_202601707,ACC_001912,Z001,ATM_Z001_019,3788.02,COMPLETED,2025-04-21T12:51:00
CSH_CMP_202601708,CMP_202601708,ACC_001227,Z046,ATM_Z046_014,12280.56,COMPLETED,2025-06-17T21:20:00
CSH_CMP_202601709,CMP_202601709,ACC_000333,Z075,ATM_Z075_002,33029.99,COMPLETED,2025-05-15T14:42:00
CSH_CMP_202601710,CMP_202601710,ACC_002047,Z009,ATM_Z009_011,2824.13,COMPLETED,2025-05-20T11:18:00
CSH_CMP_202601711,CMP_202601711,ACC_001229,Z075,ATM_Z075_039,95742.03,COMPLETED,2025-05-10T17:23:00
CSH_CMP_202601712,CMP_202601712,ACC_002445,Z009,ATM_Z009_026,303798.88,COMPLETED,2025-04-29T20:48:00
CSH_CMP_202601713,CMP_202601713,ACC_000266,Z036,ATM_Z036_013,40084.25,COMPLETED,2025-05-25T13:15:00
CSH_CMP_202601714,CMP_202601714,ACC_001023,Z006,ATM_Z006_001,25152.98,COMPLETED,2025-06-25T14:18:00
CSH_CMP_202601715,CMP_202601715,ACC_000003,Z009,ATM_Z009_025,36629.38,COMPLETED,2025-05-10T13:59:00
CSH_CMP_202601716,CMP_202601716,ACC_000785,Z038,ATM_Z038_007,49570.87,COMPLETED,2025-04-19T20:12:00
CSH_CMP_202601717,CMP_202601717,ACC_002227,Z009,ATM_Z009_030,5702.04,COMPLETED,2025-06-04T17:53:00
CSH_CMP_202601718,CMP_202601718,ACC_001534,Z041,ATM_Z041_035,14074.06,COMPLETED,2025-03-11T15:12:00
CSH_CMP_202601719,CMP_202601719,ACC_001025,Z006,ATM_Z006_041,3864.29,COMPLETED,2025-06-12T18:21:00
CSH_CMP_202601720,CMP_202601720,ACC_001912,Z001,ATM_Z001_014,11741.63,COMPLETED,2025-06-12T12:53:00
CSH_CMP_202601721,CMP_202601721,ACC_001229,Z003,ATM_Z003_032,2041.11,COMPLETED,2025-06-14T14:44:00
CSH_CMP_202601722,CMP_202601722,ACC_001536,Z007,ATM_Z007_008,19041.14,COMPLETED,2025-03-02T04:51:00
CSH_CMP_202601723,CMP_202601723,ACC_002811,Z033,ATM_Z033_016,191408.83,COMPLETED,2025-04-10T17:31:00
CSH_CMP_202601724,CMP_202601724,ACC_000330,Z032,ATM_Z032_028,2356.93,COMPLETED,2025-05-20T07:43:00
CSH_CMP_202601725,CMP_202601725,ACC_000782,Z026,ATM_Z026_029,1881.27,COMPLETED,2025-03-22T13:07:00
CSH_CMP_202601726,CMP_202601726,ACC_002289,Z010,ATM_Z010_028,5039.29,COMPLETED,2025-04-15T13:34:00
CSH_CMP_202601727,CMP_202601727,ACC_000072,Z015,ATM_Z015_031,10024.76,COMPLETED,2025-04-03T16:39:00
CSH_CMP_202601728,CMP_202601728,ACC_000330,Z032,ATM_Z032_047,20103.47,COMPLETED,2025-06-15T19:39:00
CSH_CMP_202601729,CMP_202601729,ACC_000356,Z010,ATM_Z010_011,5352.89,COMPLETED,2025-01-25T07:59:00
CSH_CMP_202601730,CMP_202601730,ACC_000264,Z009,ATM_Z009_049,18718.82,COMPLETED,2025-04-06T14:05:00
CSH_CMP_202601731,CMP_202601731,ACC_003040,Z026,ATM_Z026_006,3921.36,COMPLETED,2025-05-07T14:39:00
CSH_CMP_202601732,CMP_202601732,ACC_000139,Z015,ATM_Z015_044,3082.44,COMPLETED,2025-02-10T19:34:00
CSH_CMP_202601733,CMP_202601733,ACC_000782,Z026,ATM_Z026_039,9346.57,COMPLETED,2025-05-16T13:02:00
CSH_CMP_202601734,CMP_202601734,ACC_001229,Z004,ATM_Z004_032,471661.1,COMPLETED,2025-03-17T11:00:00
CSH_CMP_202601735,CMP_202601735,ACC_002294,Z015,ATM_Z015_037,2524.36,COMPLETED,2025-01-14T11:31:00
CSH_CMP_202601736,CMP_202601736,ACC_002775,Z009,ATM_Z009_029,23728.41,COMPLETED,2025-04-26T10:58:00
CSH_CMP_202601737,CMP_202601737,ACC_001553,Z001,ATM_Z001_017,43108.31,COMPLETED,2025-02-14T13:26:00
CSH_CMP_202601738,CMP_202601738,ACC_000266,Z006,ATM_Z006_005,22252.56,COMPLETED,2025-05-09T07:49:00
CSH_CMP_202601739,CMP_202601739,ACC_000007,Z009,ATM_Z009_025,8328.76,COMPLETED,2025-05-01T14:58:00
CSH_CMP_202601740,CMP_202601740,ACC_000790,Z003,ATM_Z003_045,210627.36,COMPLETED,2025-02-27T19:35:00
CSH_CMP_202601741,CMP_202601741,ACC_000035,Z016,ATM_Z016_005,34770.7,COMPLETED,2025-04-17T19:09:00
CSH_CMP_202601742,CMP_202601742,ACC_002224,Z017,ATM_Z017_029,32136.28,COMPLETED,2025-02-16T12:59:00
CSH_CMP_202601743,CMP_202601743,ACC_001227,Z046,ATM_Z046_017,11541.11,COMPLETED,2025-06-18T15:20:00
CSH_CMP_202601744,CMP_202601744,ACC_002297,Z010,ATM_Z010_024,2194.04,COMPLETED,2025-05-04T18:24:00
CSH_CMP_202601745,CMP_202601745,ACC_000613,Z058,ATM_Z058_046,46379.91,COMPLETED,2025-06-23T14:04:00
CSH_CMP_202601746,CMP_202601746,ACC_002984,Z004,ATM_Z004_007,33054.65,COMPLETED,2025-02-12T18:10:00
CSH_CMP_202601747,CMP_202601747,ACC_000923,Z003,ATM_Z003_025,10379.17,COMPLETED,2025-02-27T17:51:00
CSH_CMP_202601748,CMP_202601748,ACC_000084,Z003,ATM_Z003_020,1884.22,COMPLETED,2025-02-06T14:59:00
CSH_CMP_202601749,CMP_202601749,ACC_002235,Z017,ATM_Z017_023,14106.75,COMPLETED,2025-04-02T14:07:00
CSH_CMP_202601750,CMP_202601750,ACC_000063,Z015,ATM_Z015_032,65276.19,COMPLETED,2025-02-28T17:07:00
CSH_CMP_202601751,CMP_202601751,ACC_002781,Z008,ATM_Z008_019,141639.84,COMPLETED,2025-02-13T12:58:00
CSH_CMP_202601752,CMP_202601752,ACC_002269,Z017,ATM_Z017_038,1596.62,COMPLETED,2025-02-15T15:07:00
CSH_CMP_202601753,CMP_202601753,ACC_002289,Z010,ATM_Z010_001,2579.12,COMPLETED,2025-06-18T15:43:00
CSH_CMP_202601754,CMP_202601754,ACC_001941,Z012,ATM_Z012_042,2377.65,COMPLETED,2025-05-07T16:16:00
CSH_CMP_202601755,CMP_202601755,ACC_001536,Z043,ATM_Z043_004,11017.16,COMPLETED,2025-02-03T15:42:00
CSH_CMP_202601756,CMP_202601756,ACC_002309,Z010,ATM_Z010_013,2374.91,COMPLETED,2025-03-11T14:24:00
CSH_CMP_202601757,CMP_202601757,ACC_002294,Z010,ATM_Z010_028,23294.12,COMPLETED,2025-05-03T01:38:00
CSH_CMP_202601758,CMP_202601758,ACC_002444,Z002,ATM_Z002_015,22679.66,COMPLETED,2025-03-21T12:21:00
CSH_CMP_202601759,CMP_202601759,ACC_002778,Z008,ATM_Z008_046,10601.04,COMPLETED,2025-02-22T13:47:00
CSH_CMP_202601760,CMP_202601760,ACC_001534,Z002,ATM_Z002_004,675580.35,COMPLETED,2025-02-08T16:52:00
CSH_CMP_202601761,CMP_202601761,ACC_001229,Z004,ATM_Z004_029,1438.83,COMPLETED,2025-04-21T14:45:00
CSH_CMP_202601762,CMP_202601762,ACC_001919,Z009,ATM_Z009_002,4965.75,COMPLETED,2025-01-27T20:10:00
CSH_CMP_202601763,CMP_202601763,ACC_001534,Z001,ATM_Z001_010,3045.39,COMPLETED,2025-05-19T13:39:00
CSH_CMP_202601764,CMP_202601764,ACC_000472,Z002,ATM_Z002_012,26214.71,COMPLETED,2025-03-31T22:30:00
CSH_CMP_202601765,CMP_202601765,ACC_001232,Z035,ATM_Z035_049,81785.02,COMPLETED,2025-02-17T14:56:00
CSH_CMP_202601766,CMP_202601766,ACC_002444,Z002,ATM_Z002_029,148023.88,COMPLETED,2025-04-26T18:34:00
CSH_CMP_202601767,CMP_202601767,ACC_002648,Z009,ATM_Z009_014,82207.78,COMPLETED,2025-01-05T13:44:00
CSH_CMP_202601768,CMP_202601768,ACC_002224,Z017,ATM_Z017_033,81941.85,COMPLETED,2025-05-26T18:34:00
CSH_CMP_202601769,CMP_202601769,ACC_002441,Z015,ATM_Z015_032,6134.86,COMPLETED,2025-04-08T14:15:00
CSH_CMP_202601770,CMP_202601770,ACC_001534,Z002,ATM_Z002_044,6264.44,COMPLETED,2025-06-30T17:44:00
CSH_CMP_202601771,CMP_202601771,ACC_000002,Z009,ATM_Z009_049,114149.54,COMPLETED,2025-05-14T12:20:00
CSH_CMP_202601772,CMP_202601772,ACC_001296,Z003,ATM_Z003_018,13377.58,COMPLETED,2025-06-05T13:09:00
CSH_CMP_202601773,CMP_202601773,ACC_002244,Z050,ATM_Z050_038,50067.73,COMPLETED,2025-06-09T15:44:00
CSH_CMP_202601774,CMP_202601774,ACC_001534,Z002,ATM_Z002_027,20012.59,COMPLETED,2025-02-15T17:02:00
CSH_CMP_202601775,CMP_202601775,ACC_000472,Z010,ATM_Z010_039,19698.96,COMPLETED,2025-05-31T22:03:00
CSH_CMP_202601776,CMP_202601776,ACC_001917,Z002,ATM_Z002_045,531199.56,COMPLETED,2025-01-03T13:03:00
CSH_CMP_202601777,CMP_202601777,ACC_002444,Z009,ATM_Z009_024,582.71,COMPLETED,2025-05-17T15:02:00
CSH_CMP_202601778,CMP_202601778,ACC_000472,Z046,ATM_Z046_008,38188.81,COMPLETED,2025-03-07T12:49:00
CSH_CMP_202601779,CMP_202601779,ACC_001021,Z026,ATM_Z026_011,7939.4,COMPLETED,2025-05-03T18:57:00
CSH_CMP_202601780,CMP_202601780,ACC_002983,Z017,ATM_Z017_010,90432.45,COMPLETED,2025-04-03T11:08:00
CSH_CMP_202601781,CMP_202601781,ACC_000472,Z002,ATM_Z002_037,41488.94,COMPLETED,2025-06-28T11:41:00
CSH_CMP_202601782,CMP_202601782,ACC_002781,Z017,ATM_Z017_024,25727.47,COMPLETED,2025-04-22T09:50:00
CSH_CMP_202601783,CMP_202601783,ACC_002289,Z010,ATM_Z010_044,3041.59,COMPLETED,2025-04-23T13:18:00
CSH_CMP_202601784,CMP_202601784,ACC_000266,Z052,ATM_Z052_020,10170.79,COMPLETED,2025-02-21T12:46:00
CSH_CMP_202601785,CMP_202601785,ACC_002446,Z009,ATM_Z009_027,300542.58,COMPLETED,2025-04-24T18:07:00
CSH_CMP_202601786,CMP_202601786,ACC_000331,Z050,ATM_Z050_022,23341.34,COMPLETED,2025-03-02T07:35:00
CSH_CMP_202601787,CMP_202601787,ACC_001229,Z004,ATM_Z004_017,6682.27,COMPLETED,2025-02-19T16:58:00
CSH_CMP_202601788,CMP_202601788,ACC_002230,Z050,ATM_Z050_010,9224.04,COMPLETED,2025-05-31T15:37:00
CSH_CMP_202601789,CMP_202601789,ACC_001917,Z002,ATM_Z002_039,13982.07,COMPLETED,2025-01-04T18:43:00
CSH_CMP_202601790,CMP_202601790,ACC_000782,Z051,ATM_Z051_044,6424.22,COMPLETED,2025-02-15T15:15:00
CSH_CMP_202601791,CMP_202601791,ACC_001535,Z002,ATM_Z002_039,3441.92,COMPLETED,2025-04-09T15:12:00
CSH_CMP_202601792,CMP_202601792,ACC_002289,Z010,ATM_Z010_027,22669.5,COMPLETED,2025-06-30T22:18:00
CSH_CMP_202601793,CMP_202601793,ACC_000334,Z009,ATM_Z009_031,39825.3,COMPLETED,2025-05-31T12:33:00
CSH_CMP_202601794,CMP_202601794,ACC_001915,Z001,ATM_Z001_008,4960.13,COMPLETED,2025-04-07T14:07:00
CSH_CMP_202601795,CMP_202601795,ACC_000266,Z006,ATM_Z006_008,27705.41,COMPLETED,2025-06-08T22:39:00
CSH_CMP_202601796,CMP_202601796,ACC_001229,Z035,ATM_Z035_002,6220.13,COMPLETED,2025-02-15T11:00:00
CSH_CMP_202601797,CMP_202601797,ACC_001023,Z046,ATM_Z046_036,2471.18,COMPLETED,2025-03-08T10:26:00
CSH_CMP_202601798,CMP_202601798,ACC_002983,Z009,ATM_Z009_030,47217.16,COMPLETED,2025-05-28T10:54:00
CSH_CMP_202601799,CMP_202601799,ACC_002221,Z009,ATM_Z009_026,2457.35,COMPLETED,2025-03-24T08:31:00
CSH_CMP_202601800,CMP_202601800,ACC_000002,Z009,ATM_Z009_025,4201.74,COMPLETED,2025-02-06T21:46:00
CSH_CMP_202601801,CMP_202601801,ACC_000069,Z009,ATM_Z009_029,11853.28,COMPLETED,2025-01-10T15:14:00
CSH_CMP_202601802,CMP_202601802,ACC_000470,Z075,ATM_Z075_036,5022.8,COMPLETED,2025-03-17T06:16:00
CSH_CMP_202601803,CMP_202601803,ACC_000472,Z002,ATM_Z002_034,125532.96,COMPLETED,2025-02-06T14:11:00
CSH_CMP_202601804,CMP_202601804,ACC_000333,Z032,ATM_Z032_050,49037.24,COMPLETED,2025-04-11T06:41:00
CSH_CMP_202601805,CMP_202601805,ACC_002223,Z017,ATM_Z017_049,36502.71,COMPLETED,2025-05-11T19:02:00
CSH_CMP_202601806,CMP_202601806,ACC_002228,Z017,ATM_Z017_026,865.52,COMPLETED,2025-02-05T12:07:00
CSH_CMP_202601807,CMP_202601807,ACC_002253,Z017,ATM_Z017_015,45128.82,COMPLETED,2025-06-22T14:51:00
CSH_CMP_202601808,CMP_202601808,ACC_001023,Z046,ATM_Z046_047,7003.26,COMPLETED,2025-02-28T12:52:00
CSH_CMP_202601809,CMP_202601809,ACC_002289,Z010,ATM_Z010_013,2726.57,COMPLETED,2025-01-30T11:22:00
CSH_CMP_202601810,CMP_202601810,ACC_000782,Z051,ATM_Z051_003,16772.0,COMPLETED,2025-02-04T15:28:00
CSH_CMP_202601811,CMP_202601811,ACC_002445,Z002,ATM_Z002_008,58155.22,COMPLETED,2025-05-14T17:44:00
CSH_CMP_202601812,CMP_202601812,ACC_001231,Z075,ATM_Z075_029,32755.5,COMPLETED,2025-01-04T11:37:00
CSH_CMP_202601813,CMP_202601813,ACC_001025,Z046,ATM_Z046_036,2830.4,COMPLETED,2025-05-20T08:36:00
CSH_CMP_202601814,CMP_202601814,ACC_000060,Z015,ATM_Z015_002,43225.68,COMPLETED,2025-06-07T12:29:00
CSH_CMP_202601815,CMP_202601815,ACC_002443,Z011,ATM_Z011_025,94798.2,COMPLETED,2025-04-19T11:58:00
CSH_CMP_202601816,CMP_202601816,ACC_000474,Z002,ATM_Z002_004,21250.53,COMPLETED,2025-04-15T23:51:00
CSH_CMP_202601817,CMP_202601817,ACC_002289,Z010,ATM_Z010_030,17117.27,COMPLETED,2025-06-16T18:05:00
CSH_CMP_202601818,CMP_202601818,ACC_002983,Z026,ATM_Z026_041,38726.99,COMPLETED,2025-05-29T20:19:00
CSH_CMP_202601819,CMP_202601819,ACC_000782,Z051,ATM_Z051_037,175827.67,COMPLETED,2025-03-03T06:43:00
CSH_CMP_202601820,CMP_202601820,ACC_002446,Z009,ATM_Z009_019,35433.09,COMPLETED,2025-02-17T10:29:00
CSH_CMP_202601821,CMP_202601821,ACC_000009,Z016,ATM_Z016_038,10783.34,COMPLETED,2025-06-13T11:49:00
CSH_CMP_202601822,CMP_202601822,ACC_002785,Z009,ATM_Z009_023,326809.82,COMPLETED,2025-01-05T14:36:00
CSH_CMP_202601823,CMP_202601823,ACC_001232,Z003,ATM_Z003_030,67807.31,COMPLETED,2025-03-31T11:23:00
CSH_CMP_202601824,CMP_202601824,ACC_001916,Z001,ATM_Z001_037,204964.37,COMPLETED,2025-04-07T16:11:00
CSH_CMP_202601825,CMP_202601825,ACC_002223,Z009,ATM_Z009_048,21286.05,COMPLETED,2025-04-15T17:13:00
CSH_CMP_202601826,CMP_202601826,ACC_001024,Z006,ATM_Z006_017,11466.96,COMPLETED,2025-06-10T15:18:00
CSH_CMP_202601827,CMP_202601827,ACC_000893,Z025,ATM_Z025_019,35326.81,COMPLETED,2025-04-29T10:00:00
CSH_CMP_202601828,CMP_202601828,ACC_000060,Z009,ATM_Z009_030,25872.81,COMPLETED,2025-06-22T20:00:00
CSH_CMP_202601829,CMP_202601829,ACC_001109,Z006,ATM_Z006_023,7143.14,COMPLETED,2025-04-24T15:28:00
CSH_CMP_202601830,CMP_202601830,ACC_002443,Z002,ATM_Z002_038,34682.23,COMPLETED,2025-04-26T14:23:00
CSH_CMP_202601831,CMP_202601831,ACC_000268,Z006,ATM_Z006_039,22661.43,COMPLETED,2025-03-01T13:13:00
CSH_CMP_202601832,CMP_202601832,ACC_000472,Z004,ATM_Z004_007,38869.38,COMPLETED,2025-02-19T10:51:00
CSH_CMP_202601833,CMP_202601833,ACC_001023,Z006,ATM_Z006_046,7864.5,COMPLETED,2025-01-03T15:09:00
CSH_CMP_202601834,CMP_202601834,ACC_000266,Z070,ATM_Z070_030,16555.44,COMPLETED,2025-01-17T17:30:00
CSH_CMP_202601835,CMP_202601835,ACC_000334,Z010,ATM_Z010_008,0.0,FROZEN,2025-01-21T14:31:00
CSH_CMP_202601836,CMP_202601836,ACC_002223,Z017,ATM_Z017_045,143680.59,COMPLETED,2025-03-15T19:53:00
CSH_CMP_202601837,CMP_202601837,ACC_000328,Z006,ATM_Z006_020,6489.26,COMPLETED,2025-01-27T22:13:00
CSH_CMP_202601838,CMP_202601838,ACC_000060,Z015,ATM_Z015_031,11435.59,COMPLETED,2025-04-27T19:44:00
CSH_CMP_202601839,CMP_202601839,ACC_000267,Z052,ATM_Z052_012,4747.6,COMPLETED,2025-05-16T12:50:00
CSH_CMP_202601840,CMP_202601840,ACC_002443,Z011,ATM_Z011_041,9822.05,COMPLETED,2025-01-25T14:43:00
CSH_CMP_202601841,CMP_202601841,ACC_000475,Z046,ATM_Z046_045,9215.64,COMPLETED,2025-06-23T12:18:00
CSH_CMP_202601842,CMP_202601842,ACC_001089,Z046,ATM_Z046_017,17655.4,COMPLETED,2025-01-08T17:57:00
CSH_CMP_202601843,CMP_202601843,ACC_000472,Z002,ATM_Z002_020,5401.65,COMPLETED,2025-02-10T11:30:00
CSH_CMP_202601844,CMP_202601844,ACC_001551,Z007,ATM_Z007_031,80354.67,COMPLETED,2025-02-17T09:19:00
CSH_CMP_202601845,CMP_202601845,ACC_002983,Z032,ATM_Z032_044,10132.15,COMPLETED,2025-04-26T23:55:00
CSH_CMP_202601846,CMP_202601846,ACC_000347,Z009,ATM_Z009_024,68103.92,COMPLETED,2025-04-17T07:00:00
CSH_CMP_202601847,CMP_202601847,ACC_001927,Z049,ATM_Z049_038,119726.75,COMPLETED,2025-03-28T21:19:00
CSH_CMP_202601848,CMP_202601848,ACC_001534,Z007,ATM_Z007_041,2087.95,COMPLETED,2025-04-12T06:20:00
CSH_CMP_202601849,CMP_202601849,ACC_000266,Z006,ATM_Z006_030,16000.98,COMPLETED,2025-01-03T08:46:00
CSH_CMP_202601850,CMP_202601850,ACC_002984,Z026,ATM_Z026_024,1455.16,COMPLETED,2025-05-09T14:41:00
CSH_CMP_202601851,CMP_202601851,ACC_000796,Z038,ATM_Z038_021,6540.71,COMPLETED,2025-05-14T13:38:00
CSH_CMP_202601852,CMP_202601852,ACC_001229,Z075,ATM_Z075_029,7188.4,COMPLETED,2025-06-10T11:48:00
CSH_CMP_202601853,CMP_202601853,ACC_001023,Z046,ATM_Z046_033,50747.42,COMPLETED,2025-06-27T11:27:00
CSH_CMP_202601854,CMP_202601854,ACC_000068,Z009,ATM_Z009_022,17385.28,COMPLETED,2025-02-28T14:55:00
CSH_CMP_202601855,CMP_202601855,ACC_001273,Z004,ATM_Z004_038,21333.82,COMPLETED,2025-03-09T15:05:00
CSH_CMP_202601856,CMP_202601856,ACC_000443,Z006,ATM_Z006_015,17232.09,COMPLETED,2025-05-20T12:01:00
CSH_CMP_202601857,CMP_202601857,ACC_000491,Z031,ATM_Z031_029,6901.27,COMPLETED,2025-03-27T17:29:00
CSH_CMP_202601858,CMP_202601858,ACC_001915,Z009,ATM_Z009_023,58027.61,COMPLETED,2025-02-10T18:51:00
CSH_CMP_202601859,CMP_202601859,ACC_001230,Z007,ATM_Z007_019,113575.74,COMPLETED,2025-04-24T09:53:00
CSH_CMP_202601860,CMP_202601860,ACC_000084,Z015,ATM_Z015_002,3414.13,COMPLETED,2025-05-05T10:33:00
CSH_CMP_202601861,CMP_202601861,ACC_000669,Z068,ATM_Z068_020,634591.2,COMPLETED,2025-03-27T12:34:00
CSH_CMP_202601862,CMP_202601862,ACC_000330,Z009,ATM_Z009_028,30362.31,COMPLETED,2025-05-31T13:41:00
CSH_CMP_202601863,CMP_202601863,ACC_000359,Z009,ATM_Z009_004,0.0,FROZEN,2025-02-01T15:08:00
CSH_CMP_202601864,CMP_202601864,ACC_002225,Z050,ATM_Z050_030,11811.24,COMPLETED,2025-03-08T14:42:00
CSH_CMP_202601865,CMP_202601865,ACC_002778,Z032,ATM_Z032_040,759089.84,COMPLETED,2025-05-21T11:45:00
CSH_CMP_202601866,CMP_202601866,ACC_000264,Z072,ATM_Z072_042,6549.3,COMPLETED,2025-01-02T15:58:00
CSH_CMP_202601867,CMP_202601867,ACC_002225,Z050,ATM_Z050_026,5714.69,COMPLETED,2025-05-07T12:57:00
CSH_CMP_202601868,CMP_202601868,ACC_001229,Z075,ATM_Z075_049,12409.12,COMPLETED,2025-06-27T12:55:00
CSH_CMP_202601869,CMP_202601869,ACC_001229,Z004,ATM_Z004_005,179434.02,COMPLETED,2025-05-13T17:41:00
CSH_CMP_202601870,CMP_202601870,ACC_001024,Z046,ATM_Z046_010,10707.98,COMPLETED,2025-05-24T15:57:00
CSH_CMP_202601871,CMP_202601871,ACC_002289,Z015,ATM_Z015_004,655.76,COMPLETED,2025-03-19T09:39:00
CSH_CMP_202601872,CMP_202601872,ACC_002983,Z017,ATM_Z017_013,7866.83,COMPLETED,2025-06-29T14:54:00
CSH_CMP_202601873,CMP_202601873,ACC_000060,Z009,ATM_Z009_029,37604.96,COMPLETED,2025-03-18T15:45:00
CSH_CMP_202601874,CMP_202601874,ACC_002797,Z008,ATM_Z008_006,213514.17,COMPLETED,2025-02-20T13:08:00
CSH_CMP_202601875,CMP_202601875,ACC_001227,Z006,ATM_Z006_005,15619.68,COMPLETED,2025-05-28T19:04:00
CSH_CMP_202601876,CMP_202601876,ACC_002223,Z009,ATM_Z009_049,1196.56,COMPLETED,2025-03-04T20:10:00
CSH_CMP_202601877,CMP_202601877,ACC_001910,Z007,ATM_Z007_022,1188.11,COMPLETED,2025-06-30T21:13:00
CSH_CMP_202601878,CMP_202601878,ACC_002287,Z050,ATM_Z050_033,1013.47,COMPLETED,2025-02-02T14:54:00
CSH_CMP_202601879,CMP_202601879,ACC_002780,Z068,ATM_Z068_043,892176.61,COMPLETED,2025-01-05T11:29:00
CSH_CMP_202601880,CMP_202601880,ACC_002986,Z026,ATM_Z026_025,15399.88,COMPLETED,2025-04-17T11:22:00
CSH_CMP_202601881,CMP_202601881,ACC_000472,Z002,ATM_Z002_044,38081.28,COMPLETED,2025-03-11T12:12:00
CSH_CMP_202601882,CMP_202601882,ACC_000005,Z009,ATM_Z009_044,4441.04,COMPLETED,2025-02-12T18:33:00
CSH_CMP_202601883,CMP_202601883,ACC_000330,Z032,ATM_Z032_039,8287.91,COMPLETED,2025-03-03T20:08:00
CSH_CMP_202601884,CMP_202601884,ACC_001248,Z035,ATM_Z035_005,50645.89,COMPLETED,2025-03-30T21:10:00
CSH_CMP_202601885,CMP_202601885,ACC_000006,Z009,ATM_Z009_024,11197.72,COMPLETED,2025-01-21T17:59:00
CSH_CMP_202601886,CMP_202601886,ACC_002261,Z009,ATM_Z009_009,8531.27,COMPLETED,2025-03-16T22:14:00
CSH_CMP_202601887,CMP_202601887,ACC_001957,Z009,ATM_Z009_006,2676.17,COMPLETED,2025-06-19T16:53:00
CSH_CMP_202601888,CMP_202601888,ACC_002984,Z017,ATM_Z017_040,8878.0,COMPLETED,2025-01-18T14:08:00
CSH_CMP_202601889,CMP_202601889,ACC_002223,Z017,ATM_Z017_005,1319.33,COMPLETED,2025-04-12T20:17:00
CSH_CMP_202601890,CMP_202601890,ACC_002289,Z015,ATM_Z015_004,23185.8,COMPLETED,2025-06-12T11:11:00
CSH_CMP_202601891,CMP_202601891,ACC_002784,Z056,ATM_Z056_003,216986.46,COMPLETED,2025-01-18T17:24:00
CSH_CMP_202601892,CMP_202601892,ACC_001535,Z001,ATM_Z001_017,39689.68,COMPLETED,2025-03-17T18:47:00
CSH_CMP_202601893,CMP_202601893,ACC_000472,Z046,ATM_Z046_004,5206.55,COMPLETED,2025-01-10T14:49:00
CSH_CMP_202601894,CMP_202601894,ACC_001229,Z003,ATM_Z003_030,5777.84,COMPLETED,2025-05-09T09:58:00
CSH_CMP_202601895,CMP_202601895,ACC_002231,Z017,ATM_Z017_015,17721.78,COMPLETED,2025-03-26T17:54:00
CSH_CMP_202601896,CMP_202601896,ACC_002443,Z009,ATM_Z009_040,22368.04,COMPLETED,2025-06-10T15:15:00
CSH_CMP_202601897,CMP_202601897,ACC_001994,Z001,ATM_Z001_017,25467.22,COMPLETED,2025-05-04T18:11:00
CSH_CMP_202601898,CMP_202601898,ACC_001913,Z002,ATM_Z002_019,9856.84,COMPLETED,2025-01-07T10:23:00
CSH_CMP_202601899,CMP_202601899,ACC_002443,Z002,ATM_Z002_012,44371.35,COMPLETED,2025-02-23T12:03:00
CSH_CMP_202601900,CMP_202601900,ACC_001227,Z071,ATM_Z071_041,22026.37,COMPLETED,2025-01-08T18:19:00
CSH_CMP_202601901,CMP_202601901,ACC_002224,Z009,ATM_Z009_015,100554.85,COMPLETED,2025-06-26T17:54:00
CSH_CMP_202601902,CMP_202601902,ACC_000003,Z016,ATM_Z016_001,19788.8,COMPLETED,2025-06-24T10:15:00
CSH_CMP_202601903,CMP_202601903,ACC_001913,Z049,ATM_Z049_028,23395.04,COMPLETED,2025-06-18T15:35:00
CSH_CMP_202601904,CMP_202601904,ACC_001612,Z001,ATM_Z001_041,2265.1,COMPLETED,2025-02-19T16:54:00
CSH_CMP_202601905,CMP_202601905,ACC_002289,Z010,ATM_Z010_003,9810.84,COMPLETED,2025-02-26T15:54:00
CSH_CMP_202601906,CMP_202601906,ACC_000331,Z002,ATM_Z002_047,24652.86,COMPLETED,2025-06-18T18:01:00
CSH_CMP_202601907,CMP_202601907,ACC_002224,Z009,ATM_Z009_023,3960.06,COMPLETED,2025-02-06T14:41:00
CSH_CMP_202601908,CMP_202601908,ACC_002225,Z017,ATM_Z017_028,6071.29,COMPLETED,2025-02-28T11:27:00
CSH_CMP_202601909,CMP_202601909,ACC_000290,Z006,ATM_Z006_035,111746.48,COMPLETED,2025-06-28T07:54:00
CSH_CMP_202601910,CMP_202601910,ACC_000002,Z016,ATM_Z016_019,4086.84,COMPLETED,2025-06-13T08:00:00
CSH_CMP_202601911,CMP_202601911,ACC_001229,Z035,ATM_Z035_047,7743.84,COMPLETED,2025-06-29T10:48:00
CSH_CMP_202601912,CMP_202601912,ACC_000780,Z051,ATM_Z051_026,3656.5,COMPLETED,2025-06-04T22:00:00
CSH_CMP_202601913,CMP_202601913,ACC_000332,Z010,ATM_Z010_020,46800.61,COMPLETED,2025-03-07T14:12:00
CSH_CMP_202601914,CMP_202601914,ACC_001024,Z006,ATM_Z006_021,3921.98,COMPLETED,2025-05-13T15:07:00
CSH_CMP_202601915,CMP_202601915,ACC_000485,Z004,ATM_Z004_020,9135.63,COMPLETED,2025-06-10T14:23:00
CSH_CMP_202601916,CMP_202601916,ACC_000122,Z015,ATM_Z015_013,11332.67,COMPLETED,2025-06-20T12:24:00
CSH_CMP_202601917,CMP_202601917,ACC_000782,Z047,ATM_Z047_009,14029.23,COMPLETED,2025-05-20T01:09:00
CSH_CMP_202601918,CMP_202601918,ACC_000474,Z004,ATM_Z004_050,91535.68,COMPLETED,2025-01-04T17:42:00
CSH_CMP_202601919,CMP_202601919,ACC_001913,Z049,ATM_Z049_036,18216.36,COMPLETED,2025-01-09T16:18:00
CSH_CMP_202601920,CMP_202601920,ACC_002420,Z026,ATM_Z026_032,26391.03,COMPLETED,2025-02-04T15:52:00
CSH_CMP_202601921,CMP_202601921,ACC_001649,Z002,ATM_Z002_021,45152.86,COMPLETED,2025-05-15T16:32:00
CSH_CMP_202601922,CMP_202601922,ACC_001543,Z002,ATM_Z002_009,5211.86,COMPLETED,2025-01-09T08:54:00
CSH_CMP_202601923,CMP_202601923,ACC_001535,Z007,ATM_Z007_036,414386.6,COMPLETED,2025-03-02T19:25:00
CSH_CMP_202601924,CMP_202601924,ACC_002864,Z016,ATM_Z016_030,3061.82,COMPLETED,2025-05-20T14:37:00
CSH_CMP_202601925,CMP_202601925,ACC_001607,Z007,ATM_Z007_001,324645.92,COMPLETED,2025-04-12T18:35:00
CSH_CMP_202601926,CMP_202601926,ACC_001229,Z004,ATM_Z004_047,3639.1,COMPLETED,2025-05-19T13:48:00
CSH_CMP_202601927,CMP_202601927,ACC_000328,Z052,ATM_Z052_020,12452.31,COMPLETED,2025-02-09T17:57:00
CSH_CMP_202601928,CMP_202601928,ACC_001912,Z009,ATM_Z009_016,331614.42,COMPLETED,2025-02-21T08:55:00
CSH_CMP_202601929,CMP_202601929,ACC_000782,Z003,ATM_Z003_024,28004.96,COMPLETED,2025-05-10T17:36:00
CSH_CMP_202601930,CMP_202601930,ACC_000330,Z002,ATM_Z002_030,48171.43,COMPLETED,2025-05-31T18:03:00
CSH_CMP_202601931,CMP_202601931,ACC_001913,Z049,ATM_Z049_035,30453.97,COMPLETED,2025-06-16T16:50:00
CSH_CMP_202601932,CMP_202601932,ACC_002289,Z064,ATM_Z064_043,7923.25,COMPLETED,2025-05-31T20:35:00
CSH_CMP_202601933,CMP_202601933,ACC_001872,Z036,ATM_Z036_019,25907.45,COMPLETED,2025-05-23T23:24:00
CSH_CMP_202601934,CMP_202601934,ACC_002928,Z068,ATM_Z068_041,27267.92,COMPLETED,2025-04-25T18:47:00
CSH_CMP_202601935,CMP_202601935,ACC_001030,Z046,ATM_Z046_007,21451.85,COMPLETED,2025-06-29T18:17:00
CSH_CMP_202601936,CMP_202601936,ACC_000782,Z038,ATM_Z038_040,7891.97,COMPLETED,2025-01-29T17:07:00
CSH_CMP_202601937,CMP_202601937,ACC_002287,Z017,ATM_Z017_019,9532.24,COMPLETED,2025-05-05T00:36:00
CSH_CMP_202601938,CMP_202601938,ACC_001535,Z001,ATM_Z001_002,56667.4,COMPLETED,2025-03-15T10:20:00
CSH_CMP_202601939,CMP_202601939,ACC_001082,Z009,ATM_Z009_011,417286.51,COMPLETED,2025-01-10T18:26:00
CSH_CMP_202601940,CMP_202601940,ACC_000335,Z002,ATM_Z002_024,17899.6,COMPLETED,2025-05-25T14:08:00
CSH_CMP_202601941,CMP_202601941,ACC_002291,Z010,ATM_Z010_020,15787.01,COMPLETED,2025-02-05T09:34:00
CSH_CMP_202601942,CMP_202601942,ACC_002777,Z009,ATM_Z009_019,605092.98,COMPLETED,2025-01-29T14:57:00
CSH_CMP_202601943,CMP_202601943,ACC_000472,Z002,ATM_Z002_039,0.0,FROZEN,2025-03-15T18:17:00
CSH_CMP_202601944,CMP_202601944,ACC_002984,Z026,ATM_Z026_037,58157.93,COMPLETED,2025-01-17T16:53:00
CSH_CMP_202601945,CMP_202601945,ACC_000472,Z046,ATM_Z046_025,7429.21,COMPLETED,2025-05-28T17:48:00
CSH_CMP_202601946,CMP_202601946,ACC_000004,Z009,ATM_Z009_045,8235.17,COMPLETED,2025-06-09T19:59:00
CSH_CMP_202601947,CMP_202601947,ACC_001910,Z001,ATM_Z001_034,1731.08,COMPLETED,2025-02-24T12:37:00
CSH_CMP_202601948,CMP_202601948,ACC_002287,Z017,ATM_Z017_021,6965.99,COMPLETED,2025-04-09T16:28:00
CSH_CMP_202601949,CMP_202601949,ACC_000333,Z002,ATM_Z002_028,34394.07,COMPLETED,2025-04-18T16:13:00
CSH_CMP_202601950,CMP_202601950,ACC_001915,Z001,ATM_Z001_048,16353.46,COMPLETED,2025-05-25T16:25:00
CSH_CMP_202601951,CMP_202601951,ACC_000303,Z036,ATM_Z036_007,34616.97,COMPLETED,2025-03-23T16:25:00
CSH_CMP_202601952,CMP_202601952,ACC_002661,Z027,ATM_Z027_016,6435.12,COMPLETED,2025-05-12T14:46:00
CSH_CMP_202601953,CMP_202601953,ACC_002290,Z010,ATM_Z010_010,3423.29,COMPLETED,2025-03-13T14:01:00
CSH_CMP_202601954,CMP_202601954,ACC_000061,Z015,ATM_Z015_031,10026.98,COMPLETED,2025-03-10T12:36:00
CSH_CMP_202601955,CMP_202601955,ACC_000266,Z036,ATM_Z036_011,6117.39,COMPLETED,2025-05-10T13:33:00
CSH_CMP_202601956,CMP_202601956,ACC_001309,Z046,ATM_Z046_003,8233.48,COMPLETED,2025-03-04T12:30:00
CSH_CMP_202601957,CMP_202601957,ACC_001091,Z009,ATM_Z009_009,49134.53,COMPLETED,2025-01-30T18:35:00
CSH_CMP_202601958,CMP_202601958,ACC_001532,Z004,ATM_Z004_020,12090.58,COMPLETED,2025-02-21T00:05:00
CSH_CMP_202601959,CMP_202601959,ACC_001539,Z001,ATM_Z001_030,81755.59,COMPLETED,2025-05-24T19:33:00
CSH_CMP_202601960,CMP_202601960,ACC_001912,Z002,ATM_Z002_023,12582.03,COMPLETED,2025-04-14T20:21:00
CSH_CMP_202601961,CMP_202601961,ACC_002445,Z002,ATM_Z002_026,15517.7,COMPLETED,2025-06-02T09:34:00
CSH_CMP_202601962,CMP_202601962,ACC_002786,Z042,ATM_Z042_004,377505.06,COMPLETED,2025-02-04T17:36:00
CSH_CMP_202601963,CMP_202601963,ACC_001024,Z046,ATM_Z046_036,8404.1,COMPLETED,2025-05-27T14:51:00
CSH_CMP_202601964,CMP_202601964,ACC_001024,Z046,ATM_Z046_009,1126.77,COMPLETED,2025-02-06T12:25:00
CSH_CMP_202601965,CMP_202601965,ACC_001240,Z003,ATM_Z003_027,3863.13,COMPLETED,2025-05-20T16:04:00
CSH_CMP_202601966,CMP_202601966,ACC_002289,Z015,ATM_Z015_016,18389.24,COMPLETED,2025-03-15T12:47:00
CSH_CMP_202601967,CMP_202601967,ACC_001023,Z046,ATM_Z046_027,3043.04,COMPLETED,2025-05-05T06:27:00
CSH_CMP_202601968,CMP_202601968,ACC_000061,Z009,ATM_Z009_013,13677.93,COMPLETED,2025-04-20T17:56:00
CSH_CMP_202601969,CMP_202601969,ACC_001534,Z007,ATM_Z007_039,24852.51,COMPLETED,2025-06-26T12:34:00
CSH_CMP_202601970,CMP_202601970,ACC_000266,Z052,ATM_Z052_033,18461.55,COMPLETED,2025-02-11T08:45:00
CSH_CMP_202601971,CMP_202601971,ACC_002984,Z017,ATM_Z017_017,7554.44,COMPLETED,2025-02-11T12:41:00
CSH_CMP_202601972,CMP_202601972,ACC_002443,Z011,ATM_Z011_045,17115.28,COMPLETED,2025-04-24T14:55:00
CSH_CMP_202601973,CMP_202601973,ACC_001916,Z049,ATM_Z049_004,9758.56,COMPLETED,2025-02-20T12:07:00
CSH_CMP_202601974,CMP_202601974,ACC_001549,Z007,ATM_Z007_001,5739.93,COMPLETED,2025-03-30T14:00:00
CSH_CMP_202601975,CMP_202601975,ACC_000004,Z016,ATM_Z016_048,1392.93,COMPLETED,2025-05-24T10:57:00
CSH_CMP_202601976,CMP_202601976,ACC_001916,Z001,ATM_Z001_036,858209.95,COMPLETED,2025-05-21T13:39:00
CSH_CMP_202601977,CMP_202601977,ACC_002224,Z017,ATM_Z017_049,14470.2,COMPLETED,2025-02-04T13:13:00
CSH_CMP_202601978,CMP_202601978,ACC_002785,Z009,ATM_Z009_017,36670.17,COMPLETED,2025-04-16T09:10:00
CSH_CMP_202601979,CMP_202601979,ACC_000002,Z009,ATM_Z009_018,46476.83,COMPLETED,2025-05-26T19:46:00
CSH_CMP_202601980,CMP_202601980,ACC_002786,Z056,ATM_Z056_031,677226.99,COMPLETED,2025-02-05T17:33:00
CSH_CMP_202601981,CMP_202601981,ACC_000264,Z009,ATM_Z009_035,2958.56,COMPLETED,2025-03-10T12:35:00
CSH_CMP_202601982,CMP_202601982,ACC_000330,Z032,ATM_Z032_019,2684.81,COMPLETED,2025-03-03T16:21:00
CSH_CMP_202601983,CMP_202601983,ACC_000266,Z052,ATM_Z052_047,4708.25,COMPLETED,2025-01-10T11:35:00
CSH_CMP_202601984,CMP_202601984,ACC_000060,Z009,ATM_Z009_038,3563.79,COMPLETED,2025-02-04T11:47:00
CSH_CMP_202601985,CMP_202601985,ACC_000060,Z015,ATM_Z015_030,19229.35,COMPLETED,2025-04-24T01:04:00
CSH_CMP_202601986,CMP_202601986,ACC_000002,Z009,ATM_Z009_003,12444.48,COMPLETED,2025-06-25T15:43:00
CSH_CMP_202601987,CMP_202601987,ACC_001023,Z046,ATM_Z046_037,33225.49,COMPLETED,2025-04-21T16:01:00
CSH_CMP_202601988,CMP_202601988,ACC_000785,Z038,ATM_Z038_014,40915.17,COMPLETED,2025-02-03T16:32:00
CSH_CMP_202601989,CMP_202601989,ACC_002443,Z002,ATM_Z002_041,3148.14,COMPLETED,2025-03-09T14:35:00
CSH_CMP_202601990,CMP_202601990,ACC_000490,Z002,ATM_Z002_010,3361.23,COMPLETED,2025-03-23T07:55:00
CSH_CMP_202601991,CMP_202601991,ACC_000782,Z051,ATM_Z051_036,4565.66,COMPLETED,2025-05-20T13:57:00
CSH_CMP_202601992,CMP_202601992,ACC_001534,Z007,ATM_Z007_038,24427.76,COMPLETED,2025-06-06T14:46:00
CSH_CMP_202601993,CMP_202601993,ACC_002290,Z015,ATM_Z015_011,23601.66,COMPLETED,2025-03-02T08:41:00
CSH_CMP_202601994,CMP_202601994,ACC_002785,Z068,ATM_Z068_023,499907.67,COMPLETED,2025-01-29T12:10:00
CSH_CMP_202601995,CMP_202601995,ACC_000780,Z004,ATM_Z004_026,57421.22,COMPLETED,2025-03-26T13:02:00
CSH_CMP_202601996,CMP_202601996,ACC_002981,Z068,ATM_Z068_013,35156.8,COMPLETED,2025-05-21T16:50:00
CSH_CMP_202601997,CMP_202601997,ACC_000002,Z065,ATM_Z065_040,41309.52,COMPLETED,2025-05-07T11:49:00
CSH_CMP_202601998,CMP_202601998,ACC_002459,Z011,ATM_Z011_023,158106.19,COMPLETED,2025-01-22T14:14:00
CSH_CMP_202601999,CMP_202601999,ACC_001232,Z035,ATM_Z035_025,15835.31,COMPLETED,2025-01-15T17:41:00
CSH_CMP_202602000,CMP_202602000,ACC_002225,Z017,ATM_Z017_050,7226.9,COMPLETED,2025-06-24T13:24:00
CSH_CMP_202602001,CMP_202602001,ACC_001534,Z002,ATM_Z002_045,86674.96,COMPLETED,2025-02-22T19:15:00
CSH_CMP_202602002,CMP_202602002,ACC_001024,Z006,ATM_Z006_041,2068.43,COMPLETED,2025-04-20T14:47:00
CSH_CMP_202602003,CMP_202602003,ACC_001912,Z001,ATM_Z001_045,274620.49,COMPLETED,2025-01-13T12:18:00
CSH_CMP_202602004,CMP_202602004,ACC_000269,Z052,ATM_Z052_016,17363.28,COMPLETED,2025-04-13T10:23:00
CSH_CMP_202602005,CMP_202602005,ACC_000266,Z052,ATM_Z052_045,7595.42,COMPLETED,2025-04-24T10:33:00
CSH_CMP_202602006,CMP_202602006,ACC_002251,Z017,ATM_Z017_038,26219.55,COMPLETED,2025-02-18T10:36:00
CSH_CMP_202602007,CMP_202602007,ACC_000002,Z016,ATM_Z016_032,34375.41,COMPLETED,2025-05-07T13:12:00
CSH_CMP_202602008,CMP_202602008,ACC_000004,Z009,ATM_Z009_035,478873.43,COMPLETED,2025-02-13T15:43:00
CSH_CMP_202602009,CMP_202602009,ACC_000112,Z015,ATM_Z015_017,8203.67,COMPLETED,2025-01-01T19:30:00
CSH_CMP_202602010,CMP_202602010,ACC_003013,Z004,ATM_Z004_045,2252.38,COMPLETED,2025-01-03T17:34:00
CSH_CMP_202602011,CMP_202602011,ACC_002777,Z068,ATM_Z068_038,69076.49,COMPLETED,2025-04-21T14:45:00
CSH_CMP_202602012,CMP_202602012,ACC_000266,Z074,ATM_Z074_014,18245.28,COMPLETED,2025-05-31T12:28:00
CSH_CMP_202602013,CMP_202602013,ACC_002777,Z068,ATM_Z068_015,19537.82,COMPLETED,2025-04-26T12:57:00
CSH_CMP_202602014,CMP_202602014,ACC_002307,Z010,ATM_Z010_039,10157.58,COMPLETED,2025-06-21T08:40:00
CSH_CMP_202602015,CMP_202602015,ACC_000472,Z004,ATM_Z004_002,3345.73,COMPLETED,2025-02-25T07:28:00
CSH_CMP_202602016,CMP_202602016,ACC_000003,Z016,ATM_Z016_034,14501.31,COMPLETED,2025-06-01T11:19:00
CSH_CMP_202602017,CMP_202602017,ACC_002983,Z026,ATM_Z026_009,16475.35,COMPLETED,2025-01-23T16:43:00
CSH_CMP_202602018,CMP_202602018,ACC_002326,Z010,ATM_Z010_047,10077.97,COMPLETED,2025-04-03T19:00:00
CSH_CMP_202602019,CMP_202602019,ACC_000482,Z046,ATM_Z046_048,16790.72,COMPLETED,2025-06-26T21:38:00
CSH_CMP_202602020,CMP_202602020,ACC_000472,Z002,ATM_Z002_003,18573.15,COMPLETED,2025-06-04T09:56:00
CSH_CMP_202602021,CMP_202602021,ACC_000266,Z006,ATM_Z006_032,7747.3,COMPLETED,2025-02-27T17:25:00
CSH_CMP_202602022,CMP_202602022,ACC_001545,Z007,ATM_Z007_018,205520.15,COMPLETED,2025-01-20T14:50:00
CSH_CMP_202602023,CMP_202602023,ACC_002444,Z002,ATM_Z002_036,24373.9,COMPLETED,2025-02-15T19:28:00
CSH_CMP_202602024,CMP_202602024,ACC_001539,Z007,ATM_Z007_030,853433.27,COMPLETED,2025-06-16T14:25:00
CSH_CMP_202602025,CMP_202602025,ACC_000820,Z011,ATM_Z011_042,17636.74,COMPLETED,2025-05-15T19:24:00
CSH_CMP_202602026,CMP_202602026,ACC_002289,Z010,ATM_Z010_013,25790.96,COMPLETED,2025-05-11T19:37:00
CSH_CMP_202602027,CMP_202602027,ACC_002289,Z010,ATM_Z010_028,15256.0,COMPLETED,2025-06-13T14:25:00
CSH_CMP_202602028,CMP_202602028,ACC_001024,Z006,ATM_Z006_042,14020.16,COMPLETED,2025-06-14T09:25:00
CSH_CMP_202602029,CMP_202602029,ACC_000333,Z002,ATM_Z002_032,0.0,FROZEN,2025-05-20T19:40:00
CSH_CMP_202602030,CMP_202602030,ACC_000920,Z050,ATM_Z050_023,9204.47,COMPLETED,2025-06-02T11:16:00
CSH_CMP_202602031,CMP_202602031,ACC_000060,Z009,ATM_Z009_012,6767.69,COMPLETED,2025-03-11T11:07:00
CSH_CMP_202602032,CMP_202602032,ACC_001917,Z009,ATM_Z009_012,41278.7,COMPLETED,2025-05-03T09:24:00
CSH_CMP_202602033,CMP_202602033,ACC_002224,Z009,ATM_Z009_046,134147.51,COMPLETED,2025-03-09T13:48:00
CSH_CMP_202602034,CMP_202602034,ACC_002851,Z056,ATM_Z056_029,16715.91,COMPLETED,2025-05-24T17:59:00
CSH_CMP_202602035,CMP_202602035,ACC_000008,Z009,ATM_Z009_046,37774.62,COMPLETED,2025-05-11T12:06:00
CSH_CMP_202602036,CMP_202602036,ACC_000335,Z009,ATM_Z009_046,27553.88,COMPLETED,2025-03-11T08:41:00
CSH_CMP_202602037,CMP_202602037,ACC_001534,Z007,ATM_Z007_020,18631.52,COMPLETED,2025-05-19T10:01:00
CSH_CMP_202602038,CMP_202602038,ACC_001229,Z004,ATM_Z004_013,72288.79,COMPLETED,2025-01-29T14:25:00
CSH_CMP_202602039,CMP_202602039,ACC_000065,Z009,ATM_Z009_028,9780.7,COMPLETED,2025-06-28T09:57:00
CSH_CMP_202602040,CMP_202602040,ACC_001042,Z046,ATM_Z046_009,4942.39,COMPLETED,2025-04-19T19:02:00
CSH_CMP_202602041,CMP_202602041,ACC_000472,Z004,ATM_Z004_043,3026.99,COMPLETED,2025-06-16T20:12:00
CSH_CMP_202602042,CMP_202602042,ACC_001912,Z001,ATM_Z001_040,72660.09,COMPLETED,2025-06-06T14:30:00
CSH_CMP_202602043,CMP_202602043,ACC_000330,Z045,ATM_Z045_021,42217.23,COMPLETED,2025-02-27T16:33:00
CSH_CMP_202602044,CMP_202602044,ACC_001910,Z001,ATM_Z001_001,347121.46,COMPLETED,2025-01-17T15:59:00
CSH_CMP_202602045,CMP_202602045,ACC_001236,Z035,ATM_Z035_047,2691.07,COMPLETED,2025-04-27T20:11:00
CSH_CMP_202602046,CMP_202602046,ACC_000063,Z009,ATM_Z009_037,6987.23,COMPLETED,2025-02-11T18:57:00
CSH_CMP_202602047,CMP_202602047,ACC_002443,Z002,ATM_Z002_013,911.81,COMPLETED,2025-01-11T11:08:00
CSH_CMP_202602048,CMP_202602048,ACC_002443,Z040,ATM_Z040_047,5315.63,COMPLETED,2025-06-07T16:10:00
CSH_CMP_202602049,CMP_202602049,ACC_000475,Z004,ATM_Z004_019,18695.53,COMPLETED,2025-06-19T08:45:00
CSH_CMP_202602050,CMP_202602050,ACC_000269,Z036,ATM_Z036_039,6116.31,COMPLETED,2025-01-23T20:14:00
CSH_CMP_202602051,CMP_202602051,ACC_002223,Z028,ATM_Z028_033,9806.23,COMPLETED,2025-02-13T14:30:00
CSH_CMP_202602052,CMP_202602052,ACC_000266,Z036,ATM_Z036_033,4850.37,COMPLETED,2025-01-27T19:38:00
CSH_CMP_202602053,CMP_202602053,ACC_000008,Z016,ATM_Z016_008,20602.95,COMPLETED,2025-03-21T09:35:00
CSH_CMP_202602054,CMP_202602054,ACC_002777,Z045,ATM_Z045_018,39248.88,COMPLETED,2025-03-03T08:54:00
CSH_CMP_202602055,CMP_202602055,ACC_001912,Z009,ATM_Z009_002,49885.72,COMPLETED,2025-05-28T17:50:00
CSH_CMP_202602056,CMP_202602056,ACC_002992,Z004,ATM_Z004_019,7384.94,COMPLETED,2025-03-19T13:42:00
CSH_CMP_202602057,CMP_202602057,ACC_000461,Z075,ATM_Z075_024,112298.81,COMPLETED,2025-06-11T19:12:00
CSH_CMP_202602058,CMP_202602058,ACC_000330,Z023,ATM_Z023_020,608416.53,COMPLETED,2025-06-11T03:56:00
CSH_CMP_202602059,CMP_202602059,ACC_002223,Z009,ATM_Z009_037,814.77,COMPLETED,2025-05-24T20:46:00
CSH_CMP_202602060,CMP_202602060,ACC_000330,Z075,ATM_Z075_040,85577.18,COMPLETED,2025-05-26T14:26:00
CSH_CMP_202602061,CMP_202602061,ACC_002109,Z056,ATM_Z056_021,79005.18,COMPLETED,2025-02-09T18:34:00
CSH_CMP_202602062,CMP_202602062,ACC_002446,Z011,ATM_Z011_049,21556.37,COMPLETED,2025-05-12T20:42:00
CSH_CMP_202602063,CMP_202602063,ACC_000060,Z009,ATM_Z009_034,6347.18,COMPLETED,2025-04-05T16:56:00
CSH_CMP_202602064,CMP_202602064,ACC_001261,Z003,ATM_Z003_033,7675.21,COMPLETED,2025-02-18T13:47:00
CSH_CMP_202602065,CMP_202602065,ACC_002777,Z009,ATM_Z009_019,28485.23,COMPLETED,2025-06-18T15:41:00
CSH_CMP_202602066,CMP_202602066,ACC_002224,Z017,ATM_Z017_008,2307.93,COMPLETED,2025-03-23T15:52:00
CSH_CMP_202602067,CMP_202602067,ACC_000787,Z003,ATM_Z003_027,44670.59,COMPLETED,2025-01-28T08:56:00
CSH_CMP_202602068,CMP_202602068,ACC_002430,Z015,ATM_Z015_046,5643.61,COMPLETED,2025-05-13T18:27:00
CSH_CMP_202602069,CMP_202602069,ACC_000330,Z032,ATM_Z032_019,29128.06,COMPLETED,2025-02-01T16:52:00
CSH_CMP_202602070,CMP_202602070,ACC_001042,Z006,ATM_Z006_013,9778.46,COMPLETED,2025-05-10T09:44:00
CSH_CMP_202602071,CMP_202602071,ACC_001539,Z001,ATM_Z001_018,44241.79,COMPLETED,2025-06-14T06:09:00
CSH_CMP_202602072,CMP_202602072,ACC_000267,Z036,ATM_Z036_038,3581.05,COMPLETED,2025-05-20T18:12:00
CSH_CMP_202602073,CMP_202602073,ACC_000197,Z015,ATM_Z015_036,7259.67,COMPLETED,2025-05-27T19:53:00
CSH_CMP_202602074,CMP_202602074,ACC_000482,Z046,ATM_Z046_031,10031.15,COMPLETED,2025-02-12T16:03:00
CSH_CMP_202602075,CMP_202602075,ACC_000330,Z002,ATM_Z002_009,8044.42,COMPLETED,2025-03-20T10:27:00
CSH_CMP_202602076,CMP_202602076,ACC_002290,Z015,ATM_Z015_008,18229.34,COMPLETED,2025-01-16T11:36:00
CSH_CMP_202602077,CMP_202602077,ACC_001521,Z018,ATM_Z018_048,4105.39,COMPLETED,2025-03-14T16:12:00
CSH_CMP_202602078,CMP_202602078,ACC_000267,Z006,ATM_Z006_050,4860.93,COMPLETED,2025-01-07T19:00:00
CSH_CMP_202602079,CMP_202602079,ACC_000472,Z046,ATM_Z046_040,11950.21,COMPLETED,2025-02-24T08:47:00
CSH_CMP_202602080,CMP_202602080,ACC_002777,Z042,ATM_Z042_007,38917.05,COMPLETED,2025-03-22T12:10:00
CSH_CMP_202602081,CMP_202602081,ACC_000060,Z015,ATM_Z015_014,12071.54,COMPLETED,2025-01-03T13:18:00
CSH_CMP_202602082,CMP_202602082,ACC_002443,Z061,ATM_Z061_020,43713.73,COMPLETED,2025-03-01T10:22:00
CSH_CMP_202602083,CMP_202602083,ACC_002223,Z017,ATM_Z017_008,3283.87,COMPLETED,2025-05-30T11:03:00
CSH_CMP_202602084,CMP_202602084,ACC_000784,Z003,ATM_Z003_014,10819.64,COMPLETED,2025-04-27T19:17:00
CSH_CMP_202602085,CMP_202602085,ACC_001023,Z046,ATM_Z046_029,5974.08,COMPLETED,2025-03-28T16:51:00
CSH_CMP_202602086,CMP_202602086,ACC_000264,Z009,ATM_Z009_018,7847.54,COMPLETED,2025-06-15T16:38:00
CSH_CMP_202602087,CMP_202602087,ACC_000020,Z009,ATM_Z009_005,15870.01,COMPLETED,2025-05-05T19:06:00
CSH_CMP_202602088,CMP_202602088,ACC_001534,Z002,ATM_Z002_029,72321.43,COMPLETED,2025-04-23T12:52:00
CSH_CMP_202602089,CMP_202602089,ACC_001910,Z002,ATM_Z002_021,1628.53,COMPLETED,2025-04-06T18:31:00
CSH_CMP_202602090,CMP_202602090,ACC_002777,Z042,ATM_Z042_047,169462.82,COMPLETED,2025-02-24T12:20:00
CSH_CMP_202602091,CMP_202602091,ACC_001232,Z003,ATM_Z003_025,976.13,COMPLETED,2025-05-03T00:52:00
CSH_CMP_202602092,CMP_202602092,ACC_001229,Z035,ATM_Z035_014,7763.34,COMPLETED,2025-03-08T08:35:00
CSH_CMP_202602093,CMP_202602093,ACC_001231,Z004,ATM_Z004_003,123230.94,COMPLETED,2025-05-10T22:35:00
CSH_CMP_202602094,CMP_202602094,ACC_001236,Z004,ATM_Z004_015,11345.72,COMPLETED,2025-03-29T16:02:00
CSH_CMP_202602095,CMP_202602095,ACC_001234,Z075,ATM_Z075_028,10887.42,COMPLETED,2025-01-09T12:43:00
CSH_CMP_202602096,CMP_202602096,ACC_002291,Z015,ATM_Z015_003,5137.37,COMPLETED,2025-04-12T10:31:00
CSH_CMP_202602097,CMP_202602097,ACC_002445,Z002,ATM_Z002_010,157504.7,COMPLETED,2025-05-18T13:15:00
CSH_CMP_202602098,CMP_202602098,ACC_000330,Z002,ATM_Z002_031,179477.73,COMPLETED,2025-04-03T13:46:00
CSH_CMP_202602099,CMP_202602099,ACC_001916,Z028,ATM_Z028_006,70853.71,COMPLETED,2025-04-15T17:42:00
CSH_CMP_202602100,CMP_202602100,ACC_002443,Z002,ATM_Z002_032,34588.02,COMPLETED,2025-04-28T10:37:00
CSH_CMP_202602101,CMP_202602101,ACC_003040,Z045,ATM_Z045_042,23504.88,COMPLETED,2025-05-19T20:12:00
CSH_CMP_202602102,CMP_202602102,ACC_000782,Z026,ATM_Z026_017,91184.77,COMPLETED,2025-02-08T11:36:00
CSH_CMP_202602103,CMP_202602103,ACC_000499,Z002,ATM_Z002_004,9609.91,COMPLETED,2025-03-06T11:46:00
CSH_CMP_202602104,CMP_202602104,ACC_000266,Z036,ATM_Z036_031,7369.86,COMPLETED,2025-06-21T12:42:00
CSH_CMP_202602105,CMP_202602105,ACC_002223,Z050,ATM_Z050_003,2931.12,COMPLETED,2025-01-13T13:58:00
CSH_CMP_202602106,CMP_202602106,ACC_000268,Z036,ATM_Z036_012,12991.71,COMPLETED,2025-01-09T14:55:00
CSH_CMP_202602107,CMP_202602107,ACC_002447,Z009,ATM_Z009_049,13627.98,COMPLETED,2025-06-20T14:46:00
CSH_CMP_202602108,CMP_202602108,ACC_002999,Z045,ATM_Z045_026,4715.77,COMPLETED,2025-01-22T15:32:00
CSH_CMP_202602109,CMP_202602109,ACC_001912,Z049,ATM_Z049_044,28717.73,COMPLETED,2025-02-07T19:51:00
CSH_CMP_202602110,CMP_202602110,ACC_001232,Z003,ATM_Z003_004,5668.56,COMPLETED,2025-06-21T16:25:00
CSH_CMP_202602111,CMP_202602111,ACC_001534,Z007,ATM_Z007_002,21561.71,COMPLETED,2025-05-01T18:28:00
CSH_CMP_202602112,CMP_202602112,ACC_000004,Z016,ATM_Z016_038,14310.32,COMPLETED,2025-05-05T16:25:00
CSH_CMP_202602113,CMP_202602113,ACC_000266,Z036,ATM_Z036_047,10466.26,COMPLETED,2025-06-30T15:48:00
CSH_CMP_202602114,CMP_202602114,ACC_001914,Z009,ATM_Z009_015,7400.18,COMPLETED,2025-02-06T20:53:00
CSH_CMP_202602115,CMP_202602115,ACC_001039,Z006,ATM_Z006_015,40754.52,COMPLETED,2025-04-23T16:20:00
CSH_CMP_202602116,CMP_202602116,ACC_002486,Z002,ATM_Z002_007,0.0,FROZEN,2025-02-15T10:07:00
CSH_CMP_202602117,CMP_202602117,ACC_001031,Z046,ATM_Z046_028,23606.15,COMPLETED,2025-02-18T23:04:00
CSH_CMP_202602118,CMP_202602118,ACC_000058,Z016,ATM_Z016_038,9133.57,COMPLETED,2025-02-14T18:05:00
CSH_CMP_202602119,CMP_202602119,ACC_002290,Z056,ATM_Z056_038,13315.21,COMPLETED,2025-03-09T15:46:00
CSH_CMP_202602120,CMP_202602120,ACC_002289,Z010,ATM_Z010_042,12400.78,COMPLETED,2025-03-30T01:04:00
CSH_CMP_202602121,CMP_202602121,ACC_002779,Z053,ATM_Z053_038,206000.55,COMPLETED,2025-06-08T08:49:00
CSH_CMP_202602122,CMP_202602122,ACC_001234,Z035,ATM_Z035_044,100424.13,COMPLETED,2025-02-17T12:31:00
CSH_CMP_202602123,CMP_202602123,ACC_000473,Z004,ATM_Z004_038,5480.99,COMPLETED,2025-06-05T10:30:00
CSH_CMP_202602124,CMP_202602124,ACC_002777,Z008,ATM_Z008_021,51411.95,COMPLETED,2025-05-12T12:44:00
CSH_CMP_202602125,CMP_202602125,ACC_000060,Z015,ATM_Z015_002,7643.42,COMPLETED,2025-06-01T15:36:00
CSH_CMP_202602126,CMP_202602126,ACC_000473,Z004,ATM_Z004_023,1461.0,COMPLETED,2025-03-24T12:25:00
CSH_CMP_202602127,CMP_202602127,ACC_002788,Z008,ATM_Z008_027,210300.19,COMPLETED,2025-03-04T15:18:00
CSH_CMP_202602128,CMP_202602128,ACC_002210,Z033,ATM_Z033_022,37923.08,COMPLETED,2025-06-26T09:16:00
CSH_CMP_202602129,CMP_202602129,ACC_002449,Z011,ATM_Z011_007,120226.47,COMPLETED,2025-05-12T17:15:00
CSH_CMP_202602130,CMP_202602130,ACC_002983,Z056,ATM_Z056_008,42310.85,COMPLETED,2025-03-05T07:15:00
CSH_CMP_202602131,CMP_202602131,ACC_002448,Z002,ATM_Z002_044,43383.64,COMPLETED,2025-04-30T10:13:00
CSH_CMP_202602132,CMP_202602132,ACC_000002,Z010,ATM_Z010_012,1976.89,COMPLETED,2025-04-08T11:47:00
CSH_CMP_202602133,CMP_202602133,ACC_000062,Z015,ATM_Z015_040,16914.59,COMPLETED,2025-06-02T13:39:00
CSH_CMP_202602134,CMP_202602134,ACC_000330,Z002,ATM_Z002_017,16595.37,COMPLETED,2025-06-15T14:00:00
CSH_CMP_202602135,CMP_202602135,ACC_000003,Z042,ATM_Z042_001,5759.1,COMPLETED,2025-06-13T13:41:00
CSH_CMP_202602136,CMP_202602136,ACC_000473,Z004,ATM_Z004_041,9441.66,COMPLETED,2025-04-22T10:47:00
CSH_CMP_202602137,CMP_202602137,ACC_000028,Z016,ATM_Z016_033,71015.8,COMPLETED,2025-01-23T10:41:00
CSH_CMP_202602138,CMP_202602138,ACC_002447,Z009,ATM_Z009_007,50197.83,COMPLETED,2025-01-30T20:39:00
CSH_CMP_202602139,CMP_202602139,ACC_002777,Z068,ATM_Z068_015,635517.15,COMPLETED,2025-04-30T14:49:00
CSH_CMP_202602140,CMP_202602140,ACC_001230,Z003,ATM_Z003_039,3770.71,COMPLETED,2025-02-20T13:49:00
CSH_CMP_202602141,CMP_202602141,ACC_000472,Z046,ATM_Z046_039,5824.83,COMPLETED,2025-04-19T16:21:00
CSH_CMP_202602142,CMP_202602142,ACC_000473,Z004,ATM_Z004_014,19016.28,COMPLETED,2025-01-16T11:51:00
CSH_CMP_202602143,CMP_202602143,ACC_002290,Z015,ATM_Z015_023,16726.29,COMPLETED,2025-02-26T19:08:00
CSH_CMP_202602144,CMP_202602144,ACC_000780,Z046,ATM_Z046_017,0.0,FROZEN,2025-05-29T14:16:00
CSH_CMP_202602145,CMP_202602145,ACC_002983,Z026,ATM_Z026_050,32429.97,COMPLETED,2025-04-08T14:17:00
CSH_CMP_202602146,CMP_202602146,ACC_002780,Z053,ATM_Z053_007,21642.2,COMPLETED,2025-01-06T12:05:00
CSH_CMP_202602147,CMP_202602147,ACC_000782,Z038,ATM_Z038_006,4750.8,COMPLETED,2025-03-11T19:55:00
CSH_CMP_202602148,CMP_202602148,ACC_002445,Z011,ATM_Z011_020,89633.26,COMPLETED,2025-01-02T12:37:00
CSH_CMP_202602149,CMP_202602149,ACC_001236,Z003,ATM_Z003_019,49794.36,COMPLETED,2025-02-15T18:22:00
CSH_CMP_202602150,CMP_202602150,ACC_000328,Z036,ATM_Z036_005,5659.68,COMPLETED,2025-02-20T06:20:00
CSH_CMP_202602151,CMP_202602151,ACC_001912,Z049,ATM_Z049_041,96177.64,COMPLETED,2025-03-16T12:35:00
CSH_CMP_202602152,CMP_202602152,ACC_002289,Z015,ATM_Z015_049,53045.59,COMPLETED,2025-03-16T14:44:00
CSH_CMP_202602153,CMP_202602153,ACC_002289,Z010,ATM_Z010_030,10349.26,COMPLETED,2025-06-30T17:34:00
CSH_CMP_202602154,CMP_202602154,ACC_002287,Z017,ATM_Z017_039,1606.05,COMPLETED,2025-01-30T09:38:00
CSH_CMP_202602155,CMP_202602155,ACC_002223,Z017,ATM_Z017_005,7414.38,COMPLETED,2025-03-31T18:17:00
CSH_CMP_202602156,CMP_202602156,ACC_000784,Z004,ATM_Z004_009,9538.07,COMPLETED,2025-06-09T20:43:00
CSH_CMP_202602157,CMP_202602157,ACC_001537,Z001,ATM_Z001_031,15153.55,COMPLETED,2025-06-07T07:58:00
CSH_CMP_202602158,CMP_202602158,ACC_000340,Z010,ATM_Z010_002,17533.24,COMPLETED,2025-05-14T13:52:00
CSH_CMP_202602159,CMP_202602159,ACC_000070,Z015,ATM_Z015_024,9078.85,COMPLETED,2025-06-12T09:19:00
CSH_CMP_202602160,CMP_202602160,ACC_000065,Z015,ATM_Z015_037,2667.43,COMPLETED,2025-02-18T20:10:00
CSH_CMP_202602161,CMP_202602161,ACC_000062,Z009,ATM_Z009_009,9738.0,COMPLETED,2025-02-15T16:16:00
CSH_CMP_202602162,CMP_202602162,ACC_001534,Z015,ATM_Z015_010,75328.49,COMPLETED,2025-02-08T16:29:00
CSH_CMP_202602163,CMP_202602163,ACC_001023,Z046,ATM_Z046_011,5289.95,COMPLETED,2025-01-15T18:25:00
CSH_CMP_202602164,CMP_202602164,ACC_001238,Z035,ATM_Z035_039,124326.1,COMPLETED,2025-02-11T14:43:00
CSH_CMP_202602165,CMP_202602165,ACC_002983,Z004,ATM_Z004_024,35211.76,COMPLETED,2025-05-30T14:16:00
CSH_CMP_202602166,CMP_202602166,ACC_002983,Z004,ATM_Z004_020,30987.44,COMPLETED,2025-04-20T15:10:00
CSH_CMP_202602167,CMP_202602167,ACC_001229,Z004,ATM_Z004_018,65193.24,COMPLETED,2025-05-30T10:48:00
CSH_CMP_202602168,CMP_202602168,ACC_002777,Z068,ATM_Z068_027,95294.7,COMPLETED,2025-01-26T15:43:00
CSH_CMP_202602169,CMP_202602169,ACC_001227,Z007,ATM_Z007_045,14318.92,COMPLETED,2025-03-21T12:08:00
CSH_CMP_202602170,CMP_202602170,ACC_002518,Z017,ATM_Z017_012,8960.54,COMPLETED,2025-05-10T15:46:00
CSH_CMP_202602171,CMP_202602171,ACC_002483,Z002,ATM_Z002_033,711798.37,COMPLETED,2025-01-04T19:51:00
CSH_CMP_202602172,CMP_202602172,ACC_001229,Z003,ATM_Z003_015,129133.32,COMPLETED,2025-06-11T04:56:00
CSH_CMP_202602173,CMP_202602173,ACC_003040,Z004,ATM_Z004_042,8713.26,COMPLETED,2025-05-09T13:51:00
CSH_CMP_202602174,CMP_202602174,ACC_002224,Z009,ATM_Z009_028,12653.97,COMPLETED,2025-02-03T10:32:00
CSH_CMP_202602175,CMP_202602175,ACC_000332,Z032,ATM_Z032_050,26792.24,COMPLETED,2025-01-07T08:17:00
CSH_CMP_202602176,CMP_202602176,ACC_001534,Z001,ATM_Z001_020,381347.06,COMPLETED,2025-06-22T14:45:00
CSH_CMP_202602177,CMP_202602177,ACC_000267,Z036,ATM_Z036_021,47654.42,COMPLETED,2025-03-17T15:08:00
CSH_CMP_202602178,CMP_202602178,ACC_000478,Z046,ATM_Z046_022,14581.91,COMPLETED,2025-05-21T08:54:00
CSH_CMP_202602179,CMP_202602179,ACC_002989,Z045,ATM_Z045_014,11922.31,COMPLETED,2025-05-27T12:43:00
CSH_CMP_202602180,CMP_202602180,ACC_002454,Z002,ATM_Z002_011,11150.77,COMPLETED,2025-02-13T16:57:00
CSH_CMP_202602181,CMP_202602181,ACC_001229,Z075,ATM_Z075_028,95751.71,COMPLETED,2025-06-27T10:18:00
CSH_CMP_202602182,CMP_202602182,ACC_002983,Z026,ATM_Z026_050,7543.59,COMPLETED,2025-06-15T15:21:00
CSH_CMP_202602183,CMP_202602183,ACC_001229,Z004,ATM_Z004_001,4836.32,COMPLETED,2025-06-03T14:57:00
CSH_CMP_202602184,CMP_202602184,ACC_000060,Z015,ATM_Z015_014,11262.68,COMPLETED,2025-01-31T19:54:00
CSH_CMP_202602185,CMP_202602185,ACC_000330,Z009,ATM_Z009_032,13790.59,COMPLETED,2025-03-02T13:45:00
CSH_CMP_202602186,CMP_202602186,ACC_002473,Z009,ATM_Z009_010,3410.14,COMPLETED,2025-03-04T06:20:00
CSH_CMP_202602187,CMP_202602187,ACC_000266,Z052,ATM_Z052_039,11931.96,COMPLETED,2025-03-14T19:12:00
CSH_CMP_202602188,CMP_202602188,ACC_001235,Z075,ATM_Z075_001,4296.0,COMPLETED,2025-01-26T16:22:00
CSH_CMP_202602189,CMP_202602189,ACC_002289,Z015,ATM_Z015_041,6496.54,COMPLETED,2025-05-11T17:23:00
CSH_CMP_202602190,CMP_202602190,ACC_002444,Z011,ATM_Z011_041,93180.68,COMPLETED,2025-05-07T09:33:00
CSH_CMP_202602191,CMP_202602191,ACC_000063,Z015,ATM_Z015_004,28221.45,COMPLETED,2025-02-27T13:14:00
CSH_CMP_202602192,CMP_202602192,ACC_000061,Z009,ATM_Z009_026,13601.47,COMPLETED,2025-06-06T15:29:00
CSH_CMP_202602193,CMP_202602193,ACC_000271,Z052,ATM_Z052_007,11219.67,COMPLETED,2025-04-09T14:10:00
CSH_CMP_202602194,CMP_202602194,ACC_002777,Z056,ATM_Z056_047,11801.03,COMPLETED,2025-01-03T11:54:00
CSH_CMP_202602195,CMP_202602195,ACC_000783,Z038,ATM_Z038_002,362245.59,COMPLETED,2025-01-27T16:41:00
CSH_CMP_202602196,CMP_202602196,ACC_001920,Z049,ATM_Z049_009,230972.24,COMPLETED,2025-01-22T20:04:00
CSH_CMP_202602197,CMP_202602197,ACC_002223,Z009,ATM_Z009_021,44910.79,COMPLETED,2025-04-03T11:01:00
CSH_CMP_202602198,CMP_202602198,ACC_000268,Z036,ATM_Z036_025,36234.17,COMPLETED,2025-06-30T15:13:00
CSH_CMP_202602199,CMP_202602199,ACC_000785,Z026,ATM_Z026_040,54877.75,COMPLETED,2025-06-06T11:01:00
CSH_CMP_202602200,CMP_202602200,ACC_000330,Z010,ATM_Z010_021,58590.26,COMPLETED,2025-05-04T13:28:00
CSH_CMP_202602201,CMP_202602201,ACC_002443,Z011,ATM_Z011_012,77850.8,COMPLETED,2025-05-15T08:15:00
CSH_CMP_202602202,CMP_202602202,ACC_000330,Z009,ATM_Z009_032,78076.25,COMPLETED,2025-01-12T14:06:00
CSH_CMP_202602203,CMP_202602203,ACC_001230,Z029,ATM_Z029_011,5011.51,COMPLETED,2025-04-06T13:39:00
CSH_CMP_202602204,CMP_202602204,ACC_000061,Z035,ATM_Z035_012,11027.06,COMPLETED,2025-01-26T10:13:00
CSH_CMP_202602205,CMP_202602205,ACC_001599,Z007,ATM_Z007_013,552190.29,COMPLETED,2025-05-24T13:33:00
CSH_CMP_202602206,CMP_202602206,ACC_002287,Z009,ATM_Z009_044,2079.97,COMPLETED,2025-03-28T13:30:00
CSH_CMP_202602207,CMP_202602207,ACC_000330,Z002,ATM_Z002_013,40661.98,COMPLETED,2025-02-07T16:53:00
CSH_CMP_202602208,CMP_202602208,ACC_000467,Z056,ATM_Z056_039,12100.78,COMPLETED,2025-06-15T12:16:00
CSH_CMP_202602209,CMP_202602209,ACC_000066,Z015,ATM_Z015_018,17458.09,COMPLETED,2025-03-19T15:42:00
CSH_CMP_202602210,CMP_202602210,ACC_000472,Z004,ATM_Z004_030,6837.78,COMPLETED,2025-01-10T16:05:00
CSH_CMP_202602211,CMP_202602211,ACC_001229,Z075,ATM_Z075_002,8228.56,COMPLETED,2025-04-02T16:12:00
CSH_CMP_202602212,CMP_202602212,ACC_000330,Z002,ATM_Z002_042,207624.18,COMPLETED,2025-05-18T13:53:00
CSH_CMP_202602213,CMP_202602213,ACC_000330,Z002,ATM_Z002_009,47156.09,COMPLETED,2025-06-13T16:45:00
CSH_CMP_202602214,CMP_202602214,ACC_000802,Z003,ATM_Z003_010,104304.03,COMPLETED,2025-02-05T21:45:00
CSH_CMP_202602215,CMP_202602215,ACC_000336,Z002,ATM_Z002_022,62491.59,COMPLETED,2025-04-03T11:28:00
CSH_CMP_202602216,CMP_202602216,ACC_002778,Z068,ATM_Z068_023,258053.57,COMPLETED,2025-05-07T17:32:00
CSH_CMP_202602217,CMP_202602217,ACC_002983,Z017,ATM_Z017_029,14052.84,COMPLETED,2025-04-09T17:36:00
CSH_CMP_202602218,CMP_202602218,ACC_000267,Z036,ATM_Z036_038,19336.22,COMPLETED,2025-04-19T15:50:00
CSH_CMP_202602219,CMP_202602219,ACC_000002,Z009,ATM_Z009_018,11396.67,COMPLETED,2025-03-27T15:13:00
CSH_CMP_202602220,CMP_202602220,ACC_000333,Z010,ATM_Z010_005,211302.24,COMPLETED,2025-06-08T16:05:00
CSH_CMP_202602221,CMP_202602221,ACC_000063,Z015,ATM_Z015_041,1669.36,COMPLETED,2025-02-01T17:08:00
CSH_CMP_202602222,CMP_202602222,ACC_001229,Z075,ATM_Z075_004,6030.46,COMPLETED,2025-06-30T19:42:00
CSH_CMP_202602223,CMP_202602223,ACC_002289,Z010,ATM_Z010_007,1700.6,COMPLETED,2025-04-09T12:47:00
CSH_CMP_202602224,CMP_202602224,ACC_002781,Z056,ATM_Z056_030,163027.93,COMPLETED,2025-06-23T08:34:00
CSH_CMP_202602225,CMP_202602225,ACC_000784,Z026,ATM_Z026_012,10582.2,COMPLETED,2025-04-23T07:26:00
CSH_CMP_202602226,CMP_202602226,ACC_000009,Z009,ATM_Z009_005,164982.63,COMPLETED,2025-04-07T14:16:00
CSH_CMP_202602227,CMP_202602227,ACC_002223,Z009,ATM_Z009_034,103147.7,COMPLETED,2025-04-20T17:49:00
CSH_CMP_202602228,CMP_202602228,ACC_002983,Z004,ATM_Z004_004,12250.76,COMPLETED,2025-01-19T08:29:00
CSH_CMP_202602229,CMP_202602229,ACC_000063,Z009,ATM_Z009_025,17090.46,COMPLETED,2025-04-13T11:12:00
CSH_CMP_202602230,CMP_202602230,ACC_002441,Z015,ATM_Z015_008,28377.37,COMPLETED,2025-01-03T17:39:00
CSH_CMP_202602231,CMP_202602231,ACC_002983,Z017,ATM_Z017_038,5313.78,COMPLETED,2025-01-18T14:34:00
CSH_CMP_202602232,CMP_202602232,ACC_000639,Z026,ATM_Z026_039,39497.26,COMPLETED,2025-06-11T09:47:00
CSH_CMP_202602233,CMP_202602233,ACC_001026,Z046,ATM_Z046_022,5503.68,COMPLETED,2025-01-10T14:17:00
CSH_CMP_202602234,CMP_202602234,ACC_000699,Z018,ATM_Z018_027,13613.28,COMPLETED,2025-06-08T07:22:00
CSH_CMP_202602235,CMP_202602235,ACC_000330,Z002,ATM_Z002_032,7435.3,COMPLETED,2025-02-15T16:32:00
CSH_CMP_202602236,CMP_202602236,ACC_000062,Z015,ATM_Z015_001,18832.52,COMPLETED,2025-01-01T10:16:00
CSH_CMP_202602237,CMP_202602237,ACC_000338,Z008,ATM_Z008_003,23876.61,COMPLETED,2025-04-17T13:51:00
CSH_CMP_202602238,CMP_202602238,ACC_002983,Z004,ATM_Z004_049,11652.01,COMPLETED,2025-02-28T10:36:00
CSH_CMP_202602239,CMP_202602239,ACC_002785,Z008,ATM_Z008_042,335959.05,COMPLETED,2025-05-26T15:05:00
CSH_CMP_202602240,CMP_202602240,ACC_000472,Z002,ATM_Z002_047,62467.19,COMPLETED,2025-03-07T18:04:00
CSH_CMP_202602241,CMP_202602241,ACC_000472,Z002,ATM_Z002_033,8444.34,COMPLETED,2025-04-30T19:57:00
CSH_CMP_202602242,CMP_202602242,ACC_002292,Z010,ATM_Z010_009,3405.54,COMPLETED,2025-06-12T10:14:00
CSH_CMP_202602243,CMP_202602243,ACC_001231,Z035,ATM_Z035_036,141883.33,COMPLETED,2025-04-20T13:42:00
CSH_CMP_202602244,CMP_202602244,ACC_001535,Z007,ATM_Z007_050,947334.98,COMPLETED,2025-02-04T16:27:00
CSH_CMP_202602245,CMP_202602245,ACC_002446,Z011,ATM_Z011_045,3363.33,COMPLETED,2025-05-04T13:48:00
CSH_CMP_202602246,CMP_202602246,ACC_001912,Z012,ATM_Z012_008,25916.24,COMPLETED,2025-01-29T10:39:00
CSH_CMP_202602247,CMP_202602247,ACC_003040,Z004,ATM_Z004_022,2356.51,COMPLETED,2025-05-16T13:31:00
CSH_CMP_202602248,CMP_202602248,ACC_000002,Z016,ATM_Z016_002,35856.97,COMPLETED,2025-04-07T08:03:00
CSH_CMP_202602249,CMP_202602249,ACC_002232,Z017,ATM_Z017_011,2313.41,COMPLETED,2025-03-17T07:42:00
CSH_CMP_202602250,CMP_202602250,ACC_002779,Z042,ATM_Z042_048,56011.01,COMPLETED,2025-04-17T08:25:00
CSH_CMP_202602251,CMP_202602251,ACC_000002,Z016,ATM_Z016_019,5479.76,COMPLETED,2025-02-28T07:13:00
CSH_CMP_202602252,CMP_202602252,ACC_000330,Z072,ATM_Z072_038,7900.42,COMPLETED,2025-01-17T10:57:00
CSH_CMP_202602253,CMP_202602253,ACC_001549,Z002,ATM_Z002_024,70401.14,COMPLETED,2025-03-15T09:33:00
CSH_CMP_202602254,CMP_202602254,ACC_000341,Z010,ATM_Z010_041,22074.01,COMPLETED,2025-04-23T13:19:00
CSH_CMP_202602255,CMP_202602255,ACC_000782,Z038,ATM_Z038_011,11402.26,COMPLETED,2025-04-27T14:28:00
CSH_CMP_202602256,CMP_202602256,ACC_000505,Z046,ATM_Z046_029,22498.71,COMPLETED,2025-05-06T15:02:00
CSH_CMP_202602257,CMP_202602257,ACC_000798,Z051,ATM_Z051_022,293275.24,COMPLETED,2025-03-02T17:44:00
CSH_CMP_202602258,CMP_202602258,ACC_001023,Z046,ATM_Z046_004,2384.42,COMPLETED,2025-03-21T11:45:00
CSH_CMP_202602259,CMP_202602259,ACC_002998,Z026,ATM_Z026_013,25114.59,COMPLETED,2025-05-18T21:34:00
CSH_CMP_202602260,CMP_202602260,ACC_002225,Z050,ATM_Z050_043,0.0,FROZEN,2025-04-21T12:32:00
CSH_CMP_202602261,CMP_202602261,ACC_001232,Z003,ATM_Z003_020,1401.12,COMPLETED,2025-06-27T13:21:00
CSH_CMP_202602262,CMP_202602262,ACC_000004,Z016,ATM_Z016_028,5306.57,COMPLETED,2025-02-02T17:07:00
CSH_CMP_202602263,CMP_202602263,ACC_002780,Z009,ATM_Z009_033,249999.91,COMPLETED,2025-01-24T14:23:00
CSH_CMP_202602264,CMP_202602264,ACC_001902,Z004,ATM_Z004_048,4536.86,COMPLETED,2025-05-11T08:32:00
CSH_CMP_202602265,CMP_202602265,ACC_001246,Z035,ATM_Z035_013,229896.91,COMPLETED,2025-02-01T15:55:00
CSH_CMP_202602266,CMP_202602266,ACC_002443,Z002,ATM_Z002_002,53593.54,COMPLETED,2025-02-26T15:17:00
CSH_CMP_202602267,CMP_202602267,ACC_001229,Z075,ATM_Z075_042,13300.2,COMPLETED,2025-04-20T11:03:00
CSH_CMP_202602268,CMP_202602268,ACC_002290,Z015,ATM_Z015_001,13468.64,COMPLETED,2025-02-16T08:05:00
CSH_CMP_202602269,CMP_202602269,ACC_002993,Z045,ATM_Z045_040,7457.34,COMPLETED,2025-04-10T18:30:00
CSH_CMP_202602270,CMP_202602270,ACC_002150,Z002,ATM_Z002_027,21183.69,COMPLETED,2025-01-25T16:35:00
CSH_CMP_202602271,CMP_202602271,ACC_002290,Z015,ATM_Z015_009,177965.22,COMPLETED,2025-05-11T02:56:00
CSH_CMP_202602272,CMP_202602272,ACC_001034,Z006,ATM_Z006_048,2433.01,COMPLETED,2025-06-02T16:02:00
CSH_CMP_202602273,CMP_202602273,ACC_000060,Z073,ATM_Z073_016,7220.73,COMPLETED,2025-02-21T08:31:00
CSH_CMP_202602274,CMP_202602274,ACC_000061,Z009,ATM_Z009_028,12585.06,COMPLETED,2025-02-05T12:43:00
CSH_CMP_202602275,CMP_202602275,ACC_002223,Z050,ATM_Z050_002,1593.82,COMPLETED,2025-01-24T22:32:00
CSH_CMP_202602276,CMP_202602276,ACC_000330,Z032,ATM_Z032_046,6222.56,COMPLETED,2025-04-13T16:40:00
CSH_CMP_202602277,CMP_202602277,ACC_000482,Z023,ATM_Z023_007,69785.13,COMPLETED,2025-05-12T19:11:00
CSH_CMP_202602278,CMP_202602278,ACC_002447,Z002,ATM_Z002_004,74378.65,COMPLETED,2025-03-25T18:35:00
CSH_CMP_202602279,CMP_202602279,ACC_000330,Z009,ATM_Z009_045,9026.9,COMPLETED,2025-01-17T15:23:00
CSH_CMP_202602280,CMP_202602280,ACC_002985,Z026,ATM_Z026_007,1873.73,COMPLETED,2025-01-23T23:00:00
CSH_CMP_202602281,CMP_202602281,ACC_000004,Z016,ATM_Z016_022,45216.96,COMPLETED,2025-03-06T19:37:00
CSH_CMP_202602282,CMP_202602282,ACC_002289,Z010,ATM_Z010_019,6970.95,COMPLETED,2025-05-03T22:09:00
CSH_CMP_202602283,CMP_202602283,ACC_002983,Z004,ATM_Z004_046,38646.79,COMPLETED,2025-01-25T13:21:00
CSH_CMP_202602284,CMP_202602284,ACC_002983,Z026,ATM_Z026_007,1481.48,COMPLETED,2025-05-21T09:17:00
CSH_CMP_202602285,CMP_202602285,ACC_000003,Z016,ATM_Z016_025,132234.34,COMPLETED,2025-02-04T12:30:00
CSH_CMP_202602286,CMP_202602286,ACC_002444,Z029,ATM_Z029_014,3319.85,COMPLETED,2025-06-14T23:22:00
CSH_CMP_202602287,CMP_202602287,ACC_000800,Z026,ATM_Z026_049,229535.24,COMPLETED,2025-03-14T18:48:00
CSH_CMP_202602288,CMP_202602288,ACC_002289,Z015,ATM_Z015_041,14992.6,COMPLETED,2025-01-14T13:24:00
CSH_CMP_202602289,CMP_202602289,ACC_000788,Z038,ATM_Z038_016,3815.84,COMPLETED,2025-03-13T15:35:00
CSH_CMP_202602290,CMP_202602290,ACC_002985,Z045,ATM_Z045_012,17000.9,COMPLETED,2025-01-13T19:15:00
CSH_CMP_202602291,CMP_202602291,ACC_000475,Z004,ATM_Z004_010,20680.67,COMPLETED,2025-01-09T13:12:00
CSH_CMP_202602292,CMP_202602292,ACC_000481,Z002,ATM_Z002_039,23835.14,COMPLETED,2025-06-10T10:14:00
CSH_CMP_202602293,CMP_202602293,ACC_002778,Z056,ATM_Z056_018,1091720.49,COMPLETED,2025-02-06T12:28:00
CSH_CMP_202602294,CMP_202602294,ACC_002223,Z050,ATM_Z050_021,273951.92,COMPLETED,2025-05-31T13:45:00
CSH_CMP_202602295,CMP_202602295,ACC_002986,Z004,ATM_Z004_001,45065.25,COMPLETED,2025-04-22T14:52:00
CSH_CMP_202602296,CMP_202602296,ACC_002223,Z050,ATM_Z050_028,16223.14,COMPLETED,2025-01-01T16:06:00
CSH_CMP_202602297,CMP_202602297,ACC_002984,Z017,ATM_Z017_047,32122.76,COMPLETED,2025-03-20T14:24:00
CSH_CMP_202602298,CMP_202602298,ACC_001921,Z049,ATM_Z049_014,455914.17,COMPLETED,2025-04-07T12:08:00
CSH_CMP_202602299,CMP_202602299,ACC_000016,Z009,ATM_Z009_024,114067.42,COMPLETED,2025-03-08T20:46:00
CSH_CMP_202602300,CMP_202602300,ACC_002276,Z008,ATM_Z008_031,475.1,COMPLETED,2025-02-05T11:17:00
CSH_CMP_202602301,CMP_202602301,ACC_000061,Z009,ATM_Z009_018,9809.09,COMPLETED,2025-02-06T16:49:00
CSH_CMP_202602302,CMP_202602302,ACC_000060,Z015,ATM_Z015_016,7471.07,COMPLETED,2025-06-03T16:17:00
CSH_CMP_202602303,CMP_202602303,ACC_001534,Z002,ATM_Z002_034,396457.76,COMPLETED,2025-05-15T14:23:00
CSH_CMP_202602304,CMP_202602304,ACC_001912,Z030,ATM_Z030_047,2604.95,COMPLETED,2025-03-30T19:42:00
CSH_CMP_202602305,CMP_202602305,ACC_002223,Z009,ATM_Z009_010,60355.41,COMPLETED,2025-01-30T08:22:00
CSH_CMP_202602306,CMP_202602306,ACC_001026,Z006,ATM_Z006_050,18543.15,COMPLETED,2025-02-17T11:11:00
CSH_CMP_202602307,CMP_202602307,ACC_001809,Z007,ATM_Z007_039,23323.81,COMPLETED,2025-06-21T11:47:00
CSH_CMP_202602308,CMP_202602308,ACC_000002,Z016,ATM_Z016_014,5182.69,COMPLETED,2025-04-23T14:50:00
CSH_CMP_202602309,CMP_202602309,ACC_000031,Z009,ATM_Z009_049,4673.57,COMPLETED,2025-06-27T18:33:00
CSH_CMP_202602310,CMP_202602310,ACC_000976,Z006,ATM_Z006_026,4741.24,COMPLETED,2025-02-06T11:06:00
CSH_CMP_202602311,CMP_202602311,ACC_002777,Z042,ATM_Z042_002,6911.97,COMPLETED,2025-03-31T16:46:00
CSH_CMP_202602312,CMP_202602312,ACC_001939,Z049,ATM_Z049_018,14822.09,COMPLETED,2025-04-20T10:47:00
CSH_CMP_202602313,CMP_202602313,ACC_000470,Z057,ATM_Z057_030,36012.62,COMPLETED,2025-03-02T12:47:00
CSH_CMP_202602314,CMP_202602314,ACC_000270,Z052,ATM_Z052_032,0.0,FROZEN,2025-02-06T16:35:00
CSH_CMP_202602315,CMP_202602315,ACC_000030,Z016,ATM_Z016_035,32741.49,COMPLETED,2025-04-04T18:02:00
CSH_CMP_202602316,CMP_202602316,ACC_002289,Z015,ATM_Z015_010,49098.83,COMPLETED,2025-01-28T05:29:00
CSH_CMP_202602317,CMP_202602317,ACC_002443,Z009,ATM_Z009_044,113338.36,COMPLETED,2025-03-29T12:03:00
CSH_CMP_202602318,CMP_202602318,ACC_000061,Z015,ATM_Z015_010,36178.89,COMPLETED,2025-05-16T19:41:00
CSH_CMP_202602319,CMP_202602319,ACC_002778,Z068,ATM_Z068_035,454204.86,COMPLETED,2025-03-23T15:26:00
CSH_CMP_202602320,CMP_202602320,ACC_001913,Z049,ATM_Z049_028,45466.62,COMPLETED,2025-01-22T16:28:00
CSH_CMP_202602321,CMP_202602321,ACC_001914,Z001,ATM_Z001_005,9657.7,COMPLETED,2025-05-04T20:17:00
CSH_CMP_202602322,CMP_202602322,ACC_001233,Z003,ATM_Z003_021,15170.8,COMPLETED,2025-06-25T15:22:00
CSH_CMP_202602323,CMP_202602323,ACC_000266,Z052,ATM_Z052_036,5178.23,COMPLETED,2025-05-30T16:55:00
CSH_CMP_202602324,CMP_202602324,ACC_000473,Z004,ATM_Z004_013,7026.06,COMPLETED,2025-02-06T13:37:00
CSH_CMP_202602325,CMP_202602325,ACC_002299,Z059,ATM_Z059_005,30181.16,COMPLETED,2025-01-25T14:37:00
CSH_CMP_202602326,CMP_202602326,ACC_001919,Z001,ATM_Z001_024,61027.35,COMPLETED,2025-06-14T17:01:00
CSH_CMP_202602327,CMP_202602327,ACC_000002,Z009,ATM_Z009_028,1446.05,COMPLETED,2025-06-22T10:40:00
CSH_CMP_202602328,CMP_202602328,ACC_000783,Z026,ATM_Z026_030,5144.46,COMPLETED,2025-05-28T14:00:00
CSH_CMP_202602329,CMP_202602329,ACC_000267,Z036,ATM_Z036_002,21691.08,COMPLETED,2025-03-25T12:18:00
CSH_CMP_202602330,CMP_202602330,ACC_001921,Z001,ATM_Z001_015,391130.23,COMPLETED,2025-02-05T16:41:00
CSH_CMP_202602331,CMP_202602331,ACC_002834,Z008,ATM_Z008_014,3160.95,COMPLETED,2025-06-06T08:25:00
CSH_CMP_202602332,CMP_202602332,ACC_002775,Z009,ATM_Z009_045,132091.83,COMPLETED,2025-05-12T13:59:00
CSH_CMP_202602333,CMP_202602333,ACC_002291,Z010,ATM_Z010_017,7257.99,COMPLETED,2025-05-19T12:41:00
CSH_CMP_202602334,CMP_202602334,ACC_000060,Z009,ATM_Z009_026,49943.89,COMPLETED,2025-01-10T14:30:00
CSH_CMP_202602335,CMP_202602335,ACC_001100,Z006,ATM_Z006_019,8093.8,COMPLETED,2025-04-03T09:49:00
CSH_CMP_202602336,CMP_202602336,ACC_002984,Z048,ATM_Z048_013,4306.47,COMPLETED,2025-05-24T20:39:00
CSH_CMP_202602337,CMP_202602337,ACC_000107,Z015,ATM_Z015_029,11434.96,COMPLETED,2025-06-11T12:32:00
CSH_CMP_202602338,CMP_202602338,ACC_003022,Z004,ATM_Z004_036,27418.71,COMPLETED,2025-05-05T13:29:00
CSH_CMP_202602339,CMP_202602339,ACC_000328,Z052,ATM_Z052_014,22426.15,COMPLETED,2025-05-14T07:40:00
CSH_CMP_202602340,CMP_202602340,ACC_002287,Z017,ATM_Z017_023,729.44,COMPLETED,2025-06-28T16:53:00
CSH_CMP_202602341,CMP_202602341,ACC_001023,Z006,ATM_Z006_017,6224.91,COMPLETED,2025-05-05T16:36:00
CSH_CMP_202602342,CMP_202602342,ACC_000807,Z066,ATM_Z066_028,7410.09,COMPLETED,2025-05-30T19:14:00
CSH_CMP_202602343,CMP_202602343,ACC_002663,Z075,ATM_Z075_020,36033.41,COMPLETED,2025-03-06T12:51:00
CSH_CMP_202602344,CMP_202602344,ACC_000474,Z002,ATM_Z002_025,13779.25,COMPLETED,2025-03-04T15:42:00
CSH_CMP_202602345,CMP_202602345,ACC_002221,Z049,ATM_Z049_001,640333.92,COMPLETED,2025-04-22T20:48:00
CSH_CMP_202602346,CMP_202602346,ACC_002289,Z010,ATM_Z010_021,1051.1,COMPLETED,2025-02-21T16:44:00
CSH_CMP_202602347,CMP_202602347,ACC_001535,Z002,ATM_Z002_028,742741.64,COMPLETED,2025-05-05T17:03:00
CSH_CMP_202602348,CMP_202602348,ACC_002291,Z003,ATM_Z003_039,37524.62,COMPLETED,2025-01-13T11:19:00
CSH_CMP_202602349,CMP_202602349,ACC_001912,Z009,ATM_Z009_030,12486.08,COMPLETED,2025-01-05T09:11:00
CSH_CMP_202602350,CMP_202602350,ACC_000328,Z036,ATM_Z036_014,3944.95,COMPLETED,2025-05-08T14:01:00
CSH_CMP_202602351,CMP_202602351,ACC_000782,Z051,ATM_Z051_049,155714.39,COMPLETED,2025-04-18T20:46:00
CSH_CMP_202602352,CMP_202602352,ACC_000793,Z038,ATM_Z038_040,101765.77,COMPLETED,2025-04-30T15:09:00
CSH_CMP_202602353,CMP_202602353,ACC_001916,Z002,ATM_Z002_001,0.0,FROZEN,2025-02-07T12:47:00
CSH_CMP_202602354,CMP_202602354,ACC_002289,Z015,ATM_Z015_045,3587.52,COMPLETED,2025-03-08T15:57:00
CSH_CMP_202602355,CMP_202602355,ACC_000791,Z003,ATM_Z003_023,1972.71,COMPLETED,2025-04-20T06:55:00
CSH_CMP_202602356,CMP_202602356,ACC_001031,Z006,ATM_Z006_032,254185.75,COMPLETED,2025-01-27T14:48:00
CSH_CMP_202602357,CMP_202602357,ACC_001079,Z046,ATM_Z046_016,63132.57,COMPLETED,2025-04-27T15:11:00
CSH_CMP_202602358,CMP_202602358,ACC_000330,Z010,ATM_Z010_040,115531.28,COMPLETED,2025-02-23T19:42:00
CSH_CMP_202602359,CMP_202602359,ACC_001120,Z046,ATM_Z046_028,4580.93,COMPLETED,2025-05-24T13:25:00
CSH_CMP_202602360,CMP_202602360,ACC_001534,Z001,ATM_Z001_005,11283.96,COMPLETED,2025-06-13T10:31:00
CSH_CMP_202602361,CMP_202602361,ACC_000002,Z009,ATM_Z009_007,1764.79,COMPLETED,2025-02-11T12:41:00
CSH_CMP_202602362,CMP_202602362,ACC_000782,Z003,ATM_Z003_032,13864.64,COMPLETED,2025-03-10T21:02:00
CSH_CMP_202602363,CMP_202602363,ACC_001398,Z007,ATM_Z007_012,1584.02,COMPLETED,2025-01-21T16:22:00
CSH_CMP_202602364,CMP_202602364,ACC_002769,Z009,ATM_Z009_049,9893.2,COMPLETED,2025-03-17T15:13:00
CSH_CMP_202602365,CMP_202602365,ACC_001912,Z002,ATM_Z002_018,14945.23,COMPLETED,2025-05-11T19:38:00
CSH_CMP_202602366,CMP_202602366,ACC_001023,Z006,ATM_Z006_034,1703.84,COMPLETED,2025-03-02T20:16:00
CSH_CMP_202602367,CMP_202602367,ACC_002448,Z009,ATM_Z009_050,67866.03,COMPLETED,2025-04-26T10:26:00
CSH_CMP_202602368,CMP_202602368,ACC_002777,Z068,ATM_Z068_014,315839.99,COMPLETED,2025-04-15T12:00:00
CSH_CMP_202602369,CMP_202602369,ACC_000060,Z015,ATM_Z015_020,14253.97,COMPLETED,2025-02-11T15:41:00
CSH_CMP_202602370,CMP_202602370,ACC_002290,Z010,ATM_Z010_023,10323.12,COMPLETED,2025-04-29T00:36:00
CSH_CMP_202602371,CMP_202602371,ACC_001280,Z003,ATM_Z003_034,58066.08,COMPLETED,2025-06-19T15:08:00
CSH_CMP_202602372,CMP_202602372,ACC_000472,Z046,ATM_Z046_049,27450.21,COMPLETED,2025-02-11T21:51:00
CSH_CMP_202602373,CMP_202602373,ACC_001945,Z049,ATM_Z049_046,2693.71,COMPLETED,2025-05-22T12:44:00
CSH_CMP_202602374,CMP_202602374,ACC_000266,Z052,ATM_Z052_021,15024.54,COMPLETED,2025-04-17T13:54:00
CSH_CMP_202602375,CMP_202602375,ACC_002289,Z010,ATM_Z010_034,2148.3,COMPLETED,2025-06-29T20:06:00
CSH_CMP_202602376,CMP_202602376,ACC_000401,Z017,ATM_Z017_010,6944.73,COMPLETED,2025-04-26T12:13:00
CSH_CMP_202602377,CMP_202602377,ACC_000473,Z004,ATM_Z004_049,14692.08,COMPLETED,2025-02-01T16:33:00
CSH_CMP_202602378,CMP_202602378,ACC_002780,Z042,ATM_Z042_020,16900.25,COMPLETED,2025-06-05T15:21:00
CSH_CMP_202602379,CMP_202602379,ACC_002986,Z026,ATM_Z026_005,7675.14,COMPLETED,2025-05-03T19:09:00
CSH_CMP_202602380,CMP_202602380,ACC_000352,Z010,ATM_Z010_027,15805.8,COMPLETED,2025-01-26T08:34:00
CSH_CMP_202602381,CMP_202602381,ACC_000846,Z073,ATM_Z073_008,25883.65,COMPLETED,2025-01-23T08:33:00
CSH_CMP_202602382,CMP_202602382,ACC_000336,Z009,ATM_Z009_049,15121.01,COMPLETED,2025-04-08T17:13:00
CSH_CMP_202602383,CMP_202602383,ACC_002287,Z059,ATM_Z059_021,15880.43,COMPLETED,2025-02-05T14:12:00
CSH_CMP_202602384,CMP_202602384,ACC_001536,Z050,ATM_Z050_019,289052.63,COMPLETED,2025-03-30T13:35:00
CSH_CMP_202602385,CMP_202602385,ACC_000003,Z016,ATM_Z016_032,524.76,COMPLETED,2025-01-23T16:24:00
CSH_CMP_202602386,CMP_202602386,ACC_002223,Z022,ATM_Z022_030,198948.18,COMPLETED,2025-06-16T09:59:00
CSH_CMP_202602387,CMP_202602387,ACC_002983,Z045,ATM_Z045_045,1087.71,COMPLETED,2025-02-17T13:49:00
CSH_CMP_202602388,CMP_202602388,ACC_000330,Z010,ATM_Z010_035,22424.34,COMPLETED,2025-02-03T16:55:00
CSH_CMP_202602389,CMP_202602389,ACC_000472,Z002,ATM_Z002_050,6532.31,COMPLETED,2025-04-12T16:58:00
CSH_CMP_202602390,CMP_202602390,ACC_000184,Z015,ATM_Z015_011,3811.58,COMPLETED,2025-04-08T15:02:00
CSH_CMP_202602391,CMP_202602391,ACC_002441,Z015,ATM_Z015_009,1083.23,COMPLETED,2025-05-16T13:20:00
CSH_CMP_202602392,CMP_202602392,ACC_001229,Z035,ATM_Z035_015,4711.9,COMPLETED,2025-06-16T10:47:00
CSH_CMP_202602393,CMP_202602393,ACC_000330,Z002,ATM_Z002_016,353322.12,COMPLETED,2025-01-28T16:11:00
CSH_CMP_202602394,CMP_202602394,ACC_001548,Z007,ATM_Z007_041,18877.91,COMPLETED,2025-06-04T10:34:00
CSH_CMP_202602395,CMP_202602395,ACC_001600,Z001,ATM_Z001_025,13291.42,COMPLETED,2025-02-16T17:39:00
CSH_CMP_202602396,CMP_202602396,ACC_000782,Z051,ATM_Z051_038,5529.18,COMPLETED,2025-02-20T22:05:00
CSH_CMP_202602397,CMP_202602397,ACC_001536,Z007,ATM_Z007_030,726.76,COMPLETED,2025-02-06T18:20:00
CSH_CMP_202602398,CMP_202602398,ACC_002486,Z009,ATM_Z009_011,22452.31,COMPLETED,2025-03-28T14:16:00
CSH_CMP_202602399,CMP_202602399,ACC_001912,Z009,ATM_Z009_009,14894.66,COMPLETED,2025-02-06T18:42:00
CSH_CMP_202602400,CMP_202602400,ACC_000330,Z009,ATM_Z009_014,30026.83,COMPLETED,2025-05-06T20:03:00
CSH_CMP_202602401,CMP_202602401,ACC_001904,Z002,ATM_Z002_033,25259.11,COMPLETED,2025-04-21T13:33:00
CSH_CMP_202602402,CMP_202602402,ACC_000473,Z046,ATM_Z046_039,12871.86,COMPLETED,2025-02-18T19:25:00
CSH_CMP_202602403,CMP_202602403,ACC_002287,Z050,ATM_Z050_013,0.0,FROZEN,2025-05-14T22:06:00
CSH_CMP_202602404,CMP_202602404,ACC_002443,Z009,ATM_Z009_001,42615.81,COMPLETED,2025-03-28T09:10:00
CSH_CMP_202602405,CMP_202602405,ACC_000060,Z009,ATM_Z009_030,7657.2,COMPLETED,2025-05-18T14:24:00
CSH_CMP_202602406,CMP_202602406,ACC_001534,Z002,ATM_Z002_043,4818.3,COMPLETED,2025-01-23T22:04:00
CSH_CMP_202602407,CMP_202602407,ACC_002983,Z004,ATM_Z004_035,22540.76,COMPLETED,2025-03-31T11:05:00
CSH_CMP_202602408,CMP_202602408,ACC_002223,Z017,ATM_Z017_049,30156.55,COMPLETED,2025-02-07T20:07:00
CSH_CMP_202602409,CMP_202602409,ACC_001594,Z009,ATM_Z009_045,4552.61,COMPLETED,2025-04-18T10:30:00
CSH_CMP_202602410,CMP_202602410,ACC_002983,Z004,ATM_Z004_037,46808.45,COMPLETED,2025-06-25T17:04:00
CSH_CMP_202602411,CMP_202602411,ACC_001023,Z006,ATM_Z006_010,4990.21,COMPLETED,2025-02-27T16:25:00
CSH_CMP_202602412,CMP_202602412,ACC_002777,Z068,ATM_Z068_038,36191.49,COMPLETED,2025-04-29T15:45:00
CSH_CMP_202602413,CMP_202602413,ACC_002233,Z050,ATM_Z050_031,6122.16,COMPLETED,2025-05-03T09:28:00
CSH_CMP_202602414,CMP_202602414,ACC_000004,Z016,ATM_Z016_009,1413.76,COMPLETED,2025-01-23T20:32:00
CSH_CMP_202602415,CMP_202602415,ACC_000002,Z009,ATM_Z009_009,12530.88,COMPLETED,2025-01-27T12:15:00
CSH_CMP_202602416,CMP_202602416,ACC_000782,Z003,ATM_Z003_035,7300.95,COMPLETED,2025-01-21T15:49:00
CSH_CMP_202602417,CMP_202602417,ACC_002917,Z070,ATM_Z070_037,394867.58,COMPLETED,2025-02-01T18:59:00
CSH_CMP_202602418,CMP_202602418,ACC_001013,Z068,ATM_Z068_048,69279.81,COMPLETED,2025-05-25T15:07:00
CSH_CMP_202602419,CMP_202602419,ACC_002983,Z045,ATM_Z045_040,29131.37,COMPLETED,2025-03-19T17:54:00
CSH_CMP_202602420,CMP_202602420,ACC_001021,Z051,ATM_Z051_034,7408.01,COMPLETED,2025-02-06T13:11:00
CSH_CMP_202602421,CMP_202602421,ACC_002443,Z002,ATM_Z002_038,168700.67,COMPLETED,2025-04-18T15:14:00
CSH_CMP_202602422,CMP_202602422,ACC_002997,Z045,ATM_Z045_045,2357.88,COMPLETED,2025-04-16T21:17:00
CSH_CMP_202602423,CMP_202602423,ACC_000280,Z006,ATM_Z006_048,6281.0,COMPLETED,2025-02-11T12:33:00
CSH_CMP_202602424,CMP_202602424,ACC_002779,Z042,ATM_Z042_029,284703.51,COMPLETED,2025-05-17T16:21:00
CSH_CMP_202602425,CMP_202602425,ACC_002992,Z017,ATM_Z017_035,40017.31,COMPLETED,2025-03-18T18:55:00
CSH_CMP_202602426,CMP_202602426,ACC_002223,Z017,ATM_Z017_014,126223.23,COMPLETED,2025-01-05T12:26:00
CSH_CMP_202602427,CMP_202602427,ACC_001023,Z046,ATM_Z046_020,10799.56,COMPLETED,2025-05-04T10:24:00
CSH_CMP_202602428,CMP_202602428,ACC_000782,Z051,ATM_Z051_039,7274.35,COMPLETED,2025-04-12T15:02:00
CSH_CMP_202602429,CMP_202602429,ACC_000921,Z074,ATM_Z074_040,6494.21,COMPLETED,2025-05-24T09:59:00
CSH_CMP_202602430,CMP_202602430,ACC_000060,Z005,ATM_Z005_010,640.34,COMPLETED,2025-04-25T12:20:00
CSH_CMP_202602431,CMP_202602431,ACC_001551,Z002,ATM_Z002_037,247168.06,COMPLETED,2025-04-27T22:16:00
CSH_CMP_202602432,CMP_202602432,ACC_000268,Z006,ATM_Z006_031,39984.17,COMPLETED,2025-06-29T16:18:00
CSH_CMP_202602433,CMP_202602433,ACC_000887,Z015,ATM_Z015_050,5273.22,COMPLETED,2025-06-20T19:07:00
CSH_CMP_202602434,CMP_202602434,ACC_000269,Z049,ATM_Z049_025,17196.11,COMPLETED,2025-05-05T00:08:00
CSH_CMP_202602435,CMP_202602435,ACC_002781,Z009,ATM_Z009_032,507930.01,COMPLETED,2025-02-23T05:49:00
CSH_CMP_202602436,CMP_202602436,ACC_001229,Z003,ATM_Z003_006,148707.41,COMPLETED,2025-06-12T16:07:00
CSH_CMP_202602437,CMP_202602437,ACC_001025,Z006,ATM_Z006_041,32912.8,COMPLETED,2025-02-16T13:29:00
CSH_CMP_202602438,CMP_202602438,ACC_000060,Z009,ATM_Z009_050,28693.28,COMPLETED,2025-05-24T12:13:00
CSH_CMP_202602439,CMP_202602439,ACC_000330,Z075,ATM_Z075_026,33560.67,COMPLETED,2025-01-05T11:29:00
CSH_CMP_202602440,CMP_202602440,ACC_000330,Z009,ATM_Z009_048,0.0,FROZEN,2025-03-26T10:17:00
CSH_CMP_202602441,CMP_202602441,ACC_002784,Z008,ATM_Z008_004,276002.27,COMPLETED,2025-06-19T16:58:00
CSH_CMP_202602442,CMP_202602442,ACC_002444,Z002,ATM_Z002_003,55736.95,COMPLETED,2025-01-04T15:04:00
CSH_CMP_202602443,CMP_202602443,ACC_000063,Z047,ATM_Z047_046,8455.72,COMPLETED,2025-06-27T16:36:00
CSH_CMP_202602444,CMP_202602444,ACC_001240,Z003,ATM_Z003_039,5817.94,COMPLETED,2025-02-20T18:46:00
CSH_CMP_202602445,CMP_202602445,ACC_001536,Z007,ATM_Z007_039,150637.54,COMPLETED,2025-05-17T16:00:00
CSH_CMP_202602446,CMP_202602446,ACC_000062,Z009,ATM_Z009_038,21270.79,COMPLETED,2025-06-19T14:59:00
CSH_CMP_202602447,CMP_202602447,ACC_002491,Z009,ATM_Z009_034,15350.18,COMPLETED,2025-03-05T08:28:00
CSH_CMP_202602448,CMP_202602448,ACC_002782,Z025,ATM_Z025_030,249992.56,COMPLETED,2025-02-05T17:26:00
CSH_CMP_202602449,CMP_202602449,ACC_000002,Z016,ATM_Z016_027,11339.17,COMPLETED,2025-03-08T13:02:00
CSH_CMP_202602450,CMP_202602450,ACC_000328,Z036,ATM_Z036_025,8502.17,COMPLETED,2025-04-14T17:59:00
CSH_CMP_202602451,CMP_202602451,ACC_002987,Z045,ATM_Z045_046,2181.68,COMPLETED,2025-02-06T09:54:00
CSH_CMP_202602452,CMP_202602452,ACC_001227,Z046,ATM_Z046_019,7315.08,COMPLETED,2025-02-12T16:55:00
CSH_CMP_202602453,CMP_202602453,ACC_002444,Z011,ATM_Z011_014,20735.01,COMPLETED,2025-03-15T09:45:00
CSH_CMP_202602454,CMP_202602454,ACC_000328,Z006,ATM_Z006_028,15709.43,COMPLETED,2025-05-20T11:47:00
CSH_CMP_202602455,CMP_202602455,ACC_003040,Z004,ATM_Z004_048,25249.71,COMPLETED,2025-01-15T17:22:00
CSH_CMP_202602456,CMP_202602456,ACC_000473,Z002,ATM_Z002_033,9158.87,COMPLETED,2025-05-20T04:44:00
CSH_CMP_202602457,CMP_202602457,ACC_001534,Z007,ATM_Z007_018,42099.34,COMPLETED,2025-02-20T14:56:00
CSH_CMP_202602458,CMP_202602458,ACC_000136,Z009,ATM_Z009_020,12192.24,COMPLETED,2025-04-30T01:23:00
CSH_CMP_202602459,CMP_202602459,ACC_002300,Z010,ATM_Z010_014,4976.29,COMPLETED,2025-06-17T19:00:00
CSH_CMP_202602460,CMP_202602460,ACC_000061,Z009,ATM_Z009_015,42564.73,COMPLETED,2025-03-18T07:21:00
CSH_CMP_202602461,CMP_202602461,ACC_001912,Z002,ATM_Z002_041,7986.26,COMPLETED,2025-05-16T20:28:00
CSH_CMP_202602462,CMP_202602462,ACC_000061,Z009,ATM_Z009_011,8262.42,COMPLETED,2025-03-20T11:23:00
CSH_CMP_202602463,CMP_202602463,ACC_002983,Z004,ATM_Z004_010,10417.05,COMPLETED,2025-03-05T18:54:00
CSH_CMP_202602464,CMP_202602464,ACC_000340,Z010,ATM_Z010_003,102011.05,COMPLETED,2025-02-14T22:59:00
CSH_CMP_202602465,CMP_202602465,ACC_001536,Z002,ATM_Z002_031,20307.11,COMPLETED,2025-05-28T16:21:00
CSH_CMP_202602466,CMP_202602466,ACC_002781,Z042,ATM_Z042_032,153099.46,COMPLETED,2025-03-09T19:00:00
CSH_CMP_202602467,CMP_202602467,ACC_000333,Z032,ATM_Z032_006,8233.47,COMPLETED,2025-04-18T17:21:00
CSH_CMP_202602468,CMP_202602468,ACC_000056,Z050,ATM_Z050_029,0.0,FROZEN,2025-06-12T23:14:00
CSH_CMP_202602469,CMP_202602469,ACC_001534,Z007,ATM_Z007_010,40867.47,COMPLETED,2025-01-25T20:16:00
CSH_CMP_202602470,CMP_202602470,ACC_000782,Z038,ATM_Z038_018,5189.07,COMPLETED,2025-06-26T20:35:00
CSH_CMP_202602471,CMP_202602471,ACC_001440,Z015,ATM_Z015_034,16274.5,COMPLETED,2025-04-14T08:31:00
CSH_CMP_202602472,CMP_202602472,ACC_003002,Z026,ATM_Z026_032,3794.44,COMPLETED,2025-06-14T09:32:00
CSH_CMP_202602473,CMP_202602473,ACC_002456,Z063,ATM_Z063_004,14505.39,COMPLETED,2025-03-26T14:11:00
CSH_CMP_202602474,CMP_202602474,ACC_002226,Z023,ATM_Z023_040,11515.32,COMPLETED,2025-03-13T13:32:00
CSH_CMP_202602475,CMP_202602475,ACC_000331,Z002,ATM_Z002_050,9464.49,COMPLETED,2025-03-13T13:31:00
CSH_CMP_202602476,CMP_202602476,ACC_001473,Z045,ATM_Z045_006,25220.87,COMPLETED,2025-06-27T14:45:00
CSH_CMP_202602477,CMP_202602477,ACC_002779,Z009,ATM_Z009_016,770158.4,COMPLETED,2025-02-17T14:30:00
CSH_CMP_202602478,CMP_202602478,ACC_000019,Z036,ATM_Z036_043,5749.33,COMPLETED,2025-03-24T12:42:00
CSH_CMP_202602479,CMP_202602479,ACC_002223,Z050,ATM_Z050_024,44894.62,COMPLETED,2025-01-08T18:40:00
CSH_CMP_202602480,CMP_202602480,ACC_001025,Z006,ATM_Z006_015,11051.31,COMPLETED,2025-03-07T15:57:00
CSH_CMP_202602481,CMP_202602481,ACC_000687,Z004,ATM_Z004_036,0.0,FROZEN,2025-06-05T11:05:00
CSH_CMP_202602482,CMP_202602482,ACC_000061,Z063,ATM_Z063_015,2901.42,COMPLETED,2025-01-23T14:17:00
CSH_CMP_202602483,CMP_202602483,ACC_001026,Z046,ATM_Z046_002,1971.75,COMPLETED,2025-03-21T17:28:00
CSH_CMP_202602484,CMP_202602484,ACC_002443,Z009,ATM_Z009_038,66725.91,COMPLETED,2025-01-04T18:50:00
CSH_CMP_202602485,CMP_202602485,ACC_000058,Z035,ATM_Z035_019,25939.98,COMPLETED,2025-01-21T15:20:00
CSH_CMP_202602486,CMP_202602486,ACC_000331,Z010,ATM_Z010_014,65849.26,COMPLETED,2025-03-15T12:24:00
CSH_CMP_202602487,CMP_202602487,ACC_002984,Z045,ATM_Z045_033,15323.38,COMPLETED,2025-06-08T20:34:00
CSH_CMP_202602488,CMP_202602488,ACC_002731,Z009,ATM_Z009_025,81536.75,COMPLETED,2025-05-14T17:04:00
CSH_CMP_202602489,CMP_202602489,ACC_002058,Z002,ATM_Z002_019,273838.51,COMPLETED,2025-04-07T20:03:00
CSH_CMP_202602490,CMP_202602490,ACC_002983,Z045,ATM_Z045_003,54668.64,COMPLETED,2025-06-02T13:50:00
CSH_CMP_202602491,CMP_202602491,ACC_003040,Z045,ATM_Z045_048,2327.22,COMPLETED,2025-01-09T14:53:00
CSH_CMP_202602492,CMP_202602492,ACC_002296,Z010,ATM_Z010_033,28535.87,COMPLETED,2025-01-21T12:54:00
CSH_CMP_202602493,CMP_202602493,ACC_002443,Z002,ATM_Z002_026,15815.77,COMPLETED,2025-05-30T14:10:00
CSH_CMP_202602494,CMP_202602494,ACC_001913,Z049,ATM_Z049_040,385669.76,COMPLETED,2025-05-12T19:58:00
CSH_CMP_202602495,CMP_202602495,ACC_000060,Z009,ATM_Z009_008,13621.73,COMPLETED,2025-04-27T11:17:00
CSH_CMP_202602496,CMP_202602496,ACC_000264,Z015,ATM_Z015_041,6819.63,COMPLETED,2025-03-17T15:59:00
CSH_CMP_202602497,CMP_202602497,ACC_002486,Z010,ATM_Z010_004,11610.48,COMPLETED,2025-04-27T12:59:00
CSH_CMP_202602498,CMP_202602498,ACC_000060,Z009,ATM_Z009_037,13839.88,COMPLETED,2025-01-26T17:43:00
CSH_CMP_202602499,CMP_202602499,ACC_002444,Z011,ATM_Z011_021,26856.39,COMPLETED,2025-05-02T09:32:00
CSH_CMP_202602500,CMP_202602500,ACC_000008,Z016,ATM_Z016_031,17685.44,COMPLETED,2025-04-09T18:20:00
CSH_CMP_202602501,CMP_202602501,ACC_002991,Z004,ATM_Z004_049,112943.73,COMPLETED,2025-03-13T06:50:00
CSH_CMP_202602502,CMP_202602502,ACC_000472,Z046,ATM_Z046_033,38960.88,COMPLETED,2025-06-17T15:05:00
CSH_CMP_202602503,CMP_202602503,ACC_001023,Z046,ATM_Z046_005,7719.23,COMPLETED,2025-05-11T09:45:00
CSH_CMP_202602504,CMP_202602504,ACC_001912,Z036,ATM_Z036_036,140047.08,COMPLETED,2025-04-04T09:32:00
CSH_CMP_202602505,CMP_202602505,ACC_002983,Z045,ATM_Z045_012,12017.13,COMPLETED,2025-05-30T08:23:00
CSH_CMP_202602506,CMP_202602506,ACC_001227,Z046,ATM_Z046_037,55366.86,COMPLETED,2025-05-13T10:14:00
CSH_CMP_202602507,CMP_202602507,ACC_002443,Z009,ATM_Z009_048,297386.3,COMPLETED,2025-04-03T15:15:00
CSH_CMP_202602508,CMP_202602508,ACC_000305,Z006,ATM_Z006_048,8721.26,COMPLETED,2025-02-02T13:48:00
CSH_CMP_202602509,CMP_202602509,ACC_000060,Z015,ATM_Z015_042,114760.62,COMPLETED,2025-02-24T08:17:00
CSH_CMP_202602510,CMP_202602510,ACC_001912,Z009,ATM_Z009_040,268867.1,COMPLETED,2025-04-04T10:47:00
CSH_CMP_202602511,CMP_202602511,ACC_002983,Z045,ATM_Z045_049,6977.66,COMPLETED,2025-02-28T20:12:00
CSH_CMP_202602512,CMP_202602512,ACC_002823,Z056,ATM_Z056_019,49076.53,COMPLETED,2025-02-12T10:19:00
CSH_CMP_202602513,CMP_202602513,ACC_000472,Z004,ATM_Z004_009,0.0,FROZEN,2025-02-11T20:05:00
CSH_CMP_202602514,CMP_202602514,ACC_000328,Z052,ATM_Z052_019,21844.3,COMPLETED,2025-04-21T12:53:00
CSH_CMP_202602515,CMP_202602515,ACC_001877,Z051,ATM_Z051_025,23830.59,COMPLETED,2025-05-05T12:02:00
CSH_CMP_202602516,CMP_202602516,ACC_002289,Z010,ATM_Z010_047,3404.9,COMPLETED,2025-03-31T19:00:00
CSH_CMP_202602517,CMP_202602517,ACC_000788,Z034,ATM_Z034_032,79910.06,COMPLETED,2025-05-31T17:40:00
CSH_CMP_202602518,CMP_202602518,ACC_000266,Z006,ATM_Z006_001,6075.88,COMPLETED,2025-06-21T14:53:00
CSH_CMP_202602519,CMP_202602519,ACC_000060,Z031,ATM_Z031_001,1118.37,COMPLETED,2025-02-17T16:18:00
CSH_CMP_202602520,CMP_202602520,ACC_000782,Z038,ATM_Z038_012,17582.35,COMPLETED,2025-02-04T17:43:00
CSH_CMP_202602521,CMP_202602521,ACC_002228,Z022,ATM_Z022_031,7477.65,COMPLETED,2025-06-15T20:25:00
CSH_CMP_202602522,CMP_202602522,ACC_001912,Z001,ATM_Z001_015,551.28,COMPLETED,2025-04-03T14:52:00
CSH_CMP_202602523,CMP_202602523,ACC_001230,Z004,ATM_Z004_025,15980.56,COMPLETED,2025-05-06T07:52:00
CSH_CMP_202602524,CMP_202602524,ACC_000025,Z016,ATM_Z016_007,24979.27,COMPLETED,2025-05-30T13:20:00
CSH_CMP_202602525,CMP_202602525,ACC_002444,Z011,ATM_Z011_045,9371.19,COMPLETED,2025-04-06T14:33:00
CSH_CMP_202602526,CMP_202602526,ACC_000783,Z026,ATM_Z026_018,9506.61,COMPLETED,2025-01-28T20:39:00
CSH_CMP_202602527,CMP_202602527,ACC_002443,Z009,ATM_Z009_012,24542.81,COMPLETED,2025-05-25T21:36:00
CSH_CMP_202602528,CMP_202602528,ACC_002450,Z023,ATM_Z023_013,4116.94,COMPLETED,2025-05-05T13:22:00
CSH_CMP_202602529,CMP_202602529,ACC_000474,Z004,ATM_Z004_030,57593.87,COMPLETED,2025-06-11T21:14:00
CSH_CMP_202602530,CMP_202602530,ACC_000012,Z016,ATM_Z016_026,2065.26,COMPLETED,2025-01-17T18:13:00
CSH_CMP_202602531,CMP_202602531,ACC_000381,Z017,ATM_Z017_007,3245.08,COMPLETED,2025-03-20T13:29:00
CSH_CMP_202602532,CMP_202602532,ACC_000002,Z016,ATM_Z016_042,9830.44,COMPLETED,2025-05-23T13:42:00
CSH_CMP_202602533,CMP_202602533,ACC_001933,Z049,ATM_Z049_040,51919.39,COMPLETED,2025-06-17T16:55:00
CSH_CMP_202602534,CMP_202602534,ACC_000472,Z002,ATM_Z002_019,1361.89,COMPLETED,2025-01-12T10:20:00
CSH_CMP_202602535,CMP_202602535,ACC_000003,Z016,ATM_Z016_029,88184.74,COMPLETED,2025-01-13T21:55:00
CSH_CMP_202602536,CMP_202602536,ACC_002221,Z009,ATM_Z009_050,9435.18,COMPLETED,2025-01-26T15:33:00
CSH_CMP_202602537,CMP_202602537,ACC_001024,Z046,ATM_Z046_002,8604.91,COMPLETED,2025-05-12T13:53:00
CSH_CMP_202602538,CMP_202602538,ACC_001233,Z035,ATM_Z035_048,6571.75,COMPLETED,2025-01-31T20:59:00
CSH_CMP_202602539,CMP_202602539,ACC_001229,Z075,ATM_Z075_004,8892.12,COMPLETED,2025-01-26T15:55:00
CSH_CMP_202602540,CMP_202602540,ACC_000474,Z002,ATM_Z002_005,17707.47,COMPLETED,2025-06-05T13:34:00
CSH_CMP_202602541,CMP_202602541,ACC_002407,Z004,ATM_Z004_020,56688.0,COMPLETED,2025-06-18T12:40:00
CSH_CMP_202602542,CMP_202602542,ACC_000473,Z002,ATM_Z002_025,5067.8,COMPLETED,2025-06-16T14:12:00
CSH_CMP_202602543,CMP_202602543,ACC_002291,Z010,ATM_Z010_031,9006.89,COMPLETED,2025-04-02T12:54:00
CSH_CMP_202602544,CMP_202602544,ACC_002556,Z001,ATM_Z001_037,10673.79,COMPLETED,2025-01-03T12:53:00
CSH_CMP_202602545,CMP_202602545,ACC_000267,Z006,ATM_Z006_042,18411.11,COMPLETED,2025-02-01T00:16:00
CSH_CMP_202602546,CMP_202602546,ACC_000335,Z010,ATM_Z010_029,53978.77,COMPLETED,2025-04-18T15:25:00
CSH_CMP_202602547,CMP_202602547,ACC_002984,Z017,ATM_Z017_003,28212.84,COMPLETED,2025-06-21T17:51:00
CSH_CMP_202602548,CMP_202602548,ACC_000473,Z002,ATM_Z002_027,10140.83,COMPLETED,2025-03-21T16:46:00
CSH_CMP_202602549,CMP_202602549,ACC_000268,Z031,ATM_Z031_019,0.0,FROZEN,2025-02-19T22:25:00
CSH_CMP_202602550,CMP_202602550,ACC_001913,Z001,ATM_Z001_014,1368045.73,COMPLETED,2025-03-30T10:30:00
CSH_CMP_202602551,CMP_202602551,ACC_000266,Z052,ATM_Z052_033,7723.24,COMPLETED,2025-04-22T08:58:00
CSH_CMP_202602552,CMP_202602552,ACC_000271,Z052,ATM_Z052_049,5657.72,COMPLETED,2025-03-28T11:57:00
CSH_CMP_202602553,CMP_202602553,ACC_000783,Z051,ATM_Z051_031,33750.41,COMPLETED,2025-01-27T12:48:00
CSH_CMP_202602554,CMP_202602554,ACC_001912,Z001,ATM_Z001_007,23698.96,COMPLETED,2025-06-01T23:04:00
CSH_CMP_202602555,CMP_202602555,ACC_001229,Z004,ATM_Z004_020,5396.58,COMPLETED,2025-01-12T15:08:00
CSH_CMP_202602556,CMP_202602556,ACC_000330,Z010,ATM_Z010_005,52392.92,COMPLETED,2025-06-27T04:42:00
CSH_CMP_202602557,CMP_202602557,ACC_000264,Z015,ATM_Z015_047,4194.68,COMPLETED,2025-02-04T12:14:00
CSH_CMP_202602558,CMP_202602558,ACC_002465,Z011,ATM_Z011_002,115734.25,COMPLETED,2025-06-27T08:49:00
CSH_CMP_202602559,CMP_202602559,ACC_002223,Z050,ATM_Z050_025,12386.1,COMPLETED,2025-01-10T16:53:00
CSH_CMP_202602560,CMP_202602560,ACC_002988,Z045,ATM_Z045_032,12779.76,COMPLETED,2025-04-13T15:38:00
CSH_CMP_202602561,CMP_202602561,ACC_002456,Z002,ATM_Z002_011,14174.26,COMPLETED,2025-04-02T09:30:00
CSH_CMP_202602562,CMP_202602562,ACC_001538,Z001,ATM_Z001_046,12306.97,COMPLETED,2025-03-07T13:07:00
CSH_CMP_202602563,CMP_202602563,ACC_002223,Z050,ATM_Z050_006,23993.39,COMPLETED,2025-04-14T13:37:00
CSH_CMP_202602564,CMP_202602564,ACC_002292,Z010,ATM_Z010_043,4383.01,COMPLETED,2025-01-31T18:22:00
CSH_CMP_202602565,CMP_202602565,ACC_001027,Z059,ATM_Z059_036,4794.68,COMPLETED,2025-02-24T15:51:00
CSH_CMP_202602566,CMP_202602566,ACC_000003,Z016,ATM_Z016_047,6605.34,COMPLETED,2025-03-07T12:04:00
CSH_CMP_202602567,CMP_202602567,ACC_000785,Z003,ATM_Z003_033,93338.52,COMPLETED,2025-03-02T16:38:00
CSH_CMP_202602568,CMP_202602568,ACC_000838,Z038,ATM_Z038_027,10406.54,COMPLETED,2025-02-11T17:02:00
CSH_CMP_202602569,CMP_202602569,ACC_002777,Z068,ATM_Z068_017,142522.96,COMPLETED,2025-03-10T06:45:00
CSH_CMP_202602570,CMP_202602570,ACC_001024,Z006,ATM_Z006_036,5965.65,COMPLETED,2025-03-04T11:47:00
CSH_CMP_202602571,CMP_202602571,ACC_000069,Z015,ATM_Z015_002,6578.52,COMPLETED,2025-02-02T15:15:00
CSH_CMP_202602572,CMP_202602572,ACC_001913,Z002,ATM_Z002_034,16089.2,COMPLETED,2025-06-17T15:20:00
CSH_CMP_202602573,CMP_202602573,ACC_000330,Z010,ATM_Z010_017,11401.65,COMPLETED,2025-02-12T14:37:00
CSH_CMP_202602574,CMP_202602574,ACC_002223,Z017,ATM_Z017_011,11021.72,COMPLETED,2025-03-08T14:37:00
CSH_CMP_202602575,CMP_202602575,ACC_000070,Z015,ATM_Z015_047,6693.32,COMPLETED,2025-03-25T23:24:00
CSH_CMP_202602576,CMP_202602576,ACC_001023,Z046,ATM_Z046_007,2323.63,COMPLETED,2025-02-10T17:09:00
CSH_CMP_202602577,CMP_202602577,ACC_000002,Z016,ATM_Z016_042,1466.5,COMPLETED,2025-02-16T10:12:00
CSH_CMP_202602578,CMP_202602578,ACC_002699,Z075,ATM_Z075_012,5886.06,COMPLETED,2025-06-13T14:37:00
CSH_CMP_202602579,CMP_202602579,ACC_002287,Z050,ATM_Z050_017,9859.74,COMPLETED,2025-01-02T12:28:00
CSH_CMP_202602580,CMP_202602580,ACC_000268,Z006,ATM_Z006_049,5354.73,COMPLETED,2025-04-25T17:01:00
CSH_CMP_202602581,CMP_202602581,ACC_002994,Z026,ATM_Z026_031,6546.44,COMPLETED,2025-05-28T14:30:00
CSH_CMP_202602582,CMP_202602582,ACC_002443,Z002,ATM_Z002_049,23023.52,COMPLETED,2025-01-27T16:59:00
CSH_CMP_202602583,CMP_202602583,ACC_001246,Z004,ATM_Z004_034,26043.75,COMPLETED,2025-04-18T21:45:00
CSH_CMP_202602584,CMP_202602584,ACC_000828,Z026,ATM_Z026_021,24921.94,COMPLETED,2025-02-05T21:10:00
CSH_CMP_202602585,CMP_202602585,ACC_000060,Z015,ATM_Z015_042,17519.33,COMPLETED,2025-01-21T19:24:00
CSH_CMP_202602586,CMP_202602586,ACC_001250,Z075,ATM_Z075_012,33828.66,COMPLETED,2025-03-08T21:19:00
CSH_CMP_202602587,CMP_202602587,ACC_000472,Z046,ATM_Z046_048,4634.93,COMPLETED,2025-02-09T12:08:00
CSH_CMP_202602588,CMP_202602588,ACC_001297,Z035,ATM_Z035_027,4361.97,COMPLETED,2025-02-16T05:47:00
CSH_CMP_202602589,CMP_202602589,ACC_002295,Z015,ATM_Z015_037,10016.91,COMPLETED,2025-03-26T17:08:00
CSH_CMP_202602590,CMP_202602590,ACC_001231,Z003,ATM_Z003_049,11305.31,COMPLETED,2025-03-02T13:52:00
CSH_CMP_202602591,CMP_202602591,ACC_002290,Z015,ATM_Z015_009,7339.44,COMPLETED,2025-03-01T22:11:00
CSH_CMP_202602592,CMP_202602592,ACC_001535,Z007,ATM_Z007_026,30157.34,COMPLETED,2025-01-01T18:44:00
CSH_CMP_202602593,CMP_202602593,ACC_003040,Z026,ATM_Z026_013,4554.59,COMPLETED,2025-01-06T10:51:00
CSH_CMP_202602594,CMP_202602594,ACC_000003,Z016,ATM_Z016_014,70799.14,COMPLETED,2025-02-08T15:49:00
CSH_CMP_202602595,CMP_202602595,ACC_002454,Z011,ATM_Z011_015,70833.27,COMPLETED,2025-02-25T09:58:00
CSH_CMP_202602596,CMP_202602596,ACC_000472,Z004,ATM_Z004_043,2976.32,COMPLETED,2025-03-10T12:59:00
CSH_CMP_202602597,CMP_202602597,ACC_000267,Z036,ATM_Z036_008,3556.87,COMPLETED,2025-06-25T11:32:00
CSH_CMP_202602598,CMP_202602598,ACC_001918,Z001,ATM_Z001_017,6326.86,COMPLETED,2025-04-24T17:06:00
CSH_CMP_202602599,CMP_202602599,ACC_001541,Z002,ATM_Z002_018,8968.78,COMPLETED,2025-03-09T15:33:00
CSH_CMP_202602600,CMP_202602600,ACC_002781,Z009,ATM_Z009_029,15660.51,COMPLETED,2025-01-13T16:23:00
CSH_CMP_202602601,CMP_202602601,ACC_002984,Z045,ATM_Z045_040,19009.9,COMPLETED,2025-03-23T17:09:00
CSH_CMP_202602602,CMP_202602602,ACC_000266,Z006,ATM_Z006_040,12485.57,COMPLETED,2025-01-31T10:20:00
CSH_CMP_202602603,CMP_202602603,ACC_000783,Z038,ATM_Z038_045,33548.74,COMPLETED,2025-03-09T05:25:00
CSH_CMP_202602604,CMP_202602604,ACC_001027,Z046,ATM_Z046_046,19366.77,COMPLETED,2025-03-17T15:50:00
CSH_CMP_202602605,CMP_202602605,ACC_001229,Z075,ATM_Z075_001,3336.0,COMPLETED,2025-05-05T19:30:00
CSH_CMP_202602606,CMP_202602606,ACC_001591,Z001,ATM_Z001_002,198485.15,COMPLETED,2025-03-19T17:00:00
CSH_CMP_202602607,CMP_202602607,ACC_002443,Z009,ATM_Z009_035,117135.39,COMPLETED,2025-01-15T16:19:00
CSH_CMP_202602608,CMP_202602608,ACC_000060,Z015,ATM_Z015_003,4177.4,COMPLETED,2025-05-25T13:04:00
CSH_CMP_202602609,CMP_202602609,ACC_002443,Z009,ATM_Z009_040,38152.38,COMPLETED,2025-01-17T12:35:00
CSH_CMP_202602610,CMP_202602610,ACC_001576,Z007,ATM_Z007_029,1483.73,COMPLETED,2025-03-07T11:38:00
CSH_CMP_202602611,CMP_202602611,ACC_002457,Z011,ATM_Z011_032,18452.4,COMPLETED,2025-03-27T16:26:00
CSH_CMP_202602612,CMP_202602612,ACC_002294,Z010,ATM_Z010_038,843.5,COMPLETED,2025-01-30T22:18:00
CSH_CMP_202602613,CMP_202602613,ACC_001229,Z035,ATM_Z035_017,4458.79,COMPLETED,2025-04-23T20:48:00
CSH_CMP_202602614,CMP_202602614,ACC_002290,Z015,ATM_Z015_006,6344.66,COMPLETED,2025-04-22T22:44:00
CSH_CMP_202602615,CMP_202602615,ACC_002496,Z015,ATM_Z015_034,206361.61,COMPLETED,2025-01-09T13:33:00
CSH_CMP_202602616,CMP_202602616,ACC_002777,Z008,ATM_Z008_017,6158.94,COMPLETED,2025-02-22T12:06:00
CSH_CMP_202602617,CMP_202602617,ACC_002233,Z050,ATM_Z050_044,5572.25,COMPLETED,2025-03-09T12:08:00
CSH_CMP_202602618,CMP_202602618,ACC_002296,Z015,ATM_Z015_002,2098.95,COMPLETED,2025-01-20T11:09:00
CSH_CMP_202602619,CMP_202602619,ACC_001538,Z007,ATM_Z007_024,26874.13,COMPLETED,2025-05-07T13:53:00
CSH_CMP_202602620,CMP_202602620,ACC_001024,Z046,ATM_Z046_033,10785.81,COMPLETED,2025-01-09T23:44:00
CSH_CMP_202602621,CMP_202602621,ACC_000472,Z046,ATM_Z046_037,31618.83,COMPLETED,2025-02-12T14:44:00
CSH_CMP_202602622,CMP_202602622,ACC_000060,Z015,ATM_Z015_002,9712.33,COMPLETED,2025-06-16T14:18:00
CSH_CMP_202602623,CMP_202602623,ACC_000330,Z055,ATM_Z055_023,4693.76,COMPLETED,2025-02-13T15:51:00
CSH_CMP_202602624,CMP_202602624,ACC_000470,Z032,ATM_Z032_041,218782.0,COMPLETED,2025-05-26T19:39:00
CSH_CMP_202602625,CMP_202602625,ACC_002443,Z011,ATM_Z011_009,197011.81,COMPLETED,2025-01-14T14:21:00
CSH_CMP_202602626,CMP_202602626,ACC_000716,Z042,ATM_Z042_043,137537.67,COMPLETED,2025-06-18T15:57:00
CSH_CMP_202602627,CMP_202602627,ACC_000266,Z036,ATM_Z036_041,25250.56,COMPLETED,2025-02-13T16:10:00
CSH_CMP_202602628,CMP_202602628,ACC_000003,Z016,ATM_Z016_026,4265.13,COMPLETED,2025-04-26T20:33:00
CSH_CMP_202602629,CMP_202602629,ACC_002443,Z009,ATM_Z009_009,9983.98,COMPLETED,2025-01-04T11:33:00
CSH_CMP_202602630,CMP_202602630,ACC_001639,Z036,ATM_Z036_020,15009.22,COMPLETED,2025-04-10T14:46:00
CSH_CMP_202602631,CMP_202602631,ACC_000473,Z004,ATM_Z004_009,13689.14,COMPLETED,2025-06-02T16:11:00
CSH_CMP_202602632,CMP_202602632,ACC_000272,Z052,ATM_Z052_027,23448.38,COMPLETED,2025-01-17T09:24:00
CSH_CMP_202602633,CMP_202602633,ACC_001916,Z002,ATM_Z002_007,70127.4,COMPLETED,2025-01-12T02:24:00
CSH_CMP_202602634,CMP_202602634,ACC_002443,Z002,ATM_Z002_038,108847.81,COMPLETED,2025-03-27T15:23:00
CSH_CMP_202602635,CMP_202602635,ACC_001948,Z001,ATM_Z001_040,80680.92,COMPLETED,2025-05-18T19:34:00
CSH_CMP_202602636,CMP_202602636,ACC_001024,Z006,ATM_Z006_046,91405.04,COMPLETED,2025-01-27T11:48:00
CSH_CMP_202602637,CMP_202602637,ACC_001241,Z004,ATM_Z004_019,15821.09,COMPLETED,2025-01-22T18:40:00
CSH_CMP_202602638,CMP_202602638,ACC_002986,Z060,ATM_Z060_046,19739.69,COMPLETED,2025-01-06T13:48:00
CSH_CMP_202602639,CMP_202602639,ACC_000782,Z051,ATM_Z051_024,5538.58,COMPLETED,2025-01-19T14:02:00
CSH_CMP_202602640,CMP_202602640,ACC_000266,Z052,ATM_Z052_041,10388.65,COMPLETED,2025-01-07T14:51:00
CSH_CMP_202602641,CMP_202602641,ACC_000478,Z004,ATM_Z004_013,108706.46,COMPLETED,2025-03-03T20:45:00
CSH_CMP_202602642,CMP_202602642,ACC_002290,Z015,ATM_Z015_002,4847.22,COMPLETED,2025-06-17T12:27:00
CSH_CMP_202602643,CMP_202602643,ACC_000266,Z006,ATM_Z006_033,8627.58,COMPLETED,2025-01-11T10:23:00
CSH_CMP_202602644,CMP_202602644,ACC_002876,Z008,ATM_Z008_023,100459.51,COMPLETED,2025-03-20T18:44:00
CSH_CMP_202602645,CMP_202602645,ACC_000002,Z016,ATM_Z016_014,3395.06,COMPLETED,2025-02-11T21:41:00
CSH_CMP_202602646,CMP_202602646,ACC_001534,Z002,ATM_Z002_049,781875.69,COMPLETED,2025-06-21T19:08:00
CSH_CMP_202602647,CMP_202602647,ACC_002996,Z004,ATM_Z004_025,51538.18,COMPLETED,2025-04-12T17:49:00
CSH_CMP_202602648,CMP_202602648,ACC_002611,Z036,ATM_Z036_007,15379.07,COMPLETED,2025-03-15T16:05:00
CSH_CMP_202602649,CMP_202602649,ACC_001029,Z046,ATM_Z046_040,37518.11,COMPLETED,2025-04-15T17:39:00
CSH_CMP_202602650,CMP_202602650,ACC_002290,Z003,ATM_Z003_005,7823.85,COMPLETED,2025-06-15T16:34:00
CSH_CMP_202602651,CMP_202602651,ACC_000266,Z052,ATM_Z052_022,29120.61,COMPLETED,2025-01-21T14:27:00
CSH_CMP_202602652,CMP_202602652,ACC_001917,Z002,ATM_Z002_002,6588.88,COMPLETED,2025-01-02T16:52:00
CSH_CMP_202602653,CMP_202602653,ACC_002810,Z009,ATM_Z009_032,152355.37,COMPLETED,2025-01-18T13:32:00
CSH_CMP_202602654,CMP_202602654,ACC_001928,Z042,ATM_Z042_018,1094.16,COMPLETED,2025-02-06T14:43:00
CSH_CMP_202602655,CMP_202602655,ACC_000472,Z004,ATM_Z004_027,24460.48,COMPLETED,2025-01-23T11:28:00
CSH_CMP_202602656,CMP_202602656,ACC_002444,Z009,ATM_Z009_016,107261.17,COMPLETED,2025-01-03T12:17:00
CSH_CMP_202602657,CMP_202602657,ACC_000873,Z038,ATM_Z038_030,9014.79,COMPLETED,2025-05-25T00:23:00
CSH_CMP_202602658,CMP_202602658,ACC_001229,Z004,ATM_Z004_016,25013.73,COMPLETED,2025-03-20T18:03:00
CSH_CMP_202602659,CMP_202602659,ACC_002983,Z045,ATM_Z045_017,7014.33,COMPLETED,2025-03-29T17:57:00
CSH_CMP_202602660,CMP_202602660,ACC_002983,Z045,ATM_Z045_045,14676.45,COMPLETED,2025-04-19T18:57:00
CSH_CMP_202602661,CMP_202602661,ACC_002985,Z004,ATM_Z004_024,7132.15,COMPLETED,2025-03-11T14:41:00
CSH_CMP_202602662,CMP_202602662,ACC_000782,Z038,ATM_Z038_020,4183.91,COMPLETED,2025-02-09T21:42:00
CSH_CMP_202602663,CMP_202602663,ACC_000267,Z052,ATM_Z052_046,2751.39,COMPLETED,2025-05-07T13:56:00
CSH_CMP_202602664,CMP_202602664,ACC_001025,Z046,ATM_Z046_012,74699.13,COMPLETED,2025-06-06T21:07:00
CSH_CMP_202602665,CMP_202602665,ACC_000392,Z049,ATM_Z049_010,8028.99,COMPLETED,2025-06-05T02:47:00
CSH_CMP_202602666,CMP_202602666,ACC_002457,Z009,ATM_Z009_020,105102.11,COMPLETED,2025-05-06T23:42:00
CSH_CMP_202602667,CMP_202602667,ACC_002984,Z041,ATM_Z041_035,57749.99,COMPLETED,2025-06-16T17:03:00
CSH_CMP_202602668,CMP_202602668,ACC_000783,Z038,ATM_Z038_041,12566.6,COMPLETED,2025-04-27T14:50:00
CSH_CMP_202602669,CMP_202602669,ACC_002777,Z009,ATM_Z009_002,34652.09,COMPLETED,2025-05-15T13:04:00
CSH_CMP_202602670,CMP_202602670,ACC_001232,Z075,ATM_Z075_006,30974.37,COMPLETED,2025-03-23T16:06:00
CSH_CMP_202602671,CMP_202602671,ACC_000792,Z003,ATM_Z003_033,5751.37,COMPLETED,2025-06-05T08:34:00
CSH_CMP_202602672,CMP_202602672,ACC_000332,Z002,ATM_Z002_027,18870.39,COMPLETED,2025-04-14T16:03:00
CSH_CMP_202602673,CMP_202602673,ACC_001912,Z009,ATM_Z009_043,189342.9,COMPLETED,2025-03-10T21:57:00
CSH_CMP_202602674,CMP_202602674,ACC_000355,Z010,ATM_Z010_020,21241.67,COMPLETED,2025-06-30T08:27:00
CSH_CMP_202602675,CMP_202602675,ACC_001534,Z011,ATM_Z011_029,39610.9,COMPLETED,2025-06-12T11:20:00
CSH_CMP_202602676,CMP_202602676,ACC_000287,Z052,ATM_Z052_005,73033.86,COMPLETED,2025-06-15T11:49:00
CSH_CMP_202602677,CMP_202602677,ACC_001534,Z002,ATM_Z002_020,10539.13,COMPLETED,2025-04-27T14:16:00
CSH_CMP_202602678,CMP_202602678,ACC_003009,Z017,ATM_Z017_041,15190.44,COMPLETED,2025-06-08T17:58:00
CSH_CMP_202602679,CMP_202602679,ACC_001914,Z049,ATM_Z049_047,30093.92,COMPLETED,2025-04-15T12:05:00
CSH_CMP_202602680,CMP_202602680,ACC_002983,Z017,ATM_Z017_049,33115.84,COMPLETED,2025-03-12T20:39:00
CSH_CMP_202602681,CMP_202602681,ACC_002289,Z015,ATM_Z015_026,32001.84,COMPLETED,2025-03-07T13:06:00
CSH_CMP_202602682,CMP_202602682,ACC_001532,Z004,ATM_Z004_047,48545.68,COMPLETED,2025-06-14T05:45:00
CSH_CMP_202602683,CMP_202602683,ACC_000867,Z026,ATM_Z026_011,13936.23,COMPLETED,2025-02-28T13:49:00
CSH_CMP_202602684,CMP_202602684,ACC_000266,Z052,ATM_Z052_015,9942.96,COMPLETED,2025-03-28T08:25:00
CSH_CMP_202602685,CMP_202602685,ACC_001910,Z001,ATM_Z001_046,26834.43,COMPLETED,2025-01-29T10:26:00
CSH_CMP_202602686,CMP_202602686,ACC_001235,Z007,ATM_Z007_013,29235.44,COMPLETED,2025-02-05T16:50:00
CSH_CMP_202602687,CMP_202602687,ACC_000334,Z010,ATM_Z010_027,14332.78,COMPLETED,2025-05-22T17:21:00
CSH_CMP_202602688,CMP_202602688,ACC_002777,Z008,ATM_Z008_035,399901.12,COMPLETED,2025-04-07T12:52:00
CSH_CMP_202602689,CMP_202602689,ACC_002290,Z010,ATM_Z010_010,2345.79,COMPLETED,2025-02-26T15:04:00
CSH_CMP_202602690,CMP_202602690,ACC_001545,Z002,ATM_Z002_026,448906.56,COMPLETED,2025-05-09T05:19:00
CSH_CMP_202602691,CMP_202602691,ACC_000330,Z075,ATM_Z075_012,11355.01,COMPLETED,2025-02-17T17:51:00
CSH_CMP_202602692,CMP_202602692,ACC_002994,Z026,ATM_Z026_032,4387.2,COMPLETED,2025-06-25T13:10:00
CSH_CMP_202602693,CMP_202602693,ACC_001024,Z006,ATM_Z006_017,2399.97,COMPLETED,2025-05-26T02:01:00
CSH_CMP_202602694,CMP_202602694,ACC_000061,Z015,ATM_Z015_033,16412.81,COMPLETED,2025-05-05T14:20:00
CSH_CMP_202602695,CMP_202602695,ACC_001913,Z009,ATM_Z009_040,137524.66,COMPLETED,2025-06-22T14:43:00
CSH_CMP_202602696,CMP_202602696,ACC_000002,Z009,ATM_Z009_050,72605.27,COMPLETED,2025-01-22T12:25:00
CSH_CMP_202602697,CMP_202602697,ACC_002777,Z068,ATM_Z068_017,272762.49,COMPLETED,2025-04-22T12:30:00
CSH_CMP_202602698,CMP_202602698,ACC_002777,Z008,ATM_Z008_018,7264.72,COMPLETED,2025-02-06T11:49:00
CSH_CMP_202602699,CMP_202602699,ACC_002777,Z009,ATM_Z009_035,62317.23,COMPLETED,2025-03-11T08:37:00
CSH_CMP_202602700,CMP_202602700,ACC_002223,Z050,ATM_Z050_044,1862.54,COMPLETED,2025-02-01T03:28:00
CSH_CMP_202602701,CMP_202602701,ACC_000475,Z046,ATM_Z046_035,141283.62,COMPLETED,2025-05-23T17:58:00
CSH_CMP_202602702,CMP_202602702,ACC_002224,Z017,ATM_Z017_036,29292.11,COMPLETED,2025-06-20T07:16:00
CSH_CMP_202602703,CMP_202602703,ACC_001023,Z006,ATM_Z006_039,5050.1,COMPLETED,2025-01-14T12:53:00
CSH_CMP_202602704,CMP_202602704,ACC_000003,Z009,ATM_Z009_035,6191.83,COMPLETED,2025-03-13T12:35:00
CSH_CMP_202602705,CMP_202602705,ACC_001535,Z001,ATM_Z001_045,6369.23,COMPLETED,2025-06-09T13:00:00
CSH_CMP_202602706,CMP_202602706,ACC_002983,Z017,ATM_Z017_025,14304.26,COMPLETED,2025-02-14T16:42:00
CSH_CMP_202602707,CMP_202602707,ACC_000109,Z009,ATM_Z009_017,5346.45,COMPLETED,2025-05-13T09:27:00
CSH_CMP_202602708,CMP_202602708,ACC_001024,Z006,ATM_Z006_026,19996.57,COMPLETED,2025-04-07T21:38:00
CSH_CMP_202602709,CMP_202602709,ACC_002291,Z010,ATM_Z010_034,33510.56,COMPLETED,2025-04-22T13:09:00
CSH_CMP_202602710,CMP_202602710,ACC_001912,Z001,ATM_Z001_041,22349.53,COMPLETED,2025-02-05T15:41:00
CSH_CMP_202602711,CMP_202602711,ACC_000960,Z026,ATM_Z026_045,3322.39,COMPLETED,2025-06-14T17:42:00
CSH_CMP_202602712,CMP_202602712,ACC_001023,Z046,ATM_Z046_002,18645.83,COMPLETED,2025-04-11T16:05:00
CSH_CMP_202602713,CMP_202602713,ACC_000475,Z004,ATM_Z004_023,7692.68,COMPLETED,2025-02-25T20:21:00
CSH_CMP_202602714,CMP_202602714,ACC_001912,Z002,ATM_Z002_018,540792.77,COMPLETED,2025-02-15T15:03:00
CSH_CMP_202602715,CMP_202602715,ACC_002441,Z015,ATM_Z015_050,38680.54,COMPLETED,2025-03-24T16:57:00
CSH_CMP_202602716,CMP_202602716,ACC_000079,Z046,ATM_Z046_036,27018.7,COMPLETED,2025-01-23T13:08:00
CSH_CMP_202602717,CMP_202602717,ACC_000336,Z032,ATM_Z032_047,17856.37,COMPLETED,2025-04-27T15:13:00
CSH_CMP_202602718,CMP_202602718,ACC_000002,Z009,ATM_Z009_045,5312.72,COMPLETED,2025-06-22T12:46:00
CSH_CMP_202602719,CMP_202602719,ACC_001919,Z044,ATM_Z044_046,87472.57,COMPLETED,2025-06-19T16:15:00
CSH_CMP_202602720,CMP_202602720,ACC_002229,Z009,ATM_Z009_032,2382.82,COMPLETED,2025-02-23T15:39:00
CSH_CMP_202602721,CMP_202602721,ACC_000475,Z046,ATM_Z046_033,14969.29,COMPLETED,2025-03-02T14:41:00
CSH_CMP_202602722,CMP_202602722,ACC_001536,Z001,ATM_Z001_006,380003.27,COMPLETED,2025-03-10T15:52:00
CSH_CMP_202602723,CMP_202602723,ACC_002453,Z011,ATM_Z011_004,13927.96,COMPLETED,2025-03-26T08:10:00
CSH_CMP_202602724,CMP_202602724,ACC_001912,Z049,ATM_Z049_019,15882.52,COMPLETED,2025-04-23T16:48:00
CSH_CMP_202602725,CMP_202602725,ACC_002983,Z004,ATM_Z004_009,13246.87,COMPLETED,2025-04-30T19:18:00
CSH_CMP_202602726,CMP_202602726,ACC_002289,Z015,ATM_Z015_023,73548.43,COMPLETED,2025-02-13T13:40:00
CSH_CMP_202602727,CMP_202602727,ACC_002983,Z045,ATM_Z045_024,23076.74,COMPLETED,2025-01-13T18:48:00
CSH_CMP_202602728,CMP_202602728,ACC_002793,Z061,ATM_Z061_048,56834.19,COMPLETED,2025-03-18T11:15:00
CSH_CMP_202602729,CMP_202602729,ACC_002985,Z017,ATM_Z017_048,3997.35,COMPLETED,2025-02-02T18:22:00
CSH_CMP_202602730,CMP_202602730,ACC_001534,Z002,ATM_Z002_048,9865.8,COMPLETED,2025-01-30T16:28:00
CSH_CMP_202602731,CMP_202602731,ACC_001230,Z003,ATM_Z003_031,2062.96,COMPLETED,2025-02-06T15:40:00
CSH_CMP_202602732,CMP_202602732,ACC_003040,Z026,ATM_Z026_015,29162.67,COMPLETED,2025-05-16T09:52:00
CSH_CMP_202602733,CMP_202602733,ACC_002472,Z002,ATM_Z002_023,14377.59,COMPLETED,2025-01-29T16:23:00
CSH_CMP_202602734,CMP_202602734,ACC_002225,Z017,ATM_Z017_004,13495.73,COMPLETED,2025-03-15T13:04:00
CSH_CMP_202602735,CMP_202602735,ACC_000473,Z046,ATM_Z046_033,109248.64,COMPLETED,2025-01-12T17:48:00
CSH_CMP_202602736,CMP_202602736,ACC_000060,Z009,ATM_Z009_050,7711.19,COMPLETED,2025-03-31T15:48:00
CSH_CMP_202602737,CMP_202602737,ACC_000331,Z032,ATM_Z032_049,149667.91,COMPLETED,2025-03-02T11:04:00
CSH_CMP_202602738,CMP_202602738,ACC_001230,Z075,ATM_Z075_017,1628.83,COMPLETED,2025-06-28T19:55:00
CSH_CMP_202602739,CMP_202602739,ACC_001091,Z046,ATM_Z046_018,23229.5,COMPLETED,2025-01-12T15:45:00
CSH_CMP_202602740,CMP_202602740,ACC_000003,Z016,ATM_Z016_050,27907.52,COMPLETED,2025-04-24T10:12:00
CSH_CMP_202602741,CMP_202602741,ACC_000071,Z009,ATM_Z009_021,5305.76,COMPLETED,2025-03-21T15:46:00
CSH_CMP_202602742,CMP_202602742,ACC_000330,Z009,ATM_Z009_031,14948.01,COMPLETED,2025-03-25T13:38:00
CSH_CMP_202602743,CMP_202602743,ACC_002328,Z010,ATM_Z010_005,3363.63,COMPLETED,2025-06-21T15:58:00
CSH_CMP_202602744,CMP_202602744,ACC_001024,Z046,ATM_Z046_040,10474.25,COMPLETED,2025-03-13T15:50:00
CSH_CMP_202602745,CMP_202602745,ACC_002287,Z017,ATM_Z017_019,46618.88,COMPLETED,2025-03-30T08:14:00
CSH_CMP_202602746,CMP_202602746,ACC_000334,Z002,ATM_Z002_034,45934.72,COMPLETED,2025-05-23T14:27:00
CSH_CMP_202602747,CMP_202602747,ACC_001240,Z004,ATM_Z004_014,38326.19,COMPLETED,2025-02-26T19:18:00
CSH_CMP_202602748,CMP_202602748,ACC_000473,Z044,ATM_Z044_023,14094.04,COMPLETED,2025-03-01T14:35:00
CSH_CMP_202602749,CMP_202602749,ACC_000002,Z016,ATM_Z016_020,67055.5,COMPLETED,2025-02-28T15:42:00
CSH_CMP_202602750,CMP_202602750,ACC_001023,Z022,ATM_Z022_013,12029.51,COMPLETED,2025-03-29T16:00:00
CSH_CMP_202602751,CMP_202602751,ACC_000408,Z001,ATM_Z001_035,41175.11,COMPLETED,2025-02-02T17:56:00
CSH_CMP_202602752,CMP_202602752,ACC_002290,Z015,ATM_Z015_047,22304.35,COMPLETED,2025-06-24T11:44:00
CSH_CMP_202602753,CMP_202602753,ACC_000331,Z032,ATM_Z032_041,7003.52,COMPLETED,2025-01-10T08:11:00
CSH_CMP_202602754,CMP_202602754,ACC_001539,Z001,ATM_Z001_004,733556.37,COMPLETED,2025-01-30T19:23:00
CSH_CMP_202602755,CMP_202602755,ACC_002289,Z010,ATM_Z010_045,25689.15,COMPLETED,2025-05-25T16:31:00
CSH_CMP_202602756,CMP_202602756,ACC_000264,Z009,ATM_Z009_023,5223.9,COMPLETED,2025-06-01T14:34:00
CSH_CMP_202602757,CMP_202602757,ACC_002778,Z056,ATM_Z056_027,359255.37,COMPLETED,2025-04-06T15:21:00
CSH_CMP_202602758,CMP_202602758,ACC_000484,Z002,ATM_Z002_034,13800.03,COMPLETED,2025-03-01T15:11:00
CSH_CMP_202602759,CMP_202602759,ACC_000355,Z002,ATM_Z002_015,19459.24,COMPLETED,2025-02-13T16:12:00
CSH_CMP_202602760,CMP_202602760,ACC_000783,Z047,ATM_Z047_015,14741.13,COMPLETED,2025-04-13T07:39:00
CSH_CMP_202602761,CMP_202602761,ACC_001927,Z001,ATM_Z001_014,16012.71,COMPLETED,2025-04-10T13:43:00
CSH_CMP_202602762,CMP_202602762,ACC_001023,Z006,ATM_Z006_023,10052.8,COMPLETED,2025-01-24T16:23:00
CSH_CMP_202602763,CMP_202602763,ACC_001914,Z009,ATM_Z009_014,16929.19,COMPLETED,2025-03-18T21:48:00
CSH_CMP_202602764,CMP_202602764,ACC_002388,Z015,ATM_Z015_022,14593.67,COMPLETED,2025-05-29T17:23:00
CSH_CMP_202602765,CMP_202602765,ACC_002289,Z010,ATM_Z010_029,2041.32,COMPLETED,2025-01-13T18:57:00
CSH_CMP_202602766,CMP_202602766,ACC_001913,Z009,ATM_Z009_037,15428.76,COMPLETED,2025-04-27T19:59:00
CSH_CMP_202602767,CMP_202602767,ACC_001028,Z046,ATM_Z046_009,15526.67,COMPLETED,2025-03-01T21:36:00
CSH_CMP_202602768,CMP_202602768,ACC_001231,Z075,ATM_Z075_042,10156.5,COMPLETED,2025-01-03T16:01:00
CSH_CMP_202602769,CMP_202602769,ACC_001540,Z002,ATM_Z002_017,11434.36,COMPLETED,2025-02-20T15:48:00
CSH_CMP_202602770,CMP_202602770,ACC_000013,Z016,ATM_Z016_044,50992.21,COMPLETED,2025-06-14T19:22:00
CSH_CMP_202602771,CMP_202602771,ACC_000475,Z052,ATM_Z052_023,47456.18,COMPLETED,2025-04-21T16:31:00
CSH_CMP_202602772,CMP_202602772,ACC_001230,Z003,ATM_Z003_011,3025.85,COMPLETED,2025-02-25T17:38:00
CSH_CMP_202602773,CMP_202602773,ACC_001233,Z004,ATM_Z004_030,2466.58,COMPLETED,2025-05-26T14:30:00
CSH_CMP_202602774,CMP_202602774,ACC_002293,Z010,ATM_Z010_043,8337.67,COMPLETED,2025-05-01T13:29:00
CSH_CMP_202602775,CMP_202602775,ACC_001274,Z044,ATM_Z044_042,18840.83,COMPLETED,2025-02-10T11:37:00
CSH_CMP_202602776,CMP_202602776,ACC_002441,Z010,ATM_Z010_022,11597.17,COMPLETED,2025-06-12T17:22:00
CSH_CMP_202602777,CMP_202602777,ACC_000473,Z004,ATM_Z004_021,3727.35,COMPLETED,2025-03-27T00:03:00
CSH_CMP_202602778,CMP_202602778,ACC_000002,Z009,ATM_Z009_045,88893.64,COMPLETED,2025-04-15T10:40:00
CSH_CMP_202602779,CMP_202602779,ACC_002700,Z009,ATM_Z009_047,6876.77,COMPLETED,2025-01-26T10:00:00
CSH_CMP_202602780,CMP_202602780,ACC_002336,Z015,ATM_Z015_013,1349.97,COMPLETED,2025-05-22T13:28:00
CSH_CMP_202602781,CMP_202602781,ACC_001915,Z049,ATM_Z049_013,293460.55,COMPLETED,2025-06-14T13:32:00
CSH_CMP_202602782,CMP_202602782,ACC_002223,Z074,ATM_Z074_029,16881.84,COMPLETED,2025-03-27T14:22:00
CSH_CMP_202602783,CMP_202602783,ACC_002287,Z017,ATM_Z017_014,42052.21,COMPLETED,2025-05-26T16:45:00
CSH_CMP_202602784,CMP_202602784,ACC_002777,Z008,ATM_Z008_012,21549.9,COMPLETED,2025-01-09T14:25:00
CSH_CMP_202602785,CMP_202602785,ACC_002289,Z010,ATM_Z010_042,11335.74,COMPLETED,2025-02-27T14:27:00
CSH_CMP_202602786,CMP_202602786,ACC_000551,Z004,ATM_Z004_017,11408.35,COMPLETED,2025-03-22T17:09:00
CSH_CMP_202602787,CMP_202602787,ACC_000061,Z015,ATM_Z015_047,37414.82,COMPLETED,2025-01-18T03:05:00
CSH_CMP_202602788,CMP_202602788,ACC_001912,Z049,ATM_Z049_025,20538.42,COMPLETED,2025-02-09T14:01:00
CSH_CMP_202602789,CMP_202602789,ACC_001663,Z002,ATM_Z002_022,75512.07,COMPLETED,2025-04-25T00:17:00
CSH_CMP_202602790,CMP_202602790,ACC_000473,Z071,ATM_Z071_042,81321.94,COMPLETED,2025-02-16T21:44:00
CSH_CMP_202602791,CMP_202602791,ACC_002443,Z009,ATM_Z009_020,18613.51,COMPLETED,2025-06-08T00:42:00
CSH_CMP_202602792,CMP_202602792,ACC_000330,Z032,ATM_Z032_035,21044.16,COMPLETED,2025-02-05T12:01:00
CSH_CMP_202602793,CMP_202602793,ACC_001023,Z006,ATM_Z006_050,8559.47,COMPLETED,2025-01-31T13:35:00
CSH_CMP_202602794,CMP_202602794,ACC_000328,Z052,ATM_Z052_009,7668.74,COMPLETED,2025-01-10T11:59:00
CSH_CMP_202602795,CMP_202602795,ACC_001912,Z049,ATM_Z049_029,376515.18,COMPLETED,2025-06-25T09:46:00
CSH_CMP_202602796,CMP_202602796,ACC_001918,Z049,ATM_Z049_040,4300.1,COMPLETED,2025-06-26T14:45:00
CSH_CMP_202602797,CMP_202602797,ACC_002223,Z017,ATM_Z017_007,4296.64,COMPLETED,2025-03-13T11:09:00
CSH_CMP_202602798,CMP_202602798,ACC_001912,Z009,ATM_Z009_037,6745.66,COMPLETED,2025-06-08T13:48:00
CSH_CMP_202602799,CMP_202602799,ACC_001230,Z003,ATM_Z003_034,14931.78,COMPLETED,2025-04-01T14:19:00
CSH_CMP_202602800,CMP_202602800,ACC_002446,Z002,ATM_Z002_020,3985.73,COMPLETED,2025-03-19T10:28:00
CSH_CMP_202602801,CMP_202602801,ACC_002287,Z050,ATM_Z050_032,17789.66,COMPLETED,2025-01-04T12:40:00
CSH_CMP_202602802,CMP_202602802,ACC_002601,Z017,ATM_Z017_019,10684.64,COMPLETED,2025-03-01T11:25:00
CSH_CMP_202602803,CMP_202602803,ACC_000472,Z046,ATM_Z046_026,17371.9,COMPLETED,2025-02-10T09:17:00
CSH_CMP_202602804,CMP_202602804,ACC_000060,Z069,ATM_Z069_028,10949.63,COMPLETED,2025-04-04T13:06:00
CSH_CMP_202602805,CMP_202602805,ACC_001025,Z046,ATM_Z046_027,62158.81,COMPLETED,2025-03-30T09:48:00
CSH_CMP_202602806,CMP_202602806,ACC_001535,Z002,ATM_Z002_025,49114.44,COMPLETED,2025-01-22T10:12:00
CSH_CMP_202602807,CMP_202602807,ACC_000061,Z050,ATM_Z050_018,9872.86,COMPLETED,2025-06-10T16:07:00
CSH_CMP_202602808,CMP_202602808,ACC_000268,Z006,ATM_Z006_013,15934.8,COMPLETED,2025-05-11T08:00:00
CSH_CMP_202602809,CMP_202602809,ACC_002221,Z009,ATM_Z009_017,17848.4,COMPLETED,2025-04-21T09:28:00
CSH_CMP_202602810,CMP_202602810,ACC_002786,Z008,ATM_Z008_038,39742.83,COMPLETED,2025-06-04T13:16:00
CSH_CMP_202602811,CMP_202602811,ACC_002777,Z008,ATM_Z008_048,6592.12,COMPLETED,2025-03-06T16:09:00
CSH_CMP_202602812,CMP_202602812,ACC_001924,Z001,ATM_Z001_019,100563.94,COMPLETED,2025-03-12T14:58:00
CSH_CMP_202602813,CMP_202602813,ACC_000268,Z006,ATM_Z006_046,690.36,COMPLETED,2025-04-07T07:15:00
CSH_CMP_202602814,CMP_202602814,ACC_001532,Z035,ATM_Z035_032,10011.45,COMPLETED,2025-04-29T20:44:00
CSH_CMP_202602815,CMP_202602815,ACC_001230,Z003,ATM_Z003_045,15463.8,COMPLETED,2025-02-17T11:42:00
CSH_CMP_202602816,CMP_202602816,ACC_000061,Z009,ATM_Z009_029,12286.62,COMPLETED,2025-06-20T20:37:00
CSH_CMP_202602817,CMP_202602817,ACC_001916,Z001,ATM_Z001_027,26038.47,COMPLETED,2025-06-18T15:25:00
CSH_CMP_202602818,CMP_202602818,ACC_002289,Z015,ATM_Z015_036,36445.65,COMPLETED,2025-02-15T13:21:00
CSH_CMP_202602819,CMP_202602819,ACC_001024,Z006,ATM_Z006_021,16416.4,COMPLETED,2025-02-06T12:54:00
CSH_CMP_202602820,CMP_202602820,ACC_000061,Z009,ATM_Z009_033,14898.21,COMPLETED,2025-03-28T11:24:00
CSH_CMP_202602821,CMP_202602821,ACC_001035,Z046,ATM_Z046_014,6679.95,COMPLETED,2025-05-04T14:03:00
CSH_CMP_202602822,CMP_202602822,ACC_002460,Z011,ATM_Z011_024,14895.96,COMPLETED,2025-06-01T14:57:00
CSH_CMP_202602823,CMP_202602823,ACC_002224,Z009,ATM_Z009_027,11155.79,COMPLETED,2025-05-31T18:44:00
CSH_CMP_202602824,CMP_202602824,ACC_000005,Z016,ATM_Z016_024,5140.13,COMPLETED,2025-05-12T12:33:00
CSH_CMP_202602825,CMP_202602825,ACC_002783,Z068,ATM_Z068_028,35580.52,COMPLETED,2025-02-13T20:08:00
CSH_CMP_202602826,CMP_202602826,ACC_002778,Z009,ATM_Z009_015,158659.58,COMPLETED,2025-05-04T05:02:00
CSH_CMP_202602827,CMP_202602827,ACC_000332,Z009,ATM_Z009_007,17494.6,COMPLETED,2025-06-13T20:51:00
CSH_CMP_202602828,CMP_202602828,ACC_002443,Z002,ATM_Z002_020,18004.23,COMPLETED,2025-04-13T09:15:00
CSH_CMP_202602829,CMP_202602829,ACC_002223,Z009,ATM_Z009_005,260887.82,COMPLETED,2025-04-23T17:07:00
CSH_CMP_202602830,CMP_202602830,ACC_001229,Z035,ATM_Z035_032,7551.04,COMPLETED,2025-06-23T20:57:00
CSH_CMP_202602831,CMP_202602831,ACC_000332,Z032,ATM_Z032_036,71926.96,COMPLETED,2025-05-31T09:44:00
CSH_CMP_202602832,CMP_202602832,ACC_001912,Z059,ATM_Z059_013,4056.08,COMPLETED,2025-05-18T20:03:00
CSH_CMP_202602833,CMP_202602833,ACC_001537,Z001,ATM_Z001_006,600208.72,COMPLETED,2025-06-12T15:01:00
CSH_CMP_202602834,CMP_202602834,ACC_000782,Z003,ATM_Z003_027,7764.85,COMPLETED,2025-02-18T09:42:00
CSH_CMP_202602835,CMP_202602835,ACC_000472,Z004,ATM_Z004_037,4432.08,COMPLETED,2025-05-17T18:41:00
CSH_CMP_202602836,CMP_202602836,ACC_002983,Z017,ATM_Z017_025,9744.46,COMPLETED,2025-01-30T14:47:00
CSH_CMP_202602837,CMP_202602837,ACC_002987,Z017,ATM_Z017_050,2294.53,COMPLETED,2025-02-21T21:59:00
CSH_CMP_202602838,CMP_202602838,ACC_001989,Z007,ATM_Z007_003,1694.49,COMPLETED,2025-06-25T22:20:00
CSH_CMP_202602839,CMP_202602839,ACC_000478,Z004,ATM_Z004_004,4526.5,COMPLETED,2025-05-01T15:05:00
CSH_CMP_202602840,CMP_202602840,ACC_000003,Z009,ATM_Z009_009,1876.36,COMPLETED,2025-06-23T15:57:00
CSH_CMP_202602841,CMP_202602841,ACC_002271,Z050,ATM_Z050_031,11153.51,COMPLETED,2025-05-10T13:17:00
CSH_CMP_202602842,CMP_202602842,ACC_000060,Z015,ATM_Z015_027,17523.06,COMPLETED,2025-01-11T19:00:00
CSH_CMP_202602843,CMP_202602843,ACC_000782,Z051,ATM_Z051_046,2364.09,COMPLETED,2025-02-27T12:40:00
CSH_CMP_202602844,CMP_202602844,ACC_002441,Z010,ATM_Z010_026,22280.44,COMPLETED,2025-05-27T16:26:00
CSH_CMP_202602845,CMP_202602845,ACC_000005,Z009,ATM_Z009_024,40456.19,COMPLETED,2025-02-07T16:54:00
CSH_CMP_202602846,CMP_202602846,ACC_001023,Z046,ATM_Z046_038,88238.44,COMPLETED,2025-01-23T22:22:00
CSH_CMP_202602847,CMP_202602847,ACC_002983,Z004,ATM_Z004_010,3579.71,COMPLETED,2025-01-03T11:36:00
CSH_CMP_202602848,CMP_202602848,ACC_001023,Z046,ATM_Z046_039,11442.46,COMPLETED,2025-06-23T11:53:00
CSH_CMP_202602849,CMP_202602849,ACC_000058,Z009,ATM_Z009_026,4973.61,COMPLETED,2025-06-10T21:11:00
CSH_CMP_202602850,CMP_202602850,ACC_000788,Z067,ATM_Z067_020,6994.01,COMPLETED,2025-02-17T19:30:00
CSH_CMP_202602851,CMP_202602851,ACC_001639,Z015,ATM_Z015_045,2117.83,COMPLETED,2025-06-23T12:50:00
CSH_CMP_202602852,CMP_202602852,ACC_000308,Z052,ATM_Z052_019,24113.29,COMPLETED,2025-06-01T16:11:00
CSH_CMP_202602853,CMP_202602853,ACC_000330,Z002,ATM_Z002_033,7197.28,COMPLETED,2025-01-30T10:24:00
CSH_CMP_202602854,CMP_202602854,ACC_000003,Z016,ATM_Z016_028,45472.92,COMPLETED,2025-01-29T14:15:00
CSH_CMP_202602855,CMP_202602855,ACC_001073,Z051,ATM_Z051_005,3652.13,COMPLETED,2025-05-29T11:22:00
CSH_CMP_202602856,CMP_202602856,ACC_002289,Z015,ATM_Z015_027,5659.49,COMPLETED,2025-01-22T13:22:00
CSH_CMP_202602857,CMP_202602857,ACC_000275,Z006,ATM_Z006_006,22400.92,COMPLETED,2025-05-17T13:46:00
CSH_CMP_202602858,CMP_202602858,ACC_000479,Z004,ATM_Z004_034,11345.26,COMPLETED,2025-05-28T13:19:00
CSH_CMP_202602859,CMP_202602859,ACC_000577,Z002,ATM_Z002_033,148754.26,COMPLETED,2025-01-14T09:02:00
CSH_CMP_202602860,CMP_202602860,ACC_003040,Z026,ATM_Z026_017,6666.02,COMPLETED,2025-01-04T14:58:00
CSH_CMP_202602861,CMP_202602861,ACC_001615,Z029,ATM_Z029_014,4240.85,COMPLETED,2025-06-28T08:37:00
CSH_CMP_202602862,CMP_202602862,ACC_000479,Z004,ATM_Z004_048,5158.69,COMPLETED,2025-02-14T17:14:00
CSH_CMP_202602863,CMP_202602863,ACC_001936,Z002,ATM_Z002_032,38494.18,COMPLETED,2025-06-22T11:06:00
CSH_CMP_202602864,CMP_202602864,ACC_000786,Z003,ATM_Z003_017,39388.58,COMPLETED,2025-05-21T17:45:00
CSH_CMP_202602865,CMP_202602865,ACC_001110,Z009,ATM_Z009_025,5978.19,COMPLETED,2025-05-29T11:50:00
CSH_CMP_202602866,CMP_202602866,ACC_001962,Z002,ATM_Z002_011,7047.46,COMPLETED,2025-01-07T15:44:00
CSH_CMP_202602867,CMP_202602867,ACC_000783,Z026,ATM_Z026_011,12072.94,COMPLETED,2025-04-15T11:19:00
CSH_CMP_202602868,CMP_202602868,ACC_002289,Z015,ATM_Z015_018,545.0,COMPLETED,2025-03-26T12:15:00
CSH_CMP_202602869,CMP_202602869,ACC_001025,Z046,ATM_Z046_043,6703.02,COMPLETED,2025-03-31T17:57:00
CSH_CMP_202602870,CMP_202602870,ACC_002987,Z004,ATM_Z004_028,6778.19,COMPLETED,2025-05-04T20:53:00
CSH_CMP_202602871,CMP_202602871,ACC_000782,Z051,ATM_Z051_014,30103.86,COMPLETED,2025-04-01T21:32:00
CSH_CMP_202602872,CMP_202602872,ACC_000472,Z004,ATM_Z004_013,11660.69,COMPLETED,2025-06-03T08:44:00
CSH_CMP_202602873,CMP_202602873,ACC_001030,Z006,ATM_Z006_012,63693.77,COMPLETED,2025-01-02T17:03:00
CSH_CMP_202602874,CMP_202602874,ACC_000060,Z009,ATM_Z009_028,24561.94,COMPLETED,2025-05-20T13:55:00
CSH_CMP_202602875,CMP_202602875,ACC_002287,Z050,ATM_Z050_005,12926.08,COMPLETED,2025-04-25T10:11:00
CSH_CMP_202602876,CMP_202602876,ACC_002639,Z001,ATM_Z001_016,835246.0,COMPLETED,2025-04-22T03:56:00
CSH_CMP_202602877,CMP_202602877,ACC_002443,Z009,ATM_Z009_001,17190.28,COMPLETED,2025-05-16T15:31:00
CSH_CMP_202602878,CMP_202602878,ACC_002778,Z009,ATM_Z009_007,4141.63,COMPLETED,2025-03-27T06:35:00
CSH_CMP_202602879,CMP_202602879,ACC_002870,Z009,ATM_Z009_006,8877.68,COMPLETED,2025-05-27T14:32:00
CSH_CMP_202602880,CMP_202602880,ACC_001912,Z049,ATM_Z049_021,35831.75,COMPLETED,2025-06-14T18:32:00
CSH_CMP_202602881,CMP_202602881,ACC_001534,Z007,ATM_Z007_003,265403.53,COMPLETED,2025-03-08T12:01:00
CSH_CMP_202602882,CMP_202602882,ACC_000330,Z010,ATM_Z010_038,28735.58,COMPLETED,2025-04-27T12:46:00
CSH_CMP_202602883,CMP_202602883,ACC_000782,Z038,ATM_Z038_007,78591.31,COMPLETED,2025-05-05T11:15:00
CSH_CMP_202602884,CMP_202602884,ACC_000476,Z004,ATM_Z004_017,8392.08,COMPLETED,2025-04-17T16:22:00
CSH_CMP_202602885,CMP_202602885,ACC_002443,Z002,ATM_Z002_048,45067.01,COMPLETED,2025-02-19T12:42:00
CSH_CMP_202602886,CMP_202602886,ACC_000374,Z006,ATM_Z006_015,6992.65,COMPLETED,2025-06-24T08:03:00
CSH_CMP_202602887,CMP_202602887,ACC_000786,Z038,ATM_Z038_025,2399.84,COMPLETED,2025-04-06T00:28:00
CSH_CMP_202602888,CMP_202602888,ACC_002293,Z010,ATM_Z010_002,10478.9,COMPLETED,2025-04-30T13:39:00
CSH_CMP_202602889,CMP_202602889,ACC_002224,Z017,ATM_Z017_020,99341.6,COMPLETED,2025-01-07T12:35:00
CSH_CMP_202602890,CMP_202602890,ACC_002778,Z020,ATM_Z020_014,20404.48,COMPLETED,2025-06-17T14:10:00
CSH_CMP_202602891,CMP_202602891,ACC_000058,Z009,ATM_Z009_030,228930.79,COMPLETED,2025-02-27T17:28:00
CSH_CMP_202602892,CMP_202602892,ACC_000486,Z021,ATM_Z021_021,51423.95,COMPLETED,2025-06-01T06:57:00
CSH_CMP_202602893,CMP_202602893,ACC_001575,Z002,ATM_Z002_047,12185.99,COMPLETED,2025-03-23T15:39:00
CSH_CMP_202602894,CMP_202602894,ACC_000002,Z016,ATM_Z016_007,6461.1,COMPLETED,2025-06-16T17:51:00
CSH_CMP_202602895,CMP_202602895,ACC_000782,Z003,ATM_Z003_003,8910.65,COMPLETED,2025-05-16T13:25:00
CSH_CMP_202602896,CMP_202602896,ACC_002778,Z008,ATM_Z008_044,17233.63,COMPLETED,2025-04-16T21:16:00
CSH_CMP_202602897,CMP_202602897,ACC_000004,Z016,ATM_Z016_026,13444.42,COMPLETED,2025-02-15T12:38:00
CSH_CMP_202602898,CMP_202602898,ACC_000782,Z038,ATM_Z038_041,153134.42,COMPLETED,2025-06-12T17:26:00
CSH_CMP_202602899,CMP_202602899,ACC_000474,Z046,ATM_Z046_036,38236.08,COMPLETED,2025-02-17T08:05:00
CSH_CMP_202602900,CMP_202602900,ACC_000138,Z015,ATM_Z015_037,11561.12,COMPLETED,2025-02-25T14:05:00
CSH_CMP_202602901,CMP_202602901,ACC_002293,Z015,ATM_Z015_043,2350.89,COMPLETED,2025-04-26T20:27:00
CSH_CMP_202602902,CMP_202602902,ACC_001104,Z006,ATM_Z006_015,43916.48,COMPLETED,2025-03-17T21:02:00
CSH_CMP_202602903,CMP_202602903,ACC_000482,Z046,ATM_Z046_038,4318.81,COMPLETED,2025-06-03T12:47:00
CSH_CMP_202602904,CMP_202602904,ACC_000782,Z038,ATM_Z038_034,265743.73,COMPLETED,2025-02-15T21:50:00
CSH_CMP_202602905,CMP_202602905,ACC_000472,Z046,ATM_Z046_047,23762.9,COMPLETED,2025-01-05T12:29:00
CSH_CMP_202602906,CMP_202602906,ACC_001916,Z002,ATM_Z002_032,33497.0,COMPLETED,2025-06-18T18:07:00
CSH_CMP_202602907,CMP_202602907,ACC_001229,Z003,ATM_Z003_040,1249.12,COMPLETED,2025-03-07T10:04:00
CSH_CMP_202602908,CMP_202602908,ACC_000060,Z015,ATM_Z015_001,12012.84,COMPLETED,2025-06-18T09:57:00
CSH_CMP_202602909,CMP_202602909,ACC_000127,Z051,ATM_Z051_005,41477.11,COMPLETED,2025-02-14T12:11:00
CSH_CMP_202602910,CMP_202602910,ACC_001630,Z002,ATM_Z002_049,117971.53,COMPLETED,2025-04-29T08:49:00
CSH_CMP_202602911,CMP_202602911,ACC_001231,Z035,ATM_Z035_005,16689.47,COMPLETED,2025-03-17T15:41:00
CSH_CMP_202602912,CMP_202602912,ACC_002289,Z015,ATM_Z015_013,26379.61,COMPLETED,2025-01-15T14:06:00
CSH_CMP_202602913,CMP_202602913,ACC_001025,Z010,ATM_Z010_041,20836.55,COMPLETED,2025-04-22T21:27:00
CSH_CMP_202602914,CMP_202602914,ACC_000321,Z036,ATM_Z036_023,37792.07,COMPLETED,2025-06-26T18:08:00
CSH_CMP_202602915,CMP_202602915,ACC_002223,Z009,ATM_Z009_043,1235.5,COMPLETED,2025-06-01T17:42:00
CSH_CMP_202602916,CMP_202602916,ACC_000330,Z032,ATM_Z032_037,115678.12,COMPLETED,2025-03-20T10:05:00
CSH_CMP_202602917,CMP_202602917,ACC_000060,Z015,ATM_Z015_041,5112.13,COMPLETED,2025-01-22T06:51:00
CSH_CMP_202602918,CMP_202602918,ACC_001534,Z001,ATM_Z001_036,254134.68,COMPLETED,2025-05-30T10:47:00
CSH_CMP_202602919,CMP_202602919,ACC_000328,Z052,ATM_Z052_012,8949.93,COMPLETED,2025-03-02T11:29:00
CSH_CMP_202602920,CMP_202602920,ACC_000784,Z003,ATM_Z003_013,1183.87,COMPLETED,2025-05-28T15:27:00
CSH_CMP_202602921,CMP_202602921,ACC_000002,Z016,ATM_Z016_001,65292.67,COMPLETED,2025-03-16T16:16:00
CSH_CMP_202602922,CMP_202602922,ACC_000060,Z015,ATM_Z015_029,9753.37,COMPLETED,2025-06-28T17:31:00
CSH_CMP_202602923,CMP_202602923,ACC_000286,Z052,ATM_Z052_020,26392.89,COMPLETED,2025-02-09T11:32:00
CSH_CMP_202602924,CMP_202602924,ACC_001231,Z003,ATM_Z003_006,6633.99,COMPLETED,2025-06-22T14:31:00
CSH_CMP_202602925,CMP_202602925,ACC_001023,Z046,ATM_Z046_043,86957.61,COMPLETED,2025-01-26T21:22:00
CSH_CMP_202602926,CMP_202602926,ACC_002279,Z009,ATM_Z009_040,4804.71,COMPLETED,2025-02-10T15:05:00
CSH_CMP_202602927,CMP_202602927,ACC_001229,Z075,ATM_Z075_028,4377.84,COMPLETED,2025-06-01T12:47:00
CSH_CMP_202602928,CMP_202602928,ACC_002779,Z008,ATM_Z008_035,73641.37,COMPLETED,2025-04-19T15:14:00
CSH_CMP_202602929,CMP_202602929,ACC_001534,Z011,ATM_Z011_043,75106.94,COMPLETED,2025-04-19T14:08:00
CSH_CMP_202602930,CMP_202602930,ACC_000793,Z051,ATM_Z051_045,10073.89,COMPLETED,2025-05-12T22:49:00
CSH_CMP_202602931,CMP_202602931,ACC_000626,Z046,ATM_Z046_044,9026.15,COMPLETED,2025-04-26T13:26:00
CSH_CMP_202602932,CMP_202602932,ACC_001023,Z006,ATM_Z006_030,91566.22,COMPLETED,2025-06-06T16:16:00
CSH_CMP_202602933,CMP_202602933,ACC_000002,Z009,ATM_Z009_035,12265.34,COMPLETED,2025-04-19T13:19:00
CSH_CMP_202602934,CMP_202602934,ACC_001916,Z001,ATM_Z001_036,6182.36,COMPLETED,2025-01-13T00:25:00
CSH_CMP_202602935,CMP_202602935,ACC_002777,Z042,ATM_Z042_028,123676.38,COMPLETED,2025-02-16T15:59:00
CSH_CMP_202602936,CMP_202602936,ACC_001023,Z046,ATM_Z046_033,41908.49,COMPLETED,2025-03-12T14:42:00
CSH_CMP_202602937,CMP_202602937,ACC_002472,Z011,ATM_Z011_029,21008.9,COMPLETED,2025-04-13T09:27:00
CSH_CMP_202602938,CMP_202602938,ACC_002290,Z010,ATM_Z010_010,6761.16,COMPLETED,2025-05-30T12:46:00
CSH_CMP_202602939,CMP_202602939,ACC_000002,Z016,ATM_Z016_009,19687.89,COMPLETED,2025-05-18T17:13:00
CSH_CMP_202602940,CMP_202602940,ACC_001913,Z009,ATM_Z009_022,3969.01,COMPLETED,2025-02-06T18:40:00
CSH_CMP_202602941,CMP_202602941,ACC_002293,Z010,ATM_Z010_034,4685.33,COMPLETED,2025-01-07T19:25:00
CSH_CMP_202602942,CMP_202602942,ACC_000782,Z051,ATM_Z051_020,10558.29,COMPLETED,2025-06-02T09:06:00
CSH_CMP_202602943,CMP_202602943,ACC_001023,Z046,ATM_Z046_028,9463.17,COMPLETED,2025-01-24T18:33:00
CSH_CMP_202602944,CMP_202602944,ACC_002223,Z017,ATM_Z017_038,5798.69,COMPLETED,2025-02-11T01:37:00
CSH_CMP_202602945,CMP_202602945,ACC_000271,Z018,ATM_Z018_032,1402.97,COMPLETED,2025-02-24T09:00:00
CSH_CMP_202602946,CMP_202602946,ACC_002224,Z017,ATM_Z017_007,37554.78,COMPLETED,2025-05-15T10:06:00
CSH_CMP_202602947,CMP_202602947,ACC_000564,Z002,ATM_Z002_039,80077.84,COMPLETED,2025-06-17T13:27:00
CSH_CMP_202602948,CMP_202602948,ACC_000266,Z036,ATM_Z036_043,5526.13,COMPLETED,2025-01-15T13:55:00
CSH_CMP_202602949,CMP_202602949,ACC_002227,Z050,ATM_Z050_015,3800.76,COMPLETED,2025-02-02T19:13:00
CSH_CMP_202602950,CMP_202602950,ACC_002223,Z050,ATM_Z050_021,11643.37,COMPLETED,2025-04-20T06:41:00
CSH_CMP_202602951,CMP_202602951,ACC_002994,Z045,ATM_Z045_026,11752.26,COMPLETED,2025-04-02T12:07:00
CSH_CMP_202602952,CMP_202602952,ACC_002983,Z017,ATM_Z017_021,25621.84,COMPLETED,2025-02-24T09:32:00
CSH_CMP_202602953,CMP_202602953,ACC_001912,Z049,ATM_Z049_019,0.0,FROZEN,2025-03-27T13:39:00
CSH_CMP_202602954,CMP_202602954,ACC_001880,Z046,ATM_Z046_002,18115.6,COMPLETED,2025-03-24T11:53:00
CSH_CMP_202602955,CMP_202602955,ACC_001573,Z035,ATM_Z035_024,702194.8,COMPLETED,2025-04-02T15:36:00
CSH_CMP_202602956,CMP_202602956,ACC_000784,Z015,ATM_Z015_024,38326.21,COMPLETED,2025-03-12T10:01:00
CSH_CMP_202602957,CMP_202602957,ACC_000831,Z051,ATM_Z051_028,10606.88,COMPLETED,2025-05-28T13:34:00
CSH_CMP_202602958,CMP_202602958,ACC_001026,Z006,ATM_Z006_045,6952.45,COMPLETED,2025-02-25T17:43:00
CSH_CMP_202602959,CMP_202602959,ACC_002292,Z010,ATM_Z010_014,559.39,COMPLETED,2025-05-01T13:07:00
CSH_CMP_202602960,CMP_202602960,ACC_001734,Z007,ATM_Z007_010,76826.29,COMPLETED,2025-01-11T10:48:00
CSH_CMP_202602961,CMP_202602961,ACC_000074,Z009,ATM_Z009_009,28486.05,COMPLETED,2025-02-17T20:58:00
CSH_CMP_202602962,CMP_202602962,ACC_002825,Z009,ATM_Z009_018,460866.73,COMPLETED,2025-02-21T16:15:00
CSH_CMP_202602963,CMP_202602963,ACC_002777,Z056,ATM_Z056_001,56152.23,COMPLETED,2025-04-09T11:37:00
CSH_CMP_202602964,CMP_202602964,ACC_000784,Z051,ATM_Z051_013,3907.66,COMPLETED,2025-03-12T10:06:00
CSH_CMP_202602965,CMP_202602965,ACC_002777,Z036,ATM_Z036_005,56069.15,COMPLETED,2025-04-05T21:35:00
CSH_CMP_202602966,CMP_202602966,ACC_002777,Z068,ATM_Z068_035,281352.34,COMPLETED,2025-01-29T11:54:00
CSH_CMP_202602967,CMP_202602967,ACC_000266,Z036,ATM_Z036_006,13015.03,COMPLETED,2025-03-08T14:01:00
CSH_CMP_202602968,CMP_202602968,ACC_003022,Z052,ATM_Z052_037,10835.47,COMPLETED,2025-05-14T13:41:00
CSH_CMP_202602969,CMP_202602969,ACC_000475,Z004,ATM_Z004_030,3348.55,COMPLETED,2025-03-05T17:01:00
CSH_CMP_202602970,CMP_202602970,ACC_000782,Z026,ATM_Z026_037,5513.81,COMPLETED,2025-01-06T19:23:00
CSH_CMP_202602971,CMP_202602971,ACC_000474,Z002,ATM_Z002_048,34542.48,COMPLETED,2025-02-13T05:59:00
CSH_CMP_202602972,CMP_202602972,ACC_001913,Z009,ATM_Z009_038,15873.36,COMPLETED,2025-03-17T11:32:00
CSH_CMP_202602973,CMP_202602973,ACC_002449,Z009,ATM_Z009_020,109194.32,COMPLETED,2025-03-14T14:49:00
CSH_CMP_202602974,CMP_202602974,ACC_000330,Z009,ATM_Z009_019,33828.68,COMPLETED,2025-06-20T14:46:00
CSH_CMP_202602975,CMP_202602975,ACC_001229,Z004,ATM_Z004_033,4429.86,COMPLETED,2025-06-25T18:53:00
CSH_CMP_202602976,CMP_202602976,ACC_002983,Z045,ATM_Z045_040,22979.98,COMPLETED,2025-05-30T16:33:00
CSH_CMP_202602977,CMP_202602977,ACC_002290,Z015,ATM_Z015_036,10289.7,COMPLETED,2025-01-29T23:43:00
CSH_CMP_202602978,CMP_202602978,ACC_000269,Z006,ATM_Z006_035,27956.76,COMPLETED,2025-06-25T20:14:00
CSH_CMP_202602979,CMP_202602979,ACC_000269,Z036,ATM_Z036_040,23032.76,COMPLETED,2025-02-13T17:30:00
CSH_CMP_202602980,CMP_202602980,ACC_000672,Z017,ATM_Z017_024,13577.19,COMPLETED,2025-05-19T12:58:00
CSH_CMP_202602981,CMP_202602981,ACC_000002,Z016,ATM_Z016_050,3714.3,COMPLETED,2025-02-17T16:26:00
CSH_CMP_202602982,CMP_202602982,ACC_002986,Z004,ATM_Z004_031,40815.08,COMPLETED,2025-01-22T10:59:00
CSH_CMP_202602983,CMP_202602983,ACC_002445,Z002,ATM_Z002_021,220309.14,COMPLETED,2025-04-04T15:05:00
CSH_CMP_202602984,CMP_202602984,ACC_002777,Z009,ATM_Z009_026,46262.68,COMPLETED,2025-02-10T15:23:00
CSH_CMP_202602985,CMP_202602985,ACC_001229,Z075,ATM_Z075_041,11117.45,COMPLETED,2025-06-16T19:03:00
CSH_CMP_202602986,CMP_202602986,ACC_000061,Z009,ATM_Z009_042,18797.88,COMPLETED,2025-06-05T14:06:00
CSH_CMP_202602987,CMP_202602987,ACC_002777,Z008,ATM_Z008_018,6240.0,COMPLETED,2025-04-16T04:29:00
CSH_CMP_202602988,CMP_202602988,ACC_002446,Z009,ATM_Z009_033,2801.31,COMPLETED,2025-05-08T16:40:00
CSH_CMP_202602989,CMP_202602989,ACC_001229,Z003,ATM_Z003_012,3841.09,COMPLETED,2025-03-27T11:35:00
CSH_CMP_202602990,CMP_202602990,ACC_000274,Z006,ATM_Z006_036,6171.63,COMPLETED,2025-02-01T15:30:00
CSH_CMP_202602991,CMP_202602991,ACC_000271,Z052,ATM_Z052_002,4550.08,COMPLETED,2025-03-02T09:54:00
CSH_CMP_202602992,CMP_202602992,ACC_001921,Z009,ATM_Z009_036,16184.87,COMPLETED,2025-04-20T14:24:00
CSH_CMP_202602993,CMP_202602993,ACC_002446,Z011,ATM_Z011_028,0.0,FROZEN,2025-01-30T12:33:00
CSH_CMP_202602994,CMP_202602994,ACC_002223,Z050,ATM_Z050_001,3970.15,COMPLETED,2025-06-12T13:48:00
CSH_CMP_202602995,CMP_202602995,ACC_002276,Z009,ATM_Z009_019,3155.46,COMPLETED,2025-04-09T10:42:00
CSH_CMP_202602996,CMP_202602996,ACC_002303,Z010,ATM_Z010_011,741.45,COMPLETED,2025-04-27T12:56:00
CSH_CMP_202602997,CMP_202602997,ACC_000269,Z036,ATM_Z036_024,6887.97,COMPLETED,2025-01-18T22:15:00
CSH_CMP_202602998,CMP_202602998,ACC_001534,Z002,ATM_Z002_040,4906.55,COMPLETED,2025-03-25T10:11:00
CSH_CMP_202602999,CMP_202602999,ACC_000472,Z046,ATM_Z046_040,8942.71,COMPLETED,2025-05-11T12:54:00
CSH_CMP_202603000,CMP_202603000,ACC_000791,Z032,ATM_Z032_039,2515.2,COMPLETED,2025-06-20T16:37:00
CSH_CMP_202603001,CMP_202603001,ACC_002289,Z010,ATM_Z010_008,301.74,COMPLETED,2025-06-15T11:58:00
CSH_CMP_202603002,CMP_202603002,ACC_002983,Z045,ATM_Z045_045,14668.35,COMPLETED,2025-03-26T11:57:00
CSH_CMP_202603003,CMP_202603003,ACC_002223,Z009,ATM_Z009_044,0.0,FROZEN,2025-05-16T19:25:00
CSH_CMP_202603004,CMP_202603004,ACC_002443,Z002,ATM_Z002_012,5705.08,COMPLETED,2025-01-23T14:13:00
CSH_CMP_202603005,CMP_202603005,ACC_002224,Z017,ATM_Z017_033,30827.16,COMPLETED,2025-01-02T15:01:00
CSH_CMP_202603006,CMP_202603006,ACC_000784,Z051,ATM_Z051_047,20607.55,COMPLETED,2025-05-29T13:59:00
CSH_CMP_202603007,CMP_202603007,ACC_002983,Z045,ATM_Z045_001,73483.61,COMPLETED,2025-02-06T12:33:00
CSH_CMP_202603008,CMP_202603008,ACC_002497,Z009,ATM_Z009_023,63832.16,COMPLETED,2025-06-26T14:43:00
CSH_CMP_202603009,CMP_202603009,ACC_002228,Z056,ATM_Z056_031,365972.55,COMPLETED,2025-05-28T13:10:00
CSH_CMP_202603010,CMP_202603010,ACC_000328,Z006,ATM_Z006_049,2359.76,COMPLETED,2025-06-09T12:23:00
CSH_CMP_202603011,CMP_202603011,ACC_000030,Z009,ATM_Z009_015,10934.39,COMPLETED,2025-06-24T13:48:00
CSH_CMP_202603012,CMP_202603012,ACC_002291,Z015,ATM_Z015_032,12137.79,COMPLETED,2025-04-15T11:07:00
CSH_CMP_202603013,CMP_202603013,ACC_002443,Z011,ATM_Z011_036,61388.85,COMPLETED,2025-05-21T17:21:00
CSH_CMP_202603014,CMP_202603014,ACC_000002,Z009,ATM_Z009_048,7291.47,COMPLETED,2025-01-30T13:34:00
CSH_CMP_202603015,CMP_202603015,ACC_002224,Z017,ATM_Z017_018,3313.0,COMPLETED,2025-04-11T17:42:00
CSH_CMP_202603016,CMP_202603016,ACC_000475,Z004,ATM_Z004_019,3843.4,COMPLETED,2025-05-03T15:01:00
CSH_CMP_202603017,CMP_202603017,ACC_002984,Z017,ATM_Z017_008,16538.16,COMPLETED,2025-02-25T19:12:00
CSH_CMP_202603018,CMP_202603018,ACC_000296,Z052,ATM_Z052_049,18460.0,COMPLETED,2025-06-22T14:59:00
CSH_CMP_202603019,CMP_202603019,ACC_000267,Z052,ATM_Z052_031,4870.94,COMPLETED,2025-01-14T13:28:00
CSH_CMP_202603020,CMP_202603020,ACC_000945,Z038,ATM_Z038_005,28974.8,COMPLETED,2025-05-24T19:56:00
CSH_CMP_202603021,CMP_202603021,ACC_001024,Z006,ATM_Z006_009,27432.35,COMPLETED,2025-02-13T15:15:00
CSH_CMP_202603022,CMP_202603022,ACC_002985,Z045,ATM_Z045_020,3057.72,COMPLETED,2025-04-22T09:08:00
CSH_CMP_202603023,CMP_202603023,ACC_002232,Z009,ATM_Z009_016,161745.21,COMPLETED,2025-02-06T13:20:00
CSH_CMP_202603024,CMP_202603024,ACC_001756,Z016,ATM_Z016_003,582.64,COMPLETED,2025-01-21T08:23:00
CSH_CMP_202603025,CMP_202603025,ACC_001023,Z006,ATM_Z006_021,7472.5,COMPLETED,2025-05-27T12:04:00
CSH_CMP_202603026,CMP_202603026,ACC_000330,Z032,ATM_Z032_049,69579.98,COMPLETED,2025-01-29T14:36:00
CSH_CMP_202603027,CMP_202603027,ACC_002294,Z015,ATM_Z015_009,45720.68,COMPLETED,2025-06-15T06:50:00
CSH_CMP_202603028,CMP_202603028,ACC_000476,Z046,ATM_Z046_042,4035.21,COMPLETED,2025-02-10T16:24:00
CSH_CMP_202603029,CMP_202603029,ACC_000272,Z052,ATM_Z052_036,15182.22,COMPLETED,2025-04-29T09:52:00
CSH_CMP_202603030,CMP_202603030,ACC_002121,Z049,ATM_Z049_047,9185.26,COMPLETED,2025-02-05T15:16:00
CSH_CMP_202603031,CMP_202603031,ACC_000783,Z026,ATM_Z026_049,10478.91,COMPLETED,2025-02-04T16:37:00
CSH_CMP_202603032,CMP_202603032,ACC_001023,Z006,ATM_Z006_041,29039.04,COMPLETED,2025-02-07T21:45:00
CSH_CMP_202603033,CMP_202603033,ACC_003040,Z045,ATM_Z045_014,67841.28,COMPLETED,2025-01-20T14:48:00
CSH_CMP_202603034,CMP_202603034,ACC_002441,Z015,ATM_Z015_034,5119.25,COMPLETED,2025-02-08T13:41:00
CSH_CMP_202603035,CMP_202603035,ACC_002446,Z002,ATM_Z002_016,214829.29,COMPLETED,2025-04-19T18:49:00
CSH_CMP_202603036,CMP_202603036,ACC_000330,Z009,ATM_Z009_045,0.0,FROZEN,2025-04-18T20:30:00
CSH_CMP_202603037,CMP_202603037,ACC_002289,Z015,ATM_Z015_006,3175.55,COMPLETED,2025-06-25T11:53:00
CSH_CMP_202603038,CMP_202603038,ACC_000780,Z046,ATM_Z046_042,15683.89,COMPLETED,2025-05-19T13:49:00
CSH_CMP_202603039,CMP_202603039,ACC_002223,Z017,ATM_Z017_042,6829.38,COMPLETED,2025-03-27T22:05:00
CSH_CMP_202603040,CMP_202603040,ACC_002443,Z011,ATM_Z011_005,41270.81,COMPLETED,2025-02-18T21:27:00
CSH_CMP_202603041,CMP_202603041,ACC_002983,Z045,ATM_Z045_031,10524.31,COMPLETED,2025-06-01T13:39:00
CSH_CMP_202603042,CMP_202603042,ACC_000002,Z016,ATM_Z016_012,10117.18,COMPLETED,2025-01-25T10:23:00
CSH_CMP_202603043,CMP_202603043,ACC_002983,Z004,ATM_Z004_034,19046.33,COMPLETED,2025-06-02T15:14:00
CSH_CMP_202603044,CMP_202603044,ACC_000266,Z075,ATM_Z075_043,3863.28,COMPLETED,2025-04-22T13:53:00
CSH_CMP_202603045,CMP_202603045,ACC_001236,Z035,ATM_Z035_014,3459.86,COMPLETED,2025-02-26T12:10:00
CSH_CMP_202603046,CMP_202603046,ACC_000331,Z075,ATM_Z075_044,102201.9,COMPLETED,2025-01-23T14:08:00
CSH_CMP_202603047,CMP_202603047,ACC_000058,Z009,ATM_Z009_027,15218.15,COMPLETED,2025-05-14T06:32:00
CSH_CMP_202603048,CMP_202603048,ACC_000266,Z006,ATM_Z006_035,1296.02,COMPLETED,2025-03-16T10:19:00
CSH_CMP_202603049,CMP_202603049,ACC_000060,Z015,ATM_Z015_033,14955.63,COMPLETED,2025-04-23T15:08:00
CSH_CMP_202603050,CMP_202603050,ACC_002289,Z010,ATM_Z010_047,14088.67,COMPLETED,2025-01-21T16:09:00
CSH_CMP_202603051,CMP_202603051,ACC_000264,Z009,ATM_Z009_008,21091.11,COMPLETED,2025-02-20T18:42:00
CSH_CMP_202603052,CMP_202603052,ACC_000472,Z004,ATM_Z004_042,9150.23,COMPLETED,2025-04-25T09:25:00
CSH_CMP_202603053,CMP_202603053,ACC_002781,Z042,ATM_Z042_044,338268.44,COMPLETED,2025-01-07T09:45:00
CSH_CMP_202603054,CMP_202603054,ACC_000266,Z006,ATM_Z006_022,49102.03,COMPLETED,2025-04-01T13:53:00
CSH_CMP_202603055,CMP_202603055,ACC_003005,Z045,ATM_Z045_044,5381.16,COMPLETED,2025-02-25T11:14:00
CSH_CMP_202603056,CMP_202603056,ACC_001912,Z002,ATM_Z002_048,11307.22,COMPLETED,2025-06-18T12:08:00
CSH_CMP_202603057,CMP_202603057,ACC_002223,Z009,ATM_Z009_013,2888.49,COMPLETED,2025-01-05T15:52:00
CSH_CMP_202603058,CMP_202603058,ACC_000111,Z043,ATM_Z043_002,7709.79,COMPLETED,2025-06-30T13:57:00
CSH_CMP_202603059,CMP_202603059,ACC_000782,Z051,ATM_Z051_002,5341.41,COMPLETED,2025-04-30T15:17:00
CSH_CMP_202603060,CMP_202603060,ACC_000266,Z006,ATM_Z006_019,35705.64,COMPLETED,2025-03-20T00:13:00
CSH_CMP_202603061,CMP_202603061,ACC_000330,Z009,ATM_Z009_026,28047.13,COMPLETED,2025-03-04T11:15:00
CSH_CMP_202603062,CMP_202603062,ACC_001941,Z049,ATM_Z049_007,28895.43,COMPLETED,2025-05-06T13:25:00
CSH_CMP_202603063,CMP_202603063,ACC_000268,Z006,ATM_Z006_006,2714.34,COMPLETED,2025-05-05T19:27:00
CSH_CMP_202603064,CMP_202603064,ACC_002899,Z010,ATM_Z010_020,4995.51,COMPLETED,2025-05-17T19:58:00
CSH_CMP_202603065,CMP_202603065,ACC_000473,Z004,ATM_Z004_032,101887.09,COMPLETED,2025-01-11T12:09:00
CSH_CMP_202603066,CMP_202603066,ACC_000015,Z016,ATM_Z016_024,4468.01,COMPLETED,2025-05-29T13:43:00
CSH_CMP_202603067,CMP_202603067,ACC_002786,Z056,ATM_Z056_048,8830.9,COMPLETED,2025-05-11T11:35:00
CSH_CMP_202603068,CMP_202603068,ACC_002299,Z010,ATM_Z010_033,21368.34,COMPLETED,2025-01-16T10:13:00
CSH_CMP_202603069,CMP_202603069,ACC_002983,Z017,ATM_Z017_006,12420.45,COMPLETED,2025-02-17T12:39:00
CSH_CMP_202603070,CMP_202603070,ACC_000007,Z016,ATM_Z016_040,854.04,COMPLETED,2025-05-09T14:03:00
CSH_CMP_202603071,CMP_202603071,ACC_002777,Z042,ATM_Z042_007,167462.94,COMPLETED,2025-06-05T14:15:00
CSH_CMP_202603072,CMP_202603072,ACC_000794,Z026,ATM_Z026_002,78901.85,COMPLETED,2025-01-30T13:03:00
CSH_CMP_202603073,CMP_202603073,ACC_001024,Z006,ATM_Z006_050,24790.61,COMPLETED,2025-04-08T16:34:00
CSH_CMP_202603074,CMP_202603074,ACC_001021,Z003,ATM_Z003_045,144810.35,COMPLETED,2025-02-22T19:28:00
CSH_CMP_202603075,CMP_202603075,ACC_002302,Z010,ATM_Z010_013,17064.62,COMPLETED,2025-04-19T20:57:00
CSH_CMP_202603076,CMP_202603076,ACC_001653,Z002,ATM_Z002_034,8906.21,COMPLETED,2025-06-11T14:48:00
CSH_CMP_202603077,CMP_202603077,ACC_002287,Z017,ATM_Z017_046,3579.06,COMPLETED,2025-06-25T20:39:00
CSH_CMP_202603078,CMP_202603078,ACC_001230,Z035,ATM_Z035_015,10780.67,COMPLETED,2025-03-14T18:21:00
CSH_CMP_202603079,CMP_202603079,ACC_000472,Z046,ATM_Z046_014,5627.91,COMPLETED,2025-02-19T22:54:00
CSH_CMP_202603080,CMP_202603080,ACC_000064,Z015,ATM_Z015_050,3219.75,COMPLETED,2025-01-13T08:30:00
CSH_CMP_202603081,CMP_202603081,ACC_001912,Z009,ATM_Z009_005,19495.9,COMPLETED,2025-03-06T19:03:00
CSH_CMP_202603082,CMP_202603082,ACC_002838,Z009,ATM_Z009_041,5638.42,COMPLETED,2025-06-28T18:58:00
CSH_CMP_202603083,CMP_202603083,ACC_001922,Z049,ATM_Z049_029,54871.05,COMPLETED,2025-04-28T22:41:00
CSH_CMP_202603084,CMP_202603084,ACC_001535,Z007,ATM_Z007_001,6775.11,COMPLETED,2025-03-14T20:31:00
CSH_CMP_202603085,CMP_202603085,ACC_002290,Z049,ATM_Z049_024,1884.4,COMPLETED,2025-02-11T17:46:00
CSH_CMP_202603086,CMP_202603086,ACC_002777,Z068,ATM_Z068_044,58961.34,COMPLETED,2025-02-27T12:35:00
CSH_CMP_202603087,CMP_202603087,ACC_002778,Z068,ATM_Z068_001,54547.36,COMPLETED,2025-03-23T18:45:00
CSH_CMP_202603088,CMP_202603088,ACC_001286,Z057,ATM_Z057_014,5370.58,COMPLETED,2025-03-26T15:01:00
CSH_CMP_202603089,CMP_202603089,ACC_000782,Z051,ATM_Z051_043,3466.8,COMPLETED,2025-06-26T13:23:00
CSH_CMP_202603090,CMP_202603090,ACC_001034,Z006,ATM_Z006_030,16269.57,COMPLETED,2025-04-04T16:41:00
CSH_CMP_202603091,CMP_202603091,ACC_001914,Z049,ATM_Z049_005,12804.94,COMPLETED,2025-06-07T12:28:00
CSH_CMP_202603092,CMP_202603092,ACC_001229,Z075,ATM_Z075_024,13360.18,COMPLETED,2025-02-27T19:05:00
CSH_CMP_202603093,CMP_202603093,ACC_000330,Z009,ATM_Z009_043,45581.24,COMPLETED,2025-01-10T14:22:00
CSH_CMP_202603094,CMP_202603094,ACC_000782,Z003,ATM_Z003_026,21466.39,COMPLETED,2025-03-20T15:10:00
CSH_CMP_202603095,CMP_202603095,ACC_000266,Z054,ATM_Z054_030,6746.66,COMPLETED,2025-01-26T12:17:00
CSH_CMP_202603096,CMP_202603096,ACC_000330,Z032,ATM_Z032_002,9996.48,COMPLETED,2025-06-24T22:29:00
CSH_CMP_202603097,CMP_202603097,ACC_002983,Z045,ATM_Z045_016,2667.74,COMPLETED,2025-04-12T09:48:00
CSH_CMP_202603098,CMP_202603098,ACC_000330,Z002,ATM_Z002_004,3876.76,COMPLETED,2025-01-04T15:33:00
CSH_CMP_202603099,CMP_202603099,ACC_001023,Z046,ATM_Z046_001,15576.09,COMPLETED,2025-06-26T21:20:00
CSH_CMP_202603100,CMP_202603100,ACC_001534,Z002,ATM_Z002_004,35496.21,COMPLETED,2025-04-02T10:44:00
CSH_CMP_202603101,CMP_202603101,ACC_002456,Z002,ATM_Z002_006,6059.28,COMPLETED,2025-01-26T14:31:00
CSH_CMP_202603102,CMP_202603102,ACC_002223,Z009,ATM_Z009_046,137519.52,COMPLETED,2025-05-12T14:13:00
CSH_CMP_202603103,CMP_202603103,ACC_000481,Z004,ATM_Z004_043,0.0,FROZEN,2025-03-18T22:49:00
CSH_CMP_202603104,CMP_202603104,ACC_000474,Z002,ATM_Z002_009,22732.9,COMPLETED,2025-03-28T14:14:00
CSH_CMP_202603105,CMP_202603105,ACC_001025,Z006,ATM_Z006_016,3679.38,COMPLETED,2025-06-29T15:03:00
CSH_CMP_202603106,CMP_202603106,ACC_002890,Z002,ATM_Z002_010,11398.1,COMPLETED,2025-04-01T09:53:00
CSH_CMP_202603107,CMP_202603107,ACC_001916,Z001,ATM_Z001_025,83084.55,COMPLETED,2025-03-24T16:01:00
CSH_CMP_202603108,CMP_202603108,ACC_001543,Z007,ATM_Z007_010,724227.83,COMPLETED,2025-06-06T18:01:00
CSH_CMP_202603109,CMP_202603109,ACC_000475,Z004,ATM_Z004_004,11031.88,COMPLETED,2025-03-21T16:49:00
CSH_CMP_202603110,CMP_202603110,ACC_001318,Z004,ATM_Z004_006,59173.07,COMPLETED,2025-06-29T14:30:00
CSH_CMP_202603111,CMP_202603111,ACC_000004,Z009,ATM_Z009_039,33907.56,COMPLETED,2025-03-04T20:27:00
CSH_CMP_202603112,CMP_202603112,ACC_000007,Z009,ATM_Z009_007,18367.46,COMPLETED,2025-01-08T12:46:00
CSH_CMP_202603113,CMP_202603113,ACC_002287,Z050,ATM_Z050_036,160047.54,COMPLETED,2025-05-15T18:36:00
CSH_CMP_202603114,CMP_202603114,ACC_000783,Z026,ATM_Z026_031,9387.74,COMPLETED,2025-03-01T14:36:00
CSH_CMP_202603115,CMP_202603115,ACC_000014,Z016,ATM_Z016_019,15128.09,COMPLETED,2025-04-26T17:09:00
CSH_CMP_202603116,CMP_202603116,ACC_000479,Z002,ATM_Z002_015,7137.2,COMPLETED,2025-03-06T19:54:00
CSH_CMP_202603117,CMP_202603117,ACC_002931,Z056,ATM_Z056_037,52031.52,COMPLETED,2025-03-31T13:34:00
CSH_CMP_202603118,CMP_202603118,ACC_000366,Z075,ATM_Z075_038,81582.88,COMPLETED,2025-04-26T22:36:00
CSH_CMP_202603119,CMP_202603119,ACC_001535,Z002,ATM_Z002_041,569840.28,COMPLETED,2025-03-27T15:04:00
CSH_CMP_202603120,CMP_202603120,ACC_000330,Z032,ATM_Z032_035,2104.46,COMPLETED,2025-06-15T14:37:00
CSH_CMP_202603121,CMP_202603121,ACC_000058,Z016,ATM_Z016_036,111800.66,COMPLETED,2025-03-08T12:52:00
CSH_CMP_202603122,CMP_202603122,ACC_002988,Z045,ATM_Z045_021,42402.11,COMPLETED,2025-04-09T16:56:00
CSH_CMP_202603123,CMP_202603123,ACC_001023,Z005,ATM_Z005_012,85967.67,COMPLETED,2025-02-03T11:53:00
CSH_CMP_202603124,CMP_202603124,ACC_002444,Z002,ATM_Z002_018,6886.06,COMPLETED,2025-05-19T07:12:00
CSH_CMP_202603125,CMP_202603125,ACC_001230,Z075,ATM_Z075_033,3735.07,COMPLETED,2025-05-10T17:55:00
CSH_CMP_202603126,CMP_202603126,ACC_000267,Z036,ATM_Z036_046,11617.48,COMPLETED,2025-01-29T13:35:00
CSH_CMP_202603127,CMP_202603127,ACC_000331,Z075,ATM_Z075_028,29129.97,COMPLETED,2025-02-16T17:43:00
CSH_CMP_202603128,CMP_202603128,ACC_000266,Z036,ATM_Z036_043,50476.93,COMPLETED,2025-04-10T17:34:00
CSH_CMP_202603129,CMP_202603129,ACC_002983,Z004,ATM_Z004_050,11707.73,COMPLETED,2025-04-30T12:53:00
CSH_CMP_202603130,CMP_202603130,ACC_000060,Z015,ATM_Z015_028,8308.76,COMPLETED,2025-05-27T12:56:00
CSH_CMP_202603131,CMP_202603131,ACC_002224,Z009,ATM_Z009_021,1627.27,COMPLETED,2025-06-21T16:58:00
CSH_CMP_202603132,CMP_202603132,ACC_002446,Z023,ATM_Z023_033,13311.82,COMPLETED,2025-01-01T14:05:00
CSH_CMP_202603133,CMP_202603133,ACC_001229,Z026,ATM_Z026_048,91935.4,COMPLETED,2025-06-21T19:55:00
CSH_CMP_202603134,CMP_202603134,ACC_002984,Z017,ATM_Z017_037,2047.8,COMPLETED,2025-02-22T09:56:00
CSH_CMP_202603135,CMP_202603135,ACC_001227,Z046,ATM_Z046_037,25844.47,COMPLETED,2025-01-04T18:09:00
CSH_CMP_202603136,CMP_202603136,ACC_000004,Z016,ATM_Z016_010,13806.79,COMPLETED,2025-03-15T17:01:00
CSH_CMP_202603137,CMP_202603137,ACC_000792,Z038,ATM_Z038_017,44201.98,COMPLETED,2025-03-06T20:17:00
CSH_CMP_202603138,CMP_202603138,ACC_000808,Z047,ATM_Z047_031,5793.57,COMPLETED,2025-05-07T14:32:00
CSH_CMP_202603139,CMP_202603139,ACC_002443,Z011,ATM_Z011_007,7799.51,COMPLETED,2025-05-10T07:28:00
CSH_CMP_202603140,CMP_202603140,ACC_001230,Z075,ATM_Z075_033,5542.61,COMPLETED,2025-06-23T15:03:00
CSH_CMP_202603141,CMP_202603141,ACC_001541,Z007,ATM_Z007_030,50170.07,COMPLETED,2025-05-10T18:36:00
CSH_CMP_202603142,CMP_202603142,ACC_001534,Z002,ATM_Z002_012,39006.56,COMPLETED,2025-05-09T08:05:00
CSH_CMP_202603143,CMP_202603143,ACC_002444,Z009,ATM_Z009_049,116911.42,COMPLETED,2025-01-13T13:45:00
CSH_CMP_202603144,CMP_202603144,ACC_000519,Z002,ATM_Z002_005,7347.97,COMPLETED,2025-06-17T06:53:00
CSH_CMP_202603145,CMP_202603145,ACC_003040,Z017,ATM_Z017_009,26615.83,COMPLETED,2025-02-22T18:27:00
CSH_CMP_202603146,CMP_202603146,ACC_001024,Z006,ATM_Z006_028,9278.17,COMPLETED,2025-03-01T20:41:00
CSH_CMP_202603147,CMP_202603147,ACC_000330,Z002,ATM_Z002_045,35120.37,COMPLETED,2025-06-30T14:01:00
CSH_CMP_202603148,CMP_202603148,ACC_001534,Z024,ATM_Z024_044,3427.97,COMPLETED,2025-02-19T07:33:00
CSH_CMP_202603149,CMP_202603149,ACC_001030,Z039,ATM_Z039_022,7036.31,COMPLETED,2025-03-14T13:42:00
CSH_CMP_202603150,CMP_202603150,ACC_002287,Z009,ATM_Z009_045,0.0,FROZEN,2025-06-05T15:48:00
CSH_CMP_202603151,CMP_202603151,ACC_002802,Z068,ATM_Z068_019,46858.27,COMPLETED,2025-03-20T09:15:00
CSH_CMP_202603152,CMP_202603152,ACC_002444,Z011,ATM_Z011_013,10802.17,COMPLETED,2025-03-27T17:21:00
CSH_CMP_202603153,CMP_202603153,ACC_001023,Z046,ATM_Z046_045,13391.24,COMPLETED,2025-05-03T07:10:00
CSH_CMP_202603154,CMP_202603154,ACC_001229,Z004,ATM_Z004_001,10683.52,COMPLETED,2025-05-22T13:25:00
CSH_CMP_202603155,CMP_202603155,ACC_000006,Z016,ATM_Z016_030,8800.63,COMPLETED,2025-03-19T15:06:00
CSH_CMP_202603156,CMP_202603156,ACC_000330,Z066,ATM_Z066_024,17476.27,COMPLETED,2025-02-12T20:01:00
CSH_CMP_202603157,CMP_202603157,ACC_000330,Z002,ATM_Z002_032,141218.89,COMPLETED,2025-02-04T21:18:00
CSH_CMP_202603158,CMP_202603158,ACC_001910,Z007,ATM_Z007_022,531322.39,COMPLETED,2025-02-26T21:08:00
CSH_CMP_202603159,CMP_202603159,ACC_002297,Z010,ATM_Z010_039,7913.01,COMPLETED,2025-01-29T12:34:00
CSH_CMP_202603160,CMP_202603160,ACC_000002,Z009,ATM_Z009_003,7505.23,COMPLETED,2025-03-04T20:19:00
CSH_CMP_202603161,CMP_202603161,ACC_000002,Z009,ATM_Z009_001,52223.99,COMPLETED,2025-05-05T20:01:00
CSH_CMP_202603162,CMP_202603162,ACC_001558,Z001,ATM_Z001_047,19005.79,COMPLETED,2025-05-15T09:33:00
CSH_CMP_202603163,CMP_202603163,ACC_000060,Z006,ATM_Z006_038,26811.61,COMPLETED,2025-03-24T18:25:00
CSH_CMP_202603164,CMP_202603164,ACC_001236,Z003,ATM_Z003_007,13172.81,COMPLETED,2025-05-22T14:24:00
CSH_CMP_202603165,CMP_202603165,ACC_002305,Z010,ATM_Z010_032,5635.06,COMPLETED,2025-01-10T13:22:00
CSH_CMP_202603166,CMP_202603166,ACC_000266,Z006,ATM_Z006_044,18850.74,COMPLETED,2025-01-22T11:40:00
CSH_CMP_202603167,CMP_202603167,ACC_000002,Z009,ATM_Z009_030,9978.0,COMPLETED,2025-03-21T09:24:00
CSH_CMP_202603168,CMP_202603168,ACC_000269,Z052,ATM_Z052_045,0.0,FROZEN,2025-04-30T14:09:00
CSH_CMP_202603169,CMP_202603169,ACC_000330,Z009,ATM_Z009_034,44768.1,COMPLETED,2025-02-05T18:42:00
CSH_CMP_202603170,CMP_202603170,ACC_002777,Z008,ATM_Z008_023,523023.11,COMPLETED,2025-01-20T12:15:00
CSH_CMP_202603171,CMP_202603171,ACC_000274,Z006,ATM_Z006_024,1857.65,COMPLETED,2025-01-20T10:06:00
CSH_CMP_202603172,CMP_202603172,ACC_002224,Z009,ATM_Z009_007,23566.79,COMPLETED,2025-06-27T11:14:00
CSH_CMP_202603173,CMP_202603173,ACC_000472,Z004,ATM_Z004_023,31362.2,COMPLETED,2025-01-28T11:57:00
CSH_CMP_202603174,CMP_202603174,ACC_001534,Z002,ATM_Z002_031,38749.82,COMPLETED,2025-05-19T14:03:00
CSH_CMP_202603175,CMP_202603175,ACC_001919,Z002,ATM_Z002_013,16219.13,COMPLETED,2025-04-01T07:58:00
CSH_CMP_202603176,CMP_202603176,ACC_002987,Z057,ATM_Z057_029,24710.07,COMPLETED,2025-01-09T11:21:00
CSH_CMP_202603177,CMP_202603177,ACC_000782,Z003,ATM_Z003_007,15598.26,COMPLETED,2025-04-21T13:38:00
CSH_CMP_202603178,CMP_202603178,ACC_000002,Z055,ATM_Z055_039,1993.31,COMPLETED,2025-01-09T17:20:00
CSH_CMP_202603179,CMP_202603179,ACC_000002,Z067,ATM_Z067_007,2908.34,COMPLETED,2025-03-23T15:02:00
CSH_CMP_202603180,CMP_202603180,ACC_002290,Z015,ATM_Z015_030,24722.17,COMPLETED,2025-03-01T16:24:00
CSH_CMP_202603181,CMP_202603181,ACC_001229,Z035,ATM_Z035_037,221418.61,COMPLETED,2025-01-23T12:14:00
CSH_CMP_202603182,CMP_202603182,ACC_002778,Z042,ATM_Z042_027,12124.94,COMPLETED,2025-05-28T17:30:00
CSH_CMP_202603183,CMP_202603183,ACC_000266,Z036,ATM_Z036_001,23509.21,COMPLETED,2025-05-30T15:10:00
CSH_CMP_202603184,CMP_202603184,ACC_001036,Z006,ATM_Z006_013,5853.86,COMPLETED,2025-01-07T07:21:00
CSH_CMP_202603185,CMP_202603185,ACC_001229,Z035,ATM_Z035_018,5575.73,COMPLETED,2025-03-09T10:51:00
CSH_CMP_202603186,CMP_202603186,ACC_002778,Z073,ATM_Z073_041,16799.78,COMPLETED,2025-06-24T01:00:00
CSH_CMP_202603187,CMP_202603187,ACC_001238,Z035,ATM_Z035_050,7404.69,COMPLETED,2025-05-26T10:05:00
CSH_CMP_202603188,CMP_202603188,ACC_001236,Z075,ATM_Z075_001,18317.15,COMPLETED,2025-03-11T22:48:00
CSH_CMP_202603189,CMP_202603189,ACC_001229,Z075,ATM_Z075_021,38229.09,COMPLETED,2025-05-12T15:21:00
CSH_CMP_202603190,CMP_202603190,ACC_002443,Z002,ATM_Z002_044,36890.49,COMPLETED,2025-02-14T16:20:00
CSH_CMP_202603191,CMP_202603191,ACC_001230,Z075,ATM_Z075_028,2595.87,COMPLETED,2025-04-21T19:22:00
CSH_CMP_202603192,CMP_202603192,ACC_002955,Z056,ATM_Z056_043,577707.88,COMPLETED,2025-03-04T15:39:00
CSH_CMP_202603193,CMP_202603193,ACC_000470,Z047,ATM_Z047_033,58969.43,COMPLETED,2025-01-28T17:27:00
CSH_CMP_202603194,CMP_202603194,ACC_001564,Z002,ATM_Z002_005,1190375.55,COMPLETED,2025-05-11T20:16:00
CSH_CMP_202603195,CMP_202603195,ACC_000268,Z021,ATM_Z021_027,2443.1,COMPLETED,2025-06-26T16:09:00
CSH_CMP_202603196,CMP_202603196,ACC_000472,Z002,ATM_Z002_007,9768.53,COMPLETED,2025-02-20T17:13:00
CSH_CMP_202603197,CMP_202603197,ACC_001229,Z035,ATM_Z035_048,158098.28,COMPLETED,2025-04-07T21:52:00
CSH_CMP_202603198,CMP_202603198,ACC_001534,Z001,ATM_Z001_014,236036.75,COMPLETED,2025-04-19T18:22:00
CSH_CMP_202603199,CMP_202603199,ACC_001536,Z002,ATM_Z002_037,18357.6,COMPLETED,2025-03-26T12:38:00
CSH_CMP_202603200,CMP_202603200,ACC_002983,Z045,ATM_Z045_008,19292.37,COMPLETED,2025-01-24T14:55:00
CSH_CMP_202603201,CMP_202603201,ACC_003000,Z004,ATM_Z004_028,19058.81,COMPLETED,2025-01-28T15:11:00
CSH_CMP_202603202,CMP_202603202,ACC_002795,Z009,ATM_Z009_006,152943.69,COMPLETED,2025-04-17T19:29:00
CSH_CMP_202603203,CMP_202603203,ACC_002223,Z011,ATM_Z011_016,42190.33,COMPLETED,2025-04-24T17:43:00
CSH_CMP_202603204,CMP_202603204,ACC_001912,Z049,ATM_Z049_002,21262.7,COMPLETED,2025-03-03T16:22:00
CSH_CMP_202603205,CMP_202603205,ACC_002777,Z008,ATM_Z008_031,405220.85,COMPLETED,2025-02-18T10:35:00
CSH_CMP_202603206,CMP_202603206,ACC_001229,Z037,ATM_Z037_018,2686.9,COMPLETED,2025-05-06T20:08:00
CSH_CMP_202603207,CMP_202603207,ACC_000473,Z046,ATM_Z046_038,79625.51,COMPLETED,2025-02-18T13:26:00
CSH_CMP_202603208,CMP_202603208,ACC_002287,Z009,ATM_Z009_041,3560.1,COMPLETED,2025-03-24T21:27:00
CSH_CMP_202603209,CMP_202603209,ACC_001915,Z073,ATM_Z073_037,42537.98,COMPLETED,2025-04-11T19:00:00
CSH_CMP_202603210,CMP_202603210,ACC_001535,Z002,ATM_Z002_033,233545.36,COMPLETED,2025-01-26T14:54:00
CSH_CMP_202603211,CMP_202603211,ACC_000439,Z001,ATM_Z001_017,10443.97,COMPLETED,2025-05-30T19:14:00
CSH_CMP_202603212,CMP_202603212,ACC_001229,Z004,ATM_Z004_011,5706.87,COMPLETED,2025-01-19T08:37:00
CSH_CMP_202603213,CMP_202603213,ACC_000060,Z009,ATM_Z009_040,18714.84,COMPLETED,2025-05-24T12:38:00
CSH_CMP_202603214,CMP_202603214,ACC_000002,Z016,ATM_Z016_016,7432.48,COMPLETED,2025-03-30T20:18:00
CSH_CMP_202603215,CMP_202603215,ACC_001534,Z007,ATM_Z007_011,6587.89,COMPLETED,2025-01-21T18:56:00
CSH_CMP_202603216,CMP_202603216,ACC_000332,Z002,ATM_Z002_019,553936.85,COMPLETED,2025-01-11T18:27:00
CSH_CMP_202603217,CMP_202603217,ACC_002986,Z004,ATM_Z004_022,14420.79,COMPLETED,2025-05-09T16:15:00
CSH_CMP_202603218,CMP_202603218,ACC_001051,Z046,ATM_Z046_047,4204.0,COMPLETED,2025-06-16T14:31:00
CSH_CMP_202603219,CMP_202603219,ACC_002498,Z011,ATM_Z011_033,35950.16,COMPLETED,2025-02-06T11:54:00
CSH_CMP_202603220,CMP_202603220,ACC_002289,Z015,ATM_Z015_040,3474.64,COMPLETED,2025-02-08T11:59:00
CSH_CMP_202603221,CMP_202603221,ACC_000344,Z010,ATM_Z010_014,19298.69,COMPLETED,2025-04-23T09:39:00
CSH_CMP_202603222,CMP_202603222,ACC_002453,Z026,ATM_Z026_005,4131.37,COMPLETED,2025-02-24T13:59:00
CSH_CMP_202603223,CMP_202603223,ACC_000066,Z009,ATM_Z009_029,30883.27,COMPLETED,2025-02-25T12:05:00
CSH_CMP_202603224,CMP_202603224,ACC_000002,Z009,ATM_Z009_006,840.71,COMPLETED,2025-01-28T10:49:00
CSH_CMP_202603225,CMP_202603225,ACC_000060,Z015,ATM_Z015_003,19177.82,COMPLETED,2025-02-19T15:11:00
CSH_CMP_202603226,CMP_202603226,ACC_000060,Z009,ATM_Z009_027,2931.21,COMPLETED,2025-05-19T02:59:00
CSH_CMP_202603227,CMP_202603227,ACC_000330,Z009,ATM_Z009_049,6622.22,COMPLETED,2025-01-05T08:16:00
CSH_CMP_202603228,CMP_202603228,ACC_000783,Z026,ATM_Z026_010,21979.09,COMPLETED,2025-01-23T13:25:00
CSH_CMP_202603229,CMP_202603229,ACC_002983,Z017,ATM_Z017_026,17175.79,COMPLETED,2025-02-18T16:14:00
CSH_CMP_202603230,CMP_202603230,ACC_002983,Z061,ATM_Z061_028,5956.71,COMPLETED,2025-06-19T15:42:00
CSH_CMP_202603231,CMP_202603231,ACC_001912,Z049,ATM_Z049_043,409907.78,COMPLETED,2025-05-15T13:34:00
CSH_CMP_202603232,CMP_202603232,ACC_000330,Z028,ATM_Z028_036,16681.69,COMPLETED,2025-06-27T17:20:00
CSH_CMP_202603233,CMP_202603233,ACC_001534,Z002,ATM_Z002_008,3595.79,COMPLETED,2025-01-26T18:38:00
CSH_CMP_202603234,CMP_202603234,ACC_001101,Z046,ATM_Z046_009,2784.14,COMPLETED,2025-01-06T12:34:00
CSH_CMP_202603235,CMP_202603235,ACC_002780,Z063,ATM_Z063_033,873025.71,COMPLETED,2025-01-11T13:23:00
CSH_CMP_202603236,CMP_202603236,ACC_000483,Z002,ATM_Z002_043,14543.4,COMPLETED,2025-03-14T22:12:00
CSH_CMP_202603237,CMP_202603237,ACC_002777,Z068,ATM_Z068_009,48758.56,COMPLETED,2025-01-09T18:27:00
CSH_CMP_202603238,CMP_202603238,ACC_002713,Z036,ATM_Z036_006,5783.08,COMPLETED,2025-03-25T15:17:00
CSH_CMP_202603239,CMP_202603239,ACC_001231,Z035,ATM_Z035_026,14043.25,COMPLETED,2025-05-29T21:54:00
CSH_CMP_202603240,CMP_202603240,ACC_000335,Z027,ATM_Z027_015,7381.61,COMPLETED,2025-01-09T15:41:00
CSH_CMP_202603241,CMP_202603241,ACC_002226,Z050,ATM_Z050_010,50786.74,COMPLETED,2025-04-20T17:24:00
CSH_CMP_202603242,CMP_202603242,ACC_002888,Z032,ATM_Z032_025,17676.34,COMPLETED,2025-04-08T15:51:00
CSH_CMP_202603243,CMP_202603243,ACC_001036,Z046,ATM_Z046_029,61060.08,COMPLETED,2025-02-08T17:25:00
CSH_CMP_202603244,CMP_202603244,ACC_002777,Z008,ATM_Z008_037,122767.5,COMPLETED,2025-01-30T17:54:00
CSH_CMP_202603245,CMP_202603245,ACC_000266,Z070,ATM_Z070_012,47211.1,COMPLETED,2025-06-03T19:21:00
CSH_CMP_202603246,CMP_202603246,ACC_000783,Z026,ATM_Z026_007,0.0,FROZEN,2025-03-22T18:13:00
CSH_CMP_202603247,CMP_202603247,ACC_000339,Z032,ATM_Z032_011,61419.75,COMPLETED,2025-05-11T18:37:00
CSH_CMP_202603248,CMP_202603248,ACC_000068,Z015,ATM_Z015_047,1167.89,COMPLETED,2025-03-28T14:19:00
CSH_CMP_202603249,CMP_202603249,ACC_000058,Z009,ATM_Z009_019,1856.84,COMPLETED,2025-02-03T13:36:00
CSH_CMP_202603250,CMP_202603250,ACC_000478,Z002,ATM_Z002_021,11972.81,COMPLETED,2025-04-11T00:22:00
CSH_CMP_202603251,CMP_202603251,ACC_002778,Z009,ATM_Z009_014,32695.98,COMPLETED,2025-02-20T13:26:00
CSH_CMP_202603252,CMP_202603252,ACC_002448,Z002,ATM_Z002_010,10039.68,COMPLETED,2025-04-13T09:34:00
CSH_CMP_202603253,CMP_202603253,ACC_000003,Z009,ATM_Z009_016,22667.75,COMPLETED,2025-04-16T13:07:00
CSH_CMP_202603254,CMP_202603254,ACC_001229,Z075,ATM_Z075_018,13470.15,COMPLETED,2025-04-18T09:46:00
CSH_CMP_202603255,CMP_202603255,ACC_002983,Z045,ATM_Z045_012,8594.99,COMPLETED,2025-01-06T08:41:00
CSH_CMP_202603256,CMP_202603256,ACC_002445,Z009,ATM_Z009_003,4874.57,COMPLETED,2025-02-08T14:20:00
CSH_CMP_202603257,CMP_202603257,ACC_001040,Z046,ATM_Z046_016,21344.13,COMPLETED,2025-03-01T20:25:00
CSH_CMP_202603258,CMP_202603258,ACC_002985,Z045,ATM_Z045_040,9936.15,COMPLETED,2025-04-07T14:21:00
CSH_CMP_202603259,CMP_202603259,ACC_000060,Z015,ATM_Z015_028,9888.26,COMPLETED,2025-04-30T22:09:00
CSH_CMP_202603260,CMP_202603260,ACC_000017,Z016,ATM_Z016_017,118400.9,COMPLETED,2025-01-26T12:29:00
CSH_CMP_202603261,CMP_202603261,ACC_003014,Z045,ATM_Z045_012,17818.55,COMPLETED,2025-03-21T13:00:00
CSH_CMP_202603262,CMP_202603262,ACC_002777,Z008,ATM_Z008_022,30306.74,COMPLETED,2025-04-26T20:20:00
CSH_CMP_202603263,CMP_202603263,ACC_001023,Z046,ATM_Z046_024,8666.05,COMPLETED,2025-03-21T10:49:00
CSH_CMP_202603264,CMP_202603264,ACC_000060,Z038,ATM_Z038_032,8981.82,COMPLETED,2025-05-09T20:01:00
CSH_CMP_202603265,CMP_202603265,ACC_000474,Z071,ATM_Z071_003,4002.35,COMPLETED,2025-05-14T13:36:00
CSH_CMP_202603266,CMP_202603266,ACC_002782,Z051,ATM_Z051_041,1059.8,COMPLETED,2025-04-26T13:26:00
CSH_CMP_202603267,CMP_202603267,ACC_002223,Z017,ATM_Z017_040,644.83,COMPLETED,2025-04-07T16:47:00
CSH_CMP_202603268,CMP_202603268,ACC_000470,Z009,ATM_Z009_047,20137.88,COMPLETED,2025-03-21T05:42:00
CSH_CMP_202603269,CMP_202603269,ACC_002277,Z009,ATM_Z009_012,7755.37,COMPLETED,2025-05-17T21:17:00
CSH_CMP_202603270,CMP_202603270,ACC_001199,Z009,ATM_Z009_027,2705.25,COMPLETED,2025-03-22T18:19:00
CSH_CMP_202603271,CMP_202603271,ACC_002781,Z008,ATM_Z008_041,55324.37,COMPLETED,2025-04-24T08:34:00
CSH_CMP_202603272,CMP_202603272,ACC_002783,Z042,ATM_Z042_025,170911.15,COMPLETED,2025-02-20T18:56:00
CSH_CMP_202603273,CMP_202603273,ACC_000303,Z036,ATM_Z036_042,5666.99,COMPLETED,2025-04-17T08:41:00
CSH_CMP_202603274,CMP_202603274,ACC_000002,Z009,ATM_Z009_044,421318.34,COMPLETED,2025-04-19T17:33:00
CSH_CMP_202603275,CMP_202603275,ACC_002983,Z017,ATM_Z017_004,20800.02,COMPLETED,2025-04-16T11:42:00
CSH_CMP_202603276,CMP_202603276,ACC_002984,Z004,ATM_Z004_050,24276.36,COMPLETED,2025-06-23T17:18:00
CSH_CMP_202603277,CMP_202603277,ACC_000063,Z009,ATM_Z009_043,23125.95,COMPLETED,2025-04-06T15:18:00
CSH_CMP_202603278,CMP_202603278,ACC_002985,Z045,ATM_Z045_042,41996.71,COMPLETED,2025-06-05T10:29:00
CSH_CMP_202603279,CMP_202603279,ACC_000334,Z009,ATM_Z009_046,101227.9,COMPLETED,2025-01-19T16:44:00
CSH_CMP_202603280,CMP_202603280,ACC_000008,Z016,ATM_Z016_007,11534.88,COMPLETED,2025-03-30T08:19:00
CSH_CMP_202603281,CMP_202603281,ACC_000002,Z016,ATM_Z016_040,9841.34,COMPLETED,2025-05-14T17:58:00
CSH_CMP_202603282,CMP_202603282,ACC_001027,Z006,ATM_Z006_031,8334.1,COMPLETED,2025-02-19T12:43:00
CSH_CMP_202603283,CMP_202603283,ACC_002983,Z004,ATM_Z004_005,28077.41,COMPLETED,2025-01-18T18:40:00
CSH_CMP_202603284,CMP_202603284,ACC_000473,Z046,ATM_Z046_005,26472.19,COMPLETED,2025-03-09T19:29:00
CSH_CMP_202603285,CMP_202603285,ACC_000003,Z016,ATM_Z016_044,15062.01,COMPLETED,2025-04-16T19:16:00
CSH_CMP_202603286,CMP_202603286,ACC_001023,Z046,ATM_Z046_043,79815.66,COMPLETED,2025-06-05T16:30:00
CSH_CMP_202603287,CMP_202603287,ACC_003040,Z017,ATM_Z017_047,19719.82,COMPLETED,2025-06-15T09:56:00
CSH_CMP_202603288,CMP_202603288,ACC_002777,Z056,ATM_Z056_037,2466.23,COMPLETED,2025-01-08T10:59:00
CSH_CMP_202603289,CMP_202603289,ACC_000535,Z046,ATM_Z046_037,6335.59,COMPLETED,2025-06-19T14:42:00
CSH_CMP_202603290,CMP_202603290,ACC_000726,Z036,ATM_Z036_037,8079.98,COMPLETED,2025-03-17T10:56:00
CSH_CMP_202603291,CMP_202603291,ACC_002777,Z056,ATM_Z056_039,416201.6,COMPLETED,2025-03-18T18:37:00
CSH_CMP_202603292,CMP_202603292,ACC_001230,Z035,ATM_Z035_005,29631.36,COMPLETED,2025-04-23T06:12:00
CSH_CMP_202603293,CMP_202603293,ACC_002223,Z050,ATM_Z050_021,2681.7,COMPLETED,2025-05-04T19:30:00
CSH_CMP_202603294,CMP_202603294,ACC_001023,Z006,ATM_Z006_025,11501.25,COMPLETED,2025-02-27T15:43:00
CSH_CMP_202603295,CMP_202603295,ACC_000060,Z006,ATM_Z006_049,2931.73,COMPLETED,2025-05-09T13:51:00
CSH_CMP_202603296,CMP_202603296,ACC_002327,Z063,ATM_Z063_007,11436.9,COMPLETED,2025-05-03T15:05:00
CSH_CMP_202603297,CMP_202603297,ACC_002598,Z055,ATM_Z055_006,87653.34,COMPLETED,2025-05-07T11:11:00
CSH_CMP_202603298,CMP_202603298,ACC_002777,Z056,ATM_Z056_013,14501.18,COMPLETED,2025-01-10T08:32:00
CSH_CMP_202603299,CMP_202603299,ACC_001023,Z046,ATM_Z046_002,68238.68,COMPLETED,2025-01-25T19:06:00
CSH_CMP_202603300,CMP_202603300,ACC_001307,Z003,ATM_Z003_005,2704.01,COMPLETED,2025-04-10T11:38:00
CSH_CMP_202603301,CMP_202603301,ACC_001023,Z018,ATM_Z018_029,2524.85,COMPLETED,2025-04-15T10:32:00
CSH_CMP_202603302,CMP_202603302,ACC_000060,Z009,ATM_Z009_037,8049.94,COMPLETED,2025-04-01T15:50:00
CSH_CMP_202603303,CMP_202603303,ACC_001913,Z002,ATM_Z002_016,143493.64,COMPLETED,2025-03-08T08:49:00
CSH_CMP_202603304,CMP_202603304,ACC_001229,Z035,ATM_Z035_049,2409.42,COMPLETED,2025-03-11T16:42:00
CSH_CMP_202603305,CMP_202603305,ACC_002992,Z045,ATM_Z045_038,56184.14,COMPLETED,2025-01-26T20:22:00
CSH_CMP_202603306,CMP_202603306,ACC_001229,Z004,ATM_Z004_005,9050.82,COMPLETED,2025-02-24T20:54:00
CSH_CMP_202603307,CMP_202603307,ACC_000003,Z009,ATM_Z009_015,95742.93,COMPLETED,2025-02-04T16:53:00
CSH_CMP_202603308,CMP_202603308,ACC_002444,Z011,ATM_Z011_006,624651.16,COMPLETED,2025-03-20T12:17:00
CSH_CMP_202603309,CMP_202603309,ACC_000472,Z002,ATM_Z002_026,6347.77,COMPLETED,2025-03-29T19:37:00
CSH_CMP_202603310,CMP_202603310,ACC_001027,Z006,ATM_Z006_025,57735.25,COMPLETED,2025-05-16T08:54:00
CSH_CMP_202603311,CMP_202603311,ACC_000472,Z004,ATM_Z004_023,17562.51,COMPLETED,2025-01-21T08:13:00
CSH_CMP_202603312,CMP_202603312,ACC_002777,Z009,ATM_Z009_005,86434.63,COMPLETED,2025-06-03T17:47:00
CSH_CMP_202603313,CMP_202603313,ACC_000004,Z009,ATM_Z009_011,10799.86,COMPLETED,2025-06-01T11:31:00
CSH_CMP_202603314,CMP_202603314,ACC_000333,Z067,ATM_Z067_014,82791.16,COMPLETED,2025-01-06T16:55:00
CSH_CMP_202603315,CMP_202603315,ACC_001229,Z075,ATM_Z075_031,82030.61,COMPLETED,2025-04-02T11:58:00
CSH_CMP_202603316,CMP_202603316,ACC_002236,Z017,ATM_Z017_030,18601.09,COMPLETED,2025-03-26T17:56:00
CSH_CMP_202603317,CMP_202603317,ACC_000783,Z038,ATM_Z038_036,11296.46,COMPLETED,2025-03-08T14:26:00
CSH_CMP_202603318,CMP_202603318,ACC_002443,Z011,ATM_Z011_026,322302.86,COMPLETED,2025-04-11T13:54:00
CSH_CMP_202603319,CMP_202603319,ACC_000786,Z026,ATM_Z026_046,14550.01,COMPLETED,2025-01-21T11:46:00
CSH_CMP_202603320,CMP_202603320,ACC_000266,Z006,ATM_Z006_047,9569.17,COMPLETED,2025-06-24T13:53:00
CSH_CMP_202603321,CMP_202603321,ACC_002293,Z015,ATM_Z015_045,6219.71,COMPLETED,2025-05-20T13:07:00
CSH_CMP_202603322,CMP_202603322,ACC_000062,Z009,ATM_Z009_001,24970.58,COMPLETED,2025-05-18T17:30:00
CSH_CMP_202603323,CMP_202603323,ACC_002226,Z017,ATM_Z017_035,19895.54,COMPLETED,2025-03-20T15:15:00
CSH_CMP_202603324,CMP_202603324,ACC_000002,Z016,ATM_Z016_039,51373.46,COMPLETED,2025-02-05T08:11:00
CSH_CMP_202603325,CMP_202603325,ACC_000060,Z009,ATM_Z009_014,20726.14,COMPLETED,2025-02-08T21:06:00
CSH_CMP_202603326,CMP_202603326,ACC_002223,Z050,ATM_Z050_030,3495.07,COMPLETED,2025-01-31T19:21:00
CSH_CMP_202603327,CMP_202603327,ACC_003040,Z026,ATM_Z026_019,26263.12,COMPLETED,2025-06-15T15:26:00
CSH_CMP_202603328,CMP_202603328,ACC_002302,Z015,ATM_Z015_027,6519.25,COMPLETED,2025-03-12T13:17:00
CSH_CMP_202603329,CMP_202603329,ACC_001023,Z058,ATM_Z058_022,23171.22,COMPLETED,2025-02-14T08:53:00
CSH_CMP_202603330,CMP_202603330,ACC_002779,Z056,ATM_Z056_034,1149.96,COMPLETED,2025-03-30T17:39:00
CSH_CMP_202603331,CMP_202603331,ACC_002313,Z015,ATM_Z015_046,8145.27,COMPLETED,2025-02-19T13:32:00
CSH_CMP_202603332,CMP_202603332,ACC_000063,Z015,ATM_Z015_025,19377.21,COMPLETED,2025-06-02T16:47:00
CSH_CMP_202603333,CMP_202603333,ACC_002031,Z015,ATM_Z015_008,19484.04,COMPLETED,2025-01-03T10:03:00
CSH_CMP_202603334,CMP_202603334,ACC_002443,Z009,ATM_Z009_046,27659.04,COMPLETED,2025-06-08T11:41:00
CSH_CMP_202603335,CMP_202603335,ACC_001229,Z075,ATM_Z075_048,126057.58,COMPLETED,2025-04-25T10:10:00
CSH_CMP_202603336,CMP_202603336,ACC_000472,Z004,ATM_Z004_022,2209.5,COMPLETED,2025-05-11T18:01:00
CSH_CMP_202603337,CMP_202603337,ACC_000060,Z015,ATM_Z015_009,27702.71,COMPLETED,2025-06-02T18:06:00
CSH_CMP_202603338,CMP_202603338,ACC_001025,Z046,ATM_Z046_002,9871.33,COMPLETED,2025-06-27T10:42:00
CSH_CMP_202603339,CMP_202603339,ACC_001534,Z002,ATM_Z002_027,29294.59,COMPLETED,2025-03-03T14:25:00
CSH_CMP_202603340,CMP_202603340,ACC_002234,Z017,ATM_Z017_017,788.45,COMPLETED,2025-05-22T16:09:00
CSH_CMP_202603341,CMP_202603341,ACC_000330,Z027,ATM_Z027_037,32137.69,COMPLETED,2025-01-24T17:05:00
CSH_CMP_202603342,CMP_202603342,ACC_002221,Z002,ATM_Z002_037,3676.88,COMPLETED,2025-05-10T17:43:00
CSH_CMP_202603343,CMP_202603343,ACC_001039,Z006,ATM_Z006_032,7690.13,COMPLETED,2025-03-12T10:53:00
CSH_CMP_202603344,CMP_202603344,ACC_000331,Z009,ATM_Z009_034,1874.19,COMPLETED,2025-03-16T10:46:00
CSH_CMP_202603345,CMP_202603345,ACC_002445,Z002,ATM_Z002_023,12400.96,COMPLETED,2025-03-27T13:46:00
CSH_CMP_202603346,CMP_202603346,ACC_001227,Z006,ATM_Z006_010,45730.49,COMPLETED,2025-03-22T07:27:00
CSH_CMP_202603347,CMP_202603347,ACC_000266,Z052,ATM_Z052_016,13382.38,COMPLETED,2025-02-23T15:04:00
CSH_CMP_202603348,CMP_202603348,ACC_000266,Z065,ATM_Z065_019,1773.36,COMPLETED,2025-01-27T16:12:00
CSH_CMP_202603349,CMP_202603349,ACC_000782,Z056,ATM_Z056_028,93878.9,COMPLETED,2025-01-30T21:29:00
CSH_CMP_202603350,CMP_202603350,ACC_002443,Z009,ATM_Z009_038,70694.86,COMPLETED,2025-06-28T20:10:00
CSH_CMP_202603351,CMP_202603351,ACC_003030,Z026,ATM_Z026_016,12600.17,COMPLETED,2025-05-19T12:00:00
CSH_CMP_202603352,CMP_202603352,ACC_002224,Z017,ATM_Z017_021,101489.79,COMPLETED,2025-02-02T15:25:00
CSH_CMP_202603353,CMP_202603353,ACC_000331,Z009,ATM_Z009_038,40275.12,COMPLETED,2025-06-15T08:40:00
CSH_CMP_202603354,CMP_202603354,ACC_000087,Z015,ATM_Z015_008,13707.65,COMPLETED,2025-03-10T23:43:00
CSH_CMP_202603355,CMP_202603355,ACC_002445,Z002,ATM_Z002_009,118383.85,COMPLETED,2025-01-14T15:29:00
CSH_CMP_202603356,CMP_202603356,ACC_000782,Z026,ATM_Z026_007,134106.02,COMPLETED,2025-04-27T16:58:00
CSH_CMP_202603357,CMP_202603357,ACC_000266,Z006,ATM_Z006_035,12744.13,COMPLETED,2025-02-06T16:11:00
CSH_CMP_202603358,CMP_202603358,ACC_001534,Z007,ATM_Z007_036,7349.33,COMPLETED,2025-05-03T00:24:00
CSH_CMP_202603359,CMP_202603359,ACC_002984,Z073,ATM_Z073_010,4176.89,COMPLETED,2025-05-19T12:19:00
CSH_CMP_202603360,CMP_202603360,ACC_000002,Z009,ATM_Z009_031,4167.75,COMPLETED,2025-05-14T18:19:00
CSH_CMP_202603361,CMP_202603361,ACC_000309,Z067,ATM_Z067_033,9754.26,COMPLETED,2025-04-04T15:58:00
CSH_CMP_202603362,CMP_202603362,ACC_000266,Z052,ATM_Z052_032,21499.58,COMPLETED,2025-05-03T11:13:00
CSH_CMP_202603363,CMP_202603363,ACC_001534,Z002,ATM_Z002_045,111856.78,COMPLETED,2025-05-01T23:50:00
CSH_CMP_202603364,CMP_202603364,ACC_001023,Z074,ATM_Z074_017,37629.41,COMPLETED,2025-01-04T08:24:00
CSH_CMP_202603365,CMP_202603365,ACC_002223,Z017,ATM_Z017_025,13293.0,COMPLETED,2025-01-09T20:39:00
CSH_CMP_202603366,CMP_202603366,ACC_000266,Z036,ATM_Z036_041,15956.35,COMPLETED,2025-04-12T22:11:00
CSH_CMP_202603367,CMP_202603367,ACC_002377,Z068,ATM_Z068_046,14524.42,COMPLETED,2025-05-25T16:56:00
CSH_CMP_202603368,CMP_202603368,ACC_002297,Z010,ATM_Z010_002,7975.28,COMPLETED,2025-02-12T10:34:00
CSH_CMP_202603369,CMP_202603369,ACC_002983,Z017,ATM_Z017_046,1685.02,COMPLETED,2025-01-14T11:53:00
CSH_CMP_202603370,CMP_202603370,ACC_002779,Z029,ATM_Z029_041,893492.4,COMPLETED,2025-05-11T12:11:00
CSH_CMP_202603371,CMP_202603371,ACC_001024,Z046,ATM_Z046_045,1669.1,COMPLETED,2025-05-09T11:49:00
CSH_CMP_202603372,CMP_202603372,ACC_001913,Z002,ATM_Z002_036,6327.78,COMPLETED,2025-01-17T13:06:00
CSH_CMP_202603373,CMP_202603373,ACC_002289,Z071,ATM_Z071_033,5108.2,COMPLETED,2025-05-18T20:04:00
CSH_CMP_202603374,CMP_202603374,ACC_000271,Z006,ATM_Z006_008,19092.39,COMPLETED,2025-04-15T19:59:00
CSH_CMP_202603375,CMP_202603375,ACC_001541,Z002,ATM_Z002_032,11410.11,COMPLETED,2025-02-02T11:30:00
CSH_CMP_202603376,CMP_202603376,ACC_000266,Z036,ATM_Z036_008,3672.72,COMPLETED,2025-03-02T15:48:00
CSH_CMP_202603377,CMP_202603377,ACC_002305,Z015,ATM_Z015_043,9774.35,COMPLETED,2025-01-23T18:54:00
CSH_CMP_202603378,CMP_202603378,ACC_000267,Z063,ATM_Z063_040,1647.64,COMPLETED,2025-01-01T11:45:00
CSH_CMP_202603379,CMP_202603379,ACC_002983,Z026,ATM_Z026_014,10394.25,COMPLETED,2025-02-18T14:37:00
CSH_CMP_202603380,CMP_202603380,ACC_000002,Z009,ATM_Z009_011,7262.31,COMPLETED,2025-03-14T04:46:00
CSH_CMP_202603381,CMP_202603381,ACC_001235,Z075,ATM_Z075_045,70697.6,COMPLETED,2025-06-16T18:10:00
CSH_CMP_202603382,CMP_202603382,ACC_000476,Z046,ATM_Z046_002,21699.7,COMPLETED,2025-02-25T11:37:00
CSH_CMP_202603383,CMP_202603383,ACC_001023,Z024,ATM_Z024_001,15328.68,COMPLETED,2025-02-01T15:15:00
CSH_CMP_202603384,CMP_202603384,ACC_000002,Z016,ATM_Z016_025,132665.24,COMPLETED,2025-03-07T18:05:00
CSH_CMP_202603385,CMP_202603385,ACC_000060,Z009,ATM_Z009_014,3216.02,COMPLETED,2025-03-27T13:31:00
CSH_CMP_202603386,CMP_202603386,ACC_002778,Z042,ATM_Z042_024,121541.47,COMPLETED,2025-04-01T16:28:00
CSH_CMP_202603387,CMP_202603387,ACC_000782,Z026,ATM_Z026_001,14659.65,COMPLETED,2025-03-09T22:03:00
CSH_CMP_202603388,CMP_202603388,ACC_002464,Z011,ATM_Z011_007,70741.5,COMPLETED,2025-01-24T14:07:00
CSH_CMP_202603389,CMP_202603389,ACC_002334,Z010,ATM_Z010_033,13454.34,COMPLETED,2025-06-19T16:40:00
CSH_CMP_202603390,CMP_202603390,ACC_000004,Z016,ATM_Z016_035,11051.88,COMPLETED,2025-05-27T19:09:00
CSH_CMP_202603391,CMP_202603391,ACC_000783,Z054,ATM_Z054_001,1451.06,COMPLETED,2025-05-05T13:37:00
CSH_CMP_202603392,CMP_202603392,ACC_001912,Z001,ATM_Z001_005,19337.84,COMPLETED,2025-06-30T11:04:00
CSH_CMP_202603393,CMP_202603393,ACC_002225,Z052,ATM_Z052_050,1210.5,COMPLETED,2025-03-03T17:29:00
CSH_CMP_202603394,CMP_202603394,ACC_001532,Z035,ATM_Z035_019,10030.8,COMPLETED,2025-02-18T14:27:00
CSH_CMP_202603395,CMP_202603395,ACC_000332,Z002,ATM_Z002_003,15875.36,COMPLETED,2025-01-06T15:20:00
CSH_CMP_202603396,CMP_202603396,ACC_001912,Z001,ATM_Z001_036,108512.72,COMPLETED,2025-04-06T16:37:00
CSH_CMP_202603397,CMP_202603397,ACC_001920,Z001,ATM_Z001_024,9983.72,COMPLETED,2025-02-26T08:07:00
CSH_CMP_202603398,CMP_202603398,ACC_000334,Z002,ATM_Z002_026,73802.15,COMPLETED,2025-02-08T15:00:00
CSH_CMP_202603399,CMP_202603399,ACC_000275,Z036,ATM_Z036_030,70632.95,COMPLETED,2025-06-15T06:29:00
CSH_CMP_202603400,CMP_202603400,ACC_002985,Z026,ATM_Z026_022,6572.51,COMPLETED,2025-05-29T11:48:00
CSH_CMP_202603401,CMP_202603401,ACC_002947,Z015,ATM_Z015_034,18095.45,COMPLETED,2025-03-28T09:22:00
CSH_CMP_202603402,CMP_202603402,ACC_001229,Z035,ATM_Z035_016,12421.18,COMPLETED,2025-01-03T19:31:00
CSH_CMP_202603403,CMP_202603403,ACC_002290,Z015,ATM_Z015_038,75238.74,COMPLETED,2025-05-31T17:26:00
CSH_CMP_202603404,CMP_202603404,ACC_002223,Z012,ATM_Z012_037,767.98,COMPLETED,2025-03-08T12:03:00
CSH_CMP_202603405,CMP_202603405,ACC_000330,Z010,ATM_Z010_036,3774.7,COMPLETED,2025-06-16T04:39:00
CSH_CMP_202603406,CMP_202603406,ACC_002289,Z015,ATM_Z015_021,20221.85,COMPLETED,2025-03-02T14:45:00
CSH_CMP_202603407,CMP_202603407,ACC_002778,Z009,ATM_Z009_048,520408.42,COMPLETED,2025-06-06T16:23:00
CSH_CMP_202603408,CMP_202603408,ACC_001534,Z002,ATM_Z002_027,402841.45,COMPLETED,2025-05-13T12:57:00
CSH_CMP_202603409,CMP_202603409,ACC_001242,Z075,ATM_Z075_027,204548.71,COMPLETED,2025-03-19T01:16:00
CSH_CMP_202603410,CMP_202603410,ACC_000333,Z002,ATM_Z002_039,58253.04,COMPLETED,2025-04-29T10:11:00
CSH_CMP_202603411,CMP_202603411,ACC_001913,Z002,ATM_Z002_002,130884.35,COMPLETED,2025-01-05T10:48:00
CSH_CMP_202603412,CMP_202603412,ACC_002775,Z011,ATM_Z011_028,5540.42,COMPLETED,2025-05-29T11:27:00
CSH_CMP_202603413,CMP_202603413,ACC_000328,Z006,ATM_Z006_033,8792.85,COMPLETED,2025-04-05T15:53:00
CSH_CMP_202603414,CMP_202603414,ACC_001534,Z072,ATM_Z072_022,7780.33,COMPLETED,2025-05-23T11:58:00
CSH_CMP_202603415,CMP_202603415,ACC_002289,Z015,ATM_Z015_050,1836.29,COMPLETED,2025-03-31T12:28:00
CSH_CMP_202603416,CMP_202603416,ACC_000003,Z016,ATM_Z016_047,17242.93,COMPLETED,2025-03-01T10:36:00
CSH_CMP_202603417,CMP_202603417,ACC_000330,Z002,ATM_Z002_016,199462.73,COMPLETED,2025-03-23T09:17:00
CSH_CMP_202603418,CMP_202603418,ACC_001232,Z075,ATM_Z075_050,3155.87,COMPLETED,2025-02-05T15:27:00
CSH_CMP_202603419,CMP_202603419,ACC_001021,Z038,ATM_Z038_020,87676.86,COMPLETED,2025-06-14T18:43:00
CSH_CMP_202603420,CMP_202603420,ACC_000268,Z052,ATM_Z052_044,1721.51,COMPLETED,2025-06-30T18:22:00
CSH_CMP_202603421,CMP_202603421,ACC_001234,Z004,ATM_Z004_023,85597.8,COMPLETED,2025-03-31T08:48:00
CSH_CMP_202603422,CMP_202603422,ACC_002226,Z002,ATM_Z002_034,0.0,FROZEN,2025-02-10T14:19:00
CSH_CMP_202603423,CMP_202603423,ACC_000472,Z004,ATM_Z004_015,5973.48,COMPLETED,2025-01-20T18:44:00
CSH_CMP_202603424,CMP_202603424,ACC_000270,Z036,ATM_Z036_032,6865.23,COMPLETED,2025-03-12T11:05:00
CSH_CMP_202603425,CMP_202603425,ACC_000146,Z009,ATM_Z009_040,22395.29,COMPLETED,2025-04-19T10:53:00
CSH_CMP_202603426,CMP_202603426,ACC_000361,Z009,ATM_Z009_008,27179.31,COMPLETED,2025-02-24T19:57:00
CSH_CMP_202603427,CMP_202603427,ACC_002320,Z051,ATM_Z051_045,17126.18,COMPLETED,2025-04-20T14:08:00
CSH_CMP_202603428,CMP_202603428,ACC_001972,Z002,ATM_Z002_011,8378.89,COMPLETED,2025-06-21T12:48:00
CSH_CMP_202603429,CMP_202603429,ACC_000002,Z009,ATM_Z009_031,87193.64,COMPLETED,2025-03-01T15:01:00
CSH_CMP_202603430,CMP_202603430,ACC_000472,Z046,ATM_Z046_034,15168.24,COMPLETED,2025-06-16T03:29:00
CSH_CMP_202603431,CMP_202603431,ACC_000330,Z009,ATM_Z009_009,27192.6,COMPLETED,2025-04-22T10:21:00
CSH_CMP_202603432,CMP_202603432,ACC_002292,Z010,ATM_Z010_004,55087.25,COMPLETED,2025-02-05T16:43:00
CSH_CMP_202603433,CMP_202603433,ACC_002223,Z017,ATM_Z017_002,92146.62,COMPLETED,2025-01-08T15:14:00
CSH_CMP_202603434,CMP_202603434,ACC_002444,Z002,ATM_Z002_044,7883.85,COMPLETED,2025-01-07T14:54:00
CSH_CMP_202603435,CMP_202603435,ACC_002287,Z009,ATM_Z009_043,10581.79,COMPLETED,2025-02-18T17:48:00
CSH_CMP_202603436,CMP_202603436,ACC_001232,Z004,ATM_Z004_039,5200.4,COMPLETED,2025-05-12T10:09:00
CSH_CMP_202603437,CMP_202603437,ACC_002983,Z004,ATM_Z004_050,26123.63,COMPLETED,2025-01-22T03:50:00
CSH_CMP_202603438,CMP_202603438,ACC_000785,Z023,ATM_Z023_048,3723.02,COMPLETED,2025-05-07T18:23:00
CSH_CMP_202603439,CMP_202603439,ACC_000338,Z075,ATM_Z075_043,2111.62,COMPLETED,2025-02-10T08:38:00
CSH_CMP_202603440,CMP_202603440,ACC_000430,Z009,ATM_Z009_042,59327.39,COMPLETED,2025-05-29T19:15:00
CSH_CMP_202603441,CMP_202603441,ACC_000354,Z002,ATM_Z002_002,74972.14,COMPLETED,2025-01-20T16:44:00
CSH_CMP_202603442,CMP_202603442,ACC_002983,Z032,ATM_Z032_008,1404.16,COMPLETED,2025-01-22T18:50:00
CSH_CMP_202603443,CMP_202603443,ACC_002986,Z017,ATM_Z017_009,20646.75,COMPLETED,2025-03-28T17:41:00
CSH_CMP_202603444,CMP_202603444,ACC_000474,Z002,ATM_Z002_015,59115.94,COMPLETED,2025-05-30T13:36:00
CSH_CMP_202603445,CMP_202603445,ACC_003040,Z045,ATM_Z045_039,33834.43,COMPLETED,2025-03-18T13:01:00
CSH_CMP_202603446,CMP_202603446,ACC_000418,Z002,ATM_Z002_033,29365.1,COMPLETED,2025-02-13T16:00:00
CSH_CMP_202603447,CMP_202603447,ACC_000002,Z016,ATM_Z016_005,8196.42,COMPLETED,2025-03-24T12:24:00
CSH_CMP_202603448,CMP_202603448,ACC_001827,Z074,ATM_Z074_028,19594.3,COMPLETED,2025-02-09T12:14:00
CSH_CMP_202603449,CMP_202603449,ACC_001023,Z046,ATM_Z046_015,77652.36,COMPLETED,2025-05-14T11:29:00
CSH_CMP_202603450,CMP_202603450,ACC_001227,Z064,ATM_Z064_032,33690.97,COMPLETED,2025-04-09T12:22:00
CSH_CMP_202603451,CMP_202603451,ACC_002446,Z004,ATM_Z004_026,2812.11,COMPLETED,2025-06-14T13:19:00
CSH_CMP_202603452,CMP_202603452,ACC_002443,Z002,ATM_Z002_028,181655.56,COMPLETED,2025-01-22T11:35:00
CSH_CMP_202603453,CMP_202603453,ACC_000783,Z051,ATM_Z051_030,0.0,FROZEN,2025-04-27T17:51:00
CSH_CMP_202603454,CMP_202603454,ACC_001539,Z007,ATM_Z007_013,15486.59,COMPLETED,2025-06-22T19:46:00
CSH_CMP_202603455,CMP_202603455,ACC_002378,Z015,ATM_Z015_025,6346.94,COMPLETED,2025-05-15T16:04:00
CSH_CMP_202603456,CMP_202603456,ACC_001238,Z040,ATM_Z040_030,281843.38,COMPLETED,2025-04-17T14:14:00
CSH_CMP_202603457,CMP_202603457,ACC_001048,Z046,ATM_Z046_033,5691.53,COMPLETED,2025-03-27T19:31:00
CSH_CMP_202603458,CMP_202603458,ACC_002778,Z042,ATM_Z042_040,78432.31,COMPLETED,2025-01-01T08:27:00
CSH_CMP_202603459,CMP_202603459,ACC_001910,Z007,ATM_Z007_003,11554.9,COMPLETED,2025-03-16T11:28:00
CSH_CMP_202603460,CMP_202603460,ACC_002446,Z002,ATM_Z002_006,2180.72,COMPLETED,2025-04-23T08:11:00
CSH_CMP_202603461,CMP_202603461,ACC_000266,Z036,ATM_Z036_022,21448.66,COMPLETED,2025-05-03T09:46:00
CSH_CMP_202603462,CMP_202603462,ACC_000477,Z046,ATM_Z046_009,6297.61,COMPLETED,2025-01-15T17:14:00
CSH_CMP_202603463,CMP_202603463,ACC_002444,Z002,ATM_Z002_005,55202.95,COMPLETED,2025-04-28T19:18:00
CSH_CMP_202603464,CMP_202603464,ACC_000002,Z016,ATM_Z016_039,2862.27,COMPLETED,2025-05-16T14:48:00
CSH_CMP_202603465,CMP_202603465,ACC_000472,Z004,ATM_Z004_023,45806.9,COMPLETED,2025-03-14T06:39:00
CSH_CMP_202603466,CMP_202603466,ACC_000330,Z009,ATM_Z009_024,10308.9,COMPLETED,2025-03-25T16:40:00
CSH_CMP_202603467,CMP_202603467,ACC_001023,Z006,ATM_Z006_028,36511.64,COMPLETED,2025-01-09T13:52:00
CSH_CMP_202603468,CMP_202603468,ACC_000831,Z038,ATM_Z038_009,26692.75,COMPLETED,2025-04-08T11:10:00
CSH_CMP_202603469,CMP_202603469,ACC_002223,Z017,ATM_Z017_047,3804.35,COMPLETED,2025-03-19T11:03:00
CSH_CMP_202603470,CMP_202603470,ACC_001241,Z035,ATM_Z035_026,1868.46,COMPLETED,2025-02-16T19:14:00
CSH_CMP_202603471,CMP_202603471,ACC_000067,Z009,ATM_Z009_042,23760.77,COMPLETED,2025-01-16T10:07:00
CSH_CMP_202603472,CMP_202603472,ACC_001912,Z001,ATM_Z001_040,1914.62,COMPLETED,2025-02-16T15:00:00
CSH_CMP_202603473,CMP_202603473,ACC_001928,Z009,ATM_Z009_025,450055.97,COMPLETED,2025-05-26T14:48:00
CSH_CMP_202603474,CMP_202603474,ACC_002443,Z011,ATM_Z011_042,821.21,COMPLETED,2025-03-07T09:52:00
CSH_CMP_202603475,CMP_202603475,ACC_001272,Z035,ATM_Z035_025,7986.47,COMPLETED,2025-01-06T15:25:00
CSH_CMP_202603476,CMP_202603476,ACC_000068,Z009,ATM_Z009_043,29836.24,COMPLETED,2025-05-31T11:21:00
CSH_CMP_202603477,CMP_202603477,ACC_002225,Z050,ATM_Z050_030,5481.71,COMPLETED,2025-03-31T21:33:00
CSH_CMP_202603478,CMP_202603478,ACC_002294,Z015,ATM_Z015_038,101314.99,COMPLETED,2025-02-07T01:36:00
CSH_CMP_202603479,CMP_202603479,ACC_000007,Z016,ATM_Z016_045,30561.31,COMPLETED,2025-03-03T18:38:00
CSH_CMP_202603480,CMP_202603480,ACC_000715,Z006,ATM_Z006_035,15654.86,COMPLETED,2025-01-11T17:35:00
CSH_CMP_202603481,CMP_202603481,ACC_001913,Z040,ATM_Z040_031,90680.56,COMPLETED,2025-03-18T18:52:00
CSH_CMP_202603482,CMP_202603482,ACC_000266,Z036,ATM_Z036_041,22228.05,COMPLETED,2025-02-16T10:27:00
CSH_CMP_202603483,CMP_202603483,ACC_000330,Z009,ATM_Z009_044,175478.57,COMPLETED,2025-05-21T19:49:00
CSH_CMP_202603484,CMP_202603484,ACC_002983,Z026,ATM_Z026_016,110335.5,COMPLETED,2025-04-12T17:52:00
CSH_CMP_202603485,CMP_202603485,ACC_002316,Z010,ATM_Z010_015,6893.87,COMPLETED,2025-06-24T14:50:00
CSH_CMP_202603486,CMP_202603486,ACC_003021,Z045,ATM_Z045_013,35524.02,COMPLETED,2025-04-12T09:24:00
CSH_CMP_202603487,CMP_202603487,ACC_001023,Z006,ATM_Z006_030,5520.69,COMPLETED,2025-01-05T08:39:00
CSH_CMP_202603488,CMP_202603488,ACC_000785,Z026,ATM_Z026_016,95300.7,COMPLETED,2025-04-03T10:00:00
CSH_CMP_202603489,CMP_202603489,ACC_001913,Z049,ATM_Z049_028,35843.19,COMPLETED,2025-02-17T15:54:00
CSH_CMP_202603490,CMP_202603490,ACC_002223,Z009,ATM_Z009_031,4907.27,COMPLETED,2025-02-24T13:06:00
CSH_CMP_202603491,CMP_202603491,ACC_001568,Z001,ATM_Z001_046,49733.18,COMPLETED,2025-01-27T17:25:00
CSH_CMP_202603492,CMP_202603492,ACC_002808,Z051,ATM_Z051_020,105100.25,COMPLETED,2025-05-22T17:27:00
CSH_CMP_202603493,CMP_202603493,ACC_000330,Z009,ATM_Z009_031,47563.68,COMPLETED,2025-03-31T18:31:00
CSH_CMP_202603494,CMP_202603494,ACC_001535,Z002,ATM_Z002_043,439918.95,COMPLETED,2025-03-02T15:31:00
CSH_CMP_202603495,CMP_202603495,ACC_001534,Z069,ATM_Z069_043,1989.14,COMPLETED,2025-06-16T18:11:00
CSH_CMP_202603496,CMP_202603496,ACC_002292,Z015,ATM_Z015_011,33772.68,COMPLETED,2025-06-22T10:40:00
CSH_CMP_202603497,CMP_202603497,ACC_003040,Z011,ATM_Z011_029,11017.96,COMPLETED,2025-05-16T15:26:00
CSH_CMP_202603498,CMP_202603498,ACC_002443,Z011,ATM_Z011_044,67102.62,COMPLETED,2025-06-07T13:50:00
CSH_CMP_202603499,CMP_202603499,ACC_002255,Z017,ATM_Z017_042,621.29,COMPLETED,2025-02-25T14:14:00
CSH_CMP_202603500,CMP_202603500,ACC_002777,Z037,ATM_Z037_019,556201.27,COMPLETED,2025-01-09T14:07:00
CSH_CMP_202603501,CMP_202603501,ACC_000802,Z026,ATM_Z026_035,42429.52,COMPLETED,2025-05-09T05:09:00
CSH_CMP_202603502,CMP_202603502,ACC_001913,Z009,ATM_Z009_050,2127.56,COMPLETED,2025-01-29T05:52:00
CSH_CMP_202603503,CMP_202603503,ACC_000336,Z010,ATM_Z010_049,31209.85,COMPLETED,2025-05-06T08:44:00
CSH_CMP_202603504,CMP_202603504,ACC_001954,Z049,ATM_Z049_030,1035.23,COMPLETED,2025-03-21T12:48:00
CSH_CMP_202603505,CMP_202603505,ACC_002224,Z017,ATM_Z017_044,58955.43,COMPLETED,2025-02-04T13:47:00
CSH_CMP_202603506,CMP_202603506,ACC_000365,Z040,ATM_Z040_018,40024.39,COMPLETED,2025-02-23T21:09:00
CSH_CMP_202603507,CMP_202603507,ACC_001230,Z075,ATM_Z075_021,3138.77,COMPLETED,2025-06-25T19:59:00
CSH_CMP_202603508,CMP_202603508,ACC_002779,Z042,ATM_Z042_021,46772.91,COMPLETED,2025-02-04T13:56:00
CSH_CMP_202603509,CMP_202603509,ACC_002448,Z009,ATM_Z009_026,11576.77,COMPLETED,2025-01-31T15:31:00
CSH_CMP_202603510,CMP_202603510,ACC_002060,Z009,ATM_Z009_011,375953.37,COMPLETED,2025-03-07T11:08:00
CSH_CMP_202603511,CMP_202603511,ACC_001230,Z035,ATM_Z035_002,4877.79,COMPLETED,2025-05-13T14:31:00
CSH_CMP_202603512,CMP_202603512,ACC_002782,Z008,ATM_Z008_006,213608.71,COMPLETED,2025-06-15T14:40:00
CSH_CMP_202603513,CMP_202603513,ACC_002983,Z045,ATM_Z045_018,42930.09,COMPLETED,2025-05-21T17:42:00
CSH_CMP_202603514,CMP_202603514,ACC_000384,Z032,ATM_Z032_044,15263.32,COMPLETED,2025-01-24T12:28:00
CSH_CMP_202603515,CMP_202603515,ACC_002998,Z026,ATM_Z026_024,2630.25,COMPLETED,2025-05-18T17:11:00
CSH_CMP_202603516,CMP_202603516,ACC_001912,Z009,ATM_Z009_010,14724.49,COMPLETED,2025-05-21T14:11:00
CSH_CMP_202603517,CMP_202603517,ACC_000328,Z006,ATM_Z006_041,8127.1,COMPLETED,2025-01-23T21:22:00
CSH_CMP_202603518,CMP_202603518,ACC_001912,Z049,ATM_Z049_022,270701.24,COMPLETED,2025-04-09T15:18:00
CSH_CMP_202603519,CMP_202603519,ACC_000479,Z046,ATM_Z046_049,8248.75,COMPLETED,2025-04-15T16:36:00
CSH_CMP_202603520,CMP_202603520,ACC_000330,Z075,ATM_Z075_031,9570.2,COMPLETED,2025-06-06T15:18:00
CSH_CMP_202603521,CMP_202603521,ACC_001229,Z004,ATM_Z004_015,32126.55,COMPLETED,2025-03-02T21:06:00
CSH_CMP_202603522,CMP_202603522,ACC_001027,Z046,ATM_Z046_035,11893.82,COMPLETED,2025-02-06T12:55:00
CSH_CMP_202603523,CMP_202603523,ACC_002660,Z009,ATM_Z009_011,749.0,COMPLETED,2025-06-23T15:07:00
CSH_CMP_202603524,CMP_202603524,ACC_000060,Z009,ATM_Z009_047,11013.74,COMPLETED,2025-04-16T10:30:00
CSH_CMP_202603525,CMP_202603525,ACC_002289,Z015,ATM_Z015_031,9269.74,COMPLETED,2025-02-27T11:31:00
CSH_CMP_202603526,CMP_202603526,ACC_003040,Z045,ATM_Z045_049,11893.78,COMPLETED,2025-01-13T16:00:00
CSH_CMP_202603527,CMP_202603527,ACC_000782,Z003,ATM_Z003_012,17075.65,COMPLETED,2025-06-03T12:11:00
CSH_CMP_202603528,CMP_202603528,ACC_002225,Z017,ATM_Z017_009,15585.11,COMPLETED,2025-02-03T16:29:00
CSH_CMP_202603529,CMP_202603529,ACC_001229,Z004,ATM_Z004_029,54821.02,COMPLETED,2025-01-07T07:11:00
CSH_CMP_202603530,CMP_202603530,ACC_002778,Z008,ATM_Z008_025,1057146.67,COMPLETED,2025-06-11T14:27:00
CSH_CMP_202603531,CMP_202603531,ACC_001913,Z001,ATM_Z001_050,11015.44,COMPLETED,2025-02-18T17:41:00
CSH_CMP_202603532,CMP_202603532,ACC_002223,Z009,ATM_Z009_016,22166.38,COMPLETED,2025-02-14T05:38:00
CSH_CMP_202603533,CMP_202603533,ACC_001239,Z004,ATM_Z004_029,3386.8,COMPLETED,2025-03-15T10:55:00
CSH_CMP_202603534,CMP_202603534,ACC_002777,Z008,ATM_Z008_013,88728.68,COMPLETED,2025-01-18T18:08:00
CSH_CMP_202603535,CMP_202603535,ACC_002323,Z010,ATM_Z010_024,10413.28,COMPLETED,2025-05-09T15:42:00
CSH_CMP_202603536,CMP_202603536,ACC_001229,Z035,ATM_Z035_033,11555.94,COMPLETED,2025-02-07T12:50:00
CSH_CMP_202603537,CMP_202603537,ACC_000002,Z009,ATM_Z009_049,19451.8,COMPLETED,2025-05-06T16:28:00
CSH_CMP_202603538,CMP_202603538,ACC_000478,Z046,ATM_Z046_048,45618.19,COMPLETED,2025-02-01T08:53:00
CSH_CMP_202603539,CMP_202603539,ACC_002250,Z009,ATM_Z009_006,72750.56,COMPLETED,2025-06-03T17:22:00
CSH_CMP_202603540,CMP_202603540,ACC_000472,Z046,ATM_Z046_001,43506.35,COMPLETED,2025-03-02T09:52:00
CSH_CMP_202603541,CMP_202603541,ACC_001842,Z007,ATM_Z007_041,25597.99,COMPLETED,2025-02-24T18:29:00
CSH_CMP_202603542,CMP_202603542,ACC_001535,Z001,ATM_Z001_011,6454.1,COMPLETED,2025-05-13T13:02:00
CSH_CMP_202603543,CMP_202603543,ACC_000475,Z004,ATM_Z004_016,35760.5,COMPLETED,2025-04-07T12:18:00
CSH_CMP_202603544,CMP_202603544,ACC_001914,Z002,ATM_Z002_039,30586.7,COMPLETED,2025-05-18T15:14:00
CSH_CMP_202603545,CMP_202603545,ACC_000266,Z036,ATM_Z036_030,10815.52,COMPLETED,2025-06-21T18:53:00
CSH_CMP_202603546,CMP_202603546,ACC_000785,Z051,ATM_Z051_039,6733.92,COMPLETED,2025-05-04T18:42:00
CSH_CMP_202603547,CMP_202603547,ACC_000330,Z009,ATM_Z009_008,14778.54,COMPLETED,2025-04-29T14:03:00
CSH_CMP_202603548,CMP_202603548,ACC_001230,Z003,ATM_Z003_022,1750.76,COMPLETED,2025-06-24T15:01:00
CSH_CMP_202603549,CMP_202603549,ACC_000331,Z010,ATM_Z010_043,22179.46,COMPLETED,2025-03-29T13:40:00
CSH_CMP_202603550,CMP_202603550,ACC_000058,Z042,ATM_Z042_001,31355.39,COMPLETED,2025-05-13T09:35:00
CSH_CMP_202603551,CMP_202603551,ACC_001064,Z052,ATM_Z052_023,7355.65,COMPLETED,2025-01-31T18:43:00
CSH_CMP_202603552,CMP_202603552,ACC_000063,Z009,ATM_Z009_028,10128.86,COMPLETED,2025-01-08T13:30:00
CSH_CMP_202603553,CMP_202603553,ACC_002777,Z055,ATM_Z055_016,183565.24,COMPLETED,2025-05-03T18:51:00
CSH_CMP_202603554,CMP_202603554,ACC_002294,Z015,ATM_Z015_002,5637.8,COMPLETED,2025-05-07T18:25:00
CSH_CMP_202603555,CMP_202603555,ACC_000472,Z002,ATM_Z002_004,6038.81,COMPLETED,2025-01-27T12:54:00
CSH_CMP_202603556,CMP_202603556,ACC_002983,Z017,ATM_Z017_012,5138.23,COMPLETED,2025-01-14T21:02:00
CSH_CMP_202603557,CMP_202603557,ACC_002287,Z050,ATM_Z050_042,26171.35,COMPLETED,2025-06-23T17:00:00
CSH_CMP_202603558,CMP_202603558,ACC_002593,Z046,ATM_Z046_048,29024.87,COMPLETED,2025-06-17T20:26:00
CSH_CMP_202603559,CMP_202603559,ACC_001532,Z035,ATM_Z035_019,13137.67,COMPLETED,2025-01-04T14:37:00
CSH_CMP_202603560,CMP_202603560,ACC_002287,Z017,ATM_Z017_026,1508.81,COMPLETED,2025-03-04T12:43:00
CSH_CMP_202603561,CMP_202603561,ACC_001096,Z002,ATM_Z002_001,141824.16,COMPLETED,2025-03-15T11:18:00
CSH_CMP_202603562,CMP_202603562,ACC_000267,Z036,ATM_Z036_009,4164.45,COMPLETED,2025-02-17T16:32:00
CSH_CMP_202603563,CMP_202603563,ACC_002231,Z009,ATM_Z009_027,2138.46,COMPLETED,2025-01-07T22:43:00
CSH_CMP_202603564,CMP_202603564,ACC_000783,Z038,ATM_Z038_020,9290.77,COMPLETED,2025-05-23T17:02:00
CSH_CMP_202603565,CMP_202603565,ACC_000266,Z052,ATM_Z052_039,2230.0,COMPLETED,2025-02-25T00:24:00
CSH_CMP_202603566,CMP_202603566,ACC_000333,Z009,ATM_Z009_014,21773.63,COMPLETED,2025-03-28T14:28:00
CSH_CMP_202603567,CMP_202603567,ACC_000068,Z009,ATM_Z009_040,8500.19,COMPLETED,2025-04-22T13:03:00
CSH_CMP_202603568,CMP_202603568,ACC_001023,Z006,ATM_Z006_032,4078.85,COMPLETED,2025-04-16T23:47:00
CSH_CMP_202603569,CMP_202603569,ACC_002445,Z009,ATM_Z009_005,5818.31,COMPLETED,2025-05-21T10:43:00
CSH_CMP_202603570,CMP_202603570,ACC_002446,Z033,ATM_Z033_049,15044.02,COMPLETED,2025-01-18T17:14:00
CSH_CMP_202603571,CMP_202603571,ACC_000268,Z006,ATM_Z006_015,6931.46,COMPLETED,2025-05-18T11:52:00
CSH_CMP_202603572,CMP_202603572,ACC_001559,Z007,ATM_Z007_019,990526.64,COMPLETED,2025-06-18T12:59:00
CSH_CMP_202603573,CMP_202603573,ACC_002223,Z017,ATM_Z017_047,97625.61,COMPLETED,2025-03-10T12:39:00
CSH_CMP_202603574,CMP_202603574,ACC_002223,Z017,ATM_Z017_044,5352.99,COMPLETED,2025-05-21T10:51:00
CSH_CMP_202603575,CMP_202603575,ACC_002297,Z015,ATM_Z015_022,2699.52,COMPLETED,2025-02-06T15:09:00
CSH_CMP_202603576,CMP_202603576,ACC_002223,Z050,ATM_Z050_032,10246.9,COMPLETED,2025-05-03T17:31:00
CSH_CMP_202603577,CMP_202603577,ACC_002291,Z010,ATM_Z010_019,10048.78,COMPLETED,2025-04-19T09:37:00
CSH_CMP_202603578,CMP_202603578,ACC_001534,Z001,ATM_Z001_033,819972.07,COMPLETED,2025-02-19T15:21:00
CSH_CMP_202603579,CMP_202603579,ACC_003040,Z026,ATM_Z026_010,2592.97,COMPLETED,2025-05-19T09:27:00
CSH_CMP_202603580,CMP_202603580,ACC_002289,Z010,ATM_Z010_027,56221.23,COMPLETED,2025-04-16T11:25:00
CSH_CMP_202603581,CMP_202603581,ACC_002301,Z010,ATM_Z010_045,914.32,COMPLETED,2025-03-16T11:03:00
CSH_CMP_202603582,CMP_202603582,ACC_000266,Z020,ATM_Z020_046,11557.34,COMPLETED,2025-01-30T16:07:00
CSH_CMP_202603583,CMP_202603583,ACC_001023,Z006,ATM_Z006_043,37330.8,COMPLETED,2025-02-12T14:59:00
CSH_CMP_202603584,CMP_202603584,ACC_002290,Z010,ATM_Z010_041,7779.53,COMPLETED,2025-04-13T16:08:00
CSH_CMP_202603585,CMP_202603585,ACC_001912,Z049,ATM_Z049_050,5766.04,COMPLETED,2025-02-16T15:06:00
CSH_CMP_202603586,CMP_202603586,ACC_001021,Z026,ATM_Z026_034,6440.13,COMPLETED,2025-03-06T12:45:00
CSH_CMP_202603587,CMP_202603587,ACC_000363,Z010,ATM_Z010_049,88817.53,COMPLETED,2025-04-24T20:37:00
CSH_CMP_202603588,CMP_202603588,ACC_002418,Z015,ATM_Z015_042,9723.19,COMPLETED,2025-06-22T15:09:00
CSH_CMP_202603589,CMP_202603589,ACC_002987,Z004,ATM_Z004_006,16520.49,COMPLETED,2025-01-24T17:31:00
CSH_CMP_202603590,CMP_202603590,ACC_000782,Z003,ATM_Z003_011,22166.59,COMPLETED,2025-04-19T09:55:00
CSH_CMP_202603591,CMP_202603591,ACC_001554,Z001,ATM_Z001_011,109270.23,COMPLETED,2025-04-09T21:00:00
CSH_CMP_202603592,CMP_202603592,ACC_001553,Z002,ATM_Z002_013,13296.75,COMPLETED,2025-05-16T21:56:00
CSH_CMP_202603593,CMP_202603593,ACC_000069,Z015,ATM_Z015_037,9273.33,COMPLETED,2025-01-31T09:48:00
CSH_CMP_202603594,CMP_202603594,ACC_002289,Z015,ATM_Z015_003,18057.64,COMPLETED,2025-01-06T18:57:00
CSH_CMP_202603595,CMP_202603595,ACC_002292,Z010,ATM_Z010_031,12516.34,COMPLETED,2025-05-02T13:00:00
CSH_CMP_202603596,CMP_202603596,ACC_001532,Z003,ATM_Z003_017,3625.44,COMPLETED,2025-03-16T14:30:00
CSH_CMP_202603597,CMP_202603597,ACC_000480,Z046,ATM_Z046_047,1000.0,COMPLETED,2025-03-04T09:54:00
CSH_CMP_202603598,CMP_202603598,ACC_000380,Z009,ATM_Z009_039,39997.96,COMPLETED,2025-02-07T09:58:00
CSH_CMP_202603599,CMP_202603599,ACC_001534,Z002,ATM_Z002_026,7094.92,COMPLETED,2025-03-14T16:42:00
CSH_CMP_202603600,CMP_202603600,ACC_000330,Z032,ATM_Z032_033,14574.84,COMPLETED,2025-03-22T21:01:00
CSH_CMP_202603601,CMP_202603601,ACC_001023,Z046,ATM_Z046_008,1699.4,COMPLETED,2025-01-29T13:39:00
CSH_CMP_202603602,CMP_202603602,ACC_002223,Z009,ATM_Z009_013,83876.75,COMPLETED,2025-03-31T12:39:00
CSH_CMP_202603603,CMP_202603603,ACC_001912,Z009,ATM_Z009_046,28535.31,COMPLETED,2025-06-21T17:44:00
CSH_CMP_202603604,CMP_202603604,ACC_000275,Z006,ATM_Z006_021,10877.29,COMPLETED,2025-04-06T18:00:00
CSH_CMP_202603605,CMP_202603605,ACC_000005,Z016,ATM_Z016_009,24532.27,COMPLETED,2025-05-20T11:50:00
CSH_CMP_202603606,CMP_202603606,ACC_001912,Z001,ATM_Z001_028,31431.77,COMPLETED,2025-05-11T17:04:00
CSH_CMP_202603607,CMP_202603607,ACC_002289,Z015,ATM_Z015_006,7343.48,COMPLETED,2025-06-29T13:36:00
CSH_CMP_202603608,CMP_202603608,ACC_000782,Z051,ATM_Z051_048,38790.83,COMPLETED,2025-04-01T20:34:00
CSH_CMP_202603609,CMP_202603609,ACC_001229,Z035,ATM_Z035_021,2940.25,COMPLETED,2025-02-26T01:21:00
CSH_CMP_202603610,CMP_202603610,ACC_001915,Z001,ATM_Z001_011,9994.51,COMPLETED,2025-03-08T17:52:00
CSH_CMP_202603611,CMP_202603611,ACC_000267,Z006,ATM_Z006_033,20957.2,COMPLETED,2025-03-27T12:20:00
CSH_CMP_202603612,CMP_202603612,ACC_000270,Z006,ATM_Z006_003,19304.11,COMPLETED,2025-04-22T12:22:00
CSH_CMP_202603613,CMP_202603613,ACC_000045,Z009,ATM_Z009_019,252912.2,COMPLETED,2025-02-27T18:56:00
CSH_CMP_202603614,CMP_202603614,ACC_002443,Z002,ATM_Z002_040,44358.39,COMPLETED,2025-05-11T13:52:00
CSH_CMP_202603615,CMP_202603615,ACC_000782,Z051,ATM_Z051_018,2276.91,COMPLETED,2025-05-23T18:52:00
CSH_CMP_202603616,CMP_202603616,ACC_002444,Z011,ATM_Z011_030,92742.8,COMPLETED,2025-02-25T16:07:00
CSH_CMP_202603617,CMP_202603617,ACC_000328,Z052,ATM_Z052_004,3836.56,COMPLETED,2025-01-16T13:29:00
CSH_CMP_202603618,CMP_202603618,ACC_000061,Z009,ATM_Z009_035,55362.66,COMPLETED,2025-05-01T18:21:00
CSH_CMP_202603619,CMP_202603619,ACC_001229,Z035,ATM_Z035_021,3332.19,COMPLETED,2025-01-05T18:09:00
CSH_CMP_202603620,CMP_202603620,ACC_002789,Z058,ATM_Z058_049,65608.28,COMPLETED,2025-01-29T11:44:00
CSH_CMP_202603621,CMP_202603621,ACC_002777,Z068,ATM_Z068_050,21538.05,COMPLETED,2025-03-19T15:20:00
CSH_CMP_202603622,CMP_202603622,ACC_002443,Z002,ATM_Z002_043,36671.44,COMPLETED,2025-04-17T17:39:00
CSH_CMP_202603623,CMP_202603623,ACC_000016,Z009,ATM_Z009_035,89954.91,COMPLETED,2025-01-09T14:31:00
CSH_CMP_202603624,CMP_202603624,ACC_002986,Z004,ATM_Z004_005,46375.75,COMPLETED,2025-06-20T09:26:00
CSH_CMP_202603625,CMP_202603625,ACC_000782,Z003,ATM_Z003_037,145708.4,COMPLETED,2025-01-08T15:11:00
CSH_CMP_202603626,CMP_202603626,ACC_000782,Z051,ATM_Z051_039,103514.11,COMPLETED,2025-04-30T11:46:00
CSH_CMP_202603627,CMP_202603627,ACC_003030,Z026,ATM_Z026_032,24028.07,COMPLETED,2025-05-25T17:05:00
CSH_CMP_202603628,CMP_202603628,ACC_002221,Z002,ATM_Z002_001,20640.86,COMPLETED,2025-02-02T16:52:00
CSH_CMP_202603629,CMP_202603629,ACC_000061,Z015,ATM_Z015_017,6787.32,COMPLETED,2025-06-24T15:02:00
CSH_CMP_202603630,CMP_202603630,ACC_000004,Z016,ATM_Z016_044,81404.93,COMPLETED,2025-06-05T16:03:00
CSH_CMP_202603631,CMP_202603631,ACC_002289,Z010,ATM_Z010_040,6309.29,COMPLETED,2025-03-13T20:37:00
CSH_CMP_202603632,CMP_202603632,ACC_000790,Z051,ATM_Z051_010,5125.29,COMPLETED,2025-01-16T13:23:00
CSH_CMP_202603633,CMP_202603633,ACC_000005,Z009,ATM_Z009_021,3962.41,COMPLETED,2025-02-17T22:30:00
CSH_CMP_202603634,CMP_202603634,ACC_002785,Z068,ATM_Z068_049,13445.21,COMPLETED,2025-02-07T15:40:00
CSH_CMP_202603635,CMP_202603635,ACC_000002,Z009,ATM_Z009_002,20126.28,COMPLETED,2025-04-06T16:44:00
CSH_CMP_202603636,CMP_202603636,ACC_001230,Z004,ATM_Z004_017,10211.13,COMPLETED,2025-03-16T15:39:00
CSH_CMP_202603637,CMP_202603637,ACC_000272,Z006,ATM_Z006_020,51724.52,COMPLETED,2025-05-26T21:27:00
CSH_CMP_202603638,CMP_202603638,ACC_000060,Z009,ATM_Z009_028,6173.7,COMPLETED,2025-03-24T12:54:00
CSH_CMP_202603639,CMP_202603639,ACC_000133,Z006,ATM_Z006_030,20565.79,COMPLETED,2025-05-16T12:42:00
CSH_CMP_202603640,CMP_202603640,ACC_001229,Z003,ATM_Z003_002,220399.08,COMPLETED,2025-01-30T16:32:00
CSH_CMP_202603641,CMP_202603641,ACC_001246,Z004,ATM_Z004_032,244531.23,COMPLETED,2025-03-20T22:53:00
CSH_CMP_202603642,CMP_202603642,ACC_000783,Z038,ATM_Z038_008,0.0,FROZEN,2025-03-20T12:39:00
CSH_CMP_202603643,CMP_202603643,ACC_000266,Z036,ATM_Z036_012,6918.34,COMPLETED,2025-05-01T12:53:00
CSH_CMP_202603644,CMP_202603644,ACC_000105,Z026,ATM_Z026_042,4123.15,COMPLETED,2025-03-04T18:24:00
CSH_CMP_202603645,CMP_202603645,ACC_000332,Z002,ATM_Z002_032,25612.62,COMPLETED,2025-01-25T11:40:00
CSH_CMP_202603646,CMP_202603646,ACC_002777,Z042,ATM_Z042_007,133783.76,COMPLETED,2025-03-02T13:03:00
CSH_CMP_202603647,CMP_202603647,ACC_002305,Z010,ATM_Z010_049,2046.34,COMPLETED,2025-05-09T13:42:00
CSH_CMP_202603648,CMP_202603648,ACC_002223,Z009,ATM_Z009_034,9003.25,COMPLETED,2025-02-27T15:30:00
CSH_CMP_202603649,CMP_202603649,ACC_000267,Z036,ATM_Z036_041,39791.99,COMPLETED,2025-06-15T16:03:00
CSH_CMP_202603650,CMP_202603650,ACC_001534,Z002,ATM_Z002_025,20740.36,COMPLETED,2025-04-22T11:06:00
CSH_CMP_202603651,CMP_202603651,ACC_000906,Z051,ATM_Z051_014,20934.67,COMPLETED,2025-02-24T15:33:00
CSH_CMP_202603652,CMP_202603652,ACC_000275,Z052,ATM_Z052_029,13871.88,COMPLETED,2025-01-04T22:23:00
CSH_CMP_202603653,CMP_202603653,ACC_000061,Z015,ATM_Z015_037,4702.75,COMPLETED,2025-01-22T12:38:00
CSH_CMP_202603654,CMP_202603654,ACC_000020,Z009,ATM_Z009_007,13751.32,COMPLETED,2025-02-15T16:30:00
CSH_CMP_202603655,CMP_202603655,ACC_000813,Z038,ATM_Z038_033,9190.75,COMPLETED,2025-02-08T11:31:00
CSH_CMP_202603656,CMP_202603656,ACC_000330,Z002,ATM_Z002_042,39717.35,COMPLETED,2025-02-13T17:12:00
CSH_CMP_202603657,CMP_202603657,ACC_000474,Z002,ATM_Z002_028,34735.59,COMPLETED,2025-04-29T10:27:00
CSH_CMP_202603658,CMP_202603658,ACC_000472,Z004,ATM_Z004_050,24323.8,COMPLETED,2025-03-06T13:17:00
CSH_CMP_202603659,CMP_202603659,ACC_000784,Z051,ATM_Z051_042,13702.57,COMPLETED,2025-04-13T13:14:00
CSH_CMP_202603660,CMP_202603660,ACC_000019,Z009,ATM_Z009_016,1264.86,COMPLETED,2025-04-11T15:25:00
CSH_CMP_202603661,CMP_202603661,ACC_001992,Z049,ATM_Z049_041,15357.13,COMPLETED,2025-06-10T07:52:00
CSH_CMP_202603662,CMP_202603662,ACC_002443,Z011,ATM_Z011_036,4948.22,COMPLETED,2025-06-20T16:14:00
CSH_CMP_202603663,CMP_202603663,ACC_002289,Z044,ATM_Z044_024,5933.23,COMPLETED,2025-01-28T13:48:00
CSH_CMP_202603664,CMP_202603664,ACC_000328,Z071,ATM_Z071_027,57110.89,COMPLETED,2025-01-24T14:38:00
CSH_CMP_202603665,CMP_202603665,ACC_001536,Z009,ATM_Z009_001,48890.2,COMPLETED,2025-04-11T18:33:00
CSH_CMP_202603666,CMP_202603666,ACC_000479,Z031,ATM_Z031_020,67749.22,COMPLETED,2025-05-10T05:35:00
CSH_CMP_202603667,CMP_202603667,ACC_000267,Z052,ATM_Z052_026,9313.94,COMPLETED,2025-02-22T19:52:00
CSH_CMP_202603668,CMP_202603668,ACC_000268,Z006,ATM_Z006_017,9497.35,COMPLETED,2025-03-25T13:48:00
CSH_CMP_202603669,CMP_202603669,ACC_000002,Z016,ATM_Z016_028,26394.52,COMPLETED,2025-03-11T14:14:00
CSH_CMP_202603670,CMP_202603670,ACC_002943,Z002,ATM_Z002_011,4041.72,COMPLETED,2025-02-09T17:33:00
CSH_CMP_202603671,CMP_202603671,ACC_000339,Z010,ATM_Z010_043,215890.0,COMPLETED,2025-06-11T15:23:00
CSH_CMP_202603672,CMP_202603672,ACC_002223,Z050,ATM_Z050_034,4072.77,COMPLETED,2025-04-11T12:07:00
CSH_CMP_202603673,CMP_202603673,ACC_002221,Z002,ATM_Z002_036,56134.95,COMPLETED,2025-02-21T16:54:00
CSH_CMP_202603674,CMP_202603674,ACC_002446,Z002,ATM_Z002_030,5816.08,COMPLETED,2025-05-10T09:44:00
CSH_CMP_202603675,CMP_202603675,ACC_002441,Z015,ATM_Z015_034,4218.47,COMPLETED,2025-01-01T12:45:00
CSH_CMP_202603676,CMP_202603676,ACC_000275,Z011,ATM_Z011_042,21791.51,COMPLETED,2025-06-11T17:57:00
CSH_CMP_202603677,CMP_202603677,ACC_000267,Z052,ATM_Z052_049,7381.86,COMPLETED,2025-05-28T17:28:00
CSH_CMP_202603678,CMP_202603678,ACC_002984,Z045,ATM_Z045_016,19078.04,COMPLETED,2025-06-21T20:05:00
CSH_CMP_202603679,CMP_202603679,ACC_001023,Z046,ATM_Z046_027,4307.29,COMPLETED,2025-06-26T12:57:00
CSH_CMP_202603680,CMP_202603680,ACC_000472,Z002,ATM_Z002_035,7113.54,COMPLETED,2025-05-26T18:45:00
CSH_CMP_202603681,CMP_202603681,ACC_002443,Z032,ATM_Z032_048,36011.35,COMPLETED,2025-03-17T11:16:00
CSH_CMP_202603682,CMP_202603682,ACC_000007,Z009,ATM_Z009_046,14966.91,COMPLETED,2025-03-26T18:43:00
CSH_CMP_202603683,CMP_202603683,ACC_000472,Z004,ATM_Z004_045,24767.02,COMPLETED,2025-04-22T20:57:00
CSH_CMP_202603684,CMP_202603684,ACC_000267,Z036,ATM_Z036_027,5905.33,COMPLETED,2025-05-28T12:41:00
CSH_CMP_202603685,CMP_202603685,ACC_001542,Z002,ATM_Z002_013,739623.83,COMPLETED,2025-02-02T15:43:00
CSH_CMP_202603686,CMP_202603686,ACC_000072,Z015,ATM_Z015_020,11148.57,COMPLETED,2025-06-26T14:39:00
CSH_CMP_202603687,CMP_202603687,ACC_002253,Z009,ATM_Z009_039,46784.05,COMPLETED,2025-05-20T10:30:00
CSH_CMP_202603688,CMP_202603688,ACC_000330,Z009,ATM_Z009_008,28931.9,COMPLETED,2025-05-04T14:50:00
CSH_CMP_202603689,CMP_202603689,ACC_002797,Z009,ATM_Z009_022,28322.88,COMPLETED,2025-02-15T12:45:00
CSH_CMP_202603690,CMP_202603690,ACC_002569,Z003,ATM_Z003_004,7445.41,COMPLETED,2025-01-09T15:17:00
CSH_CMP_202603691,CMP_202603691,ACC_000003,Z016,ATM_Z016_026,245146.67,COMPLETED,2025-05-21T10:05:00
CSH_CMP_202603692,CMP_202603692,ACC_000063,Z015,ATM_Z015_001,15803.27,COMPLETED,2025-02-16T21:35:00
CSH_CMP_202603693,CMP_202603693,ACC_000335,Z075,ATM_Z075_010,32565.71,COMPLETED,2025-02-05T11:29:00
CSH_CMP_202603694,CMP_202603694,ACC_000476,Z002,ATM_Z002_045,4417.61,COMPLETED,2025-03-06T12:25:00
CSH_CMP_202603695,CMP_202603695,ACC_002789,Z068,ATM_Z068_030,5557.75,COMPLETED,2025-01-11T09:14:00
CSH_CMP_202603696,CMP_202603696,ACC_000268,Z052,ATM_Z052_027,12447.97,COMPLETED,2025-04-06T21:01:00
CSH_CMP_202603697,CMP_202603697,ACC_000266,Z037,ATM_Z037_019,7362.06,COMPLETED,2025-01-17T10:34:00
CSH_CMP_202603698,CMP_202603698,ACC_002777,Z008,ATM_Z008_014,0.0,FROZEN,2025-02-26T10:16:00
CSH_CMP_202603699,CMP_202603699,ACC_002223,Z009,ATM_Z009_030,8988.54,COMPLETED,2025-03-19T17:41:00
CSH_CMP_202603700,CMP_202603700,ACC_002782,Z008,ATM_Z008_031,1536777.55,COMPLETED,2025-05-24T13:38:00
CSH_CMP_202603701,CMP_202603701,ACC_001915,Z049,ATM_Z049_035,11143.8,COMPLETED,2025-06-07T12:08:00
CSH_CMP_202603702,CMP_202603702,ACC_002987,Z017,ATM_Z017_048,13799.69,COMPLETED,2025-03-08T11:27:00
CSH_CMP_202603703,CMP_202603703,ACC_000472,Z046,ATM_Z046_042,42344.48,COMPLETED,2025-01-29T18:39:00
CSH_CMP_202603704,CMP_202603704,ACC_000058,Z016,ATM_Z016_005,21851.97,COMPLETED,2025-03-12T14:29:00
CSH_CMP_202603705,CMP_202603705,ACC_001913,Z002,ATM_Z002_050,21114.44,COMPLETED,2025-02-13T16:23:00
CSH_CMP_202603706,CMP_202603706,ACC_001025,Z006,ATM_Z006_048,1485.85,COMPLETED,2025-06-21T09:23:00
CSH_CMP_202603707,CMP_202603707,ACC_002778,Z042,ATM_Z042_017,136740.96,COMPLETED,2025-05-15T14:06:00
CSH_CMP_202603708,CMP_202603708,ACC_001915,Z002,ATM_Z002_048,136984.08,COMPLETED,2025-05-13T20:02:00
CSH_CMP_202603709,CMP_202603709,ACC_002983,Z049,ATM_Z049_043,26639.02,COMPLETED,2025-05-20T17:52:00
CSH_CMP_202603710,CMP_202603710,ACC_002983,Z026,ATM_Z026_040,22276.03,COMPLETED,2025-04-04T16:34:00
CSH_CMP_202603711,CMP_202603711,ACC_000058,Z009,ATM_Z009_027,5103.11,COMPLETED,2025-02-16T16:55:00
CSH_CMP_202603712,CMP_202603712,ACC_002777,Z002,ATM_Z002_009,30521.25,COMPLETED,2025-04-15T18:16:00
CSH_CMP_202603713,CMP_202603713,ACC_001534,Z001,ATM_Z001_011,2992.34,COMPLETED,2025-03-13T19:46:00
CSH_CMP_202603714,CMP_202603714,ACC_002777,Z042,ATM_Z042_022,1448361.89,COMPLETED,2025-02-06T08:36:00
CSH_CMP_202603715,CMP_202603715,ACC_001023,Z046,ATM_Z046_043,14895.3,COMPLETED,2025-05-04T16:14:00
CSH_CMP_202603716,CMP_202603716,ACC_000266,Z006,ATM_Z006_021,12198.1,COMPLETED,2025-05-30T16:45:00
CSH_CMP_202603717,CMP_202603717,ACC_002221,Z049,ATM_Z049_020,8286.33,COMPLETED,2025-04-03T02:31:00
CSH_CMP_202603718,CMP_202603718,ACC_001229,Z035,ATM_Z035_034,0.0,FROZEN,2025-02-15T12:04:00
CSH_CMP_202603719,CMP_202603719,ACC_001229,Z035,ATM_Z035_010,2691.84,COMPLETED,2025-04-24T12:24:00
CSH_CMP_202603720,CMP_202603720,ACC_000266,Z006,ATM_Z006_037,15517.29,COMPLETED,2025-04-13T14:24:00
CSH_CMP_202603721,CMP_202603721,ACC_002777,Z042,ATM_Z042_047,169000.71,COMPLETED,2025-02-04T10:40:00
CSH_CMP_202603722,CMP_202603722,ACC_001023,Z006,ATM_Z006_031,41381.74,COMPLETED,2025-03-11T14:14:00
CSH_CMP_202603723,CMP_202603723,ACC_000631,Z075,ATM_Z075_008,21396.08,COMPLETED,2025-02-23T11:28:00
CSH_CMP_202603724,CMP_202603724,ACC_001549,Z002,ATM_Z002_042,259534.68,COMPLETED,2025-05-05T16:17:00
CSH_CMP_202603725,CMP_202603725,ACC_001027,Z006,ATM_Z006_008,7119.58,COMPLETED,2025-01-22T23:25:00
CSH_CMP_202603726,CMP_202603726,ACC_000782,Z038,ATM_Z038_015,197683.55,COMPLETED,2025-04-15T17:26:00
CSH_CMP_202603727,CMP_202603727,ACC_001021,Z026,ATM_Z026_040,2010.1,COMPLETED,2025-06-01T16:33:00
CSH_CMP_202603728,CMP_202603728,ACC_002779,Z042,ATM_Z042_007,88489.02,COMPLETED,2025-01-13T02:51:00
CSH_CMP_202603729,CMP_202603729,ACC_002308,Z021,ATM_Z021_016,23444.26,COMPLETED,2025-06-11T12:04:00
CSH_CMP_202603730,CMP_202603730,ACC_000898,Z026,ATM_Z026_025,10163.17,COMPLETED,2025-02-27T04:33:00
CSH_CMP_202603731,CMP_202603731,ACC_001229,Z024,ATM_Z024_011,2602.11,COMPLETED,2025-01-26T18:50:00
CSH_CMP_202603732,CMP_202603732,ACC_000334,Z009,ATM_Z009_025,98139.76,COMPLETED,2025-03-13T15:15:00
CSH_CMP_202603733,CMP_202603733,ACC_002289,Z046,ATM_Z046_041,67011.76,COMPLETED,2025-05-30T16:38:00
CSH_CMP_202603734,CMP_202603734,ACC_000012,Z016,ATM_Z016_046,20907.88,COMPLETED,2025-01-18T12:04:00
CSH_CMP_202603735,CMP_202603735,ACC_001918,Z024,ATM_Z024_018,616261.06,COMPLETED,2025-02-28T13:10:00
CSH_CMP_202603736,CMP_202603736,ACC_001023,Z006,ATM_Z006_025,10049.67,COMPLETED,2025-06-26T13:53:00
CSH_CMP_202603737,CMP_202603737,ACC_001921,Z001,ATM_Z001_011,7707.46,COMPLETED,2025-01-14T13:20:00
CSH_CMP_202603738,CMP_202603738,ACC_001023,Z046,ATM_Z046_008,48234.39,COMPLETED,2025-05-04T09:05:00
CSH_CMP_202603739,CMP_202603739,ACC_002778,Z013,ATM_Z013_031,27730.18,COMPLETED,2025-05-23T16:38:00
CSH_CMP_202603740,CMP_202603740,ACC_001026,Z006,ATM_Z006_026,3139.72,COMPLETED,2025-01-30T03:42:00
CSH_CMP_202603741,CMP_202603741,ACC_002289,Z010,ATM_Z010_049,3417.2,COMPLETED,2025-05-16T12:09:00
CSH_CMP_202603742,CMP_202603742,ACC_000004,Z009,ATM_Z009_027,38676.53,COMPLETED,2025-02-11T19:08:00
CSH_CMP_202603743,CMP_202603743,ACC_000277,Z052,ATM_Z052_031,3583.01,COMPLETED,2025-03-24T13:13:00
CSH_CMP_202603744,CMP_202603744,ACC_001035,Z006,ATM_Z006_026,10075.15,COMPLETED,2025-05-31T08:50:00
CSH_CMP_202603745,CMP_202603745,ACC_002289,Z010,ATM_Z010_025,26618.81,COMPLETED,2025-05-13T11:03:00
CSH_CMP_202603746,CMP_202603746,ACC_000332,Z032,ATM_Z032_041,29480.56,COMPLETED,2025-05-08T13:18:00
CSH_CMP_202603747,CMP_202603747,ACC_000026,Z016,ATM_Z016_026,438705.78,COMPLETED,2025-06-17T12:30:00
CSH_CMP_202603748,CMP_202603748,ACC_001912,Z002,ATM_Z002_033,10982.74,COMPLETED,2025-03-19T11:19:00
CSH_CMP_202603749,CMP_202603749,ACC_001930,Z002,ATM_Z002_004,1497469.87,COMPLETED,2025-05-09T12:06:00
CSH_CMP_202603750,CMP_202603750,ACC_001025,Z006,ATM_Z006_041,4418.46,COMPLETED,2025-01-04T13:58:00
CSH_CMP_202603751,CMP_202603751,ACC_000201,Z015,ATM_Z015_018,22774.56,COMPLETED,2025-02-26T14:23:00
CSH_CMP_202603752,CMP_202603752,ACC_002289,Z010,ATM_Z010_010,8282.71,COMPLETED,2025-06-12T09:21:00
CSH_CMP_202603753,CMP_202603753,ACC_001023,Z046,ATM_Z046_025,2416.04,COMPLETED,2025-03-11T14:58:00
CSH_CMP_202603754,CMP_202603754,ACC_000007,Z009,ATM_Z009_040,5054.66,COMPLETED,2025-04-20T18:53:00
CSH_CMP_202603755,CMP_202603755,ACC_002777,Z042,ATM_Z042_006,47358.34,COMPLETED,2025-01-27T13:28:00
CSH_CMP_202603756,CMP_202603756,ACC_001027,Z006,ATM_Z006_041,5144.34,COMPLETED,2025-02-21T19:51:00
CSH_CMP_202603757,CMP_202603757,ACC_001916,Z002,ATM_Z002_005,530819.06,COMPLETED,2025-03-29T16:26:00
CSH_CMP_202603758,CMP_202603758,ACC_000336,Z035,ATM_Z035_030,15849.78,COMPLETED,2025-06-20T19:29:00
CSH_CMP_202603759,CMP_202603759,ACC_000474,Z004,ATM_Z004_027,200461.42,COMPLETED,2025-04-05T17:05:00
CSH_CMP_202603760,CMP_202603760,ACC_000003,Z016,ATM_Z016_009,18330.7,COMPLETED,2025-05-06T09:07:00
CSH_CMP_202603761,CMP_202603761,ACC_000330,Z009,ATM_Z009_045,12678.26,COMPLETED,2025-05-23T17:38:00
CSH_CMP_202603762,CMP_202603762,ACC_002994,Z026,ATM_Z026_049,7546.85,COMPLETED,2025-06-18T14:07:00
CSH_CMP_202603763,CMP_202603763,ACC_000782,Z026,ATM_Z026_013,89675.99,COMPLETED,2025-01-09T18:16:00
CSH_CMP_202603764,CMP_202603764,ACC_000058,Z016,ATM_Z016_011,260923.75,COMPLETED,2025-03-03T21:26:00
CSH_CMP_202603765,CMP_202603765,ACC_002983,Z017,ATM_Z017_028,1507.21,COMPLETED,2025-03-10T12:35:00
CSH_CMP_202603766,CMP_202603766,ACC_000782,Z051,ATM_Z051_015,71268.83,COMPLETED,2025-02-09T14:33:00
CSH_CMP_202603767,CMP_202603767,ACC_000007,Z016,ATM_Z016_013,5073.03,COMPLETED,2025-01-28T01:03:00
CSH_CMP_202603768,CMP_202603768,ACC_001915,Z049,ATM_Z049_035,248371.36,COMPLETED,2025-03-19T11:50:00
CSH_CMP_202603769,CMP_202603769,ACC_002298,Z015,ATM_Z015_007,841.43,COMPLETED,2025-03-24T14:33:00
CSH_CMP_202603770,CMP_202603770,ACC_002289,Z010,ATM_Z010_002,6647.15,COMPLETED,2025-04-11T15:42:00
CSH_CMP_202603771,CMP_202603771,ACC_000061,Z009,ATM_Z009_016,34561.45,COMPLETED,2025-05-30T21:18:00
CSH_CMP_202603772,CMP_202603772,ACC_002777,Z056,ATM_Z056_020,677284.65,COMPLETED,2025-01-04T11:49:00
CSH_CMP_202603773,CMP_202603773,ACC_000002,Z009,ATM_Z009_017,10012.07,COMPLETED,2025-04-19T12:23:00
CSH_CMP_202603774,CMP_202603774,ACC_002983,Z026,ATM_Z026_042,28567.02,COMPLETED,2025-06-10T12:29:00
CSH_CMP_202603775,CMP_202603775,ACC_000268,Z006,ATM_Z006_033,2950.22,COMPLETED,2025-03-24T18:15:00
CSH_CMP_202603776,CMP_202603776,ACC_002444,Z002,ATM_Z002_013,175581.55,COMPLETED,2025-04-12T15:57:00
CSH_CMP_202603777,CMP_202603777,ACC_001024,Z006,ATM_Z006_019,6635.36,COMPLETED,2025-05-06T08:49:00
CSH_CMP_202603778,CMP_202603778,ACC_002798,Z068,ATM_Z068_032,479904.32,COMPLETED,2025-06-03T14:25:00
CSH_CMP_202603779,CMP_202603779,ACC_000060,Z051,ATM_Z051_024,20406.65,COMPLETED,2025-06-14T08:00:00
CSH_CMP_202603780,CMP_202603780,ACC_000473,Z002,ATM_Z002_050,44818.29,COMPLETED,2025-04-03T22:25:00
CSH_CMP_202603781,CMP_202603781,ACC_000078,Z015,ATM_Z015_013,7801.82,COMPLETED,2025-05-01T13:45:00
CSH_CMP_202603782,CMP_202603782,ACC_001229,Z003,ATM_Z003_040,9504.42,COMPLETED,2025-03-01T17:44:00
CSH_CMP_202603783,CMP_202603783,ACC_002448,Z009,ATM_Z009_028,165901.64,COMPLETED,2025-05-12T13:54:00
CSH_CMP_202603784,CMP_202603784,ACC_002444,Z009,ATM_Z009_027,41852.89,COMPLETED,2025-05-17T09:20:00
CSH_CMP_202603785,CMP_202603785,ACC_000019,Z033,ATM_Z033_002,2862.95,COMPLETED,2025-03-02T12:44:00
CSH_CMP_202603786,CMP_202603786,ACC_002223,Z009,ATM_Z009_009,5382.21,COMPLETED,2025-04-26T09:47:00
CSH_CMP_202603787,CMP_202603787,ACC_001023,Z046,ATM_Z046_001,2443.03,COMPLETED,2025-03-18T15:06:00
CSH_CMP_202603788,CMP_202603788,ACC_000062,Z015,ATM_Z015_019,7202.2,COMPLETED,2025-03-07T22:07:00
CSH_CMP_202603789,CMP_202603789,ACC_000273,Z052,ATM_Z052_012,44327.71,COMPLETED,2025-06-11T17:07:00
CSH_CMP_202603790,CMP_202603790,ACC_001229,Z035,ATM_Z035_020,2680.02,COMPLETED,2025-06-24T08:43:00
CSH_CMP_202603791,CMP_202603791,ACC_002224,Z050,ATM_Z050_050,25201.55,COMPLETED,2025-05-27T18:00:00
CSH_CMP_202603792,CMP_202603792,ACC_002447,Z002,ATM_Z002_041,148548.95,COMPLETED,2025-04-10T14:53:00
CSH_CMP_202603793,CMP_202603793,ACC_002778,Z068,ATM_Z068_006,23253.07,COMPLETED,2025-01-27T19:20:00
CSH_CMP_202603794,CMP_202603794,ACC_002981,Z056,ATM_Z056_038,157929.61,COMPLETED,2025-02-10T09:21:00
CSH_CMP_202603795,CMP_202603795,ACC_000060,Z009,ATM_Z009_038,25638.3,COMPLETED,2025-03-21T18:23:00
CSH_CMP_202603796,CMP_202603796,ACC_002289,Z010,ATM_Z010_047,3659.22,COMPLETED,2025-02-19T16:44:00
CSH_CMP_202603797,CMP_202603797,ACC_002290,Z015,ATM_Z015_021,29990.0,COMPLETED,2025-06-26T05:41:00
CSH_CMP_202603798,CMP_202603798,ACC_002601,Z002,ATM_Z002_019,150451.07,COMPLETED,2025-06-10T17:23:00
CSH_CMP_202603799,CMP_202603799,ACC_002983,Z045,ATM_Z045_012,3447.28,COMPLETED,2025-04-18T11:22:00
CSH_CMP_202603800,CMP_202603800,ACC_002996,Z026,ATM_Z026_009,28606.73,COMPLETED,2025-02-08T00:53:00
CSH_CMP_202603801,CMP_202603801,ACC_000332,Z075,ATM_Z075_046,90691.68,COMPLETED,2025-05-09T17:05:00
CSH_CMP_202603802,CMP_202603802,ACC_000266,Z020,ATM_Z020_009,10533.21,COMPLETED,2025-03-13T21:27:00
CSH_CMP_202603803,CMP_202603803,ACC_000060,Z015,ATM_Z015_022,4064.99,COMPLETED,2025-04-05T17:46:00
CSH_CMP_202603804,CMP_202603804,ACC_001023,Z006,ATM_Z006_001,12995.9,COMPLETED,2025-01-15T16:09:00
CSH_CMP_202603805,CMP_202603805,ACC_001088,Z006,ATM_Z006_017,5539.98,COMPLETED,2025-01-23T08:01:00
CSH_CMP_202603806,CMP_202603806,ACC_001912,Z009,ATM_Z009_037,24178.59,COMPLETED,2025-02-14T17:40:00
CSH_CMP_202603807,CMP_202603807,ACC_000060,Z009,ATM_Z009_002,51313.19,COMPLETED,2025-01-13T09:03:00
CSH_CMP_202603808,CMP_202603808,ACC_002289,Z010,ATM_Z010_020,169037.03,COMPLETED,2025-02-02T08:15:00
CSH_CMP_202603809,CMP_202603809,ACC_000060,Z015,ATM_Z015_036,14234.62,COMPLETED,2025-05-15T15:59:00
CSH_CMP_202603810,CMP_202603810,ACC_002223,Z009,ATM_Z009_042,25405.7,COMPLETED,2025-02-04T08:13:00
CSH_CMP_202603811,CMP_202603811,ACC_002290,Z015,ATM_Z015_022,20870.31,COMPLETED,2025-02-06T11:01:00
CSH_CMP_202603812,CMP_202603812,ACC_001029,Z027,ATM_Z027_034,9246.06,COMPLETED,2025-01-02T23:53:00
CSH_CMP_202603813,CMP_202603813,ACC_000277,Z053,ATM_Z053_035,19744.32,COMPLETED,2025-06-03T10:23:00
CSH_CMP_202603814,CMP_202603814,ACC_000060,Z009,ATM_Z009_046,16057.69,COMPLETED,2025-05-25T11:36:00
CSH_CMP_202603815,CMP_202603815,ACC_003017,Z046,ATM_Z046_035,37559.94,COMPLETED,2025-05-17T05:05:00
CSH_CMP_202603816,CMP_202603816,ACC_000836,Z003,ATM_Z003_023,8848.56,COMPLETED,2025-05-23T14:41:00
CSH_CMP_202603817,CMP_202603817,ACC_000270,Z036,ATM_Z036_015,8004.18,COMPLETED,2025-05-08T23:36:00
CSH_CMP_202603818,CMP_202603818,ACC_001229,Z035,ATM_Z035_012,17715.59,COMPLETED,2025-01-23T11:17:00
CSH_CMP_202603819,CMP_202603819,ACC_002232,Z050,ATM_Z050_010,1161.38,COMPLETED,2025-04-06T12:24:00
CSH_CMP_202603820,CMP_202603820,ACC_001535,Z002,ATM_Z002_033,285391.36,COMPLETED,2025-01-27T10:59:00
CSH_CMP_202603821,CMP_202603821,ACC_003026,Z018,ATM_Z018_024,6608.62,COMPLETED,2025-02-13T07:53:00
CSH_CMP_202603822,CMP_202603822,ACC_001234,Z065,ATM_Z065_015,24470.35,COMPLETED,2025-03-27T16:05:00
CSH_CMP_202603823,CMP_202603823,ACC_000060,Z015,ATM_Z015_007,8754.87,COMPLETED,2025-01-15T13:59:00
CSH_CMP_202603824,CMP_202603824,ACC_002777,Z048,ATM_Z048_017,261883.16,COMPLETED,2025-06-25T13:30:00
CSH_CMP_202603825,CMP_202603825,ACC_002046,Z002,ATM_Z002_012,758779.65,COMPLETED,2025-06-21T06:14:00
CSH_CMP_202603826,CMP_202603826,ACC_001872,Z051,ATM_Z051_016,37451.4,COMPLETED,2025-06-18T19:16:00
CSH_CMP_202603827,CMP_202603827,ACC_002267,Z009,ATM_Z009_020,1343.31,COMPLETED,2025-03-12T19:10:00
CSH_CMP_202603828,CMP_202603828,ACC_000330,Z002,ATM_Z002_002,44799.14,COMPLETED,2025-03-12T15:16:00
CSH_CMP_202603829,CMP_202603829,ACC_001231,Z004,ATM_Z004_041,1840.84,COMPLETED,2025-01-08T15:34:00
CSH_CMP_202603830,CMP_202603830,ACC_000004,Z009,ATM_Z009_011,4138.34,COMPLETED,2025-04-10T12:13:00
CSH_CMP_202603831,CMP_202603831,ACC_000003,Z016,ATM_Z016_025,6025.79,COMPLETED,2025-06-15T14:37:00
CSH_CMP_202603832,CMP_202603832,ACC_002783,Z068,ATM_Z068_011,509007.88,COMPLETED,2025-05-03T15:04:00
CSH_CMP_202603833,CMP_202603833,ACC_000365,Z032,ATM_Z032_044,9739.12,COMPLETED,2025-06-13T12:44:00
CSH_CMP_202603834,CMP_202603834,ACC_002777,Z008,ATM_Z008_003,10351.93,COMPLETED,2025-05-26T15:47:00
CSH_CMP_202603835,CMP_202603835,ACC_000061,Z009,ATM_Z009_031,10527.08,COMPLETED,2025-05-03T07:43:00
CSH_CMP_202603836,CMP_202603836,ACC_002223,Z050,ATM_Z050_043,10290.11,COMPLETED,2025-06-13T12:50:00
CSH_CMP_202603837,CMP_202603837,ACC_000149,Z009,ATM_Z009_044,35307.32,COMPLETED,2025-06-18T08:20:00
CSH_CMP_202603838,CMP_202603838,ACC_000019,Z016,ATM_Z016_015,14851.15,COMPLETED,2025-02-18T18:00:00
CSH_CMP_202603839,CMP_202603839,ACC_000060,Z009,ATM_Z009_037,11897.8,COMPLETED,2025-03-26T18:53:00
CSH_CMP_202603840,CMP_202603840,ACC_000488,Z002,ATM_Z002_001,11305.01,COMPLETED,2025-06-27T12:48:00
CSH_CMP_202603841,CMP_202603841,ACC_001728,Z002,ATM_Z002_013,282285.56,COMPLETED,2025-05-29T20:10:00
CSH_CMP_202603842,CMP_202603842,ACC_000002,Z009,ATM_Z009_035,0.0,FROZEN,2025-06-05T18:01:00
CSH_CMP_202603843,CMP_202603843,ACC_002983,Z026,ATM_Z026_019,17581.12,COMPLETED,2025-05-24T14:05:00
CSH_CMP_202603844,CMP_202603844,ACC_000782,Z026,ATM_Z026_029,93430.41,COMPLETED,2025-05-20T14:22:00
CSH_CMP_202603845,CMP_202603845,ACC_000782,Z051,ATM_Z051_003,37431.73,COMPLETED,2025-04-26T15:01:00
CSH_CMP_202603846,CMP_202603846,ACC_002777,Z065,ATM_Z065_025,70391.76,COMPLETED,2025-06-27T18:29:00
CSH_CMP_202603847,CMP_202603847,ACC_002289,Z015,ATM_Z015_007,4505.56,COMPLETED,2025-03-09T14:18:00
CSH_CMP_202603848,CMP_202603848,ACC_002777,Z042,ATM_Z042_045,139938.65,COMPLETED,2025-04-06T18:18:00
CSH_CMP_202603849,CMP_202603849,ACC_001230,Z004,ATM_Z004_021,39933.57,COMPLETED,2025-01-25T23:22:00
CSH_CMP_202603850,CMP_202603850,ACC_000130,Z009,ATM_Z009_041,6969.05,COMPLETED,2025-05-16T16:58:00
CSH_CMP_202603851,CMP_202603851,ACC_000060,Z009,ATM_Z009_050,3292.81,COMPLETED,2025-05-01T10:23:00
CSH_CMP_202603852,CMP_202603852,ACC_000473,Z017,ATM_Z017_002,18873.45,COMPLETED,2025-03-15T14:53:00
CSH_CMP_202603853,CMP_202603853,ACC_001026,Z046,ATM_Z046_050,8961.72,COMPLETED,2025-05-22T17:06:00
CSH_CMP_202603854,CMP_202603854,ACC_001173,Z036,ATM_Z036_041,0.0,FROZEN,2025-06-29T16:26:00
CSH_CMP_202603855,CMP_202603855,ACC_000334,Z009,ATM_Z009_012,113696.29,COMPLETED,2025-01-15T18:01:00
CSH_CMP_202603856,CMP_202603856,ACC_002988,Z018,ATM_Z018_046,86532.99,COMPLETED,2025-02-14T21:47:00
CSH_CMP_202603857,CMP_202603857,ACC_000328,Z006,ATM_Z006_038,5213.27,COMPLETED,2025-01-15T16:10:00
CSH_CMP_202603858,CMP_202603858,ACC_001930,Z058,ATM_Z058_035,383425.67,COMPLETED,2025-02-09T12:20:00
CSH_CMP_202603859,CMP_202603859,ACC_001035,Z046,ATM_Z046_005,4114.3,COMPLETED,2025-04-25T15:51:00
CSH_CMP_202603860,CMP_202603860,ACC_003037,Z017,ATM_Z017_041,10919.45,COMPLETED,2025-04-07T13:53:00
CSH_CMP_202603861,CMP_202603861,ACC_000797,Z038,ATM_Z038_029,30716.49,COMPLETED,2025-05-18T19:31:00
CSH_CMP_202603862,CMP_202603862,ACC_002441,Z010,ATM_Z010_050,887.39,COMPLETED,2025-06-25T17:44:00
CSH_CMP_202603863,CMP_202603863,ACC_001535,Z007,ATM_Z007_014,394222.83,COMPLETED,2025-04-27T11:44:00
CSH_CMP_202603864,CMP_202603864,ACC_002443,Z002,ATM_Z002_013,22867.72,COMPLETED,2025-01-10T17:33:00
CSH_CMP_202603865,CMP_202603865,ACC_000004,Z009,ATM_Z009_030,13249.41,COMPLETED,2025-04-19T17:12:00
CSH_CMP_202603866,CMP_202603866,ACC_001936,Z002,ATM_Z002_016,156502.4,COMPLETED,2025-02-10T14:52:00
CSH_CMP_202603867,CMP_202603867,ACC_000005,Z016,ATM_Z016_048,78900.14,COMPLETED,2025-01-02T13:06:00
CSH_CMP_202603868,CMP_202603868,ACC_002445,Z002,ATM_Z002_038,19037.83,COMPLETED,2025-05-11T15:14:00
CSH_CMP_202603869,CMP_202603869,ACC_001043,Z006,ATM_Z006_021,17131.6,COMPLETED,2025-03-09T15:41:00
CSH_CMP_202603870,CMP_202603870,ACC_000003,Z016,ATM_Z016_012,52435.98,COMPLETED,2025-01-19T17:04:00
CSH_CMP_202603871,CMP_202603871,ACC_000783,Z026,ATM_Z026_032,773.7,COMPLETED,2025-02-20T16:06:00
CSH_CMP_202603872,CMP_202603872,ACC_002226,Z009,ATM_Z009_044,26274.97,COMPLETED,2025-01-28T12:38:00
CSH_CMP_202603873,CMP_202603873,ACC_000004,Z009,ATM_Z009_026,5067.09,COMPLETED,2025-02-14T19:02:00
CSH_CMP_202603874,CMP_202603874,ACC_000783,Z026,ATM_Z026_044,6372.24,COMPLETED,2025-03-14T21:36:00
CSH_CMP_202603875,CMP_202603875,ACC_000798,Z059,ATM_Z059_045,10069.69,COMPLETED,2025-01-27T13:09:00
CSH_CMP_202603876,CMP_202603876,ACC_000328,Z052,ATM_Z052_001,10191.82,COMPLETED,2025-01-30T06:09:00
CSH_CMP_202603877,CMP_202603877,ACC_001227,Z004,ATM_Z004_044,10823.1,COMPLETED,2025-05-07T15:05:00
CSH_CMP_202603878,CMP_202603878,ACC_001913,Z002,ATM_Z002_044,223367.78,COMPLETED,2025-02-25T11:44:00
CSH_CMP_202603879,CMP_202603879,ACC_001229,Z004,ATM_Z004_035,18509.33,COMPLETED,2025-05-19T14:55:00
CSH_CMP_202603880,CMP_202603880,ACC_002446,Z009,ATM_Z009_027,28906.75,COMPLETED,2025-02-26T08:43:00
CSH_CMP_202603881,CMP_202603881,ACC_001561,Z001,ATM_Z001_022,238092.1,COMPLETED,2025-05-30T17:42:00
CSH_CMP_202603882,CMP_202603882,ACC_001229,Z075,ATM_Z075_035,620.37,COMPLETED,2025-05-21T21:56:00
CSH_CMP_202603883,CMP_202603883,ACC_002983,Z002,ATM_Z002_038,8141.6,COMPLETED,2025-02-03T22:18:00
CSH_CMP_202603884,CMP_202603884,ACC_001536,Z002,ATM_Z002_012,539704.07,COMPLETED,2025-03-17T17:59:00
CSH_CMP_202603885,CMP_202603885,ACC_001651,Z001,ATM_Z001_014,1172.96,COMPLETED,2025-05-03T02:04:00
CSH_CMP_202603886,CMP_202603886,ACC_001957,Z009,ATM_Z009_002,4228.81,COMPLETED,2025-04-15T17:13:00
CSH_CMP_202603887,CMP_202603887,ACC_000060,Z028,ATM_Z028_023,37059.91,COMPLETED,2025-05-28T14:16:00
CSH_CMP_202603888,CMP_202603888,ACC_001024,Z046,ATM_Z046_004,12572.88,COMPLETED,2025-01-08T05:39:00
CSH_CMP_202603889,CMP_202603889,ACC_001544,Z008,ATM_Z008_009,1934.28,COMPLETED,2025-05-18T10:21:00
CSH_CMP_202603890,CMP_202603890,ACC_002777,Z008,ATM_Z008_022,216425.09,COMPLETED,2025-01-18T12:49:00
CSH_CMP_202603891,CMP_202603891,ACC_002446,Z011,ATM_Z011_021,51526.22,COMPLETED,2025-03-03T15:34:00
CSH_CMP_202603892,CMP_202603892,ACC_002441,Z015,ATM_Z015_049,15882.05,COMPLETED,2025-04-14T17:56:00
CSH_CMP_202603893,CMP_202603893,ACC_002291,Z057,ATM_Z057_046,2283.3,COMPLETED,2025-03-01T17:42:00
CSH_CMP_202603894,CMP_202603894,ACC_002777,Z056,ATM_Z056_029,83261.79,COMPLETED,2025-06-15T05:52:00
CSH_CMP_202603895,CMP_202603895,ACC_002443,Z002,ATM_Z002_026,15108.42,COMPLETED,2025-01-09T16:50:00
CSH_CMP_202603896,CMP_202603896,ACC_002450,Z002,ATM_Z002_018,20378.48,COMPLETED,2025-04-18T12:58:00
CSH_CMP_202603897,CMP_202603897,ACC_002989,Z017,ATM_Z017_005,1128.13,COMPLETED,2025-01-22T15:42:00
CSH_CMP_202603898,CMP_202603898,ACC_001031,Z006,ATM_Z006_012,22933.23,COMPLETED,2025-02-05T18:20:00
CSH_CMP_202603899,CMP_202603899,ACC_002985,Z002,ATM_Z002_010,17838.49,COMPLETED,2025-03-03T15:19:00
CSH_CMP_202603900,CMP_202603900,ACC_002443,Z011,ATM_Z011_002,33243.85,COMPLETED,2025-05-19T10:20:00
CSH_CMP_202603901,CMP_202603901,ACC_001025,Z046,ATM_Z046_038,26498.34,COMPLETED,2025-05-09T12:03:00
CSH_CMP_202603902,CMP_202603902,ACC_000014,Z009,ATM_Z009_021,29764.06,COMPLETED,2025-04-29T22:04:00
CSH_CMP_202603903,CMP_202603903,ACC_000002,Z009,ATM_Z009_014,182751.15,COMPLETED,2025-02-17T14:25:00
CSH_CMP_202603904,CMP_202603904,ACC_001359,Z049,ATM_Z049_034,11536.78,COMPLETED,2025-06-28T19:40:00
CSH_CMP_202603905,CMP_202603905,ACC_000348,Z032,ATM_Z032_018,24141.55,COMPLETED,2025-06-05T10:46:00
CSH_CMP_202603906,CMP_202603906,ACC_000064,Z015,ATM_Z015_023,3551.14,COMPLETED,2025-03-01T16:24:00
CSH_CMP_202603907,CMP_202603907,ACC_000268,Z036,ATM_Z036_047,34848.96,COMPLETED,2025-02-21T16:32:00
CSH_CMP_202603908,CMP_202603908,ACC_000064,Z015,ATM_Z015_046,17495.58,COMPLETED,2025-06-11T09:06:00
CSH_CMP_202603909,CMP_202603909,ACC_000655,Z006,ATM_Z006_015,21238.26,COMPLETED,2025-05-24T11:57:00
CSH_CMP_202603910,CMP_202603910,ACC_002407,Z001,ATM_Z001_004,863519.04,COMPLETED,2025-01-14T10:25:00
CSH_CMP_202603911,CMP_202603911,ACC_000004,Z009,ATM_Z009_033,248283.84,COMPLETED,2025-05-24T17:15:00
CSH_CMP_202603912,CMP_202603912,ACC_000066,Z015,ATM_Z015_006,46081.69,COMPLETED,2025-03-16T19:54:00
CSH_CMP_202603913,CMP_202603913,ACC_002777,Z068,ATM_Z068_011,123722.4,COMPLETED,2025-03-14T12:07:00
CSH_CMP_202603914,CMP_202603914,ACC_000266,Z052,ATM_Z052_045,8278.95,COMPLETED,2025-05-21T12:23:00
CSH_CMP_202603915,CMP_202603915,ACC_000782,Z026,ATM_Z026_019,8659.45,COMPLETED,2025-03-26T09:27:00
CSH_CMP_202603916,CMP_202603916,ACC_001196,Z009,ATM_Z009_028,21309.2,COMPLETED,2025-01-15T20:53:00
CSH_CMP_202603917,CMP_202603917,ACC_002223,Z017,ATM_Z017_011,127068.2,COMPLETED,2025-01-07T15:00:00
CSH_CMP_202603918,CMP_202603918,ACC_000780,Z046,ATM_Z046_014,28478.29,COMPLETED,2025-03-31T16:35:00
CSH_CMP_202603919,CMP_202603919,ACC_000330,Z070,ATM_Z070_041,104910.72,COMPLETED,2025-03-14T17:57:00
CSH_CMP_202603920,CMP_202603920,ACC_000916,Z075,ATM_Z075_037,345312.47,COMPLETED,2025-01-22T07:30:00
CSH_CMP_202603921,CMP_202603921,ACC_000060,Z015,ATM_Z015_034,42895.45,COMPLETED,2025-05-07T13:43:00
CSH_CMP_202603922,CMP_202603922,ACC_002493,Z002,ATM_Z002_010,111399.42,COMPLETED,2025-02-02T15:00:00
CSH_CMP_202603923,CMP_202603923,ACC_000472,Z046,ATM_Z046_029,10475.06,COMPLETED,2025-06-19T15:49:00
CSH_CMP_202603924,CMP_202603924,ACC_000002,Z016,ATM_Z016_034,10611.13,COMPLETED,2025-02-05T15:52:00
CSH_CMP_202603925,CMP_202603925,ACC_001023,Z006,ATM_Z006_037,15637.95,COMPLETED,2025-02-25T05:19:00
CSH_CMP_202603926,CMP_202603926,ACC_002225,Z010,ATM_Z010_029,1089.48,COMPLETED,2025-04-02T10:26:00
CSH_CMP_202603927,CMP_202603927,ACC_000472,Z004,ATM_Z004_024,35024.71,COMPLETED,2025-06-05T17:22:00
CSH_CMP_202603928,CMP_202603928,ACC_000473,Z014,ATM_Z014_008,41511.35,COMPLETED,2025-05-12T18:10:00
CSH_CMP_202603929,CMP_202603929,ACC_001024,Z052,ATM_Z052_008,3726.23,COMPLETED,2025-01-30T20:38:00
CSH_CMP_202603930,CMP_202603930,ACC_002224,Z017,ATM_Z017_001,4601.57,COMPLETED,2025-01-11T13:47:00
CSH_CMP_202603931,CMP_202603931,ACC_001057,Z046,ATM_Z046_014,14038.4,COMPLETED,2025-03-30T23:50:00
CSH_CMP_202603932,CMP_202603932,ACC_002444,Z011,ATM_Z011_013,35913.86,COMPLETED,2025-05-30T13:32:00
CSH_CMP_202603933,CMP_202603933,ACC_001023,Z046,ATM_Z046_041,9305.16,COMPLETED,2025-01-03T16:28:00
CSH_CMP_202603934,CMP_202603934,ACC_002802,Z068,ATM_Z068_012,197946.91,COMPLETED,2025-06-16T11:53:00
CSH_CMP_202603935,CMP_202603935,ACC_001229,Z004,ATM_Z004_017,71057.15,COMPLETED,2025-06-20T10:24:00
CSH_CMP_202603936,CMP_202603936,ACC_000107,Z004,ATM_Z004_023,23991.29,COMPLETED,2025-04-08T15:02:00
CSH_CMP_202603937,CMP_202603937,ACC_002759,Z009,ATM_Z009_048,508068.52,COMPLETED,2025-05-15T22:13:00
CSH_CMP_202603938,CMP_202603938,ACC_001535,Z001,ATM_Z001_005,3114.47,COMPLETED,2025-02-28T19:38:00
CSH_CMP_202603939,CMP_202603939,ACC_001247,Z035,ATM_Z035_010,5585.41,COMPLETED,2025-02-07T14:05:00
CSH_CMP_202603940,CMP_202603940,ACC_000058,Z016,ATM_Z016_050,7551.88,COMPLETED,2025-06-19T21:16:00
CSH_CMP_202603941,CMP_202603941,ACC_001912,Z001,ATM_Z001_029,5741.12,COMPLETED,2025-01-27T09:08:00
CSH_CMP_202603942,CMP_202603942,ACC_000063,Z015,ATM_Z015_040,4253.6,COMPLETED,2025-02-17T17:13:00
CSH_CMP_202603943,CMP_202603943,ACC_000361,Z002,ATM_Z002_027,129585.1,COMPLETED,2025-04-07T16:17:00
CSH_CMP_202603944,CMP_202603944,ACC_000782,Z003,ATM_Z003_025,8502.98,COMPLETED,2025-02-20T09:24:00
CSH_CMP_202603945,CMP_202603945,ACC_002984,Z045,ATM_Z045_023,77733.98,COMPLETED,2025-03-10T18:33:00
CSH_CMP_202603946,CMP_202603946,ACC_000060,Z009,ATM_Z009_012,2752.7,COMPLETED,2025-03-14T09:41:00
CSH_CMP_202603947,CMP_202603947,ACC_002984,Z017,ATM_Z017_004,3047.64,COMPLETED,2025-06-12T09:29:00
CSH_CMP_202603948,CMP_202603948,ACC_001913,Z049,ATM_Z049_032,15547.26,COMPLETED,2025-05-09T15:11:00
CSH_CMP_202603949,CMP_202603949,ACC_003040,Z008,ATM_Z008_020,29088.25,COMPLETED,2025-05-24T16:38:00
CSH_CMP_202603950,CMP_202603950,ACC_002777,Z056,ATM_Z056_022,253877.36,COMPLETED,2025-05-07T11:26:00
CSH_CMP_202603951,CMP_202603951,ACC_000484,Z003,ATM_Z003_031,4616.54,COMPLETED,2025-01-26T16:04:00
CSH_CMP_202603952,CMP_202603952,ACC_002224,Z017,ATM_Z017_042,175482.63,COMPLETED,2025-05-01T17:23:00
CSH_CMP_202603953,CMP_202603953,ACC_002984,Z006,ATM_Z006_040,25826.74,COMPLETED,2025-01-15T20:40:00
CSH_CMP_202603954,CMP_202603954,ACC_001236,Z075,ATM_Z075_050,87275.51,COMPLETED,2025-04-30T18:05:00
CSH_CMP_202603955,CMP_202603955,ACC_000002,Z009,ATM_Z009_040,50023.07,COMPLETED,2025-05-29T19:18:00
CSH_CMP_202603956,CMP_202603956,ACC_000330,Z010,ATM_Z010_018,25751.49,COMPLETED,2025-04-10T15:04:00
CSH_CMP_202603957,CMP_202603957,ACC_002987,Z026,ATM_Z026_046,13626.03,COMPLETED,2025-04-26T09:37:00
CSH_CMP_202603958,CMP_202603958,ACC_001023,Z074,ATM_Z074_004,3609.17,COMPLETED,2025-05-21T08:21:00
CSH_CMP_202603959,CMP_202603959,ACC_002443,Z011,ATM_Z011_016,30729.48,COMPLETED,2025-06-11T19:32:00
CSH_CMP_202603960,CMP_202603960,ACC_001914,Z009,ATM_Z009_043,218259.98,COMPLETED,2025-01-31T10:08:00
CSH_CMP_202603961,CMP_202603961,ACC_000331,Z075,ATM_Z075_036,39909.29,COMPLETED,2025-05-31T16:08:00
CSH_CMP_202603962,CMP_202603962,ACC_002998,Z017,ATM_Z017_027,3989.58,COMPLETED,2025-02-20T16:15:00
CSH_CMP_202603963,CMP_202603963,ACC_002289,Z010,ATM_Z010_026,12629.41,COMPLETED,2025-06-30T16:05:00
CSH_CMP_202603964,CMP_202603964,ACC_001534,Z001,ATM_Z001_037,11423.99,COMPLETED,2025-06-16T16:08:00
CSH_CMP_202603965,CMP_202603965,ACC_001912,Z009,ATM_Z009_025,13164.86,COMPLETED,2025-03-17T14:16:00
CSH_CMP_202603966,CMP_202603966,ACC_001023,Z006,ATM_Z006_002,2039.22,COMPLETED,2025-02-28T15:39:00
CSH_CMP_202603967,CMP_202603967,ACC_000423,Z002,ATM_Z002_039,222345.16,COMPLETED,2025-03-30T11:57:00
CSH_CMP_202603968,CMP_202603968,ACC_002984,Z026,ATM_Z026_025,5908.12,COMPLETED,2025-05-02T16:29:00
CSH_CMP_202603969,CMP_202603969,ACC_002304,Z015,ATM_Z015_012,53058.44,COMPLETED,2025-05-06T20:50:00
CSH_CMP_202603970,CMP_202603970,ACC_001534,Z019,ATM_Z019_050,840467.82,COMPLETED,2025-05-29T13:21:00
CSH_CMP_202603971,CMP_202603971,ACC_000004,Z009,ATM_Z009_025,95510.62,COMPLETED,2025-05-09T19:41:00
CSH_CMP_202603972,CMP_202603972,ACC_001524,Z003,ATM_Z003_030,93143.48,COMPLETED,2025-04-27T20:14:00
CSH_CMP_202603973,CMP_202603973,ACC_000007,Z009,ATM_Z009_016,130207.18,COMPLETED,2025-02-22T10:18:00
CSH_CMP_202603974,CMP_202603974,ACC_002444,Z011,ATM_Z011_014,337808.01,COMPLETED,2025-02-02T15:42:00
CSH_CMP_202603975,CMP_202603975,ACC_002789,Z056,ATM_Z056_034,228119.14,COMPLETED,2025-04-26T14:32:00
CSH_CMP_202603976,CMP_202603976,ACC_001535,Z007,ATM_Z007_003,22955.86,COMPLETED,2025-02-15T13:46:00
CSH_CMP_202603977,CMP_202603977,ACC_000795,Z051,ATM_Z051_040,14624.24,COMPLETED,2025-03-09T14:55:00
CSH_CMP_202603978,CMP_202603978,ACC_001536,Z001,ATM_Z001_044,70267.64,COMPLETED,2025-04-22T16:41:00
CSH_CMP_202603979,CMP_202603979,ACC_000473,Z002,ATM_Z002_003,16322.56,COMPLETED,2025-01-24T12:52:00
CSH_CMP_202603980,CMP_202603980,ACC_000785,Z051,ATM_Z051_036,5365.98,COMPLETED,2025-01-05T14:53:00
CSH_CMP_202603981,CMP_202603981,ACC_001035,Z006,ATM_Z006_004,9865.91,COMPLETED,2025-04-16T19:25:00
CSH_CMP_202603982,CMP_202603982,ACC_001912,Z002,ATM_Z002_040,1044.98,COMPLETED,2025-06-09T11:22:00
CSH_CMP_202603983,CMP_202603983,ACC_002223,Z017,ATM_Z017_003,4754.78,COMPLETED,2025-05-18T12:06:00
CSH_CMP_202603984,CMP_202603984,ACC_000266,Z052,ATM_Z052_004,3120.84,COMPLETED,2025-01-16T11:40:00
CSH_CMP_202603985,CMP_202603985,ACC_002984,Z045,ATM_Z045_002,5165.16,COMPLETED,2025-06-09T06:39:00
CSH_CMP_202603986,CMP_202603986,ACC_002534,Z002,ATM_Z002_050,27310.09,COMPLETED,2025-02-04T17:05:00
CSH_CMP_202603987,CMP_202603987,ACC_000266,Z015,ATM_Z015_045,41814.99,COMPLETED,2025-06-04T20:59:00
CSH_CMP_202603988,CMP_202603988,ACC_000268,Z036,ATM_Z036_034,5891.86,COMPLETED,2025-03-31T12:43:00
CSH_CMP_202603989,CMP_202603989,ACC_002088,Z056,ATM_Z056_043,4196.85,COMPLETED,2025-05-15T16:06:00
CSH_CMP_202603990,CMP_202603990,ACC_002778,Z068,ATM_Z068_001,29229.84,COMPLETED,2025-02-13T13:37:00
CSH_CMP_202603991,CMP_202603991,ACC_000273,Z006,ATM_Z006_003,6363.55,COMPLETED,2025-06-19T16:00:00
CSH_CMP_202603992,CMP_202603992,ACC_001024,Z046,ATM_Z046_003,26729.65,COMPLETED,2025-03-31T14:11:00
CSH_CMP_202603993,CMP_202603993,ACC_002449,Z002,ATM_Z002_040,14322.15,COMPLETED,2025-01-24T16:09:00
CSH_CMP_202603994,CMP_202603994,ACC_000782,Z051,ATM_Z051_049,4446.0,COMPLETED,2025-01-16T12:22:00
CSH_CMP_202603995,CMP_202603995,ACC_000268,Z036,ATM_Z036_033,29203.42,COMPLETED,2025-03-20T21:13:00
CSH_CMP_202603996,CMP_202603996,ACC_002777,Z009,ATM_Z009_001,72149.15,COMPLETED,2025-05-27T08:06:00
CSH_CMP_202603997,CMP_202603997,ACC_002292,Z015,ATM_Z015_020,19420.64,COMPLETED,2025-03-28T12:10:00
CSH_CMP_202603998,CMP_202603998,ACC_002444,Z002,ATM_Z002_047,90077.94,COMPLETED,2025-05-01T10:22:00
CSH_CMP_202603999,CMP_202603999,ACC_002995,Z026,ATM_Z026_017,34377.89,COMPLETED,2025-06-21T21:50:00
CSH_CMP_202604000,CMP_202604000,ACC_002289,Z015,ATM_Z015_034,3661.23,COMPLETED,2025-02-13T21:10:00
CSH_CMP_202604001,CMP_202604001,ACC_001229,Z003,ATM_Z003_030,4349.24,COMPLETED,2025-03-25T13:52:00
CSH_CMP_202604002,CMP_202604002,ACC_000267,Z052,ATM_Z052_010,33611.18,COMPLETED,2025-03-18T17:40:00
CSH_CMP_202604003,CMP_202604003,ACC_000330,Z010,ATM_Z010_033,7332.96,COMPLETED,2025-02-10T14:35:00
CSH_CMP_202604004,CMP_202604004,ACC_000805,Z026,ATM_Z026_004,3128.66,COMPLETED,2025-03-10T16:12:00
CSH_CMP_202604005,CMP_202604005,ACC_002297,Z015,ATM_Z015_006,0.0,FROZEN,2025-03-04T17:41:00
CSH_CMP_202604006,CMP_202604006,ACC_001914,Z049,ATM_Z049_042,184989.42,COMPLETED,2025-02-19T17:12:00
CSH_CMP_202604007,CMP_202604007,ACC_000060,Z027,ATM_Z027_041,47960.91,COMPLETED,2025-04-16T23:50:00
CSH_CMP_202604008,CMP_202604008,ACC_002777,Z042,ATM_Z042_041,27899.15,COMPLETED,2025-02-13T09:56:00
CSH_CMP_202604009,CMP_202604009,ACC_001536,Z034,ATM_Z034_049,314611.16,COMPLETED,2025-01-09T04:41:00
CSH_CMP_202604010,CMP_202604010,ACC_002443,Z009,ATM_Z009_043,10823.51,COMPLETED,2025-05-17T17:22:00
CSH_CMP_202604011,CMP_202604011,ACC_000789,Z026,ATM_Z026_007,4248.83,COMPLETED,2025-06-14T14:20:00
CSH_CMP_202604012,CMP_202604012,ACC_000007,Z007,ATM_Z007_007,6229.66,COMPLETED,2025-04-24T14:24:00
CSH_CMP_202604013,CMP_202604013,ACC_000808,Z051,ATM_Z051_013,86603.07,COMPLETED,2025-06-24T17:09:00
CSH_CMP_202604014,CMP_202604014,ACC_002239,Z050,ATM_Z050_019,3568.49,COMPLETED,2025-01-09T14:16:00
CSH_CMP_202604015,CMP_202604015,ACC_002221,Z009,ATM_Z009_031,1658.76,COMPLETED,2025-01-18T10:01:00
CSH_CMP_202604016,CMP_202604016,ACC_002443,Z009,ATM_Z009_032,89721.0,COMPLETED,2025-05-04T07:42:00
CSH_CMP_202604017,CMP_202604017,ACC_001873,Z007,ATM_Z007_033,178666.67,COMPLETED,2025-03-30T16:49:00
CSH_CMP_202604018,CMP_202604018,ACC_000782,Z039,ATM_Z039_008,19675.57,COMPLETED,2025-06-19T17:08:00
CSH_CMP_202604019,CMP_202604019,ACC_002984,Z004,ATM_Z004_043,30370.34,COMPLETED,2025-06-20T13:20:00
CSH_CMP_202604020,CMP_202604020,ACC_001916,Z002,ATM_Z002_018,11534.67,COMPLETED,2025-04-25T17:51:00
CSH_CMP_202604021,CMP_202604021,ACC_002223,Z050,ATM_Z050_004,38580.48,COMPLETED,2025-05-25T15:48:00
CSH_CMP_202604022,CMP_202604022,ACC_000060,Z006,ATM_Z006_010,18740.28,COMPLETED,2025-06-25T17:35:00
CSH_CMP_202604023,CMP_202604023,ACC_002443,Z002,ATM_Z002_029,218604.76,COMPLETED,2025-05-26T15:29:00
CSH_CMP_202604024,CMP_202604024,ACC_000067,Z042,ATM_Z042_043,1688.04,COMPLETED,2025-05-24T14:03:00
CSH_CMP_202604025,CMP_202604025,ACC_000472,Z002,ATM_Z002_047,8117.67,COMPLETED,2025-06-22T16:38:00
CSH_CMP_202604026,CMP_202604026,ACC_002306,Z015,ATM_Z015_002,3334.43,COMPLETED,2025-02-26T16:40:00
CSH_CMP_202604027,CMP_202604027,ACC_000782,Z010,ATM_Z010_029,4194.33,COMPLETED,2025-02-07T17:34:00
CSH_CMP_202604028,CMP_202604028,ACC_002777,Z009,ATM_Z009_015,122325.9,COMPLETED,2025-06-11T16:33:00
CSH_CMP_202604029,CMP_202604029,ACC_002984,Z017,ATM_Z017_040,8581.75,COMPLETED,2025-01-30T16:34:00
CSH_CMP_202604030,CMP_202604030,ACC_002775,Z009,ATM_Z009_025,348034.23,COMPLETED,2025-03-28T17:45:00
CSH_CMP_202604031,CMP_202604031,ACC_002777,Z068,ATM_Z068_010,9967.88,COMPLETED,2025-02-08T14:14:00
CSH_CMP_202604032,CMP_202604032,ACC_001024,Z006,ATM_Z006_005,14439.95,COMPLETED,2025-06-24T08:02:00
CSH_CMP_202604033,CMP_202604033,ACC_001534,Z002,ATM_Z002_026,4418.81,COMPLETED,2025-06-02T23:00:00
CSH_CMP_202604034,CMP_202604034,ACC_001024,Z046,ATM_Z046_014,28366.6,COMPLETED,2025-03-07T09:40:00
CSH_CMP_202604035,CMP_202604035,ACC_001039,Z046,ATM_Z046_016,23662.03,COMPLETED,2025-02-07T19:44:00
CSH_CMP_202604036,CMP_202604036,ACC_001026,Z068,ATM_Z068_021,34260.29,COMPLETED,2025-02-16T12:34:00
CSH_CMP_202604037,CMP_202604037,ACC_000333,Z034,ATM_Z034_042,110156.2,COMPLETED,2025-01-27T10:01:00
CSH_CMP_202604038,CMP_202604038,ACC_000336,Z075,ATM_Z075_010,12429.03,COMPLETED,2025-01-08T14:55:00
CSH_CMP_202604039,CMP_202604039,ACC_001229,Z075,ATM_Z075_016,2547.56,COMPLETED,2025-05-06T13:44:00
CSH_CMP_202604040,CMP_202604040,ACC_000782,Z038,ATM_Z038_045,4580.75,COMPLETED,2025-06-30T10:08:00
CSH_CMP_202604041,CMP_202604041,ACC_000104,Z009,ATM_Z009_014,4802.35,COMPLETED,2025-06-16T15:24:00
CSH_CMP_202604042,CMP_202604042,ACC_001765,Z053,ATM_Z053_011,3690.91,COMPLETED,2025-01-13T16:13:00
CSH_CMP_202604043,CMP_202604043,ACC_000276,Z036,ATM_Z036_028,830.54,COMPLETED,2025-03-26T19:35:00
CSH_CMP_202604044,CMP_202604044,ACC_002299,Z021,ATM_Z021_046,2524.58,COMPLETED,2025-03-10T14:06:00
CSH_CMP_202604045,CMP_202604045,ACC_001127,Z059,ATM_Z059_012,8274.96,COMPLETED,2025-01-09T10:16:00
CSH_CMP_202604046,CMP_202604046,ACC_001964,Z002,ATM_Z002_002,294182.02,COMPLETED,2025-02-04T14:54:00
CSH_CMP_202604047,CMP_202604047,ACC_000795,Z026,ATM_Z026_022,7191.88,COMPLETED,2025-01-10T19:13:00
CSH_CMP_202604048,CMP_202604048,ACC_000015,Z009,ATM_Z009_042,14857.23,COMPLETED,2025-05-11T13:13:00
CSH_CMP_202604049,CMP_202604049,ACC_002290,Z015,ATM_Z015_011,3681.41,COMPLETED,2025-04-07T12:12:00
CSH_CMP_202604050,CMP_202604050,ACC_001536,Z001,ATM_Z001_005,56604.71,COMPLETED,2025-02-13T16:36:00
CSH_CMP_202604051,CMP_202604051,ACC_001229,Z004,ATM_Z004_025,2845.5,COMPLETED,2025-02-15T14:49:00
CSH_CMP_202604052,CMP_202604052,ACC_002788,Z004,ATM_Z004_010,25316.32,COMPLETED,2025-02-08T10:04:00
CSH_CMP_202604053,CMP_202604053,ACC_000330,Z002,ATM_Z002_008,2779.43,COMPLETED,2025-04-11T13:51:00
CSH_CMP_202604054,CMP_202604054,ACC_002799,Z068,ATM_Z068_040,3965.77,COMPLETED,2025-02-27T17:37:00
CSH_CMP_202604055,CMP_202604055,ACC_000476,Z002,ATM_Z002_006,11176.11,COMPLETED,2025-03-15T20:30:00
CSH_CMP_202604056,CMP_202604056,ACC_000802,Z038,ATM_Z038_043,11436.7,COMPLETED,2025-03-20T09:40:00
CSH_CMP_202604057,CMP_202604057,ACC_001534,Z001,ATM_Z001_034,12389.79,COMPLETED,2025-04-07T15:05:00
CSH_CMP_202604058,CMP_202604058,ACC_001917,Z002,ATM_Z002_050,586673.41,COMPLETED,2025-06-02T17:18:00
CSH_CMP_202604059,CMP_202604059,ACC_001914,Z049,ATM_Z049_040,130129.26,COMPLETED,2025-06-19T17:04:00
CSH_CMP_202604060,CMP_202604060,ACC_001912,Z049,ATM_Z049_025,117957.96,COMPLETED,2025-02-05T17:21:00
CSH_CMP_202604061,CMP_202604061,ACC_002223,Z009,ATM_Z009_042,2433.36,COMPLETED,2025-05-11T09:37:00
CSH_CMP_202604062,CMP_202604062,ACC_002223,Z017,ATM_Z017_024,37547.94,COMPLETED,2025-01-11T15:55:00
CSH_CMP_202604063,CMP_202604063,ACC_001534,Z033,ATM_Z033_009,307610.03,COMPLETED,2025-04-24T23:47:00
CSH_CMP_202604064,CMP_202604064,ACC_001023,Z046,ATM_Z046_047,1602.5,COMPLETED,2025-03-13T01:34:00
CSH_CMP_202604065,CMP_202604065,ACC_000091,Z039,ATM_Z039_009,49285.63,COMPLETED,2025-06-26T10:00:00
CSH_CMP_202604066,CMP_202604066,ACC_002443,Z017,ATM_Z017_042,0.0,FROZEN,2025-03-25T12:47:00
CSH_CMP_202604067,CMP_202604067,ACC_000005,Z009,ATM_Z009_033,7362.97,COMPLETED,2025-01-30T16:52:00
CSH_CMP_202604068,CMP_202604068,ACC_002983,Z004,ATM_Z004_038,6948.42,COMPLETED,2025-03-16T20:19:00
CSH_CMP_202604069,CMP_202604069,ACC_001229,Z035,ATM_Z035_024,186309.97,COMPLETED,2025-03-06T14:28:00
CSH_CMP_202604070,CMP_202604070,ACC_002226,Z009,ATM_Z009_005,172979.21,COMPLETED,2025-05-11T16:01:00
CSH_CMP_202604071,CMP_202604071,ACC_000061,Z015,ATM_Z015_012,42293.47,COMPLETED,2025-04-16T13:53:00
CSH_CMP_202604072,CMP_202604072,ACC_001023,Z046,ATM_Z046_019,9811.17,COMPLETED,2025-06-20T15:04:00
CSH_CMP_202604073,CMP_202604073,ACC_000782,Z055,ATM_Z055_015,5523.08,COMPLETED,2025-05-10T10:48:00
CSH_CMP_202604074,CMP_202604074,ACC_000793,Z038,ATM_Z038_018,36802.09,COMPLETED,2025-03-17T18:52:00
CSH_CMP_202604075,CMP_202604075,ACC_002443,Z009,ATM_Z009_050,399543.76,COMPLETED,2025-05-18T16:23:00
CSH_CMP_202604076,CMP_202604076,ACC_000480,Z046,ATM_Z046_001,5031.6,COMPLETED,2025-06-17T09:31:00
CSH_CMP_202604077,CMP_202604077,ACC_002981,Z008,ATM_Z008_044,165480.08,COMPLETED,2025-05-16T16:47:00
CSH_CMP_202604078,CMP_202604078,ACC_001023,Z046,ATM_Z046_039,9984.27,COMPLETED,2025-04-08T12:55:00
CSH_CMP_202604079,CMP_202604079,ACC_000783,Z051,ATM_Z051_031,5086.37,COMPLETED,2025-02-23T21:32:00
CSH_CMP_202604080,CMP_202604080,ACC_002983,Z004,ATM_Z004_043,13315.12,COMPLETED,2025-01-05T13:20:00
CSH_CMP_202604081,CMP_202604081,ACC_000081,Z002,ATM_Z002_044,35141.62,COMPLETED,2025-01-22T13:55:00
CSH_CMP_202604082,CMP_202604082,ACC_000002,Z009,ATM_Z009_006,21265.39,COMPLETED,2025-01-12T19:57:00
CSH_CMP_202604083,CMP_202604083,ACC_002287,Z071,ATM_Z071_022,1179.84,COMPLETED,2025-05-12T18:38:00
CSH_CMP_202604084,CMP_202604084,ACC_002983,Z004,ATM_Z004_031,7281.41,COMPLETED,2025-04-11T08:51:00
CSH_CMP_202604085,CMP_202604085,ACC_002985,Z017,ATM_Z017_032,19558.16,COMPLETED,2025-03-08T10:36:00
CSH_CMP_202604086,CMP_202604086,ACC_001229,Z004,ATM_Z004_033,171263.8,COMPLETED,2025-01-26T22:37:00
CSH_CMP_202604087,CMP_202604087,ACC_000328,Z052,ATM_Z052_024,13312.12,COMPLETED,2025-01-03T08:46:00
CSH_CMP_202604088,CMP_202604088,ACC_002777,Z042,ATM_Z042_036,91433.7,COMPLETED,2025-03-01T16:50:00
CSH_CMP_202604089,CMP_202604089,ACC_000290,Z010,ATM_Z010_010,27743.18,COMPLETED,2025-05-31T11:48:00
CSH_CMP_202604090,CMP_202604090,ACC_000202,Z009,ATM_Z009_007,12765.99,COMPLETED,2025-03-28T15:33:00
CSH_CMP_202604091,CMP_202604091,ACC_000063,Z015,ATM_Z015_031,1671.0,COMPLETED,2025-01-09T17:48:00
CSH_CMP_202604092,CMP_202604092,ACC_001923,Z001,ATM_Z001_018,124660.89,COMPLETED,2025-03-16T18:17:00
CSH_CMP_202604093,CMP_202604093,ACC_000472,Z046,ATM_Z046_043,11021.77,COMPLETED,2025-01-02T16:21:00
CSH_CMP_202604094,CMP_202604094,ACC_002480,Z002,ATM_Z002_002,21752.44,COMPLETED,2025-05-28T12:45:00
CSH_CMP_202604095,CMP_202604095,ACC_002446,Z009,ATM_Z009_017,19268.62,COMPLETED,2025-02-05T14:04:00
CSH_CMP_202604096,CMP_202604096,ACC_001915,Z049,ATM_Z049_017,67915.03,COMPLETED,2025-06-12T17:40:00
CSH_CMP_202604097,CMP_202604097,ACC_002298,Z015,ATM_Z015_014,1861.48,COMPLETED,2025-06-08T06:11:00
CSH_CMP_202604098,CMP_202604098,ACC_000280,Z052,ATM_Z052_006,19634.86,COMPLETED,2025-01-29T16:37:00
CSH_CMP_202604099,CMP_202604099,ACC_001021,Z051,ATM_Z051_043,9181.6,COMPLETED,2025-03-26T13:31:00
CSH_CMP_202604100,CMP_202604100,ACC_001584,Z002,ATM_Z002_018,1281139.28,COMPLETED,2025-03-12T13:26:00
CSH_CMP_202604101,CMP_202604101,ACC_000063,Z026,ATM_Z026_011,7349.85,COMPLETED,2025-03-17T06:21:00
CSH_CMP_202604102,CMP_202604102,ACC_000782,Z051,ATM_Z051_020,4504.35,COMPLETED,2025-01-22T19:47:00
CSH_CMP_202604103,CMP_202604103,ACC_001023,Z006,ATM_Z006_041,19103.03,COMPLETED,2025-04-26T13:49:00
CSH_CMP_202604104,CMP_202604104,ACC_002448,Z002,ATM_Z002_013,88282.64,COMPLETED,2025-05-17T12:21:00
CSH_CMP_202604105,CMP_202604105,ACC_002287,Z017,ATM_Z017_007,125338.9,COMPLETED,2025-03-13T09:23:00
CSH_CMP_202604106,CMP_202604106,ACC_002449,Z002,ATM_Z002_043,162087.31,COMPLETED,2025-05-19T15:21:00
CSH_CMP_202604107,CMP_202604107,ACC_001229,Z075,ATM_Z075_039,16574.89,COMPLETED,2025-06-15T17:41:00
CSH_CMP_202604108,CMP_202604108,ACC_002984,Z032,ATM_Z032_044,24778.11,COMPLETED,2025-04-30T15:20:00
CSH_CMP_202604109,CMP_202604109,ACC_000783,Z003,ATM_Z003_035,96699.88,COMPLETED,2025-02-15T12:58:00
CSH_CMP_202604110,CMP_202604110,ACC_001229,Z003,ATM_Z003_035,2232.79,COMPLETED,2025-06-18T12:52:00
CSH_CMP_202604111,CMP_202604111,ACC_000792,Z051,ATM_Z051_039,3642.81,COMPLETED,2025-06-05T12:55:00
CSH_CMP_202604112,CMP_202604112,ACC_000472,Z046,ATM_Z046_023,37999.06,COMPLETED,2025-04-04T08:22:00
CSH_CMP_202604113,CMP_202604113,ACC_002445,Z009,ATM_Z009_025,19036.99,COMPLETED,2025-05-30T15:51:00
CSH_CMP_202604114,CMP_202604114,ACC_000267,Z052,ATM_Z052_029,7377.52,COMPLETED,2025-06-21T14:07:00
CSH_CMP_202604115,CMP_202604115,ACC_000473,Z002,ATM_Z002_009,15169.53,COMPLETED,2025-05-09T13:57:00
CSH_CMP_202604116,CMP_202604116,ACC_002444,Z009,ATM_Z009_033,58307.65,COMPLETED,2025-05-04T14:14:00
CSH_CMP_202604117,CMP_202604117,ACC_002984,Z045,ATM_Z045_026,8925.53,COMPLETED,2025-01-02T18:36:00
CSH_CMP_202604118,CMP_202604118,ACC_000473,Z046,ATM_Z046_034,8180.82,COMPLETED,2025-01-17T15:00:00
CSH_CMP_202604119,CMP_202604119,ACC_000331,Z075,ATM_Z075_014,17920.62,COMPLETED,2025-04-27T08:53:00
CSH_CMP_202604120,CMP_202604120,ACC_001023,Z006,ATM_Z006_039,6856.35,COMPLETED,2025-02-26T23:43:00
CSH_CMP_202604121,CMP_202604121,ACC_002287,Z050,ATM_Z050_046,5044.68,COMPLETED,2025-03-28T13:36:00
CSH_CMP_202604122,CMP_202604122,ACC_001912,Z001,ATM_Z001_018,9205.91,COMPLETED,2025-05-26T07:24:00
CSH_CMP_202604123,CMP_202604123,ACC_001915,Z001,ATM_Z001_023,14140.53,COMPLETED,2025-06-30T11:20:00
CSH_CMP_202604124,CMP_202604124,ACC_002983,Z045,ATM_Z045_050,37827.15,COMPLETED,2025-01-25T16:05:00
CSH_CMP_202604125,CMP_202604125,ACC_000308,Z036,ATM_Z036_027,17267.75,COMPLETED,2025-06-09T18:51:00
CSH_CMP_202604126,CMP_202604126,ACC_001330,Z003,ATM_Z003_003,139221.18,COMPLETED,2025-01-15T10:53:00
CSH_CMP_202604127,CMP_202604127,ACC_002778,Z042,ATM_Z042_012,118259.22,COMPLETED,2025-05-17T13:25:00
CSH_CMP_202604128,CMP_202604128,ACC_002983,Z069,ATM_Z069_032,3120.41,COMPLETED,2025-01-13T13:25:00
CSH_CMP_202604129,CMP_202604129,ACC_001912,Z049,ATM_Z049_013,18072.88,COMPLETED,2025-02-06T12:47:00
CSH_CMP_202604130,CMP_202604130,ACC_002450,Z011,ATM_Z011_022,10291.51,COMPLETED,2025-02-04T19:28:00
CSH_CMP_202604131,CMP_202604131,ACC_000266,Z068,ATM_Z068_023,9246.65,COMPLETED,2025-04-12T19:26:00
CSH_CMP_202604132,CMP_202604132,ACC_002789,Z068,ATM_Z068_031,30363.16,COMPLETED,2025-01-29T16:08:00
CSH_CMP_202604133,CMP_202604133,ACC_000266,Z036,ATM_Z036_013,9124.21,COMPLETED,2025-02-22T20:09:00
CSH_CMP_202604134,CMP_202604134,ACC_000005,Z016,ATM_Z016_015,93993.78,COMPLETED,2025-03-17T18:20:00
CSH_CMP_202604135,CMP_202604135,ACC_002621,Z002,ATM_Z002_045,25908.79,COMPLETED,2025-06-02T16:02:00
CSH_CMP_202604136,CMP_202604136,ACC_000266,Z052,ATM_Z052_036,27874.87,COMPLETED,2025-01-08T21:23:00
CSH_CMP_202604137,CMP_202604137,ACC_001537,Z002,ATM_Z002_047,109678.36,COMPLETED,2025-01-20T13:14:00
CSH_CMP_202604138,CMP_202604138,ACC_000264,Z067,ATM_Z067_041,3062.39,COMPLETED,2025-06-15T09:35:00
CSH_CMP_202604139,CMP_202604139,ACC_002294,Z010,ATM_Z010_030,4500.8,COMPLETED,2025-06-08T12:47:00
CSH_CMP_202604140,CMP_202604140,ACC_002984,Z017,ATM_Z017_048,48246.54,COMPLETED,2025-04-11T14:25:00
CSH_CMP_202604141,CMP_202604141,ACC_000003,Z010,ATM_Z010_033,9322.22,COMPLETED,2025-05-11T17:24:00
CSH_CMP_202604142,CMP_202604142,ACC_000337,Z075,ATM_Z075_017,7533.28,COMPLETED,2025-06-27T10:31:00
CSH_CMP_202604143,CMP_202604143,ACC_001548,Z007,ATM_Z007_012,6595.1,COMPLETED,2025-05-18T14:05:00
CSH_CMP_202604144,CMP_202604144,ACC_000060,Z009,ATM_Z009_038,8055.57,COMPLETED,2025-04-04T14:45:00
CSH_CMP_202604145,CMP_202604145,ACC_000782,Z051,ATM_Z051_009,3992.66,COMPLETED,2025-06-06T11:15:00
CSH_CMP_202604146,CMP_202604146,ACC_000060,Z015,ATM_Z015_006,15099.05,COMPLETED,2025-02-20T22:06:00
CSH_CMP_202604147,CMP_202604147,ACC_001532,Z004,ATM_Z004_031,0.0,FROZEN,2025-05-12T14:44:00
CSH_CMP_202604148,CMP_202604148,ACC_002983,Z004,ATM_Z004_043,26474.62,COMPLETED,2025-05-29T09:53:00
CSH_CMP_202604149,CMP_202604149,ACC_001229,Z004,ATM_Z004_029,23776.14,COMPLETED,2025-01-31T08:54:00
CSH_CMP_202604150,CMP_202604150,ACC_000146,Z015,ATM_Z015_005,7798.18,COMPLETED,2025-06-18T12:46:00
CSH_CMP_202604151,CMP_202604151,ACC_000002,Z047,ATM_Z047_001,63181.44,COMPLETED,2025-02-22T14:35:00
CSH_CMP_202604152,CMP_202604152,ACC_002989,Z040,ATM_Z040_011,76489.0,COMPLETED,2025-02-24T13:38:00
CSH_CMP_202604153,CMP_202604153,ACC_002223,Z009,ATM_Z009_049,23985.18,COMPLETED,2025-05-13T16:09:00
CSH_CMP_202604154,CMP_202604154,ACC_000002,Z016,ATM_Z016_045,11959.68,COMPLETED,2025-02-18T16:38:00
CSH_CMP_202604155,CMP_202604155,ACC_001545,Z007,ATM_Z007_035,82026.48,COMPLETED,2025-05-19T19:20:00
CSH_CMP_202604156,CMP_202604156,ACC_001912,Z048,ATM_Z048_023,9421.94,COMPLETED,2025-03-18T16:34:00
CSH_CMP_202604157,CMP_202604157,ACC_001976,Z002,ATM_Z002_001,7791.8,COMPLETED,2025-05-26T17:04:00
CSH_CMP_202604158,CMP_202604158,ACC_000330,Z075,ATM_Z075_031,26159.39,COMPLETED,2025-04-08T21:41:00
CSH_CMP_202604159,CMP_202604159,ACC_001231,Z004,ATM_Z004_008,5910.35,COMPLETED,2025-05-29T18:43:00
CSH_CMP_202604160,CMP_202604160,ACC_002983,Z004,ATM_Z004_005,32808.21,COMPLETED,2025-05-22T14:33:00
CSH_CMP_202604161,CMP_202604161,ACC_002224,Z050,ATM_Z050_004,19919.3,COMPLETED,2025-02-25T14:11:00
CSH_CMP_202604162,CMP_202604162,ACC_000012,Z016,ATM_Z016_041,20183.03,COMPLETED,2025-06-09T16:56:00
CSH_CMP_202604163,CMP_202604163,ACC_000060,Z009,ATM_Z009_006,2450.2,COMPLETED,2025-05-19T14:06:00
CSH_CMP_202604164,CMP_202604164,ACC_001478,Z036,ATM_Z036_040,61769.52,COMPLETED,2025-03-04T07:53:00
CSH_CMP_202604165,CMP_202604165,ACC_001912,Z001,ATM_Z001_027,3835.56,COMPLETED,2025-04-08T22:59:00
CSH_CMP_202604166,CMP_202604166,ACC_002984,Z004,ATM_Z004_012,3485.72,COMPLETED,2025-06-30T14:17:00
CSH_CMP_202604167,CMP_202604167,ACC_000083,Z015,ATM_Z015_040,16777.67,COMPLETED,2025-01-04T19:44:00
CSH_CMP_202604168,CMP_202604168,ACC_001939,Z009,ATM_Z009_044,636640.44,COMPLETED,2025-01-29T12:29:00
CSH_CMP_202604169,CMP_202604169,ACC_000002,Z009,ATM_Z009_030,36379.1,COMPLETED,2025-05-15T20:42:00
CSH_CMP_202604170,CMP_202604170,ACC_002983,Z026,ATM_Z026_009,28863.99,COMPLETED,2025-02-03T15:40:00
CSH_CMP_202604171,CMP_202604171,ACC_002566,Z016,ATM_Z016_034,92187.51,COMPLETED,2025-01-24T14:31:00
CSH_CMP_202604172,CMP_202604172,ACC_002296,Z015,ATM_Z015_045,0.0,FROZEN,2025-03-31T18:03:00
CSH_CMP_202604173,CMP_202604173,ACC_000011,Z016,ATM_Z016_028,8659.59,COMPLETED,2025-05-24T09:21:00
CSH_CMP_202604174,CMP_202604174,ACC_001024,Z006,ATM_Z006_016,21617.76,COMPLETED,2025-04-06T12:12:00
CSH_CMP_202604175,CMP_202604175,ACC_001544,Z002,ATM_Z002_024,1768143.58,COMPLETED,2025-04-07T22:00:00
CSH_CMP_202604176,CMP_202604176,ACC_002223,Z009,ATM_Z009_022,17865.98,COMPLETED,2025-03-04T22:08:00
CSH_CMP_202604177,CMP_202604177,ACC_001534,Z002,ATM_Z002_048,14352.43,COMPLETED,2025-01-28T13:40:00
CSH_CMP_202604178,CMP_202604178,ACC_001023,Z006,ATM_Z006_021,24499.22,COMPLETED,2025-04-03T18:49:00
CSH_CMP_202604179,CMP_202604179,ACC_002085,Z017,ATM_Z017_029,3926.96,COMPLETED,2025-05-25T12:51:00
CSH_CMP_202604180,CMP_202604180,ACC_000472,Z004,ATM_Z004_034,6685.48,COMPLETED,2025-06-07T19:41:00
CSH_CMP_202604181,CMP_202604181,ACC_002294,Z015,ATM_Z015_045,514.65,COMPLETED,2025-02-22T12:37:00
CSH_CMP_202604182,CMP_202604182,ACC_002443,Z009,ATM_Z009_034,6202.06,COMPLETED,2025-02-17T15:07:00
CSH_CMP_202604183,CMP_202604183,ACC_003040,Z026,ATM_Z026_017,0.0,FROZEN,2025-06-28T18:58:00
CSH_CMP_202604184,CMP_202604184,ACC_000481,Z004,ATM_Z004_001,22582.22,COMPLETED,2025-01-26T15:45:00
CSH_CMP_202604185,CMP_202604185,ACC_000002,Z073,ATM_Z073_034,5291.62,COMPLETED,2025-02-16T14:48:00
CSH_CMP_202604186,CMP_202604186,ACC_002289,Z015,ATM_Z015_006,89995.22,COMPLETED,2025-02-20T07:47:00
CSH_CMP_202604187,CMP_202604187,ACC_001535,Z007,ATM_Z007_042,21636.19,COMPLETED,2025-04-07T12:17:00
CSH_CMP_202604188,CMP_202604188,ACC_000060,Z015,ATM_Z015_048,2945.77,COMPLETED,2025-06-17T21:51:00
CSH_CMP_202604189,CMP_202604189,ACC_002291,Z015,ATM_Z015_025,25078.96,COMPLETED,2025-06-20T15:21:00
CSH_CMP_202604190,CMP_202604190,ACC_002224,Z017,ATM_Z017_036,266943.55,COMPLETED,2025-03-30T21:54:00
CSH_CMP_202604191,CMP_202604191,ACC_002289,Z015,ATM_Z015_028,25418.42,COMPLETED,2025-04-26T14:51:00
CSH_CMP_202604192,CMP_202604192,ACC_000470,Z002,ATM_Z002_050,91739.97,COMPLETED,2025-05-25T16:49:00
CSH_CMP_202604193,CMP_202604193,ACC_000783,Z051,ATM_Z051_037,150812.3,COMPLETED,2025-01-26T12:12:00
CSH_CMP_202604194,CMP_202604194,ACC_001539,Z001,ATM_Z001_046,58563.25,COMPLETED,2025-03-21T23:04:00
CSH_CMP_202604195,CMP_202604195,ACC_001029,Z006,ATM_Z006_033,22658.42,COMPLETED,2025-01-14T20:02:00
CSH_CMP_202604196,CMP_202604196,ACC_001229,Z075,ATM_Z075_026,995.3,COMPLETED,2025-05-08T15:29:00
CSH_CMP_202604197,CMP_202604197,ACC_001917,Z049,ATM_Z049_034,58359.42,COMPLETED,2025-05-20T16:36:00
CSH_CMP_202604198,CMP_202604198,ACC_002780,Z009,ATM_Z009_022,1142632.12,COMPLETED,2025-04-14T18:52:00
CSH_CMP_202604199,CMP_202604199,ACC_001559,Z002,ATM_Z002_045,81085.68,COMPLETED,2025-06-17T12:26:00
CSH_CMP_202604200,CMP_202604200,ACC_002777,Z009,ATM_Z009_040,46764.77,COMPLETED,2025-03-06T22:15:00
CSH_CMP_202604201,CMP_202604201,ACC_002226,Z050,ATM_Z050_030,75145.88,COMPLETED,2025-05-27T12:12:00
CSH_CMP_202604202,CMP_202604202,ACC_002223,Z009,ATM_Z009_002,430286.1,COMPLETED,2025-05-24T11:58:00
CSH_CMP_202604203,CMP_202604203,ACC_002984,Z017,ATM_Z017_004,19743.34,COMPLETED,2025-01-04T12:32:00
CSH_CMP_202604204,CMP_202604204,ACC_000266,Z036,ATM_Z036_048,12579.28,COMPLETED,2025-05-27T14:17:00
CSH_CMP_202604205,CMP_202604205,ACC_000473,Z046,ATM_Z046_039,14410.75,COMPLETED,2025-02-28T18:51:00
CSH_CMP_202604206,CMP_202604206,ACC_002778,Z042,ATM_Z042_049,493430.04,COMPLETED,2025-04-16T18:16:00
CSH_CMP_202604207,CMP_202604207,ACC_000791,Z030,ATM_Z030_039,63146.36,COMPLETED,2025-04-09T10:28:00
CSH_CMP_202604208,CMP_202604208,ACC_001918,Z009,ATM_Z009_019,30236.44,COMPLETED,2025-02-05T06:35:00
CSH_CMP_202604209,CMP_202604209,ACC_000356,Z032,ATM_Z032_021,10689.42,COMPLETED,2025-04-09T12:26:00
CSH_CMP_202604210,CMP_202604210,ACC_000330,Z002,ATM_Z002_004,19975.01,COMPLETED,2025-05-03T15:03:00
CSH_CMP_202604211,CMP_202604211,ACC_000472,Z002,ATM_Z002_047,87618.42,COMPLETED,2025-01-16T10:06:00
CSH_CMP_202604212,CMP_202604212,ACC_000002,Z009,ATM_Z009_038,6551.54,COMPLETED,2025-05-02T16:00:00
CSH_CMP_202604213,CMP_202604213,ACC_000058,Z016,ATM_Z016_004,58038.28,COMPLETED,2025-05-21T22:34:00
CSH_CMP_202604214,CMP_202604214,ACC_002223,Z017,ATM_Z017_045,7377.03,COMPLETED,2025-03-06T06:19:00
CSH_CMP_202604215,CMP_202604215,ACC_001542,Z002,ATM_Z002_030,187399.33,COMPLETED,2025-03-28T08:23:00
CSH_CMP_202604216,CMP_202604216,ACC_001021,Z003,ATM_Z003_048,85147.03,COMPLETED,2025-04-09T12:30:00
CSH_CMP_202604217,CMP_202604217,ACC_001023,Z006,ATM_Z006_026,3983.12,COMPLETED,2025-03-31T17:11:00
CSH_CMP_202604218,CMP_202604218,ACC_001539,Z002,ATM_Z002_021,5575.46,COMPLETED,2025-02-11T14:00:00
CSH_CMP_202604219,CMP_202604219,ACC_000473,Z002,ATM_Z002_033,28610.59,COMPLETED,2025-01-29T11:46:00
CSH_CMP_202604220,CMP_202604220,ACC_000331,Z002,ATM_Z002_029,33093.34,COMPLETED,2025-03-31T14:00:00
CSH_CMP_202604221,CMP_202604221,ACC_000266,Z036,ATM_Z036_018,16612.87,COMPLETED,2025-05-10T10:43:00
CSH_CMP_202604222,CMP_202604222,ACC_001912,Z049,ATM_Z049_038,337306.71,COMPLETED,2025-03-20T21:43:00
CSH_CMP_202604223,CMP_202604223,ACC_000093,Z015,ATM_Z015_036,3807.24,COMPLETED,2025-05-05T11:32:00
CSH_CMP_202604224,CMP_202604224,ACC_001912,Z002,ATM_Z002_036,136636.04,COMPLETED,2025-01-08T14:12:00
CSH_CMP_202604225,CMP_202604225,ACC_001651,Z007,ATM_Z007_040,596973.48,COMPLETED,2025-02-22T00:55:00
CSH_CMP_202604226,CMP_202604226,ACC_000334,Z032,ATM_Z032_015,3347.7,COMPLETED,2025-01-13T23:41:00
CSH_CMP_202604227,CMP_202604227,ACC_000008,Z016,ATM_Z016_010,6997.08,COMPLETED,2025-05-31T15:26:00
CSH_CMP_202604228,CMP_202604228,ACC_001026,Z046,ATM_Z046_008,12910.92,COMPLETED,2025-01-30T16:08:00
CSH_CMP_202604229,CMP_202604229,ACC_001148,Z068,ATM_Z068_038,531671.25,COMPLETED,2025-05-27T12:13:00
CSH_CMP_202604230,CMP_202604230,ACC_002445,Z002,ATM_Z002_033,194496.46,COMPLETED,2025-01-23T14:46:00
CSH_CMP_202604231,CMP_202604231,ACC_002778,Z008,ATM_Z008_011,1380047.23,COMPLETED,2025-02-17T10:59:00
CSH_CMP_202604232,CMP_202604232,ACC_001021,Z026,ATM_Z026_007,8118.96,COMPLETED,2025-06-14T13:43:00
CSH_CMP_202604233,CMP_202604233,ACC_000330,Z010,ATM_Z010_036,45469.43,COMPLETED,2025-03-28T07:59:00
CSH_CMP_202604234,CMP_202604234,ACC_002443,Z002,ATM_Z002_041,19784.82,COMPLETED,2025-01-16T09:41:00
CSH_CMP_202604235,CMP_202604235,ACC_001913,Z002,ATM_Z002_043,97035.25,COMPLETED,2025-02-10T14:46:00
CSH_CMP_202604236,CMP_202604236,ACC_000021,Z009,ATM_Z009_008,41194.97,COMPLETED,2025-03-04T13:38:00
CSH_CMP_202604237,CMP_202604237,ACC_000060,Z009,ATM_Z009_044,5735.59,COMPLETED,2025-03-25T16:15:00
CSH_CMP_202604238,CMP_202604238,ACC_002289,Z015,ATM_Z015_025,14523.68,COMPLETED,2025-06-23T22:03:00
CSH_CMP_202604239,CMP_202604239,ACC_001627,Z001,ATM_Z001_005,395044.66,COMPLETED,2025-05-11T12:23:00
CSH_CMP_202604240,CMP_202604240,ACC_002789,Z068,ATM_Z068_029,509887.42,COMPLETED,2025-01-12T15:34:00
CSH_CMP_202604241,CMP_202604241,ACC_000331,Z053,ATM_Z053_038,6297.5,COMPLETED,2025-06-08T15:11:00
CSH_CMP_202604242,CMP_202604242,ACC_000328,Z006,ATM_Z006_028,24129.26,COMPLETED,2025-01-27T13:42:00
CSH_CMP_202604243,CMP_202604243,ACC_002983,Z039,ATM_Z039_033,46157.86,COMPLETED,2025-05-16T16:17:00
CSH_CMP_202604244,CMP_202604244,ACC_001232,Z075,ATM_Z075_025,284434.74,COMPLETED,2025-02-06T19:05:00
CSH_CMP_202604245,CMP_202604245,ACC_001535,Z007,ATM_Z007_003,1187.59,COMPLETED,2025-01-14T14:17:00
CSH_CMP_202604246,CMP_202604246,ACC_002981,Z009,ATM_Z009_012,345372.02,COMPLETED,2025-01-18T16:24:00
CSH_CMP_202604247,CMP_202604247,ACC_002777,Z056,ATM_Z056_038,88469.53,COMPLETED,2025-03-31T14:48:00
CSH_CMP_202604248,CMP_202604248,ACC_002224,Z050,ATM_Z050_045,4775.1,COMPLETED,2025-01-03T12:08:00
CSH_CMP_202604249,CMP_202604249,ACC_000782,Z026,ATM_Z026_043,88246.25,COMPLETED,2025-03-06T10:27:00
CSH_CMP_202604250,CMP_202604250,ACC_000951,Z038,ATM_Z038_045,44339.72,COMPLETED,2025-06-28T08:17:00
CSH_CMP_202604251,CMP_202604251,ACC_002994,Z045,ATM_Z045_024,19105.82,COMPLETED,2025-05-30T12:00:00
CSH_CMP_202604252,CMP_202604252,ACC_002226,Z009,ATM_Z009_010,24545.33,COMPLETED,2025-04-24T16:11:00
CSH_CMP_202604253,CMP_202604253,ACC_002289,Z063,ATM_Z063_011,4715.36,COMPLETED,2025-02-21T19:32:00
CSH_CMP_202604254,CMP_202604254,ACC_002983,Z045,ATM_Z045_028,5297.24,COMPLETED,2025-02-03T17:11:00
CSH_CMP_202604255,CMP_202604255,ACC_001913,Z002,ATM_Z002_019,15044.73,COMPLETED,2025-01-11T11:13:00
CSH_CMP_202604256,CMP_202604256,ACC_000002,Z016,ATM_Z016_017,4574.7,COMPLETED,2025-06-16T17:05:00
CSH_CMP_202604257,CMP_202604257,ACC_001243,Z004,ATM_Z004_009,19886.64,COMPLETED,2025-02-05T13:24:00
CSH_CMP_202604258,CMP_202604258,ACC_002990,Z004,ATM_Z004_037,19813.1,COMPLETED,2025-01-08T15:03:00
CSH_CMP_202604259,CMP_202604259,ACC_002221,Z049,ATM_Z049_027,0.0,FROZEN,2025-02-05T15:49:00
CSH_CMP_202604260,CMP_202604260,ACC_000060,Z009,ATM_Z009_020,6162.95,COMPLETED,2025-03-10T19:11:00
CSH_CMP_202604261,CMP_202604261,ACC_001537,Z002,ATM_Z002_011,15488.1,COMPLETED,2025-05-07T10:39:00
CSH_CMP_202604262,CMP_202604262,ACC_002221,Z049,ATM_Z049_045,757647.36,COMPLETED,2025-01-09T09:40:00
CSH_CMP_202604263,CMP_202604263,ACC_002873,Z042,ATM_Z042_019,31785.09,COMPLETED,2025-01-23T11:36:00
CSH_CMP_202604264,CMP_202604264,ACC_001933,Z063,ATM_Z063_007,10544.91,COMPLETED,2025-03-29T12:48:00
CSH_CMP_202604265,CMP_202604265,ACC_000061,Z015,ATM_Z015_009,9751.4,COMPLETED,2025-03-03T15:02:00
CSH_CMP_202604266,CMP_202604266,ACC_002781,Z008,ATM_Z008_046,362107.28,COMPLETED,2025-05-13T13:16:00
CSH_CMP_202604267,CMP_202604267,ACC_001104,Z015,ATM_Z015_036,3583.08,COMPLETED,2025-02-04T17:40:00
CSH_CMP_202604268,CMP_202604268,ACC_001023,Z046,ATM_Z046_018,14834.97,COMPLETED,2025-03-23T14:56:00
CSH_CMP_202604269,CMP_202604269,ACC_002289,Z015,ATM_Z015_013,11218.62,COMPLETED,2025-06-27T14:02:00
CSH_CMP_202604270,CMP_202604270,ACC_002289,Z010,ATM_Z010_019,4468.11,COMPLETED,2025-05-22T18:45:00
CSH_CMP_202604271,CMP_202604271,ACC_001024,Z006,ATM_Z006_034,10542.28,COMPLETED,2025-04-26T12:45:00
CSH_CMP_202604272,CMP_202604272,ACC_002801,Z068,ATM_Z068_029,19017.84,COMPLETED,2025-03-13T13:03:00
CSH_CMP_202604273,CMP_202604273,ACC_000333,Z075,ATM_Z075_047,193529.38,COMPLETED,2025-05-11T18:19:00
CSH_CMP_202604274,CMP_202604274,ACC_000472,Z046,ATM_Z046_031,64260.7,COMPLETED,2025-01-21T18:50:00
CSH_CMP_202604275,CMP_202604275,ACC_000780,Z046,ATM_Z046_035,9807.88,COMPLETED,2025-06-30T11:24:00
CSH_CMP_202604276,CMP_202604276,ACC_002445,Z011,ATM_Z011_007,0.0,FROZEN,2025-04-11T13:40:00
CSH_CMP_202604277,CMP_202604277,ACC_001023,Z046,ATM_Z046_039,19566.73,COMPLETED,2025-05-04T14:55:00
CSH_CMP_202604278,CMP_202604278,ACC_002981,Z009,ATM_Z009_024,795814.89,COMPLETED,2025-05-13T11:05:00
CSH_CMP_202604279,CMP_202604279,ACC_000331,Z002,ATM_Z002_031,5494.04,COMPLETED,2025-03-14T14:06:00
CSH_CMP_202604280,CMP_202604280,ACC_000341,Z002,ATM_Z002_002,492292.99,COMPLETED,2025-06-04T19:14:00
CSH_CMP_202604281,CMP_202604281,ACC_002983,Z004,ATM_Z004_013,8010.02,COMPLETED,2025-04-21T17:07:00
CSH_CMP_202604282,CMP_202604282,ACC_000782,Z003,ATM_Z003_010,2638.22,COMPLETED,2025-03-16T13:08:00
CSH_CMP_202604283,CMP_202604283,ACC_000003,Z009,ATM_Z009_034,2745.59,COMPLETED,2025-03-29T19:19:00
CSH_CMP_202604284,CMP_202604284,ACC_001913,Z002,ATM_Z002_025,14743.51,COMPLETED,2025-01-14T15:44:00
CSH_CMP_202604285,CMP_202604285,ACC_002780,Z056,ATM_Z056_049,483234.88,COMPLETED,2025-01-09T22:11:00
CSH_CMP_202604286,CMP_202604286,ACC_001039,Z006,ATM_Z006_040,13966.15,COMPLETED,2025-02-04T17:45:00
CSH_CMP_202604287,CMP_202604287,ACC_002541,Z009,ATM_Z009_011,33845.92,COMPLETED,2025-05-28T19:41:00
CSH_CMP_202604288,CMP_202604288,ACC_002235,Z050,ATM_Z050_006,53933.85,COMPLETED,2025-01-10T10:58:00
CSH_CMP_202604289,CMP_202604289,ACC_002443,Z009,ATM_Z009_007,134052.56,COMPLETED,2025-04-12T04:24:00
CSH_CMP_202604290,CMP_202604290,ACC_000104,Z010,ATM_Z010_040,9072.92,COMPLETED,2025-05-29T12:32:00
CSH_CMP_202604291,CMP_202604291,ACC_002223,Z009,ATM_Z009_045,4652.39,COMPLETED,2025-04-17T21:36:00
CSH_CMP_202604292,CMP_202604292,ACC_000433,Z009,ATM_Z009_002,24483.47,COMPLETED,2025-06-07T08:04:00
CSH_CMP_202604293,CMP_202604293,ACC_001534,Z002,ATM_Z002_029,129500.37,COMPLETED,2025-03-18T12:26:00
CSH_CMP_202604294,CMP_202604294,ACC_000266,Z006,ATM_Z006_042,60525.88,COMPLETED,2025-03-20T20:36:00
CSH_CMP_202604295,CMP_202604295,ACC_000269,Z036,ATM_Z036_029,20682.92,COMPLETED,2025-05-05T14:36:00
CSH_CMP_202604296,CMP_202604296,ACC_000638,Z004,ATM_Z004_032,11116.86,COMPLETED,2025-04-28T10:39:00
CSH_CMP_202604297,CMP_202604297,ACC_001534,Z007,ATM_Z007_006,7820.82,COMPLETED,2025-05-23T17:53:00
CSH_CMP_202604298,CMP_202604298,ACC_000266,Z052,ATM_Z052_026,3309.76,COMPLETED,2025-02-24T08:17:00
CSH_CMP_202604299,CMP_202604299,ACC_002226,Z009,ATM_Z009_029,9538.46,COMPLETED,2025-06-01T17:02:00
CSH_CMP_202604300,CMP_202604300,ACC_000266,Z036,ATM_Z036_012,2640.51,COMPLETED,2025-02-23T18:22:00
CSH_CMP_202604301,CMP_202604301,ACC_002445,Z002,ATM_Z002_022,13092.55,COMPLETED,2025-05-07T10:21:00
CSH_CMP_202604302,CMP_202604302,ACC_000328,Z036,ATM_Z036_048,9906.44,COMPLETED,2025-04-17T18:00:00
CSH_CMP_202604303,CMP_202604303,ACC_001368,Z006,ATM_Z006_015,11841.14,COMPLETED,2025-06-12T14:36:00
CSH_CMP_202604304,CMP_202604304,ACC_000782,Z003,ATM_Z003_043,323326.61,COMPLETED,2025-04-27T19:54:00
CSH_CMP_202604305,CMP_202604305,ACC_000470,Z010,ATM_Z010_037,187286.75,COMPLETED,2025-06-15T15:35:00
CSH_CMP_202604306,CMP_202604306,ACC_001919,Z009,ATM_Z009_029,83523.52,COMPLETED,2025-03-16T13:39:00
CSH_CMP_202604307,CMP_202604307,ACC_002513,Z011,ATM_Z011_033,84898.45,COMPLETED,2025-02-03T11:33:00
CSH_CMP_202604308,CMP_202604308,ACC_000332,Z002,ATM_Z002_028,28427.84,COMPLETED,2025-01-22T08:21:00
CSH_CMP_202604309,CMP_202604309,ACC_001026,Z006,ATM_Z006_035,3685.4,COMPLETED,2025-05-11T11:55:00
CSH_CMP_202604310,CMP_202604310,ACC_001023,Z046,ATM_Z046_029,4033.69,COMPLETED,2025-03-06T10:01:00
CSH_CMP_202604311,CMP_202604311,ACC_000332,Z009,ATM_Z009_034,34022.04,COMPLETED,2025-05-21T02:16:00
CSH_CMP_202604312,CMP_202604312,ACC_002994,Z026,ATM_Z026_033,21687.49,COMPLETED,2025-01-07T15:56:00
CSH_CMP_202604313,CMP_202604313,ACC_002291,Z010,ATM_Z010_040,28339.26,COMPLETED,2025-05-12T15:49:00
CSH_CMP_202604314,CMP_202604314,ACC_002981,Z056,ATM_Z056_043,484070.29,COMPLETED,2025-06-02T09:57:00
CSH_CMP_202604315,CMP_202604315,ACC_000785,Z026,ATM_Z026_027,8406.03,COMPLETED,2025-01-01T21:53:00
CSH_CMP_202604316,CMP_202604316,ACC_000782,Z003,ATM_Z003_011,32148.96,COMPLETED,2025-04-06T21:18:00
CSH_CMP_202604317,CMP_202604317,ACC_001230,Z003,ATM_Z003_047,9200.47,COMPLETED,2025-02-24T06:22:00
CSH_CMP_202604318,CMP_202604318,ACC_002443,Z011,ATM_Z011_002,10849.84,COMPLETED,2025-02-24T16:38:00
CSH_CMP_202604319,CMP_202604319,ACC_000118,Z015,ATM_Z015_007,9659.56,COMPLETED,2025-01-07T16:09:00
CSH_CMP_202604320,CMP_202604320,ACC_000271,Z052,ATM_Z052_034,7693.23,COMPLETED,2025-05-24T13:07:00
CSH_CMP_202604321,CMP_202604321,ACC_001534,Z002,ATM_Z002_031,865225.55,COMPLETED,2025-03-28T09:32:00
CSH_CMP_202604322,CMP_202604322,ACC_001148,Z026,ATM_Z026_023,20117.52,COMPLETED,2025-01-14T23:02:00
CSH_CMP_202604323,CMP_202604323,ACC_000266,Z006,ATM_Z006_047,17378.17,COMPLETED,2025-06-14T11:51:00
CSH_CMP_202604324,CMP_202604324,ACC_000562,Z042,ATM_Z042_026,5782.83,COMPLETED,2025-03-23T12:42:00
CSH_CMP_202604325,CMP_202604325,ACC_002981,Z008,ATM_Z008_027,388526.09,COMPLETED,2025-01-26T09:41:00
CSH_CMP_202604326,CMP_202604326,ACC_000479,Z002,ATM_Z002_035,52138.96,COMPLETED,2025-06-03T14:06:00
CSH_CMP_202604327,CMP_202604327,ACC_002444,Z011,ATM_Z011_038,62061.79,COMPLETED,2025-01-31T12:01:00
CSH_CMP_202604328,CMP_202604328,ACC_002301,Z010,ATM_Z010_007,89251.36,COMPLETED,2025-01-01T14:47:00
CSH_CMP_202604329,CMP_202604329,ACC_000266,Z052,ATM_Z052_017,11596.55,COMPLETED,2025-02-05T22:23:00
CSH_CMP_202604330,CMP_202604330,ACC_002289,Z010,ATM_Z010_002,9076.51,COMPLETED,2025-02-09T20:44:00
CSH_CMP_202604331,CMP_202604331,ACC_000473,Z046,ATM_Z046_031,30308.37,COMPLETED,2025-03-08T14:37:00
CSH_CMP_202604332,CMP_202604332,ACC_002289,Z015,ATM_Z015_015,13256.23,COMPLETED,2025-03-07T10:57:00
CSH_CMP_202604333,CMP_202604333,ACC_000711,Z002,ATM_Z002_031,21080.5,COMPLETED,2025-02-28T14:56:00
CSH_CMP_202604334,CMP_202604334,ACC_000002,Z016,ATM_Z016_046,18441.97,COMPLETED,2025-05-07T20:33:00
CSH_CMP_202604335,CMP_202604335,ACC_002984,Z004,ATM_Z004_008,13220.86,COMPLETED,2025-06-27T14:10:00
CSH_CMP_202604336,CMP_202604336,ACC_000270,Z036,ATM_Z036_029,5369.38,COMPLETED,2025-01-20T21:56:00
CSH_CMP_202604337,CMP_202604337,ACC_002983,Z004,ATM_Z004_027,6460.13,COMPLETED,2025-05-14T12:14:00
CSH_CMP_202604338,CMP_202604338,ACC_000330,Z075,ATM_Z075_031,31625.52,COMPLETED,2025-06-01T16:38:00
CSH_CMP_202604339,CMP_202604339,ACC_002223,Z050,ATM_Z050_042,7412.49,COMPLETED,2025-06-17T14:10:00
CSH_CMP_202604340,CMP_202604340,ACC_001534,Z002,ATM_Z002_005,16534.42,COMPLETED,2025-01-07T12:44:00
CSH_CMP_202604341,CMP_202604341,ACC_002444,Z011,ATM_Z011_044,167618.93,COMPLETED,2025-04-30T14:34:00
CSH_CMP_202604342,CMP_202604342,ACC_001534,Z002,ATM_Z002_026,752891.84,COMPLETED,2025-03-28T16:12:00
CSH_CMP_202604343,CMP_202604343,ACC_000333,Z075,ATM_Z075_042,43781.87,COMPLETED,2025-01-30T21:29:00
CSH_CMP_202604344,CMP_202604344,ACC_000267,Z036,ATM_Z036_048,30256.19,COMPLETED,2025-04-04T10:46:00
CSH_CMP_202604345,CMP_202604345,ACC_002780,Z009,ATM_Z009_023,5397.12,COMPLETED,2025-06-16T12:45:00
CSH_CMP_202604346,CMP_202604346,ACC_002446,Z002,ATM_Z002_003,73002.0,COMPLETED,2025-04-09T19:23:00
CSH_CMP_202604347,CMP_202604347,ACC_001024,Z006,ATM_Z006_035,962.29,COMPLETED,2025-04-23T12:58:00
CSH_CMP_202604348,CMP_202604348,ACC_002443,Z009,ATM_Z009_012,273546.42,COMPLETED,2025-06-10T14:57:00
CSH_CMP_202604349,CMP_202604349,ACC_002223,Z009,ATM_Z009_023,237878.12,COMPLETED,2025-06-23T22:28:00
CSH_CMP_202604350,CMP_202604350,ACC_002443,Z009,ATM_Z009_004,8970.11,COMPLETED,2025-02-11T08:36:00
CSH_CMP_202604351,CMP_202604351,ACC_002985,Z045,ATM_Z045_022,10385.33,COMPLETED,2025-01-24T18:51:00
CSH_CMP_202604352,CMP_202604352,ACC_002777,Z042,ATM_Z042_004,5936.83,COMPLETED,2025-06-02T12:21:00
CSH_CMP_202604353,CMP_202604353,ACC_000067,Z015,ATM_Z015_018,13554.95,COMPLETED,2025-05-23T19:09:00
CSH_CMP_202604354,CMP_202604354,ACC_002290,Z010,ATM_Z010_005,10036.96,COMPLETED,2025-01-27T19:28:00
CSH_CMP_202604355,CMP_202604355,ACC_001023,Z046,ATM_Z046_004,4312.7,COMPLETED,2025-01-04T17:15:00
CSH_CMP_202604356,CMP_202604356,ACC_002778,Z042,ATM_Z042_044,4346.5,COMPLETED,2025-03-07T15:44:00
CSH_CMP_202604357,CMP_202604357,ACC_000266,Z052,ATM_Z052_031,7357.81,COMPLETED,2025-03-12T11:37:00
CSH_CMP_202604358,CMP_202604358,ACC_000328,Z036,ATM_Z036_025,12428.7,COMPLETED,2025-02-04T10:03:00
CSH_CMP_202604359,CMP_202604359,ACC_002779,Z068,ATM_Z068_042,162145.11,COMPLETED,2025-05-04T12:45:00
CSH_CMP_202604360,CMP_202604360,ACC_000266,Z036,ATM_Z036_038,5237.52,COMPLETED,2025-02-20T11:51:00
CSH_CMP_202604361,CMP_202604361,ACC_002223,Z030,ATM_Z030_015,12680.83,COMPLETED,2025-05-06T14:48:00
CSH_CMP_202604362,CMP_202604362,ACC_001229,Z048,ATM_Z048_014,165929.34,COMPLETED,2025-04-14T17:19:00
CSH_CMP_202604363,CMP_202604363,ACC_001248,Z003,ATM_Z003_030,143157.95,COMPLETED,2025-05-19T18:26:00
CSH_CMP_202604364,CMP_202604364,ACC_000003,Z016,ATM_Z016_030,11395.62,COMPLETED,2025-06-11T07:07:00
CSH_CMP_202604365,CMP_202604365,ACC_000473,Z046,ATM_Z046_008,13349.64,COMPLETED,2025-04-02T09:52:00
CSH_CMP_202604366,CMP_202604366,ACC_001913,Z002,ATM_Z002_023,11807.23,COMPLETED,2025-05-14T14:17:00
CSH_CMP_202604367,CMP_202604367,ACC_000018,Z016,ATM_Z016_017,1561.55,COMPLETED,2025-01-08T15:23:00
CSH_CMP_202604368,CMP_202604368,ACC_002045,Z052,ATM_Z052_049,21162.27,COMPLETED,2025-01-21T19:41:00
CSH_CMP_202604369,CMP_202604369,ACC_002323,Z015,ATM_Z015_045,17999.5,COMPLETED,2025-04-27T11:05:00
CSH_CMP_202604370,CMP_202604370,ACC_002223,Z009,ATM_Z009_018,4602.0,COMPLETED,2025-02-18T11:57:00
CSH_CMP_202604371,CMP_202604371,ACC_000266,Z016,ATM_Z016_043,2707.73,COMPLETED,2025-05-15T12:34:00
CSH_CMP_202604372,CMP_202604372,ACC_000330,Z032,ATM_Z032_008,381070.13,COMPLETED,2025-06-23T15:00:00
CSH_CMP_202604373,CMP_202604373,ACC_000003,Z016,ATM_Z016_008,10549.27,COMPLETED,2025-03-03T14:32:00
CSH_CMP_202604374,CMP_202604374,ACC_000472,Z024,ATM_Z024_045,19191.21,COMPLETED,2025-02-03T10:48:00
CSH_CMP_202604375,CMP_202604375,ACC_000472,Z046,ATM_Z046_029,15306.43,COMPLETED,2025-01-04T16:21:00
CSH_CMP_202604376,CMP_202604376,ACC_001021,Z051,ATM_Z051_034,6124.61,COMPLETED,2025-04-17T12:55:00
CSH_CMP_202604377,CMP_202604377,ACC_001718,Z002,ATM_Z002_002,17934.5,COMPLETED,2025-04-09T03:08:00
CSH_CMP_202604378,CMP_202604378,ACC_000391,Z009,ATM_Z009_044,10067.57,COMPLETED,2025-03-21T15:02:00
CSH_CMP_202604379,CMP_202604379,ACC_002310,Z010,ATM_Z010_022,66871.93,COMPLETED,2025-06-19T16:33:00
CSH_CMP_202604380,CMP_202604380,ACC_000060,Z015,ATM_Z015_026,11569.39,COMPLETED,2025-02-21T15:52:00
CSH_CMP_202604381,CMP_202604381,ACC_001023,Z046,ATM_Z046_010,69115.76,COMPLETED,2025-02-05T19:55:00
CSH_CMP_202604382,CMP_202604382,ACC_000337,Z032,ATM_Z032_050,41813.13,COMPLETED,2025-05-30T15:41:00
CSH_CMP_202604383,CMP_202604383,ACC_002981,Z009,ATM_Z009_003,10199.3,COMPLETED,2025-01-02T15:29:00
CSH_CMP_202604384,CMP_202604384,ACC_001534,Z002,ATM_Z002_042,254515.01,COMPLETED,2025-04-12T11:04:00
CSH_CMP_202604385,CMP_202604385,ACC_002983,Z045,ATM_Z045_022,87398.89,COMPLETED,2025-06-10T14:52:00
CSH_CMP_202604386,CMP_202604386,ACC_001398,Z022,ATM_Z022_015,76037.6,COMPLETED,2025-01-31T17:11:00
CSH_CMP_202604387,CMP_202604387,ACC_000783,Z026,ATM_Z026_001,5479.41,COMPLETED,2025-02-12T13:22:00
CSH_CMP_202604388,CMP_202604388,ACC_000782,Z051,ATM_Z051_032,57660.4,COMPLETED,2025-04-30T15:17:00
CSH_CMP_202604389,CMP_202604389,ACC_000060,Z015,ATM_Z015_029,8809.87,COMPLETED,2025-05-01T13:51:00
CSH_CMP_202604390,CMP_202604390,ACC_000268,Z052,ATM_Z052_041,47521.29,COMPLETED,2025-06-19T12:58:00
CSH_CMP_202604391,CMP_202604391,ACC_002290,Z015,ATM_Z015_006,9662.39,COMPLETED,2025-04-21T19:54:00
CSH_CMP_202604392,CMP_202604392,ACC_001023,Z006,ATM_Z006_050,6402.35,COMPLETED,2025-05-13T11:34:00
CSH_CMP_202604393,CMP_202604393,ACC_000266,Z052,ATM_Z052_020,22186.46,COMPLETED,2025-04-24T18:06:00
CSH_CMP_202604394,CMP_202604394,ACC_000472,Z002,ATM_Z002_042,5688.26,COMPLETED,2025-01-27T19:51:00
CSH_CMP_202604395,CMP_202604395,ACC_000060,Z015,ATM_Z015_042,23566.96,COMPLETED,2025-01-20T19:32:00
CSH_CMP_202604396,CMP_202604396,ACC_000782,Z038,ATM_Z038_014,2563.0,COMPLETED,2025-02-18T22:51:00
CSH_CMP_202604397,CMP_202604397,ACC_002462,Z011,ATM_Z011_002,17151.41,COMPLETED,2025-05-16T18:05:00
CSH_CMP_202604398,CMP_202604398,ACC_000003,Z009,ATM_Z009_016,256988.54,COMPLETED,2025-06-08T17:50:00
CSH_CMP_202604399,CMP_202604399,ACC_000782,Z038,ATM_Z038_001,8642.5,COMPLETED,2025-01-16T08:23:00
CSH_CMP_202604400,CMP_202604400,ACC_000472,Z002,ATM_Z002_013,29046.16,COMPLETED,2025-06-08T13:35:00
CSH_CMP_202604401,CMP_202604401,ACC_001721,Z018,ATM_Z018_021,74193.49,COMPLETED,2025-03-18T14:54:00
CSH_CMP_202604402,CMP_202604402,ACC_001200,Z010,ATM_Z010_023,42104.97,COMPLETED,2025-03-29T20:52:00
CSH_CMP_202604403,CMP_202604403,ACC_002323,Z015,ATM_Z015_033,45752.03,COMPLETED,2025-01-22T21:39:00
CSH_CMP_202604404,CMP_202604404,ACC_001912,Z049,ATM_Z049_041,10111.18,COMPLETED,2025-01-27T17:17:00
CSH_CMP_202604405,CMP_202604405,ACC_000369,Z010,ATM_Z010_009,67302.46,COMPLETED,2025-02-10T17:02:00
CSH_CMP_202604406,CMP_202604406,ACC_002778,Z060,ATM_Z060_033,75865.33,COMPLETED,2025-05-03T09:25:00
CSH_CMP_202604407,CMP_202604407,ACC_000472,Z046,ATM_Z046_003,67527.52,COMPLETED,2025-03-22T18:54:00
CSH_CMP_202604408,CMP_202604408,ACC_000063,Z015,ATM_Z015_036,32445.63,COMPLETED,2025-06-22T16:24:00
CSH_CMP_202604409,CMP_202604409,ACC_000330,Z002,ATM_Z002_015,31823.09,COMPLETED,2025-04-08T17:03:00
CSH_CMP_202604410,CMP_202604410,ACC_001044,Z046,ATM_Z046_007,17840.91,COMPLETED,2025-04-20T17:08:00
CSH_CMP_202604411,CMP_202604411,ACC_003040,Z007,ATM_Z007_023,1052.69,COMPLETED,2025-03-27T16:15:00
CSH_CMP_202604412,CMP_202604412,ACC_000021,Z009,ATM_Z009_027,30715.35,COMPLETED,2025-03-05T13:46:00
CSH_CMP_202604413,CMP_202604413,ACC_002225,Z009,ATM_Z009_044,19167.8,COMPLETED,2025-06-04T07:51:00
CSH_CMP_202604414,CMP_202604414,ACC_002452,Z011,ATM_Z011_020,95316.54,COMPLETED,2025-03-22T18:56:00
CSH_CMP_202604415,CMP_202604415,ACC_002181,Z007,ATM_Z007_040,24736.15,COMPLETED,2025-05-12T13:46:00
CSH_CMP_202604416,CMP_202604416,ACC_002221,Z049,ATM_Z049_009,7059.12,COMPLETED,2025-03-25T11:08:00
CSH_CMP_202604417,CMP_202604417,ACC_002984,Z026,ATM_Z026_035,42254.83,COMPLETED,2025-03-25T11:18:00
CSH_CMP_202604418,CMP_202604418,ACC_000782,Z003,ATM_Z003_029,94778.95,COMPLETED,2025-05-12T01:12:00
CSH_CMP_202604419,CMP_202604419,ACC_000330,Z064,ATM_Z064_033,5381.19,COMPLETED,2025-03-01T16:04:00
CSH_CMP_202604420,CMP_202604420,ACC_000266,Z052,ATM_Z052_003,5283.57,COMPLETED,2025-06-05T11:42:00
CSH_CMP_202604421,CMP_202604421,ACC_000003,Z009,ATM_Z009_035,210049.51,COMPLETED,2025-06-25T17:14:00
CSH_CMP_202604422,CMP_202604422,ACC_002289,Z010,ATM_Z010_040,0.0,FROZEN,2025-02-07T20:08:00
CSH_CMP_202604423,CMP_202604423,ACC_002306,Z015,ATM_Z015_033,5076.83,COMPLETED,2025-01-15T06:01:00
CSH_CMP_202604424,CMP_202604424,ACC_000355,Z015,ATM_Z015_024,16801.36,COMPLETED,2025-01-29T07:41:00
CSH_CMP_202604425,CMP_202604425,ACC_002223,Z050,ATM_Z050_019,17641.15,COMPLETED,2025-04-17T12:13:00
CSH_CMP_202604426,CMP_202604426,ACC_002785,Z068,ATM_Z068_016,262946.35,COMPLETED,2025-02-03T14:58:00
CSH_CMP_202604427,CMP_202604427,ACC_001917,Z049,ATM_Z049_034,313873.19,COMPLETED,2025-05-01T15:10:00
CSH_CMP_202604428,CMP_202604428,ACC_000814,Z003,ATM_Z003_038,6862.35,COMPLETED,2025-06-05T10:52:00
CSH_CMP_202604429,CMP_202604429,ACC_003040,Z045,ATM_Z045_050,10975.76,COMPLETED,2025-04-13T14:04:00
CSH_CMP_202604430,CMP_202604430,ACC_002443,Z011,ATM_Z011_049,118199.13,COMPLETED,2025-06-29T11:17:00
CSH_CMP_202604431,CMP_202604431,ACC_002443,Z009,ATM_Z009_032,18382.94,COMPLETED,2025-02-27T01:53:00
CSH_CMP_202604432,CMP_202604432,ACC_000836,Z003,ATM_Z003_019,3428.09,COMPLETED,2025-04-15T11:29:00
CSH_CMP_202604433,CMP_202604433,ACC_000785,Z038,ATM_Z038_013,50278.77,COMPLETED,2025-01-10T15:00:00
CSH_CMP_202604434,CMP_202604434,ACC_001534,Z075,ATM_Z075_042,122578.92,COMPLETED,2025-02-02T22:33:00
CSH_CMP_202604435,CMP_202604435,ACC_000344,Z010,ATM_Z010_044,14046.65,COMPLETED,2025-03-27T11:33:00
CSH_CMP_202604436,CMP_202604436,ACC_001024,Z006,ATM_Z006_037,14557.57,COMPLETED,2025-05-08T21:05:00
CSH_CMP_202604437,CMP_202604437,ACC_000783,Z038,ATM_Z038_027,14880.97,COMPLETED,2025-06-11T18:57:00
CSH_CMP_202604438,CMP_202604438,ACC_000003,Z009,ATM_Z009_016,13251.78,COMPLETED,2025-06-19T14:53:00
CSH_CMP_202604439,CMP_202604439,ACC_000473,Z046,ATM_Z046_046,37293.09,COMPLETED,2025-04-01T15:27:00
CSH_CMP_202604440,CMP_202604440,ACC_001023,Z046,ATM_Z046_018,9973.6,COMPLETED,2025-05-21T19:50:00
CSH_CMP_202604441,CMP_202604441,ACC_002981,Z056,ATM_Z056_039,127269.88,COMPLETED,2025-05-28T12:53:00
CSH_CMP_202604442,CMP_202604442,ACC_000782,Z038,ATM_Z038_024,1553.56,COMPLETED,2025-01-02T12:02:00
CSH_CMP_202604443,CMP_202604443,ACC_002292,Z015,ATM_Z015_009,9228.3,COMPLETED,2025-02-18T11:21:00
CSH_CMP_202604444,CMP_202604444,ACC_000076,Z015,ATM_Z015_020,20871.99,COMPLETED,2025-05-05T15:01:00
CSH_CMP_202604445,CMP_202604445,ACC_000330,Z010,ATM_Z010_025,23256.37,COMPLETED,2025-02-02T01:12:00
CSH_CMP_202604446,CMP_202604446,ACC_002921,Z027,ATM_Z027_048,144493.56,COMPLETED,2025-05-21T19:27:00
CSH_CMP_202604447,CMP_202604447,ACC_001534,Z002,ATM_Z002_026,8174.43,COMPLETED,2025-03-15T19:45:00
CSH_CMP_202604448,CMP_202604448,ACC_001229,Z075,ATM_Z075_050,6165.65,COMPLETED,2025-06-02T12:03:00
CSH_CMP_202604449,CMP_202604449,ACC_002985,Z004,ATM_Z004_025,6667.65,COMPLETED,2025-01-05T16:03:00
CSH_CMP_202604450,CMP_202604450,ACC_001243,Z004,ATM_Z004_046,2348.91,COMPLETED,2025-05-26T10:33:00
CSH_CMP_202604451,CMP_202604451,ACC_002443,Z009,ATM_Z009_025,117711.46,COMPLETED,2025-01-17T14:59:00
CSH_CMP_202604452,CMP_202604452,ACC_002443,Z009,ATM_Z009_045,68770.37,COMPLETED,2025-04-19T11:46:00
CSH_CMP_202604453,CMP_202604453,ACC_000006,Z057,ATM_Z057_046,2525.9,COMPLETED,2025-01-07T12:04:00
CSH_CMP_202604454,CMP_202604454,ACC_002983,Z010,ATM_Z010_031,7607.82,COMPLETED,2025-04-20T21:01:00
CSH_CMP_202604455,CMP_202604455,ACC_000004,Z009,ATM_Z009_037,22657.64,COMPLETED,2025-01-13T15:52:00
CSH_CMP_202604456,CMP_202604456,ACC_001232,Z075,ATM_Z075_046,6484.13,COMPLETED,2025-03-02T21:38:00
CSH_CMP_202604457,CMP_202604457,ACC_000472,Z046,ATM_Z046_029,0.0,FROZEN,2025-02-05T17:24:00
CSH_CMP_202604458,CMP_202604458,ACC_002778,Z008,ATM_Z008_008,79724.21,COMPLETED,2025-06-08T20:37:00
CSH_CMP_202604459,CMP_202604459,ACC_002983,Z017,ATM_Z017_045,3177.16,COMPLETED,2025-01-20T13:59:00
CSH_CMP_202604460,CMP_202604460,ACC_000266,Z007,ATM_Z007_040,5254.8,COMPLETED,2025-05-18T13:16:00
CSH_CMP_202604461,CMP_202604461,ACC_002777,Z042,ATM_Z042_043,21336.24,COMPLETED,2025-01-13T11:18:00
CSH_CMP_202604462,CMP_202604462,ACC_000330,Z075,ATM_Z075_009,130158.76,COMPLETED,2025-05-24T18:42:00
CSH_CMP_202604463,CMP_202604463,ACC_000477,Z009,ATM_Z009_029,25894.46,COMPLETED,2025-03-07T13:33:00
CSH_CMP_202604464,CMP_202604464,ACC_000480,Z002,ATM_Z002_008,45368.02,COMPLETED,2025-06-20T17:04:00
CSH_CMP_202604465,CMP_202604465,ACC_002782,Z008,ATM_Z008_021,7446.37,COMPLETED,2025-01-01T11:13:00
CSH_CMP_202604466,CMP_202604466,ACC_001912,Z002,ATM_Z002_028,1075620.5,COMPLETED,2025-05-12T09:28:00
CSH_CMP_202604467,CMP_202604467,ACC_002798,Z068,ATM_Z068_014,149498.6,COMPLETED,2025-05-27T14:05:00
CSH_CMP_202604468,CMP_202604468,ACC_003002,Z045,ATM_Z045_004,54609.17,COMPLETED,2025-04-30T09:38:00
CSH_CMP_202604469,CMP_202604469,ACC_001234,Z075,ATM_Z075_045,2848.62,COMPLETED,2025-02-08T17:55:00
CSH_CMP_202604470,CMP_202604470,ACC_001239,Z003,ATM_Z003_043,8332.83,COMPLETED,2025-01-10T22:08:00
CSH_CMP_202604471,CMP_202604471,ACC_002289,Z010,ATM_Z010_037,11746.15,COMPLETED,2025-03-14T09:49:00
CSH_CMP_202604472,CMP_202604472,ACC_001927,Z002,ATM_Z002_045,3692.37,COMPLETED,2025-05-13T22:05:00
CSH_CMP_202604473,CMP_202604473,ACC_002985,Z017,ATM_Z017_013,29801.25,COMPLETED,2025-01-13T16:40:00
CSH_CMP_202604474,CMP_202604474,ACC_000061,Z015,ATM_Z015_014,18009.93,COMPLETED,2025-04-05T14:53:00
CSH_CMP_202604475,CMP_202604475,ACC_002287,Z050,ATM_Z050_015,12345.23,COMPLETED,2025-02-06T20:10:00
CSH_CMP_202604476,CMP_202604476,ACC_000472,Z002,ATM_Z002_046,83548.52,COMPLETED,2025-03-10T11:02:00
CSH_CMP_202604477,CMP_202604477,ACC_000432,Z007,ATM_Z007_014,351333.21,COMPLETED,2025-01-19T20:30:00
CSH_CMP_202604478,CMP_202604478,ACC_000787,Z003,ATM_Z003_013,20053.5,COMPLETED,2025-06-07T13:49:00
CSH_CMP_202604479,CMP_202604479,ACC_000061,Z009,ATM_Z009_014,5605.27,COMPLETED,2025-05-27T12:51:00
CSH_CMP_202604480,CMP_202604480,ACC_002443,Z009,ATM_Z009_022,25025.23,COMPLETED,2025-01-24T13:27:00
CSH_CMP_202604481,CMP_202604481,ACC_001536,Z002,ATM_Z002_030,5328.18,COMPLETED,2025-02-21T22:16:00
CSH_CMP_202604482,CMP_202604482,ACC_000060,Z047,ATM_Z047_019,16669.05,COMPLETED,2025-06-29T12:32:00
CSH_CMP_202604483,CMP_202604483,ACC_001534,Z007,ATM_Z007_034,6766.71,COMPLETED,2025-06-07T16:58:00
CSH_CMP_202604484,CMP_202604484,ACC_001036,Z046,ATM_Z046_032,37922.99,COMPLETED,2025-01-18T19:25:00
CSH_CMP_202604485,CMP_202604485,ACC_000475,Z004,ATM_Z004_031,7783.88,COMPLETED,2025-06-06T11:30:00
CSH_CMP_202604486,CMP_202604486,ACC_000350,Z075,ATM_Z075_025,18483.06,COMPLETED,2025-01-09T15:01:00
CSH_CMP_202604487,CMP_202604487,ACC_000332,Z075,ATM_Z075_034,26861.53,COMPLETED,2025-03-13T13:37:00
CSH_CMP_202604488,CMP_202604488,ACC_001912,Z002,ATM_Z002_009,22013.92,COMPLETED,2025-03-06T08:44:00
CSH_CMP_202604489,CMP_202604489,ACC_000264,Z015,ATM_Z015_011,5408.11,COMPLETED,2025-04-15T13:28:00
CSH_CMP_202604490,CMP_202604490,ACC_002223,Z009,ATM_Z009_011,1813.93,COMPLETED,2025-02-16T10:28:00
CSH_CMP_202604491,CMP_202604491,ACC_001229,Z003,ATM_Z003_018,48915.78,COMPLETED,2025-03-09T11:56:00
CSH_CMP_202604492,CMP_202604492,ACC_000472,Z004,ATM_Z004_031,12872.18,COMPLETED,2025-04-26T13:32:00
CSH_CMP_202604493,CMP_202604493,ACC_001023,Z061,ATM_Z061_003,38937.49,COMPLETED,2025-01-15T17:40:00
CSH_CMP_202604494,CMP_202604494,ACC_002443,Z002,ATM_Z002_010,32799.24,COMPLETED,2025-05-22T08:56:00
CSH_CMP_202604495,CMP_202604495,ACC_002984,Z026,ATM_Z026_027,4092.57,COMPLETED,2025-01-14T17:26:00
CSH_CMP_202604496,CMP_202604496,ACC_001548,Z007,ATM_Z007_040,32281.96,COMPLETED,2025-05-17T14:52:00
CSH_CMP_202604497,CMP_202604497,ACC_000338,Z010,ATM_Z010_035,10837.65,COMPLETED,2025-04-21T11:48:00
CSH_CMP_202604498,CMP_202604498,ACC_000266,Z036,ATM_Z036_029,7498.17,COMPLETED,2025-05-26T18:53:00
CSH_CMP_202604499,CMP_202604499,ACC_002289,Z010,ATM_Z010_035,32585.26,COMPLETED,2025-01-07T17:44:00
CSH_CMP_202604500,CMP_202604500,ACC_003004,Z004,ATM_Z004_031,7592.21,COMPLETED,2025-05-21T15:34:00
CSH_CMP_202604501,CMP_202604501,ACC_001560,Z007,ATM_Z007_048,4186.86,COMPLETED,2025-02-28T14:18:00
CSH_CMP_202604502,CMP_202604502,ACC_002445,Z002,ATM_Z002_037,377655.81,COMPLETED,2025-01-21T15:40:00
CSH_CMP_202604503,CMP_202604503,ACC_002983,Z004,ATM_Z004_010,4381.28,COMPLETED,2025-06-07T00:05:00
CSH_CMP_202604504,CMP_202604504,ACC_000060,Z009,ATM_Z009_001,3175.06,COMPLETED,2025-02-15T11:45:00
CSH_CMP_202604505,CMP_202604505,ACC_001023,Z058,ATM_Z058_047,82416.05,COMPLETED,2025-02-22T12:20:00
CSH_CMP_202604506,CMP_202604506,ACC_001912,Z002,ATM_Z002_035,3198.29,COMPLETED,2025-01-28T12:15:00
CSH_CMP_202604507,CMP_202604507,ACC_002230,Z017,ATM_Z017_018,4623.73,COMPLETED,2025-01-11T06:03:00
CSH_CMP_202604508,CMP_202604508,ACC_000765,Z009,ATM_Z009_027,18568.65,COMPLETED,2025-06-23T15:56:00
CSH_CMP_202604509,CMP_202604509,ACC_002225,Z037,ATM_Z037_031,149362.42,COMPLETED,2025-03-18T15:30:00
CSH_CMP_202604510,CMP_202604510,ACC_000330,Z002,ATM_Z002_050,170444.4,COMPLETED,2025-05-24T11:59:00
CSH_CMP_202604511,CMP_202604511,ACC_000060,Z009,ATM_Z009_029,4137.09,COMPLETED,2025-03-19T15:59:00
CSH_CMP_202604512,CMP_202604512,ACC_002993,Z017,ATM_Z017_027,40689.98,COMPLETED,2025-01-16T14:22:00
CSH_CMP_202604513,CMP_202604513,ACC_001808,Z009,ATM_Z009_020,8264.28,COMPLETED,2025-02-13T12:21:00
CSH_CMP_202604514,CMP_202604514,ACC_002223,Z017,ATM_Z017_036,14351.1,COMPLETED,2025-02-01T16:33:00
CSH_CMP_202604515,CMP_202604515,ACC_000883,Z038,ATM_Z038_036,7064.81,COMPLETED,2025-06-02T14:50:00
CSH_CMP_202604516,CMP_202604516,ACC_002444,Z009,ATM_Z009_044,5739.23,COMPLETED,2025-02-12T10:34:00
CSH_CMP_202604517,CMP_202604517,ACC_000060,Z002,ATM_Z002_018,8453.8,COMPLETED,2025-06-29T16:28:00
CSH_CMP_202604518,CMP_202604518,ACC_001229,Z035,ATM_Z035_040,143211.06,COMPLETED,2025-05-11T15:00:00
CSH_CMP_202604519,CMP_202604519,ACC_002223,Z017,ATM_Z017_009,44737.9,COMPLETED,2025-01-23T14:46:00
CSH_CMP_202604520,CMP_202604520,ACC_000782,Z003,ATM_Z003_037,6688.17,COMPLETED,2025-01-31T19:29:00
CSH_CMP_202604521,CMP_202604521,ACC_000019,Z009,ATM_Z009_046,9540.19,COMPLETED,2025-04-03T14:33:00
CSH_CMP_202604522,CMP_202604522,ACC_001534,Z018,ATM_Z018_009,574882.67,COMPLETED,2025-01-05T18:36:00
CSH_CMP_202604523,CMP_202604523,ACC_000062,Z009,ATM_Z009_037,8261.37,COMPLETED,2025-03-07T12:46:00
CSH_CMP_202604524,CMP_202604524,ACC_000489,Z046,ATM_Z046_010,45448.41,COMPLETED,2025-05-03T12:39:00
CSH_CMP_202604525,CMP_202604525,ACC_001535,Z007,ATM_Z007_005,7419.5,COMPLETED,2025-03-09T10:31:00
CSH_CMP_202604526,CMP_202604526,ACC_002985,Z045,ATM_Z045_021,11046.41,COMPLETED,2025-03-02T11:02:00
CSH_CMP_202604527,CMP_202604527,ACC_001023,Z006,ATM_Z006_027,20057.3,COMPLETED,2025-04-08T14:14:00
CSH_CMP_202604528,CMP_202604528,ACC_002289,Z010,ATM_Z010_045,5364.49,COMPLETED,2025-05-08T20:36:00
CSH_CMP_202604529,CMP_202604529,ACC_001912,Z049,ATM_Z049_018,19000.97,COMPLETED,2025-01-27T12:29:00
CSH_CMP_202604530,CMP_202604530,ACC_000330,Z075,ATM_Z075_021,35575.58,COMPLETED,2025-05-26T14:26:00
CSH_CMP_202604531,CMP_202604531,ACC_001534,Z007,ATM_Z007_019,7467.03,COMPLETED,2025-06-21T16:27:00
CSH_CMP_202604532,CMP_202604532,ACC_002779,Z009,ATM_Z009_012,206470.08,COMPLETED,2025-04-18T09:42:00
CSH_CMP_202604533,CMP_202604533,ACC_000330,Z032,ATM_Z032_027,10850.51,COMPLETED,2025-04-17T19:18:00
CSH_CMP_202604534,CMP_202604534,ACC_002303,Z015,ATM_Z015_027,3555.8,COMPLETED,2025-05-25T17:09:00
CSH_CMP_202604535,CMP_202604535,ACC_000266,Z052,ATM_Z052_037,7193.1,COMPLETED,2025-05-16T10:58:00
CSH_CMP_202604536,CMP_202604536,ACC_001122,Z046,ATM_Z046_032,46667.3,COMPLETED,2025-01-20T14:32:00
CSH_CMP_202604537,CMP_202604537,ACC_002287,Z017,ATM_Z017_028,15123.04,COMPLETED,2025-02-09T11:14:00
CSH_CMP_202604538,CMP_202604538,ACC_000337,Z002,ATM_Z002_012,218855.78,COMPLETED,2025-01-28T19:36:00
CSH_CMP_202604539,CMP_202604539,ACC_002207,Z026,ATM_Z026_001,45619.61,COMPLETED,2025-01-25T13:26:00
CSH_CMP_202604540,CMP_202604540,ACC_002949,Z049,ATM_Z049_045,328168.68,COMPLETED,2025-05-23T19:21:00
CSH_CMP_202604541,CMP_202604541,ACC_001023,Z006,ATM_Z006_039,15725.73,COMPLETED,2025-03-07T16:06:00
CSH_CMP_202604542,CMP_202604542,ACC_001534,Z071,ATM_Z071_046,17637.79,COMPLETED,2025-06-12T10:59:00
CSH_CMP_202604543,CMP_202604543,ACC_000060,Z015,ATM_Z015_032,7476.73,COMPLETED,2025-01-12T10:39:00
CSH_CMP_202604544,CMP_202604544,ACC_002804,Z068,ATM_Z068_037,419356.67,COMPLETED,2025-03-08T14:02:00
CSH_CMP_202604545,CMP_202604545,ACC_001025,Z064,ATM_Z064_004,24497.36,COMPLETED,2025-06-19T15:33:00
CSH_CMP_202604546,CMP_202604546,ACC_000330,Z009,ATM_Z009_038,6567.28,COMPLETED,2025-04-30T18:20:00
CSH_CMP_202604547,CMP_202604547,ACC_002289,Z010,ATM_Z010_037,60698.25,COMPLETED,2025-03-31T00:20:00
CSH_CMP_202604548,CMP_202604548,ACC_000214,Z009,ATM_Z009_018,18096.26,COMPLETED,2025-01-19T16:39:00
CSH_CMP_202604549,CMP_202604549,ACC_000447,Z004,ATM_Z004_003,21648.55,COMPLETED,2025-04-26T09:39:00
CSH_CMP_202604550,CMP_202604550,ACC_000266,Z006,ATM_Z006_043,16079.76,COMPLETED,2025-04-15T22:03:00
CSH_CMP_202604551,CMP_202604551,ACC_001914,Z049,ATM_Z049_014,6774.47,COMPLETED,2025-03-31T16:39:00
CSH_CMP_202604552,CMP_202604552,ACC_002227,Z050,ATM_Z050_020,7440.55,COMPLETED,2025-05-12T13:43:00
CSH_CMP_202604553,CMP_202604553,ACC_002441,Z010,ATM_Z010_005,18020.51,COMPLETED,2025-06-12T19:22:00
CSH_CMP_202604554,CMP_202604554,ACC_002248,Z075,ATM_Z075_042,15705.19,COMPLETED,2025-03-29T19:44:00
CSH_CMP_202604555,CMP_202604555,ACC_000290,Z036,ATM_Z036_030,14922.91,COMPLETED,2025-01-23T17:15:00
CSH_CMP_202604556,CMP_202604556,ACC_002289,Z015,ATM_Z015_046,5073.39,COMPLETED,2025-06-21T13:54:00
CSH_CMP_202604557,CMP_202604557,ACC_000484,Z004,ATM_Z004_032,57877.46,COMPLETED,2025-01-16T18:37:00
CSH_CMP_202604558,CMP_202604558,ACC_002781,Z042,ATM_Z042_025,3606.32,COMPLETED,2025-06-06T10:35:00
CSH_CMP_202604559,CMP_202604559,ACC_000473,Z046,ATM_Z046_010,10718.68,COMPLETED,2025-04-22T16:00:00
CSH_CMP_202604560,CMP_202604560,ACC_002291,Z010,ATM_Z010_006,26838.05,COMPLETED,2025-03-18T04:33:00
CSH_CMP_202604561,CMP_202604561,ACC_001921,Z059,ATM_Z059_045,7753.02,COMPLETED,2025-02-23T11:02:00
CSH_CMP_202604562,CMP_202604562,ACC_002443,Z002,ATM_Z002_045,18266.38,COMPLETED,2025-06-28T20:40:00
CSH_CMP_202604563,CMP_202604563,ACC_002291,Z010,ATM_Z010_050,8777.7,COMPLETED,2025-04-30T12:07:00
CSH_CMP_202604564,CMP_202604564,ACC_001912,Z001,ATM_Z001_010,87455.65,COMPLETED,2025-04-01T13:16:00
CSH_CMP_202604565,CMP_202604565,ACC_000472,Z002,ATM_Z002_027,38676.42,COMPLETED,2025-05-04T17:41:00
CSH_CMP_202604566,CMP_202604566,ACC_000782,Z026,ATM_Z026_018,32430.28,COMPLETED,2025-04-02T18:52:00
CSH_CMP_202604567,CMP_202604567,ACC_001023,Z006,ATM_Z006_016,0.0,FROZEN,2025-02-10T15:18:00
CSH_CMP_202604568,CMP_202604568,ACC_002458,Z009,ATM_Z009_020,54436.71,COMPLETED,2025-02-17T17:06:00
CSH_CMP_202604569,CMP_202604569,ACC_002492,Z024,ATM_Z024_006,8643.14,COMPLETED,2025-06-20T15:27:00
CSH_CMP_202604570,CMP_202604570,ACC_000472,Z046,ATM_Z046_007,8354.51,COMPLETED,2025-06-28T13:29:00
CSH_CMP_202604571,CMP_202604571,ACC_002984,Z051,ATM_Z051_047,4777.07,COMPLETED,2025-02-15T10:47:00
CSH_CMP_202604572,CMP_202604572,ACC_000003,Z016,ATM_Z016_037,3062.79,COMPLETED,2025-05-17T12:10:00
CSH_CMP_202604573,CMP_202604573,ACC_000266,Z036,ATM_Z036_011,87424.64,COMPLETED,2025-02-17T18:59:00
CSH_CMP_202604574,CMP_202604574,ACC_001229,Z004,ATM_Z004_012,279131.19,COMPLETED,2025-02-04T22:43:00
CSH_CMP_202604575,CMP_202604575,ACC_002443,Z032,ATM_Z032_037,46996.79,COMPLETED,2025-03-17T13:12:00
CSH_CMP_202604576,CMP_202604576,ACC_000870,Z003,ATM_Z003_042,63052.35,COMPLETED,2025-04-13T13:54:00
CSH_CMP_202604577,CMP_202604577,ACC_002443,Z002,ATM_Z002_007,372767.31,COMPLETED,2025-06-12T12:22:00
CSH_CMP_202604578,CMP_202604578,ACC_000790,Z003,ATM_Z003_007,16644.78,COMPLETED,2025-06-15T11:19:00
CSH_CMP_202604579,CMP_202604579,ACC_000002,Z016,ATM_Z016_014,15295.2,COMPLETED,2025-06-06T12:39:00
CSH_CMP_202604580,CMP_202604580,ACC_002454,Z011,ATM_Z011_005,14324.86,COMPLETED,2025-04-11T12:13:00
CSH_CMP_202604581,CMP_202604581,ACC_000331,Z010,ATM_Z010_048,618190.88,COMPLETED,2025-06-05T17:54:00
CSH_CMP_202604582,CMP_202604582,ACC_002933,Z001,ATM_Z001_040,1713.63,COMPLETED,2025-06-11T14:24:00
CSH_CMP_202604583,CMP_202604583,ACC_002298,Z010,ATM_Z010_023,28408.86,COMPLETED,2025-04-04T11:14:00
CSH_CMP_202604584,CMP_202604584,ACC_001605,Z002,ATM_Z002_003,269268.64,COMPLETED,2025-01-07T10:56:00
CSH_CMP_202604585,CMP_202604585,ACC_000780,Z004,ATM_Z004_011,11529.25,COMPLETED,2025-04-16T12:59:00
CSH_CMP_202604586,CMP_202604586,ACC_001915,Z049,ATM_Z049_026,97635.76,COMPLETED,2025-01-26T18:17:00
CSH_CMP_202604587,CMP_202604587,ACC_000785,Z051,ATM_Z051_019,4974.31,COMPLETED,2025-01-25T09:25:00
CSH_CMP_202604588,CMP_202604588,ACC_000333,Z075,ATM_Z075_027,52108.47,COMPLETED,2025-02-19T17:12:00
CSH_CMP_202604589,CMP_202604589,ACC_002444,Z011,ATM_Z011_039,10111.1,COMPLETED,2025-03-23T19:02:00
CSH_CMP_202604590,CMP_202604590,ACC_001106,Z009,ATM_Z009_015,20283.28,COMPLETED,2025-03-12T12:39:00
CSH_CMP_202604591,CMP_202604591,ACC_000066,Z009,ATM_Z009_004,2043.97,COMPLETED,2025-06-10T13:28:00
CSH_CMP_202604592,CMP_202604592,ACC_000783,Z051,ATM_Z051_024,2144.23,COMPLETED,2025-03-27T15:34:00
CSH_CMP_202604593,CMP_202604593,ACC_001549,Z008,ATM_Z008_017,15929.48,COMPLETED,2025-03-11T19:14:00
CSH_CMP_202604594,CMP_202604594,ACC_000060,Z009,ATM_Z009_011,5430.1,COMPLETED,2025-06-03T19:38:00
CSH_CMP_202604595,CMP_202604595,ACC_000782,Z038,ATM_Z038_026,5153.53,COMPLETED,2025-01-09T15:10:00
CSH_CMP_202604596,CMP_202604596,ACC_002443,Z011,ATM_Z011_045,37866.01,COMPLETED,2025-04-18T09:52:00
CSH_CMP_202604597,CMP_202604597,ACC_002287,Z050,ATM_Z050_036,16581.1,COMPLETED,2025-04-08T16:00:00
CSH_CMP_202604598,CMP_202604598,ACC_002223,Z009,ATM_Z009_030,5967.21,COMPLETED,2025-04-15T14:47:00
CSH_CMP_202604599,CMP_202604599,ACC_000330,Z002,ATM_Z002_032,57038.24,COMPLETED,2025-06-18T12:38:00
CSH_CMP_202604600,CMP_202604600,ACC_001242,Z004,ATM_Z004_039,6703.99,COMPLETED,2025-03-18T15:16:00
CSH_CMP_202604601,CMP_202604601,ACC_002928,Z017,ATM_Z017_004,8122.69,COMPLETED,2025-06-06T11:20:00
CSH_CMP_202604602,CMP_202604602,ACC_000266,Z052,ATM_Z052_042,36266.25,COMPLETED,2025-02-25T12:46:00
CSH_CMP_202604603,CMP_202604603,ACC_001966,Z002,ATM_Z002_005,26614.42,COMPLETED,2025-01-28T16:53:00
CSH_CMP_202604604,CMP_202604604,ACC_000002,Z009,ATM_Z009_001,9898.24,COMPLETED,2025-04-20T14:50:00
CSH_CMP_202604605,CMP_202604605,ACC_000780,Z046,ATM_Z046_008,33779.88,COMPLETED,2025-05-17T17:01:00
CSH_CMP_202604606,CMP_202604606,ACC_002229,Z009,ATM_Z009_047,575654.0,COMPLETED,2025-01-02T16:44:00
CSH_CMP_202604607,CMP_202604607,ACC_000331,Z009,ATM_Z009_035,70992.37,COMPLETED,2025-06-22T10:14:00
CSH_CMP_202604608,CMP_202604608,ACC_001232,Z004,ATM_Z004_029,117781.46,COMPLETED,2025-03-03T11:48:00
CSH_CMP_202604609,CMP_202604609,ACC_001923,Z001,ATM_Z001_011,4528.78,COMPLETED,2025-02-25T13:15:00
CSH_CMP_202604610,CMP_202604610,ACC_000472,Z002,ATM_Z002_050,18545.76,COMPLETED,2025-06-19T19:23:00
CSH_CMP_202604611,CMP_202604611,ACC_000004,Z009,ATM_Z009_032,170991.46,COMPLETED,2025-03-10T19:43:00
CSH_CMP_202604612,CMP_202604612,ACC_002456,Z009,ATM_Z009_021,27284.77,COMPLETED,2025-05-28T16:24:00
CSH_CMP_202604613,CMP_202604613,ACC_000060,Z015,ATM_Z015_028,28014.91,COMPLETED,2025-06-12T15:24:00
CSH_CMP_202604614,CMP_202604614,ACC_000472,Z046,ATM_Z046_041,20172.93,COMPLETED,2025-01-19T13:45:00
CSH_CMP_202604615,CMP_202604615,ACC_001230,Z004,ATM_Z004_027,79986.38,COMPLETED,2025-04-02T17:43:00
CSH_CMP_202604616,CMP_202604616,ACC_000472,Z002,ATM_Z002_035,31736.18,COMPLETED,2025-04-24T12:21:00
CSH_CMP_202604617,CMP_202604617,ACC_002777,Z009,ATM_Z009_032,700804.36,COMPLETED,2025-04-25T15:12:00
CSH_CMP_202604618,CMP_202604618,ACC_001191,Z015,ATM_Z015_005,3885.69,COMPLETED,2025-03-28T10:19:00
CSH_CMP_202604619,CMP_202604619,ACC_001231,Z075,ATM_Z075_025,114124.7,COMPLETED,2025-04-26T09:32:00
CSH_CMP_202604620,CMP_202604620,ACC_000073,Z015,ATM_Z015_043,26150.47,COMPLETED,2025-05-18T13:53:00
CSH_CMP_202604621,CMP_202604621,ACC_002981,Z056,ATM_Z056_046,186106.99,COMPLETED,2025-01-10T15:20:00
CSH_CMP_202604622,CMP_202604622,ACC_000002,Z009,ATM_Z009_046,51455.42,COMPLETED,2025-01-17T20:11:00
CSH_CMP_202604623,CMP_202604623,ACC_000082,Z009,ATM_Z009_028,981.45,COMPLETED,2025-05-31T18:03:00
CSH_CMP_202604624,CMP_202604624,ACC_000470,Z040,ATM_Z040_023,193131.96,COMPLETED,2025-04-11T07:39:00
CSH_CMP_202604625,CMP_202604625,ACC_000269,Z006,ATM_Z006_046,6949.5,COMPLETED,2025-02-18T04:27:00
CSH_CMP_202604626,CMP_202604626,ACC_001569,Z002,ATM_Z002_008,33517.55,COMPLETED,2025-03-20T15:55:00
CSH_CMP_202604627,CMP_202604627,ACC_000474,Z046,ATM_Z046_022,25594.68,COMPLETED,2025-03-25T17:30:00
CSH_CMP_202604628,CMP_202604628,ACC_000470,Z010,ATM_Z010_038,56253.4,COMPLETED,2025-05-23T21:32:00
CSH_CMP_202604629,CMP_202604629,ACC_002781,Z056,ATM_Z056_001,39391.44,COMPLETED,2025-02-23T10:51:00
CSH_CMP_202604630,CMP_202604630,ACC_001237,Z035,ATM_Z035_044,2046.95,COMPLETED,2025-01-15T18:17:00
CSH_CMP_202604631,CMP_202604631,ACC_000330,Z002,ATM_Z002_010,48601.91,COMPLETED,2025-04-25T15:30:00
CSH_CMP_202604632,CMP_202604632,ACC_002443,Z009,ATM_Z009_024,4852.54,COMPLETED,2025-02-22T13:42:00
CSH_CMP_202604633,CMP_202604633,ACC_000004,Z009,ATM_Z009_030,42100.79,COMPLETED,2025-04-03T13:31:00
CSH_CMP_202604634,CMP_202604634,ACC_002289,Z010,ATM_Z010_024,6094.24,COMPLETED,2025-01-31T13:16:00
CSH_CMP_202604635,CMP_202604635,ACC_002289,Z053,ATM_Z053_025,5357.08,COMPLETED,2025-03-25T11:34:00
CSH_CMP_202604636,CMP_202604636,ACC_000066,Z015,ATM_Z015_050,1127.03,COMPLETED,2025-04-03T16:19:00
CSH_CMP_202604637,CMP_202604637,ACC_002983,Z017,ATM_Z017_029,4484.78,COMPLETED,2025-01-30T15:55:00
CSH_CMP_202604638,CMP_202604638,ACC_000268,Z036,ATM_Z036_041,23602.05,COMPLETED,2025-01-10T16:13:00
CSH_CMP_202604639,CMP_202604639,ACC_000261,Z015,ATM_Z015_045,8799.71,COMPLETED,2025-02-09T19:27:00
CSH_CMP_202604640,CMP_202604640,ACC_001229,Z035,ATM_Z035_004,107924.35,COMPLETED,2025-01-15T15:10:00
CSH_CMP_202604641,CMP_202604641,ACC_001592,Z002,ATM_Z002_017,374725.91,COMPLETED,2025-06-09T18:20:00
CSH_CMP_202604642,CMP_202604642,ACC_000266,Z036,ATM_Z036_016,19485.63,COMPLETED,2025-01-09T19:45:00
CSH_CMP_202604643,CMP_202604643,ACC_001539,Z001,ATM_Z001_034,154489.99,COMPLETED,2025-02-24T20:57:00
CSH_CMP_202604644,CMP_202604644,ACC_000004,Z009,ATM_Z009_050,57829.86,COMPLETED,2025-03-30T20:24:00
CSH_CMP_202604645,CMP_202604645,ACC_002300,Z010,ATM_Z010_035,46299.14,COMPLETED,2025-01-10T17:23:00
CSH_CMP_202604646,CMP_202604646,ACC_001233,Z075,ATM_Z075_036,835.46,COMPLETED,2025-05-20T18:52:00
CSH_CMP_202604647,CMP_202604647,ACC_002824,Z008,ATM_Z008_037,25854.82,COMPLETED,2025-02-20T11:15:00
CSH_CMP_202604648,CMP_202604648,ACC_000266,Z006,ATM_Z006_026,1133.66,COMPLETED,2025-04-14T09:52:00
CSH_CMP_202604649,CMP_202604649,ACC_000331,Z032,ATM_Z032_018,54307.25,COMPLETED,2025-02-16T13:27:00
CSH_CMP_202604650,CMP_202604650,ACC_001912,Z002,ATM_Z002_048,10993.07,COMPLETED,2025-06-26T12:15:00
CSH_CMP_202604651,CMP_202604651,ACC_000482,Z002,ATM_Z002_050,20054.57,COMPLETED,2025-02-25T18:00:00
CSH_CMP_202604652,CMP_202604652,ACC_000482,Z004,ATM_Z004_024,41278.38,COMPLETED,2025-04-01T18:30:00
CSH_CMP_202604653,CMP_202604653,ACC_001265,Z004,ATM_Z004_030,2046.15,COMPLETED,2025-05-24T08:19:00
CSH_CMP_202604654,CMP_202604654,ACC_002295,Z015,ATM_Z015_026,3347.4,COMPLETED,2025-02-01T10:12:00
CSH_CMP_202604655,CMP_202604655,ACC_002983,Z045,ATM_Z045_048,23753.11,COMPLETED,2025-03-22T15:44:00
CSH_CMP_202604656,CMP_202604656,ACC_001912,Z001,ATM_Z001_031,103232.87,COMPLETED,2025-02-24T16:57:00
CSH_CMP_202604657,CMP_202604657,ACC_000058,Z066,ATM_Z066_017,396.63,COMPLETED,2025-02-02T15:31:00
CSH_CMP_202604658,CMP_202604658,ACC_000268,Z036,ATM_Z036_043,10367.02,COMPLETED,2025-04-05T18:52:00
CSH_CMP_202604659,CMP_202604659,ACC_000333,Z010,ATM_Z010_040,7294.22,COMPLETED,2025-01-10T17:24:00
CSH_CMP_202604660,CMP_202604660,ACC_001913,Z049,ATM_Z049_049,15182.08,COMPLETED,2025-02-07T12:50:00
CSH_CMP_202604661,CMP_202604661,ACC_001027,Z006,ATM_Z006_017,66563.75,COMPLETED,2025-05-18T18:53:00
CSH_CMP_202604662,CMP_202604662,ACC_001912,Z049,ATM_Z049_026,2772.19,COMPLETED,2025-04-23T15:36:00
CSH_CMP_202604663,CMP_202604663,ACC_001084,Z006,ATM_Z006_010,4515.9,COMPLETED,2025-06-12T11:45:00
CSH_CMP_202604664,CMP_202604664,ACC_002983,Z004,ATM_Z004_028,2196.25,COMPLETED,2025-03-28T16:49:00
CSH_CMP_202604665,CMP_202604665,ACC_001535,Z002,ATM_Z002_026,220349.76,COMPLETED,2025-01-28T13:18:00
CSH_CMP_202604666,CMP_202604666,ACC_000330,Z010,ATM_Z010_047,10739.76,COMPLETED,2025-03-27T16:46:00
CSH_CMP_202604667,CMP_202604667,ACC_001534,Z001,ATM_Z001_015,14309.98,COMPLETED,2025-03-29T13:27:00
CSH_CMP_202604668,CMP_202604668,ACC_000330,Z009,ATM_Z009_015,5862.51,COMPLETED,2025-02-16T13:39:00
CSH_CMP_202604669,CMP_202604669,ACC_002289,Z015,ATM_Z015_009,15744.53,COMPLETED,2025-04-18T21:24:00
CSH_CMP_202604670,CMP_202604670,ACC_001534,Z001,ATM_Z001_036,28090.09,COMPLETED,2025-03-29T17:20:00
CSH_CMP_202604671,CMP_202604671,ACC_001028,Z006,ATM_Z006_048,9329.77,COMPLETED,2025-01-13T14:33:00
CSH_CMP_202604672,CMP_202604672,ACC_001920,Z001,ATM_Z001_035,6529.79,COMPLETED,2025-01-23T14:21:00
CSH_CMP_202604673,CMP_202604673,ACC_002287,Z052,ATM_Z052_034,44473.58,COMPLETED,2025-05-21T15:22:00
CSH_CMP_202604674,CMP_202604674,ACC_000060,Z009,ATM_Z009_046,16595.6,COMPLETED,2025-01-26T17:23:00
CSH_CMP_202604675,CMP_202604675,ACC_000790,Z051,ATM_Z051_004,274063.96,COMPLETED,2025-06-19T12:05:00
CSH_CMP_202604676,CMP_202604676,ACC_002985,Z026,ATM_Z026_042,3991.92,COMPLETED,2025-03-02T11:03:00
CSH_CMP_202604677,CMP_202604677,ACC_002298,Z010,ATM_Z010_015,3493.7,COMPLETED,2025-03-08T01:25:00
CSH_CMP_202604678,CMP_202604678,ACC_002287,Z009,ATM_Z009_032,100502.7,COMPLETED,2025-04-13T19:36:00
CSH_CMP_202604679,CMP_202604679,ACC_001535,Z007,ATM_Z007_006,2480582.15,COMPLETED,2025-03-21T15:21:00
CSH_CMP_202604680,CMP_202604680,ACC_001478,Z003,ATM_Z003_011,11965.82,COMPLETED,2025-02-06T18:45:00
CSH_CMP_202604681,CMP_202604681,ACC_002223,Z009,ATM_Z009_004,2585.87,COMPLETED,2025-02-20T21:06:00
CSH_CMP_202604682,CMP_202604682,ACC_000002,Z009,ATM_Z009_009,895616.13,COMPLETED,2025-01-24T21:46:00
CSH_CMP_202604683,CMP_202604683,ACC_002840,Z008,ATM_Z008_036,14471.68,COMPLETED,2025-06-30T03:59:00
CSH_CMP_202604684,CMP_202604684,ACC_002779,Z068,ATM_Z068_017,328186.5,COMPLETED,2025-05-17T14:20:00
CSH_CMP_202604685,CMP_202604685,ACC_000266,Z006,ATM_Z006_018,20874.17,COMPLETED,2025-02-16T07:46:00
CSH_CMP_202604686,CMP_202604686,ACC_001912,Z001,ATM_Z001_024,18209.28,COMPLETED,2025-06-02T14:55:00
CSH_CMP_202604687,CMP_202604687,ACC_001912,Z001,ATM_Z001_019,612921.61,COMPLETED,2025-04-30T09:54:00
CSH_CMP_202604688,CMP_202604688,ACC_000786,Z038,ATM_Z038_038,12029.71,COMPLETED,2025-04-01T11:11:00
CSH_CMP_202604689,CMP_202604689,ACC_002777,Z068,ATM_Z068_009,22417.02,COMPLETED,2025-06-30T14:37:00
CSH_CMP_202604690,CMP_202604690,ACC_002289,Z015,ATM_Z015_013,53359.89,COMPLETED,2025-01-03T11:34:00
CSH_CMP_202604691,CMP_202604691,ACC_002289,Z010,ATM_Z010_032,6780.17,COMPLETED,2025-01-10T23:51:00
CSH_CMP_202604692,CMP_202604692,ACC_000328,Z052,ATM_Z052_049,15822.35,COMPLETED,2025-04-06T17:44:00
CSH_CMP_202604693,CMP_202604693,ACC_002290,Z015,ATM_Z015_049,1138.72,COMPLETED,2025-04-19T15:45:00
CSH_CMP_202604694,CMP_202604694,ACC_000782,Z003,ATM_Z003_025,284962.65,COMPLETED,2025-05-05T10:31:00
CSH_CMP_202604695,CMP_202604695,ACC_001025,Z006,ATM_Z006_048,996.15,COMPLETED,2025-06-06T15:32:00
CSH_CMP_202604696,CMP_202604696,ACC_001534,Z069,ATM_Z069_026,9470.64,COMPLETED,2025-05-15T17:39:00
CSH_CMP_202604697,CMP_202604697,ACC_000474,Z002,ATM_Z002_003,50508.82,COMPLETED,2025-01-10T06:18:00
CSH_CMP_202604698,CMP_202604698,ACC_000062,Z009,ATM_Z009_017,26046.32,COMPLETED,2025-05-12T18:25:00
CSH_CMP_202604699,CMP_202604699,ACC_000335,Z010,ATM_Z010_008,3134.57,COMPLETED,2025-02-22T13:45:00
CSH_CMP_202604700,CMP_202604700,ACC_002983,Z017,ATM_Z017_015,4683.83,COMPLETED,2025-06-13T07:00:00
CSH_CMP_202604701,CMP_202604701,ACC_002291,Z010,ATM_Z010_048,15010.88,COMPLETED,2025-04-10T17:27:00
CSH_CMP_202604702,CMP_202604702,ACC_002223,Z068,ATM_Z068_050,1695.38,COMPLETED,2025-06-08T22:21:00
CSH_CMP_202604703,CMP_202604703,ACC_001023,Z046,ATM_Z046_019,5339.8,COMPLETED,2025-05-11T14:14:00
CSH_CMP_202604704,CMP_202604704,ACC_002549,Z002,ATM_Z002_025,6218.42,COMPLETED,2025-04-28T00:45:00
CSH_CMP_202604705,CMP_202604705,ACC_000060,Z009,ATM_Z009_024,9953.76,COMPLETED,2025-03-15T20:32:00
CSH_CMP_202604706,CMP_202604706,ACC_000782,Z003,ATM_Z003_034,2485.33,COMPLETED,2025-06-14T16:12:00
CSH_CMP_202604707,CMP_202604707,ACC_001912,Z049,ATM_Z049_018,25192.5,COMPLETED,2025-05-23T15:04:00
CSH_CMP_202604708,CMP_202604708,ACC_002224,Z009,ATM_Z009_023,89137.4,COMPLETED,2025-04-28T09:20:00
CSH_CMP_202604709,CMP_202604709,ACC_001023,Z006,ATM_Z006_031,9067.63,COMPLETED,2025-02-24T13:58:00
CSH_CMP_202604710,CMP_202604710,ACC_002358,Z003,ATM_Z003_006,1940.42,COMPLETED,2025-06-24T19:55:00
CSH_CMP_202604711,CMP_202604711,ACC_001535,Z001,ATM_Z001_029,665247.78,COMPLETED,2025-04-16T21:07:00
CSH_CMP_202604712,CMP_202604712,ACC_000472,Z046,ATM_Z046_001,15736.28,COMPLETED,2025-06-22T18:46:00
CSH_CMP_202604713,CMP_202604713,ACC_000341,Z017,ATM_Z017_011,119041.9,COMPLETED,2025-03-27T15:09:00
CSH_CMP_202604714,CMP_202604714,ACC_002229,Z050,ATM_Z050_032,80556.34,COMPLETED,2025-04-21T15:45:00
CSH_CMP_202604715,CMP_202604715,ACC_000060,Z009,ATM_Z009_047,14767.92,COMPLETED,2025-04-01T21:22:00
CSH_CMP_202604716,CMP_202604716,ACC_001534,Z001,ATM_Z001_007,16570.41,COMPLETED,2025-06-10T12:31:00
CSH_CMP_202604717,CMP_202604717,ACC_001074,Z009,ATM_Z009_023,10893.41,COMPLETED,2025-03-27T14:50:00
CSH_CMP_202604718,CMP_202604718,ACC_002225,Z050,ATM_Z050_020,0.0,FROZEN,2025-04-19T09:05:00
CSH_CMP_202604719,CMP_202604719,ACC_001241,Z072,ATM_Z072_018,67302.92,COMPLETED,2025-03-09T19:45:00
CSH_CMP_202604720,CMP_202604720,ACC_002582,Z015,ATM_Z015_029,14206.73,COMPLETED,2025-05-02T16:49:00
CSH_CMP_202604721,CMP_202604721,ACC_000799,Z026,ATM_Z026_043,2553.2,COMPLETED,2025-02-10T16:17:00
CSH_CMP_202604722,CMP_202604722,ACC_000363,Z010,ATM_Z010_007,0.0,FROZEN,2025-02-21T04:57:00
CSH_CMP_202604723,CMP_202604723,ACC_000777,Z046,ATM_Z046_035,4308.87,COMPLETED,2025-02-02T10:36:00
CSH_CMP_202604724,CMP_202604724,ACC_000275,Z036,ATM_Z036_038,10627.99,COMPLETED,2025-01-29T13:48:00
CSH_CMP_202604725,CMP_202604725,ACC_001538,Z001,ATM_Z001_039,29447.71,COMPLETED,2025-04-01T17:11:00
CSH_CMP_202604726,CMP_202604726,ACC_002223,Z017,ATM_Z017_018,61188.78,COMPLETED,2025-05-28T10:55:00
CSH_CMP_202604727,CMP_202604727,ACC_000473,Z046,ATM_Z046_004,26360.58,COMPLETED,2025-01-28T08:12:00
CSH_CMP_202604728,CMP_202604728,ACC_000472,Z046,ATM_Z046_008,45554.82,COMPLETED,2025-06-07T13:08:00
CSH_CMP_202604729,CMP_202604729,ACC_000266,Z052,ATM_Z052_008,16825.71,COMPLETED,2025-06-28T17:03:00
CSH_CMP_202604730,CMP_202604730,ACC_000780,Z004,ATM_Z004_019,26814.63,COMPLETED,2025-03-10T14:28:00
CSH_CMP_202604731,CMP_202604731,ACC_002229,Z050,ATM_Z050_006,209274.74,COMPLETED,2025-05-07T14:01:00
CSH_CMP_202604732,CMP_202604732,ACC_002443,Z002,ATM_Z002_025,7120.93,COMPLETED,2025-04-28T09:22:00
CSH_CMP_202604733,CMP_202604733,ACC_000303,Z006,ATM_Z006_030,27364.2,COMPLETED,2025-02-15T13:50:00
CSH_CMP_202604734,CMP_202604734,ACC_000787,Z003,ATM_Z003_009,17443.78,COMPLETED,2025-05-24T09:03:00
CSH_CMP_202604735,CMP_202604735,ACC_000472,Z002,ATM_Z002_029,13649.92,COMPLETED,2025-04-02T07:40:00
CSH_CMP_202604736,CMP_202604736,ACC_000293,Z036,ATM_Z036_011,6070.74,COMPLETED,2025-02-28T12:45:00
CSH_CMP_202604737,CMP_202604737,ACC_002983,Z017,ATM_Z017_021,9201.89,COMPLETED,2025-06-17T20:29:00
CSH_CMP_202604738,CMP_202604738,ACC_002983,Z045,ATM_Z045_022,5736.03,COMPLETED,2025-03-27T08:39:00
CSH_CMP_202604739,CMP_202604739,ACC_000782,Z026,ATM_Z026_028,3954.21,COMPLETED,2025-05-23T17:59:00
CSH_CMP_202604740,CMP_202604740,ACC_001023,Z046,ATM_Z046_001,841.87,COMPLETED,2025-06-26T10:00:00
CSH_CMP_202604741,CMP_202604741,ACC_001023,Z046,ATM_Z046_035,30285.2,COMPLETED,2025-03-12T13:29:00
CSH_CMP_202604742,CMP_202604742,ACC_002829,Z068,ATM_Z068_027,121504.82,COMPLETED,2025-03-25T13:48:00
CSH_CMP_202604743,CMP_202604743,ACC_000847,Z029,ATM_Z029_003,862355.42,COMPLETED,2025-02-08T16:49:00
CSH_CMP_202604744,CMP_202604744,ACC_001534,Z001,ATM_Z001_039,4013.06,COMPLETED,2025-06-14T14:59:00
CSH_CMP_202604745,CMP_202604745,ACC_001539,Z001,ATM_Z001_027,550431.71,COMPLETED,2025-06-14T22:01:00
CSH_CMP_202604746,CMP_202604746,ACC_000010,Z009,ATM_Z009_017,18246.26,COMPLETED,2025-06-10T09:46:00
CSH_CMP_202604747,CMP_202604747,ACC_001024,Z074,ATM_Z074_047,16313.04,COMPLETED,2025-02-05T20:12:00
CSH_CMP_202604748,CMP_202604748,ACC_000060,Z009,ATM_Z009_018,13584.77,COMPLETED,2025-01-01T14:57:00
CSH_CMP_202604749,CMP_202604749,ACC_000472,Z004,ATM_Z004_006,150736.71,COMPLETED,2025-02-27T10:03:00
CSH_CMP_202604750,CMP_202604750,ACC_000330,Z075,ATM_Z075_036,156525.13,COMPLETED,2025-01-29T11:07:00
CSH_CMP_202604751,CMP_202604751,ACC_001983,Z002,ATM_Z002_021,18069.21,COMPLETED,2025-05-23T15:02:00
CSH_CMP_202604752,CMP_202604752,ACC_000002,Z009,ATM_Z009_036,5737.51,COMPLETED,2025-05-20T12:54:00
CSH_CMP_202604753,CMP_202604753,ACC_002290,Z015,ATM_Z015_038,2899.72,COMPLETED,2025-01-22T22:43:00
CSH_CMP_202604754,CMP_202604754,ACC_001914,Z001,ATM_Z001_031,1013769.79,COMPLETED,2025-02-20T09:46:00
CSH_CMP_202604755,CMP_202604755,ACC_000118,Z015,ATM_Z015_024,34421.69,COMPLETED,2025-06-13T13:32:00
CSH_CMP_202604756,CMP_202604756,ACC_000002,Z023,ATM_Z023_036,224186.47,COMPLETED,2025-01-22T20:20:00
CSH_CMP_202604757,CMP_202604757,ACC_001912,Z001,ATM_Z001_044,4223.94,COMPLETED,2025-05-24T12:37:00
CSH_CMP_202604758,CMP_202604758,ACC_003040,Z017,ATM_Z017_004,2029.29,COMPLETED,2025-03-30T19:57:00
CSH_CMP_202604759,CMP_202604759,ACC_001034,Z010,ATM_Z010_020,26723.65,COMPLETED,2025-02-08T09:06:00
CSH_CMP_202604760,CMP_202604760,ACC_002443,Z009,ATM_Z009_014,101168.39,COMPLETED,2025-02-23T15:55:00
CSH_CMP_202604761,CMP_202604761,ACC_000060,Z015,ATM_Z015_011,5723.73,COMPLETED,2025-01-28T15:56:00
CSH_CMP_202604762,CMP_202604762,ACC_002453,Z002,ATM_Z002_029,7276.3,COMPLETED,2025-03-01T15:45:00
CSH_CMP_202604763,CMP_202604763,ACC_001912,Z075,ATM_Z075_046,240881.4,COMPLETED,2025-01-10T13:39:00
CSH_CMP_202604764,CMP_202604764,ACC_001534,Z001,ATM_Z001_030,14333.04,COMPLETED,2025-04-14T05:27:00
CSH_CMP_202604765,CMP_202604765,ACC_001608,Z002,ATM_Z002_028,27649.03,COMPLETED,2025-03-30T18:33:00
CSH_CMP_202604766,CMP_202604766,ACC_002456,Z002,ATM_Z002_044,37017.55,COMPLETED,2025-03-04T16:16:00
CSH_CMP_202604767,CMP_202604767,ACC_000061,Z009,ATM_Z009_021,2618.84,COMPLETED,2025-01-17T14:59:00
CSH_CMP_202604768,CMP_202604768,ACC_002449,Z002,ATM_Z002_014,114054.91,COMPLETED,2025-06-12T16:21:00
CSH_CMP_202604769,CMP_202604769,ACC_000058,Z009,ATM_Z009_034,5258.57,COMPLETED,2025-04-09T14:13:00
CSH_CMP_202604770,CMP_202604770,ACC_000063,Z013,ATM_Z013_005,10911.97,COMPLETED,2025-01-30T14:30:00
CSH_CMP_202604771,CMP_202604771,ACC_001023,Z006,ATM_Z006_009,14406.26,COMPLETED,2025-05-07T14:54:00
CSH_CMP_202604772,CMP_202604772,ACC_001912,Z001,ATM_Z001_037,34026.01,COMPLETED,2025-06-10T10:49:00
CSH_CMP_202604773,CMP_202604773,ACC_001231,Z004,ATM_Z004_039,48963.44,COMPLETED,2025-01-29T20:04:00
CSH_CMP_202604774,CMP_202604774,ACC_002983,Z017,ATM_Z017_042,54304.56,COMPLETED,2025-04-16T18:30:00
CSH_CMP_202604775,CMP_202604775,ACC_000060,Z009,ATM_Z009_037,1887.53,COMPLETED,2025-02-23T14:46:00
CSH_CMP_202604776,CMP_202604776,ACC_001536,Z002,ATM_Z002_049,19021.84,COMPLETED,2025-06-13T10:44:00
CSH_CMP_202604777,CMP_202604777,ACC_000060,Z009,ATM_Z009_004,21678.99,COMPLETED,2025-06-08T11:51:00
CSH_CMP_202604778,CMP_202604778,ACC_000060,Z015,ATM_Z015_026,16539.17,COMPLETED,2025-02-21T16:27:00
CSH_CMP_202604779,CMP_202604779,ACC_000266,Z050,ATM_Z050_040,2523.28,COMPLETED,2025-03-02T12:07:00
CSH_CMP_202604780,CMP_202604780,ACC_002223,Z017,ATM_Z017_006,48648.25,COMPLETED,2025-02-05T19:52:00
CSH_CMP_202604781,CMP_202604781,ACC_000472,Z002,ATM_Z002_020,54140.03,COMPLETED,2025-05-27T06:31:00
CSH_CMP_202604782,CMP_202604782,ACC_002983,Z045,ATM_Z045_021,6062.68,COMPLETED,2025-06-08T16:50:00
CSH_CMP_202604783,CMP_202604783,ACC_001251,Z035,ATM_Z035_014,51002.4,COMPLETED,2025-04-15T16:19:00
CSH_CMP_202604784,CMP_202604784,ACC_000479,Z004,ATM_Z004_031,6379.19,COMPLETED,2025-03-28T14:45:00
CSH_CMP_202604785,CMP_202604785,ACC_000065,Z044,ATM_Z044_011,8432.2,COMPLETED,2025-05-12T18:00:00
CSH_CMP_202604786,CMP_202604786,ACC_001534,Z001,ATM_Z001_047,11578.11,COMPLETED,2025-03-23T11:25:00
CSH_CMP_202604787,CMP_202604787,ACC_001028,Z006,ATM_Z006_010,10362.04,COMPLETED,2025-01-11T10:22:00
CSH_CMP_202604788,CMP_202604788,ACC_003023,Z045,ATM_Z045_016,24686.85,COMPLETED,2025-03-28T15:45:00
CSH_CMP_202604789,CMP_202604789,ACC_002291,Z015,ATM_Z015_034,2556.97,COMPLETED,2025-05-03T00:01:00
CSH_CMP_202604790,CMP_202604790,ACC_002223,Z009,ATM_Z009_013,56978.95,COMPLETED,2025-02-20T12:00:00
CSH_CMP_202604791,CMP_202604791,ACC_000470,Z061,ATM_Z061_034,17394.78,COMPLETED,2025-03-23T10:34:00
CSH_CMP_202604792,CMP_202604792,ACC_002984,Z004,ATM_Z004_030,6597.79,COMPLETED,2025-03-03T11:45:00
CSH_CMP_202604793,CMP_202604793,ACC_002983,Z004,ATM_Z004_010,6680.71,COMPLETED,2025-04-19T20:59:00
CSH_CMP_202604794,CMP_202604794,ACC_001023,Z006,ATM_Z006_038,13162.26,COMPLETED,2025-02-07T19:49:00
CSH_CMP_202604795,CMP_202604795,ACC_001033,Z006,ATM_Z006_027,18395.34,COMPLETED,2025-02-28T18:26:00
CSH_CMP_202604796,CMP_202604796,ACC_002785,Z056,ATM_Z056_011,808358.64,COMPLETED,2025-05-19T12:42:00
CSH_CMP_202604797,CMP_202604797,ACC_001023,Z046,ATM_Z046_040,17465.07,COMPLETED,2025-06-21T19:19:00
CSH_CMP_202604798,CMP_202604798,ACC_002223,Z017,ATM_Z017_019,4602.53,COMPLETED,2025-01-31T15:15:00
CSH_CMP_202604799,CMP_202604799,ACC_002444,Z067,ATM_Z067_005,50229.56,COMPLETED,2025-05-26T07:40:00
CSH_CMP_202604800,CMP_202604800,ACC_001227,Z046,ATM_Z046_045,47060.79,COMPLETED,2025-03-19T16:45:00
CSH_CMP_202604801,CMP_202604801,ACC_002443,Z002,ATM_Z002_049,51939.19,COMPLETED,2025-02-21T19:58:00
CSH_CMP_202604802,CMP_202604802,ACC_000472,Z002,ATM_Z002_014,7962.49,COMPLETED,2025-05-09T18:49:00
CSH_CMP_202604803,CMP_202604803,ACC_000346,Z030,ATM_Z030_007,11731.19,COMPLETED,2025-04-02T15:12:00
CSH_CMP_202604804,CMP_202604804,ACC_000780,Z004,ATM_Z004_036,4456.02,COMPLETED,2025-04-04T17:06:00
CSH_CMP_202604805,CMP_202604805,ACC_001534,Z069,ATM_Z069_041,12604.91,COMPLETED,2025-04-09T12:24:00
CSH_CMP_202604806,CMP_202604806,ACC_002443,Z042,ATM_Z042_006,46627.84,COMPLETED,2025-02-04T17:02:00
CSH_CMP_202604807,CMP_202604807,ACC_001915,Z009,ATM_Z009_024,8683.36,COMPLETED,2025-04-30T08:11:00
CSH_CMP_202604808,CMP_202604808,ACC_002223,Z050,ATM_Z050_035,0.0,FROZEN,2025-06-18T15:39:00
CSH_CMP_202604809,CMP_202604809,ACC_001024,Z006,ATM_Z006_007,19508.67,COMPLETED,2025-05-28T15:13:00
CSH_CMP_202604810,CMP_202604810,ACC_002223,Z050,ATM_Z050_033,11555.66,COMPLETED,2025-03-11T16:54:00
CSH_CMP_202604811,CMP_202604811,ACC_001023,Z046,ATM_Z046_016,3171.16,COMPLETED,2025-01-23T07:50:00
CSH_CMP_202604812,CMP_202604812,ACC_001539,Z007,ATM_Z007_018,42901.15,COMPLETED,2025-04-11T17:59:00
CSH_CMP_202604813,CMP_202604813,ACC_002780,Z068,ATM_Z068_048,0.0,FROZEN,2025-02-26T15:04:00
CSH_CMP_202604814,CMP_202604814,ACC_001539,Z007,ATM_Z007_014,516781.82,COMPLETED,2025-06-28T16:52:00
CSH_CMP_202604815,CMP_202604815,ACC_002292,Z060,ATM_Z060_039,11902.62,COMPLETED,2025-06-23T14:28:00
CSH_CMP_202604816,CMP_202604816,ACC_001994,Z046,ATM_Z046_014,1366.39,COMPLETED,2025-05-15T15:32:00
CSH_CMP_202604817,CMP_202604817,ACC_000605,Z010,ATM_Z010_019,0.0,FROZEN,2025-02-20T14:10:00
CSH_CMP_202604818,CMP_202604818,ACC_000271,Z052,ATM_Z052_012,12016.06,COMPLETED,2025-04-02T16:04:00
CSH_CMP_202604819,CMP_202604819,ACC_002225,Z050,ATM_Z050_033,1499.56,COMPLETED,2025-04-04T19:39:00
CSH_CMP_202604820,CMP_202604820,ACC_000786,Z003,ATM_Z003_017,109320.89,COMPLETED,2025-02-05T17:58:00
CSH_CMP_202604821,CMP_202604821,ACC_000812,Z006,ATM_Z006_033,141603.36,COMPLETED,2025-06-13T20:37:00
CSH_CMP_202604822,CMP_202604822,ACC_000058,Z016,ATM_Z016_033,13293.62,COMPLETED,2025-03-16T15:25:00
CSH_CMP_202604823,CMP_202604823,ACC_002777,Z042,ATM_Z042_019,21485.64,COMPLETED,2025-03-02T15:14:00
CSH_CMP_202604824,CMP_202604824,ACC_001912,Z002,ATM_Z002_043,35450.72,COMPLETED,2025-01-25T11:28:00
CSH_CMP_202604825,CMP_202604825,ACC_000993,Z009,ATM_Z009_042,471258.0,COMPLETED,2025-03-19T10:53:00
CSH_CMP_202604826,CMP_202604826,ACC_002997,Z045,ATM_Z045_038,134368.16,COMPLETED,2025-05-16T15:35:00
CSH_CMP_202604827,CMP_202604827,ACC_000026,Z016,ATM_Z016_030,1301.7,COMPLETED,2025-04-26T10:27:00
CSH_CMP_202604828,CMP_202604828,ACC_001532,Z004,ATM_Z004_039,6385.39,COMPLETED,2025-04-19T21:53:00
CSH_CMP_202604829,CMP_202604829,ACC_000058,Z016,ATM_Z016_048,163276.4,COMPLETED,2025-03-18T14:55:00
CSH_CMP_202604830,CMP_202604830,ACC_001912,Z049,ATM_Z049_036,6827.81,COMPLETED,2025-03-15T18:08:00
CSH_CMP_202604831,CMP_202604831,ACC_000020,Z009,ATM_Z009_005,2136.12,COMPLETED,2025-03-09T20:14:00
CSH_CMP_202604832,CMP_202604832,ACC_002443,Z011,ATM_Z011_047,21893.21,COMPLETED,2025-04-29T18:23:00
CSH_CMP_202604833,CMP_202604833,ACC_000060,Z015,ATM_Z015_029,12434.38,COMPLETED,2025-02-24T16:07:00
CSH_CMP_202604834,CMP_202604834,ACC_001230,Z058,ATM_Z058_039,445171.9,COMPLETED,2025-02-16T16:26:00
CSH_CMP_202604835,CMP_202604835,ACC_000585,Z004,ATM_Z004_031,8101.55,COMPLETED,2025-03-14T17:52:00
CSH_CMP_202604836,CMP_202604836,ACC_002289,Z010,ATM_Z010_005,69450.05,COMPLETED,2025-06-04T14:21:00
CSH_CMP_202604837,CMP_202604837,ACC_000063,Z009,ATM_Z009_009,13244.76,COMPLETED,2025-03-08T16:42:00
CSH_CMP_202604838,CMP_202604838,ACC_000003,Z009,ATM_Z009_004,127337.59,COMPLETED,2025-04-17T13:15:00
CSH_CMP_202604839,CMP_202604839,ACC_001024,Z006,ATM_Z006_037,12097.56,COMPLETED,2025-03-13T18:58:00
CSH_CMP_202604840,CMP_202604840,ACC_001535,Z007,ATM_Z007_001,4357.75,COMPLETED,2025-05-03T22:39:00
CSH_CMP_202604841,CMP_202604841,ACC_000330,Z032,ATM_Z032_047,175974.67,COMPLETED,2025-06-23T18:27:00
CSH_CMP_202604842,CMP_202604842,ACC_002996,Z045,ATM_Z045_007,44524.71,COMPLETED,2025-04-13T14:26:00
CSH_CMP_202604843,CMP_202604843,ACC_001231,Z075,ATM_Z075_012,986.24,COMPLETED,2025-04-30T10:37:00
CSH_CMP_202604844,CMP_202604844,ACC_002447,Z067,ATM_Z067_038,4650.14,COMPLETED,2025-02-20T01:00:00
CSH_CMP_202604845,CMP_202604845,ACC_002379,Z015,ATM_Z015_027,19537.01,COMPLETED,2025-02-23T13:20:00
CSH_CMP_202604846,CMP_202604846,ACC_001229,Z004,ATM_Z004_033,74512.41,COMPLETED,2025-04-01T14:55:00
CSH_CMP_202604847,CMP_202604847,ACC_002989,Z045,ATM_Z045_033,4045.61,COMPLETED,2025-05-09T15:44:00
CSH_CMP_202604848,CMP_202604848,ACC_000005,Z016,ATM_Z016_004,8541.81,COMPLETED,2025-03-19T12:30:00
CSH_CMP_202604849,CMP_202604849,ACC_001023,Z046,ATM_Z046_049,30557.44,COMPLETED,2025-04-14T10:43:00
CSH_CMP_202604850,CMP_202604850,ACC_000266,Z006,ATM_Z006_040,7885.12,COMPLETED,2025-01-03T10:33:00
CSH_CMP_202604851,CMP_202604851,ACC_000473,Z004,ATM_Z004_028,118716.59,COMPLETED,2025-04-19T19:21:00
CSH_CMP_202604852,CMP_202604852,ACC_001034,Z046,ATM_Z046_011,15161.41,COMPLETED,2025-02-21T09:17:00
CSH_CMP_202604853,CMP_202604853,ACC_000061,Z009,ATM_Z009_043,1880.44,COMPLETED,2025-06-20T17:05:00
CSH_CMP_202604854,CMP_202604854,ACC_002400,Z074,ATM_Z074_028,3027.08,COMPLETED,2025-06-02T17:05:00
CSH_CMP_202604855,CMP_202604855,ACC_002983,Z004,ATM_Z004_048,31484.41,COMPLETED,2025-02-27T16:27:00
CSH_CMP_202604856,CMP_202604856,ACC_001995,Z049,ATM_Z049_048,26453.31,COMPLETED,2025-02-26T13:44:00
CSH_CMP_202604857,CMP_202604857,ACC_000002,Z016,ATM_Z016_002,98820.81,COMPLETED,2025-06-22T16:20:00
CSH_CMP_202604858,CMP_202604858,ACC_000002,Z016,ATM_Z016_047,743.09,COMPLETED,2025-04-02T08:23:00
CSH_CMP_202604859,CMP_202604859,ACC_002782,Z009,ATM_Z009_027,45047.79,COMPLETED,2025-05-19T06:52:00
CSH_CMP_202604860,CMP_202604860,ACC_002458,Z002,ATM_Z002_030,21394.29,COMPLETED,2025-06-08T16:08:00
CSH_CMP_202604861,CMP_202604861,ACC_000475,Z063,ATM_Z063_043,22257.34,COMPLETED,2025-03-07T14:43:00
CSH_CMP_202604862,CMP_202604862,ACC_002985,Z004,ATM_Z004_028,9982.48,COMPLETED,2025-05-04T16:43:00
CSH_CMP_202604863,CMP_202604863,ACC_001912,Z009,ATM_Z009_002,45491.07,COMPLETED,2025-04-19T11:45:00
CSH_CMP_202604864,CMP_202604864,ACC_000783,Z026,ATM_Z026_035,444.28,COMPLETED,2025-01-30T14:14:00
CSH_CMP_202604865,CMP_202604865,ACC_002443,Z009,ATM_Z009_005,42954.07,COMPLETED,2025-05-23T13:27:00
CSH_CMP_202604866,CMP_202604866,ACC_001923,Z001,ATM_Z001_026,6822.14,COMPLETED,2025-03-02T20:54:00
CSH_CMP_202604867,CMP_202604867,ACC_001230,Z003,ATM_Z003_042,1036.25,COMPLETED,2025-04-12T15:30:00
CSH_CMP_202604868,CMP_202604868,ACC_000782,Z014,ATM_Z014_050,17044.44,COMPLETED,2025-05-21T15:16:00
CSH_CMP_202604869,CMP_202604869,ACC_000784,Z038,ATM_Z038_018,82430.25,COMPLETED,2025-03-03T14:24:00
CSH_CMP_202604870,CMP_202604870,ACC_001026,Z006,ATM_Z006_028,6728.69,COMPLETED,2025-05-12T19:32:00
CSH_CMP_202604871,CMP_202604871,ACC_002448,Z072,ATM_Z072_040,25481.25,COMPLETED,2025-01-27T16:21:00
CSH_CMP_202604872,CMP_202604872,ACC_000061,Z015,ATM_Z015_003,0.0,FROZEN,2025-04-01T15:41:00
CSH_CMP_202604873,CMP_202604873,ACC_000266,Z036,ATM_Z036_007,14145.37,COMPLETED,2025-01-15T20:44:00
CSH_CMP_202604874,CMP_202604874,ACC_000002,Z016,ATM_Z016_027,19187.69,COMPLETED,2025-06-04T12:37:00
CSH_CMP_202604875,CMP_202604875,ACC_000780,Z046,ATM_Z046_043,22745.79,COMPLETED,2025-03-21T08:28:00
CSH_CMP_202604876,CMP_202604876,ACC_000328,Z052,ATM_Z052_018,6657.0,COMPLETED,2025-02-17T16:52:00
CSH_CMP_202604877,CMP_202604877,ACC_001912,Z034,ATM_Z034_030,2982.74,COMPLETED,2025-05-18T20:10:00
CSH_CMP_202604878,CMP_202604878,ACC_000330,Z075,ATM_Z075_026,89946.13,COMPLETED,2025-06-11T01:07:00
CSH_CMP_202604879,CMP_202604879,ACC_002786,Z056,ATM_Z056_026,58304.43,COMPLETED,2025-02-22T18:21:00
CSH_CMP_202604880,CMP_202604880,ACC_002462,Z009,ATM_Z009_019,173576.38,COMPLETED,2025-04-21T12:34:00
CSH_CMP_202604881,CMP_202604881,ACC_002983,Z004,ATM_Z004_042,65986.1,COMPLETED,2025-05-15T10:12:00
CSH_CMP_202604882,CMP_202604882,ACC_002777,Z042,ATM_Z042_016,12013.16,COMPLETED,2025-01-19T16:14:00
CSH_CMP_202604883,CMP_202604883,ACC_000922,Z003,ATM_Z003_029,70898.73,COMPLETED,2025-04-26T21:18:00
CSH_CMP_202604884,CMP_202604884,ACC_000266,Z052,ATM_Z052_016,16437.82,COMPLETED,2025-02-13T14:04:00
CSH_CMP_202604885,CMP_202604885,ACC_002223,Z050,ATM_Z050_028,250762.71,COMPLETED,2025-02-23T12:39:00
CSH_CMP_202604886,CMP_202604886,ACC_002290,Z010,ATM_Z010_024,58769.57,COMPLETED,2025-05-25T18:20:00
CSH_CMP_202604887,CMP_202604887,ACC_000267,Z069,ATM_Z069_018,17107.91,COMPLETED,2025-03-26T11:52:00
CSH_CMP_202604888,CMP_202604888,ACC_002223,Z050,ATM_Z050_026,1210.95,COMPLETED,2025-03-22T16:05:00
CSH_CMP_202604889,CMP_202604889,ACC_000004,Z016,ATM_Z016_017,13507.42,COMPLETED,2025-02-04T19:53:00
CSH_CMP_202604890,CMP_202604890,ACC_002448,Z011,ATM_Z011_004,55396.18,COMPLETED,2025-03-30T11:00:00
CSH_CMP_202604891,CMP_202604891,ACC_002043,Z049,ATM_Z049_029,9831.08,COMPLETED,2025-03-31T06:23:00
CSH_CMP_202604892,CMP_202604892,ACC_002224,Z003,ATM_Z003_022,1039.51,COMPLETED,2025-04-15T18:37:00
CSH_CMP_202604893,CMP_202604893,ACC_001537,Z002,ATM_Z002_038,764245.25,COMPLETED,2025-06-06T18:52:00
CSH_CMP_202604894,CMP_202604894,ACC_002223,Z009,ATM_Z009_050,1336.34,COMPLETED,2025-05-02T08:40:00
CSH_CMP_202604895,CMP_202604895,ACC_002984,Z045,ATM_Z045_015,48865.2,COMPLETED,2025-04-06T22:48:00
CSH_CMP_202604896,CMP_202604896,ACC_000061,Z002,ATM_Z002_033,33910.02,COMPLETED,2025-06-04T16:57:00
CSH_CMP_202604897,CMP_202604897,ACC_002224,Z050,ATM_Z050_027,2720.93,COMPLETED,2025-01-07T10:14:00
CSH_CMP_202604898,CMP_202604898,ACC_002246,Z002,ATM_Z002_026,11852.15,COMPLETED,2025-04-16T13:20:00
CSH_CMP_202604899,CMP_202604899,ACC_000330,Z010,ATM_Z010_019,71967.54,COMPLETED,2025-05-10T12:34:00
CSH_CMP_202604900,CMP_202604900,ACC_001535,Z007,ATM_Z007_010,15216.41,COMPLETED,2025-01-10T15:51:00
CSH_CMP_202604901,CMP_202604901,ACC_002993,Z004,ATM_Z004_040,9015.83,COMPLETED,2025-06-10T14:54:00
CSH_CMP_202604902,CMP_202604902,ACC_000543,Z004,ATM_Z004_023,104281.06,COMPLETED,2025-06-13T18:08:00
CSH_CMP_202604903,CMP_202604903,ACC_002290,Z015,ATM_Z015_048,4779.85,COMPLETED,2025-03-25T21:33:00
CSH_CMP_202604904,CMP_202604904,ACC_002817,Z056,ATM_Z056_050,7572.25,COMPLETED,2025-03-14T15:05:00
CSH_CMP_202604905,CMP_202604905,ACC_001912,Z002,ATM_Z002_005,2067.01,COMPLETED,2025-03-09T12:46:00
CSH_CMP_202604906,CMP_202604906,ACC_001233,Z003,ATM_Z003_038,3484.11,COMPLETED,2025-02-16T08:43:00
CSH_CMP_202604907,CMP_202604907,ACC_002992,Z045,ATM_Z045_010,855.6,COMPLETED,2025-05-03T15:40:00
CSH_CMP_202604908,CMP_202604908,ACC_000472,Z046,ATM_Z046_024,21093.86,COMPLETED,2025-05-30T17:14:00
CSH_CMP_202604909,CMP_202604909,ACC_000060,Z015,ATM_Z015_011,39852.75,COMPLETED,2025-03-19T14:37:00
CSH_CMP_202604910,CMP_202604910,ACC_001023,Z006,ATM_Z006_028,33434.06,COMPLETED,2025-03-29T15:21:00
CSH_CMP_202604911,CMP_202604911,ACC_001229,Z003,ATM_Z003_045,5281.28,COMPLETED,2025-01-08T14:07:00
CSH_CMP_202604912,CMP_202604912,ACC_001023,Z006,ATM_Z006_003,36617.76,COMPLETED,2025-03-05T13:00:00
CSH_CMP_202604913,CMP_202604913,ACC_000430,Z009,ATM_Z009_027,158315.99,COMPLETED,2025-05-24T12:54:00
CSH_CMP_202604914,CMP_202604914,ACC_000007,Z016,ATM_Z016_017,21625.12,COMPLETED,2025-06-23T07:44:00
CSH_CMP_202604915,CMP_202604915,ACC_000003,Z016,ATM_Z016_003,15292.52,COMPLETED,2025-03-13T16:06:00
CSH_CMP_202604916,CMP_202604916,ACC_001231,Z004,ATM_Z004_048,45362.8,COMPLETED,2025-03-19T15:59:00
CSH_CMP_202604917,CMP_202604917,ACC_000476,Z002,ATM_Z002_005,22014.8,COMPLETED,2025-02-25T19:19:00
CSH_CMP_202604918,CMP_202604918,ACC_000472,Z046,ATM_Z046_017,2966.56,COMPLETED,2025-02-12T14:05:00
CSH_CMP_202604919,CMP_202604919,ACC_001912,Z009,ATM_Z009_004,8323.67,COMPLETED,2025-01-19T09:23:00
CSH_CMP_202604920,CMP_202604920,ACC_000280,Z036,ATM_Z036_045,8397.9,COMPLETED,2025-03-20T11:29:00
CSH_CMP_202604921,CMP_202604921,ACC_000331,Z002,ATM_Z002_005,30078.49,COMPLETED,2025-05-27T14:19:00
CSH_CMP_202604922,CMP_202604922,ACC_000475,Z002,ATM_Z002_044,26095.78,COMPLETED,2025-02-08T11:19:00
CSH_CMP_202604923,CMP_202604923,ACC_003025,Z017,ATM_Z017_013,10715.2,COMPLETED,2025-05-22T11:03:00
CSH_CMP_202604924,CMP_202604924,ACC_000002,Z007,ATM_Z007_008,62488.17,COMPLETED,2025-06-07T05:24:00
CSH_CMP_202604925,CMP_202604925,ACC_002223,Z017,ATM_Z017_037,86261.17,COMPLETED,2025-01-06T15:01:00
CSH_CMP_202604926,CMP_202604926,ACC_000475,Z002,ATM_Z002_012,41568.79,COMPLETED,2025-05-13T13:00:00
CSH_CMP_202604927,CMP_202604927,ACC_002223,Z009,ATM_Z009_017,93971.27,COMPLETED,2025-05-21T17:42:00
CSH_CMP_202604928,CMP_202604928,ACC_003007,Z039,ATM_Z039_003,21426.9,COMPLETED,2025-05-04T23:15:00
CSH_CMP_202604929,CMP_202604929,ACC_000266,Z006,ATM_Z006_024,41883.69,COMPLETED,2025-05-08T13:57:00
CSH_CMP_202604930,CMP_202604930,ACC_000266,Z015,ATM_Z015_030,14706.38,COMPLETED,2025-05-06T20:16:00
CSH_CMP_202604931,CMP_202604931,ACC_002444,Z002,ATM_Z002_041,96392.78,COMPLETED,2025-03-16T08:59:00
CSH_CMP_202604932,CMP_202604932,ACC_001912,Z049,ATM_Z049_039,27308.22,COMPLETED,2025-01-22T17:43:00
CSH_CMP_202604933,CMP_202604933,ACC_000060,Z015,ATM_Z015_017,3991.53,COMPLETED,2025-06-21T15:58:00
CSH_CMP_202604934,CMP_202604934,ACC_001023,Z064,ATM_Z064_008,23804.21,COMPLETED,2025-01-05T15:05:00
CSH_CMP_202604935,CMP_202604935,ACC_002783,Z068,ATM_Z068_047,375859.89,COMPLETED,2025-02-07T06:42:00
CSH_CMP_202604936,CMP_202604936,ACC_002441,Z015,ATM_Z015_018,4391.1,COMPLETED,2025-01-25T13:01:00
CSH_CMP_202604937,CMP_202604937,ACC_002224,Z017,ATM_Z017_016,5281.91,COMPLETED,2025-04-18T17:11:00
CSH_CMP_202604938,CMP_202604938,ACC_000066,Z033,ATM_Z033_034,25893.5,COMPLETED,2025-06-17T14:17:00
CSH_CMP_202604939,CMP_202604939,ACC_001538,Z002,ATM_Z002_010,25743.47,COMPLETED,2025-05-03T17:55:00
CSH_CMP_202604940,CMP_202604940,ACC_002015,Z020,ATM_Z020_020,420818.83,COMPLETED,2025-03-27T20:41:00
CSH_CMP_202604941,CMP_202604941,ACC_000330,Z074,ATM_Z074_026,48797.41,COMPLETED,2025-01-31T00:31:00
CSH_CMP_202604942,CMP_202604942,ACC_001578,Z002,ATM_Z002_002,11017.55,COMPLETED,2025-04-02T12:53:00
CSH_CMP_202604943,CMP_202604943,ACC_002935,Z004,ATM_Z004_048,6563.35,COMPLETED,2025-05-07T19:39:00
CSH_CMP_202604944,CMP_202604944,ACC_002287,Z017,ATM_Z017_010,20992.59,COMPLETED,2025-05-20T18:52:00
CSH_CMP_202604945,CMP_202604945,ACC_001030,Z006,ATM_Z006_026,22847.25,COMPLETED,2025-05-03T18:37:00
CSH_CMP_202604946,CMP_202604946,ACC_001534,Z060,ATM_Z060_004,8092.18,COMPLETED,2025-04-11T03:40:00
CSH_CMP_202604947,CMP_202604947,ACC_002289,Z015,ATM_Z015_037,2590.35,COMPLETED,2025-05-14T08:52:00
CSH_CMP_202604948,CMP_202604948,ACC_001912,Z002,ATM_Z002_023,2142.23,COMPLETED,2025-04-17T10:07:00
CSH_CMP_202604949,CMP_202604949,ACC_002223,Z017,ATM_Z017_047,168574.18,COMPLETED,2025-02-15T18:27:00
CSH_CMP_202604950,CMP_202604950,ACC_000061,Z015,ATM_Z015_005,1291.1,COMPLETED,2025-03-25T08:59:00
CSH_CMP_202604951,CMP_202604951,ACC_001023,Z037,ATM_Z037_011,1821.11,COMPLETED,2025-06-03T11:07:00
CSH_CMP_202604952,CMP_202604952,ACC_000266,Z036,ATM_Z036_018,8592.88,COMPLETED,2025-06-02T03:55:00
CSH_CMP_202604953,CMP_202604953,ACC_000330,Z010,ATM_Z010_028,5532.17,COMPLETED,2025-04-27T13:20:00
CSH_CMP_202604954,CMP_202604954,ACC_000045,Z009,ATM_Z009_006,12549.89,COMPLETED,2025-04-19T08:40:00
CSH_CMP_202604955,CMP_202604955,ACC_001547,Z013,ATM_Z013_040,4396.9,COMPLETED,2025-04-27T20:14:00
CSH_CMP_202604956,CMP_202604956,ACC_000061,Z009,ATM_Z009_048,26533.24,COMPLETED,2025-04-17T20:01:00
CSH_CMP_202604957,CMP_202604957,ACC_003040,Z004,ATM_Z004_028,0.0,FROZEN,2025-04-25T13:54:00
CSH_CMP_202604958,CMP_202604958,ACC_001229,Z003,ATM_Z003_034,106481.02,COMPLETED,2025-01-15T12:00:00
CSH_CMP_202604959,CMP_202604959,ACC_002226,Z041,ATM_Z041_038,84640.92,COMPLETED,2025-05-02T13:21:00
CSH_CMP_202604960,CMP_202604960,ACC_001023,Z046,ATM_Z046_001,48008.44,COMPLETED,2025-06-30T12:53:00
CSH_CMP_202604961,CMP_202604961,ACC_002983,Z026,ATM_Z026_036,4091.82,COMPLETED,2025-03-04T15:55:00
CSH_CMP_202604962,CMP_202604962,ACC_002441,Z010,ATM_Z010_035,1549.23,COMPLETED,2025-03-01T11:57:00
CSH_CMP_202604963,CMP_202604963,ACC_001534,Z002,ATM_Z002_028,45203.62,COMPLETED,2025-04-15T12:47:00
CSH_CMP_202604964,CMP_202604964,ACC_000330,Z009,ATM_Z009_024,357539.71,COMPLETED,2025-01-16T11:43:00
CSH_CMP_202604965,CMP_202604965,ACC_000266,Z036,ATM_Z036_045,4854.11,COMPLETED,2025-01-22T19:03:00
CSH_CMP_202604966,CMP_202604966,ACC_002511,Z002,ATM_Z002_001,18080.95,COMPLETED,2025-05-29T12:07:00
CSH_CMP_202604967,CMP_202604967,ACC_000786,Z003,ATM_Z003_027,16922.47,COMPLETED,2025-03-26T21:08:00
CSH_CMP_202604968,CMP_202604968,ACC_001023,Z006,ATM_Z006_011,23007.57,COMPLETED,2025-03-18T11:49:00
CSH_CMP_202604969,CMP_202604969,ACC_001230,Z075,ATM_Z075_048,11783.8,COMPLETED,2025-05-01T23:39:00
CSH_CMP_202604970,CMP_202604970,ACC_001169,Z046,ATM_Z046_005,13938.83,COMPLETED,2025-04-01T10:16:00
CSH_CMP_202604971,CMP_202604971,ACC_002449,Z009,ATM_Z009_042,140105.83,COMPLETED,2025-03-14T10:56:00
CSH_CMP_202604972,CMP_202604972,ACC_001230,Z004,ATM_Z004_002,9311.43,COMPLETED,2025-03-13T05:47:00
CSH_CMP_202604973,CMP_202604973,ACC_001914,Z002,ATM_Z002_023,73832.92,COMPLETED,2025-03-26T12:35:00
CSH_CMP_202604974,CMP_202604974,ACC_002290,Z010,ATM_Z010_028,11729.45,COMPLETED,2025-02-09T18:04:00
CSH_CMP_202604975,CMP_202604975,ACC_000060,Z015,ATM_Z015_011,2914.24,COMPLETED,2025-05-23T15:46:00
CSH_CMP_202604976,CMP_202604976,ACC_002329,Z010,ATM_Z010_021,20462.94,COMPLETED,2025-03-19T05:29:00
CSH_CMP_202604977,CMP_202604977,ACC_002777,Z068,ATM_Z068_045,102316.97,COMPLETED,2025-01-08T10:15:00
CSH_CMP_202604978,CMP_202604978,ACC_002233,Z017,ATM_Z017_021,6725.36,COMPLETED,2025-05-15T14:59:00
CSH_CMP_202604979,CMP_202604979,ACC_002986,Z004,ATM_Z004_007,1386.89,COMPLETED,2025-03-31T16:59:00
CSH_CMP_202604980,CMP_202604980,ACC_002786,Z042,ATM_Z042_016,1120552.57,COMPLETED,2025-02-22T17:51:00
CSH_CMP_202604981,CMP_202604981,ACC_000472,Z002,ATM_Z002_003,12018.64,COMPLETED,2025-04-29T08:19:00
CSH_CMP_202604982,CMP_202604982,ACC_000472,Z004,ATM_Z004_002,148293.1,COMPLETED,2025-05-17T14:21:00
CSH_CMP_202604983,CMP_202604983,ACC_002445,Z011,ATM_Z011_011,202334.29,COMPLETED,2025-04-01T11:23:00
CSH_CMP_202604984,CMP_202604984,ACC_000063,Z015,ATM_Z015_012,4869.04,COMPLETED,2025-06-19T12:56:00
CSH_CMP_202604985,CMP_202604985,ACC_001023,Z046,ATM_Z046_020,73117.5,COMPLETED,2025-04-01T18:55:00
CSH_CMP_202604986,CMP_202604986,ACC_002986,Z026,ATM_Z026_048,14770.68,COMPLETED,2025-06-09T17:04:00
CSH_CMP_202604987,CMP_202604987,ACC_002980,Z018,ATM_Z018_008,314318.78,COMPLETED,2025-02-09T17:48:00
CSH_CMP_202604988,CMP_202604988,ACC_000061,Z009,ATM_Z009_036,12946.84,COMPLETED,2025-05-12T18:34:00
CSH_CMP_202604989,CMP_202604989,ACC_002289,Z015,ATM_Z015_007,159443.12,COMPLETED,2025-05-31T21:49:00
CSH_CMP_202604990,CMP_202604990,ACC_001534,Z007,ATM_Z007_003,497373.85,COMPLETED,2025-01-22T12:30:00
CSH_CMP_202604991,CMP_202604991,ACC_000496,Z004,ATM_Z004_046,17542.32,COMPLETED,2025-04-03T23:36:00
CSH_CMP_202604992,CMP_202604992,ACC_001242,Z075,ATM_Z075_014,40226.54,COMPLETED,2025-01-26T17:37:00
CSH_CMP_202604993,CMP_202604993,ACC_000332,Z032,ATM_Z032_004,87148.78,COMPLETED,2025-03-14T21:51:00
CSH_CMP_202604994,CMP_202604994,ACC_002777,Z056,ATM_Z056_035,1560555.65,COMPLETED,2025-06-18T22:33:00
CSH_CMP_202604995,CMP_202604995,ACC_002312,Z015,ATM_Z015_021,2607.83,COMPLETED,2025-05-14T15:05:00
CSH_CMP_202604996,CMP_202604996,ACC_000268,Z052,ATM_Z052_015,25485.98,COMPLETED,2025-04-16T14:39:00
CSH_CMP_202604997,CMP_202604997,ACC_002452,Z011,ATM_Z011_016,2934.17,COMPLETED,2025-06-07T13:32:00
CSH_CMP_202604998,CMP_202604998,ACC_000002,Z009,ATM_Z009_037,30243.38,COMPLETED,2025-03-28T10:25:00
CSH_CMP_202604999,CMP_202604999,ACC_002290,Z015,ATM_Z015_001,3839.45,COMPLETED,2025-01-18T15:53:00
CSH_CMP_202605000,CMP_202605000,ACC_001229,Z004,ATM_Z004_002,11358.86,COMPLETED,2025-05-23T19:59:00
