complaint_id,typology_id,typology_name,amount_inr,victim_state,victim_district,incident_timestamp,complaint_timestamp,available_timestamp
CMP_202600001,TYP_02,Fake Loan App,18310.91,Punjab,District-36,2025-01-28T18:35:00,2025-01-29T02:35:00,2025-01-29T03:14:00
CMP_202600002,TYP_02,Fake Loan App,16558.31,Karnataka,District-56,2025-03-03T21:14:00,2025-03-04T01:14:00,2025-03-04T01:33:00
CMP_202600003,TYP_06,Marketplace / OLX Fraud,7648.23,Delhi,South Delhi,2025-02-11T15:05:00,2025-02-13T01:05:00,2025-02-13T01:46:00
CMP_202600004,TYP_02,Fake Loan App,7882.13,Madhya Pradesh,District-53,2025-04-24T17:28:00,2025-04-24T20:28:00,2025-04-24T20:42:00
CMP_202600005,TYP_02,Fake Loan App,12722.38,Odisha,District-27,2025-06-22T11:31:00,2025-06-22T17:31:00,2025-06-22T18:03:00
CMP_202600006,TYP_05,Sextortion,58699.59,Chhattisgarh,District-57,2025-06-05T17:13:00,2025-06-05T20:13:00,2025-06-05T20:41:00
CMP_202600007,TYP_02,Fake Loan App,23725.55,Karnataka,District-61,2025-01-07T06:43:00,2025-01-07T11:43:00,2025-01-07T12:24:00
CMP_202600008,TYP_03,Part-Time Job Scam,46469.83,Andhra Pradesh,District-58,2025-04-19T04:05:00,2025-04-19T16:05:00,2025-04-19T16:37:00
CMP_202600009,TYP_03,Part-Time Job Scam,61416.7,Madhya Pradesh,District-40,2025-02-12T11:33:00,2025-02-12T15:33:00,2025-02-12T15:42:00
CMP_202600010,TYP_04,Investment / Crypto Scam,94159.15,Madhya Pradesh,District-60,2025-05-22T11:48:00,2025-05-22T18:48:00,2025-05-22T19:16:00
CMP_202600011,TYP_03,Part-Time Job Scam,103299.09,West Bengal,District-35,2025-05-12T05:52:00,2025-05-12T06:52:00,2025-05-12T06:58:00
CMP_202600012,TYP_06,Marketplace / OLX Fraud,11938.62,Kerala,District-59,2025-02-14T14:45:00,2025-02-15T07:45:00,2025-02-15T07:57:00
CMP_202600013,TYP_06,Marketplace / OLX Fraud,2886.6,Karnataka,Bengaluru Urban,2025-03-15T12:29:00,2025-03-15T21:29:00,2025-03-15T22:07:00
CMP_202600014,TYP_02,Fake Loan App,10496.65,Andhra Pradesh,District-67,2025-04-01T17:50:00,2025-04-01T19:50:00,2025-04-01T20:33:00
CMP_202600015,TYP_02,Fake Loan App,5872.27,Tamil Nadu,District-49,2025-04-07T18:19:00,2025-04-08T04:19:00,2025-04-08T04:47:00
CMP_202600016,TYP_04,Investment / Crypto Scam,1147464.75,Punjab,Amritsar,2025-06-16T09:50:00,2025-06-16T11:50:00,2025-06-16T12:14:00
CMP_202600017,TYP_03,Part-Time Job Scam,200311.89,Madhya Pradesh,District-60,2025-04-30T13:23:00,2025-04-30T23:23:00,2025-04-30T23:41:00
CMP_202600018,TYP_05,Sextortion,33103.37,Rajasthan,District-46,2025-05-12T18:35:00,2025-05-12T20:35:00,2025-05-12T21:10:00
CMP_202600019,TYP_02,Fake Loan App,3412.84,Jharkhand,District-72,2025-03-11T17:03:00,2025-03-11T18:03:00,2025-03-11T18:09:00
CMP_202600020,TYP_03,Part-Time Job Scam,55670.74,Andhra Pradesh,District-67,2025-05-30T13:07:00,2025-05-30T21:07:00,2025-05-30T21:40:00
CMP_202600021,TYP_05,Sextortion,63731.25,Uttar Pradesh,District-43,2025-06-19T13:45:00,2025-06-20T00:45:00,2025-06-20T01:18:00
CMP_202600022,TYP_05,Sextortion,27439.39,Maharashtra,Pune,2025-03-19T13:00:00,2025-03-20T16:00:00,2025-03-20T16:13:00
CMP_202600023,TYP_06,Marketplace / OLX Fraud,7788.5,Jharkhand,Jamtara,2025-06-21T14:29:00,2025-06-21T21:29:00,2025-06-21T22:25:00
CMP_202600024,TYP_01,OTP / KYC Fraud,19103.51,Odisha,District-68,2025-02-09T15:42:00,2025-02-10T15:42:00,2025-02-10T16:30:00
CMP_202600025,TYP_03,Part-Time Job Scam,94982.02,Uttar Pradesh,District-43,2025-05-11T14:19:00,2025-05-12T10:19:00,2025-05-12T10:55:00
CMP_202600026,TYP_06,Marketplace / OLX Fraud,12814.59,Odisha,District-54,2025-05-26T13:21:00,2025-05-27T14:21:00,2025-05-27T14:45:00
CMP_202600027,TYP_02,Fake Loan App,13523.6,Rajasthan,Alwar,2025-03-20T16:15:00,2025-03-20T19:15:00,2025-03-20T19:51:00
CMP_202600028,TYP_02,Fake Loan App,23711.55,Uttar Pradesh,District-37,2025-03-04T15:39:00,2025-03-04T16:39:00,2025-03-04T17:35:00
CMP_202600029,TYP_02,Fake Loan App,12840.89,Jharkhand,Jamtara,2025-01-03T10:09:00,2025-01-04T07:09:00,2025-01-04T07:48:00
CMP_202600030,TYP_06,Marketplace / OLX Fraud,7509.45,Tamil Nadu,Chennai,2025-02-04T13:18:00,2025-02-05T04:18:00,2025-02-05T05:16:00
CMP_202600031,TYP_02,Fake Loan App,13966.52,Uttar Pradesh,District-43,2025-01-26T13:02:00,2025-01-26T14:02:00,2025-01-26T14:44:00
CMP_202600032,TYP_01,OTP / KYC Fraud,65829.67,Uttar Pradesh,Noida,2025-06-06T12:18:00,2025-06-06T16:18:00,2025-06-06T16:31:00
CMP_202600033,TYP_05,Sextortion,24622.9,Bihar,District-38,2025-06-17T15:45:00,2025-06-17T19:45:00,2025-06-17T20:42:00
CMP_202600034,TYP_03,Part-Time Job Scam,86031.9,Gujarat,District-31,2025-04-29T10:09:00,2025-04-29T23:09:00,2025-04-29T23:59:00
CMP_202600035,TYP_06,Marketplace / OLX Fraud,24408.51,Chhattisgarh,District-71,2025-05-31T18:19:00,2025-06-01T03:19:00,2025-06-01T04:09:00
CMP_202600036,TYP_03,Part-Time Job Scam,172168.22,West Bengal,District-55,2025-06-18T18:20:00,2025-06-18T20:20:00,2025-06-18T21:13:00
CMP_202600037,TYP_01,OTP / KYC Fraud,12697.37,Gujarat,District-24,2025-04-17T18:02:00,2025-04-18T10:02:00,2025-04-18T10:56:00
CMP_202600038,TYP_02,Fake Loan App,9692.73,Kerala,District-65,2025-03-12T10:33:00,2025-03-12T19:33:00,2025-03-12T20:03:00
CMP_202600039,TYP_03,Part-Time Job Scam,1190601.82,Kerala,District-59,2025-06-01T07:35:00,2025-06-02T04:35:00,2025-06-02T04:58:00
CMP_202600040,TYP_03,Part-Time Job Scam,480754.75,Madhya Pradesh,District-60,2025-06-05T18:36:00,2025-06-05T20:36:00,2025-06-05T20:55:00
CMP_202600041,TYP_05,Sextortion,118301.17,Karnataka,Bengaluru Urban,2025-05-16T18:14:00,2025-05-17T02:14:00,2025-05-17T02:21:00
CMP_202600042,TYP_01,OTP / KYC Fraud,69438.96,West Bengal,Kolkata,2025-05-08T15:37:00,2025-05-08T17:37:00,2025-05-08T17:55:00
CMP_202600043,TYP_02,Fake Loan App,11836.8,Karnataka,District-34,2025-02-13T13:42:00,2025-02-17T12:42:00,2025-02-17T13:05:00
CMP_202600044,TYP_02,Fake Loan App,92830.18,Rajasthan,Bharatpur,2025-03-15T16:19:00,2025-03-15T18:19:00,2025-03-15T18:58:00
CMP_202600045,TYP_02,Fake Loan App,29286.11,Gujarat,District-31,2025-01-17T14:49:00,2025-01-18T00:49:00,2025-01-18T01:43:00
CMP_202600046,TYP_03,Part-Time Job Scam,269299.14,Rajasthan,District-46,2025-02-15T18:24:00,2025-02-15T20:24:00,2025-02-15T21:20:00
CMP_202600047,TYP_05,Sextortion,7666.91,Telangana,Hyderabad,2025-03-29T11:54:00,2025-03-29T13:54:00,2025-03-29T14:23:00
CMP_202600048,TYP_03,Part-Time Job Scam,62459.48,Rajasthan,District-46,2025-01-05T14:42:00,2025-01-06T07:42:00,2025-01-06T08:10:00
CMP_202600049,TYP_06,Marketplace / OLX Fraud,9639.76,Jharkhand,Deoghar,2025-06-01T10:08:00,2025-06-02T08:08:00,2025-06-02T08:43:00
CMP_202600050,TYP_02,Fake Loan App,14032.08,Gujarat,Ahmedabad,2025-03-18T11:42:00,2025-03-19T04:42:00,2025-03-19T04:55:00
CMP_202600051,TYP_03,Part-Time Job Scam,235116.08,Uttar Pradesh,Noida,2025-05-16T14:23:00,2025-05-16T16:23:00,2025-05-16T16:32:00
CMP_202600052,TYP_03,Part-Time Job Scam,363259.47,Haryana,Mewat,2025-02-05T15:59:00,2025-02-06T13:59:00,2025-02-06T14:37:00
CMP_202600053,TYP_01,OTP / KYC Fraud,22572.95,Rajasthan,Bharatpur,2025-04-14T11:48:00,2025-04-14T12:48:00,2025-04-14T12:55:00
CMP_202600054,TYP_01,OTP / KYC Fraud,32272.13,Jharkhand,Jamtara,2025-03-27T14:10:00,2025-03-27T19:10:00,2025-03-27T19:26:00
CMP_202600055,TYP_02,Fake Loan App,51019.42,West Bengal,District-66,2025-03-03T16:26:00,2025-03-03T18:26:00,2025-03-03T18:31:00
CMP_202600056,TYP_04,Investment / Crypto Scam,2351318.07,Gujarat,Ahmedabad,2025-04-21T17:13:00,2025-04-22T00:13:00,2025-04-22T00:57:00
CMP_202600057,TYP_05,Sextortion,26897.61,Haryana,District-75,2025-03-15T16:17:00,2025-03-15T17:17:00,2025-03-15T17:37:00
CMP_202600058,TYP_05,Sextortion,10002.59,Uttar Pradesh,Noida,2025-06-25T09:25:00,2025-06-25T18:25:00,2025-06-25T18:38:00
CMP_202600059,TYP_03,Part-Time Job Scam,97297.73,Kerala,District-48,2025-03-25T23:26:00,2025-03-26T03:26:00,2025-03-26T03:55:00
CMP_202600060,TYP_05,Sextortion,48045.05,Assam,District-21,2025-01-16T18:50:00,2025-01-17T03:50:00,2025-01-17T04:48:00
CMP_202600061,TYP_05,Sextortion,29133.7,Rajasthan,District-62,2025-02-26T18:28:00,2025-02-27T07:28:00,2025-02-27T07:41:00
CMP_202600062,TYP_03,Part-Time Job Scam,328612.2,Jharkhand,Deoghar,2025-03-10T18:46:00,2025-03-10T20:46:00,2025-03-10T21:14:00
CMP_202600063,TYP_01,OTP / KYC Fraud,10102.12,Gujarat,District-31,2025-03-14T17:16:00,2025-03-15T09:16:00,2025-03-15T10:12:00
CMP_202600064,TYP_02,Fake Loan App,11435.84,Andhra Pradesh,District-26,2025-06-10T15:25:00,2025-06-10T21:25:00,2025-06-10T22:12:00
CMP_202600065,TYP_02,Fake Loan App,6152.22,Andhra Pradesh,District-26,2025-03-04T15:20:00,2025-03-05T00:20:00,2025-03-05T00:27:00
CMP_202600066,TYP_06,Marketplace / OLX Fraud,7110.48,Chhattisgarh,District-57,2025-02-04T15:14:00,2025-02-04T18:14:00,2025-02-04T19:06:00
CMP_202600067,TYP_05,Sextortion,58400.25,Karnataka,District-61,2025-06-26T17:17:00,2025-06-26T19:17:00,2025-06-26T19:56:00
CMP_202600068,TYP_05,Sextortion,85022.48,Karnataka,District-74,2025-01-06T14:42:00,2025-01-07T11:42:00,2025-01-07T12:04:00
CMP_202600069,TYP_02,Fake Loan App,3989.86,Rajasthan,Alwar,2025-02-22T12:23:00,2025-02-22T20:23:00,2025-02-22T21:08:00
CMP_202600070,TYP_01,OTP / KYC Fraud,19849.17,Uttar Pradesh,Mathura,2025-01-22T13:48:00,2025-01-23T04:48:00,2025-01-23T05:03:00
CMP_202600071,TYP_02,Fake Loan App,68827.06,Assam,District-21,2025-06-02T11:34:00,2025-06-03T10:34:00,2025-06-03T11:21:00
CMP_202600072,TYP_02,Fake Loan App,19013.36,Assam,District-28,2025-01-06T14:12:00,2025-01-06T15:12:00,2025-01-06T15:42:00
CMP_202600073,TYP_03,Part-Time Job Scam,70830.26,Haryana,District-75,2025-02-04T07:03:00,2025-02-05T01:03:00,2025-02-05T01:41:00
CMP_202600074,TYP_04,Investment / Crypto Scam,645686.6,Karnataka,District-34,2025-03-08T15:21:00,2025-03-08T19:21:00,2025-03-08T20:01:00
CMP_202600075,TYP_03,Part-Time Job Scam,421316.74,Haryana,Mewat,2025-05-13T14:09:00,2025-05-13T17:09:00,2025-05-13T17:53:00
CMP_202600076,TYP_02,Fake Loan App,7490.23,Kerala,District-59,2025-02-12T11:43:00,2025-02-12T14:43:00,2025-02-12T15:05:00
CMP_202600077,TYP_03,Part-Time Job Scam,138863.66,Rajasthan,Bharatpur,2025-04-23T11:50:00,2025-04-24T10:50:00,2025-04-24T11:29:00
CMP_202600078,TYP_02,Fake Loan App,6300.02,Jharkhand,Deoghar,2025-05-10T12:41:00,2025-05-11T12:41:00,2025-05-11T13:04:00
CMP_202600079,TYP_06,Marketplace / OLX Fraud,4546.83,Gujarat,District-70,2025-05-03T19:18:00,2025-05-03T23:18:00,2025-05-03T23:54:00
CMP_202600080,TYP_03,Part-Time Job Scam,39675.02,West Bengal,Kolkata,2025-01-01T11:42:00,2025-01-01T16:42:00,2025-01-01T17:03:00
CMP_202600081,TYP_02,Fake Loan App,25488.59,Punjab,District-36,2025-05-16T10:09:00,2025-05-17T06:09:00,2025-05-17T06:39:00
CMP_202600082,TYP_02,Fake Loan App,7705.13,Maharashtra,Pune,2025-05-22T13:45:00,2025-05-23T05:45:00,2025-05-23T05:52:00
CMP_202600083,TYP_02,Fake Loan App,8285.14,West Bengal,District-35,2025-01-13T19:59:00,2025-01-13T21:59:00,2025-01-13T22:11:00
CMP_202600084,TYP_02,Fake Loan App,32063.74,Andhra Pradesh,District-64,2025-03-05T13:33:00,2025-03-07T12:33:00,2025-03-07T12:50:00
CMP_202600085,TYP_05,Sextortion,57908.63,Bihar,Purnia,2025-06-22T09:04:00,2025-06-22T17:04:00,2025-06-22T17:18:00
CMP_202600086,TYP_02,Fake Loan App,22652.85,Jharkhand,Jamtara,2025-04-29T10:55:00,2025-05-02T03:55:00,2025-05-02T04:02:00
CMP_202600087,TYP_02,Fake Loan App,17412.41,Maharashtra,Pune,2025-02-17T11:25:00,2025-02-19T11:25:00,2025-02-19T12:20:00
CMP_202600088,TYP_06,Marketplace / OLX Fraud,12144.67,Kerala,District-65,2025-05-13T05:11:00,2025-05-13T17:11:00,2025-05-13T18:09:00
CMP_202600089,TYP_04,Investment / Crypto Scam,342954.27,Gujarat,Ahmedabad,2025-06-22T06:44:00,2025-06-22T21:44:00,2025-06-22T22:10:00
CMP_202600090,TYP_05,Sextortion,40580.71,Uttar Pradesh,Gorakhpur,2025-01-27T15:05:00,2025-01-27T16:05:00,2025-01-27T16:16:00
CMP_202600091,TYP_04,Investment / Crypto Scam,549592.83,Andhra Pradesh,District-26,2025-05-07T11:13:00,2025-05-08T10:13:00,2025-05-08T10:26:00
CMP_202600092,TYP_01,OTP / KYC Fraud,13382.54,Andhra Pradesh,District-64,2025-03-25T12:24:00,2025-03-27T00:24:00,2025-03-27T00:35:00
CMP_202600093,TYP_05,Sextortion,47179.94,Karnataka,District-61,2025-06-13T19:44:00,2025-06-14T06:44:00,2025-06-14T07:20:00
CMP_202600094,TYP_05,Sextortion,153211.48,Haryana,District-29,2025-03-01T06:25:00,2025-03-02T09:25:00,2025-03-02T10:03:00
CMP_202600095,TYP_02,Fake Loan App,46733.14,Assam,District-28,2025-06-05T13:38:00,2025-06-05T22:38:00,2025-06-05T23:15:00
CMP_202600096,TYP_05,Sextortion,31610.38,Maharashtra,District-47,2025-06-11T19:01:00,2025-06-12T01:01:00,2025-06-12T01:55:00
CMP_202600097,TYP_05,Sextortion,35838.78,Andhra Pradesh,District-67,2025-02-22T17:23:00,2025-02-23T02:23:00,2025-02-23T02:52:00
CMP_202600098,TYP_04,Investment / Crypto Scam,1210225.08,Karnataka,District-56,2025-05-27T04:06:00,2025-05-27T08:06:00,2025-05-27T08:42:00
CMP_202600099,TYP_05,Sextortion,27301.75,Jharkhand,Deoghar,2025-03-03T11:19:00,2025-03-03T19:19:00,2025-03-03T19:59:00
CMP_202600100,TYP_06,Marketplace / OLX Fraud,6769.63,Assam,District-28,2025-03-01T15:41:00,2025-03-01T21:41:00,2025-03-01T22:09:00
CMP_202600101,TYP_02,Fake Loan App,13198.69,Uttar Pradesh,District-37,2025-05-27T17:11:00,2025-05-27T18:11:00,2025-05-27T18:17:00
CMP_202600102,TYP_02,Fake Loan App,4266.47,Haryana,Mewat,2025-05-14T10:18:00,2025-05-14T18:18:00,2025-05-14T18:32:00
CMP_202600103,TYP_02,Fake Loan App,12218.82,Odisha,District-73,2025-01-27T11:18:00,2025-01-28T03:18:00,2025-01-28T03:24:00
CMP_202600104,TYP_01,OTP / KYC Fraud,39077.43,Uttar Pradesh,Mathura,2025-02-17T21:53:00,2025-02-18T01:53:00,2025-02-18T02:47:00
CMP_202600105,TYP_04,Investment / Crypto Scam,280804.99,Karnataka,District-42,2025-06-21T07:42:00,2025-06-21T14:42:00,2025-06-21T15:25:00
CMP_202600106,TYP_01,OTP / KYC Fraud,59095.25,Uttar Pradesh,District-37,2025-01-01T14:57:00,2025-01-01T23:57:00,2025-01-02T00:24:00
CMP_202600107,TYP_02,Fake Loan App,4260.09,Tamil Nadu,District-49,2025-03-30T09:26:00,2025-03-30T15:26:00,2025-03-30T16:11:00
CMP_202600108,TYP_06,Marketplace / OLX Fraud,10373.79,Uttar Pradesh,Gorakhpur,2025-02-18T17:51:00,2025-02-18T19:51:00,2025-02-18T20:29:00
CMP_202600109,TYP_06,Marketplace / OLX Fraud,5304.56,Karnataka,Bengaluru Urban,2025-01-02T12:42:00,2025-01-02T13:42:00,2025-01-02T14:41:00
CMP_202600110,TYP_01,OTP / KYC Fraud,10143.96,Tamil Nadu,District-49,2025-05-16T18:03:00,2025-05-17T02:03:00,2025-05-17T02:47:00
CMP_202600111,TYP_03,Part-Time Job Scam,220448.15,Kerala,District-59,2025-04-15T17:49:00,2025-04-15T21:49:00,2025-04-15T22:05:00
CMP_202600112,TYP_05,Sextortion,79635.44,Chhattisgarh,District-57,2025-04-24T06:38:00,2025-04-24T14:38:00,2025-04-24T15:01:00
CMP_202600113,TYP_03,Part-Time Job Scam,154751.17,Karnataka,District-61,2025-04-09T16:59:00,2025-04-10T05:59:00,2025-04-10T06:07:00
CMP_202600114,TYP_02,Fake Loan App,16206.15,Delhi,South Delhi,2025-04-12T12:59:00,2025-04-12T18:59:00,2025-04-12T19:37:00
CMP_202600115,TYP_06,Marketplace / OLX Fraud,12664.58,Odisha,District-22,2025-02-21T10:22:00,2025-02-21T18:22:00,2025-02-21T18:52:00
CMP_202600116,TYP_03,Part-Time Job Scam,86834.34,Jharkhand,Jamtara,2025-06-04T11:10:00,2025-06-04T12:10:00,2025-06-04T12:15:00
CMP_202600117,TYP_05,Sextortion,175486.12,Rajasthan,Bharatpur,2025-04-21T13:17:00,2025-04-21T16:17:00,2025-04-21T16:40:00
CMP_202600118,TYP_04,Investment / Crypto Scam,271908.14,Gujarat,District-24,2025-01-20T12:00:00,2025-01-20T17:00:00,2025-01-20T17:58:00
CMP_202600119,TYP_02,Fake Loan App,7429.36,Maharashtra,District-30,2025-05-19T14:15:00,2025-05-20T01:15:00,2025-05-20T01:27:00
CMP_202600120,TYP_06,Marketplace / OLX Fraud,12677.73,Maharashtra,District-30,2025-05-27T19:48:00,2025-05-28T04:48:00,2025-05-28T05:21:00
CMP_202600121,TYP_03,Part-Time Job Scam,155405.86,Gujarat,District-31,2025-04-14T19:33:00,2025-04-15T21:33:00,2025-04-15T22:27:00
CMP_202600122,TYP_03,Part-Time Job Scam,78289.05,Karnataka,District-42,2025-06-22T11:10:00,2025-06-23T04:10:00,2025-06-23T04:20:00
CMP_202600123,TYP_03,Part-Time Job Scam,27111.58,Uttar Pradesh,Noida,2025-05-27T14:08:00,2025-05-27T21:08:00,2025-05-27T21:33:00
CMP_202600124,TYP_03,Part-Time Job Scam,158022.1,Maharashtra,District-30,2025-06-19T15:53:00,2025-06-19T18:53:00,2025-06-19T19:32:00
CMP_202600125,TYP_05,Sextortion,59501.38,Telangana,District-39,2025-06-05T22:21:00,2025-06-06T22:21:00,2025-06-06T23:20:00
CMP_202600126,TYP_06,Marketplace / OLX Fraud,11070.23,Chhattisgarh,District-57,2025-01-24T14:22:00,2025-01-25T23:22:00,2025-01-25T23:38:00
CMP_202600127,TYP_04,Investment / Crypto Scam,188911.89,Karnataka,District-74,2025-04-22T20:32:00,2025-04-22T21:32:00,2025-04-22T22:08:00
CMP_202600128,TYP_02,Fake Loan App,29666.7,Tamil Nadu,Chennai,2025-06-14T09:34:00,2025-06-15T16:34:00,2025-06-15T16:59:00
CMP_202600129,TYP_05,Sextortion,77802.45,Uttar Pradesh,District-43,2025-06-25T14:29:00,2025-06-25T16:29:00,2025-06-25T17:10:00
CMP_202600130,TYP_06,Marketplace / OLX Fraud,4173.99,Karnataka,District-74,2025-03-10T12:50:00,2025-03-10T17:50:00,2025-03-10T18:20:00
CMP_202600131,TYP_02,Fake Loan App,56937.61,Gujarat,District-50,2025-02-12T12:36:00,2025-02-13T02:36:00,2025-02-13T02:51:00
CMP_202600132,TYP_06,Marketplace / OLX Fraud,26132.83,Kerala,District-48,2025-01-27T16:14:00,2025-01-27T20:14:00,2025-01-27T21:14:00
CMP_202600133,TYP_02,Fake Loan App,45570.92,Jharkhand,District-72,2025-03-25T16:01:00,2025-03-27T05:01:00,2025-03-27T05:45:00
CMP_202600134,TYP_01,OTP / KYC Fraud,25928.09,Madhya Pradesh,District-40,2025-06-10T16:39:00,2025-06-11T06:39:00,2025-06-11T06:51:00
CMP_202600135,TYP_03,Part-Time Job Scam,140556.73,Haryana,District-75,2025-03-02T15:17:00,2025-03-03T03:17:00,2025-03-03T04:12:00
CMP_202600136,TYP_03,Part-Time Job Scam,419310.57,Karnataka,District-61,2025-05-15T09:06:00,2025-05-15T12:06:00,2025-05-15T12:26:00
CMP_202600137,TYP_03,Part-Time Job Scam,332137.11,Odisha,District-68,2025-02-01T14:44:00,2025-02-01T18:44:00,2025-02-01T19:26:00
CMP_202600138,TYP_05,Sextortion,87473.59,Odisha,District-54,2025-01-15T14:20:00,2025-01-15T19:20:00,2025-01-15T20:20:00
CMP_202600139,TYP_02,Fake Loan App,16706.81,West Bengal,District-55,2025-04-04T13:50:00,2025-04-04T15:50:00,2025-04-04T16:50:00
CMP_202600140,TYP_02,Fake Loan App,16759.52,Uttar Pradesh,District-43,2025-01-07T09:08:00,2025-01-07T12:08:00,2025-01-07T13:07:00
CMP_202600141,TYP_03,Part-Time Job Scam,213794.34,Haryana,Gurugram,2025-02-23T08:00:00,2025-02-23T22:00:00,2025-02-23T22:25:00
CMP_202600142,TYP_02,Fake Loan App,18549.08,Andhra Pradesh,District-67,2025-05-15T19:39:00,2025-05-16T02:39:00,2025-05-16T03:08:00
CMP_202600143,TYP_06,Marketplace / OLX Fraud,7262.2,Odisha,District-22,2025-04-05T13:18:00,2025-04-05T22:18:00,2025-04-05T22:36:00
CMP_202600144,TYP_02,Fake Loan App,20272.36,Uttar Pradesh,Gorakhpur,2025-06-15T10:00:00,2025-06-15T13:00:00,2025-06-15T13:45:00
CMP_202600145,TYP_03,Part-Time Job Scam,63075.54,Jharkhand,District-45,2025-01-07T15:34:00,2025-01-07T20:34:00,2025-01-07T20:49:00
CMP_202600146,TYP_06,Marketplace / OLX Fraud,6895.42,Uttar Pradesh,Gorakhpur,2025-06-08T10:05:00,2025-06-08T11:05:00,2025-06-08T11:42:00
CMP_202600147,TYP_04,Investment / Crypto Scam,3842259.43,Chhattisgarh,District-57,2025-01-31T16:41:00,2025-02-01T00:41:00,2025-02-01T01:16:00
CMP_202600148,TYP_04,Investment / Crypto Scam,619915.34,Telangana,Hyderabad,2025-03-25T09:11:00,2025-03-25T12:11:00,2025-03-25T12:27:00
CMP_202600149,TYP_04,Investment / Crypto Scam,275602.52,Odisha,District-27,2025-03-23T12:35:00,2025-03-23T23:35:00,2025-03-23T23:59:00
CMP_202600150,TYP_02,Fake Loan App,6402.41,Jharkhand,Deoghar,2025-02-16T13:57:00,2025-02-16T14:57:00,2025-02-16T15:30:00
CMP_202600151,TYP_02,Fake Loan App,17020.69,Karnataka,District-42,2025-02-05T08:37:00,2025-02-05T17:37:00,2025-02-05T18:17:00
CMP_202600152,TYP_02,Fake Loan App,60737.41,Kerala,District-48,2025-06-20T18:32:00,2025-06-20T21:32:00,2025-06-20T21:59:00
CMP_202600153,TYP_02,Fake Loan App,47954.6,Odisha,District-27,2025-05-27T20:57:00,2025-05-28T02:57:00,2025-05-28T03:57:00
CMP_202600154,TYP_05,Sextortion,18555.69,Rajasthan,District-62,2025-03-12T14:41:00,2025-03-12T23:41:00,2025-03-13T00:41:00
CMP_202600155,TYP_06,Marketplace / OLX Fraud,9615.85,Andhra Pradesh,District-64,2025-01-24T16:38:00,2025-01-31T14:38:00,2025-01-31T14:50:00
CMP_202600156,TYP_01,OTP / KYC Fraud,26580.11,Haryana,Mewat,2025-01-30T11:07:00,2025-01-30T12:07:00,2025-01-30T12:36:00
CMP_202600157,TYP_01,OTP / KYC Fraud,68193.31,Tamil Nadu,Chennai,2025-03-17T16:36:00,2025-03-18T04:36:00,2025-03-18T04:53:00
CMP_202600158,TYP_02,Fake Loan App,3264.26,Odisha,District-68,2025-02-05T15:59:00,2025-02-06T07:59:00,2025-02-06T08:25:00
CMP_202600159,TYP_06,Marketplace / OLX Fraud,2183.5,Haryana,Gurugram,2025-06-17T09:00:00,2025-06-17T17:00:00,2025-06-17T17:56:00
CMP_202600160,TYP_02,Fake Loan App,16060.47,Punjab,District-25,2025-04-19T20:59:00,2025-04-22T05:59:00,2025-04-22T06:26:00
CMP_202600161,TYP_02,Fake Loan App,14797.31,Karnataka,District-34,2025-01-20T16:56:00,2025-01-21T00:56:00,2025-01-21T01:48:00
CMP_202600162,TYP_01,OTP / KYC Fraud,26399.2,Gujarat,Ahmedabad,2025-04-24T18:46:00,2025-04-25T06:46:00,2025-04-25T07:37:00
CMP_202600163,TYP_02,Fake Loan App,25573.28,Andhra Pradesh,District-64,2025-05-25T12:58:00,2025-05-25T20:58:00,2025-05-25T21:52:00
CMP_202600164,TYP_03,Part-Time Job Scam,101330.19,Madhya Pradesh,District-60,2025-04-22T16:00:00,2025-04-23T02:00:00,2025-04-23T02:12:00
CMP_202600165,TYP_05,Sextortion,23323.17,Andhra Pradesh,District-58,2025-04-13T00:17:00,2025-04-13T14:17:00,2025-04-13T15:10:00
CMP_202600166,TYP_03,Part-Time Job Scam,153762.25,Rajasthan,Bharatpur,2025-06-21T08:23:00,2025-06-21T12:23:00,2025-06-21T12:56:00
CMP_202600167,TYP_06,Marketplace / OLX Fraud,4905.62,Maharashtra,District-47,2025-05-16T07:17:00,2025-05-16T18:17:00,2025-05-16T18:53:00
CMP_202600168,TYP_03,Part-Time Job Scam,843268.83,Karnataka,District-56,2025-02-16T07:22:00,2025-02-17T08:22:00,2025-02-17T09:01:00
CMP_202600169,TYP_06,Marketplace / OLX Fraud,7226.71,Chhattisgarh,District-57,2025-03-07T03:53:00,2025-03-08T06:53:00,2025-03-08T07:25:00
CMP_202600170,TYP_03,Part-Time Job Scam,138576.6,Delhi,South Delhi,2025-01-09T17:03:00,2025-01-09T23:03:00,2025-01-09T23:25:00
CMP_202600171,TYP_05,Sextortion,8241.17,Odisha,District-73,2025-06-29T11:54:00,2025-06-29T22:54:00,2025-06-29T23:44:00
CMP_202600172,TYP_05,Sextortion,12335.58,Haryana,District-29,2025-06-15T08:04:00,2025-06-15T11:04:00,2025-06-15T11:21:00
CMP_202600173,TYP_02,Fake Loan App,11023.41,Assam,District-28,2025-05-05T06:18:00,2025-05-07T13:18:00,2025-05-07T13:26:00
CMP_202600174,TYP_02,Fake Loan App,18432.4,Gujarat,District-24,2025-02-23T10:47:00,2025-02-23T16:47:00,2025-02-23T17:36:00
CMP_202600175,TYP_06,Marketplace / OLX Fraud,8120.06,Odisha,District-22,2025-04-21T07:54:00,2025-04-21T12:54:00,2025-04-21T13:41:00
CMP_202600176,TYP_02,Fake Loan App,9912.97,Rajasthan,Bharatpur,2025-05-20T14:51:00,2025-05-21T01:51:00,2025-05-21T02:01:00
CMP_202600177,TYP_01,OTP / KYC Fraud,64943.95,Haryana,District-75,2025-04-25T10:57:00,2025-04-25T14:57:00,2025-04-25T15:11:00
CMP_202600178,TYP_06,Marketplace / OLX Fraud,11434.57,Maharashtra,District-30,2025-05-27T18:28:00,2025-05-27T22:28:00,2025-05-27T23:05:00
CMP_202600179,TYP_04,Investment / Crypto Scam,547788.52,Odisha,District-54,2025-05-02T14:20:00,2025-05-02T16:20:00,2025-05-02T16:55:00
CMP_202600180,TYP_05,Sextortion,66887.01,Haryana,Mewat,2025-06-15T17:42:00,2025-06-15T18:42:00,2025-06-15T18:52:00
CMP_202600181,TYP_01,OTP / KYC Fraud,195678.32,Madhya Pradesh,District-60,2025-04-11T05:37:00,2025-04-11T18:37:00,2025-04-11T19:24:00
CMP_202600182,TYP_02,Fake Loan App,17071.48,Maharashtra,Pune,2025-05-07T14:57:00,2025-05-07T22:57:00,2025-05-07T23:37:00
CMP_202600183,TYP_06,Marketplace / OLX Fraud,6045.65,Rajasthan,District-46,2025-01-28T14:49:00,2025-01-28T21:49:00,2025-01-28T22:23:00
CMP_202600184,TYP_01,OTP / KYC Fraud,16406.06,Tamil Nadu,District-49,2025-04-09T11:34:00,2025-04-09T14:34:00,2025-04-09T14:54:00
CMP_202600185,TYP_05,Sextortion,22891.97,Madhya Pradesh,District-69,2025-06-28T10:32:00,2025-06-28T14:32:00,2025-06-28T14:51:00
CMP_202600186,TYP_01,OTP / KYC Fraud,59801.01,Maharashtra,District-32,2025-04-02T11:42:00,2025-04-02T12:42:00,2025-04-02T13:35:00
CMP_202600187,TYP_01,OTP / KYC Fraud,25835.59,Maharashtra,District-47,2025-03-13T16:48:00,2025-03-14T04:48:00,2025-03-14T05:12:00
CMP_202600188,TYP_03,Part-Time Job Scam,108272.88,Odisha,District-54,2025-04-13T11:54:00,2025-04-13T12:54:00,2025-04-13T13:03:00
CMP_202600189,TYP_02,Fake Loan App,26866.1,Uttar Pradesh,Gorakhpur,2025-01-25T16:17:00,2025-01-26T01:17:00,2025-01-26T01:27:00
CMP_202600190,TYP_05,Sextortion,21410.07,Gujarat,District-70,2025-04-19T11:39:00,2025-04-20T04:39:00,2025-04-20T05:26:00
CMP_202600191,TYP_01,OTP / KYC Fraud,32584.97,Chhattisgarh,District-57,2025-03-21T20:59:00,2025-03-22T07:59:00,2025-03-22T08:36:00
CMP_202600192,TYP_01,OTP / KYC Fraud,3924.78,Gujarat,District-24,2025-01-15T18:54:00,2025-01-16T08:54:00,2025-01-16T09:42:00
CMP_202600193,TYP_05,Sextortion,69473.01,Maharashtra,District-32,2025-04-16T18:45:00,2025-04-17T08:45:00,2025-04-17T09:31:00
CMP_202600194,TYP_06,Marketplace / OLX Fraud,4566.03,Haryana,District-63,2025-01-02T06:03:00,2025-01-02T09:03:00,2025-01-02T09:09:00
CMP_202600195,TYP_04,Investment / Crypto Scam,408073.27,Karnataka,District-56,2025-04-21T10:31:00,2025-04-21T20:31:00,2025-04-21T21:02:00
CMP_202600196,TYP_03,Part-Time Job Scam,43411.76,Madhya Pradesh,District-41,2025-02-26T12:12:00,2025-02-27T06:12:00,2025-02-27T07:07:00
CMP_202600197,TYP_03,Part-Time Job Scam,56731.8,Gujarat,District-24,2025-04-18T09:21:00,2025-04-18T15:21:00,2025-04-18T16:10:00
CMP_202600198,TYP_05,Sextortion,45150.52,Assam,District-21,2025-02-17T15:07:00,2025-02-17T18:07:00,2025-02-17T18:23:00
CMP_202600199,TYP_03,Part-Time Job Scam,68261.51,Maharashtra,Mumbai,2025-01-28T16:30:00,2025-01-28T17:30:00,2025-01-28T18:12:00
CMP_202600200,TYP_02,Fake Loan App,8311.86,Uttar Pradesh,Noida,2025-02-07T07:46:00,2025-02-07T08:46:00,2025-02-07T08:58:00
CMP_202600201,TYP_02,Fake Loan App,8264.06,Gujarat,District-50,2025-05-17T13:03:00,2025-05-18T02:03:00,2025-05-18T02:37:00
CMP_202600202,TYP_02,Fake Loan App,98442.01,West Bengal,Siliguri,2025-02-01T11:42:00,2025-02-01T21:42:00,2025-02-01T22:22:00
CMP_202600203,TYP_01,OTP / KYC Fraud,33997.9,Andhra Pradesh,District-44,2025-02-07T12:55:00,2025-02-08T02:55:00,2025-02-08T03:12:00
CMP_202600204,TYP_02,Fake Loan App,12473.18,Jharkhand,Jamtara,2025-04-26T14:28:00,2025-04-26T21:28:00,2025-04-26T22:22:00
CMP_202600205,TYP_06,Marketplace / OLX Fraud,6050.07,Odisha,District-22,2025-05-06T14:10:00,2025-05-07T00:10:00,2025-05-07T00:16:00
CMP_202600206,TYP_02,Fake Loan App,5069.66,Maharashtra,District-32,2025-01-11T13:16:00,2025-01-11T15:16:00,2025-01-11T15:42:00
CMP_202600207,TYP_05,Sextortion,34472.82,Uttar Pradesh,District-43,2025-02-28T11:56:00,2025-03-02T16:56:00,2025-03-02T17:20:00
CMP_202600208,TYP_04,Investment / Crypto Scam,176325.6,West Bengal,District-55,2025-03-30T15:11:00,2025-03-30T20:11:00,2025-03-30T20:33:00
CMP_202600209,TYP_03,Part-Time Job Scam,32689.58,Chhattisgarh,District-71,2025-01-28T03:00:00,2025-01-28T12:00:00,2025-01-28T12:46:00
CMP_202600210,TYP_04,Investment / Crypto Scam,297411.36,Uttar Pradesh,Gorakhpur,2025-05-18T15:29:00,2025-05-18T20:29:00,2025-05-18T21:06:00
CMP_202600211,TYP_02,Fake Loan App,18932.04,Tamil Nadu,District-49,2025-03-01T15:02:00,2025-03-02T05:02:00,2025-03-02T05:58:00
CMP_202600212,TYP_05,Sextortion,67941.17,West Bengal,District-35,2025-02-03T09:57:00,2025-02-03T10:57:00,2025-02-03T11:15:00
CMP_202600213,TYP_05,Sextortion,55771.31,Odisha,District-73,2025-01-27T10:09:00,2025-01-27T23:09:00,2025-01-27T23:21:00
CMP_202600214,TYP_05,Sextortion,59107.38,Karnataka,Bengaluru Urban,2025-01-05T21:04:00,2025-01-06T13:04:00,2025-01-06T13:53:00
CMP_202600215,TYP_03,Part-Time Job Scam,422088.97,Jharkhand,Jamtara,2025-03-17T18:12:00,2025-03-17T22:12:00,2025-03-17T22:40:00
CMP_202600216,TYP_02,Fake Loan App,3053.22,Maharashtra,District-32,2025-06-14T11:05:00,2025-06-14T17:05:00,2025-06-14T17:47:00
CMP_202600217,TYP_02,Fake Loan App,40848.79,Madhya Pradesh,District-41,2025-06-23T14:50:00,2025-06-24T04:50:00,2025-06-24T05:01:00
CMP_202600218,TYP_06,Marketplace / OLX Fraud,13807.4,Punjab,District-36,2025-03-26T10:47:00,2025-03-26T13:47:00,2025-03-26T14:29:00
CMP_202600219,TYP_05,Sextortion,70460.44,Telangana,District-39,2025-01-23T12:45:00,2025-01-23T18:45:00,2025-01-23T18:55:00
CMP_202600220,TYP_03,Part-Time Job Scam,133613.89,Madhya Pradesh,District-52,2025-06-07T11:52:00,2025-06-08T01:52:00,2025-06-08T02:34:00
CMP_202600221,TYP_03,Part-Time Job Scam,45888.81,Jharkhand,District-72,2025-05-23T15:33:00,2025-05-24T00:33:00,2025-05-24T01:18:00
CMP_202600222,TYP_02,Fake Loan App,19175.07,Odisha,District-73,2025-04-27T09:57:00,2025-04-27T14:57:00,2025-04-27T15:26:00
CMP_202600223,TYP_02,Fake Loan App,6595.29,Rajasthan,District-46,2025-04-27T08:54:00,2025-04-27T12:54:00,2025-04-27T13:39:00
CMP_202600224,TYP_05,Sextortion,43910.01,Rajasthan,Alwar,2025-04-28T18:31:00,2025-04-28T19:31:00,2025-04-28T20:05:00
CMP_202600225,TYP_02,Fake Loan App,8406.52,Gujarat,District-24,2025-01-20T11:06:00,2025-01-20T19:06:00,2025-01-20T19:45:00
CMP_202600226,TYP_02,Fake Loan App,26862.37,Madhya Pradesh,District-52,2025-02-05T17:27:00,2025-02-06T12:27:00,2025-02-06T12:49:00
CMP_202600227,TYP_02,Fake Loan App,51352.55,Bihar,District-38,2025-04-06T15:31:00,2025-04-09T18:31:00,2025-04-09T19:29:00
CMP_202600228,TYP_04,Investment / Crypto Scam,766813.02,Uttar Pradesh,Gorakhpur,2025-02-02T16:54:00,2025-02-03T00:54:00,2025-02-03T01:54:00
CMP_202600229,TYP_02,Fake Loan App,8129.13,Punjab,Amritsar,2025-03-13T13:54:00,2025-03-13T19:54:00,2025-03-13T20:54:00
CMP_202600230,TYP_02,Fake Loan App,6216.6,Andhra Pradesh,District-58,2025-03-03T14:05:00,2025-03-03T17:05:00,2025-03-03T17:18:00
CMP_202600231,TYP_03,Part-Time Job Scam,183985.7,Rajasthan,District-62,2025-01-17T11:03:00,2025-01-18T07:03:00,2025-01-18T07:58:00
CMP_202600232,TYP_01,OTP / KYC Fraud,21249.45,Haryana,Mewat,2025-03-22T10:11:00,2025-03-23T05:11:00,2025-03-23T05:43:00
CMP_202600233,TYP_06,Marketplace / OLX Fraud,25286.28,Maharashtra,Mumbai,2025-01-02T05:30:00,2025-01-02T11:30:00,2025-01-02T11:51:00
CMP_202600234,TYP_06,Marketplace / OLX Fraud,28079.05,Bihar,District-38,2025-02-28T17:51:00,2025-02-28T21:51:00,2025-02-28T22:37:00
CMP_202600235,TYP_03,Part-Time Job Scam,91087.68,Uttar Pradesh,District-33,2025-03-13T15:30:00,2025-03-13T19:30:00,2025-03-13T20:24:00
CMP_202600236,TYP_03,Part-Time Job Scam,240979.35,Assam,District-28,2025-01-19T08:02:00,2025-01-19T09:02:00,2025-01-19T09:23:00
CMP_202600237,TYP_03,Part-Time Job Scam,56618.08,Chhattisgarh,District-57,2025-03-07T10:33:00,2025-03-08T20:33:00,2025-03-08T21:26:00
CMP_202600238,TYP_01,OTP / KYC Fraud,7679.44,Haryana,District-29,2025-03-06T18:57:00,2025-03-06T20:57:00,2025-03-06T21:21:00
CMP_202600239,TYP_02,Fake Loan App,66821.16,Telangana,District-39,2025-04-14T09:58:00,2025-04-15T20:58:00,2025-04-15T21:11:00
CMP_202600240,TYP_05,Sextortion,27320.53,Karnataka,District-51,2025-04-03T08:28:00,2025-04-03T11:28:00,2025-04-03T12:12:00
CMP_202600241,TYP_06,Marketplace / OLX Fraud,7476.21,Madhya Pradesh,District-40,2025-01-08T13:42:00,2025-01-08T14:42:00,2025-01-08T15:25:00
CMP_202600242,TYP_01,OTP / KYC Fraud,38428.73,West Bengal,Kolkata,2025-06-25T16:44:00,2025-06-25T17:44:00,2025-06-25T18:00:00
CMP_202600243,TYP_02,Fake Loan App,11003.91,Karnataka,Bengaluru Urban,2025-01-22T09:42:00,2025-01-22T19:42:00,2025-01-22T19:55:00
CMP_202600244,TYP_02,Fake Loan App,31069.38,Chhattisgarh,District-57,2025-06-12T13:56:00,2025-06-12T15:56:00,2025-06-12T16:40:00
CMP_202600245,TYP_03,Part-Time Job Scam,153369.56,West Bengal,Kolkata,2025-01-03T11:25:00,2025-01-03T14:25:00,2025-01-03T14:48:00
CMP_202600246,TYP_06,Marketplace / OLX Fraud,9124.27,Karnataka,District-23,2025-05-20T14:22:00,2025-05-21T04:22:00,2025-05-21T04:49:00
CMP_202600247,TYP_02,Fake Loan App,13676.98,Gujarat,Ahmedabad,2025-01-19T07:34:00,2025-01-21T18:34:00,2025-01-21T19:03:00
CMP_202600248,TYP_01,OTP / KYC Fraud,5120.77,Punjab,District-25,2025-05-26T08:54:00,2025-05-27T02:54:00,2025-05-27T03:17:00
CMP_202600249,TYP_05,Sextortion,110304.84,Karnataka,District-51,2025-02-17T13:18:00,2025-02-17T14:18:00,2025-02-17T14:29:00
CMP_202600250,TYP_03,Part-Time Job Scam,89563.7,Tamil Nadu,Chennai,2025-05-27T16:02:00,2025-05-28T04:02:00,2025-05-28T04:48:00
CMP_202600251,TYP_01,OTP / KYC Fraud,12954.25,Haryana,Mewat,2025-04-09T19:25:00,2025-04-10T03:25:00,2025-04-10T03:58:00
CMP_202600252,TYP_04,Investment / Crypto Scam,557108.7,Gujarat,District-24,2025-01-23T12:10:00,2025-01-23T13:10:00,2025-01-23T13:52:00
CMP_202600253,TYP_02,Fake Loan App,19625.4,Andhra Pradesh,District-67,2025-02-17T12:04:00,2025-02-18T07:04:00,2025-02-18T07:25:00
CMP_202600254,TYP_05,Sextortion,22880.16,Jharkhand,Deoghar,2025-01-24T14:51:00,2025-01-24T19:51:00,2025-01-24T20:18:00
CMP_202600255,TYP_03,Part-Time Job Scam,195983.59,Maharashtra,District-47,2025-05-25T15:06:00,2025-05-25T20:06:00,2025-05-25T20:38:00
CMP_202600256,TYP_06,Marketplace / OLX Fraud,10902.55,Karnataka,District-61,2025-02-12T10:45:00,2025-02-13T05:45:00,2025-02-13T06:34:00
CMP_202600257,TYP_05,Sextortion,59264.45,Bihar,Purnia,2025-05-11T09:58:00,2025-05-12T15:58:00,2025-05-12T16:40:00
CMP_202600258,TYP_02,Fake Loan App,4841.57,Assam,District-21,2025-01-01T17:03:00,2025-01-01T18:03:00,2025-01-01T18:19:00
CMP_202600259,TYP_02,Fake Loan App,40949.11,Haryana,District-63,2025-03-13T11:41:00,2025-03-14T03:41:00,2025-03-14T03:59:00
CMP_202600260,TYP_06,Marketplace / OLX Fraud,12511.16,Andhra Pradesh,District-26,2025-06-29T03:00:00,2025-06-29T04:00:00,2025-06-29T04:48:00
CMP_202600261,TYP_05,Sextortion,28914.08,Punjab,District-36,2025-06-28T16:09:00,2025-06-29T03:09:00,2025-06-29T03:28:00
CMP_202600262,TYP_02,Fake Loan App,22435.81,Uttar Pradesh,District-43,2025-01-13T13:26:00,2025-01-14T04:26:00,2025-01-14T04:47:00
CMP_202600263,TYP_02,Fake Loan App,37820.66,Maharashtra,District-30,2025-04-23T11:29:00,2025-04-23T13:29:00,2025-04-23T14:03:00
CMP_202600264,TYP_02,Fake Loan App,51626.65,Uttar Pradesh,Noida,2025-05-01T16:19:00,2025-05-02T18:19:00,2025-05-02T18:48:00
CMP_202600265,TYP_03,Part-Time Job Scam,27530.06,Karnataka,District-34,2025-03-05T19:53:00,2025-03-05T23:53:00,2025-03-06T00:45:00
CMP_202600266,TYP_05,Sextortion,86843.87,Maharashtra,Mumbai,2025-05-09T07:03:00,2025-05-09T16:03:00,2025-05-09T16:31:00
CMP_202600267,TYP_03,Part-Time Job Scam,119835.55,Gujarat,District-50,2025-03-01T18:44:00,2025-03-05T00:44:00,2025-03-05T01:14:00
CMP_202600268,TYP_03,Part-Time Job Scam,160743.05,Telangana,District-39,2025-05-29T13:18:00,2025-05-29T16:18:00,2025-05-29T17:12:00
CMP_202600269,TYP_06,Marketplace / OLX Fraud,14219.77,Madhya Pradesh,District-40,2025-06-04T07:49:00,2025-06-04T18:49:00,2025-06-04T19:06:00
CMP_202600270,TYP_05,Sextortion,54316.39,Odisha,District-22,2025-04-27T08:12:00,2025-04-27T12:12:00,2025-04-27T12:25:00
CMP_202600271,TYP_02,Fake Loan App,64164.8,Bihar,Purnia,2025-01-26T08:43:00,2025-01-27T18:43:00,2025-01-27T19:20:00
CMP_202600272,TYP_05,Sextortion,84582.25,Jharkhand,District-72,2025-03-28T17:51:00,2025-03-29T00:51:00,2025-03-29T01:11:00
CMP_202600273,TYP_02,Fake Loan App,8548.2,Gujarat,District-31,2025-01-20T13:05:00,2025-01-21T00:05:00,2025-01-21T00:55:00
CMP_202600274,TYP_06,Marketplace / OLX Fraud,1693.44,Kerala,District-48,2025-04-30T08:49:00,2025-04-30T13:49:00,2025-04-30T14:40:00
CMP_202600275,TYP_02,Fake Loan App,18837.58,Madhya Pradesh,District-52,2025-05-31T06:45:00,2025-05-31T17:45:00,2025-05-31T18:36:00
CMP_202600276,TYP_03,Part-Time Job Scam,274452.92,Gujarat,District-31,2025-04-22T16:23:00,2025-04-22T18:23:00,2025-04-22T19:04:00
CMP_202600277,TYP_06,Marketplace / OLX Fraud,104680.21,Madhya Pradesh,District-40,2025-05-11T09:05:00,2025-05-11T10:05:00,2025-05-11T11:02:00
CMP_202600278,TYP_02,Fake Loan App,13936.81,Gujarat,District-31,2025-01-04T13:29:00,2025-01-05T00:29:00,2025-01-05T01:29:00
CMP_202600279,TYP_02,Fake Loan App,21438.95,Gujarat,District-24,2025-04-09T13:07:00,2025-04-09T20:07:00,2025-04-09T21:04:00
CMP_202600280,TYP_06,Marketplace / OLX Fraud,8769.38,Kerala,District-59,2025-02-27T18:06:00,2025-02-28T01:06:00,2025-02-28T01:54:00
CMP_202600281,TYP_05,Sextortion,97849.04,Odisha,District-22,2025-02-06T18:59:00,2025-02-06T19:59:00,2025-02-06T20:11:00
CMP_202600282,TYP_02,Fake Loan App,21357.01,Andhra Pradesh,District-64,2025-01-13T08:07:00,2025-01-13T11:07:00,2025-01-13T11:43:00
CMP_202600283,TYP_05,Sextortion,12230.87,Andhra Pradesh,District-44,2025-02-07T13:14:00,2025-02-07T17:14:00,2025-02-07T17:47:00
CMP_202600284,TYP_03,Part-Time Job Scam,47745.92,Chhattisgarh,District-57,2025-05-18T14:04:00,2025-05-19T00:04:00,2025-05-19T00:10:00
CMP_202600285,TYP_04,Investment / Crypto Scam,504797.58,Karnataka,District-23,2025-02-02T12:04:00,2025-02-02T23:04:00,2025-02-02T23:28:00
CMP_202600286,TYP_02,Fake Loan App,5520.15,Haryana,Mewat,2025-05-07T17:10:00,2025-05-07T23:10:00,2025-05-07T23:17:00
CMP_202600287,TYP_03,Part-Time Job Scam,33344.81,Gujarat,District-31,2025-02-07T06:10:00,2025-02-07T13:10:00,2025-02-07T13:24:00
CMP_202600288,TYP_02,Fake Loan App,8430.71,Karnataka,District-61,2025-06-26T09:44:00,2025-06-26T16:44:00,2025-06-26T17:42:00
CMP_202600289,TYP_06,Marketplace / OLX Fraud,16108.23,Kerala,District-65,2025-03-31T12:02:00,2025-03-31T14:02:00,2025-03-31T14:37:00
CMP_202600290,TYP_02,Fake Loan App,26970.1,Andhra Pradesh,District-64,2025-01-31T11:48:00,2025-01-31T14:48:00,2025-01-31T15:25:00
CMP_202600291,TYP_06,Marketplace / OLX Fraud,8027.47,Gujarat,District-24,2025-06-30T09:05:00,2025-06-30T16:05:00,2025-06-30T17:04:00
CMP_202600292,TYP_05,Sextortion,86547.67,Andhra Pradesh,District-26,2025-03-25T19:28:00,2025-03-26T14:28:00,2025-03-26T15:21:00
CMP_202600293,TYP_02,Fake Loan App,6750.22,Jharkhand,District-72,2025-06-21T06:54:00,2025-06-21T14:54:00,2025-06-21T15:46:00
CMP_202600294,TYP_06,Marketplace / OLX Fraud,12040.32,Madhya Pradesh,District-52,2025-01-15T15:24:00,2025-01-15T20:24:00,2025-01-15T20:40:00
CMP_202600295,TYP_03,Part-Time Job Scam,103323.5,Maharashtra,District-32,2025-01-18T21:54:00,2025-01-19T02:54:00,2025-01-19T03:40:00
CMP_202600296,TYP_02,Fake Loan App,7690.03,Bihar,Purnia,2025-01-04T09:56:00,2025-01-04T10:56:00,2025-01-04T11:43:00
CMP_202600297,TYP_04,Investment / Crypto Scam,687883.24,Karnataka,District-61,2025-06-18T17:23:00,2025-06-18T18:23:00,2025-06-18T18:52:00
CMP_202600298,TYP_02,Fake Loan App,24102.12,Odisha,District-73,2025-01-19T19:51:00,2025-01-21T02:51:00,2025-01-21T03:07:00
CMP_202600299,TYP_06,Marketplace / OLX Fraud,2844.68,Punjab,Amritsar,2025-01-05T10:16:00,2025-01-05T11:16:00,2025-01-05T11:31:00
CMP_202600300,TYP_05,Sextortion,11545.0,Rajasthan,District-62,2025-03-01T16:05:00,2025-03-01T22:05:00,2025-03-01T23:01:00
CMP_202600301,TYP_02,Fake Loan App,23012.25,Gujarat,District-70,2025-04-18T11:22:00,2025-04-18T13:22:00,2025-04-18T13:42:00
CMP_202600302,TYP_06,Marketplace / OLX Fraud,5712.25,Haryana,District-75,2025-06-13T13:21:00,2025-06-13T15:21:00,2025-06-13T15:37:00
CMP_202600303,TYP_02,Fake Loan App,35059.8,Odisha,District-73,2025-06-13T12:29:00,2025-06-15T06:29:00,2025-06-15T07:25:00
CMP_202600304,TYP_02,Fake Loan App,3999.3,Madhya Pradesh,District-60,2025-04-12T13:19:00,2025-04-12T18:19:00,2025-04-12T18:43:00
CMP_202600305,TYP_06,Marketplace / OLX Fraud,19394.58,Haryana,District-29,2025-05-01T16:12:00,2025-05-02T08:12:00,2025-05-02T08:19:00
CMP_202600306,TYP_06,Marketplace / OLX Fraud,25327.03,Jharkhand,Deoghar,2025-06-12T12:36:00,2025-06-12T14:36:00,2025-06-12T15:22:00
CMP_202600307,TYP_05,Sextortion,18993.14,Jharkhand,Jamtara,2025-03-22T14:39:00,2025-03-23T04:39:00,2025-03-23T05:02:00
CMP_202600308,TYP_01,OTP / KYC Fraud,37135.58,Maharashtra,District-32,2025-03-18T20:21:00,2025-03-19T11:21:00,2025-03-19T12:14:00
CMP_202600309,TYP_06,Marketplace / OLX Fraud,9601.74,Jharkhand,District-72,2025-02-13T14:09:00,2025-02-14T04:09:00,2025-02-14T04:28:00
CMP_202600310,TYP_03,Part-Time Job Scam,209904.82,Rajasthan,Bharatpur,2025-03-05T11:10:00,2025-03-05T17:10:00,2025-03-05T17:21:00
CMP_202600311,TYP_02,Fake Loan App,18244.26,Andhra Pradesh,District-67,2025-03-31T12:12:00,2025-03-31T20:12:00,2025-03-31T20:35:00
CMP_202600312,TYP_04,Investment / Crypto Scam,126528.85,Odisha,District-73,2025-01-14T14:52:00,2025-01-15T08:52:00,2025-01-15T08:58:00
CMP_202600313,TYP_01,OTP / KYC Fraud,22069.99,Karnataka,Bengaluru Urban,2025-05-23T13:27:00,2025-05-23T14:27:00,2025-05-23T15:23:00
CMP_202600314,TYP_05,Sextortion,16355.06,Punjab,District-25,2025-04-15T20:10:00,2025-04-15T22:10:00,2025-04-15T22:57:00
CMP_202600315,TYP_02,Fake Loan App,13652.41,Madhya Pradesh,District-53,2025-02-23T12:41:00,2025-02-23T21:41:00,2025-02-23T21:52:00
CMP_202600316,TYP_03,Part-Time Job Scam,55916.1,Tamil Nadu,District-49,2025-05-30T17:03:00,2025-05-30T18:03:00,2025-05-30T18:17:00
CMP_202600317,TYP_02,Fake Loan App,19162.55,Karnataka,District-34,2025-02-18T13:02:00,2025-02-18T15:02:00,2025-02-18T15:26:00
CMP_202600318,TYP_02,Fake Loan App,24418.93,Andhra Pradesh,District-44,2025-02-10T16:12:00,2025-02-11T02:12:00,2025-02-11T02:29:00
CMP_202600319,TYP_05,Sextortion,105019.85,Maharashtra,District-30,2025-01-06T11:14:00,2025-01-06T14:14:00,2025-01-06T14:31:00
CMP_202600320,TYP_01,OTP / KYC Fraud,12056.24,Maharashtra,District-30,2025-05-29T13:35:00,2025-05-29T18:35:00,2025-05-29T19:29:00
CMP_202600321,TYP_05,Sextortion,30804.19,Maharashtra,Pune,2025-02-02T09:34:00,2025-02-02T18:34:00,2025-02-02T18:57:00
CMP_202600322,TYP_03,Part-Time Job Scam,228903.52,Bihar,District-38,2025-01-14T14:56:00,2025-01-17T09:56:00,2025-01-17T10:24:00
CMP_202600323,TYP_02,Fake Loan App,24658.65,Uttar Pradesh,Gorakhpur,2025-03-28T17:32:00,2025-03-28T22:32:00,2025-03-28T23:32:00
CMP_202600324,TYP_05,Sextortion,30527.48,Maharashtra,District-32,2025-05-05T11:15:00,2025-05-06T12:15:00,2025-05-06T13:00:00
CMP_202600325,TYP_05,Sextortion,59287.98,West Bengal,District-66,2025-01-11T09:15:00,2025-01-11T13:15:00,2025-01-11T14:04:00
CMP_202600326,TYP_05,Sextortion,161542.55,Haryana,District-29,2025-06-03T23:09:00,2025-06-04T08:09:00,2025-06-04T08:36:00
CMP_202600327,TYP_05,Sextortion,68368.98,Jharkhand,Deoghar,2025-05-07T17:06:00,2025-05-07T18:06:00,2025-05-07T18:22:00
CMP_202600328,TYP_01,OTP / KYC Fraud,58288.91,Karnataka,Bengaluru Urban,2025-06-27T15:34:00,2025-06-27T22:34:00,2025-06-27T23:31:00
CMP_202600329,TYP_05,Sextortion,25075.76,Punjab,District-25,2025-06-24T09:28:00,2025-06-24T16:28:00,2025-06-24T17:04:00
CMP_202600330,TYP_05,Sextortion,93211.48,Odisha,District-73,2025-02-09T15:01:00,2025-02-09T20:01:00,2025-02-09T20:32:00
CMP_202600331,TYP_02,Fake Loan App,10965.94,Bihar,Purnia,2025-06-15T20:26:00,2025-06-15T22:26:00,2025-06-15T22:42:00
CMP_202600332,TYP_04,Investment / Crypto Scam,1628141.15,Maharashtra,Pune,2025-03-11T10:36:00,2025-03-12T20:36:00,2025-03-12T21:15:00
CMP_202600333,TYP_02,Fake Loan App,10527.37,Bihar,Purnia,2025-01-25T14:53:00,2025-01-26T09:53:00,2025-01-26T10:09:00
CMP_202600334,TYP_05,Sextortion,11830.82,Madhya Pradesh,District-69,2025-05-08T15:25:00,2025-05-09T00:25:00,2025-05-09T00:49:00
CMP_202600335,TYP_05,Sextortion,52265.74,Karnataka,Bengaluru Urban,2025-01-11T12:50:00,2025-01-11T15:50:00,2025-01-11T16:19:00
CMP_202600336,TYP_06,Marketplace / OLX Fraud,6384.99,Gujarat,District-50,2025-06-13T11:25:00,2025-06-13T17:25:00,2025-06-13T17:48:00
CMP_202600337,TYP_06,Marketplace / OLX Fraud,5591.04,Haryana,Gurugram,2025-01-12T10:18:00,2025-01-12T20:18:00,2025-01-12T20:33:00
CMP_202600338,TYP_02,Fake Loan App,18225.66,Jharkhand,Deoghar,2025-05-21T12:01:00,2025-05-21T19:01:00,2025-05-21T19:09:00
CMP_202600339,TYP_05,Sextortion,47317.78,Karnataka,Bengaluru Urban,2025-01-16T16:00:00,2025-01-17T07:00:00,2025-01-17T07:27:00
CMP_202600340,TYP_03,Part-Time Job Scam,227025.96,Karnataka,District-42,2025-02-15T20:17:00,2025-02-15T21:17:00,2025-02-15T21:37:00
CMP_202600341,TYP_02,Fake Loan App,19816.91,Karnataka,District-23,2025-05-23T18:56:00,2025-05-23T23:56:00,2025-05-24T00:14:00
CMP_202600342,TYP_02,Fake Loan App,10463.45,Jharkhand,Deoghar,2025-06-11T14:34:00,2025-06-12T14:34:00,2025-06-12T15:30:00
CMP_202600343,TYP_06,Marketplace / OLX Fraud,8794.6,Assam,District-21,2025-02-21T11:57:00,2025-02-21T22:57:00,2025-02-21T23:16:00
CMP_202600344,TYP_06,Marketplace / OLX Fraud,19256.12,Rajasthan,District-62,2025-05-07T14:24:00,2025-05-08T11:24:00,2025-05-08T11:35:00
CMP_202600345,TYP_06,Marketplace / OLX Fraud,8055.63,Andhra Pradesh,District-67,2025-01-26T14:54:00,2025-01-26T17:54:00,2025-01-26T18:40:00
CMP_202600346,TYP_01,OTP / KYC Fraud,124066.51,Maharashtra,District-32,2025-05-19T12:44:00,2025-05-19T22:44:00,2025-05-19T23:08:00
CMP_202600347,TYP_06,Marketplace / OLX Fraud,16025.6,Madhya Pradesh,District-52,2025-05-17T02:24:00,2025-05-17T04:24:00,2025-05-17T05:17:00
CMP_202600348,TYP_06,Marketplace / OLX Fraud,25583.19,Madhya Pradesh,District-40,2025-06-07T15:32:00,2025-06-07T16:32:00,2025-06-07T17:14:00
CMP_202600349,TYP_01,OTP / KYC Fraud,19168.73,Karnataka,District-51,2025-05-05T05:01:00,2025-05-05T11:01:00,2025-05-05T11:41:00
CMP_202600350,TYP_02,Fake Loan App,11629.25,Haryana,District-75,2025-05-18T16:51:00,2025-05-18T18:51:00,2025-05-18T19:30:00
CMP_202600351,TYP_06,Marketplace / OLX Fraud,17370.79,Karnataka,District-51,2025-01-03T04:20:00,2025-01-03T05:20:00,2025-01-03T05:35:00
CMP_202600352,TYP_06,Marketplace / OLX Fraud,9675.4,Karnataka,District-74,2025-05-23T22:12:00,2025-05-24T06:12:00,2025-05-24T07:12:00
CMP_202600353,TYP_05,Sextortion,71329.49,Odisha,District-54,2025-03-02T14:00:00,2025-03-02T15:00:00,2025-03-02T15:14:00
CMP_202600354,TYP_01,OTP / KYC Fraud,30247.48,Gujarat,District-50,2025-06-23T10:25:00,2025-06-23T19:25:00,2025-06-23T19:36:00
CMP_202600355,TYP_05,Sextortion,39230.33,Gujarat,District-50,2025-03-16T20:06:00,2025-03-17T14:06:00,2025-03-17T14:46:00
CMP_202600356,TYP_02,Fake Loan App,12289.42,Tamil Nadu,Chennai,2025-01-08T10:07:00,2025-01-08T12:07:00,2025-01-08T12:52:00
CMP_202600357,TYP_03,Part-Time Job Scam,654771.68,Bihar,District-38,2025-03-19T17:16:00,2025-03-19T18:16:00,2025-03-19T18:29:00
CMP_202600358,TYP_02,Fake Loan App,28115.66,Karnataka,District-42,2025-03-30T12:39:00,2025-04-01T17:39:00,2025-04-01T18:22:00
CMP_202600359,TYP_02,Fake Loan App,4732.82,Gujarat,District-24,2025-02-01T17:38:00,2025-02-02T12:38:00,2025-02-02T12:43:00
CMP_202600360,TYP_03,Part-Time Job Scam,46784.81,Karnataka,District-34,2025-05-08T12:19:00,2025-05-08T16:19:00,2025-05-08T16:54:00
CMP_202600361,TYP_04,Investment / Crypto Scam,543935.68,Karnataka,District-56,2025-03-25T14:10:00,2025-03-25T15:10:00,2025-03-25T15:21:00
CMP_202600362,TYP_05,Sextortion,48278.57,Gujarat,District-31,2025-06-13T06:09:00,2025-06-13T11:09:00,2025-06-13T11:54:00
CMP_202600363,TYP_06,Marketplace / OLX Fraud,6808.18,Kerala,District-65,2025-03-25T06:31:00,2025-03-25T08:31:00,2025-03-25T08:59:00
CMP_202600364,TYP_04,Investment / Crypto Scam,696756.27,West Bengal,Kolkata,2025-04-03T10:19:00,2025-04-03T11:19:00,2025-04-03T12:02:00
CMP_202600365,TYP_02,Fake Loan App,6663.99,Assam,District-28,2025-04-02T15:49:00,2025-04-02T20:49:00,2025-04-02T21:03:00
CMP_202600366,TYP_02,Fake Loan App,18755.8,Kerala,District-59,2025-02-21T13:16:00,2025-02-21T21:16:00,2025-02-21T21:39:00
CMP_202600367,TYP_05,Sextortion,11288.62,Andhra Pradesh,District-67,2025-06-03T15:11:00,2025-06-04T05:11:00,2025-06-04T05:43:00
CMP_202600368,TYP_02,Fake Loan App,9982.85,Gujarat,District-24,2025-03-22T02:43:00,2025-03-22T09:43:00,2025-03-22T09:52:00
CMP_202600369,TYP_02,Fake Loan App,10578.22,Rajasthan,District-46,2025-04-19T19:43:00,2025-04-19T20:43:00,2025-04-19T21:18:00
CMP_202600370,TYP_03,Part-Time Job Scam,123567.51,Punjab,Amritsar,2025-05-31T20:38:00,2025-06-01T03:38:00,2025-06-01T04:19:00
CMP_202600371,TYP_06,Marketplace / OLX Fraud,18102.17,Chhattisgarh,District-71,2025-03-29T15:30:00,2025-03-29T21:30:00,2025-03-29T21:49:00
CMP_202600372,TYP_02,Fake Loan App,21490.2,Andhra Pradesh,District-67,2025-03-16T17:57:00,2025-03-16T21:57:00,2025-03-16T22:20:00
CMP_202600373,TYP_02,Fake Loan App,12314.7,Haryana,District-75,2025-04-05T16:28:00,2025-04-05T23:28:00,2025-04-05T23:43:00
CMP_202600374,TYP_06,Marketplace / OLX Fraud,2702.13,Jharkhand,Deoghar,2025-06-01T12:03:00,2025-06-01T18:03:00,2025-06-01T18:19:00
CMP_202600375,TYP_02,Fake Loan App,36796.46,Telangana,District-39,2025-05-16T14:34:00,2025-05-16T19:34:00,2025-05-16T19:51:00
CMP_202600376,TYP_03,Part-Time Job Scam,137636.97,West Bengal,District-35,2025-02-22T16:27:00,2025-02-22T18:27:00,2025-02-22T19:03:00
CMP_202600377,TYP_02,Fake Loan App,20297.29,Assam,District-28,2025-06-13T23:01:00,2025-06-14T15:01:00,2025-06-14T15:19:00
CMP_202600378,TYP_02,Fake Loan App,11643.02,Haryana,District-63,2025-05-18T19:05:00,2025-05-19T11:05:00,2025-05-19T11:27:00
CMP_202600379,TYP_02,Fake Loan App,56908.95,Uttar Pradesh,Mathura,2025-04-24T15:29:00,2025-04-25T01:29:00,2025-04-25T02:10:00
CMP_202600380,TYP_03,Part-Time Job Scam,64111.5,Madhya Pradesh,District-60,2025-01-04T14:49:00,2025-01-04T17:49:00,2025-01-04T18:47:00
CMP_202600381,TYP_05,Sextortion,148713.61,Karnataka,District-74,2025-05-02T14:19:00,2025-05-04T04:19:00,2025-05-04T04:32:00
CMP_202600382,TYP_01,OTP / KYC Fraud,30784.56,Telangana,District-39,2025-02-24T19:45:00,2025-02-28T16:45:00,2025-02-28T17:19:00
CMP_202600383,TYP_05,Sextortion,52995.62,Rajasthan,District-46,2025-03-03T16:51:00,2025-03-04T02:51:00,2025-03-04T03:35:00
CMP_202600384,TYP_03,Part-Time Job Scam,40062.49,Odisha,District-73,2025-02-17T13:22:00,2025-02-18T01:22:00,2025-02-18T01:49:00
CMP_202600385,TYP_02,Fake Loan App,12740.21,Uttar Pradesh,Noida,2025-01-09T06:57:00,2025-01-09T10:57:00,2025-01-09T11:08:00
CMP_202600386,TYP_03,Part-Time Job Scam,117705.82,Maharashtra,Pune,2025-04-06T16:07:00,2025-04-06T19:07:00,2025-04-06T19:14:00
CMP_202600387,TYP_06,Marketplace / OLX Fraud,5061.39,Uttar Pradesh,Gorakhpur,2025-05-05T16:26:00,2025-05-08T11:26:00,2025-05-08T11:44:00
CMP_202600388,TYP_05,Sextortion,20032.14,Karnataka,District-74,2025-01-12T20:26:00,2025-01-12T23:26:00,2025-01-13T00:02:00
CMP_202600389,TYP_03,Part-Time Job Scam,50318.77,Rajasthan,Alwar,2025-04-27T16:17:00,2025-04-27T19:17:00,2025-04-27T19:34:00
CMP_202600390,TYP_02,Fake Loan App,9036.64,West Bengal,District-35,2025-01-09T18:12:00,2025-01-11T14:12:00,2025-01-11T14:36:00
CMP_202600391,TYP_06,Marketplace / OLX Fraud,16077.43,Rajasthan,District-46,2025-05-12T14:14:00,2025-05-13T03:14:00,2025-05-13T04:05:00
CMP_202600392,TYP_04,Investment / Crypto Scam,333581.01,Karnataka,District-51,2025-02-04T19:22:00,2025-02-04T23:22:00,2025-02-04T23:43:00
CMP_202600393,TYP_06,Marketplace / OLX Fraud,2885.41,Karnataka,Bengaluru Urban,2025-03-10T14:48:00,2025-03-10T19:48:00,2025-03-10T20:10:00
CMP_202600394,TYP_01,OTP / KYC Fraud,25329.64,Jharkhand,District-72,2025-05-02T10:09:00,2025-05-02T11:09:00,2025-05-02T12:01:00
CMP_202600395,TYP_06,Marketplace / OLX Fraud,2700.57,Assam,District-28,2025-02-14T21:26:00,2025-02-15T05:26:00,2025-02-15T05:37:00
CMP_202600396,TYP_05,Sextortion,17014.45,Rajasthan,Bharatpur,2025-06-26T15:24:00,2025-06-26T20:24:00,2025-06-26T20:42:00
CMP_202600397,TYP_05,Sextortion,18291.95,Punjab,Amritsar,2025-01-18T08:36:00,2025-01-18T23:36:00,2025-01-19T00:04:00
CMP_202600398,TYP_02,Fake Loan App,50419.66,Assam,District-28,2025-06-07T18:29:00,2025-06-07T20:29:00,2025-06-07T20:39:00
CMP_202600399,TYP_03,Part-Time Job Scam,95689.71,West Bengal,District-66,2025-05-01T18:56:00,2025-05-02T06:56:00,2025-05-02T07:05:00
CMP_202600400,TYP_02,Fake Loan App,94898.46,Kerala,District-59,2025-03-07T08:19:00,2025-03-08T00:19:00,2025-03-08T00:39:00
CMP_202600401,TYP_01,OTP / KYC Fraud,58100.68,Maharashtra,Mumbai,2025-02-06T15:21:00,2025-02-07T13:21:00,2025-02-07T13:37:00
CMP_202600402,TYP_03,Part-Time Job Scam,428851.91,Jharkhand,Jamtara,2025-06-16T11:29:00,2025-06-16T12:29:00,2025-06-16T13:12:00
CMP_202600403,TYP_02,Fake Loan App,13248.78,West Bengal,District-55,2025-05-12T04:43:00,2025-05-12T20:43:00,2025-05-12T21:14:00
CMP_202600404,TYP_05,Sextortion,76590.72,Madhya Pradesh,District-40,2025-04-27T13:16:00,2025-04-27T14:16:00,2025-04-27T14:22:00
CMP_202600405,TYP_05,Sextortion,21220.06,West Bengal,Kolkata,2025-04-14T14:36:00,2025-04-14T19:36:00,2025-04-14T20:28:00
CMP_202600406,TYP_02,Fake Loan App,55199.42,Karnataka,District-42,2025-02-28T14:17:00,2025-03-02T02:17:00,2025-03-02T02:56:00
CMP_202600407,TYP_02,Fake Loan App,22638.03,Haryana,District-29,2025-05-27T09:33:00,2025-05-27T10:33:00,2025-05-27T11:04:00
CMP_202600408,TYP_02,Fake Loan App,4195.72,Karnataka,Bengaluru Urban,2025-02-23T19:48:00,2025-02-24T19:48:00,2025-02-24T20:06:00
CMP_202600409,TYP_05,Sextortion,59065.91,Karnataka,Bengaluru Urban,2025-01-01T17:33:00,2025-01-02T01:33:00,2025-01-02T02:11:00
CMP_202600410,TYP_01,OTP / KYC Fraud,24620.47,Kerala,District-59,2025-06-08T11:02:00,2025-06-08T12:02:00,2025-06-08T12:31:00
CMP_202600411,TYP_03,Part-Time Job Scam,146516.33,Jharkhand,District-72,2025-06-15T09:23:00,2025-06-15T20:23:00,2025-06-15T21:12:00
CMP_202600412,TYP_06,Marketplace / OLX Fraud,9023.81,Andhra Pradesh,District-58,2025-03-24T13:24:00,2025-03-24T18:24:00,2025-03-24T19:05:00
CMP_202600413,TYP_03,Part-Time Job Scam,83060.85,Punjab,Amritsar,2025-03-10T14:56:00,2025-03-10T17:56:00,2025-03-10T18:42:00
CMP_202600414,TYP_04,Investment / Crypto Scam,265091.34,Punjab,Amritsar,2025-06-17T17:14:00,2025-06-17T20:14:00,2025-06-17T20:51:00
CMP_202600415,TYP_01,OTP / KYC Fraud,8481.13,Andhra Pradesh,District-64,2025-03-09T12:44:00,2025-03-09T14:44:00,2025-03-09T15:09:00
CMP_202600416,TYP_03,Part-Time Job Scam,138227.58,Madhya Pradesh,District-40,2025-02-10T14:59:00,2025-02-10T16:59:00,2025-02-10T17:18:00
CMP_202600417,TYP_06,Marketplace / OLX Fraud,7656.68,West Bengal,District-55,2025-04-15T17:01:00,2025-04-15T22:01:00,2025-04-15T22:09:00
CMP_202600418,TYP_01,OTP / KYC Fraud,18284.54,Odisha,District-73,2025-06-10T19:27:00,2025-06-10T22:27:00,2025-06-10T22:36:00
CMP_202600419,TYP_04,Investment / Crypto Scam,105700.53,Uttar Pradesh,District-43,2025-03-02T13:00:00,2025-03-02T15:00:00,2025-03-02T15:28:00
CMP_202600420,TYP_03,Part-Time Job Scam,2044163.12,Karnataka,District-51,2025-04-18T11:45:00,2025-04-19T06:45:00,2025-04-19T07:41:00
CMP_202600421,TYP_02,Fake Loan App,24133.64,West Bengal,District-35,2025-06-09T12:18:00,2025-06-09T17:18:00,2025-06-09T17:53:00
CMP_202600422,TYP_02,Fake Loan App,7321.26,Kerala,District-65,2025-05-25T16:30:00,2025-05-27T00:30:00,2025-05-27T00:54:00
CMP_202600423,TYP_02,Fake Loan App,19104.21,Karnataka,District-56,2025-03-06T19:38:00,2025-03-06T23:38:00,2025-03-07T00:30:00
CMP_202600424,TYP_03,Part-Time Job Scam,23623.71,Rajasthan,Alwar,2025-01-26T12:42:00,2025-01-26T14:42:00,2025-01-26T15:32:00
CMP_202600425,TYP_02,Fake Loan App,21217.25,Maharashtra,District-32,2025-01-01T11:54:00,2025-01-01T22:54:00,2025-01-01T23:41:00
CMP_202600426,TYP_06,Marketplace / OLX Fraud,13999.4,Karnataka,District-23,2025-01-17T21:33:00,2025-01-18T09:33:00,2025-01-18T10:11:00
CMP_202600427,TYP_05,Sextortion,40459.81,Jharkhand,District-45,2025-01-26T17:52:00,2025-01-28T06:52:00,2025-01-28T07:03:00
CMP_202600428,TYP_03,Part-Time Job Scam,38463.28,Jharkhand,Jamtara,2025-02-17T16:15:00,2025-02-17T23:15:00,2025-02-18T00:15:00
CMP_202600429,TYP_01,OTP / KYC Fraud,19743.63,Telangana,District-39,2025-05-02T12:52:00,2025-05-02T22:52:00,2025-05-02T23:04:00
CMP_202600430,TYP_02,Fake Loan App,9789.28,West Bengal,Kolkata,2025-05-10T09:16:00,2025-05-10T13:16:00,2025-05-10T13:27:00
CMP_202600431,TYP_03,Part-Time Job Scam,136411.5,Maharashtra,Mumbai,2025-06-10T09:07:00,2025-06-10T14:07:00,2025-06-10T14:16:00
CMP_202600432,TYP_05,Sextortion,145055.12,Delhi,South Delhi,2025-05-01T10:59:00,2025-05-01T11:59:00,2025-05-01T12:14:00
CMP_202600433,TYP_03,Part-Time Job Scam,202203.44,Madhya Pradesh,District-69,2025-02-20T17:31:00,2025-02-20T18:31:00,2025-02-20T18:57:00
CMP_202600434,TYP_03,Part-Time Job Scam,138682.71,Chhattisgarh,District-71,2025-04-04T12:50:00,2025-04-04T15:50:00,2025-04-04T16:17:00
CMP_202600435,TYP_01,OTP / KYC Fraud,28075.44,Tamil Nadu,District-49,2025-05-22T18:22:00,2025-05-23T03:22:00,2025-05-23T04:21:00
CMP_202600436,TYP_05,Sextortion,14345.6,Haryana,Mewat,2025-03-24T12:03:00,2025-03-24T16:03:00,2025-03-24T16:55:00
CMP_202600437,TYP_03,Part-Time Job Scam,53875.95,Andhra Pradesh,District-67,2025-03-08T18:57:00,2025-03-08T21:57:00,2025-03-08T22:52:00
CMP_202600438,TYP_06,Marketplace / OLX Fraud,13681.55,Uttar Pradesh,Mathura,2025-04-19T14:38:00,2025-04-20T08:38:00,2025-04-20T09:34:00
CMP_202600439,TYP_02,Fake Loan App,21011.04,Maharashtra,District-32,2025-03-01T17:42:00,2025-03-02T05:42:00,2025-03-02T06:42:00
CMP_202600440,TYP_06,Marketplace / OLX Fraud,2747.76,Jharkhand,Deoghar,2025-02-05T08:34:00,2025-02-05T18:34:00,2025-02-05T19:28:00
CMP_202600441,TYP_06,Marketplace / OLX Fraud,11971.7,Madhya Pradesh,District-60,2025-02-11T11:14:00,2025-02-12T06:14:00,2025-02-12T07:05:00
CMP_202600442,TYP_03,Part-Time Job Scam,115303.01,Rajasthan,District-62,2025-06-20T11:46:00,2025-06-20T21:46:00,2025-06-20T21:54:00
CMP_202600443,TYP_02,Fake Loan App,34116.16,Gujarat,District-24,2025-04-09T17:03:00,2025-04-09T23:03:00,2025-04-09T23:18:00
CMP_202600444,TYP_05,Sextortion,27351.71,Uttar Pradesh,Gorakhpur,2025-04-26T11:11:00,2025-04-27T01:11:00,2025-04-27T01:51:00
CMP_202600445,TYP_02,Fake Loan App,27932.64,Andhra Pradesh,District-58,2025-06-17T09:57:00,2025-06-17T12:57:00,2025-06-17T13:26:00
CMP_202600446,TYP_03,Part-Time Job Scam,355006.47,Karnataka,District-61,2025-04-17T13:44:00,2025-04-17T15:44:00,2025-04-17T15:57:00
CMP_202600447,TYP_05,Sextortion,160150.34,West Bengal,Kolkata,2025-04-15T15:57:00,2025-04-15T23:57:00,2025-04-16T00:44:00
CMP_202600448,TYP_03,Part-Time Job Scam,198801.13,Madhya Pradesh,District-53,2025-04-26T16:03:00,2025-04-26T19:03:00,2025-04-26T19:55:00
CMP_202600449,TYP_05,Sextortion,55785.93,Gujarat,District-31,2025-05-15T11:16:00,2025-05-15T20:16:00,2025-05-15T20:30:00
CMP_202600450,TYP_01,OTP / KYC Fraud,34983.16,West Bengal,District-55,2025-06-05T07:07:00,2025-06-07T18:07:00,2025-06-07T18:43:00
CMP_202600451,TYP_02,Fake Loan App,43216.09,Chhattisgarh,District-71,2025-01-04T14:06:00,2025-01-04T16:06:00,2025-01-04T16:28:00
CMP_202600452,TYP_05,Sextortion,53838.29,Gujarat,District-24,2025-03-06T11:58:00,2025-03-06T15:58:00,2025-03-06T16:20:00
CMP_202600453,TYP_03,Part-Time Job Scam,271054.98,Haryana,District-29,2025-05-25T08:02:00,2025-05-25T13:02:00,2025-05-25T13:54:00
CMP_202600454,TYP_02,Fake Loan App,19641.76,Haryana,District-29,2025-06-04T23:14:00,2025-06-05T02:14:00,2025-06-05T02:27:00
CMP_202600455,TYP_03,Part-Time Job Scam,181444.89,West Bengal,Kolkata,2025-03-18T22:49:00,2025-03-19T03:49:00,2025-03-19T04:30:00
CMP_202600456,TYP_02,Fake Loan App,20740.3,Uttar Pradesh,District-43,2025-02-13T10:29:00,2025-02-13T11:29:00,2025-02-13T12:29:00
CMP_202600457,TYP_03,Part-Time Job Scam,51954.04,Kerala,District-48,2025-01-06T17:28:00,2025-01-09T07:28:00,2025-01-09T08:19:00
CMP_202600458,TYP_01,OTP / KYC Fraud,18452.06,Gujarat,District-24,2025-01-20T17:57:00,2025-01-22T02:57:00,2025-01-22T03:25:00
CMP_202600459,TYP_05,Sextortion,46275.65,Odisha,District-27,2025-02-14T17:00:00,2025-02-14T19:00:00,2025-02-14T19:15:00
CMP_202600460,TYP_02,Fake Loan App,26256.22,Karnataka,District-51,2025-02-11T19:37:00,2025-02-12T03:37:00,2025-02-12T04:09:00
CMP_202600461,TYP_02,Fake Loan App,11045.06,West Bengal,District-35,2025-01-24T10:10:00,2025-01-24T19:10:00,2025-01-24T19:52:00
CMP_202600462,TYP_01,OTP / KYC Fraud,10998.87,Gujarat,Ahmedabad,2025-01-31T20:09:00,2025-02-01T05:09:00,2025-02-01T05:29:00
CMP_202600463,TYP_02,Fake Loan App,4556.81,Karnataka,District-51,2025-04-25T13:04:00,2025-04-26T00:04:00,2025-04-26T00:53:00
CMP_202600464,TYP_04,Investment / Crypto Scam,163736.43,Madhya Pradesh,District-52,2025-03-06T13:24:00,2025-03-07T00:24:00,2025-03-07T00:35:00
CMP_202600465,TYP_02,Fake Loan App,21577.52,Maharashtra,District-30,2025-01-07T09:00:00,2025-01-07T15:00:00,2025-01-07T15:41:00
CMP_202600466,TYP_02,Fake Loan App,20454.32,West Bengal,District-35,2025-01-16T08:12:00,2025-01-17T07:12:00,2025-01-17T07:27:00
CMP_202600467,TYP_05,Sextortion,65918.0,Rajasthan,Bharatpur,2025-05-29T15:40:00,2025-05-29T16:40:00,2025-05-29T16:51:00
CMP_202600468,TYP_02,Fake Loan App,22027.9,Uttar Pradesh,District-33,2025-02-03T12:09:00,2025-02-03T21:09:00,2025-02-03T21:19:00
CMP_202600469,TYP_01,OTP / KYC Fraud,29173.7,Karnataka,District-74,2025-02-20T20:13:00,2025-02-20T21:13:00,2025-02-20T21:33:00
CMP_202600470,TYP_02,Fake Loan App,17177.37,Gujarat,District-70,2025-06-20T13:18:00,2025-06-20T15:18:00,2025-06-20T15:50:00
CMP_202600471,TYP_06,Marketplace / OLX Fraud,8384.96,Haryana,District-75,2025-02-13T16:23:00,2025-02-13T21:23:00,2025-02-13T21:47:00
CMP_202600472,TYP_02,Fake Loan App,2053.45,Odisha,District-22,2025-05-23T09:10:00,2025-05-23T12:10:00,2025-05-23T12:26:00
CMP_202600473,TYP_03,Part-Time Job Scam,148743.35,Haryana,Mewat,2025-02-13T15:50:00,2025-02-13T18:50:00,2025-02-13T19:05:00
CMP_202600474,TYP_01,OTP / KYC Fraud,34344.79,Karnataka,District-51,2025-02-13T15:53:00,2025-02-13T17:53:00,2025-02-13T18:42:00
CMP_202600475,TYP_03,Part-Time Job Scam,239662.12,Haryana,Mewat,2025-01-23T16:37:00,2025-01-23T22:37:00,2025-01-23T22:56:00
CMP_202600476,TYP_02,Fake Loan App,14495.04,Haryana,District-63,2025-06-18T18:02:00,2025-06-18T22:02:00,2025-06-18T22:27:00
CMP_202600477,TYP_03,Part-Time Job Scam,55323.59,Maharashtra,Mumbai,2025-05-27T12:20:00,2025-05-27T18:20:00,2025-05-27T18:39:00
CMP_202600478,TYP_02,Fake Loan App,29804.71,Andhra Pradesh,District-26,2025-04-16T08:07:00,2025-04-16T09:07:00,2025-04-16T09:12:00
CMP_202600479,TYP_05,Sextortion,10215.14,Andhra Pradesh,District-26,2025-01-26T15:24:00,2025-01-26T16:24:00,2025-01-26T16:51:00
CMP_202600480,TYP_02,Fake Loan App,20523.18,Odisha,District-54,2025-01-09T09:27:00,2025-01-09T23:27:00,2025-01-10T00:26:00
CMP_202600481,TYP_02,Fake Loan App,62077.39,Rajasthan,Bharatpur,2025-05-11T15:35:00,2025-05-12T05:35:00,2025-05-12T06:08:00
CMP_202600482,TYP_03,Part-Time Job Scam,203817.86,Jharkhand,District-45,2025-04-20T08:49:00,2025-04-21T08:49:00,2025-04-21T09:15:00
CMP_202600483,TYP_03,Part-Time Job Scam,124055.02,West Bengal,District-35,2025-01-17T09:41:00,2025-01-17T20:41:00,2025-01-17T20:46:00
CMP_202600484,TYP_03,Part-Time Job Scam,147965.67,Kerala,District-65,2025-05-14T18:16:00,2025-05-14T20:16:00,2025-05-14T20:38:00
CMP_202600485,TYP_02,Fake Loan App,23204.86,Maharashtra,District-30,2025-04-14T12:35:00,2025-04-14T18:35:00,2025-04-14T19:31:00
CMP_202600486,TYP_02,Fake Loan App,31257.67,Andhra Pradesh,District-67,2025-06-05T12:36:00,2025-06-05T15:36:00,2025-06-05T15:43:00
CMP_202600487,TYP_02,Fake Loan App,52537.86,Maharashtra,Mumbai,2025-05-13T16:19:00,2025-05-14T00:19:00,2025-05-14T00:45:00
CMP_202600488,TYP_02,Fake Loan App,2099.11,West Bengal,District-55,2025-01-09T10:21:00,2025-01-09T16:21:00,2025-01-09T16:28:00
CMP_202600489,TYP_05,Sextortion,114395.07,Chhattisgarh,District-71,2025-02-04T11:11:00,2025-02-06T10:11:00,2025-02-06T11:03:00
CMP_202600490,TYP_02,Fake Loan App,8211.67,West Bengal,District-66,2025-04-26T09:32:00,2025-04-30T03:32:00,2025-04-30T04:18:00
CMP_202600491,TYP_06,Marketplace / OLX Fraud,3898.52,Telangana,District-39,2025-06-24T14:52:00,2025-06-24T16:52:00,2025-06-24T17:07:00
CMP_202600492,TYP_02,Fake Loan App,18088.98,Rajasthan,Alwar,2025-06-27T08:29:00,2025-06-27T12:29:00,2025-06-27T12:37:00
CMP_202600493,TYP_05,Sextortion,12965.58,Odisha,District-27,2025-02-17T14:53:00,2025-02-18T11:53:00,2025-02-18T12:01:00
CMP_202600494,TYP_05,Sextortion,5514.86,West Bengal,District-66,2025-06-07T16:05:00,2025-06-09T01:05:00,2025-06-09T01:53:00
CMP_202600495,TYP_05,Sextortion,17747.88,Karnataka,District-34,2025-02-13T13:25:00,2025-02-13T18:25:00,2025-02-13T19:07:00
CMP_202600496,TYP_02,Fake Loan App,18943.04,Odisha,District-73,2025-06-06T14:26:00,2025-06-07T02:26:00,2025-06-07T02:59:00
CMP_202600497,TYP_06,Marketplace / OLX Fraud,2993.8,Karnataka,Bengaluru Urban,2025-04-05T14:16:00,2025-04-05T17:16:00,2025-04-05T17:59:00
CMP_202600498,TYP_02,Fake Loan App,6813.8,Karnataka,Bengaluru Urban,2025-04-09T10:40:00,2025-04-10T04:40:00,2025-04-10T05:09:00
CMP_202600499,TYP_02,Fake Loan App,22659.49,Uttar Pradesh,District-33,2025-05-29T20:58:00,2025-05-30T00:58:00,2025-05-30T01:49:00
CMP_202600500,TYP_02,Fake Loan App,15310.71,Telangana,District-39,2025-01-11T13:28:00,2025-01-12T02:28:00,2025-01-12T02:36:00
CMP_202600501,TYP_02,Fake Loan App,20669.1,Chhattisgarh,District-71,2025-02-14T12:41:00,2025-02-14T18:41:00,2025-02-14T19:41:00
CMP_202600502,TYP_02,Fake Loan App,72461.55,Kerala,District-59,2025-02-07T17:33:00,2025-02-07T20:33:00,2025-02-07T21:10:00
CMP_202600503,TYP_02,Fake Loan App,21102.15,Madhya Pradesh,District-52,2025-04-11T21:08:00,2025-04-14T06:08:00,2025-04-14T06:13:00
CMP_202600504,TYP_02,Fake Loan App,49369.02,Andhra Pradesh,District-67,2025-06-24T17:52:00,2025-06-25T01:52:00,2025-06-25T02:28:00
CMP_202600505,TYP_04,Investment / Crypto Scam,441594.77,Haryana,District-75,2025-01-24T12:59:00,2025-01-24T13:59:00,2025-01-24T14:13:00
CMP_202600506,TYP_05,Sextortion,16944.41,Rajasthan,District-46,2025-04-01T15:14:00,2025-04-01T17:14:00,2025-04-01T18:03:00
CMP_202600507,TYP_02,Fake Loan App,13339.7,Rajasthan,District-46,2025-05-26T23:28:00,2025-05-27T18:28:00,2025-05-27T19:04:00
CMP_202600508,TYP_02,Fake Loan App,63898.43,West Bengal,Siliguri,2025-03-01T16:27:00,2025-03-01T17:27:00,2025-03-01T17:34:00
CMP_202600509,TYP_05,Sextortion,28141.24,Odisha,District-73,2025-05-05T16:58:00,2025-05-05T19:58:00,2025-05-05T20:57:00
CMP_202600510,TYP_01,OTP / KYC Fraud,7430.15,Assam,District-28,2025-03-24T12:48:00,2025-03-26T01:48:00,2025-03-26T02:28:00
CMP_202600511,TYP_05,Sextortion,15604.31,Maharashtra,District-32,2025-03-07T19:33:00,2025-03-08T04:33:00,2025-03-08T04:49:00
CMP_202600512,TYP_02,Fake Loan App,7787.94,Madhya Pradesh,District-52,2025-01-03T18:01:00,2025-01-04T19:01:00,2025-01-04T19:06:00
CMP_202600513,TYP_02,Fake Loan App,20965.66,Haryana,Gurugram,2025-03-20T06:47:00,2025-03-20T09:47:00,2025-03-20T10:33:00
CMP_202600514,TYP_06,Marketplace / OLX Fraud,4464.24,Andhra Pradesh,District-64,2025-03-24T14:09:00,2025-03-24T16:09:00,2025-03-24T16:54:00
CMP_202600515,TYP_05,Sextortion,16184.02,Uttar Pradesh,District-43,2025-06-08T10:45:00,2025-06-08T17:45:00,2025-06-08T18:31:00
CMP_202600516,TYP_05,Sextortion,11481.57,West Bengal,District-55,2025-04-20T22:38:00,2025-04-21T02:38:00,2025-04-21T03:34:00
CMP_202600517,TYP_03,Part-Time Job Scam,93752.71,Andhra Pradesh,District-58,2025-06-07T08:26:00,2025-06-08T02:26:00,2025-06-08T02:57:00
CMP_202600518,TYP_03,Part-Time Job Scam,164476.26,Haryana,District-63,2025-03-07T15:07:00,2025-03-08T01:07:00,2025-03-08T01:57:00
CMP_202600519,TYP_02,Fake Loan App,21765.48,Andhra Pradesh,District-64,2025-03-31T09:03:00,2025-03-31T11:03:00,2025-03-31T11:22:00
CMP_202600520,TYP_02,Fake Loan App,14694.52,Haryana,District-75,2025-06-02T09:46:00,2025-06-03T15:46:00,2025-06-03T15:55:00
CMP_202600521,TYP_03,Part-Time Job Scam,62933.3,Gujarat,District-24,2025-03-17T13:54:00,2025-03-18T01:54:00,2025-03-18T02:18:00
CMP_202600522,TYP_05,Sextortion,104319.65,Haryana,Mewat,2025-05-04T12:44:00,2025-05-05T15:44:00,2025-05-05T16:04:00
CMP_202600523,TYP_05,Sextortion,44226.12,Rajasthan,Bharatpur,2025-03-24T13:57:00,2025-03-24T20:57:00,2025-03-24T21:55:00
CMP_202600524,TYP_06,Marketplace / OLX Fraud,21376.63,Madhya Pradesh,District-41,2025-03-21T07:07:00,2025-03-21T21:07:00,2025-03-21T21:46:00
CMP_202600525,TYP_03,Part-Time Job Scam,78631.65,Odisha,District-27,2025-05-31T12:24:00,2025-05-31T20:24:00,2025-05-31T20:54:00
CMP_202600526,TYP_03,Part-Time Job Scam,170309.31,Chhattisgarh,District-57,2025-05-17T12:34:00,2025-05-17T13:34:00,2025-05-17T13:39:00
CMP_202600527,TYP_06,Marketplace / OLX Fraud,5543.57,Andhra Pradesh,District-26,2025-01-15T14:59:00,2025-01-16T13:59:00,2025-01-16T14:16:00
CMP_202600528,TYP_03,Part-Time Job Scam,396551.24,Jharkhand,District-72,2025-05-04T14:02:00,2025-05-04T20:02:00,2025-05-04T20:45:00
CMP_202600529,TYP_05,Sextortion,16478.92,Gujarat,District-50,2025-04-07T07:06:00,2025-04-07T17:06:00,2025-04-07T17:17:00
CMP_202600530,TYP_01,OTP / KYC Fraud,44756.15,Madhya Pradesh,District-52,2025-01-09T20:18:00,2025-01-09T21:18:00,2025-01-09T21:52:00
CMP_202600531,TYP_06,Marketplace / OLX Fraud,4854.72,Punjab,Amritsar,2025-06-13T17:57:00,2025-06-14T04:57:00,2025-06-14T05:14:00
CMP_202600532,TYP_02,Fake Loan App,15670.91,Haryana,District-63,2025-05-23T15:58:00,2025-05-24T08:58:00,2025-05-24T09:31:00
CMP_202600533,TYP_05,Sextortion,60274.82,Karnataka,District-51,2025-04-12T15:15:00,2025-04-12T22:15:00,2025-04-12T22:47:00
CMP_202600534,TYP_02,Fake Loan App,14949.66,Maharashtra,Pune,2025-06-01T20:07:00,2025-06-01T22:07:00,2025-06-01T22:22:00
CMP_202600535,TYP_02,Fake Loan App,18779.45,Karnataka,District-34,2025-03-28T11:10:00,2025-03-28T15:10:00,2025-03-28T15:59:00
CMP_202600536,TYP_03,Part-Time Job Scam,48594.96,Karnataka,District-51,2025-01-11T14:03:00,2025-01-11T20:03:00,2025-01-11T20:47:00
CMP_202600537,TYP_04,Investment / Crypto Scam,388386.78,Rajasthan,Alwar,2025-05-23T13:01:00,2025-05-23T16:01:00,2025-05-23T16:46:00
CMP_202600538,TYP_02,Fake Loan App,6939.13,Kerala,District-48,2025-02-08T14:07:00,2025-02-08T19:07:00,2025-02-08T19:43:00
CMP_202600539,TYP_02,Fake Loan App,18598.75,Telangana,Hyderabad,2025-04-25T07:00:00,2025-04-25T10:00:00,2025-04-25T10:23:00
CMP_202600540,TYP_02,Fake Loan App,4466.12,Rajasthan,District-46,2025-01-17T16:23:00,2025-01-17T22:23:00,2025-01-17T23:00:00
CMP_202600541,TYP_06,Marketplace / OLX Fraud,13163.7,Haryana,Mewat,2025-04-19T08:31:00,2025-04-19T20:31:00,2025-04-19T21:27:00
CMP_202600542,TYP_06,Marketplace / OLX Fraud,36702.66,West Bengal,Siliguri,2025-02-15T08:16:00,2025-02-17T00:16:00,2025-02-17T00:40:00
CMP_202600543,TYP_06,Marketplace / OLX Fraud,12197.02,Assam,District-28,2025-01-25T14:43:00,2025-01-25T19:43:00,2025-01-25T20:39:00
CMP_202600544,TYP_06,Marketplace / OLX Fraud,3325.6,Madhya Pradesh,District-52,2025-05-29T13:13:00,2025-05-30T07:13:00,2025-05-30T07:45:00
CMP_202600545,TYP_05,Sextortion,213883.55,Karnataka,District-34,2025-06-10T12:42:00,2025-06-10T17:42:00,2025-06-10T18:22:00
CMP_202600546,TYP_03,Part-Time Job Scam,55302.77,Gujarat,District-70,2025-03-09T14:15:00,2025-03-10T05:15:00,2025-03-10T06:14:00
CMP_202600547,TYP_06,Marketplace / OLX Fraud,8667.84,Punjab,Amritsar,2025-02-23T16:36:00,2025-02-24T08:36:00,2025-02-24T09:36:00
CMP_202600548,TYP_02,Fake Loan App,5844.53,Karnataka,District-61,2025-03-02T15:39:00,2025-03-03T13:39:00,2025-03-03T14:29:00
CMP_202600549,TYP_04,Investment / Crypto Scam,346886.29,Uttar Pradesh,District-33,2025-06-26T14:00:00,2025-06-28T06:00:00,2025-06-28T06:09:00
CMP_202600550,TYP_03,Part-Time Job Scam,136815.18,Jharkhand,Jamtara,2025-03-26T11:53:00,2025-03-26T15:53:00,2025-03-26T16:15:00
CMP_202600551,TYP_05,Sextortion,51205.87,Bihar,Purnia,2025-02-17T12:49:00,2025-02-17T15:49:00,2025-02-17T16:42:00
CMP_202600552,TYP_06,Marketplace / OLX Fraud,3899.93,Chhattisgarh,District-57,2025-01-01T20:13:00,2025-01-02T13:13:00,2025-01-02T13:53:00
CMP_202600553,TYP_01,OTP / KYC Fraud,8738.34,Andhra Pradesh,District-64,2025-03-11T15:01:00,2025-03-11T19:01:00,2025-03-11T19:49:00
CMP_202600554,TYP_03,Part-Time Job Scam,29205.51,Punjab,District-25,2025-05-11T16:42:00,2025-05-11T20:42:00,2025-05-11T21:09:00
CMP_202600555,TYP_02,Fake Loan App,45064.45,Odisha,District-27,2025-01-27T09:33:00,2025-01-28T03:33:00,2025-01-28T03:51:00
CMP_202600556,TYP_01,OTP / KYC Fraud,18112.62,Kerala,District-65,2025-04-20T13:02:00,2025-04-21T03:02:00,2025-04-21T03:44:00
CMP_202600557,TYP_02,Fake Loan App,39558.23,Uttar Pradesh,District-43,2025-06-07T11:18:00,2025-06-07T16:18:00,2025-06-07T16:58:00
CMP_202600558,TYP_01,OTP / KYC Fraud,18543.39,Karnataka,District-56,2025-06-28T17:58:00,2025-06-28T18:58:00,2025-06-28T19:13:00
CMP_202600559,TYP_06,Marketplace / OLX Fraud,9730.83,Rajasthan,District-62,2025-01-15T15:21:00,2025-01-19T18:21:00,2025-01-19T19:08:00
CMP_202600560,TYP_01,OTP / KYC Fraud,23183.89,Kerala,District-48,2025-04-13T14:19:00,2025-04-13T15:19:00,2025-04-13T15:53:00
CMP_202600561,TYP_01,OTP / KYC Fraud,9409.62,Odisha,District-54,2025-01-22T12:24:00,2025-01-22T14:24:00,2025-01-22T14:54:00
CMP_202600562,TYP_03,Part-Time Job Scam,168749.77,Karnataka,District-23,2025-03-07T10:30:00,2025-03-10T00:30:00,2025-03-10T01:02:00
CMP_202600563,TYP_05,Sextortion,13413.25,Odisha,District-68,2025-02-03T10:18:00,2025-02-05T13:18:00,2025-02-05T14:06:00
CMP_202600564,TYP_05,Sextortion,41208.23,West Bengal,District-66,2025-05-31T13:39:00,2025-06-01T07:39:00,2025-06-01T08:14:00
CMP_202600565,TYP_05,Sextortion,42846.36,Madhya Pradesh,District-69,2025-04-20T16:01:00,2025-04-20T17:01:00,2025-04-20T17:38:00
CMP_202600566,TYP_06,Marketplace / OLX Fraud,7782.9,Maharashtra,District-32,2025-04-15T10:12:00,2025-04-15T15:12:00,2025-04-15T15:19:00
CMP_202600567,TYP_01,OTP / KYC Fraud,34186.4,Madhya Pradesh,District-69,2025-02-27T15:01:00,2025-02-27T16:01:00,2025-02-27T16:44:00
CMP_202600568,TYP_04,Investment / Crypto Scam,3185593.66,Haryana,District-75,2025-04-21T17:40:00,2025-04-22T00:40:00,2025-04-22T00:49:00
CMP_202600569,TYP_05,Sextortion,27757.89,Odisha,District-27,2025-04-03T12:24:00,2025-04-04T16:24:00,2025-04-04T17:08:00
CMP_202600570,TYP_02,Fake Loan App,7530.0,Haryana,District-29,2025-05-27T14:16:00,2025-05-27T19:16:00,2025-05-27T20:04:00
CMP_202600571,TYP_02,Fake Loan App,15696.15,Odisha,District-68,2025-06-03T15:48:00,2025-06-03T22:48:00,2025-06-03T23:01:00
CMP_202600572,TYP_06,Marketplace / OLX Fraud,19678.22,Kerala,District-59,2025-05-01T15:18:00,2025-05-01T20:18:00,2025-05-01T20:57:00
CMP_202600573,TYP_06,Marketplace / OLX Fraud,6956.23,West Bengal,Siliguri,2025-06-05T16:20:00,2025-06-06T08:20:00,2025-06-06T09:15:00
CMP_202600574,TYP_05,Sextortion,55182.05,Telangana,Hyderabad,2025-06-14T14:23:00,2025-06-14T21:23:00,2025-06-14T22:14:00
CMP_202600575,TYP_03,Part-Time Job Scam,193530.55,Punjab,District-25,2025-06-29T13:00:00,2025-06-30T19:00:00,2025-06-30T19:29:00
CMP_202600576,TYP_05,Sextortion,17090.54,Tamil Nadu,District-49,2025-04-03T16:52:00,2025-04-03T21:52:00,2025-04-03T22:18:00
CMP_202600577,TYP_01,OTP / KYC Fraud,33592.92,Gujarat,District-31,2025-02-04T05:29:00,2025-02-05T08:29:00,2025-02-05T09:20:00
CMP_202600578,TYP_06,Marketplace / OLX Fraud,17458.7,Punjab,District-36,2025-04-30T12:28:00,2025-05-01T06:28:00,2025-05-01T07:10:00
CMP_202600579,TYP_02,Fake Loan App,14325.6,Haryana,Gurugram,2025-04-01T12:37:00,2025-04-01T15:37:00,2025-04-01T15:46:00
CMP_202600580,TYP_06,Marketplace / OLX Fraud,7804.57,Gujarat,District-50,2025-02-12T17:25:00,2025-02-13T10:25:00,2025-02-13T11:22:00
CMP_202600581,TYP_01,OTP / KYC Fraud,49289.26,Madhya Pradesh,District-52,2025-01-21T20:09:00,2025-01-22T00:09:00,2025-01-22T00:29:00
CMP_202600582,TYP_05,Sextortion,23290.28,Gujarat,District-50,2025-06-02T17:02:00,2025-06-02T22:02:00,2025-06-02T23:02:00
CMP_202600583,TYP_02,Fake Loan App,39680.32,Gujarat,District-50,2025-05-22T11:38:00,2025-05-22T17:38:00,2025-05-22T17:57:00
CMP_202600584,TYP_02,Fake Loan App,6916.07,Maharashtra,Pune,2025-03-04T16:45:00,2025-03-04T18:45:00,2025-03-04T19:10:00
CMP_202600585,TYP_03,Part-Time Job Scam,32396.5,Punjab,District-25,2025-03-28T00:22:00,2025-03-28T04:22:00,2025-03-28T05:11:00
CMP_202600586,TYP_02,Fake Loan App,12148.5,Uttar Pradesh,District-43,2025-03-29T11:40:00,2025-03-29T21:40:00,2025-03-29T21:47:00
CMP_202600587,TYP_03,Part-Time Job Scam,396483.43,Uttar Pradesh,Mathura,2025-02-09T12:59:00,2025-02-12T23:59:00,2025-02-13T00:18:00
CMP_202600588,TYP_05,Sextortion,65083.61,Jharkhand,Deoghar,2025-03-25T15:40:00,2025-03-25T22:40:00,2025-03-25T23:33:00
CMP_202600589,TYP_01,OTP / KYC Fraud,62580.02,Chhattisgarh,District-57,2025-04-26T13:39:00,2025-04-26T22:39:00,2025-04-26T23:12:00
CMP_202600590,TYP_02,Fake Loan App,22532.77,West Bengal,District-55,2025-03-18T17:52:00,2025-03-19T03:52:00,2025-03-19T03:58:00
CMP_202600591,TYP_06,Marketplace / OLX Fraud,4527.01,Andhra Pradesh,District-64,2025-04-04T12:28:00,2025-04-06T16:28:00,2025-04-06T17:18:00
CMP_202600592,TYP_05,Sextortion,72867.15,Telangana,District-39,2025-01-24T10:24:00,2025-01-24T23:24:00,2025-01-25T00:23:00
CMP_202600593,TYP_02,Fake Loan App,11427.96,Jharkhand,Deoghar,2025-04-19T21:04:00,2025-04-19T23:04:00,2025-04-19T23:37:00
CMP_202600594,TYP_01,OTP / KYC Fraud,12120.7,Uttar Pradesh,Noida,2025-06-15T13:53:00,2025-06-16T17:53:00,2025-06-16T18:16:00
CMP_202600595,TYP_05,Sextortion,107471.41,Jharkhand,District-72,2025-02-22T14:44:00,2025-02-24T07:44:00,2025-02-24T08:20:00
CMP_202600596,TYP_03,Part-Time Job Scam,193657.74,Rajasthan,Alwar,2025-06-03T15:47:00,2025-06-04T01:47:00,2025-06-04T02:16:00
CMP_202600597,TYP_01,OTP / KYC Fraud,8014.31,Gujarat,District-70,2025-01-11T14:04:00,2025-01-12T11:04:00,2025-01-12T11:22:00
CMP_202600598,TYP_02,Fake Loan App,15233.29,Haryana,Gurugram,2025-04-28T13:19:00,2025-04-28T23:19:00,2025-04-29T00:18:00
CMP_202600599,TYP_05,Sextortion,72024.31,Uttar Pradesh,District-43,2025-04-02T12:37:00,2025-04-03T12:37:00,2025-04-03T13:30:00
CMP_202600600,TYP_02,Fake Loan App,7530.94,Odisha,District-27,2025-03-11T12:49:00,2025-03-11T13:49:00,2025-03-11T14:12:00
CMP_202600601,TYP_06,Marketplace / OLX Fraud,4476.33,Maharashtra,District-30,2025-05-27T15:00:00,2025-05-28T03:00:00,2025-05-28T03:24:00
CMP_202600602,TYP_02,Fake Loan App,11337.8,Jharkhand,Jamtara,2025-04-06T13:43:00,2025-04-06T16:43:00,2025-04-06T17:18:00
CMP_202600603,TYP_02,Fake Loan App,12353.22,Bihar,District-38,2025-01-04T00:37:00,2025-01-04T12:37:00,2025-01-04T13:02:00
CMP_202600604,TYP_04,Investment / Crypto Scam,174654.37,West Bengal,Kolkata,2025-06-28T13:33:00,2025-06-28T16:33:00,2025-06-28T17:29:00
CMP_202600605,TYP_06,Marketplace / OLX Fraud,17711.69,Jharkhand,Jamtara,2025-03-21T15:13:00,2025-03-21T23:13:00,2025-03-21T23:55:00
CMP_202600606,TYP_05,Sextortion,20552.2,Odisha,District-22,2025-06-11T12:06:00,2025-06-14T05:06:00,2025-06-14T06:02:00
CMP_202600607,TYP_02,Fake Loan App,29937.52,Kerala,District-59,2025-01-14T20:26:00,2025-01-14T23:26:00,2025-01-15T00:12:00
CMP_202600608,TYP_02,Fake Loan App,10127.87,Uttar Pradesh,District-43,2025-06-15T19:44:00,2025-06-16T05:44:00,2025-06-16T06:10:00
CMP_202600609,TYP_05,Sextortion,15283.02,Rajasthan,Bharatpur,2025-03-16T10:50:00,2025-03-16T13:50:00,2025-03-16T14:04:00
CMP_202600610,TYP_06,Marketplace / OLX Fraud,10065.77,Odisha,District-73,2025-02-06T10:01:00,2025-02-08T06:01:00,2025-02-08T06:12:00
CMP_202600611,TYP_05,Sextortion,12938.89,Tamil Nadu,Chennai,2025-03-23T15:14:00,2025-03-26T12:14:00,2025-03-26T13:14:00
CMP_202600612,TYP_06,Marketplace / OLX Fraud,10638.46,Telangana,Hyderabad,2025-01-25T17:42:00,2025-01-29T15:42:00,2025-01-29T16:34:00
CMP_202600613,TYP_05,Sextortion,18751.87,Odisha,District-27,2025-02-27T15:36:00,2025-02-27T17:36:00,2025-02-27T17:47:00
CMP_202600614,TYP_03,Part-Time Job Scam,79233.41,Uttar Pradesh,District-37,2025-03-27T17:08:00,2025-03-27T20:08:00,2025-03-27T20:26:00
CMP_202600615,TYP_03,Part-Time Job Scam,178694.18,Karnataka,Bengaluru Urban,2025-02-14T11:16:00,2025-02-15T16:16:00,2025-02-15T16:58:00
CMP_202600616,TYP_02,Fake Loan App,35268.85,Haryana,Mewat,2025-03-27T15:44:00,2025-03-28T04:44:00,2025-03-28T05:00:00
CMP_202600617,TYP_03,Part-Time Job Scam,98903.97,Haryana,District-75,2025-06-28T15:23:00,2025-06-30T23:23:00,2025-06-30T23:38:00
CMP_202600618,TYP_02,Fake Loan App,10539.71,Maharashtra,District-32,2025-02-09T07:18:00,2025-02-09T10:18:00,2025-02-09T10:35:00
CMP_202600619,TYP_05,Sextortion,39768.49,Andhra Pradesh,District-44,2025-05-02T12:05:00,2025-05-03T02:05:00,2025-05-03T02:20:00
CMP_202600620,TYP_06,Marketplace / OLX Fraud,3929.78,West Bengal,District-55,2025-03-05T13:42:00,2025-03-07T20:42:00,2025-03-07T21:23:00
CMP_202600621,TYP_02,Fake Loan App,12561.65,Gujarat,District-31,2025-06-07T07:38:00,2025-06-07T11:38:00,2025-06-07T12:31:00
CMP_202600622,TYP_02,Fake Loan App,2565.14,Rajasthan,District-62,2025-05-22T12:57:00,2025-05-23T12:57:00,2025-05-23T13:47:00
CMP_202600623,TYP_02,Fake Loan App,17191.89,Uttar Pradesh,District-37,2025-04-12T12:50:00,2025-04-13T02:50:00,2025-04-13T03:07:00
CMP_202600624,TYP_02,Fake Loan App,3479.03,Punjab,Amritsar,2025-05-30T17:55:00,2025-05-30T18:55:00,2025-05-30T19:51:00
CMP_202600625,TYP_05,Sextortion,119381.83,Bihar,District-38,2025-05-26T16:29:00,2025-05-27T04:29:00,2025-05-27T04:39:00
CMP_202600626,TYP_02,Fake Loan App,49059.78,Uttar Pradesh,Mathura,2025-04-10T17:06:00,2025-04-11T09:06:00,2025-04-11T09:21:00
CMP_202600627,TYP_05,Sextortion,39797.82,Odisha,District-73,2025-06-04T05:17:00,2025-06-05T06:17:00,2025-06-05T07:08:00
CMP_202600628,TYP_05,Sextortion,20094.79,Uttar Pradesh,District-37,2025-01-12T13:52:00,2025-01-12T19:52:00,2025-01-12T20:33:00
CMP_202600629,TYP_02,Fake Loan App,18181.57,Gujarat,District-70,2025-01-24T21:06:00,2025-01-25T00:06:00,2025-01-25T00:36:00
CMP_202600630,TYP_01,OTP / KYC Fraud,6499.16,Tamil Nadu,Chennai,2025-02-08T11:33:00,2025-02-09T03:33:00,2025-02-09T04:13:00
CMP_202600631,TYP_04,Investment / Crypto Scam,524525.04,Maharashtra,District-32,2025-03-16T17:09:00,2025-03-17T07:09:00,2025-03-17T07:21:00
CMP_202600632,TYP_03,Part-Time Job Scam,100991.6,Andhra Pradesh,District-26,2025-01-20T15:27:00,2025-01-21T00:27:00,2025-01-21T00:35:00
CMP_202600633,TYP_03,Part-Time Job Scam,72014.01,Assam,District-21,2025-05-14T17:35:00,2025-05-15T07:35:00,2025-05-15T08:31:00
CMP_202600634,TYP_03,Part-Time Job Scam,94046.9,Tamil Nadu,Chennai,2025-06-13T16:31:00,2025-06-14T04:31:00,2025-06-14T04:55:00
CMP_202600635,TYP_05,Sextortion,73953.37,Maharashtra,District-32,2025-06-14T10:09:00,2025-06-15T03:09:00,2025-06-15T03:21:00
CMP_202600636,TYP_01,OTP / KYC Fraud,71885.19,Gujarat,District-24,2025-04-10T14:04:00,2025-04-10T19:04:00,2025-04-10T19:35:00
CMP_202600637,TYP_02,Fake Loan App,38504.15,Haryana,Gurugram,2025-04-30T14:37:00,2025-05-01T07:37:00,2025-05-01T08:16:00
CMP_202600638,TYP_01,OTP / KYC Fraud,66802.03,Haryana,District-29,2025-01-15T22:01:00,2025-01-17T02:01:00,2025-01-17T02:29:00
CMP_202600639,TYP_02,Fake Loan App,25913.96,Haryana,Mewat,2025-04-27T04:09:00,2025-04-27T12:09:00,2025-04-27T12:38:00
CMP_202600640,TYP_02,Fake Loan App,5646.37,Karnataka,Bengaluru Urban,2025-04-07T17:32:00,2025-04-07T22:32:00,2025-04-07T23:18:00
CMP_202600641,TYP_03,Part-Time Job Scam,410717.15,Karnataka,Bengaluru Urban,2025-01-01T07:40:00,2025-01-01T17:40:00,2025-01-01T18:37:00
CMP_202600642,TYP_02,Fake Loan App,18986.19,Punjab,Amritsar,2025-05-18T11:09:00,2025-05-18T14:09:00,2025-05-18T14:14:00
CMP_202600643,TYP_04,Investment / Crypto Scam,318682.96,Gujarat,District-24,2025-02-14T09:35:00,2025-02-14T16:35:00,2025-02-14T16:49:00
CMP_202600644,TYP_03,Part-Time Job Scam,95372.27,Telangana,District-39,2025-01-09T14:00:00,2025-01-09T18:00:00,2025-01-09T18:22:00
CMP_202600645,TYP_06,Marketplace / OLX Fraud,17587.92,West Bengal,Siliguri,2025-01-02T13:50:00,2025-01-02T21:50:00,2025-01-02T22:22:00
CMP_202600646,TYP_01,OTP / KYC Fraud,17299.96,Telangana,Hyderabad,2025-03-18T12:06:00,2025-03-18T19:06:00,2025-03-18T19:50:00
CMP_202600647,TYP_02,Fake Loan App,3055.29,Madhya Pradesh,District-53,2025-04-27T14:18:00,2025-04-28T02:18:00,2025-04-28T03:09:00
CMP_202600648,TYP_06,Marketplace / OLX Fraud,4963.62,Telangana,Hyderabad,2025-06-22T11:14:00,2025-06-22T15:14:00,2025-06-22T15:48:00
CMP_202600649,TYP_02,Fake Loan App,12166.93,Karnataka,District-74,2025-01-04T13:20:00,2025-01-04T17:20:00,2025-01-04T18:17:00
CMP_202600650,TYP_05,Sextortion,30858.8,Delhi,South Delhi,2025-05-20T11:48:00,2025-05-20T14:48:00,2025-05-20T15:10:00
CMP_202600651,TYP_06,Marketplace / OLX Fraud,10491.39,Uttar Pradesh,District-43,2025-04-18T19:29:00,2025-04-19T04:29:00,2025-04-19T04:49:00
CMP_202600652,TYP_01,OTP / KYC Fraud,68074.52,Gujarat,Ahmedabad,2025-02-05T13:22:00,2025-02-05T18:22:00,2025-02-05T18:41:00
CMP_202600653,TYP_02,Fake Loan App,22570.95,West Bengal,Siliguri,2025-03-20T11:07:00,2025-03-20T21:07:00,2025-03-20T21:58:00
CMP_202600654,TYP_05,Sextortion,13408.79,Kerala,District-48,2025-04-26T20:03:00,2025-04-27T06:03:00,2025-04-27T06:23:00
CMP_202600655,TYP_05,Sextortion,34588.18,Punjab,Amritsar,2025-06-04T15:27:00,2025-06-04T22:27:00,2025-06-04T22:57:00
CMP_202600656,TYP_02,Fake Loan App,22261.97,Telangana,Hyderabad,2025-03-19T18:05:00,2025-03-20T03:05:00,2025-03-20T03:36:00
CMP_202600657,TYP_05,Sextortion,124897.25,Rajasthan,District-46,2025-01-09T13:13:00,2025-01-09T14:13:00,2025-01-09T14:25:00
CMP_202600658,TYP_02,Fake Loan App,11746.37,Andhra Pradesh,District-44,2025-04-07T14:45:00,2025-04-08T01:45:00,2025-04-08T02:35:00
CMP_202600659,TYP_06,Marketplace / OLX Fraud,5402.27,Madhya Pradesh,District-40,2025-01-01T11:46:00,2025-01-04T10:46:00,2025-01-04T11:19:00
CMP_202600660,TYP_03,Part-Time Job Scam,68118.11,Uttar Pradesh,District-37,2025-03-26T12:24:00,2025-03-26T14:24:00,2025-03-26T14:47:00
CMP_202600661,TYP_06,Marketplace / OLX Fraud,1079.2,Andhra Pradesh,District-44,2025-01-15T13:22:00,2025-01-16T12:22:00,2025-01-16T12:38:00
CMP_202600662,TYP_03,Part-Time Job Scam,91258.45,Karnataka,District-51,2025-05-03T00:40:00,2025-05-03T07:40:00,2025-05-03T08:20:00
CMP_202600663,TYP_06,Marketplace / OLX Fraud,31380.94,Bihar,Purnia,2025-01-19T12:55:00,2025-01-19T20:55:00,2025-01-19T21:08:00
CMP_202600664,TYP_03,Part-Time Job Scam,87886.59,Maharashtra,District-32,2025-05-26T14:48:00,2025-05-27T02:48:00,2025-05-27T03:27:00
CMP_202600665,TYP_01,OTP / KYC Fraud,7101.5,Kerala,District-65,2025-04-08T09:24:00,2025-04-09T09:24:00,2025-04-09T10:08:00
CMP_202600666,TYP_01,OTP / KYC Fraud,28292.44,Odisha,District-68,2025-02-05T15:02:00,2025-02-05T17:02:00,2025-02-05T17:13:00
CMP_202600667,TYP_03,Part-Time Job Scam,44192.76,Karnataka,District-34,2025-05-16T17:28:00,2025-05-16T20:28:00,2025-05-16T21:05:00
CMP_202600668,TYP_02,Fake Loan App,31751.09,Uttar Pradesh,District-43,2025-01-29T07:09:00,2025-01-29T12:09:00,2025-01-29T13:06:00
CMP_202600669,TYP_03,Part-Time Job Scam,204372.74,Uttar Pradesh,District-33,2025-06-25T19:56:00,2025-06-26T14:56:00,2025-06-26T15:18:00
CMP_202600670,TYP_02,Fake Loan App,6768.18,Andhra Pradesh,District-64,2025-05-26T11:29:00,2025-05-27T03:29:00,2025-05-27T04:28:00
CMP_202600671,TYP_06,Marketplace / OLX Fraud,7904.16,Odisha,District-68,2025-02-04T10:05:00,2025-02-05T02:05:00,2025-02-05T02:28:00
CMP_202600672,TYP_02,Fake Loan App,38112.55,Haryana,District-63,2025-04-13T12:49:00,2025-04-13T15:49:00,2025-04-13T16:40:00
CMP_202600673,TYP_01,OTP / KYC Fraud,13327.2,Andhra Pradesh,District-67,2025-03-16T12:32:00,2025-03-16T15:32:00,2025-03-16T15:54:00
CMP_202600674,TYP_06,Marketplace / OLX Fraud,4746.02,Uttar Pradesh,District-33,2025-06-05T22:58:00,2025-06-06T01:58:00,2025-06-06T02:21:00
CMP_202600675,TYP_02,Fake Loan App,16823.25,Uttar Pradesh,District-43,2025-03-16T17:25:00,2025-03-17T09:25:00,2025-03-17T09:37:00
CMP_202600676,TYP_03,Part-Time Job Scam,48334.1,Assam,District-28,2025-03-26T18:12:00,2025-03-27T07:12:00,2025-03-27T07:50:00
CMP_202600677,TYP_03,Part-Time Job Scam,107999.64,Chhattisgarh,District-71,2025-03-09T14:02:00,2025-03-10T03:02:00,2025-03-10T03:12:00
CMP_202600678,TYP_03,Part-Time Job Scam,60669.05,Haryana,District-75,2025-05-14T16:12:00,2025-05-14T22:12:00,2025-05-14T22:59:00
CMP_202600679,TYP_02,Fake Loan App,3854.69,Karnataka,District-42,2025-04-23T17:45:00,2025-04-23T19:45:00,2025-04-23T19:59:00
CMP_202600680,TYP_02,Fake Loan App,42965.71,Madhya Pradesh,District-52,2025-06-18T23:09:00,2025-06-20T20:09:00,2025-06-20T20:20:00
CMP_202600681,TYP_02,Fake Loan App,11933.53,Haryana,District-63,2025-06-04T14:55:00,2025-06-04T18:55:00,2025-06-04T19:13:00
CMP_202600682,TYP_02,Fake Loan App,15346.74,West Bengal,District-55,2025-01-28T14:15:00,2025-01-29T15:15:00,2025-01-29T15:20:00
CMP_202600683,TYP_05,Sextortion,54225.36,Punjab,Amritsar,2025-03-23T20:08:00,2025-03-24T23:08:00,2025-03-24T23:57:00
CMP_202600684,TYP_01,OTP / KYC Fraud,23771.66,Karnataka,District-61,2025-01-25T15:48:00,2025-01-26T00:48:00,2025-01-26T01:32:00
CMP_202600685,TYP_05,Sextortion,29076.14,Tamil Nadu,District-49,2025-05-15T14:54:00,2025-05-16T14:54:00,2025-05-16T15:14:00
CMP_202600686,TYP_03,Part-Time Job Scam,214425.83,Assam,District-21,2025-03-14T19:08:00,2025-03-15T16:08:00,2025-03-15T16:56:00
CMP_202600687,TYP_06,Marketplace / OLX Fraud,33061.51,Uttar Pradesh,District-37,2025-05-03T08:42:00,2025-05-03T12:42:00,2025-05-03T13:02:00
CMP_202600688,TYP_06,Marketplace / OLX Fraud,13956.66,Odisha,District-27,2025-06-21T13:16:00,2025-06-21T14:16:00,2025-06-21T15:15:00
CMP_202600689,TYP_03,Part-Time Job Scam,238050.98,Uttar Pradesh,District-37,2025-05-10T11:32:00,2025-05-10T20:32:00,2025-05-10T21:22:00
CMP_202600690,TYP_03,Part-Time Job Scam,174224.58,Bihar,Purnia,2025-01-06T17:56:00,2025-01-07T11:56:00,2025-01-07T12:14:00
CMP_202600691,TYP_02,Fake Loan App,13954.25,Karnataka,Bengaluru Urban,2025-01-11T15:51:00,2025-01-11T21:51:00,2025-01-11T21:58:00
CMP_202600692,TYP_02,Fake Loan App,45247.56,West Bengal,Kolkata,2025-01-23T16:19:00,2025-01-24T08:19:00,2025-01-24T09:06:00
CMP_202600693,TYP_05,Sextortion,102304.44,Andhra Pradesh,District-26,2025-03-02T09:20:00,2025-03-02T11:20:00,2025-03-02T11:51:00
CMP_202600694,TYP_02,Fake Loan App,41413.66,Jharkhand,Deoghar,2025-01-01T12:51:00,2025-01-01T15:51:00,2025-01-01T16:15:00
CMP_202600695,TYP_06,Marketplace / OLX Fraud,13838.48,Gujarat,District-24,2025-06-09T08:43:00,2025-06-10T07:43:00,2025-06-10T07:51:00
CMP_202600696,TYP_03,Part-Time Job Scam,48807.03,Punjab,Amritsar,2025-02-05T14:43:00,2025-02-05T17:43:00,2025-02-05T18:28:00
CMP_202600697,TYP_02,Fake Loan App,14376.7,Uttar Pradesh,District-33,2025-04-28T12:54:00,2025-04-28T21:54:00,2025-04-28T21:59:00
CMP_202600698,TYP_06,Marketplace / OLX Fraud,15823.73,Chhattisgarh,District-71,2025-02-24T14:43:00,2025-02-25T04:43:00,2025-02-25T05:37:00
CMP_202600699,TYP_05,Sextortion,75813.52,West Bengal,District-55,2025-06-05T16:14:00,2025-06-05T23:14:00,2025-06-05T23:49:00
CMP_202600700,TYP_05,Sextortion,24262.97,West Bengal,District-55,2025-05-03T13:44:00,2025-05-04T05:44:00,2025-05-04T06:44:00
CMP_202600701,TYP_02,Fake Loan App,24796.09,Punjab,District-25,2025-04-25T17:41:00,2025-04-26T14:41:00,2025-04-26T15:11:00
CMP_202600702,TYP_03,Part-Time Job Scam,137525.94,Tamil Nadu,District-49,2025-03-17T06:01:00,2025-03-17T11:01:00,2025-03-17T11:41:00
CMP_202600703,TYP_03,Part-Time Job Scam,73976.47,Uttar Pradesh,Noida,2025-03-16T05:07:00,2025-03-16T10:07:00,2025-03-16T11:01:00
CMP_202600704,TYP_02,Fake Loan App,22327.62,Rajasthan,District-46,2025-04-12T06:22:00,2025-04-12T08:22:00,2025-04-12T09:18:00
CMP_202600705,TYP_05,Sextortion,60387.35,Maharashtra,Pune,2025-01-15T16:55:00,2025-01-16T02:55:00,2025-01-16T03:41:00
CMP_202600706,TYP_05,Sextortion,107201.1,Andhra Pradesh,District-67,2025-04-25T14:35:00,2025-04-25T18:35:00,2025-04-25T19:33:00
CMP_202600707,TYP_03,Part-Time Job Scam,876330.13,Haryana,Gurugram,2025-06-14T14:32:00,2025-06-15T00:32:00,2025-06-15T01:02:00
CMP_202600708,TYP_04,Investment / Crypto Scam,711478.69,Gujarat,District-50,2025-02-13T03:56:00,2025-02-13T07:56:00,2025-02-13T08:03:00
CMP_202600709,TYP_03,Part-Time Job Scam,279449.42,Gujarat,District-50,2025-06-16T23:45:00,2025-06-17T06:45:00,2025-06-17T07:17:00
CMP_202600710,TYP_02,Fake Loan App,23848.29,Andhra Pradesh,District-64,2025-06-26T20:05:00,2025-06-26T21:05:00,2025-06-26T22:01:00
CMP_202600711,TYP_02,Fake Loan App,45310.04,Andhra Pradesh,District-64,2025-03-07T15:03:00,2025-03-15T23:03:00,2025-03-15T23:54:00
CMP_202600712,TYP_03,Part-Time Job Scam,203079.74,Jharkhand,District-72,2025-02-28T12:42:00,2025-02-28T13:42:00,2025-02-28T14:09:00
CMP_202600713,TYP_03,Part-Time Job Scam,75034.92,Bihar,District-38,2025-03-04T12:10:00,2025-03-04T13:10:00,2025-03-04T14:04:00
CMP_202600714,TYP_03,Part-Time Job Scam,267053.02,Maharashtra,District-47,2025-01-09T10:38:00,2025-01-09T17:38:00,2025-01-09T17:54:00
CMP_202600715,TYP_06,Marketplace / OLX Fraud,18857.45,Punjab,District-36,2025-02-14T04:58:00,2025-02-14T18:58:00,2025-02-14T19:51:00
CMP_202600716,TYP_06,Marketplace / OLX Fraud,51767.47,Karnataka,Bengaluru Urban,2025-03-03T14:35:00,2025-03-04T05:35:00,2025-03-04T05:41:00
CMP_202600717,TYP_01,OTP / KYC Fraud,15057.03,Punjab,Amritsar,2025-04-29T12:38:00,2025-04-29T16:38:00,2025-04-29T16:59:00
CMP_202600718,TYP_02,Fake Loan App,7778.62,Rajasthan,District-46,2025-05-28T15:01:00,2025-05-29T09:01:00,2025-05-29T09:23:00
CMP_202600719,TYP_02,Fake Loan App,1865.61,Tamil Nadu,District-49,2025-02-16T14:51:00,2025-02-16T15:51:00,2025-02-16T16:38:00
CMP_202600720,TYP_02,Fake Loan App,74929.43,Andhra Pradesh,District-44,2025-01-21T10:16:00,2025-01-21T22:16:00,2025-01-21T23:01:00
CMP_202600721,TYP_05,Sextortion,113769.35,Jharkhand,District-45,2025-04-02T18:20:00,2025-04-02T23:20:00,2025-04-03T00:13:00
CMP_202600722,TYP_06,Marketplace / OLX Fraud,5041.57,West Bengal,District-66,2025-03-07T14:33:00,2025-03-08T04:33:00,2025-03-08T04:45:00
CMP_202600723,TYP_02,Fake Loan App,14058.03,Odisha,District-54,2025-04-23T15:14:00,2025-04-24T04:14:00,2025-04-24T05:02:00
CMP_202600724,TYP_02,Fake Loan App,14161.81,Haryana,Mewat,2025-06-18T19:18:00,2025-06-18T22:18:00,2025-06-18T23:04:00
CMP_202600725,TYP_02,Fake Loan App,4722.49,Uttar Pradesh,Mathura,2025-03-05T17:16:00,2025-03-08T00:16:00,2025-03-08T00:29:00
CMP_202600726,TYP_03,Part-Time Job Scam,35576.22,Maharashtra,District-32,2025-04-22T12:56:00,2025-04-22T23:56:00,2025-04-23T00:40:00
CMP_202600727,TYP_06,Marketplace / OLX Fraud,11533.24,Haryana,District-75,2025-01-30T10:43:00,2025-02-01T07:43:00,2025-02-01T08:17:00
CMP_202600728,TYP_02,Fake Loan App,15485.28,West Bengal,District-66,2025-01-29T11:53:00,2025-01-29T21:53:00,2025-01-29T22:25:00
CMP_202600729,TYP_02,Fake Loan App,18472.08,Karnataka,District-51,2025-05-26T16:57:00,2025-05-27T15:57:00,2025-05-27T16:06:00
CMP_202600730,TYP_01,OTP / KYC Fraud,60650.9,Andhra Pradesh,District-58,2025-05-05T10:00:00,2025-05-05T11:00:00,2025-05-05T11:33:00
CMP_202600731,TYP_03,Part-Time Job Scam,69223.75,Jharkhand,District-72,2025-06-06T06:02:00,2025-06-06T10:02:00,2025-06-06T10:20:00
CMP_202600732,TYP_05,Sextortion,91029.77,West Bengal,District-35,2025-01-03T06:38:00,2025-01-04T19:38:00,2025-01-04T20:32:00
CMP_202600733,TYP_04,Investment / Crypto Scam,250826.77,Maharashtra,Pune,2025-01-20T11:56:00,2025-01-21T13:56:00,2025-01-21T14:16:00
CMP_202600734,TYP_03,Part-Time Job Scam,91799.9,Rajasthan,Bharatpur,2025-03-04T08:15:00,2025-03-04T22:15:00,2025-03-04T22:37:00
CMP_202600735,TYP_03,Part-Time Job Scam,67365.61,Karnataka,District-23,2025-01-09T10:49:00,2025-01-09T13:49:00,2025-01-09T14:29:00
CMP_202600736,TYP_06,Marketplace / OLX Fraud,7069.4,Maharashtra,District-32,2025-04-08T16:38:00,2025-04-08T20:38:00,2025-04-08T20:43:00
CMP_202600737,TYP_03,Part-Time Job Scam,15677.57,Jharkhand,Jamtara,2025-03-07T09:44:00,2025-03-08T15:44:00,2025-03-08T16:34:00
CMP_202600738,TYP_02,Fake Loan App,33512.13,Uttar Pradesh,Mathura,2025-02-16T12:13:00,2025-02-16T15:13:00,2025-02-16T15:47:00
CMP_202600739,TYP_02,Fake Loan App,55617.32,Telangana,District-39,2025-04-03T16:16:00,2025-04-03T23:16:00,2025-04-03T23:44:00
CMP_202600740,TYP_06,Marketplace / OLX Fraud,6545.32,Gujarat,District-24,2025-04-27T13:27:00,2025-04-28T08:27:00,2025-04-28T09:03:00
CMP_202600741,TYP_02,Fake Loan App,16871.81,Gujarat,District-31,2025-05-30T08:22:00,2025-05-30T17:22:00,2025-05-30T17:52:00
CMP_202600742,TYP_04,Investment / Crypto Scam,482351.19,Rajasthan,District-62,2025-03-15T08:52:00,2025-03-15T09:52:00,2025-03-15T09:59:00
CMP_202600743,TYP_02,Fake Loan App,28842.2,Tamil Nadu,District-49,2025-02-15T14:31:00,2025-02-16T04:31:00,2025-02-16T05:03:00
CMP_202600744,TYP_05,Sextortion,51907.3,Jharkhand,Deoghar,2025-06-03T17:25:00,2025-06-04T22:25:00,2025-06-04T23:04:00
CMP_202600745,TYP_05,Sextortion,34489.91,West Bengal,District-66,2025-05-04T11:59:00,2025-05-04T21:59:00,2025-05-04T22:05:00
CMP_202600746,TYP_02,Fake Loan App,17370.72,Odisha,District-22,2025-05-04T08:59:00,2025-05-04T13:59:00,2025-05-04T14:07:00
CMP_202600747,TYP_04,Investment / Crypto Scam,886335.33,Jharkhand,Jamtara,2025-05-20T12:28:00,2025-05-20T19:28:00,2025-05-20T19:43:00
CMP_202600748,TYP_02,Fake Loan App,14055.68,Uttar Pradesh,Mathura,2025-05-06T15:07:00,2025-05-07T09:07:00,2025-05-07T09:19:00
CMP_202600749,TYP_05,Sextortion,62376.16,Chhattisgarh,District-71,2025-06-08T17:34:00,2025-06-09T03:34:00,2025-06-09T04:21:00
CMP_202600750,TYP_06,Marketplace / OLX Fraud,1762.01,Odisha,District-54,2025-01-27T10:26:00,2025-01-27T13:26:00,2025-01-27T14:09:00
CMP_202600751,TYP_04,Investment / Crypto Scam,349231.7,West Bengal,Kolkata,2025-01-30T10:48:00,2025-01-30T19:48:00,2025-01-30T20:06:00
CMP_202600752,TYP_05,Sextortion,35112.32,Jharkhand,Deoghar,2025-04-10T10:14:00,2025-04-10T19:14:00,2025-04-10T20:10:00
CMP_202600753,TYP_06,Marketplace / OLX Fraud,19768.54,Chhattisgarh,District-71,2025-02-01T13:09:00,2025-02-02T07:09:00,2025-02-02T07:44:00
CMP_202600754,TYP_05,Sextortion,75462.92,Karnataka,District-42,2025-05-23T12:56:00,2025-05-23T15:56:00,2025-05-23T16:05:00
CMP_202600755,TYP_04,Investment / Crypto Scam,885363.3,Gujarat,District-24,2025-06-30T09:12:00,2025-06-30T23:12:00,2025-06-30T23:42:00
CMP_202600756,TYP_05,Sextortion,54811.08,Rajasthan,District-46,2025-03-08T20:06:00,2025-03-08T23:06:00,2025-03-09T00:03:00
CMP_202600757,TYP_02,Fake Loan App,47079.54,Assam,District-28,2025-01-14T17:38:00,2025-01-15T05:38:00,2025-01-15T05:58:00
CMP_202600758,TYP_01,OTP / KYC Fraud,15917.73,Maharashtra,District-47,2025-05-29T10:34:00,2025-05-29T14:34:00,2025-05-29T15:08:00
CMP_202600759,TYP_03,Part-Time Job Scam,84371.63,Odisha,District-54,2025-04-13T10:32:00,2025-04-13T13:32:00,2025-04-13T13:41:00
CMP_202600760,TYP_02,Fake Loan App,63526.32,Haryana,District-29,2025-06-30T09:18:00,2025-06-30T23:18:00,2025-06-30T23:23:00
CMP_202600761,TYP_02,Fake Loan App,12530.3,Rajasthan,Bharatpur,2025-06-26T18:39:00,2025-06-27T00:39:00,2025-06-27T01:17:00
CMP_202600762,TYP_03,Part-Time Job Scam,325826.38,Gujarat,District-24,2025-03-02T13:27:00,2025-03-02T17:27:00,2025-03-02T17:52:00
CMP_202600763,TYP_02,Fake Loan App,8528.44,Karnataka,Bengaluru Urban,2025-06-28T17:38:00,2025-06-28T20:38:00,2025-06-28T21:02:00
CMP_202600764,TYP_06,Marketplace / OLX Fraud,33929.71,West Bengal,District-66,2025-04-20T10:42:00,2025-04-20T11:42:00,2025-04-20T11:51:00
CMP_202600765,TYP_06,Marketplace / OLX Fraud,21370.06,Gujarat,Ahmedabad,2025-05-11T12:58:00,2025-05-12T16:58:00,2025-05-12T17:55:00
CMP_202600766,TYP_02,Fake Loan App,16553.63,Gujarat,District-70,2025-02-19T12:38:00,2025-02-20T07:38:00,2025-02-20T08:26:00
CMP_202600767,TYP_05,Sextortion,28629.95,Kerala,District-65,2025-04-22T10:49:00,2025-04-22T11:49:00,2025-04-22T12:45:00
CMP_202600768,TYP_02,Fake Loan App,14246.8,Delhi,South Delhi,2025-04-26T00:17:00,2025-04-26T09:17:00,2025-04-26T09:35:00
CMP_202600769,TYP_02,Fake Loan App,12592.77,Maharashtra,Mumbai,2025-03-05T18:36:00,2025-03-06T11:36:00,2025-03-06T12:08:00
CMP_202600770,TYP_03,Part-Time Job Scam,97839.35,Karnataka,District-34,2025-04-28T20:07:00,2025-05-01T15:07:00,2025-05-01T16:03:00
CMP_202600771,TYP_02,Fake Loan App,89472.12,Madhya Pradesh,District-52,2025-06-20T13:24:00,2025-06-20T16:24:00,2025-06-20T17:02:00
CMP_202600772,TYP_02,Fake Loan App,15497.91,Rajasthan,District-62,2025-04-02T12:26:00,2025-04-03T01:26:00,2025-04-03T01:58:00
CMP_202600773,TYP_05,Sextortion,52245.28,Delhi,South Delhi,2025-03-13T16:20:00,2025-03-14T07:20:00,2025-03-14T08:13:00
CMP_202600774,TYP_04,Investment / Crypto Scam,745556.48,Haryana,District-63,2025-03-29T18:19:00,2025-03-30T16:19:00,2025-03-30T16:26:00
CMP_202600775,TYP_02,Fake Loan App,7150.69,Tamil Nadu,Chennai,2025-02-03T09:21:00,2025-02-03T11:21:00,2025-02-03T11:29:00
CMP_202600776,TYP_03,Part-Time Job Scam,216808.22,Madhya Pradesh,District-53,2025-03-05T16:33:00,2025-03-05T17:33:00,2025-03-05T18:19:00
CMP_202600777,TYP_03,Part-Time Job Scam,28413.81,Delhi,South Delhi,2025-01-22T12:01:00,2025-01-25T14:01:00,2025-01-25T14:55:00
CMP_202600778,TYP_01,OTP / KYC Fraud,4437.74,Assam,District-28,2025-06-10T12:38:00,2025-06-12T08:38:00,2025-06-12T08:59:00
CMP_202600779,TYP_03,Part-Time Job Scam,120011.01,Karnataka,District-23,2025-06-22T17:26:00,2025-06-22T23:26:00,2025-06-22T23:39:00
CMP_202600780,TYP_03,Part-Time Job Scam,66655.01,Kerala,District-65,2025-03-27T10:08:00,2025-03-29T05:08:00,2025-03-29T05:50:00
CMP_202600781,TYP_03,Part-Time Job Scam,91699.21,Karnataka,District-61,2025-04-10T16:29:00,2025-04-11T17:29:00,2025-04-11T18:00:00
CMP_202600782,TYP_02,Fake Loan App,73040.84,Odisha,District-27,2025-06-16T08:49:00,2025-06-16T23:49:00,2025-06-17T00:07:00
CMP_202600783,TYP_02,Fake Loan App,13125.78,Rajasthan,District-46,2025-05-10T13:09:00,2025-05-10T16:09:00,2025-05-10T16:29:00
CMP_202600784,TYP_01,OTP / KYC Fraud,22534.4,Maharashtra,District-47,2025-03-04T18:21:00,2025-03-06T04:21:00,2025-03-06T04:37:00
CMP_202600785,TYP_01,OTP / KYC Fraud,71591.48,Madhya Pradesh,District-52,2025-03-22T09:05:00,2025-03-24T03:05:00,2025-03-24T03:15:00
CMP_202600786,TYP_06,Marketplace / OLX Fraud,2650.27,Gujarat,District-50,2025-05-21T14:56:00,2025-05-25T02:56:00,2025-05-25T03:10:00
CMP_202600787,TYP_01,OTP / KYC Fraud,42528.28,West Bengal,District-55,2025-02-14T16:58:00,2025-02-16T06:58:00,2025-02-16T07:12:00
CMP_202600788,TYP_02,Fake Loan App,6993.05,West Bengal,Siliguri,2025-01-01T19:12:00,2025-01-02T05:12:00,2025-01-02T05:37:00
CMP_202600789,TYP_03,Part-Time Job Scam,106991.9,Rajasthan,District-46,2025-01-22T13:34:00,2025-01-22T20:34:00,2025-01-22T21:26:00
CMP_202600790,TYP_03,Part-Time Job Scam,467052.78,Uttar Pradesh,Noida,2025-05-10T12:43:00,2025-05-10T15:43:00,2025-05-10T16:00:00
CMP_202600791,TYP_02,Fake Loan App,22381.64,Chhattisgarh,District-71,2025-06-04T09:20:00,2025-06-04T17:20:00,2025-06-04T17:46:00
CMP_202600792,TYP_05,Sextortion,155826.91,Uttar Pradesh,District-43,2025-04-03T03:51:00,2025-04-03T08:51:00,2025-04-03T09:29:00
CMP_202600793,TYP_03,Part-Time Job Scam,108901.61,Madhya Pradesh,District-69,2025-05-27T17:05:00,2025-05-27T19:05:00,2025-05-27T19:45:00
CMP_202600794,TYP_05,Sextortion,27054.13,Uttar Pradesh,Mathura,2025-06-26T14:38:00,2025-06-27T04:38:00,2025-06-27T05:06:00
CMP_202600795,TYP_05,Sextortion,54975.31,Karnataka,District-23,2025-01-17T08:32:00,2025-01-18T01:32:00,2025-01-18T01:57:00
CMP_202600796,TYP_05,Sextortion,33429.34,Maharashtra,District-47,2025-02-20T13:54:00,2025-02-20T20:54:00,2025-02-20T21:02:00
CMP_202600797,TYP_02,Fake Loan App,6663.81,Madhya Pradesh,District-41,2025-04-27T10:26:00,2025-04-27T11:26:00,2025-04-27T12:18:00
CMP_202600798,TYP_01,OTP / KYC Fraud,40740.71,Rajasthan,Bharatpur,2025-02-06T12:26:00,2025-02-08T09:26:00,2025-02-08T10:10:00
CMP_202600799,TYP_06,Marketplace / OLX Fraud,16554.72,Tamil Nadu,District-49,2025-06-26T13:39:00,2025-06-26T18:39:00,2025-06-26T18:49:00
CMP_202600800,TYP_04,Investment / Crypto Scam,437048.37,Odisha,District-54,2025-05-09T19:59:00,2025-05-10T03:59:00,2025-05-10T04:12:00
CMP_202600801,TYP_06,Marketplace / OLX Fraud,18284.18,Maharashtra,District-30,2025-02-05T19:42:00,2025-02-06T02:42:00,2025-02-06T03:38:00
CMP_202600802,TYP_02,Fake Loan App,1000.0,Maharashtra,Pune,2025-06-15T22:42:00,2025-06-16T10:42:00,2025-06-16T11:16:00
CMP_202600803,TYP_02,Fake Loan App,61840.82,Punjab,District-25,2025-05-23T09:29:00,2025-05-23T17:29:00,2025-05-23T17:41:00
CMP_202600804,TYP_05,Sextortion,31942.08,Delhi,South Delhi,2025-04-08T12:02:00,2025-04-09T12:02:00,2025-04-09T12:25:00
CMP_202600805,TYP_03,Part-Time Job Scam,129223.39,Andhra Pradesh,District-44,2025-01-11T15:45:00,2025-01-12T20:45:00,2025-01-12T21:27:00
CMP_202600806,TYP_03,Part-Time Job Scam,94019.92,West Bengal,Kolkata,2025-04-17T13:41:00,2025-04-17T17:41:00,2025-04-17T17:54:00
CMP_202600807,TYP_05,Sextortion,38776.66,Maharashtra,District-32,2025-05-24T10:10:00,2025-05-25T10:10:00,2025-05-25T11:00:00
CMP_202600808,TYP_02,Fake Loan App,15177.05,Odisha,District-68,2025-04-16T11:53:00,2025-04-17T00:53:00,2025-04-17T01:49:00
CMP_202600809,TYP_03,Part-Time Job Scam,143275.62,Assam,District-21,2025-05-15T18:57:00,2025-05-16T02:57:00,2025-05-16T03:12:00
CMP_202600810,TYP_03,Part-Time Job Scam,384973.0,Maharashtra,Pune,2025-04-22T09:57:00,2025-04-22T12:57:00,2025-04-22T13:34:00
CMP_202600811,TYP_06,Marketplace / OLX Fraud,5241.88,Haryana,District-29,2025-05-03T20:17:00,2025-05-03T21:17:00,2025-05-03T22:08:00
CMP_202600812,TYP_05,Sextortion,32964.3,Punjab,District-36,2025-05-18T17:45:00,2025-05-18T18:45:00,2025-05-18T19:19:00
CMP_202600813,TYP_03,Part-Time Job Scam,156797.37,Rajasthan,Alwar,2025-06-16T10:07:00,2025-06-16T17:07:00,2025-06-16T18:02:00
CMP_202600814,TYP_04,Investment / Crypto Scam,725059.43,Jharkhand,District-45,2025-05-10T16:52:00,2025-05-11T02:52:00,2025-05-11T03:08:00
CMP_202600815,TYP_03,Part-Time Job Scam,270894.25,Andhra Pradesh,District-67,2025-03-07T13:27:00,2025-03-08T04:27:00,2025-03-08T05:13:00
CMP_202600816,TYP_04,Investment / Crypto Scam,968295.75,Uttar Pradesh,Noida,2025-03-27T12:55:00,2025-03-27T21:55:00,2025-03-27T22:14:00
CMP_202600817,TYP_05,Sextortion,56740.8,Haryana,District-63,2025-03-10T11:59:00,2025-03-10T22:59:00,2025-03-10T23:51:00
CMP_202600818,TYP_03,Part-Time Job Scam,522092.81,Uttar Pradesh,District-43,2025-02-22T15:25:00,2025-02-22T20:25:00,2025-02-22T21:14:00
CMP_202600819,TYP_02,Fake Loan App,31231.59,Bihar,Purnia,2025-05-09T11:23:00,2025-05-10T00:23:00,2025-05-10T01:15:00
CMP_202600820,TYP_03,Part-Time Job Scam,161514.52,Chhattisgarh,District-71,2025-02-05T12:05:00,2025-02-05T14:05:00,2025-02-05T14:20:00
CMP_202600821,TYP_05,Sextortion,50801.75,West Bengal,District-66,2025-03-10T18:18:00,2025-03-10T22:18:00,2025-03-10T23:10:00
CMP_202600822,TYP_04,Investment / Crypto Scam,213048.03,Kerala,District-59,2025-05-04T13:23:00,2025-05-04T22:23:00,2025-05-04T22:51:00
CMP_202600823,TYP_02,Fake Loan App,9204.85,Karnataka,District-74,2025-05-02T13:17:00,2025-05-04T01:17:00,2025-05-04T01:50:00
CMP_202600824,TYP_06,Marketplace / OLX Fraud,20364.37,Maharashtra,District-47,2025-03-25T05:19:00,2025-03-25T09:19:00,2025-03-25T10:10:00
CMP_202600825,TYP_02,Fake Loan App,14777.78,Gujarat,District-31,2025-03-18T22:55:00,2025-03-19T03:55:00,2025-03-19T04:07:00
CMP_202600826,TYP_01,OTP / KYC Fraud,3972.17,Madhya Pradesh,District-60,2025-04-27T21:54:00,2025-04-28T07:54:00,2025-04-28T08:13:00
CMP_202600827,TYP_05,Sextortion,21580.57,Kerala,District-48,2025-04-30T14:13:00,2025-04-30T15:13:00,2025-04-30T15:57:00
CMP_202600828,TYP_02,Fake Loan App,13546.99,Chhattisgarh,District-71,2025-01-05T14:53:00,2025-01-06T07:53:00,2025-01-06T08:47:00
CMP_202600829,TYP_06,Marketplace / OLX Fraud,5386.27,Rajasthan,Bharatpur,2025-06-17T16:26:00,2025-06-17T21:26:00,2025-06-17T21:56:00
CMP_202600830,TYP_03,Part-Time Job Scam,66100.55,Odisha,District-22,2025-03-03T13:13:00,2025-03-03T20:13:00,2025-03-03T21:05:00
CMP_202600831,TYP_02,Fake Loan App,7287.19,Madhya Pradesh,District-41,2025-05-27T12:21:00,2025-05-27T13:21:00,2025-05-27T13:28:00
CMP_202600832,TYP_02,Fake Loan App,8325.87,Jharkhand,District-45,2025-06-07T17:43:00,2025-06-07T20:43:00,2025-06-07T20:49:00
CMP_202600833,TYP_02,Fake Loan App,76898.32,West Bengal,District-35,2025-05-28T16:02:00,2025-05-30T00:02:00,2025-05-30T00:38:00
CMP_202600834,TYP_03,Part-Time Job Scam,101059.54,Karnataka,District-51,2025-06-30T13:09:00,2025-06-30T14:09:00,2025-06-30T14:21:00
CMP_202600835,TYP_05,Sextortion,33902.07,Odisha,District-68,2025-06-02T13:26:00,2025-06-02T16:26:00,2025-06-02T16:33:00
CMP_202600836,TYP_03,Part-Time Job Scam,239500.05,Madhya Pradesh,District-52,2025-06-22T16:59:00,2025-06-22T18:59:00,2025-06-22T19:18:00
CMP_202600837,TYP_01,OTP / KYC Fraud,52921.03,Maharashtra,District-47,2025-05-24T19:52:00,2025-05-25T13:52:00,2025-05-25T14:06:00
CMP_202600838,TYP_02,Fake Loan App,6368.5,Odisha,District-22,2025-03-24T13:55:00,2025-03-27T01:55:00,2025-03-27T02:10:00
CMP_202600839,TYP_02,Fake Loan App,11929.44,Karnataka,District-51,2025-03-23T08:28:00,2025-03-23T20:28:00,2025-03-23T20:49:00
CMP_202600840,TYP_06,Marketplace / OLX Fraud,7842.0,Madhya Pradesh,District-41,2025-03-13T13:18:00,2025-03-13T18:18:00,2025-03-13T18:27:00
CMP_202600841,TYP_05,Sextortion,31380.98,Punjab,District-25,2025-05-11T13:01:00,2025-05-11T17:01:00,2025-05-11T17:49:00
CMP_202600842,TYP_02,Fake Loan App,21799.62,Andhra Pradesh,District-64,2025-01-21T07:16:00,2025-01-21T11:16:00,2025-01-21T11:45:00
CMP_202600843,TYP_04,Investment / Crypto Scam,155414.22,Gujarat,District-50,2025-01-03T14:12:00,2025-01-03T21:12:00,2025-01-03T21:17:00
CMP_202600844,TYP_02,Fake Loan App,9531.55,Kerala,District-48,2025-01-01T22:30:00,2025-01-03T23:30:00,2025-01-04T00:01:00
CMP_202600845,TYP_05,Sextortion,15019.65,Kerala,District-65,2025-04-10T12:52:00,2025-04-10T18:52:00,2025-04-10T19:33:00
CMP_202600846,TYP_05,Sextortion,14063.81,Madhya Pradesh,District-60,2025-03-18T18:06:00,2025-03-19T21:06:00,2025-03-19T21:48:00
CMP_202600847,TYP_05,Sextortion,34232.19,West Bengal,Kolkata,2025-02-01T19:35:00,2025-02-02T00:35:00,2025-02-02T00:44:00
CMP_202600848,TYP_03,Part-Time Job Scam,133438.33,Karnataka,District-23,2025-01-31T11:21:00,2025-02-01T16:21:00,2025-02-01T16:41:00
CMP_202600849,TYP_05,Sextortion,55131.77,Chhattisgarh,District-71,2025-05-11T11:29:00,2025-05-11T13:29:00,2025-05-11T13:57:00
CMP_202600850,TYP_04,Investment / Crypto Scam,357938.33,Jharkhand,District-45,2025-02-01T11:01:00,2025-02-01T12:01:00,2025-02-01T12:16:00
CMP_202600851,TYP_02,Fake Loan App,24968.43,Rajasthan,Bharatpur,2025-05-07T15:59:00,2025-05-07T20:59:00,2025-05-07T21:35:00
CMP_202600852,TYP_02,Fake Loan App,16619.73,Uttar Pradesh,District-33,2025-06-28T17:24:00,2025-06-28T19:24:00,2025-06-28T19:29:00
CMP_202600853,TYP_06,Marketplace / OLX Fraud,3988.89,Jharkhand,District-72,2025-06-01T10:20:00,2025-06-02T00:20:00,2025-06-02T00:38:00
CMP_202600854,TYP_05,Sextortion,107586.69,Maharashtra,District-30,2025-01-21T11:40:00,2025-01-21T18:40:00,2025-01-21T19:33:00
CMP_202600855,TYP_05,Sextortion,11598.25,Madhya Pradesh,District-69,2025-01-12T12:37:00,2025-01-12T22:37:00,2025-01-12T23:01:00
CMP_202600856,TYP_03,Part-Time Job Scam,637014.38,Bihar,District-38,2025-02-11T19:30:00,2025-02-11T23:30:00,2025-02-11T23:38:00
CMP_202600857,TYP_02,Fake Loan App,25618.39,West Bengal,Kolkata,2025-05-04T12:36:00,2025-05-04T18:36:00,2025-05-04T19:11:00
CMP_202600858,TYP_02,Fake Loan App,18190.75,Bihar,Purnia,2025-05-12T07:36:00,2025-05-12T08:36:00,2025-05-12T09:31:00
CMP_202600859,TYP_03,Part-Time Job Scam,1271691.95,Tamil Nadu,District-49,2025-06-01T10:46:00,2025-06-01T11:46:00,2025-06-01T12:29:00
CMP_202600860,TYP_05,Sextortion,40955.51,Chhattisgarh,District-57,2025-06-02T09:23:00,2025-06-02T16:23:00,2025-06-02T16:57:00
CMP_202600861,TYP_02,Fake Loan App,9076.32,Madhya Pradesh,District-53,2025-05-19T15:57:00,2025-05-20T17:57:00,2025-05-20T18:43:00
CMP_202600862,TYP_03,Part-Time Job Scam,48750.22,West Bengal,Kolkata,2025-02-06T08:13:00,2025-02-07T00:13:00,2025-02-07T00:57:00
CMP_202600863,TYP_05,Sextortion,27273.78,Karnataka,Bengaluru Urban,2025-04-13T02:39:00,2025-04-13T09:39:00,2025-04-13T10:06:00
CMP_202600864,TYP_02,Fake Loan App,22482.6,Tamil Nadu,Chennai,2025-04-08T17:55:00,2025-04-08T20:55:00,2025-04-08T21:16:00
CMP_202600865,TYP_02,Fake Loan App,3863.12,Maharashtra,District-32,2025-01-28T20:07:00,2025-01-29T01:07:00,2025-01-29T01:49:00
CMP_202600866,TYP_02,Fake Loan App,42448.77,Madhya Pradesh,District-40,2025-02-06T14:33:00,2025-02-06T19:33:00,2025-02-06T20:29:00
CMP_202600867,TYP_03,Part-Time Job Scam,59798.32,Chhattisgarh,District-71,2025-05-16T19:40:00,2025-05-17T04:40:00,2025-05-17T05:13:00
CMP_202600868,TYP_06,Marketplace / OLX Fraud,42888.9,Jharkhand,District-72,2025-04-13T13:26:00,2025-04-13T17:26:00,2025-04-13T17:44:00
CMP_202600869,TYP_05,Sextortion,25160.74,Andhra Pradesh,District-26,2025-06-29T15:04:00,2025-06-29T20:04:00,2025-06-29T20:25:00
CMP_202600870,TYP_01,OTP / KYC Fraud,18733.09,Assam,District-21,2025-06-30T12:41:00,2025-06-30T15:41:00,2025-06-30T16:34:00
CMP_202600871,TYP_05,Sextortion,14344.95,Odisha,District-68,2025-05-08T19:39:00,2025-05-09T09:39:00,2025-05-09T09:52:00
CMP_202600872,TYP_02,Fake Loan App,13751.96,Odisha,District-22,2025-04-14T18:43:00,2025-04-14T19:43:00,2025-04-14T20:31:00
CMP_202600873,TYP_06,Marketplace / OLX Fraud,6860.9,Rajasthan,District-62,2025-05-17T12:58:00,2025-05-17T14:58:00,2025-05-17T15:52:00
CMP_202600874,TYP_03,Part-Time Job Scam,29974.94,Kerala,District-48,2025-05-10T15:31:00,2025-05-11T17:31:00,2025-05-11T17:45:00
CMP_202600875,TYP_03,Part-Time Job Scam,83962.72,Uttar Pradesh,Mathura,2025-05-25T17:27:00,2025-05-25T20:27:00,2025-05-25T21:03:00
CMP_202600876,TYP_01,OTP / KYC Fraud,23759.36,Andhra Pradesh,District-44,2025-05-18T10:40:00,2025-05-18T13:40:00,2025-05-18T14:08:00
CMP_202600877,TYP_02,Fake Loan App,25785.1,Gujarat,District-31,2025-05-30T16:26:00,2025-05-31T19:26:00,2025-05-31T19:41:00
CMP_202600878,TYP_02,Fake Loan App,13182.73,Telangana,District-39,2025-02-18T14:40:00,2025-02-19T12:40:00,2025-02-19T13:04:00
CMP_202600879,TYP_02,Fake Loan App,4433.98,Haryana,District-29,2025-05-13T14:55:00,2025-05-14T04:55:00,2025-05-14T05:43:00
CMP_202600880,TYP_03,Part-Time Job Scam,111586.22,West Bengal,District-35,2025-05-17T09:41:00,2025-05-18T04:41:00,2025-05-18T04:47:00
CMP_202600881,TYP_06,Marketplace / OLX Fraud,13281.05,Rajasthan,District-62,2025-04-17T13:08:00,2025-04-17T16:08:00,2025-04-17T16:31:00
CMP_202600882,TYP_01,OTP / KYC Fraud,104228.37,Uttar Pradesh,District-43,2025-02-07T15:29:00,2025-02-08T04:29:00,2025-02-08T04:49:00
CMP_202600883,TYP_03,Part-Time Job Scam,185915.47,Odisha,District-54,2025-05-27T13:50:00,2025-05-27T18:50:00,2025-05-27T18:55:00
CMP_202600884,TYP_03,Part-Time Job Scam,513546.41,Assam,District-28,2025-03-26T19:39:00,2025-03-27T12:39:00,2025-03-27T13:17:00
CMP_202600885,TYP_01,OTP / KYC Fraud,44345.08,Maharashtra,District-32,2025-06-15T16:48:00,2025-06-16T16:48:00,2025-06-16T17:13:00
CMP_202600886,TYP_06,Marketplace / OLX Fraud,10112.46,Telangana,District-39,2025-04-30T18:46:00,2025-04-30T20:46:00,2025-04-30T21:40:00
CMP_202600887,TYP_03,Part-Time Job Scam,115441.18,Uttar Pradesh,District-37,2025-02-15T11:41:00,2025-02-15T20:41:00,2025-02-15T21:01:00
CMP_202600888,TYP_05,Sextortion,130422.28,Delhi,South Delhi,2025-03-12T18:20:00,2025-03-13T20:20:00,2025-03-13T21:19:00
CMP_202600889,TYP_02,Fake Loan App,19049.76,West Bengal,District-55,2025-03-21T08:06:00,2025-03-24T21:06:00,2025-03-24T22:05:00
CMP_202600890,TYP_02,Fake Loan App,27287.99,Karnataka,District-42,2025-01-25T09:52:00,2025-01-25T15:52:00,2025-01-25T15:58:00
CMP_202600891,TYP_05,Sextortion,36368.19,Uttar Pradesh,Noida,2025-01-21T11:37:00,2025-01-21T14:37:00,2025-01-21T15:21:00
CMP_202600892,TYP_05,Sextortion,42433.81,Haryana,District-63,2025-05-13T13:04:00,2025-05-13T15:04:00,2025-05-13T15:46:00
CMP_202600893,TYP_06,Marketplace / OLX Fraud,4179.83,Andhra Pradesh,District-64,2025-03-22T20:22:00,2025-03-23T14:22:00,2025-03-23T14:58:00
CMP_202600894,TYP_06,Marketplace / OLX Fraud,7633.79,Maharashtra,District-47,2025-04-21T16:15:00,2025-04-22T00:15:00,2025-04-22T00:40:00
CMP_202600895,TYP_01,OTP / KYC Fraud,19301.69,Gujarat,District-50,2025-05-09T10:51:00,2025-05-09T14:51:00,2025-05-09T15:18:00
CMP_202600896,TYP_05,Sextortion,26416.25,West Bengal,District-55,2025-01-07T16:58:00,2025-01-08T02:58:00,2025-01-08T03:35:00
CMP_202600897,TYP_05,Sextortion,37645.37,Haryana,District-63,2025-05-12T12:33:00,2025-05-14T03:33:00,2025-05-14T04:10:00
CMP_202600898,TYP_06,Marketplace / OLX Fraud,6570.49,Assam,District-21,2025-04-08T07:30:00,2025-04-08T16:30:00,2025-04-08T16:46:00
CMP_202600899,TYP_02,Fake Loan App,11717.0,Chhattisgarh,District-71,2025-01-29T10:43:00,2025-01-30T21:43:00,2025-01-30T22:30:00
CMP_202600900,TYP_03,Part-Time Job Scam,48150.25,Odisha,District-54,2025-03-14T21:01:00,2025-03-15T17:01:00,2025-03-15T17:35:00
CMP_202600901,TYP_05,Sextortion,74381.49,Madhya Pradesh,District-52,2025-06-04T20:28:00,2025-06-05T00:28:00,2025-06-05T01:06:00
CMP_202600902,TYP_06,Marketplace / OLX Fraud,14933.16,Odisha,District-54,2025-04-26T16:23:00,2025-04-26T23:23:00,2025-04-26T23:32:00
CMP_202600903,TYP_02,Fake Loan App,42489.6,Karnataka,District-56,2025-01-12T20:22:00,2025-01-14T05:22:00,2025-01-14T06:09:00
CMP_202600904,TYP_06,Marketplace / OLX Fraud,45351.18,Uttar Pradesh,Gorakhpur,2025-01-05T17:46:00,2025-01-06T00:46:00,2025-01-06T00:53:00
CMP_202600905,TYP_03,Part-Time Job Scam,636353.35,Gujarat,District-31,2025-01-05T07:43:00,2025-01-05T22:43:00,2025-01-05T23:00:00
CMP_202600906,TYP_04,Investment / Crypto Scam,543399.78,Kerala,District-65,2025-01-10T22:42:00,2025-01-11T14:42:00,2025-01-11T15:23:00
CMP_202600907,TYP_02,Fake Loan App,60027.53,Haryana,District-29,2025-03-22T14:10:00,2025-03-22T21:10:00,2025-03-22T21:54:00
CMP_202600908,TYP_06,Marketplace / OLX Fraud,5821.35,Tamil Nadu,District-49,2025-02-10T05:09:00,2025-02-11T09:09:00,2025-02-11T09:35:00
CMP_202600909,TYP_06,Marketplace / OLX Fraud,7768.92,Gujarat,District-24,2025-04-03T17:05:00,2025-04-04T03:05:00,2025-04-04T03:52:00
CMP_202600910,TYP_06,Marketplace / OLX Fraud,36895.74,Gujarat,District-70,2025-01-30T15:54:00,2025-01-30T23:54:00,2025-01-31T00:10:00
CMP_202600911,TYP_05,Sextortion,65187.5,Punjab,District-25,2025-04-17T15:05:00,2025-04-17T18:05:00,2025-04-17T18:30:00
CMP_202600912,TYP_02,Fake Loan App,42781.05,Maharashtra,District-47,2025-01-11T07:14:00,2025-01-11T08:14:00,2025-01-11T08:23:00
CMP_202600913,TYP_01,OTP / KYC Fraud,11773.38,Rajasthan,Alwar,2025-03-09T14:50:00,2025-03-09T17:50:00,2025-03-09T18:02:00
CMP_202600914,TYP_03,Part-Time Job Scam,299831.58,Madhya Pradesh,District-41,2025-04-07T13:42:00,2025-04-08T00:42:00,2025-04-08T01:30:00
CMP_202600915,TYP_03,Part-Time Job Scam,155487.16,Madhya Pradesh,District-40,2025-01-03T10:21:00,2025-01-03T11:21:00,2025-01-03T11:31:00
CMP_202600916,TYP_06,Marketplace / OLX Fraud,3532.47,West Bengal,Kolkata,2025-04-09T19:29:00,2025-04-10T21:29:00,2025-04-10T21:40:00
CMP_202600917,TYP_03,Part-Time Job Scam,180897.4,Kerala,District-59,2025-03-25T14:42:00,2025-03-25T17:42:00,2025-03-25T18:17:00
CMP_202600918,TYP_05,Sextortion,100493.35,Andhra Pradesh,District-58,2025-03-09T09:16:00,2025-03-09T21:16:00,2025-03-09T22:00:00
CMP_202600919,TYP_06,Marketplace / OLX Fraud,14608.02,Maharashtra,Pune,2025-03-31T11:31:00,2025-03-31T19:31:00,2025-03-31T20:01:00
CMP_202600920,TYP_02,Fake Loan App,20780.5,Bihar,District-38,2025-05-14T13:25:00,2025-05-14T16:25:00,2025-05-14T16:59:00
CMP_202600921,TYP_04,Investment / Crypto Scam,913303.78,West Bengal,District-35,2025-05-11T19:16:00,2025-05-11T22:16:00,2025-05-11T22:54:00
CMP_202600922,TYP_06,Marketplace / OLX Fraud,6591.37,Rajasthan,District-62,2025-03-22T19:36:00,2025-03-25T15:36:00,2025-03-25T16:00:00
CMP_202600923,TYP_02,Fake Loan App,35556.74,West Bengal,Kolkata,2025-01-10T05:17:00,2025-01-10T09:17:00,2025-01-10T10:01:00
CMP_202600924,TYP_04,Investment / Crypto Scam,675027.85,West Bengal,District-55,2025-04-25T11:17:00,2025-04-25T13:17:00,2025-04-25T13:36:00
CMP_202600925,TYP_02,Fake Loan App,2629.06,Andhra Pradesh,District-44,2025-04-06T15:10:00,2025-04-07T01:10:00,2025-04-07T01:29:00
CMP_202600926,TYP_03,Part-Time Job Scam,90026.36,Jharkhand,Deoghar,2025-06-07T11:30:00,2025-06-07T15:30:00,2025-06-07T16:16:00
CMP_202600927,TYP_02,Fake Loan App,28105.63,Haryana,Mewat,2025-03-08T10:44:00,2025-03-08T12:44:00,2025-03-08T12:54:00
CMP_202600928,TYP_02,Fake Loan App,54299.33,Jharkhand,District-72,2025-06-06T17:12:00,2025-06-07T00:12:00,2025-06-07T00:40:00
CMP_202600929,TYP_01,OTP / KYC Fraud,29431.81,Gujarat,District-31,2025-03-06T16:42:00,2025-03-06T22:42:00,2025-03-06T22:55:00
CMP_202600930,TYP_06,Marketplace / OLX Fraud,41863.64,Gujarat,Ahmedabad,2025-01-22T15:52:00,2025-01-22T23:52:00,2025-01-23T00:17:00
CMP_202600931,TYP_03,Part-Time Job Scam,128618.08,Tamil Nadu,District-49,2025-05-27T16:39:00,2025-05-29T02:39:00,2025-05-29T02:47:00
CMP_202600932,TYP_03,Part-Time Job Scam,103997.02,Maharashtra,District-47,2025-03-23T14:46:00,2025-03-23T19:46:00,2025-03-23T20:17:00
CMP_202600933,TYP_02,Fake Loan App,44651.46,Gujarat,District-31,2025-04-19T15:32:00,2025-04-19T19:32:00,2025-04-19T19:49:00
CMP_202600934,TYP_01,OTP / KYC Fraud,15369.01,Maharashtra,District-30,2025-06-18T14:11:00,2025-06-18T23:11:00,2025-06-18T23:37:00
CMP_202600935,TYP_03,Part-Time Job Scam,57775.04,Odisha,District-54,2025-03-07T13:16:00,2025-03-08T05:16:00,2025-03-08T05:40:00
CMP_202600936,TYP_05,Sextortion,72773.29,Haryana,District-29,2025-01-12T12:27:00,2025-01-13T00:27:00,2025-01-13T00:48:00
CMP_202600937,TYP_02,Fake Loan App,30509.32,Madhya Pradesh,District-41,2025-06-29T03:22:00,2025-06-29T13:22:00,2025-06-29T14:05:00
CMP_202600938,TYP_01,OTP / KYC Fraud,14168.22,Rajasthan,District-46,2025-05-28T14:06:00,2025-05-28T17:06:00,2025-05-28T17:55:00
CMP_202600939,TYP_04,Investment / Crypto Scam,212201.67,Karnataka,District-23,2025-06-09T14:20:00,2025-06-10T07:20:00,2025-06-10T07:47:00
CMP_202600940,TYP_03,Part-Time Job Scam,669904.93,Karnataka,District-74,2025-02-20T11:38:00,2025-02-21T20:38:00,2025-02-21T21:36:00
CMP_202600941,TYP_05,Sextortion,29421.47,Maharashtra,Mumbai,2025-02-25T13:45:00,2025-02-25T19:45:00,2025-02-25T20:23:00
CMP_202600942,TYP_01,OTP / KYC Fraud,21284.72,Jharkhand,Deoghar,2025-01-11T15:56:00,2025-01-11T18:56:00,2025-01-11T19:31:00
CMP_202600943,TYP_06,Marketplace / OLX Fraud,17446.04,Assam,District-21,2025-05-06T14:39:00,2025-05-06T17:39:00,2025-05-06T18:28:00
CMP_202600944,TYP_02,Fake Loan App,12991.1,Uttar Pradesh,District-33,2025-02-02T14:08:00,2025-02-03T04:08:00,2025-02-03T04:40:00
CMP_202600945,TYP_02,Fake Loan App,72513.7,Karnataka,District-51,2025-02-26T09:07:00,2025-02-26T16:07:00,2025-02-26T16:39:00
CMP_202600946,TYP_06,Marketplace / OLX Fraud,13776.04,Rajasthan,Bharatpur,2025-04-22T19:25:00,2025-04-22T23:25:00,2025-04-22T23:46:00
CMP_202600947,TYP_01,OTP / KYC Fraud,27409.68,Odisha,District-54,2025-01-26T18:46:00,2025-01-27T16:46:00,2025-01-27T17:37:00
CMP_202600948,TYP_06,Marketplace / OLX Fraud,8421.85,Punjab,District-25,2025-04-27T08:41:00,2025-04-27T15:41:00,2025-04-27T16:14:00
CMP_202600949,TYP_03,Part-Time Job Scam,139550.72,Uttar Pradesh,Mathura,2025-01-23T17:07:00,2025-01-24T06:07:00,2025-01-24T06:33:00
CMP_202600950,TYP_03,Part-Time Job Scam,77672.31,Gujarat,District-70,2025-05-22T13:34:00,2025-05-26T01:34:00,2025-05-26T01:50:00
CMP_202600951,TYP_02,Fake Loan App,7649.75,Rajasthan,Alwar,2025-05-20T17:27:00,2025-05-20T18:27:00,2025-05-20T18:36:00
CMP_202600952,TYP_06,Marketplace / OLX Fraud,13524.61,Rajasthan,District-46,2025-05-25T18:26:00,2025-05-26T04:26:00,2025-05-26T04:59:00
CMP_202600953,TYP_03,Part-Time Job Scam,147493.05,Madhya Pradesh,District-40,2025-03-26T09:29:00,2025-03-27T05:29:00,2025-03-27T06:00:00
CMP_202600954,TYP_03,Part-Time Job Scam,251330.58,Uttar Pradesh,Noida,2025-02-03T19:42:00,2025-02-03T22:42:00,2025-02-03T23:19:00
CMP_202600955,TYP_03,Part-Time Job Scam,140401.98,Gujarat,District-70,2025-05-13T19:43:00,2025-05-14T05:43:00,2025-05-14T06:10:00
CMP_202600956,TYP_02,Fake Loan App,5523.99,Gujarat,District-31,2025-05-28T17:29:00,2025-05-28T19:29:00,2025-05-28T19:59:00
CMP_202600957,TYP_02,Fake Loan App,20841.93,Uttar Pradesh,District-33,2025-03-21T13:17:00,2025-03-21T21:17:00,2025-03-21T21:29:00
CMP_202600958,TYP_02,Fake Loan App,20627.73,Uttar Pradesh,District-37,2025-06-17T21:14:00,2025-06-18T04:14:00,2025-06-18T04:38:00
CMP_202600959,TYP_05,Sextortion,60871.89,Maharashtra,District-32,2025-03-29T13:37:00,2025-03-29T18:37:00,2025-03-29T19:23:00
CMP_202600960,TYP_05,Sextortion,9138.9,Andhra Pradesh,District-58,2025-05-10T10:48:00,2025-05-12T11:48:00,2025-05-12T12:07:00
CMP_202600961,TYP_05,Sextortion,22627.59,Odisha,District-68,2025-03-21T12:52:00,2025-03-21T22:52:00,2025-03-21T23:10:00
CMP_202600962,TYP_03,Part-Time Job Scam,244102.96,Karnataka,Bengaluru Urban,2025-05-06T13:32:00,2025-05-06T14:32:00,2025-05-06T15:11:00
CMP_202600963,TYP_03,Part-Time Job Scam,364149.13,Uttar Pradesh,District-43,2025-01-31T06:18:00,2025-02-01T08:18:00,2025-02-01T09:02:00
CMP_202600964,TYP_02,Fake Loan App,35634.52,Andhra Pradesh,District-58,2025-01-11T20:58:00,2025-01-11T21:58:00,2025-01-11T22:12:00
CMP_202600965,TYP_02,Fake Loan App,6326.33,Chhattisgarh,District-71,2025-05-25T13:15:00,2025-05-26T03:15:00,2025-05-26T04:02:00
CMP_202600966,TYP_05,Sextortion,27806.12,Maharashtra,District-47,2025-04-09T13:18:00,2025-04-10T07:18:00,2025-04-10T07:41:00
CMP_202600967,TYP_02,Fake Loan App,16047.02,Karnataka,District-42,2025-03-29T17:37:00,2025-03-29T18:37:00,2025-03-29T19:03:00
CMP_202600968,TYP_03,Part-Time Job Scam,59756.82,Haryana,District-63,2025-04-15T19:54:00,2025-04-16T07:54:00,2025-04-16T08:11:00
CMP_202600969,TYP_02,Fake Loan App,45843.01,Odisha,District-73,2025-04-24T05:23:00,2025-04-24T21:23:00,2025-04-24T21:49:00
CMP_202600970,TYP_05,Sextortion,131761.61,Uttar Pradesh,District-33,2025-03-21T13:39:00,2025-03-21T21:39:00,2025-03-21T21:46:00
CMP_202600971,TYP_06,Marketplace / OLX Fraud,11673.08,Jharkhand,Jamtara,2025-02-10T13:11:00,2025-02-10T16:11:00,2025-02-10T16:42:00
CMP_202600972,TYP_02,Fake Loan App,19942.8,Karnataka,District-74,2025-05-22T17:03:00,2025-05-22T20:03:00,2025-05-22T20:26:00
CMP_202600973,TYP_01,OTP / KYC Fraud,36833.38,Karnataka,District-34,2025-04-23T09:09:00,2025-04-23T20:09:00,2025-04-23T20:58:00
CMP_202600974,TYP_06,Marketplace / OLX Fraud,7849.91,Karnataka,Bengaluru Urban,2025-06-28T10:44:00,2025-06-28T20:44:00,2025-06-28T21:27:00
CMP_202600975,TYP_05,Sextortion,68744.04,Bihar,Purnia,2025-04-13T13:33:00,2025-04-13T20:33:00,2025-04-13T20:41:00
CMP_202600976,TYP_05,Sextortion,29570.62,Rajasthan,Alwar,2025-04-23T11:01:00,2025-04-23T15:01:00,2025-04-23T15:06:00
CMP_202600977,TYP_02,Fake Loan App,16936.96,Madhya Pradesh,District-52,2025-04-07T16:19:00,2025-04-07T18:19:00,2025-04-07T18:54:00
CMP_202600978,TYP_02,Fake Loan App,15923.49,Delhi,South Delhi,2025-01-22T09:36:00,2025-01-23T21:36:00,2025-01-23T22:19:00
CMP_202600979,TYP_02,Fake Loan App,15617.49,Maharashtra,District-47,2025-02-13T19:02:00,2025-02-14T13:02:00,2025-02-14T13:37:00
CMP_202600980,TYP_06,Marketplace / OLX Fraud,1745.26,Haryana,District-29,2025-02-27T09:27:00,2025-02-28T01:27:00,2025-02-28T02:07:00
CMP_202600981,TYP_03,Part-Time Job Scam,71315.42,Karnataka,Bengaluru Urban,2025-01-14T18:43:00,2025-01-14T22:43:00,2025-01-14T23:18:00
CMP_202600982,TYP_05,Sextortion,12313.19,Maharashtra,Mumbai,2025-04-06T11:03:00,2025-04-06T15:03:00,2025-04-06T15:17:00
CMP_202600983,TYP_05,Sextortion,115929.95,Maharashtra,District-47,2025-06-09T16:50:00,2025-06-11T03:50:00,2025-06-11T04:33:00
CMP_202600984,TYP_05,Sextortion,37751.16,Madhya Pradesh,District-52,2025-03-14T11:07:00,2025-03-14T14:07:00,2025-03-14T14:34:00
CMP_202600985,TYP_02,Fake Loan App,7624.02,Gujarat,District-31,2025-04-28T11:59:00,2025-04-28T19:59:00,2025-04-28T20:53:00
CMP_202600986,TYP_02,Fake Loan App,12732.55,Karnataka,Bengaluru Urban,2025-05-16T22:20:00,2025-05-16T23:20:00,2025-05-16T23:46:00
CMP_202600987,TYP_05,Sextortion,70198.27,Karnataka,District-51,2025-05-13T14:32:00,2025-05-13T17:32:00,2025-05-13T17:42:00
CMP_202600988,TYP_03,Part-Time Job Scam,195724.61,Kerala,District-65,2025-04-13T18:10:00,2025-04-14T02:10:00,2025-04-14T02:33:00
CMP_202600989,TYP_02,Fake Loan App,8305.88,Uttar Pradesh,Mathura,2025-01-25T12:57:00,2025-01-25T16:57:00,2025-01-25T17:09:00
CMP_202600990,TYP_05,Sextortion,29855.18,Madhya Pradesh,District-53,2025-06-23T15:27:00,2025-06-24T03:27:00,2025-06-24T04:04:00
CMP_202600991,TYP_02,Fake Loan App,17794.17,Rajasthan,District-46,2025-05-28T16:26:00,2025-05-28T23:26:00,2025-05-28T23:38:00
CMP_202600992,TYP_01,OTP / KYC Fraud,16867.22,Uttar Pradesh,Gorakhpur,2025-06-18T10:54:00,2025-06-20T08:54:00,2025-06-20T09:25:00
CMP_202600993,TYP_03,Part-Time Job Scam,81506.41,Karnataka,District-61,2025-06-24T18:16:00,2025-06-26T01:16:00,2025-06-26T01:59:00
CMP_202600994,TYP_02,Fake Loan App,18270.58,Uttar Pradesh,District-33,2025-06-24T11:30:00,2025-06-24T22:30:00,2025-06-24T23:25:00
CMP_202600995,TYP_03,Part-Time Job Scam,163227.55,Gujarat,District-24,2025-04-19T12:28:00,2025-04-19T19:28:00,2025-04-19T20:28:00
CMP_202600996,TYP_03,Part-Time Job Scam,307309.37,Uttar Pradesh,District-43,2025-03-17T07:17:00,2025-03-17T13:17:00,2025-03-17T13:43:00
CMP_202600997,TYP_03,Part-Time Job Scam,67205.32,Haryana,District-75,2025-02-23T13:16:00,2025-02-24T18:16:00,2025-02-24T18:45:00
CMP_202600998,TYP_02,Fake Loan App,24722.92,Chhattisgarh,District-71,2025-04-13T00:08:00,2025-04-14T01:08:00,2025-04-14T01:58:00
CMP_202600999,TYP_01,OTP / KYC Fraud,10760.08,Uttar Pradesh,District-43,2025-06-07T11:16:00,2025-06-08T01:16:00,2025-06-08T01:54:00
CMP_202601000,TYP_02,Fake Loan App,10881.99,Haryana,Gurugram,2025-05-18T17:26:00,2025-05-18T23:26:00,2025-05-19T00:11:00
CMP_202601001,TYP_05,Sextortion,53892.45,Uttar Pradesh,Mathura,2025-02-03T12:40:00,2025-02-03T13:40:00,2025-02-03T13:49:00
CMP_202601002,TYP_04,Investment / Crypto Scam,143511.41,Andhra Pradesh,District-67,2025-02-15T21:21:00,2025-02-16T19:21:00,2025-02-16T19:34:00
CMP_202601003,TYP_02,Fake Loan App,8153.67,Maharashtra,Pune,2025-03-22T17:53:00,2025-03-23T03:53:00,2025-03-23T04:37:00
CMP_202601004,TYP_03,Part-Time Job Scam,101866.54,Odisha,District-22,2025-06-07T19:34:00,2025-06-07T21:34:00,2025-06-07T22:14:00
CMP_202601005,TYP_06,Marketplace / OLX Fraud,45410.76,Andhra Pradesh,District-44,2025-02-17T15:30:00,2025-02-17T19:30:00,2025-02-17T19:44:00
CMP_202601006,TYP_04,Investment / Crypto Scam,827281.56,West Bengal,District-35,2025-04-23T13:05:00,2025-04-24T20:05:00,2025-04-24T20:57:00
CMP_202601007,TYP_06,Marketplace / OLX Fraud,4547.4,Jharkhand,District-45,2025-06-12T05:45:00,2025-06-12T06:45:00,2025-06-12T07:13:00
CMP_202601008,TYP_06,Marketplace / OLX Fraud,6189.21,Gujarat,Ahmedabad,2025-02-02T13:49:00,2025-02-02T15:49:00,2025-02-02T16:23:00
CMP_202601009,TYP_02,Fake Loan App,13084.84,Delhi,South Delhi,2025-03-21T08:45:00,2025-03-21T19:45:00,2025-03-21T20:00:00
CMP_202601010,TYP_03,Part-Time Job Scam,269530.07,Bihar,District-38,2025-01-27T14:06:00,2025-01-28T00:06:00,2025-01-28T00:37:00
CMP_202601011,TYP_02,Fake Loan App,70665.51,Karnataka,District-56,2025-05-08T16:47:00,2025-05-09T09:47:00,2025-05-09T10:06:00
CMP_202601012,TYP_05,Sextortion,47873.9,Chhattisgarh,District-57,2025-01-08T21:00:00,2025-01-09T08:00:00,2025-01-09T08:47:00
CMP_202601013,TYP_06,Marketplace / OLX Fraud,20344.15,Jharkhand,District-72,2025-06-02T13:20:00,2025-06-02T15:20:00,2025-06-02T15:38:00
CMP_202601014,TYP_03,Part-Time Job Scam,75820.6,Andhra Pradesh,District-26,2025-03-25T18:25:00,2025-03-25T19:25:00,2025-03-25T19:59:00
CMP_202601015,TYP_02,Fake Loan App,3236.59,Bihar,District-38,2025-04-01T08:31:00,2025-04-01T11:31:00,2025-04-01T11:57:00
CMP_202601016,TYP_03,Part-Time Job Scam,170866.76,Maharashtra,District-47,2025-02-06T18:51:00,2025-02-06T20:51:00,2025-02-06T20:59:00
CMP_202601017,TYP_02,Fake Loan App,31566.87,Odisha,District-27,2025-01-11T07:50:00,2025-01-11T13:50:00,2025-01-11T14:46:00
CMP_202601018,TYP_06,Marketplace / OLX Fraud,29066.44,Telangana,Hyderabad,2025-05-12T16:46:00,2025-05-12T20:46:00,2025-05-12T21:40:00
CMP_202601019,TYP_02,Fake Loan App,20339.55,Karnataka,District-23,2025-01-24T15:50:00,2025-01-26T07:50:00,2025-01-26T08:05:00
CMP_202601020,TYP_05,Sextortion,10559.74,Karnataka,District-74,2025-03-06T19:05:00,2025-03-07T00:05:00,2025-03-07T00:21:00
CMP_202601021,TYP_01,OTP / KYC Fraud,26650.09,Gujarat,Ahmedabad,2025-01-07T09:18:00,2025-01-11T17:18:00,2025-01-11T18:15:00
CMP_202601022,TYP_05,Sextortion,9763.26,Karnataka,District-56,2025-06-27T07:11:00,2025-06-27T10:11:00,2025-06-27T10:45:00
CMP_202601023,TYP_02,Fake Loan App,11625.45,Madhya Pradesh,District-40,2025-05-24T13:02:00,2025-05-25T10:02:00,2025-05-25T10:17:00
CMP_202601024,TYP_02,Fake Loan App,32288.67,Madhya Pradesh,District-53,2025-03-19T08:51:00,2025-03-20T00:51:00,2025-03-20T01:19:00
CMP_202601025,TYP_03,Part-Time Job Scam,107032.9,Madhya Pradesh,District-52,2025-05-06T17:03:00,2025-05-06T18:03:00,2025-05-06T18:27:00
CMP_202601026,TYP_02,Fake Loan App,9746.04,Bihar,District-38,2025-01-10T11:20:00,2025-01-11T03:20:00,2025-01-11T04:17:00
CMP_202601027,TYP_03,Part-Time Job Scam,101292.76,West Bengal,District-35,2025-03-09T12:37:00,2025-03-09T17:37:00,2025-03-09T18:05:00
CMP_202601028,TYP_02,Fake Loan App,8564.88,Jharkhand,District-45,2025-01-15T13:52:00,2025-01-16T01:52:00,2025-01-16T02:42:00
CMP_202601029,TYP_02,Fake Loan App,17243.09,Andhra Pradesh,District-64,2025-06-14T12:32:00,2025-06-14T19:32:00,2025-06-14T20:23:00
CMP_202601030,TYP_06,Marketplace / OLX Fraud,8118.02,Gujarat,Ahmedabad,2025-04-19T15:25:00,2025-04-19T21:25:00,2025-04-19T22:25:00
CMP_202601031,TYP_05,Sextortion,10279.75,Karnataka,District-51,2025-06-25T12:38:00,2025-06-26T22:38:00,2025-06-26T22:58:00
CMP_202601032,TYP_03,Part-Time Job Scam,239750.17,Assam,District-28,2025-01-08T19:51:00,2025-01-10T03:51:00,2025-01-10T04:44:00
CMP_202601033,TYP_02,Fake Loan App,5895.17,Odisha,District-68,2025-03-25T11:58:00,2025-03-26T10:58:00,2025-03-26T11:37:00
CMP_202601034,TYP_02,Fake Loan App,17167.68,Madhya Pradesh,District-41,2025-01-29T14:13:00,2025-01-29T21:13:00,2025-01-29T21:57:00
CMP_202601035,TYP_02,Fake Loan App,12707.0,Jharkhand,District-72,2025-02-22T11:35:00,2025-02-23T04:35:00,2025-02-23T05:25:00
CMP_202601036,TYP_02,Fake Loan App,16018.11,Rajasthan,District-62,2025-03-10T10:06:00,2025-03-11T07:06:00,2025-03-11T07:36:00
CMP_202601037,TYP_02,Fake Loan App,10311.59,West Bengal,District-66,2025-03-19T15:00:00,2025-03-19T21:00:00,2025-03-19T21:37:00
CMP_202601038,TYP_02,Fake Loan App,22446.58,Madhya Pradesh,District-69,2025-04-08T14:07:00,2025-04-09T06:07:00,2025-04-09T06:18:00
CMP_202601039,TYP_02,Fake Loan App,17117.99,Karnataka,District-23,2025-04-12T12:32:00,2025-04-12T16:32:00,2025-04-12T16:52:00
CMP_202601040,TYP_06,Marketplace / OLX Fraud,3716.5,West Bengal,District-35,2025-01-07T13:12:00,2025-01-07T16:12:00,2025-01-07T16:35:00
CMP_202601041,TYP_06,Marketplace / OLX Fraud,2482.66,Rajasthan,District-46,2025-06-22T16:26:00,2025-06-22T17:26:00,2025-06-22T18:21:00
CMP_202601042,TYP_05,Sextortion,12221.8,Karnataka,District-61,2025-03-10T14:43:00,2025-03-10T21:43:00,2025-03-10T21:56:00
CMP_202601043,TYP_06,Marketplace / OLX Fraud,32613.93,Andhra Pradesh,District-58,2025-01-06T12:50:00,2025-01-06T14:50:00,2025-01-06T15:32:00
CMP_202601044,TYP_03,Part-Time Job Scam,91996.41,Gujarat,District-31,2025-03-12T20:52:00,2025-03-13T00:52:00,2025-03-13T01:30:00
CMP_202601045,TYP_02,Fake Loan App,23194.26,Karnataka,District-74,2025-03-26T08:45:00,2025-03-27T08:45:00,2025-03-27T09:32:00
CMP_202601046,TYP_02,Fake Loan App,11070.29,Uttar Pradesh,District-43,2025-03-17T18:08:00,2025-03-18T02:08:00,2025-03-18T03:06:00
CMP_202601047,TYP_03,Part-Time Job Scam,197184.11,Kerala,District-65,2025-01-02T18:00:00,2025-01-03T14:00:00,2025-01-03T14:12:00
CMP_202601048,TYP_02,Fake Loan App,12829.89,Madhya Pradesh,District-60,2025-05-29T13:42:00,2025-05-29T19:42:00,2025-05-29T20:37:00
CMP_202601049,TYP_06,Marketplace / OLX Fraud,3758.2,Uttar Pradesh,District-37,2025-06-12T11:41:00,2025-06-12T16:41:00,2025-06-12T17:07:00
CMP_202601050,TYP_06,Marketplace / OLX Fraud,29660.86,Karnataka,District-23,2025-06-10T17:45:00,2025-06-10T20:45:00,2025-06-10T21:30:00
CMP_202601051,TYP_02,Fake Loan App,2809.74,Rajasthan,District-46,2025-04-14T20:42:00,2025-04-14T23:42:00,2025-04-15T00:18:00
CMP_202601052,TYP_05,Sextortion,77709.19,Tamil Nadu,District-49,2025-03-12T16:40:00,2025-03-12T17:40:00,2025-03-12T18:14:00
CMP_202601053,TYP_03,Part-Time Job Scam,92597.77,Tamil Nadu,Chennai,2025-06-22T12:56:00,2025-06-22T15:56:00,2025-06-22T16:34:00
CMP_202601054,TYP_02,Fake Loan App,4517.07,Jharkhand,Jamtara,2025-01-27T18:37:00,2025-01-27T22:37:00,2025-01-27T23:36:00
CMP_202601055,TYP_04,Investment / Crypto Scam,295411.91,Andhra Pradesh,District-44,2025-02-17T19:15:00,2025-02-17T21:15:00,2025-02-17T21:51:00
CMP_202601056,TYP_02,Fake Loan App,36520.17,Chhattisgarh,District-71,2025-02-11T09:48:00,2025-02-11T14:48:00,2025-02-11T15:03:00
CMP_202601057,TYP_03,Part-Time Job Scam,99716.38,Kerala,District-59,2025-01-17T17:26:00,2025-01-17T19:26:00,2025-01-17T19:50:00
CMP_202601058,TYP_05,Sextortion,65690.48,Maharashtra,Mumbai,2025-02-18T10:43:00,2025-02-20T01:43:00,2025-02-20T02:35:00
CMP_202601059,TYP_06,Marketplace / OLX Fraud,11221.08,Odisha,District-54,2025-06-30T15:48:00,2025-07-01T00:48:00,2025-07-01T01:20:00
CMP_202601060,TYP_06,Marketplace / OLX Fraud,9845.4,Gujarat,District-70,2025-04-23T06:55:00,2025-04-23T12:55:00,2025-04-23T13:26:00
CMP_202601061,TYP_05,Sextortion,48897.93,Chhattisgarh,District-57,2025-02-04T10:27:00,2025-02-04T15:27:00,2025-02-04T16:02:00
CMP_202601062,TYP_02,Fake Loan App,13100.92,West Bengal,District-35,2025-05-08T14:30:00,2025-05-08T16:30:00,2025-05-08T17:11:00
CMP_202601063,TYP_02,Fake Loan App,6791.75,Chhattisgarh,District-57,2025-02-27T18:15:00,2025-02-28T00:15:00,2025-02-28T00:20:00
CMP_202601064,TYP_02,Fake Loan App,31477.29,West Bengal,District-35,2025-04-30T17:25:00,2025-05-01T17:25:00,2025-05-01T18:17:00
CMP_202601065,TYP_02,Fake Loan App,14521.53,Karnataka,District-74,2025-06-01T18:01:00,2025-06-01T22:01:00,2025-06-01T22:09:00
CMP_202601066,TYP_01,OTP / KYC Fraud,49552.22,Punjab,District-25,2025-02-04T15:31:00,2025-02-04T19:31:00,2025-02-04T20:03:00
CMP_202601067,TYP_06,Marketplace / OLX Fraud,10847.94,Odisha,District-27,2025-01-27T07:02:00,2025-01-27T22:02:00,2025-01-27T22:21:00
CMP_202601068,TYP_06,Marketplace / OLX Fraud,6017.96,Haryana,District-75,2025-03-21T07:09:00,2025-03-21T21:09:00,2025-03-21T21:55:00
CMP_202601069,TYP_05,Sextortion,41749.64,Maharashtra,District-30,2025-02-20T14:43:00,2025-02-20T20:43:00,2025-02-20T20:55:00
CMP_202601070,TYP_01,OTP / KYC Fraud,5661.74,Gujarat,District-70,2025-01-05T15:57:00,2025-01-05T17:57:00,2025-01-05T18:43:00
CMP_202601071,TYP_01,OTP / KYC Fraud,54835.26,Assam,District-21,2025-04-22T09:18:00,2025-04-22T12:18:00,2025-04-22T12:24:00
CMP_202601072,TYP_05,Sextortion,18930.29,Madhya Pradesh,District-60,2025-06-23T12:43:00,2025-06-23T17:43:00,2025-06-23T18:21:00
CMP_202601073,TYP_02,Fake Loan App,10927.09,Jharkhand,Jamtara,2025-06-24T14:43:00,2025-06-24T20:43:00,2025-06-24T21:34:00
CMP_202601074,TYP_05,Sextortion,27806.73,Tamil Nadu,Chennai,2025-04-14T23:41:00,2025-04-15T05:41:00,2025-04-15T06:15:00
CMP_202601075,TYP_03,Part-Time Job Scam,76228.52,Gujarat,District-24,2025-03-21T16:09:00,2025-03-22T02:09:00,2025-03-22T03:08:00
CMP_202601076,TYP_02,Fake Loan App,20388.39,Gujarat,District-31,2025-06-23T13:28:00,2025-06-23T16:28:00,2025-06-23T16:51:00
CMP_202601077,TYP_01,OTP / KYC Fraud,10430.9,Jharkhand,District-72,2025-05-25T16:22:00,2025-05-25T19:22:00,2025-05-25T19:47:00
CMP_202601078,TYP_05,Sextortion,1829.02,Assam,District-28,2025-01-09T18:03:00,2025-01-09T19:03:00,2025-01-09T19:17:00
CMP_202601079,TYP_06,Marketplace / OLX Fraud,11835.78,Odisha,District-22,2025-03-31T16:47:00,2025-04-01T00:47:00,2025-04-01T01:16:00
CMP_202601080,TYP_02,Fake Loan App,15980.88,Karnataka,District-51,2025-01-02T16:51:00,2025-01-02T18:51:00,2025-01-02T19:02:00
CMP_202601081,TYP_06,Marketplace / OLX Fraud,14878.93,Bihar,Purnia,2025-04-16T14:19:00,2025-04-17T01:19:00,2025-04-17T01:43:00
CMP_202601082,TYP_02,Fake Loan App,38837.58,Rajasthan,District-46,2025-06-07T08:23:00,2025-06-10T14:23:00,2025-06-10T15:08:00
CMP_202601083,TYP_02,Fake Loan App,21984.84,Maharashtra,District-47,2025-06-13T17:35:00,2025-06-13T22:35:00,2025-06-13T22:46:00
CMP_202601084,TYP_02,Fake Loan App,51983.48,Gujarat,Ahmedabad,2025-03-25T15:08:00,2025-03-25T22:08:00,2025-03-25T22:45:00
CMP_202601085,TYP_03,Part-Time Job Scam,127541.99,Madhya Pradesh,District-52,2025-05-11T17:20:00,2025-05-11T21:20:00,2025-05-11T22:04:00
CMP_202601086,TYP_01,OTP / KYC Fraud,11934.49,Kerala,District-65,2025-04-26T13:04:00,2025-04-27T05:04:00,2025-04-27T05:09:00
CMP_202601087,TYP_03,Part-Time Job Scam,396507.89,Kerala,District-59,2025-04-21T16:47:00,2025-04-21T17:47:00,2025-04-21T18:29:00
CMP_202601088,TYP_04,Investment / Crypto Scam,266335.18,Assam,District-28,2025-02-25T10:23:00,2025-02-26T08:23:00,2025-02-26T08:36:00
CMP_202601089,TYP_02,Fake Loan App,34552.65,Haryana,Mewat,2025-06-03T16:18:00,2025-06-04T00:18:00,2025-06-04T01:01:00
CMP_202601090,TYP_02,Fake Loan App,3002.74,Haryana,District-29,2025-05-28T10:26:00,2025-05-28T14:26:00,2025-05-28T15:05:00
CMP_202601091,TYP_02,Fake Loan App,31608.27,Delhi,South Delhi,2025-05-06T12:58:00,2025-05-06T18:58:00,2025-05-06T19:47:00
CMP_202601092,TYP_05,Sextortion,260050.67,Assam,District-21,2025-02-04T13:02:00,2025-02-04T22:02:00,2025-02-04T22:43:00
CMP_202601093,TYP_05,Sextortion,95300.07,Uttar Pradesh,Noida,2025-04-20T12:20:00,2025-04-20T15:20:00,2025-04-20T15:56:00
CMP_202601094,TYP_01,OTP / KYC Fraud,17183.46,Haryana,District-29,2025-02-20T17:03:00,2025-02-21T11:03:00,2025-02-21T11:19:00
CMP_202601095,TYP_06,Marketplace / OLX Fraud,6642.22,Rajasthan,District-46,2025-01-08T14:22:00,2025-01-09T11:22:00,2025-01-09T11:37:00
CMP_202601096,TYP_06,Marketplace / OLX Fraud,6841.73,Uttar Pradesh,District-33,2025-04-15T08:53:00,2025-04-16T23:53:00,2025-04-17T00:00:00
CMP_202601097,TYP_05,Sextortion,22723.62,Chhattisgarh,District-71,2025-03-02T10:17:00,2025-03-03T02:17:00,2025-03-03T02:49:00
CMP_202601098,TYP_03,Part-Time Job Scam,241838.66,Maharashtra,Mumbai,2025-06-01T17:43:00,2025-06-02T15:43:00,2025-06-02T16:39:00
CMP_202601099,TYP_01,OTP / KYC Fraud,9210.08,Haryana,District-29,2025-06-25T19:39:00,2025-06-25T23:39:00,2025-06-26T00:24:00
CMP_202601100,TYP_02,Fake Loan App,10360.2,Kerala,District-59,2025-04-14T21:48:00,2025-04-15T00:48:00,2025-04-15T01:17:00
CMP_202601101,TYP_02,Fake Loan App,3255.62,Bihar,District-38,2025-06-22T10:45:00,2025-06-23T21:45:00,2025-06-23T22:14:00
CMP_202601102,TYP_06,Marketplace / OLX Fraud,3532.76,Andhra Pradesh,District-58,2025-04-10T15:05:00,2025-04-10T20:05:00,2025-04-10T20:17:00
CMP_202601103,TYP_01,OTP / KYC Fraud,100718.61,Madhya Pradesh,District-40,2025-06-02T17:33:00,2025-06-03T14:33:00,2025-06-03T14:46:00
CMP_202601104,TYP_02,Fake Loan App,3477.62,Karnataka,District-23,2025-02-21T14:21:00,2025-02-21T15:21:00,2025-02-21T15:35:00
CMP_202601105,TYP_03,Part-Time Job Scam,361220.46,Maharashtra,Mumbai,2025-06-10T11:23:00,2025-06-10T16:23:00,2025-06-10T17:14:00
CMP_202601106,TYP_05,Sextortion,108258.15,Punjab,District-36,2025-06-28T04:41:00,2025-06-28T08:41:00,2025-06-28T09:37:00
CMP_202601107,TYP_01,OTP / KYC Fraud,52516.71,Bihar,Purnia,2025-06-26T14:55:00,2025-06-26T20:55:00,2025-06-26T21:19:00
CMP_202601108,TYP_01,OTP / KYC Fraud,5884.83,Maharashtra,District-47,2025-05-10T08:30:00,2025-05-11T01:30:00,2025-05-11T02:03:00
CMP_202601109,TYP_06,Marketplace / OLX Fraud,20995.8,Uttar Pradesh,Gorakhpur,2025-02-20T04:47:00,2025-02-20T18:47:00,2025-02-20T19:40:00
CMP_202601110,TYP_03,Part-Time Job Scam,97058.38,Haryana,Gurugram,2025-04-30T12:33:00,2025-04-30T13:33:00,2025-04-30T14:21:00
CMP_202601111,TYP_06,Marketplace / OLX Fraud,31703.35,Karnataka,Bengaluru Urban,2025-03-09T08:28:00,2025-03-10T06:28:00,2025-03-10T06:58:00
CMP_202601112,TYP_02,Fake Loan App,26502.24,West Bengal,Siliguri,2025-01-15T14:40:00,2025-01-16T02:40:00,2025-01-16T03:15:00
CMP_202601113,TYP_06,Marketplace / OLX Fraud,2816.43,Punjab,Amritsar,2025-04-12T09:08:00,2025-04-12T17:08:00,2025-04-12T17:19:00
CMP_202601114,TYP_02,Fake Loan App,23196.32,Rajasthan,District-46,2025-02-06T13:37:00,2025-02-07T11:37:00,2025-02-07T12:32:00
CMP_202601115,TYP_01,OTP / KYC Fraud,19529.62,Rajasthan,District-62,2025-01-25T14:51:00,2025-01-27T16:51:00,2025-01-27T17:03:00
CMP_202601116,TYP_06,Marketplace / OLX Fraud,41841.77,Kerala,District-65,2025-01-24T12:53:00,2025-01-25T06:53:00,2025-01-25T07:28:00
CMP_202601117,TYP_03,Part-Time Job Scam,415497.27,Karnataka,District-56,2025-02-26T14:32:00,2025-02-26T16:32:00,2025-02-26T16:45:00
CMP_202601118,TYP_01,OTP / KYC Fraud,44498.59,Karnataka,District-51,2025-05-23T11:29:00,2025-05-23T20:29:00,2025-05-23T20:53:00
CMP_202601119,TYP_02,Fake Loan App,12675.81,Madhya Pradesh,District-69,2025-02-02T13:07:00,2025-02-03T23:07:00,2025-02-03T23:49:00
CMP_202601120,TYP_02,Fake Loan App,15386.96,Karnataka,District-34,2025-04-23T14:08:00,2025-04-23T15:08:00,2025-04-23T15:40:00
CMP_202601121,TYP_05,Sextortion,25328.83,Odisha,District-73,2025-02-12T08:42:00,2025-02-12T17:42:00,2025-02-12T18:35:00
CMP_202601122,TYP_03,Part-Time Job Scam,54825.06,Bihar,Purnia,2025-03-08T14:11:00,2025-03-08T20:11:00,2025-03-08T20:23:00
CMP_202601123,TYP_06,Marketplace / OLX Fraud,8946.37,Andhra Pradesh,District-44,2025-05-29T18:22:00,2025-05-30T10:22:00,2025-05-30T10:50:00
CMP_202601124,TYP_05,Sextortion,35811.54,Odisha,District-22,2025-01-19T11:39:00,2025-01-19T17:39:00,2025-01-19T17:59:00
CMP_202601125,TYP_02,Fake Loan App,51990.02,Haryana,District-29,2025-05-23T08:01:00,2025-05-26T12:01:00,2025-05-26T12:41:00
CMP_202601126,TYP_02,Fake Loan App,41944.46,Madhya Pradesh,District-52,2025-01-30T19:23:00,2025-01-31T08:23:00,2025-01-31T09:23:00
CMP_202601127,TYP_04,Investment / Crypto Scam,760899.58,Uttar Pradesh,Noida,2025-03-08T12:37:00,2025-03-08T15:37:00,2025-03-08T16:20:00
CMP_202601128,TYP_06,Marketplace / OLX Fraud,6448.59,Tamil Nadu,Chennai,2025-05-30T16:43:00,2025-05-30T23:43:00,2025-05-31T00:13:00
CMP_202601129,TYP_05,Sextortion,52924.16,Maharashtra,District-47,2025-06-08T11:30:00,2025-06-08T15:30:00,2025-06-08T15:41:00
CMP_202601130,TYP_02,Fake Loan App,3150.11,Rajasthan,Bharatpur,2025-04-30T10:43:00,2025-04-30T23:43:00,2025-05-01T00:19:00
CMP_202601131,TYP_02,Fake Loan App,40544.91,Odisha,District-68,2025-03-29T18:43:00,2025-03-30T07:43:00,2025-03-30T08:26:00
CMP_202601132,TYP_01,OTP / KYC Fraud,35608.73,Madhya Pradesh,District-53,2025-03-12T17:17:00,2025-03-13T07:17:00,2025-03-13T07:53:00
CMP_202601133,TYP_05,Sextortion,118993.89,Uttar Pradesh,District-43,2025-05-13T18:28:00,2025-05-14T12:28:00,2025-05-14T13:14:00
CMP_202601134,TYP_05,Sextortion,73145.61,Jharkhand,District-45,2025-04-01T07:53:00,2025-04-01T12:53:00,2025-04-01T13:38:00
CMP_202601135,TYP_06,Marketplace / OLX Fraud,13007.25,Gujarat,District-31,2025-04-24T08:31:00,2025-04-25T13:31:00,2025-04-25T13:46:00
CMP_202601136,TYP_04,Investment / Crypto Scam,440550.02,Rajasthan,District-62,2025-05-15T16:00:00,2025-05-15T17:00:00,2025-05-15T17:28:00
CMP_202601137,TYP_02,Fake Loan App,45982.74,Tamil Nadu,District-49,2025-03-19T21:47:00,2025-03-20T06:47:00,2025-03-20T07:25:00
CMP_202601138,TYP_02,Fake Loan App,15499.57,Telangana,Hyderabad,2025-03-22T17:06:00,2025-03-22T21:06:00,2025-03-22T21:13:00
CMP_202601139,TYP_01,OTP / KYC Fraud,27459.32,West Bengal,District-35,2025-06-27T07:50:00,2025-06-27T08:50:00,2025-06-27T09:20:00
CMP_202601140,TYP_05,Sextortion,12845.5,West Bengal,Kolkata,2025-01-23T09:01:00,2025-01-23T17:01:00,2025-01-23T17:17:00
CMP_202601141,TYP_02,Fake Loan App,10252.51,Karnataka,District-61,2025-05-25T12:40:00,2025-05-26T22:40:00,2025-05-26T23:15:00
CMP_202601142,TYP_04,Investment / Crypto Scam,182904.77,Kerala,District-48,2025-03-11T12:45:00,2025-03-12T23:45:00,2025-03-13T00:20:00
CMP_202601143,TYP_03,Part-Time Job Scam,658698.53,Madhya Pradesh,District-53,2025-01-09T03:11:00,2025-01-09T05:11:00,2025-01-09T06:04:00
CMP_202601144,TYP_04,Investment / Crypto Scam,1500458.72,Gujarat,District-70,2025-06-24T11:07:00,2025-06-25T04:07:00,2025-06-25T04:22:00
CMP_202601145,TYP_04,Investment / Crypto Scam,401765.04,West Bengal,Siliguri,2025-02-18T12:31:00,2025-02-19T12:31:00,2025-02-19T13:05:00
CMP_202601146,TYP_02,Fake Loan App,7956.11,Maharashtra,District-47,2025-01-31T11:56:00,2025-01-31T15:56:00,2025-01-31T16:02:00
CMP_202601147,TYP_02,Fake Loan App,22555.87,Odisha,District-68,2025-03-10T21:32:00,2025-03-11T01:32:00,2025-03-11T01:49:00
CMP_202601148,TYP_06,Marketplace / OLX Fraud,35159.04,Karnataka,District-34,2025-06-08T19:08:00,2025-06-09T02:08:00,2025-06-09T02:43:00
CMP_202601149,TYP_02,Fake Loan App,8891.52,Uttar Pradesh,District-33,2025-03-04T14:47:00,2025-03-04T21:47:00,2025-03-04T21:57:00
CMP_202601150,TYP_06,Marketplace / OLX Fraud,9088.73,Karnataka,District-74,2025-03-22T20:47:00,2025-03-23T02:47:00,2025-03-23T03:29:00
CMP_202601151,TYP_02,Fake Loan App,16801.56,West Bengal,Kolkata,2025-02-01T12:47:00,2025-02-02T17:47:00,2025-02-02T18:15:00
CMP_202601152,TYP_06,Marketplace / OLX Fraud,4566.3,Madhya Pradesh,District-52,2025-04-08T16:12:00,2025-04-10T16:12:00,2025-04-10T16:31:00
CMP_202601153,TYP_02,Fake Loan App,12999.55,Tamil Nadu,Chennai,2025-06-27T16:54:00,2025-06-27T23:54:00,2025-06-28T00:23:00
CMP_202601154,TYP_05,Sextortion,20617.76,Telangana,District-39,2025-05-16T13:18:00,2025-05-16T21:18:00,2025-05-16T22:08:00
CMP_202601155,TYP_04,Investment / Crypto Scam,1069675.27,Punjab,District-25,2025-05-12T10:55:00,2025-05-12T15:55:00,2025-05-12T16:08:00
CMP_202601156,TYP_01,OTP / KYC Fraud,11837.86,Odisha,District-54,2025-05-16T21:50:00,2025-05-17T16:50:00,2025-05-17T17:28:00
CMP_202601157,TYP_03,Part-Time Job Scam,182021.74,Karnataka,District-34,2025-05-09T19:29:00,2025-05-10T21:29:00,2025-05-10T21:58:00
CMP_202601158,TYP_02,Fake Loan App,3764.16,Uttar Pradesh,District-37,2025-04-15T11:45:00,2025-04-15T15:45:00,2025-04-15T16:08:00
CMP_202601159,TYP_03,Part-Time Job Scam,162405.93,Bihar,Purnia,2025-04-25T14:28:00,2025-04-25T16:28:00,2025-04-25T17:22:00
CMP_202601160,TYP_04,Investment / Crypto Scam,1454837.65,Delhi,South Delhi,2025-05-07T07:03:00,2025-05-09T21:03:00,2025-05-09T21:53:00
CMP_202601161,TYP_05,Sextortion,46964.61,Odisha,District-54,2025-06-18T14:54:00,2025-06-18T18:54:00,2025-06-18T19:30:00
CMP_202601162,TYP_05,Sextortion,90823.52,Bihar,Purnia,2025-02-09T13:31:00,2025-02-09T16:31:00,2025-02-09T16:45:00
CMP_202601163,TYP_02,Fake Loan App,29552.27,West Bengal,Kolkata,2025-01-15T10:21:00,2025-01-15T18:21:00,2025-01-15T18:44:00
CMP_202601164,TYP_06,Marketplace / OLX Fraud,3371.41,Andhra Pradesh,District-44,2025-04-04T11:59:00,2025-04-05T15:59:00,2025-04-05T16:31:00
CMP_202601165,TYP_06,Marketplace / OLX Fraud,2199.45,Rajasthan,District-62,2025-06-29T13:55:00,2025-07-01T08:55:00,2025-07-01T09:48:00
CMP_202601166,TYP_03,Part-Time Job Scam,135406.72,Odisha,District-54,2025-01-14T10:18:00,2025-01-14T14:18:00,2025-01-14T14:35:00
CMP_202601167,TYP_02,Fake Loan App,27187.81,Gujarat,District-50,2025-01-12T17:49:00,2025-01-15T23:49:00,2025-01-16T00:33:00
CMP_202601168,TYP_06,Marketplace / OLX Fraud,2258.92,Kerala,District-48,2025-05-22T10:12:00,2025-05-22T11:12:00,2025-05-22T11:55:00
CMP_202601169,TYP_03,Part-Time Job Scam,112416.44,Uttar Pradesh,District-37,2025-04-26T11:33:00,2025-04-26T14:33:00,2025-04-26T14:44:00
CMP_202601170,TYP_05,Sextortion,186141.85,Madhya Pradesh,District-52,2025-04-22T14:18:00,2025-04-22T15:18:00,2025-04-22T15:53:00
CMP_202601171,TYP_03,Part-Time Job Scam,323784.23,Andhra Pradesh,District-64,2025-06-03T11:52:00,2025-06-03T22:52:00,2025-06-03T23:24:00
CMP_202601172,TYP_04,Investment / Crypto Scam,793102.43,Assam,District-28,2025-05-26T14:39:00,2025-05-26T15:39:00,2025-05-26T16:29:00
CMP_202601173,TYP_02,Fake Loan App,12942.11,Punjab,District-36,2025-01-03T16:09:00,2025-01-05T04:09:00,2025-01-05T04:54:00
CMP_202601174,TYP_02,Fake Loan App,6537.56,West Bengal,District-35,2025-05-31T13:24:00,2025-05-31T15:24:00,2025-05-31T15:53:00
CMP_202601175,TYP_04,Investment / Crypto Scam,1053405.7,Punjab,Amritsar,2025-05-28T17:50:00,2025-05-28T23:50:00,2025-05-29T00:45:00
CMP_202601176,TYP_05,Sextortion,31222.35,Haryana,District-63,2025-06-30T17:35:00,2025-06-30T18:35:00,2025-06-30T19:29:00
CMP_202601177,TYP_02,Fake Loan App,20614.06,Madhya Pradesh,District-52,2025-06-16T16:52:00,2025-06-16T23:52:00,2025-06-17T00:39:00
CMP_202601178,TYP_01,OTP / KYC Fraud,21362.15,Rajasthan,District-46,2025-03-28T15:04:00,2025-03-28T20:04:00,2025-03-28T21:03:00
CMP_202601179,TYP_05,Sextortion,227001.23,Kerala,District-48,2025-02-05T16:03:00,2025-02-06T00:03:00,2025-02-06T00:23:00
CMP_202601180,TYP_06,Marketplace / OLX Fraud,34321.08,Madhya Pradesh,District-41,2025-01-13T20:34:00,2025-01-13T21:34:00,2025-01-13T21:44:00
CMP_202601181,TYP_05,Sextortion,78415.8,Haryana,District-63,2025-06-21T12:37:00,2025-06-22T01:37:00,2025-06-22T02:26:00
CMP_202601182,TYP_02,Fake Loan App,11785.14,Odisha,District-68,2025-03-10T08:22:00,2025-03-11T08:22:00,2025-03-11T08:56:00
CMP_202601183,TYP_03,Part-Time Job Scam,62335.34,Karnataka,District-61,2025-01-05T16:45:00,2025-01-05T22:45:00,2025-01-05T23:01:00
CMP_202601184,TYP_06,Marketplace / OLX Fraud,7344.95,Karnataka,Bengaluru Urban,2025-06-10T13:30:00,2025-06-10T19:30:00,2025-06-10T20:05:00
CMP_202601185,TYP_02,Fake Loan App,40632.99,Chhattisgarh,District-71,2025-05-31T15:29:00,2025-05-31T17:29:00,2025-05-31T17:52:00
CMP_202601186,TYP_05,Sextortion,10477.43,Jharkhand,Jamtara,2025-06-06T11:08:00,2025-06-07T15:08:00,2025-06-07T15:41:00
CMP_202601187,TYP_03,Part-Time Job Scam,275439.45,Haryana,Mewat,2025-04-16T17:22:00,2025-04-17T04:22:00,2025-04-17T04:48:00
CMP_202601188,TYP_03,Part-Time Job Scam,114576.47,Odisha,District-54,2025-04-27T19:08:00,2025-04-28T21:08:00,2025-04-28T21:16:00
CMP_202601189,TYP_06,Marketplace / OLX Fraud,30397.71,West Bengal,District-55,2025-05-29T13:00:00,2025-05-29T14:00:00,2025-05-29T14:25:00
CMP_202601190,TYP_05,Sextortion,41426.92,Delhi,South Delhi,2025-06-11T19:55:00,2025-06-12T10:55:00,2025-06-12T11:23:00
CMP_202601191,TYP_05,Sextortion,28884.6,Punjab,District-25,2025-02-07T14:55:00,2025-02-10T05:55:00,2025-02-10T06:06:00
CMP_202601192,TYP_05,Sextortion,11575.38,Jharkhand,Deoghar,2025-05-27T10:01:00,2025-05-27T11:01:00,2025-05-27T11:15:00
CMP_202601193,TYP_02,Fake Loan App,24947.22,West Bengal,Kolkata,2025-01-01T12:36:00,2025-01-01T16:36:00,2025-01-01T17:33:00
CMP_202601194,TYP_01,OTP / KYC Fraud,25436.63,Gujarat,District-24,2025-03-29T19:45:00,2025-03-29T20:45:00,2025-03-29T21:34:00
CMP_202601195,TYP_06,Marketplace / OLX Fraud,4177.12,Andhra Pradesh,District-58,2025-06-14T19:53:00,2025-06-15T05:53:00,2025-06-15T06:52:00
CMP_202601196,TYP_03,Part-Time Job Scam,66307.91,Tamil Nadu,Chennai,2025-04-01T13:38:00,2025-04-01T21:38:00,2025-04-01T21:49:00
CMP_202601197,TYP_03,Part-Time Job Scam,348533.07,Haryana,Gurugram,2025-01-15T15:43:00,2025-01-18T20:43:00,2025-01-18T21:10:00
CMP_202601198,TYP_01,OTP / KYC Fraud,23599.47,Telangana,Hyderabad,2025-05-13T10:38:00,2025-05-13T17:38:00,2025-05-13T18:28:00
CMP_202601199,TYP_02,Fake Loan App,4428.24,Karnataka,District-42,2025-04-19T21:09:00,2025-04-20T02:09:00,2025-04-20T02:55:00
CMP_202601200,TYP_05,Sextortion,62339.76,West Bengal,District-66,2025-01-06T08:47:00,2025-01-06T13:47:00,2025-01-06T13:59:00
CMP_202601201,TYP_03,Part-Time Job Scam,279864.35,Punjab,District-36,2025-05-27T21:00:00,2025-05-28T01:00:00,2025-05-28T01:57:00
CMP_202601202,TYP_03,Part-Time Job Scam,52831.94,Jharkhand,Jamtara,2025-03-13T21:42:00,2025-03-14T09:42:00,2025-03-14T10:24:00
CMP_202601203,TYP_06,Marketplace / OLX Fraud,9222.35,Madhya Pradesh,District-52,2025-03-20T17:27:00,2025-03-20T19:27:00,2025-03-20T19:33:00
CMP_202601204,TYP_02,Fake Loan App,17599.51,Bihar,Purnia,2025-01-10T14:22:00,2025-01-10T22:22:00,2025-01-10T23:22:00
CMP_202601205,TYP_04,Investment / Crypto Scam,322746.9,Kerala,District-59,2025-03-14T13:46:00,2025-03-16T05:46:00,2025-03-16T06:24:00
CMP_202601206,TYP_03,Part-Time Job Scam,80374.64,West Bengal,District-55,2025-04-30T14:47:00,2025-05-01T04:47:00,2025-05-01T05:09:00
CMP_202601207,TYP_03,Part-Time Job Scam,93969.63,Andhra Pradesh,District-64,2025-04-26T09:38:00,2025-04-26T11:38:00,2025-04-26T11:58:00
CMP_202601208,TYP_05,Sextortion,90849.54,Assam,District-28,2025-05-18T10:15:00,2025-05-18T12:15:00,2025-05-18T12:43:00
CMP_202601209,TYP_06,Marketplace / OLX Fraud,6824.4,Rajasthan,Alwar,2025-02-08T14:24:00,2025-02-09T17:24:00,2025-02-09T18:20:00
CMP_202601210,TYP_05,Sextortion,20723.69,Jharkhand,District-72,2025-02-25T12:02:00,2025-02-25T22:02:00,2025-02-25T22:27:00
CMP_202601211,TYP_02,Fake Loan App,14026.12,Chhattisgarh,District-71,2025-05-06T13:16:00,2025-05-06T20:16:00,2025-05-06T20:51:00
CMP_202601212,TYP_02,Fake Loan App,1637.29,Maharashtra,District-30,2025-05-27T16:10:00,2025-05-27T23:10:00,2025-05-28T00:06:00
CMP_202601213,TYP_05,Sextortion,22712.77,Maharashtra,Mumbai,2025-03-04T19:36:00,2025-03-05T00:36:00,2025-03-05T01:22:00
CMP_202601214,TYP_04,Investment / Crypto Scam,327935.6,Jharkhand,Jamtara,2025-04-28T15:19:00,2025-04-28T18:19:00,2025-04-28T18:37:00
CMP_202601215,TYP_03,Part-Time Job Scam,60925.71,Jharkhand,District-45,2025-03-05T13:32:00,2025-03-05T17:32:00,2025-03-05T18:21:00
CMP_202601216,TYP_05,Sextortion,21426.44,Andhra Pradesh,District-26,2025-02-21T15:36:00,2025-02-22T02:36:00,2025-02-22T02:47:00
CMP_202601217,TYP_05,Sextortion,19388.39,Jharkhand,Deoghar,2025-01-01T18:06:00,2025-01-02T11:06:00,2025-01-02T12:05:00
CMP_202601218,TYP_02,Fake Loan App,32065.4,Jharkhand,Deoghar,2025-02-24T08:09:00,2025-02-24T14:09:00,2025-02-24T15:02:00
CMP_202601219,TYP_02,Fake Loan App,9975.37,Andhra Pradesh,District-64,2025-01-10T19:54:00,2025-01-12T20:54:00,2025-01-12T21:11:00
CMP_202601220,TYP_01,OTP / KYC Fraud,15567.49,Odisha,District-22,2025-02-06T10:42:00,2025-02-07T03:42:00,2025-02-07T04:02:00
CMP_202601221,TYP_01,OTP / KYC Fraud,9490.95,Karnataka,District-74,2025-05-15T12:54:00,2025-05-15T19:54:00,2025-05-15T20:03:00
CMP_202601222,TYP_02,Fake Loan App,20678.12,Karnataka,District-34,2025-06-11T14:48:00,2025-06-12T22:48:00,2025-06-12T23:40:00
CMP_202601223,TYP_02,Fake Loan App,91432.03,Maharashtra,Pune,2025-06-05T20:21:00,2025-06-06T02:21:00,2025-06-06T02:53:00
CMP_202601224,TYP_06,Marketplace / OLX Fraud,28421.68,Haryana,Gurugram,2025-03-26T04:57:00,2025-03-26T07:57:00,2025-03-26T08:29:00
CMP_202601225,TYP_02,Fake Loan App,24672.82,Uttar Pradesh,District-43,2025-02-15T17:47:00,2025-02-15T23:47:00,2025-02-16T00:43:00
CMP_202601226,TYP_01,OTP / KYC Fraud,8711.58,West Bengal,District-35,2025-05-09T12:07:00,2025-05-13T00:07:00,2025-05-13T00:30:00
CMP_202601227,TYP_02,Fake Loan App,8152.84,Odisha,District-22,2025-04-16T13:20:00,2025-04-16T14:20:00,2025-04-16T14:34:00
CMP_202601228,TYP_02,Fake Loan App,6529.54,Kerala,District-65,2025-05-12T16:33:00,2025-05-12T20:33:00,2025-05-12T21:03:00
CMP_202601229,TYP_02,Fake Loan App,26089.26,Gujarat,District-24,2025-06-03T12:07:00,2025-06-03T19:07:00,2025-06-03T19:27:00
CMP_202601230,TYP_06,Marketplace / OLX Fraud,3987.49,Rajasthan,Alwar,2025-03-22T16:12:00,2025-03-22T21:12:00,2025-03-22T22:07:00
CMP_202601231,TYP_02,Fake Loan App,18329.43,Maharashtra,Mumbai,2025-02-02T10:09:00,2025-02-02T11:09:00,2025-02-02T12:00:00
CMP_202601232,TYP_02,Fake Loan App,16780.45,Maharashtra,District-32,2025-02-10T05:00:00,2025-02-11T07:00:00,2025-02-11T07:13:00
CMP_202601233,TYP_01,OTP / KYC Fraud,27970.94,Madhya Pradesh,District-69,2025-05-07T13:40:00,2025-05-07T15:40:00,2025-05-07T16:30:00
CMP_202601234,TYP_02,Fake Loan App,3386.24,West Bengal,Kolkata,2025-01-06T17:15:00,2025-01-06T19:15:00,2025-01-06T20:13:00
CMP_202601235,TYP_06,Marketplace / OLX Fraud,31056.79,Andhra Pradesh,District-64,2025-02-07T13:18:00,2025-02-07T15:18:00,2025-02-07T16:14:00
CMP_202601236,TYP_02,Fake Loan App,20434.14,Jharkhand,District-72,2025-06-18T13:06:00,2025-06-18T15:06:00,2025-06-18T16:02:00
CMP_202601237,TYP_03,Part-Time Job Scam,293167.22,Kerala,District-59,2025-05-21T14:41:00,2025-05-22T00:41:00,2025-05-22T01:13:00
CMP_202601238,TYP_03,Part-Time Job Scam,224890.95,Rajasthan,District-46,2025-04-27T13:49:00,2025-04-27T20:49:00,2025-04-27T21:35:00
CMP_202601239,TYP_03,Part-Time Job Scam,57529.46,Maharashtra,District-32,2025-03-21T11:45:00,2025-03-21T12:45:00,2025-03-21T13:19:00
CMP_202601240,TYP_03,Part-Time Job Scam,68552.95,Kerala,District-65,2025-04-17T10:45:00,2025-04-17T11:45:00,2025-04-17T12:16:00
CMP_202601241,TYP_02,Fake Loan App,33986.61,Punjab,District-36,2025-02-13T09:10:00,2025-02-13T13:10:00,2025-02-13T13:38:00
CMP_202601242,TYP_02,Fake Loan App,4664.26,Odisha,District-27,2025-06-18T12:44:00,2025-06-18T18:44:00,2025-06-18T19:11:00
CMP_202601243,TYP_05,Sextortion,10508.2,Andhra Pradesh,District-64,2025-03-21T17:21:00,2025-03-21T19:21:00,2025-03-21T19:32:00
CMP_202601244,TYP_03,Part-Time Job Scam,606508.72,Punjab,Amritsar,2025-04-18T16:55:00,2025-04-18T17:55:00,2025-04-18T18:44:00
CMP_202601245,TYP_02,Fake Loan App,7804.16,Haryana,Gurugram,2025-05-15T07:52:00,2025-05-15T14:52:00,2025-05-15T15:36:00
CMP_202601246,TYP_01,OTP / KYC Fraud,15411.51,Chhattisgarh,District-57,2025-03-23T20:37:00,2025-03-24T21:37:00,2025-03-24T22:09:00
CMP_202601247,TYP_02,Fake Loan App,8365.91,Madhya Pradesh,District-69,2025-05-09T09:25:00,2025-05-09T10:25:00,2025-05-09T10:40:00
CMP_202601248,TYP_02,Fake Loan App,8435.38,Telangana,Hyderabad,2025-05-20T16:05:00,2025-05-20T20:05:00,2025-05-20T20:38:00
CMP_202601249,TYP_02,Fake Loan App,25077.49,Punjab,District-25,2025-02-17T07:48:00,2025-02-17T11:48:00,2025-02-17T11:57:00
CMP_202601250,TYP_05,Sextortion,57978.88,Haryana,Gurugram,2025-01-12T17:51:00,2025-01-13T04:51:00,2025-01-13T04:57:00
CMP_202601251,TYP_02,Fake Loan App,6818.39,Madhya Pradesh,District-60,2025-02-03T17:42:00,2025-02-04T14:42:00,2025-02-04T14:52:00
CMP_202601252,TYP_05,Sextortion,125774.07,Haryana,District-63,2025-04-19T13:30:00,2025-04-19T14:30:00,2025-04-19T15:22:00
CMP_202601253,TYP_06,Marketplace / OLX Fraud,6649.59,Assam,District-21,2025-01-11T12:17:00,2025-01-11T13:17:00,2025-01-11T13:54:00
CMP_202601254,TYP_03,Part-Time Job Scam,154568.95,Jharkhand,Deoghar,2025-05-18T10:35:00,2025-05-19T08:35:00,2025-05-19T09:23:00
CMP_202601255,TYP_06,Marketplace / OLX Fraud,14475.56,Karnataka,District-42,2025-03-03T08:42:00,2025-03-03T17:42:00,2025-03-03T18:12:00
CMP_202601256,TYP_05,Sextortion,28917.68,Haryana,District-75,2025-02-16T14:28:00,2025-02-17T02:28:00,2025-02-17T02:38:00
CMP_202601257,TYP_06,Marketplace / OLX Fraud,22713.97,Jharkhand,District-45,2025-03-28T15:48:00,2025-03-29T08:48:00,2025-03-29T09:07:00
CMP_202601258,TYP_02,Fake Loan App,38367.35,Punjab,Amritsar,2025-01-28T14:48:00,2025-01-29T20:48:00,2025-01-29T20:55:00
CMP_202601259,TYP_01,OTP / KYC Fraud,58574.33,Madhya Pradesh,District-69,2025-06-27T12:00:00,2025-06-28T23:00:00,2025-06-28T23:22:00
CMP_202601260,TYP_06,Marketplace / OLX Fraud,11293.4,Odisha,District-73,2025-05-21T16:26:00,2025-05-21T19:26:00,2025-05-21T20:01:00
CMP_202601261,TYP_05,Sextortion,23424.97,Madhya Pradesh,District-40,2025-04-07T12:42:00,2025-04-07T14:42:00,2025-04-07T15:14:00
CMP_202601262,TYP_02,Fake Loan App,5275.92,Madhya Pradesh,District-60,2025-01-06T17:18:00,2025-01-07T08:18:00,2025-01-07T09:17:00
CMP_202601263,TYP_05,Sextortion,87689.23,Maharashtra,District-32,2025-02-04T16:15:00,2025-02-05T01:15:00,2025-02-05T01:25:00
CMP_202601264,TYP_05,Sextortion,123928.32,Rajasthan,District-46,2025-04-08T13:51:00,2025-04-08T21:51:00,2025-04-08T22:39:00
CMP_202601265,TYP_05,Sextortion,96411.78,Haryana,Gurugram,2025-01-30T15:37:00,2025-01-30T20:37:00,2025-01-30T21:35:00
CMP_202601266,TYP_05,Sextortion,76703.89,West Bengal,District-55,2025-04-23T13:41:00,2025-04-24T05:41:00,2025-04-24T06:01:00
CMP_202601267,TYP_05,Sextortion,40405.65,Uttar Pradesh,District-43,2025-03-22T08:13:00,2025-03-22T13:13:00,2025-03-22T13:46:00
CMP_202601268,TYP_04,Investment / Crypto Scam,988751.32,West Bengal,District-35,2025-06-06T13:37:00,2025-06-06T14:37:00,2025-06-06T15:34:00
CMP_202601269,TYP_04,Investment / Crypto Scam,132531.43,Odisha,District-27,2025-06-21T08:47:00,2025-06-21T12:47:00,2025-06-21T13:32:00
CMP_202601270,TYP_06,Marketplace / OLX Fraud,34412.61,Madhya Pradesh,District-41,2025-01-12T21:55:00,2025-01-13T04:55:00,2025-01-13T05:31:00
CMP_202601271,TYP_06,Marketplace / OLX Fraud,22092.26,Maharashtra,Mumbai,2025-04-09T12:36:00,2025-04-09T15:36:00,2025-04-09T16:15:00
CMP_202601272,TYP_03,Part-Time Job Scam,119580.07,Maharashtra,District-30,2025-05-24T20:22:00,2025-05-25T09:22:00,2025-05-25T10:08:00
CMP_202601273,TYP_02,Fake Loan App,142101.92,Uttar Pradesh,District-33,2025-01-07T16:29:00,2025-01-07T17:29:00,2025-01-07T17:44:00
CMP_202601274,TYP_06,Marketplace / OLX Fraud,37599.78,Karnataka,District-74,2025-06-07T21:54:00,2025-06-08T01:54:00,2025-06-08T02:51:00
CMP_202601275,TYP_06,Marketplace / OLX Fraud,20581.92,Haryana,District-75,2025-03-18T12:15:00,2025-03-18T18:15:00,2025-03-18T19:03:00
CMP_202601276,TYP_05,Sextortion,37035.92,Odisha,District-73,2025-04-17T21:46:00,2025-04-17T23:46:00,2025-04-18T00:07:00
CMP_202601277,TYP_05,Sextortion,21364.65,Uttar Pradesh,Mathura,2025-05-07T17:45:00,2025-05-08T11:45:00,2025-05-08T12:45:00
CMP_202601278,TYP_06,Marketplace / OLX Fraud,9518.22,Madhya Pradesh,District-60,2025-04-15T13:58:00,2025-04-15T18:58:00,2025-04-15T19:55:00
CMP_202601279,TYP_06,Marketplace / OLX Fraud,18364.18,Andhra Pradesh,District-44,2025-06-19T15:23:00,2025-06-19T19:23:00,2025-06-19T19:34:00
CMP_202601280,TYP_06,Marketplace / OLX Fraud,8009.48,Karnataka,Bengaluru Urban,2025-02-04T12:45:00,2025-02-04T13:45:00,2025-02-04T14:45:00
CMP_202601281,TYP_05,Sextortion,63389.13,Chhattisgarh,District-57,2025-05-14T15:13:00,2025-05-15T00:13:00,2025-05-15T00:56:00
CMP_202601282,TYP_03,Part-Time Job Scam,254347.04,Haryana,Gurugram,2025-04-03T12:57:00,2025-04-04T00:57:00,2025-04-04T01:24:00
CMP_202601283,TYP_01,OTP / KYC Fraud,11292.24,Kerala,District-59,2025-06-21T12:58:00,2025-06-21T20:58:00,2025-06-21T21:26:00
CMP_202601284,TYP_05,Sextortion,17425.87,Karnataka,Bengaluru Urban,2025-06-05T18:03:00,2025-06-06T23:03:00,2025-06-06T23:38:00
CMP_202601285,TYP_02,Fake Loan App,24586.53,Karnataka,District-42,2025-05-26T11:26:00,2025-05-26T13:26:00,2025-05-26T14:20:00
CMP_202601286,TYP_05,Sextortion,37160.84,Jharkhand,District-45,2025-01-30T13:29:00,2025-01-30T16:29:00,2025-01-30T16:57:00
CMP_202601287,TYP_02,Fake Loan App,17777.61,Uttar Pradesh,District-37,2025-01-18T12:29:00,2025-01-18T19:29:00,2025-01-18T19:55:00
CMP_202601288,TYP_06,Marketplace / OLX Fraud,21822.98,Gujarat,District-70,2025-03-28T14:00:00,2025-03-28T18:00:00,2025-03-28T18:42:00
CMP_202601289,TYP_05,Sextortion,55080.82,Karnataka,District-51,2025-02-02T13:28:00,2025-02-02T18:28:00,2025-02-02T18:44:00
CMP_202601290,TYP_03,Part-Time Job Scam,117520.47,Maharashtra,Pune,2025-03-20T19:50:00,2025-03-21T00:50:00,2025-03-21T01:09:00
CMP_202601291,TYP_06,Marketplace / OLX Fraud,29673.74,Madhya Pradesh,District-52,2025-02-07T08:06:00,2025-02-07T23:06:00,2025-02-07T23:42:00
CMP_202601292,TYP_02,Fake Loan App,9201.62,Andhra Pradesh,District-58,2025-03-07T14:02:00,2025-03-07T20:02:00,2025-03-07T20:35:00
CMP_202601293,TYP_01,OTP / KYC Fraud,22731.98,Maharashtra,District-47,2025-05-17T04:20:00,2025-05-17T19:20:00,2025-05-17T19:53:00
CMP_202601294,TYP_05,Sextortion,13988.48,Assam,District-28,2025-04-27T11:30:00,2025-04-28T06:30:00,2025-04-28T06:38:00
CMP_202601295,TYP_06,Marketplace / OLX Fraud,23782.51,Chhattisgarh,District-57,2025-01-01T17:18:00,2025-01-02T05:18:00,2025-01-02T05:25:00
CMP_202601296,TYP_01,OTP / KYC Fraud,17929.32,Assam,District-21,2025-05-01T12:13:00,2025-05-01T23:13:00,2025-05-01T23:39:00
CMP_202601297,TYP_02,Fake Loan App,40635.02,Maharashtra,District-32,2025-01-02T17:01:00,2025-01-02T22:01:00,2025-01-02T22:41:00
CMP_202601298,TYP_05,Sextortion,40863.54,Madhya Pradesh,District-69,2025-02-24T15:26:00,2025-02-24T16:26:00,2025-02-24T17:12:00
CMP_202601299,TYP_05,Sextortion,49874.0,Karnataka,District-56,2025-05-18T22:17:00,2025-05-21T14:17:00,2025-05-21T15:01:00
CMP_202601300,TYP_06,Marketplace / OLX Fraud,11742.6,Maharashtra,Pune,2025-04-20T10:02:00,2025-04-20T12:02:00,2025-04-20T12:08:00
CMP_202601301,TYP_02,Fake Loan App,5424.29,Chhattisgarh,District-57,2025-01-22T13:42:00,2025-01-22T19:42:00,2025-01-22T20:33:00
CMP_202601302,TYP_02,Fake Loan App,14728.72,Rajasthan,District-46,2025-05-03T16:45:00,2025-05-04T07:45:00,2025-05-04T08:21:00
CMP_202601303,TYP_02,Fake Loan App,12393.23,Madhya Pradesh,District-40,2025-01-18T16:17:00,2025-01-20T04:17:00,2025-01-20T04:32:00
CMP_202601304,TYP_02,Fake Loan App,21278.27,Kerala,District-65,2025-05-09T12:30:00,2025-05-09T18:30:00,2025-05-09T18:46:00
CMP_202601305,TYP_05,Sextortion,38399.17,Bihar,District-38,2025-03-11T21:32:00,2025-03-12T00:32:00,2025-03-12T00:53:00
CMP_202601306,TYP_02,Fake Loan App,32328.54,Odisha,District-54,2025-05-21T09:37:00,2025-05-22T02:37:00,2025-05-22T03:35:00
CMP_202601307,TYP_03,Part-Time Job Scam,118834.92,Karnataka,District-56,2025-04-09T11:25:00,2025-04-09T14:25:00,2025-04-09T15:25:00
CMP_202601308,TYP_06,Marketplace / OLX Fraud,2901.56,Andhra Pradesh,District-44,2025-06-14T11:08:00,2025-06-15T07:08:00,2025-06-15T07:50:00
CMP_202601309,TYP_05,Sextortion,44658.11,Uttar Pradesh,Gorakhpur,2025-04-30T20:23:00,2025-05-03T21:23:00,2025-05-03T21:47:00
CMP_202601310,TYP_01,OTP / KYC Fraud,27664.59,Madhya Pradesh,District-69,2025-04-30T11:50:00,2025-04-30T12:50:00,2025-04-30T13:38:00
CMP_202601311,TYP_05,Sextortion,119735.93,Madhya Pradesh,District-52,2025-04-01T10:16:00,2025-04-01T19:16:00,2025-04-01T19:53:00
CMP_202601312,TYP_05,Sextortion,106639.93,Uttar Pradesh,District-33,2025-03-30T14:29:00,2025-03-30T16:29:00,2025-03-30T17:19:00
CMP_202601313,TYP_03,Part-Time Job Scam,171731.8,Gujarat,District-70,2025-05-28T23:22:00,2025-05-29T05:22:00,2025-05-29T06:12:00
CMP_202601314,TYP_04,Investment / Crypto Scam,785005.45,Karnataka,District-56,2025-02-03T17:16:00,2025-02-04T13:16:00,2025-02-04T14:16:00
CMP_202601315,TYP_02,Fake Loan App,9999.55,Odisha,District-68,2025-04-03T19:53:00,2025-04-04T01:53:00,2025-04-04T02:05:00
CMP_202601316,TYP_04,Investment / Crypto Scam,294977.08,West Bengal,Siliguri,2025-01-03T14:12:00,2025-01-04T10:12:00,2025-01-04T10:51:00
CMP_202601317,TYP_05,Sextortion,55676.52,Bihar,Purnia,2025-01-10T16:06:00,2025-01-11T20:06:00,2025-01-11T20:36:00
CMP_202601318,TYP_05,Sextortion,86176.77,Gujarat,District-50,2025-02-02T09:20:00,2025-02-02T10:20:00,2025-02-02T10:40:00
CMP_202601319,TYP_05,Sextortion,14152.68,Jharkhand,District-45,2025-01-13T07:31:00,2025-01-13T12:31:00,2025-01-13T12:53:00
CMP_202601320,TYP_02,Fake Loan App,50764.99,Haryana,District-75,2025-06-13T10:56:00,2025-06-13T15:56:00,2025-06-13T16:37:00
CMP_202601321,TYP_05,Sextortion,22489.05,Haryana,Mewat,2025-01-07T15:58:00,2025-01-10T00:58:00,2025-01-10T01:42:00
CMP_202601322,TYP_02,Fake Loan App,3546.15,Karnataka,District-51,2025-01-17T23:28:00,2025-01-18T04:28:00,2025-01-18T04:41:00
CMP_202601323,TYP_05,Sextortion,27107.55,Madhya Pradesh,District-53,2025-04-20T09:06:00,2025-04-20T12:06:00,2025-04-20T12:32:00
CMP_202601324,TYP_03,Part-Time Job Scam,108997.57,Odisha,District-73,2025-01-13T17:27:00,2025-01-13T23:27:00,2025-01-13T23:42:00
CMP_202601325,TYP_02,Fake Loan App,5110.23,Maharashtra,Pune,2025-02-26T16:28:00,2025-02-27T08:28:00,2025-02-27T08:40:00
CMP_202601326,TYP_03,Part-Time Job Scam,585622.13,Madhya Pradesh,District-41,2025-04-29T18:42:00,2025-04-30T00:42:00,2025-04-30T00:52:00
CMP_202601327,TYP_02,Fake Loan App,24099.53,Karnataka,Bengaluru Urban,2025-03-12T18:53:00,2025-03-12T23:53:00,2025-03-13T00:14:00
CMP_202601328,TYP_05,Sextortion,33221.77,Odisha,District-73,2025-04-18T07:37:00,2025-04-18T11:37:00,2025-04-18T11:47:00
CMP_202601329,TYP_05,Sextortion,99507.05,Rajasthan,District-62,2025-01-28T12:03:00,2025-01-28T14:03:00,2025-01-28T14:46:00
CMP_202601330,TYP_06,Marketplace / OLX Fraud,8329.55,Madhya Pradesh,District-40,2025-04-29T16:41:00,2025-04-29T23:41:00,2025-04-29T23:47:00
CMP_202601331,TYP_06,Marketplace / OLX Fraud,29785.63,Tamil Nadu,District-49,2025-04-01T14:41:00,2025-04-01T18:41:00,2025-04-01T19:36:00
CMP_202601332,TYP_02,Fake Loan App,11246.84,Bihar,District-38,2025-04-16T10:47:00,2025-04-16T16:47:00,2025-04-16T17:04:00
CMP_202601333,TYP_02,Fake Loan App,23855.9,Karnataka,District-51,2025-05-26T19:43:00,2025-05-27T11:43:00,2025-05-27T12:12:00
CMP_202601334,TYP_03,Part-Time Job Scam,92834.19,Gujarat,District-24,2025-05-26T08:53:00,2025-05-26T14:53:00,2025-05-26T15:23:00
CMP_202601335,TYP_04,Investment / Crypto Scam,379854.19,Gujarat,District-24,2025-02-02T12:20:00,2025-02-02T15:20:00,2025-02-02T15:30:00
CMP_202601336,TYP_05,Sextortion,32597.83,West Bengal,District-55,2025-03-20T18:13:00,2025-03-21T01:13:00,2025-03-21T01:21:00
CMP_202601337,TYP_02,Fake Loan App,7444.13,Andhra Pradesh,District-26,2025-04-03T12:40:00,2025-04-03T23:40:00,2025-04-04T00:33:00
CMP_202601338,TYP_06,Marketplace / OLX Fraud,1691.47,Jharkhand,District-72,2025-03-08T13:01:00,2025-03-08T14:01:00,2025-03-08T14:35:00
CMP_202601339,TYP_01,OTP / KYC Fraud,15210.12,Bihar,District-38,2025-05-08T13:25:00,2025-05-09T14:25:00,2025-05-09T14:59:00
CMP_202601340,TYP_03,Part-Time Job Scam,173836.64,Karnataka,District-42,2025-03-27T17:37:00,2025-03-28T03:37:00,2025-03-28T03:53:00
CMP_202601341,TYP_02,Fake Loan App,6768.84,Assam,District-21,2025-05-05T10:15:00,2025-05-05T17:15:00,2025-05-05T18:00:00
CMP_202601342,TYP_02,Fake Loan App,12476.69,Gujarat,District-50,2025-01-23T10:34:00,2025-01-23T12:34:00,2025-01-23T12:42:00
CMP_202601343,TYP_03,Part-Time Job Scam,178186.86,Maharashtra,District-47,2025-01-22T14:33:00,2025-01-22T17:33:00,2025-01-22T18:05:00
CMP_202601344,TYP_02,Fake Loan App,17535.56,West Bengal,Kolkata,2025-05-24T15:34:00,2025-05-24T23:34:00,2025-05-24T23:53:00
CMP_202601345,TYP_02,Fake Loan App,7813.29,Haryana,District-75,2025-02-18T08:17:00,2025-02-18T10:17:00,2025-02-18T10:52:00
CMP_202601346,TYP_02,Fake Loan App,92324.52,Maharashtra,District-32,2025-06-11T07:39:00,2025-06-12T02:39:00,2025-06-12T03:19:00
CMP_202601347,TYP_05,Sextortion,36706.8,Punjab,District-25,2025-03-04T13:52:00,2025-03-05T04:52:00,2025-03-05T05:49:00
CMP_202601348,TYP_01,OTP / KYC Fraud,8193.14,Karnataka,Bengaluru Urban,2025-06-28T07:00:00,2025-06-28T20:00:00,2025-06-28T20:49:00
CMP_202601349,TYP_03,Part-Time Job Scam,234084.22,Assam,District-28,2025-05-11T08:58:00,2025-05-11T10:58:00,2025-05-11T11:52:00
CMP_202601350,TYP_02,Fake Loan App,11896.69,Tamil Nadu,Chennai,2025-03-07T13:03:00,2025-03-08T04:03:00,2025-03-08T04:10:00
CMP_202601351,TYP_01,OTP / KYC Fraud,22950.12,Jharkhand,Deoghar,2025-02-15T19:53:00,2025-02-17T12:53:00,2025-02-17T13:11:00
CMP_202601352,TYP_04,Investment / Crypto Scam,1745333.19,Assam,District-28,2025-02-15T20:16:00,2025-02-16T05:16:00,2025-02-16T06:05:00
CMP_202601353,TYP_02,Fake Loan App,10132.32,Assam,District-21,2025-01-23T19:14:00,2025-01-25T04:14:00,2025-01-25T04:26:00
CMP_202601354,TYP_06,Marketplace / OLX Fraud,16900.61,Assam,District-28,2025-02-12T14:56:00,2025-02-12T20:56:00,2025-02-12T21:25:00
CMP_202601355,TYP_04,Investment / Crypto Scam,164927.31,Karnataka,District-23,2025-03-23T09:06:00,2025-03-23T22:06:00,2025-03-23T22:32:00
CMP_202601356,TYP_01,OTP / KYC Fraud,17801.17,Telangana,Hyderabad,2025-04-25T17:20:00,2025-04-26T09:20:00,2025-04-26T10:15:00
CMP_202601357,TYP_06,Marketplace / OLX Fraud,9060.12,Maharashtra,District-30,2025-01-07T17:41:00,2025-01-08T00:41:00,2025-01-08T01:14:00
CMP_202601358,TYP_02,Fake Loan App,49704.67,Assam,District-21,2025-04-24T15:10:00,2025-04-24T17:10:00,2025-04-24T17:44:00
CMP_202601359,TYP_06,Marketplace / OLX Fraud,30888.41,Uttar Pradesh,Mathura,2025-01-24T15:48:00,2025-01-24T18:48:00,2025-01-24T19:03:00
CMP_202601360,TYP_02,Fake Loan App,5125.07,West Bengal,District-35,2025-05-02T16:51:00,2025-05-02T18:51:00,2025-05-02T19:00:00
CMP_202601361,TYP_06,Marketplace / OLX Fraud,7719.59,Haryana,Mewat,2025-02-11T16:57:00,2025-02-11T17:57:00,2025-02-11T18:52:00
CMP_202601362,TYP_05,Sextortion,8420.09,Madhya Pradesh,District-52,2025-04-29T21:28:00,2025-04-29T23:28:00,2025-04-29T23:59:00
CMP_202601363,TYP_02,Fake Loan App,61471.39,Uttar Pradesh,Noida,2025-05-04T16:55:00,2025-05-05T14:55:00,2025-05-05T15:29:00
CMP_202601364,TYP_02,Fake Loan App,2772.37,Kerala,District-65,2025-02-11T15:28:00,2025-02-16T15:28:00,2025-02-16T16:02:00
CMP_202601365,TYP_05,Sextortion,8218.83,Karnataka,District-23,2025-04-28T15:10:00,2025-04-28T18:10:00,2025-04-28T18:54:00
CMP_202601366,TYP_05,Sextortion,116925.47,Telangana,Hyderabad,2025-06-06T14:15:00,2025-06-06T19:15:00,2025-06-06T19:56:00
CMP_202601367,TYP_03,Part-Time Job Scam,51824.06,Odisha,District-22,2025-02-09T04:30:00,2025-02-09T10:30:00,2025-02-09T10:50:00
CMP_202601368,TYP_01,OTP / KYC Fraud,9830.82,Punjab,District-25,2025-04-04T18:29:00,2025-04-04T21:29:00,2025-04-04T21:36:00
CMP_202601369,TYP_04,Investment / Crypto Scam,1489944.29,Telangana,District-39,2025-04-07T06:15:00,2025-04-07T09:15:00,2025-04-07T09:52:00
CMP_202601370,TYP_05,Sextortion,143880.45,West Bengal,District-35,2025-05-06T15:41:00,2025-05-07T23:41:00,2025-05-08T00:25:00
CMP_202601371,TYP_05,Sextortion,36895.23,Kerala,District-48,2025-06-15T13:36:00,2025-06-15T18:36:00,2025-06-15T19:32:00
CMP_202601372,TYP_02,Fake Loan App,7403.86,Haryana,Mewat,2025-02-05T10:16:00,2025-02-06T14:16:00,2025-02-06T14:46:00
CMP_202601373,TYP_06,Marketplace / OLX Fraud,13537.04,Madhya Pradesh,District-53,2025-03-04T13:47:00,2025-03-04T16:47:00,2025-03-04T17:20:00
CMP_202601374,TYP_02,Fake Loan App,18043.61,Tamil Nadu,Chennai,2025-04-09T14:21:00,2025-04-10T03:21:00,2025-04-10T03:26:00
CMP_202601375,TYP_01,OTP / KYC Fraud,10446.69,Uttar Pradesh,District-33,2025-01-14T13:11:00,2025-01-14T21:11:00,2025-01-14T21:46:00
CMP_202601376,TYP_02,Fake Loan App,18326.21,Chhattisgarh,District-71,2025-03-17T09:09:00,2025-03-17T10:09:00,2025-03-17T10:37:00
CMP_202601377,TYP_05,Sextortion,234640.7,Odisha,District-22,2025-05-13T07:45:00,2025-05-13T11:45:00,2025-05-13T12:43:00
CMP_202601378,TYP_03,Part-Time Job Scam,150333.8,Delhi,South Delhi,2025-05-01T17:19:00,2025-05-02T03:19:00,2025-05-02T04:10:00
CMP_202601379,TYP_02,Fake Loan App,14751.47,Maharashtra,District-30,2025-05-26T18:03:00,2025-05-29T03:03:00,2025-05-29T03:23:00
CMP_202601380,TYP_06,Marketplace / OLX Fraud,9250.75,Madhya Pradesh,District-53,2025-06-08T12:40:00,2025-06-10T06:40:00,2025-06-10T07:09:00
CMP_202601381,TYP_03,Part-Time Job Scam,91085.68,Tamil Nadu,District-49,2025-03-21T09:53:00,2025-03-21T20:53:00,2025-03-21T21:39:00
CMP_202601382,TYP_01,OTP / KYC Fraud,11804.53,Haryana,District-63,2025-03-06T15:35:00,2025-03-06T21:35:00,2025-03-06T22:31:00
CMP_202601383,TYP_03,Part-Time Job Scam,297917.93,Karnataka,District-23,2025-06-09T04:17:00,2025-06-09T08:17:00,2025-06-09T08:58:00
CMP_202601384,TYP_05,Sextortion,103261.42,Uttar Pradesh,District-33,2025-06-23T16:55:00,2025-06-23T23:55:00,2025-06-24T00:37:00
CMP_202601385,TYP_06,Marketplace / OLX Fraud,18124.73,Gujarat,Ahmedabad,2025-05-24T19:16:00,2025-05-25T13:16:00,2025-05-25T14:09:00
CMP_202601386,TYP_05,Sextortion,9095.62,Uttar Pradesh,District-43,2025-02-11T13:39:00,2025-02-15T02:39:00,2025-02-15T03:02:00
CMP_202601387,TYP_01,OTP / KYC Fraud,14117.36,Assam,District-28,2025-06-27T17:32:00,2025-06-27T23:32:00,2025-06-27T23:39:00
CMP_202601388,TYP_04,Investment / Crypto Scam,243154.78,Maharashtra,District-30,2025-01-16T14:32:00,2025-01-16T21:32:00,2025-01-16T22:29:00
CMP_202601389,TYP_03,Part-Time Job Scam,159702.78,Assam,District-21,2025-06-25T18:58:00,2025-06-26T01:58:00,2025-06-26T02:07:00
CMP_202601390,TYP_03,Part-Time Job Scam,113603.04,Kerala,District-59,2025-03-03T16:54:00,2025-03-04T02:54:00,2025-03-04T03:25:00
CMP_202601391,TYP_01,OTP / KYC Fraud,6872.59,Punjab,Amritsar,2025-04-08T08:39:00,2025-04-08T15:39:00,2025-04-08T15:57:00
CMP_202601392,TYP_06,Marketplace / OLX Fraud,9833.56,Haryana,Gurugram,2025-03-21T04:41:00,2025-03-21T08:41:00,2025-03-21T09:19:00
CMP_202601393,TYP_05,Sextortion,17461.0,Uttar Pradesh,District-37,2025-01-28T21:20:00,2025-01-29T06:20:00,2025-01-29T07:05:00
CMP_202601394,TYP_02,Fake Loan App,25508.63,Odisha,District-54,2025-03-15T14:35:00,2025-03-15T21:35:00,2025-03-15T21:55:00
CMP_202601395,TYP_05,Sextortion,60065.28,Karnataka,District-56,2025-05-26T14:20:00,2025-05-27T09:20:00,2025-05-27T10:17:00
CMP_202601396,TYP_03,Part-Time Job Scam,41951.59,Kerala,District-65,2025-06-08T12:13:00,2025-06-08T19:13:00,2025-06-08T19:47:00
CMP_202601397,TYP_04,Investment / Crypto Scam,1371659.69,Rajasthan,District-46,2025-01-22T23:24:00,2025-01-24T15:24:00,2025-01-24T16:12:00
CMP_202601398,TYP_02,Fake Loan App,6311.72,Bihar,District-38,2025-03-18T11:27:00,2025-03-20T01:27:00,2025-03-20T01:48:00
CMP_202601399,TYP_05,Sextortion,27169.82,Andhra Pradesh,District-64,2025-05-18T11:23:00,2025-05-19T02:23:00,2025-05-19T02:49:00
CMP_202601400,TYP_01,OTP / KYC Fraud,3909.3,Telangana,District-39,2025-04-07T12:28:00,2025-04-07T20:28:00,2025-04-07T20:35:00
CMP_202601401,TYP_02,Fake Loan App,10519.16,Gujarat,Ahmedabad,2025-06-26T16:19:00,2025-06-26T23:19:00,2025-06-27T00:06:00
CMP_202601402,TYP_03,Part-Time Job Scam,365873.62,West Bengal,District-55,2025-01-11T14:43:00,2025-01-12T06:43:00,2025-01-12T07:03:00
CMP_202601403,TYP_03,Part-Time Job Scam,42454.79,Uttar Pradesh,District-37,2025-06-15T09:11:00,2025-06-16T14:11:00,2025-06-16T15:01:00
CMP_202601404,TYP_06,Marketplace / OLX Fraud,8329.75,Andhra Pradesh,District-44,2025-01-24T08:22:00,2025-01-24T23:22:00,2025-01-25T00:10:00
CMP_202601405,TYP_06,Marketplace / OLX Fraud,41235.14,Kerala,District-48,2025-03-22T14:07:00,2025-03-22T17:07:00,2025-03-22T17:56:00
CMP_202601406,TYP_05,Sextortion,30688.55,West Bengal,Siliguri,2025-03-08T08:58:00,2025-03-08T13:58:00,2025-03-08T14:26:00
CMP_202601407,TYP_05,Sextortion,21710.98,Karnataka,District-74,2025-04-19T15:59:00,2025-04-19T16:59:00,2025-04-19T17:18:00
CMP_202601408,TYP_02,Fake Loan App,5704.69,Karnataka,Bengaluru Urban,2025-01-31T11:08:00,2025-02-01T03:08:00,2025-02-01T03:43:00
CMP_202601409,TYP_06,Marketplace / OLX Fraud,8222.22,Uttar Pradesh,Mathura,2025-06-05T14:05:00,2025-06-05T17:05:00,2025-06-05T17:46:00
CMP_202601410,TYP_06,Marketplace / OLX Fraud,12752.23,Bihar,Purnia,2025-02-14T15:12:00,2025-02-14T22:12:00,2025-02-14T22:17:00
CMP_202601411,TYP_06,Marketplace / OLX Fraud,4985.55,Odisha,District-22,2025-06-05T07:33:00,2025-06-05T22:33:00,2025-06-05T22:57:00
CMP_202601412,TYP_06,Marketplace / OLX Fraud,3611.19,Maharashtra,District-30,2025-03-29T14:53:00,2025-03-29T16:53:00,2025-03-29T17:24:00
CMP_202601413,TYP_01,OTP / KYC Fraud,40342.69,Uttar Pradesh,Mathura,2025-01-25T17:41:00,2025-01-25T23:41:00,2025-01-25T23:56:00
CMP_202601414,TYP_05,Sextortion,40202.03,Haryana,District-75,2025-05-12T14:17:00,2025-05-12T15:17:00,2025-05-12T15:43:00
CMP_202601415,TYP_03,Part-Time Job Scam,48445.35,Assam,District-28,2025-03-30T14:40:00,2025-03-30T18:40:00,2025-03-30T19:29:00
CMP_202601416,TYP_06,Marketplace / OLX Fraud,10208.18,Haryana,Gurugram,2025-02-02T12:44:00,2025-02-02T21:44:00,2025-02-02T22:43:00
CMP_202601417,TYP_04,Investment / Crypto Scam,190056.06,Kerala,District-65,2025-04-02T16:10:00,2025-04-02T22:10:00,2025-04-02T23:06:00
CMP_202601418,TYP_02,Fake Loan App,10270.61,Rajasthan,District-46,2025-04-23T12:26:00,2025-04-23T17:26:00,2025-04-23T18:24:00
CMP_202601419,TYP_04,Investment / Crypto Scam,330873.68,Karnataka,District-42,2025-06-18T14:17:00,2025-06-19T23:17:00,2025-06-20T00:07:00
CMP_202601420,TYP_06,Marketplace / OLX Fraud,16839.77,Uttar Pradesh,District-33,2025-03-23T07:29:00,2025-03-23T11:29:00,2025-03-23T12:04:00
CMP_202601421,TYP_06,Marketplace / OLX Fraud,9514.34,West Bengal,District-66,2025-02-18T18:09:00,2025-02-19T04:09:00,2025-02-19T04:27:00
CMP_202601422,TYP_01,OTP / KYC Fraud,22917.1,Assam,District-28,2025-05-21T16:35:00,2025-05-22T00:35:00,2025-05-22T00:46:00
CMP_202601423,TYP_03,Part-Time Job Scam,127922.4,Haryana,District-75,2025-06-11T13:44:00,2025-06-11T18:44:00,2025-06-11T18:49:00
CMP_202601424,TYP_04,Investment / Crypto Scam,1259468.59,Uttar Pradesh,Noida,2025-04-11T07:16:00,2025-04-11T22:16:00,2025-04-11T23:07:00
CMP_202601425,TYP_03,Part-Time Job Scam,79783.11,Tamil Nadu,Chennai,2025-05-25T13:20:00,2025-05-25T15:20:00,2025-05-25T15:58:00
CMP_202601426,TYP_01,OTP / KYC Fraud,69960.28,Andhra Pradesh,District-58,2025-02-23T09:33:00,2025-02-23T13:33:00,2025-02-23T14:10:00
CMP_202601427,TYP_05,Sextortion,39992.47,Karnataka,District-74,2025-05-16T16:20:00,2025-05-17T09:20:00,2025-05-17T10:01:00
CMP_202601428,TYP_05,Sextortion,8883.61,Rajasthan,District-46,2025-06-11T14:04:00,2025-06-12T06:04:00,2025-06-12T06:15:00
CMP_202601429,TYP_05,Sextortion,239230.42,Karnataka,District-74,2025-03-14T09:04:00,2025-03-14T10:04:00,2025-03-14T11:01:00
CMP_202601430,TYP_03,Part-Time Job Scam,141289.22,Maharashtra,District-30,2025-02-05T16:15:00,2025-02-05T20:15:00,2025-02-05T20:55:00
CMP_202601431,TYP_04,Investment / Crypto Scam,591293.3,Odisha,District-68,2025-05-28T16:20:00,2025-05-28T20:20:00,2025-05-28T21:18:00
CMP_202601432,TYP_04,Investment / Crypto Scam,896619.63,Madhya Pradesh,District-69,2025-04-29T09:18:00,2025-04-29T12:18:00,2025-04-29T12:41:00
CMP_202601433,TYP_01,OTP / KYC Fraud,19282.82,Odisha,District-27,2025-06-12T22:39:00,2025-06-13T10:39:00,2025-06-13T11:39:00
CMP_202601434,TYP_02,Fake Loan App,49153.63,West Bengal,District-66,2025-04-17T20:03:00,2025-04-22T06:03:00,2025-04-22T06:29:00
CMP_202601435,TYP_01,OTP / KYC Fraud,106267.66,Gujarat,Ahmedabad,2025-02-09T19:33:00,2025-02-10T03:33:00,2025-02-10T04:06:00
CMP_202601436,TYP_02,Fake Loan App,14626.0,Karnataka,District-23,2025-04-07T10:20:00,2025-04-08T04:20:00,2025-04-08T04:46:00
CMP_202601437,TYP_05,Sextortion,51362.04,Rajasthan,District-62,2025-03-08T18:44:00,2025-03-09T11:44:00,2025-03-09T12:12:00
CMP_202601438,TYP_01,OTP / KYC Fraud,49938.0,Maharashtra,District-30,2025-05-20T14:55:00,2025-05-20T21:55:00,2025-05-20T22:22:00
CMP_202601439,TYP_05,Sextortion,41423.24,Karnataka,District-23,2025-05-05T14:20:00,2025-05-06T03:20:00,2025-05-06T03:57:00
CMP_202601440,TYP_05,Sextortion,20073.82,Andhra Pradesh,District-26,2025-02-12T11:17:00,2025-02-13T09:17:00,2025-02-13T10:05:00
CMP_202601441,TYP_02,Fake Loan App,8855.41,Gujarat,District-24,2025-02-25T12:40:00,2025-02-26T08:40:00,2025-02-26T09:15:00
CMP_202601442,TYP_04,Investment / Crypto Scam,652137.48,Karnataka,District-74,2025-02-18T14:58:00,2025-02-18T15:58:00,2025-02-18T16:10:00
CMP_202601443,TYP_03,Part-Time Job Scam,85384.83,Haryana,District-29,2025-02-05T12:32:00,2025-02-05T19:32:00,2025-02-05T20:25:00
CMP_202601444,TYP_05,Sextortion,46075.92,Rajasthan,Bharatpur,2025-05-09T12:23:00,2025-05-09T13:23:00,2025-05-09T13:45:00
CMP_202601445,TYP_06,Marketplace / OLX Fraud,31410.74,Gujarat,District-31,2025-01-22T18:16:00,2025-01-23T07:16:00,2025-01-23T08:10:00
CMP_202601446,TYP_06,Marketplace / OLX Fraud,9869.44,Telangana,District-39,2025-06-06T20:00:00,2025-06-06T22:00:00,2025-06-06T22:24:00
CMP_202601447,TYP_02,Fake Loan App,13805.68,Kerala,District-65,2025-05-30T13:45:00,2025-05-30T21:45:00,2025-05-30T22:17:00
CMP_202601448,TYP_02,Fake Loan App,5320.39,Bihar,District-38,2025-06-10T21:13:00,2025-06-11T06:13:00,2025-06-11T06:37:00
CMP_202601449,TYP_05,Sextortion,114090.84,Delhi,South Delhi,2025-05-22T15:18:00,2025-05-22T19:18:00,2025-05-22T19:47:00
CMP_202601450,TYP_05,Sextortion,56028.32,Tamil Nadu,Chennai,2025-02-28T14:06:00,2025-03-01T14:06:00,2025-03-01T14:14:00
CMP_202601451,TYP_05,Sextortion,34670.49,Karnataka,District-23,2025-02-06T17:33:00,2025-02-06T21:33:00,2025-02-06T21:55:00
CMP_202601452,TYP_03,Part-Time Job Scam,574113.15,Karnataka,Bengaluru Urban,2025-05-11T14:19:00,2025-05-12T05:19:00,2025-05-12T05:57:00
CMP_202601453,TYP_03,Part-Time Job Scam,84358.72,Gujarat,Ahmedabad,2025-02-16T09:55:00,2025-02-17T00:55:00,2025-02-17T01:24:00
CMP_202601454,TYP_05,Sextortion,49553.38,Telangana,Hyderabad,2025-04-17T22:24:00,2025-04-19T00:24:00,2025-04-19T01:09:00
CMP_202601455,TYP_02,Fake Loan App,62607.14,Uttar Pradesh,Noida,2025-04-21T14:22:00,2025-04-21T18:22:00,2025-04-21T18:30:00
CMP_202601456,TYP_06,Marketplace / OLX Fraud,3286.89,Haryana,Gurugram,2025-06-14T08:59:00,2025-06-14T13:59:00,2025-06-14T14:04:00
CMP_202601457,TYP_06,Marketplace / OLX Fraud,5775.14,Uttar Pradesh,District-33,2025-05-19T14:21:00,2025-05-19T17:21:00,2025-05-19T17:40:00
CMP_202601458,TYP_05,Sextortion,27160.84,Odisha,District-22,2025-05-25T17:58:00,2025-05-27T13:58:00,2025-05-27T14:54:00
CMP_202601459,TYP_03,Part-Time Job Scam,143779.62,Jharkhand,Deoghar,2025-04-23T14:55:00,2025-04-24T04:55:00,2025-04-24T05:25:00
CMP_202601460,TYP_05,Sextortion,79232.08,Gujarat,District-31,2025-01-14T15:15:00,2025-01-17T19:15:00,2025-01-17T20:12:00
CMP_202601461,TYP_03,Part-Time Job Scam,75136.89,Maharashtra,District-30,2025-05-04T09:41:00,2025-05-04T13:41:00,2025-05-04T14:11:00
CMP_202601462,TYP_04,Investment / Crypto Scam,616092.83,Jharkhand,District-72,2025-04-02T11:47:00,2025-04-02T15:47:00,2025-04-02T16:25:00
CMP_202601463,TYP_02,Fake Loan App,24164.48,Maharashtra,District-32,2025-02-02T11:37:00,2025-02-04T13:37:00,2025-02-04T14:23:00
CMP_202601464,TYP_03,Part-Time Job Scam,141993.54,West Bengal,District-66,2025-05-07T05:42:00,2025-05-07T18:42:00,2025-05-07T18:53:00
CMP_202601465,TYP_03,Part-Time Job Scam,226047.88,Odisha,District-22,2025-01-27T15:03:00,2025-02-01T06:03:00,2025-02-01T06:47:00
CMP_202601466,TYP_02,Fake Loan App,13928.75,Uttar Pradesh,District-33,2025-01-03T18:01:00,2025-01-03T20:01:00,2025-01-03T20:18:00
CMP_202601467,TYP_06,Marketplace / OLX Fraud,4827.2,Haryana,District-63,2025-02-23T16:30:00,2025-02-24T08:30:00,2025-02-24T08:53:00
CMP_202601468,TYP_02,Fake Loan App,8461.28,Karnataka,District-51,2025-04-07T16:46:00,2025-04-07T18:46:00,2025-04-07T18:54:00
CMP_202601469,TYP_06,Marketplace / OLX Fraud,4114.36,Odisha,District-27,2025-05-09T18:40:00,2025-05-09T19:40:00,2025-05-09T19:54:00
CMP_202601470,TYP_05,Sextortion,91558.42,Haryana,District-75,2025-03-05T18:49:00,2025-03-07T18:49:00,2025-03-07T19:17:00
CMP_202601471,TYP_03,Part-Time Job Scam,93515.61,Kerala,District-48,2025-02-03T10:44:00,2025-02-03T15:44:00,2025-02-03T16:16:00
CMP_202601472,TYP_03,Part-Time Job Scam,210924.83,West Bengal,District-35,2025-02-10T18:39:00,2025-02-11T14:39:00,2025-02-11T15:37:00
CMP_202601473,TYP_03,Part-Time Job Scam,201993.81,Gujarat,District-31,2025-06-03T19:23:00,2025-06-04T10:23:00,2025-06-04T10:36:00
CMP_202601474,TYP_03,Part-Time Job Scam,518231.18,Karnataka,District-74,2025-04-17T15:29:00,2025-04-17T18:29:00,2025-04-17T19:08:00
CMP_202601475,TYP_05,Sextortion,13364.6,Andhra Pradesh,District-58,2025-03-01T18:39:00,2025-03-02T03:39:00,2025-03-02T04:08:00
CMP_202601476,TYP_04,Investment / Crypto Scam,369933.89,Assam,District-21,2025-01-27T13:57:00,2025-01-28T10:57:00,2025-01-28T11:45:00
CMP_202601477,TYP_06,Marketplace / OLX Fraud,7430.38,Maharashtra,District-30,2025-04-16T13:15:00,2025-04-16T14:15:00,2025-04-16T14:39:00
CMP_202601478,TYP_03,Part-Time Job Scam,124586.52,Jharkhand,District-72,2025-06-09T11:41:00,2025-06-09T12:41:00,2025-06-09T13:40:00
CMP_202601479,TYP_06,Marketplace / OLX Fraud,4947.23,Jharkhand,District-72,2025-03-27T15:56:00,2025-03-27T23:56:00,2025-03-28T00:24:00
CMP_202601480,TYP_05,Sextortion,30260.9,Kerala,District-48,2025-05-25T10:25:00,2025-05-25T18:25:00,2025-05-25T19:01:00
CMP_202601481,TYP_05,Sextortion,110889.61,Chhattisgarh,District-57,2025-04-05T17:26:00,2025-04-06T08:26:00,2025-04-06T08:33:00
CMP_202601482,TYP_02,Fake Loan App,11628.61,Assam,District-21,2025-05-30T12:26:00,2025-05-30T21:26:00,2025-05-30T22:04:00
CMP_202601483,TYP_01,OTP / KYC Fraud,32474.5,West Bengal,District-35,2025-03-08T19:37:00,2025-03-08T23:37:00,2025-03-09T00:27:00
CMP_202601484,TYP_01,OTP / KYC Fraud,22008.03,Punjab,District-36,2025-04-25T14:46:00,2025-04-25T21:46:00,2025-04-25T22:14:00
CMP_202601485,TYP_01,OTP / KYC Fraud,34594.38,Uttar Pradesh,Gorakhpur,2025-04-01T12:41:00,2025-04-01T22:41:00,2025-04-01T23:31:00
CMP_202601486,TYP_06,Marketplace / OLX Fraud,4443.7,Jharkhand,Deoghar,2025-02-09T19:56:00,2025-02-10T05:56:00,2025-02-10T06:29:00
CMP_202601487,TYP_05,Sextortion,11643.33,Karnataka,District-23,2025-06-28T17:29:00,2025-06-28T21:29:00,2025-06-28T21:44:00
CMP_202601488,TYP_05,Sextortion,56113.74,Karnataka,District-51,2025-06-13T15:14:00,2025-06-13T23:14:00,2025-06-13T23:55:00
CMP_202601489,TYP_05,Sextortion,11409.0,Karnataka,District-61,2025-02-27T10:05:00,2025-02-27T18:05:00,2025-02-27T19:05:00
CMP_202601490,TYP_02,Fake Loan App,8088.92,Karnataka,District-23,2025-03-13T13:10:00,2025-03-14T06:10:00,2025-03-14T06:55:00
CMP_202601491,TYP_03,Part-Time Job Scam,60373.96,Odisha,District-22,2025-05-09T20:47:00,2025-05-09T21:47:00,2025-05-09T22:19:00
CMP_202601492,TYP_02,Fake Loan App,26889.14,Haryana,District-29,2025-02-17T14:07:00,2025-02-17T23:07:00,2025-02-17T23:26:00
CMP_202601493,TYP_02,Fake Loan App,26569.75,Kerala,District-48,2025-02-04T12:26:00,2025-02-04T22:26:00,2025-02-04T22:38:00
CMP_202601494,TYP_02,Fake Loan App,20169.79,Maharashtra,Mumbai,2025-04-04T15:10:00,2025-04-05T00:10:00,2025-04-05T00:54:00
CMP_202601495,TYP_06,Marketplace / OLX Fraud,2038.23,Karnataka,District-56,2025-06-17T15:11:00,2025-06-18T07:11:00,2025-06-18T07:36:00
CMP_202601496,TYP_06,Marketplace / OLX Fraud,22317.9,Tamil Nadu,Chennai,2025-04-09T03:41:00,2025-04-09T05:41:00,2025-04-09T05:57:00
CMP_202601497,TYP_02,Fake Loan App,10309.17,Kerala,District-59,2025-02-20T15:17:00,2025-02-22T02:17:00,2025-02-22T03:10:00
CMP_202601498,TYP_03,Part-Time Job Scam,187170.29,Bihar,Purnia,2025-02-06T09:08:00,2025-02-06T10:08:00,2025-02-06T11:07:00
CMP_202601499,TYP_05,Sextortion,16725.41,Odisha,District-22,2025-05-30T12:46:00,2025-05-30T15:46:00,2025-05-30T16:19:00
CMP_202601500,TYP_05,Sextortion,81960.63,Maharashtra,District-32,2025-04-25T13:49:00,2025-04-26T00:49:00,2025-04-26T01:44:00
CMP_202601501,TYP_06,Marketplace / OLX Fraud,46150.89,Maharashtra,Mumbai,2025-03-26T18:54:00,2025-03-27T23:54:00,2025-03-28T00:40:00
CMP_202601502,TYP_02,Fake Loan App,22261.92,West Bengal,Kolkata,2025-03-28T13:24:00,2025-03-28T16:24:00,2025-03-28T17:14:00
CMP_202601503,TYP_01,OTP / KYC Fraud,103291.28,Uttar Pradesh,Noida,2025-02-11T19:58:00,2025-02-12T02:58:00,2025-02-12T03:21:00
CMP_202601504,TYP_06,Marketplace / OLX Fraud,12902.54,Karnataka,District-34,2025-05-30T14:57:00,2025-05-30T20:57:00,2025-05-30T21:46:00
CMP_202601505,TYP_04,Investment / Crypto Scam,526659.63,Bihar,Purnia,2025-01-01T12:15:00,2025-01-01T14:15:00,2025-01-01T14:34:00
CMP_202601506,TYP_05,Sextortion,20009.04,Bihar,District-38,2025-06-16T17:06:00,2025-06-16T22:06:00,2025-06-16T22:36:00
CMP_202601507,TYP_03,Part-Time Job Scam,331442.56,West Bengal,Siliguri,2025-02-27T09:01:00,2025-02-28T03:01:00,2025-02-28T03:36:00
CMP_202601508,TYP_05,Sextortion,28283.57,Rajasthan,Bharatpur,2025-02-17T18:26:00,2025-02-18T18:26:00,2025-02-18T18:37:00
CMP_202601509,TYP_04,Investment / Crypto Scam,279645.82,Kerala,District-48,2025-03-11T16:40:00,2025-03-12T00:40:00,2025-03-12T01:37:00
CMP_202601510,TYP_06,Marketplace / OLX Fraud,11721.72,Gujarat,District-70,2025-05-11T10:07:00,2025-05-12T01:07:00,2025-05-12T01:49:00
CMP_202601511,TYP_03,Part-Time Job Scam,98501.64,Assam,District-21,2025-02-05T14:15:00,2025-02-06T13:15:00,2025-02-06T13:46:00
CMP_202601512,TYP_01,OTP / KYC Fraud,17331.15,Jharkhand,District-72,2025-01-09T12:10:00,2025-01-09T14:10:00,2025-01-09T15:05:00
CMP_202601513,TYP_06,Marketplace / OLX Fraud,4406.34,Assam,District-28,2025-03-13T16:06:00,2025-03-13T20:06:00,2025-03-13T21:04:00
CMP_202601514,TYP_04,Investment / Crypto Scam,906652.1,West Bengal,Kolkata,2025-04-19T09:27:00,2025-04-20T01:27:00,2025-04-20T02:12:00
CMP_202601515,TYP_03,Part-Time Job Scam,76414.78,Rajasthan,Bharatpur,2025-01-21T10:42:00,2025-01-21T22:42:00,2025-01-21T23:42:00
CMP_202601516,TYP_06,Marketplace / OLX Fraud,9283.79,Jharkhand,District-45,2025-06-14T21:14:00,2025-06-14T22:14:00,2025-06-14T22:31:00
CMP_202601517,TYP_02,Fake Loan App,7563.51,Rajasthan,District-62,2025-04-26T21:49:00,2025-04-27T09:49:00,2025-04-27T10:05:00
CMP_202601518,TYP_06,Marketplace / OLX Fraud,10304.41,Punjab,District-25,2025-05-16T01:14:00,2025-05-16T05:14:00,2025-05-16T05:56:00
CMP_202601519,TYP_03,Part-Time Job Scam,143659.66,Uttar Pradesh,District-37,2025-04-29T17:21:00,2025-04-30T04:21:00,2025-04-30T05:10:00
CMP_202601520,TYP_02,Fake Loan App,14532.6,Andhra Pradesh,District-58,2025-05-02T15:03:00,2025-05-02T21:03:00,2025-05-02T21:32:00
CMP_202601521,TYP_03,Part-Time Job Scam,45470.69,West Bengal,Siliguri,2025-06-15T17:40:00,2025-06-15T18:40:00,2025-06-15T18:48:00
CMP_202601522,TYP_03,Part-Time Job Scam,491915.63,Andhra Pradesh,District-67,2025-05-26T07:33:00,2025-05-26T12:33:00,2025-05-26T13:28:00
CMP_202601523,TYP_04,Investment / Crypto Scam,234778.63,Karnataka,District-42,2025-06-08T18:45:00,2025-06-08T22:45:00,2025-06-08T23:08:00
CMP_202601524,TYP_02,Fake Loan App,11079.62,Uttar Pradesh,District-43,2025-04-23T14:11:00,2025-04-23T21:11:00,2025-04-23T21:30:00
CMP_202601525,TYP_01,OTP / KYC Fraud,22228.44,Chhattisgarh,District-71,2025-06-15T17:07:00,2025-06-16T00:07:00,2025-06-16T00:13:00
CMP_202601526,TYP_05,Sextortion,22624.76,Uttar Pradesh,Mathura,2025-03-06T11:55:00,2025-03-06T15:55:00,2025-03-06T16:37:00
CMP_202601527,TYP_06,Marketplace / OLX Fraud,9515.31,West Bengal,Siliguri,2025-06-08T09:19:00,2025-06-08T10:19:00,2025-06-08T11:16:00
CMP_202601528,TYP_03,Part-Time Job Scam,67180.07,Gujarat,District-50,2025-03-27T10:34:00,2025-03-27T15:34:00,2025-03-27T16:33:00
CMP_202601529,TYP_06,Marketplace / OLX Fraud,7043.68,Rajasthan,District-62,2025-01-20T16:40:00,2025-01-21T05:40:00,2025-01-21T06:28:00
CMP_202601530,TYP_02,Fake Loan App,13607.54,West Bengal,District-35,2025-05-02T16:09:00,2025-05-03T11:09:00,2025-05-03T12:04:00
CMP_202601531,TYP_01,OTP / KYC Fraud,66553.89,Bihar,Purnia,2025-03-31T00:48:00,2025-03-31T04:48:00,2025-03-31T05:05:00
CMP_202601532,TYP_05,Sextortion,14642.61,Madhya Pradesh,District-60,2025-04-09T06:17:00,2025-04-09T08:17:00,2025-04-09T09:08:00
CMP_202601533,TYP_01,OTP / KYC Fraud,32777.98,Uttar Pradesh,Mathura,2025-05-27T10:25:00,2025-05-27T22:25:00,2025-05-27T22:41:00
CMP_202601534,TYP_06,Marketplace / OLX Fraud,8403.38,Gujarat,District-50,2025-02-07T11:45:00,2025-02-07T23:45:00,2025-02-07T23:57:00
CMP_202601535,TYP_04,Investment / Crypto Scam,491562.86,Uttar Pradesh,Mathura,2025-01-24T14:13:00,2025-01-24T21:13:00,2025-01-24T22:05:00
CMP_202601536,TYP_06,Marketplace / OLX Fraud,5717.15,Maharashtra,District-32,2025-06-04T12:26:00,2025-06-05T03:26:00,2025-06-05T03:54:00
CMP_202601537,TYP_03,Part-Time Job Scam,26832.89,Karnataka,District-42,2025-03-16T19:45:00,2025-03-22T22:45:00,2025-03-22T23:25:00
CMP_202601538,TYP_04,Investment / Crypto Scam,500899.25,Assam,District-28,2025-06-28T07:52:00,2025-06-28T08:52:00,2025-06-28T09:03:00
CMP_202601539,TYP_02,Fake Loan App,5560.63,Rajasthan,District-62,2025-01-22T06:44:00,2025-01-22T08:44:00,2025-01-22T08:57:00
CMP_202601540,TYP_02,Fake Loan App,15731.08,Rajasthan,District-46,2025-04-16T13:48:00,2025-04-16T20:48:00,2025-04-16T20:58:00
CMP_202601541,TYP_03,Part-Time Job Scam,191241.4,Maharashtra,District-47,2025-02-03T09:44:00,2025-02-03T10:44:00,2025-02-03T11:23:00
CMP_202601542,TYP_05,Sextortion,27880.6,Uttar Pradesh,Mathura,2025-04-06T18:46:00,2025-04-07T06:46:00,2025-04-07T07:03:00
CMP_202601543,TYP_03,Part-Time Job Scam,671765.19,Madhya Pradesh,District-53,2025-03-12T11:43:00,2025-03-12T15:43:00,2025-03-12T16:11:00
CMP_202601544,TYP_06,Marketplace / OLX Fraud,40882.98,Odisha,District-68,2025-01-03T19:06:00,2025-01-04T07:06:00,2025-01-04T07:11:00
CMP_202601545,TYP_03,Part-Time Job Scam,39143.64,Jharkhand,Jamtara,2025-05-31T16:13:00,2025-05-31T18:13:00,2025-05-31T18:46:00
CMP_202601546,TYP_03,Part-Time Job Scam,195352.59,Bihar,District-38,2025-04-10T12:48:00,2025-04-11T01:48:00,2025-04-11T02:14:00
CMP_202601547,TYP_02,Fake Loan App,6296.02,Uttar Pradesh,Gorakhpur,2025-02-09T07:50:00,2025-02-09T08:50:00,2025-02-09T09:50:00
CMP_202601548,TYP_03,Part-Time Job Scam,63485.77,Odisha,District-27,2025-05-21T05:56:00,2025-05-22T02:56:00,2025-05-22T03:41:00
CMP_202601549,TYP_04,Investment / Crypto Scam,1037247.37,West Bengal,District-35,2025-04-01T09:37:00,2025-04-01T14:37:00,2025-04-01T15:13:00
CMP_202601550,TYP_05,Sextortion,67579.63,Odisha,District-68,2025-05-15T10:22:00,2025-05-15T12:22:00,2025-05-15T13:00:00
CMP_202601551,TYP_03,Part-Time Job Scam,62912.08,Gujarat,District-24,2025-03-28T15:30:00,2025-03-28T17:30:00,2025-03-28T17:51:00
CMP_202601552,TYP_03,Part-Time Job Scam,68570.8,Gujarat,Ahmedabad,2025-03-24T09:37:00,2025-03-24T11:37:00,2025-03-24T11:42:00
CMP_202601553,TYP_01,OTP / KYC Fraud,13658.51,Bihar,District-38,2025-04-15T11:08:00,2025-04-16T04:08:00,2025-04-16T05:08:00
CMP_202601554,TYP_01,OTP / KYC Fraud,110917.8,Kerala,District-48,2025-06-06T13:30:00,2025-06-07T00:30:00,2025-06-07T00:55:00
CMP_202601555,TYP_06,Marketplace / OLX Fraud,12104.38,Punjab,District-25,2025-04-30T16:54:00,2025-04-30T20:54:00,2025-04-30T21:26:00
CMP_202601556,TYP_03,Part-Time Job Scam,72694.0,Madhya Pradesh,District-53,2025-01-07T16:36:00,2025-01-07T21:36:00,2025-01-07T22:12:00
CMP_202601557,TYP_03,Part-Time Job Scam,320364.89,Bihar,District-38,2025-03-13T14:23:00,2025-03-14T05:23:00,2025-03-14T06:10:00
CMP_202601558,TYP_05,Sextortion,131342.76,Madhya Pradesh,District-52,2025-04-02T04:09:00,2025-04-02T10:09:00,2025-04-02T10:42:00
CMP_202601559,TYP_06,Marketplace / OLX Fraud,3666.19,Haryana,Gurugram,2025-04-28T09:28:00,2025-04-28T11:28:00,2025-04-28T11:53:00
CMP_202601560,TYP_03,Part-Time Job Scam,177421.93,Kerala,District-65,2025-03-19T11:00:00,2025-03-20T01:00:00,2025-03-20T01:36:00
CMP_202601561,TYP_03,Part-Time Job Scam,404307.29,Andhra Pradesh,District-44,2025-06-08T20:40:00,2025-06-12T22:40:00,2025-06-12T23:15:00
CMP_202601562,TYP_04,Investment / Crypto Scam,3402585.89,Chhattisgarh,District-71,2025-04-26T19:50:00,2025-04-26T20:50:00,2025-04-26T20:56:00
CMP_202601563,TYP_05,Sextortion,57398.52,Madhya Pradesh,District-40,2025-01-22T15:14:00,2025-01-23T16:14:00,2025-01-23T16:49:00
CMP_202601564,TYP_04,Investment / Crypto Scam,350355.69,Tamil Nadu,Chennai,2025-04-15T08:35:00,2025-04-15T10:35:00,2025-04-15T10:56:00
CMP_202601565,TYP_01,OTP / KYC Fraud,14423.6,Maharashtra,Pune,2025-04-13T13:30:00,2025-04-13T17:30:00,2025-04-13T18:05:00
CMP_202601566,TYP_02,Fake Loan App,4679.91,Chhattisgarh,District-57,2025-05-04T14:57:00,2025-05-04T15:57:00,2025-05-04T16:44:00
CMP_202601567,TYP_06,Marketplace / OLX Fraud,6956.64,Madhya Pradesh,District-41,2025-03-25T17:33:00,2025-03-26T02:33:00,2025-03-26T03:06:00
CMP_202601568,TYP_03,Part-Time Job Scam,132222.68,Haryana,Mewat,2025-03-29T09:40:00,2025-03-29T12:40:00,2025-03-29T13:08:00
CMP_202601569,TYP_06,Marketplace / OLX Fraud,4865.03,Chhattisgarh,District-57,2025-06-19T11:41:00,2025-06-20T00:41:00,2025-06-20T01:08:00
CMP_202601570,TYP_03,Part-Time Job Scam,719501.1,Karnataka,District-56,2025-06-16T11:22:00,2025-06-17T07:22:00,2025-06-17T08:14:00
CMP_202601571,TYP_03,Part-Time Job Scam,214637.58,Karnataka,District-34,2025-03-11T19:41:00,2025-03-12T00:41:00,2025-03-12T01:26:00
CMP_202601572,TYP_06,Marketplace / OLX Fraud,1822.36,Odisha,District-54,2025-05-07T11:40:00,2025-05-08T02:40:00,2025-05-08T02:55:00
CMP_202601573,TYP_02,Fake Loan App,38294.16,West Bengal,Kolkata,2025-05-25T08:37:00,2025-05-25T14:37:00,2025-05-25T15:14:00
CMP_202601574,TYP_01,OTP / KYC Fraud,29623.89,Haryana,District-29,2025-01-05T10:14:00,2025-01-06T20:14:00,2025-01-06T21:13:00
CMP_202601575,TYP_02,Fake Loan App,33911.68,Haryana,District-63,2025-03-13T13:23:00,2025-03-13T17:23:00,2025-03-13T17:30:00
CMP_202601576,TYP_02,Fake Loan App,13750.09,Maharashtra,District-30,2025-06-16T12:14:00,2025-06-16T14:14:00,2025-06-16T14:24:00
CMP_202601577,TYP_05,Sextortion,38424.52,Karnataka,District-23,2025-04-08T20:52:00,2025-04-08T22:52:00,2025-04-08T23:02:00
CMP_202601578,TYP_05,Sextortion,16754.46,Jharkhand,District-72,2025-01-12T13:16:00,2025-01-13T11:16:00,2025-01-13T11:59:00
CMP_202601579,TYP_05,Sextortion,21691.11,West Bengal,District-35,2025-01-01T14:50:00,2025-01-02T01:50:00,2025-01-02T02:05:00
CMP_202601580,TYP_05,Sextortion,44469.0,Karnataka,District-56,2025-02-09T13:53:00,2025-02-09T16:53:00,2025-02-09T17:03:00
CMP_202601581,TYP_06,Marketplace / OLX Fraud,11922.59,Karnataka,District-23,2025-06-28T08:00:00,2025-06-28T22:00:00,2025-06-28T22:33:00
CMP_202601582,TYP_05,Sextortion,134315.97,Kerala,District-65,2025-05-11T14:55:00,2025-05-11T15:55:00,2025-05-11T16:07:00
CMP_202601583,TYP_03,Part-Time Job Scam,218513.38,West Bengal,District-55,2025-04-23T20:41:00,2025-04-23T23:41:00,2025-04-24T00:18:00
CMP_202601584,TYP_06,Marketplace / OLX Fraud,10405.59,Rajasthan,Bharatpur,2025-05-12T10:01:00,2025-05-12T15:01:00,2025-05-12T15:12:00
CMP_202601585,TYP_02,Fake Loan App,13184.89,Rajasthan,District-46,2025-03-12T17:49:00,2025-03-13T07:49:00,2025-03-13T08:36:00
CMP_202601586,TYP_06,Marketplace / OLX Fraud,100667.55,Karnataka,District-34,2025-01-23T18:55:00,2025-01-24T06:55:00,2025-01-24T07:20:00
CMP_202601587,TYP_06,Marketplace / OLX Fraud,11602.1,Rajasthan,District-46,2025-01-16T11:18:00,2025-01-17T00:18:00,2025-01-17T00:48:00
CMP_202601588,TYP_06,Marketplace / OLX Fraud,30823.47,Uttar Pradesh,Gorakhpur,2025-04-20T08:41:00,2025-04-20T12:41:00,2025-04-20T12:52:00
CMP_202601589,TYP_03,Part-Time Job Scam,61008.39,Assam,District-28,2025-04-18T11:35:00,2025-04-18T12:35:00,2025-04-18T12:45:00
CMP_202601590,TYP_05,Sextortion,134657.21,Andhra Pradesh,District-26,2025-05-29T17:01:00,2025-05-29T23:01:00,2025-05-29T23:18:00
CMP_202601591,TYP_03,Part-Time Job Scam,34724.65,Uttar Pradesh,District-37,2025-05-07T17:18:00,2025-05-08T03:18:00,2025-05-08T03:55:00
CMP_202601592,TYP_02,Fake Loan App,7969.54,Karnataka,District-23,2025-03-25T15:16:00,2025-03-25T19:16:00,2025-03-25T19:23:00
CMP_202601593,TYP_05,Sextortion,326989.36,Kerala,District-65,2025-05-18T04:25:00,2025-05-18T10:25:00,2025-05-18T11:20:00
CMP_202601594,TYP_04,Investment / Crypto Scam,2718813.91,Gujarat,District-31,2025-05-03T14:53:00,2025-05-04T17:53:00,2025-05-04T18:20:00
CMP_202601595,TYP_01,OTP / KYC Fraud,20933.19,West Bengal,Kolkata,2025-02-18T13:07:00,2025-02-18T17:07:00,2025-02-18T17:40:00
CMP_202601596,TYP_02,Fake Loan App,27759.85,Odisha,District-54,2025-05-29T13:26:00,2025-05-30T01:26:00,2025-05-30T01:47:00
CMP_202601597,TYP_02,Fake Loan App,24068.5,Punjab,District-36,2025-02-03T13:48:00,2025-02-04T23:48:00,2025-02-05T00:17:00
CMP_202601598,TYP_01,OTP / KYC Fraud,112519.83,Karnataka,District-61,2025-01-22T18:44:00,2025-01-23T18:44:00,2025-01-23T19:17:00
CMP_202601599,TYP_04,Investment / Crypto Scam,507101.84,Maharashtra,Mumbai,2025-01-02T17:53:00,2025-01-03T20:53:00,2025-01-03T21:51:00
CMP_202601600,TYP_06,Marketplace / OLX Fraud,21776.19,Kerala,District-48,2025-01-23T16:30:00,2025-01-24T15:30:00,2025-01-24T16:26:00
CMP_202601601,TYP_02,Fake Loan App,12586.35,Karnataka,District-51,2025-04-17T21:20:00,2025-04-18T02:20:00,2025-04-18T03:12:00
CMP_202601602,TYP_05,Sextortion,42772.61,Chhattisgarh,District-57,2025-04-24T06:18:00,2025-04-24T16:18:00,2025-04-24T16:28:00
CMP_202601603,TYP_04,Investment / Crypto Scam,592997.7,Chhattisgarh,District-71,2025-03-05T07:06:00,2025-03-05T08:06:00,2025-03-05T08:41:00
CMP_202601604,TYP_02,Fake Loan App,15376.6,Maharashtra,District-47,2025-03-20T15:26:00,2025-03-21T01:26:00,2025-03-21T01:59:00
CMP_202601605,TYP_05,Sextortion,16141.07,Haryana,Mewat,2025-05-27T09:57:00,2025-05-27T12:57:00,2025-05-27T13:02:00
CMP_202601606,TYP_02,Fake Loan App,3774.18,Andhra Pradesh,District-58,2025-02-24T06:34:00,2025-02-24T09:34:00,2025-02-24T09:53:00
CMP_202601607,TYP_02,Fake Loan App,30312.28,Maharashtra,District-32,2025-03-23T10:30:00,2025-03-23T20:30:00,2025-03-23T21:12:00
CMP_202601608,TYP_05,Sextortion,94354.7,Bihar,District-38,2025-02-03T11:49:00,2025-02-03T19:49:00,2025-02-03T20:19:00
CMP_202601609,TYP_05,Sextortion,30671.47,Uttar Pradesh,Gorakhpur,2025-03-12T18:58:00,2025-03-12T23:58:00,2025-03-13T00:51:00
CMP_202601610,TYP_05,Sextortion,53847.19,Madhya Pradesh,District-52,2025-01-15T16:14:00,2025-01-15T21:14:00,2025-01-15T21:52:00
CMP_202601611,TYP_05,Sextortion,56217.04,Rajasthan,Bharatpur,2025-04-21T15:48:00,2025-04-22T03:48:00,2025-04-22T04:48:00
CMP_202601612,TYP_06,Marketplace / OLX Fraud,2985.68,Maharashtra,Pune,2025-06-13T14:30:00,2025-06-13T20:30:00,2025-06-13T21:09:00
CMP_202601613,TYP_01,OTP / KYC Fraud,15161.9,Jharkhand,District-72,2025-05-15T18:14:00,2025-05-16T05:14:00,2025-05-16T05:19:00
CMP_202601614,TYP_05,Sextortion,24386.4,West Bengal,District-35,2025-06-29T18:14:00,2025-06-30T05:14:00,2025-06-30T05:42:00
CMP_202601615,TYP_02,Fake Loan App,28669.66,Maharashtra,District-47,2025-02-09T10:53:00,2025-02-09T20:53:00,2025-02-09T21:21:00
CMP_202601616,TYP_03,Part-Time Job Scam,124657.85,Delhi,South Delhi,2025-01-22T09:58:00,2025-01-23T17:58:00,2025-01-23T18:50:00
CMP_202601617,TYP_02,Fake Loan App,5186.34,Karnataka,District-42,2025-06-18T22:22:00,2025-06-22T09:22:00,2025-06-22T09:29:00
CMP_202601618,TYP_01,OTP / KYC Fraud,34030.31,Uttar Pradesh,District-37,2025-01-20T15:27:00,2025-01-20T16:27:00,2025-01-20T17:12:00
CMP_202601619,TYP_02,Fake Loan App,30297.59,Assam,District-21,2025-02-23T12:15:00,2025-02-23T17:15:00,2025-02-23T17:25:00
CMP_202601620,TYP_04,Investment / Crypto Scam,729326.35,Assam,District-28,2025-05-13T15:54:00,2025-05-15T03:54:00,2025-05-15T04:21:00
CMP_202601621,TYP_03,Part-Time Job Scam,190361.66,Karnataka,District-23,2025-05-08T14:41:00,2025-05-08T15:41:00,2025-05-08T16:31:00
CMP_202601622,TYP_02,Fake Loan App,32177.82,Uttar Pradesh,District-33,2025-02-17T12:02:00,2025-02-17T17:02:00,2025-02-17T17:35:00
CMP_202601623,TYP_06,Marketplace / OLX Fraud,9558.89,Uttar Pradesh,District-37,2025-02-06T14:21:00,2025-02-06T15:21:00,2025-02-06T15:29:00
CMP_202601624,TYP_05,Sextortion,79551.71,Haryana,District-63,2025-02-23T16:29:00,2025-02-24T00:29:00,2025-02-24T01:11:00
CMP_202601625,TYP_04,Investment / Crypto Scam,422791.9,Jharkhand,Jamtara,2025-03-03T11:20:00,2025-03-03T23:20:00,2025-03-03T23:31:00
CMP_202601626,TYP_05,Sextortion,93656.45,Odisha,District-22,2025-02-24T08:08:00,2025-02-24T21:08:00,2025-02-24T22:05:00
CMP_202601627,TYP_04,Investment / Crypto Scam,498813.29,Rajasthan,District-62,2025-06-08T07:10:00,2025-06-08T09:10:00,2025-06-08T09:22:00
CMP_202601628,TYP_02,Fake Loan App,39382.17,Tamil Nadu,District-49,2025-06-16T15:03:00,2025-06-17T00:03:00,2025-06-17T00:41:00
CMP_202601629,TYP_05,Sextortion,48586.32,Andhra Pradesh,District-58,2025-05-20T10:19:00,2025-05-20T15:19:00,2025-05-20T15:41:00
CMP_202601630,TYP_03,Part-Time Job Scam,485948.73,Maharashtra,Mumbai,2025-01-04T20:20:00,2025-01-05T06:20:00,2025-01-05T06:39:00
CMP_202601631,TYP_02,Fake Loan App,59919.84,Jharkhand,District-72,2025-02-15T10:36:00,2025-02-15T18:36:00,2025-02-15T19:22:00
CMP_202601632,TYP_02,Fake Loan App,61165.23,Chhattisgarh,District-71,2025-02-12T12:21:00,2025-02-12T15:21:00,2025-02-12T15:58:00
CMP_202601633,TYP_05,Sextortion,101301.96,Gujarat,Ahmedabad,2025-06-15T04:56:00,2025-06-15T09:56:00,2025-06-15T10:43:00
CMP_202601634,TYP_05,Sextortion,18356.8,Telangana,Hyderabad,2025-06-02T18:15:00,2025-06-03T03:15:00,2025-06-03T03:51:00
CMP_202601635,TYP_01,OTP / KYC Fraud,91701.97,Haryana,District-63,2025-05-27T11:40:00,2025-05-27T14:40:00,2025-05-27T15:26:00
CMP_202601636,TYP_03,Part-Time Job Scam,93668.46,Karnataka,District-51,2025-02-16T15:53:00,2025-02-16T16:53:00,2025-02-16T17:15:00
CMP_202601637,TYP_02,Fake Loan App,13959.82,Maharashtra,District-32,2025-02-07T21:23:00,2025-02-08T04:23:00,2025-02-08T05:18:00
CMP_202601638,TYP_01,OTP / KYC Fraud,50106.92,Gujarat,District-50,2025-04-23T16:39:00,2025-04-23T17:39:00,2025-04-23T18:24:00
CMP_202601639,TYP_02,Fake Loan App,12495.89,Karnataka,District-42,2025-01-03T20:58:00,2025-01-04T06:58:00,2025-01-04T07:37:00
CMP_202601640,TYP_02,Fake Loan App,21158.24,Karnataka,District-42,2025-06-30T16:28:00,2025-06-30T20:28:00,2025-06-30T21:20:00
CMP_202601641,TYP_05,Sextortion,36933.14,Karnataka,District-42,2025-04-18T10:30:00,2025-04-18T13:30:00,2025-04-18T14:26:00
CMP_202601642,TYP_02,Fake Loan App,19228.3,Tamil Nadu,Chennai,2025-03-31T20:47:00,2025-03-31T21:47:00,2025-03-31T22:32:00
CMP_202601643,TYP_02,Fake Loan App,10059.93,Karnataka,District-56,2025-04-02T10:19:00,2025-04-02T17:19:00,2025-04-02T17:57:00
CMP_202601644,TYP_05,Sextortion,31459.09,Gujarat,District-50,2025-05-16T13:50:00,2025-05-16T19:50:00,2025-05-16T20:08:00
CMP_202601645,TYP_03,Part-Time Job Scam,120541.43,Gujarat,Ahmedabad,2025-01-22T15:12:00,2025-01-22T19:12:00,2025-01-22T19:50:00
CMP_202601646,TYP_03,Part-Time Job Scam,105215.96,Kerala,District-48,2025-01-16T10:35:00,2025-01-17T03:35:00,2025-01-17T04:23:00
CMP_202601647,TYP_02,Fake Loan App,12314.73,Delhi,South Delhi,2025-04-23T20:55:00,2025-04-24T13:55:00,2025-04-24T14:53:00
CMP_202601648,TYP_02,Fake Loan App,3436.93,Gujarat,District-50,2025-02-18T11:52:00,2025-02-18T12:52:00,2025-02-18T13:46:00
CMP_202601649,TYP_02,Fake Loan App,16660.37,Rajasthan,Bharatpur,2025-04-16T10:32:00,2025-04-17T09:32:00,2025-04-17T09:53:00
CMP_202601650,TYP_03,Part-Time Job Scam,255300.1,West Bengal,District-35,2025-06-24T13:43:00,2025-06-24T21:43:00,2025-06-24T22:05:00
CMP_202601651,TYP_06,Marketplace / OLX Fraud,20931.49,Madhya Pradesh,District-40,2025-01-06T21:56:00,2025-01-06T23:56:00,2025-01-07T00:01:00
CMP_202601652,TYP_05,Sextortion,145739.59,Gujarat,District-31,2025-05-29T16:09:00,2025-05-30T11:09:00,2025-05-30T11:55:00
CMP_202601653,TYP_02,Fake Loan App,42485.47,Maharashtra,Pune,2025-03-24T11:15:00,2025-03-24T15:15:00,2025-03-24T15:37:00
CMP_202601654,TYP_06,Marketplace / OLX Fraud,3027.12,Madhya Pradesh,District-69,2025-05-27T10:28:00,2025-05-27T13:28:00,2025-05-27T13:52:00
CMP_202601655,TYP_03,Part-Time Job Scam,1756626.44,Jharkhand,Jamtara,2025-05-31T09:07:00,2025-05-31T12:07:00,2025-05-31T12:50:00
CMP_202601656,TYP_06,Marketplace / OLX Fraud,17877.68,Odisha,District-27,2025-01-29T15:28:00,2025-01-29T20:28:00,2025-01-29T21:00:00
CMP_202601657,TYP_03,Part-Time Job Scam,98756.57,Odisha,District-54,2025-05-05T12:02:00,2025-05-05T13:02:00,2025-05-05T13:49:00
CMP_202601658,TYP_02,Fake Loan App,12150.81,Uttar Pradesh,District-33,2025-06-08T12:18:00,2025-06-09T00:18:00,2025-06-09T00:25:00
CMP_202601659,TYP_05,Sextortion,67881.93,Rajasthan,District-46,2025-03-28T17:46:00,2025-03-28T19:46:00,2025-03-28T20:12:00
CMP_202601660,TYP_06,Marketplace / OLX Fraud,15928.42,Uttar Pradesh,Gorakhpur,2025-05-02T15:24:00,2025-05-03T01:24:00,2025-05-03T02:05:00
CMP_202601661,TYP_05,Sextortion,50276.69,Assam,District-21,2025-06-15T11:27:00,2025-06-15T15:27:00,2025-06-15T16:24:00
CMP_202601662,TYP_06,Marketplace / OLX Fraud,9975.69,Maharashtra,Pune,2025-01-15T21:30:00,2025-01-15T22:30:00,2025-01-15T23:13:00
CMP_202601663,TYP_03,Part-Time Job Scam,220697.84,Karnataka,District-61,2025-02-14T14:21:00,2025-02-14T16:21:00,2025-02-14T17:04:00
CMP_202601664,TYP_01,OTP / KYC Fraud,35279.36,Uttar Pradesh,Gorakhpur,2025-02-23T20:03:00,2025-02-24T07:03:00,2025-02-24T07:38:00
CMP_202601665,TYP_03,Part-Time Job Scam,35512.63,Telangana,District-39,2025-03-01T18:11:00,2025-03-02T04:11:00,2025-03-02T05:09:00
CMP_202601666,TYP_05,Sextortion,33923.18,Chhattisgarh,District-71,2025-01-01T22:05:00,2025-01-03T01:05:00,2025-01-03T01:54:00
CMP_202601667,TYP_02,Fake Loan App,20680.21,Gujarat,District-70,2025-02-09T15:35:00,2025-02-10T03:35:00,2025-02-10T04:09:00
CMP_202601668,TYP_02,Fake Loan App,24645.27,Odisha,District-73,2025-01-16T00:23:00,2025-01-16T01:23:00,2025-01-16T02:06:00
CMP_202601669,TYP_06,Marketplace / OLX Fraud,5743.2,Odisha,District-27,2025-05-04T10:22:00,2025-05-05T15:22:00,2025-05-05T16:22:00
CMP_202601670,TYP_03,Part-Time Job Scam,157946.36,Rajasthan,District-62,2025-03-03T11:19:00,2025-03-04T09:19:00,2025-03-04T10:04:00
CMP_202601671,TYP_04,Investment / Crypto Scam,374635.8,Uttar Pradesh,Noida,2025-04-13T17:10:00,2025-04-14T08:10:00,2025-04-14T08:37:00
CMP_202601672,TYP_03,Part-Time Job Scam,145482.88,Madhya Pradesh,District-60,2025-02-06T14:25:00,2025-02-07T04:25:00,2025-02-07T05:05:00
CMP_202601673,TYP_03,Part-Time Job Scam,49553.28,Andhra Pradesh,District-64,2025-05-18T11:24:00,2025-05-19T00:24:00,2025-05-19T01:08:00
CMP_202601674,TYP_02,Fake Loan App,82465.17,Rajasthan,Bharatpur,2025-03-23T09:31:00,2025-03-24T10:31:00,2025-03-24T10:50:00
CMP_202601675,TYP_02,Fake Loan App,11236.54,Maharashtra,District-32,2025-06-26T13:15:00,2025-06-26T19:15:00,2025-06-26T19:49:00
CMP_202601676,TYP_03,Part-Time Job Scam,272365.87,Jharkhand,Jamtara,2025-05-30T07:13:00,2025-05-30T09:13:00,2025-05-30T09:41:00
CMP_202601677,TYP_06,Marketplace / OLX Fraud,32749.35,Andhra Pradesh,District-64,2025-03-01T19:00:00,2025-03-02T11:00:00,2025-03-02T11:16:00
CMP_202601678,TYP_06,Marketplace / OLX Fraud,6437.21,Gujarat,District-31,2025-06-02T18:30:00,2025-06-03T01:30:00,2025-06-03T02:26:00
CMP_202601679,TYP_02,Fake Loan App,9197.63,Karnataka,District-34,2025-01-04T10:00:00,2025-01-04T12:00:00,2025-01-04T12:31:00
CMP_202601680,TYP_06,Marketplace / OLX Fraud,7566.11,Maharashtra,Pune,2025-03-12T17:53:00,2025-03-13T10:53:00,2025-03-13T11:28:00
CMP_202601681,TYP_02,Fake Loan App,4215.52,Madhya Pradesh,District-53,2025-01-15T17:53:00,2025-01-16T03:53:00,2025-01-16T04:07:00
CMP_202601682,TYP_06,Marketplace / OLX Fraud,8321.75,Uttar Pradesh,District-33,2025-05-09T10:53:00,2025-05-10T11:53:00,2025-05-10T12:19:00
CMP_202601683,TYP_06,Marketplace / OLX Fraud,29136.7,Rajasthan,Bharatpur,2025-04-08T15:03:00,2025-04-08T21:03:00,2025-04-08T21:31:00
CMP_202601684,TYP_05,Sextortion,22090.37,Punjab,Amritsar,2025-06-09T16:59:00,2025-06-10T01:59:00,2025-06-10T02:20:00
CMP_202601685,TYP_05,Sextortion,112149.48,Uttar Pradesh,District-33,2025-01-17T15:26:00,2025-01-17T16:26:00,2025-01-17T17:17:00
CMP_202601686,TYP_02,Fake Loan App,30368.18,Karnataka,District-51,2025-04-16T07:47:00,2025-04-16T11:47:00,2025-04-16T11:58:00
CMP_202601687,TYP_03,Part-Time Job Scam,31686.24,Telangana,Hyderabad,2025-05-07T16:27:00,2025-05-07T22:27:00,2025-05-07T22:32:00
CMP_202601688,TYP_02,Fake Loan App,15977.63,Karnataka,District-56,2025-01-27T16:33:00,2025-01-28T00:33:00,2025-01-28T01:18:00
CMP_202601689,TYP_04,Investment / Crypto Scam,455215.53,Telangana,District-39,2025-05-31T15:55:00,2025-05-31T19:55:00,2025-05-31T20:07:00
CMP_202601690,TYP_03,Part-Time Job Scam,38946.4,Andhra Pradesh,District-58,2025-02-15T17:47:00,2025-02-16T00:47:00,2025-02-16T01:15:00
CMP_202601691,TYP_03,Part-Time Job Scam,27381.17,Jharkhand,District-45,2025-06-01T14:37:00,2025-06-01T19:37:00,2025-06-01T20:33:00
CMP_202601692,TYP_04,Investment / Crypto Scam,749488.15,Odisha,District-22,2025-01-13T17:47:00,2025-01-14T01:47:00,2025-01-14T02:33:00
CMP_202601693,TYP_05,Sextortion,7014.97,Uttar Pradesh,Mathura,2025-03-23T14:07:00,2025-03-25T00:07:00,2025-03-25T00:37:00
CMP_202601694,TYP_02,Fake Loan App,8933.07,Maharashtra,District-32,2025-04-07T15:32:00,2025-04-07T17:32:00,2025-04-07T18:08:00
CMP_202601695,TYP_03,Part-Time Job Scam,79572.1,Maharashtra,District-47,2025-01-12T16:51:00,2025-01-13T00:51:00,2025-01-13T01:31:00
CMP_202601696,TYP_01,OTP / KYC Fraud,95919.03,Madhya Pradesh,District-69,2025-02-21T16:40:00,2025-02-22T11:40:00,2025-02-22T12:03:00
CMP_202601697,TYP_05,Sextortion,91763.42,Odisha,District-73,2025-03-01T14:01:00,2025-03-03T03:01:00,2025-03-03T03:54:00
CMP_202601698,TYP_03,Part-Time Job Scam,673623.32,Karnataka,Bengaluru Urban,2025-03-14T15:18:00,2025-03-14T20:18:00,2025-03-14T20:52:00
CMP_202601699,TYP_03,Part-Time Job Scam,174161.97,West Bengal,District-55,2025-03-09T22:23:00,2025-03-10T03:23:00,2025-03-10T03:35:00
CMP_202601700,TYP_05,Sextortion,28274.09,Haryana,District-63,2025-03-26T07:19:00,2025-03-26T17:19:00,2025-03-26T17:54:00
CMP_202601701,TYP_04,Investment / Crypto Scam,198701.81,Kerala,District-65,2025-03-25T19:50:00,2025-03-26T02:50:00,2025-03-26T02:55:00
CMP_202601702,TYP_05,Sextortion,29094.26,Madhya Pradesh,District-69,2025-04-03T13:04:00,2025-04-03T20:04:00,2025-04-03T20:29:00
CMP_202601703,TYP_06,Marketplace / OLX Fraud,10772.15,Rajasthan,Alwar,2025-02-23T14:55:00,2025-02-24T02:55:00,2025-02-24T03:39:00
CMP_202601704,TYP_03,Part-Time Job Scam,39077.33,Karnataka,District-61,2025-04-15T03:44:00,2025-04-15T07:44:00,2025-04-15T08:28:00
CMP_202601705,TYP_06,Marketplace / OLX Fraud,9162.82,West Bengal,District-66,2025-04-30T08:53:00,2025-04-30T14:53:00,2025-04-30T15:37:00
CMP_202601706,TYP_02,Fake Loan App,29907.03,Telangana,District-39,2025-02-01T11:13:00,2025-02-02T03:13:00,2025-02-02T03:48:00
CMP_202601707,TYP_05,Sextortion,6198.76,Punjab,District-25,2025-04-21T12:19:00,2025-04-21T17:19:00,2025-04-21T17:37:00
CMP_202601708,TYP_02,Fake Loan App,25792.21,Maharashtra,District-30,2025-06-17T19:59:00,2025-06-18T11:59:00,2025-06-18T12:10:00
CMP_202601709,TYP_05,Sextortion,81933.04,Andhra Pradesh,District-67,2025-05-15T13:40:00,2025-05-16T01:40:00,2025-05-16T02:33:00
CMP_202601710,TYP_02,Fake Loan App,3727.99,Maharashtra,District-32,2025-05-20T10:58:00,2025-05-21T00:58:00,2025-05-21T01:30:00
CMP_202601711,TYP_03,Part-Time Job Scam,297578.24,Rajasthan,District-62,2025-05-10T15:38:00,2025-05-11T04:38:00,2025-05-11T05:09:00
CMP_202601712,TYP_03,Part-Time Job Scam,303798.88,Bihar,District-38,2025-04-29T20:31:00,2025-04-29T23:31:00,2025-04-29T23:39:00
CMP_202601713,TYP_02,Fake Loan App,40084.25,Karnataka,Bengaluru Urban,2025-05-25T12:32:00,2025-05-25T13:32:00,2025-05-25T14:19:00
CMP_202601714,TYP_05,Sextortion,25152.98,Odisha,District-68,2025-06-25T14:11:00,2025-06-25T22:11:00,2025-06-25T22:48:00
CMP_202601715,TYP_06,Marketplace / OLX Fraud,49287.9,Madhya Pradesh,District-52,2025-05-10T11:43:00,2025-05-10T15:43:00,2025-05-10T16:21:00
CMP_202601716,TYP_06,Marketplace / OLX Fraud,49570.87,Delhi,South Delhi,2025-04-19T19:34:00,2025-04-19T22:34:00,2025-04-19T23:28:00
CMP_202601717,TYP_06,Marketplace / OLX Fraud,8489.32,Kerala,District-59,2025-06-04T17:28:00,2025-06-05T23:28:00,2025-06-05T23:33:00
CMP_202601718,TYP_06,Marketplace / OLX Fraud,14074.06,Maharashtra,Pune,2025-03-11T13:57:00,2025-03-11T17:57:00,2025-03-11T18:36:00
CMP_202601719,TYP_02,Fake Loan App,12341.0,Kerala,District-59,2025-06-12T16:08:00,2025-06-12T22:08:00,2025-06-12T22:37:00
CMP_202601720,TYP_01,OTP / KYC Fraud,11741.63,Karnataka,District-61,2025-06-12T11:43:00,2025-06-12T12:43:00,2025-06-12T13:07:00
CMP_202601721,TYP_02,Fake Loan App,3714.83,Karnataka,District-23,2025-06-14T13:49:00,2025-06-14T15:49:00,2025-06-14T16:15:00
CMP_202601722,TYP_06,Marketplace / OLX Fraud,19041.14,Rajasthan,Bharatpur,2025-03-02T04:40:00,2025-03-02T07:40:00,2025-03-02T08:31:00
CMP_202601723,TYP_03,Part-Time Job Scam,191408.83,Andhra Pradesh,District-44,2025-04-10T17:08:00,2025-04-10T21:08:00,2025-04-10T21:30:00
CMP_202601724,TYP_05,Sextortion,24153.64,Andhra Pradesh,District-64,2025-05-20T07:10:00,2025-05-20T16:10:00,2025-05-20T16:43:00
CMP_202601725,TYP_06,Marketplace / OLX Fraud,9822.81,West Bengal,Siliguri,2025-03-22T11:57:00,2025-03-22T15:57:00,2025-03-22T16:23:00
CMP_202601726,TYP_05,Sextortion,10491.48,Jharkhand,District-72,2025-04-15T12:42:00,2025-04-16T02:42:00,2025-04-16T03:21:00
CMP_202601727,TYP_02,Fake Loan App,17303.69,Maharashtra,District-30,2025-04-03T16:25:00,2025-04-04T13:25:00,2025-04-04T13:53:00
CMP_202601728,TYP_03,Part-Time Job Scam,113233.77,Karnataka,Bengaluru Urban,2025-06-15T18:25:00,2025-06-15T23:25:00,2025-06-15T23:32:00
CMP_202601729,TYP_05,Sextortion,23797.05,West Bengal,Kolkata,2025-01-25T06:30:00,2025-01-25T09:30:00,2025-01-25T10:08:00
CMP_202601730,TYP_02,Fake Loan App,19843.66,Karnataka,District-51,2025-04-06T13:52:00,2025-04-07T02:52:00,2025-04-07T03:46:00
CMP_202601731,TYP_01,OTP / KYC Fraud,26681.57,Rajasthan,Alwar,2025-05-07T13:05:00,2025-05-07T18:05:00,2025-05-07T18:23:00
CMP_202601732,TYP_02,Fake Loan App,10308.8,Maharashtra,Mumbai,2025-02-10T18:32:00,2025-02-11T04:32:00,2025-02-11T05:00:00
CMP_202601733,TYP_02,Fake Loan App,15156.62,Assam,District-21,2025-05-16T12:47:00,2025-05-17T16:47:00,2025-05-17T17:42:00
CMP_202601734,TYP_03,Part-Time Job Scam,531237.79,Punjab,District-36,2025-03-17T10:41:00,2025-03-17T17:41:00,2025-03-17T18:35:00
CMP_202601735,TYP_02,Fake Loan App,5567.36,Uttar Pradesh,District-37,2025-01-14T10:18:00,2025-01-15T04:18:00,2025-01-15T05:17:00
CMP_202601736,TYP_03,Part-Time Job Scam,23728.41,Madhya Pradesh,District-53,2025-04-26T10:40:00,2025-04-26T13:40:00,2025-04-26T14:35:00
CMP_202601737,TYP_05,Sextortion,43108.31,Bihar,District-38,2025-02-14T12:39:00,2025-02-14T18:39:00,2025-02-14T19:16:00
CMP_202601738,TYP_02,Fake Loan App,22701.98,West Bengal,Siliguri,2025-05-09T07:08:00,2025-05-09T18:08:00,2025-05-09T18:40:00
CMP_202601739,TYP_06,Marketplace / OLX Fraud,9426.9,Maharashtra,District-47,2025-05-01T13:36:00,2025-05-02T08:36:00,2025-05-02T09:17:00
CMP_202601740,TYP_03,Part-Time Job Scam,210627.36,Uttar Pradesh,Gorakhpur,2025-02-27T19:18:00,2025-02-28T02:18:00,2025-02-28T02:36:00
CMP_202601741,TYP_03,Part-Time Job Scam,214459.98,Delhi,South Delhi,2025-04-17T13:54:00,2025-04-17T17:54:00,2025-04-17T18:40:00
CMP_202601742,TYP_03,Part-Time Job Scam,199485.42,Uttar Pradesh,Noida,2025-02-16T11:25:00,2025-02-16T14:25:00,2025-02-16T14:49:00
CMP_202601743,TYP_06,Marketplace / OLX Fraud,20426.71,Uttar Pradesh,District-33,2025-06-18T14:55:00,2025-06-18T15:55:00,2025-06-18T16:48:00
CMP_202601744,TYP_06,Marketplace / OLX Fraud,4484.02,Maharashtra,Pune,2025-05-04T16:32:00,2025-05-04T19:32:00,2025-05-04T20:16:00
CMP_202601745,TYP_02,Fake Loan App,46379.91,Uttar Pradesh,Mathura,2025-06-23T13:51:00,2025-06-23T18:51:00,2025-06-23T19:33:00
CMP_202601746,TYP_01,OTP / KYC Fraud,201710.88,Odisha,District-68,2025-02-12T17:25:00,2025-02-12T19:25:00,2025-02-12T20:21:00
CMP_202601747,TYP_06,Marketplace / OLX Fraud,24955.41,Uttar Pradesh,District-43,2025-02-27T17:12:00,2025-02-28T04:12:00,2025-02-28T04:30:00
CMP_202601748,TYP_06,Marketplace / OLX Fraud,1884.22,West Bengal,Kolkata,2025-02-06T14:07:00,2025-02-06T19:07:00,2025-02-06T20:03:00
CMP_202601749,TYP_06,Marketplace / OLX Fraud,14106.75,Odisha,District-73,2025-04-02T13:56:00,2025-04-02T15:56:00,2025-04-02T16:53:00
CMP_202601750,TYP_02,Fake Loan App,73115.04,Karnataka,District-42,2025-02-28T15:32:00,2025-03-01T07:32:00,2025-03-01T08:18:00
CMP_202601751,TYP_03,Part-Time Job Scam,141639.84,Odisha,District-27,2025-02-13T12:46:00,2025-02-14T06:46:00,2025-02-14T07:26:00
CMP_202601752,TYP_01,OTP / KYC Fraud,13668.6,Gujarat,District-24,2025-02-15T14:25:00,2025-02-16T23:25:00,2025-02-17T00:02:00
CMP_202601753,TYP_02,Fake Loan App,2616.81,Tamil Nadu,District-49,2025-06-18T14:17:00,2025-06-19T20:17:00,2025-06-19T20:42:00
CMP_202601754,TYP_01,OTP / KYC Fraud,9632.05,Uttar Pradesh,Gorakhpur,2025-05-07T14:28:00,2025-05-07T23:28:00,2025-05-08T00:15:00
CMP_202601755,TYP_05,Sextortion,25283.25,Andhra Pradesh,District-58,2025-02-03T15:01:00,2025-02-03T18:01:00,2025-02-03T18:36:00
CMP_202601756,TYP_06,Marketplace / OLX Fraud,4027.07,Gujarat,District-31,2025-03-11T14:00:00,2025-03-12T07:00:00,2025-03-12T07:54:00
CMP_202601757,TYP_05,Sextortion,51847.13,Rajasthan,District-62,2025-05-03T00:19:00,2025-05-03T01:19:00,2025-05-03T01:29:00
CMP_202601758,TYP_03,Part-Time Job Scam,24680.55,Rajasthan,Alwar,2025-03-21T11:44:00,2025-03-24T13:44:00,2025-03-24T14:20:00
CMP_202601759,TYP_02,Fake Loan App,10601.04,Karnataka,District-42,2025-02-22T12:49:00,2025-02-22T16:49:00,2025-02-22T17:49:00
CMP_202601760,TYP_04,Investment / Crypto Scam,675580.35,Odisha,District-54,2025-02-08T16:37:00,2025-02-11T07:37:00,2025-02-11T07:54:00
CMP_202601761,TYP_06,Marketplace / OLX Fraud,4455.38,West Bengal,Kolkata,2025-04-21T14:25:00,2025-04-22T00:25:00,2025-04-22T00:37:00
CMP_202601762,TYP_05,Sextortion,11584.86,Andhra Pradesh,District-26,2025-01-27T19:38:00,2025-01-27T22:38:00,2025-01-27T23:19:00
CMP_202601763,TYP_06,Marketplace / OLX Fraud,3045.39,Haryana,District-63,2025-05-19T13:33:00,2025-05-21T20:33:00,2025-05-21T20:57:00
CMP_202601764,TYP_05,Sextortion,26214.71,Kerala,District-59,2025-03-31T21:39:00,2025-04-01T09:39:00,2025-04-01T10:09:00
CMP_202601765,TYP_03,Part-Time Job Scam,128330.22,Kerala,District-65,2025-02-17T13:44:00,2025-02-19T04:44:00,2025-02-19T05:03:00
CMP_202601766,TYP_03,Part-Time Job Scam,148023.88,Gujarat,District-50,2025-04-26T17:54:00,2025-04-26T23:54:00,2025-04-27T00:08:00
CMP_202601767,TYP_03,Part-Time Job Scam,190414.78,Punjab,District-36,2025-01-05T12:34:00,2025-01-06T07:34:00,2025-01-06T07:49:00
CMP_202601768,TYP_03,Part-Time Job Scam,150934.63,Kerala,District-48,2025-05-26T18:26:00,2025-05-26T22:26:00,2025-05-26T23:11:00
CMP_202601769,TYP_05,Sextortion,47592.09,Gujarat,District-31,2025-04-08T11:51:00,2025-04-08T16:51:00,2025-04-08T17:33:00
CMP_202601770,TYP_06,Marketplace / OLX Fraud,10795.79,Haryana,Mewat,2025-06-30T16:40:00,2025-07-01T03:40:00,2025-07-01T03:49:00
CMP_202601771,TYP_03,Part-Time Job Scam,159772.68,West Bengal,District-55,2025-05-14T10:04:00,2025-05-14T17:04:00,2025-05-14T18:02:00
CMP_202601772,TYP_02,Fake Loan App,14166.84,Bihar,Purnia,2025-06-05T11:17:00,2025-06-05T12:17:00,2025-06-05T12:32:00
CMP_202601773,TYP_03,Part-Time Job Scam,197667.27,Uttar Pradesh,District-33,2025-06-09T14:41:00,2025-06-09T20:41:00,2025-06-09T21:16:00
CMP_202601774,TYP_06,Marketplace / OLX Fraud,20012.59,Karnataka,District-56,2025-02-15T16:49:00,2025-02-16T00:49:00,2025-02-16T01:03:00
CMP_202601775,TYP_05,Sextortion,19698.96,West Bengal,District-35,2025-05-31T20:53:00,2025-06-01T01:53:00,2025-06-01T02:20:00
CMP_202601776,TYP_04,Investment / Crypto Scam,862053.27,Jharkhand,Jamtara,2025-01-03T11:08:00,2025-01-06T20:08:00,2025-01-06T21:08:00
CMP_202601777,TYP_02,Fake Loan App,1000.0,Gujarat,Ahmedabad,2025-05-17T14:20:00,2025-05-17T21:20:00,2025-05-17T22:01:00
CMP_202601778,TYP_05,Sextortion,38188.81,Punjab,District-36,2025-03-07T12:34:00,2025-03-07T16:34:00,2025-03-07T17:29:00
CMP_202601779,TYP_06,Marketplace / OLX Fraud,15686.11,Andhra Pradesh,District-44,2025-05-03T18:25:00,2025-05-03T23:25:00,2025-05-04T00:08:00
CMP_202601780,TYP_01,OTP / KYC Fraud,120982.17,Karnataka,District-61,2025-04-03T11:00:00,2025-04-03T20:00:00,2025-04-03T20:37:00
CMP_202601781,TYP_05,Sextortion,41488.94,Uttar Pradesh,District-33,2025-06-28T11:09:00,2025-06-28T13:09:00,2025-06-28T13:20:00
CMP_202601782,TYP_05,Sextortion,65681.17,Karnataka,District-42,2025-04-22T08:10:00,2025-04-22T17:10:00,2025-04-22T17:50:00
CMP_202601783,TYP_06,Marketplace / OLX Fraud,6159.15,Andhra Pradesh,District-67,2025-04-23T10:47:00,2025-04-23T12:47:00,2025-04-23T13:03:00
CMP_202601784,TYP_02,Fake Loan App,18819.18,Uttar Pradesh,Gorakhpur,2025-02-21T11:59:00,2025-02-23T03:59:00,2025-02-23T04:49:00
CMP_202601785,TYP_03,Part-Time Job Scam,300542.58,Uttar Pradesh,District-37,2025-04-24T17:30:00,2025-04-24T19:30:00,2025-04-24T19:56:00
CMP_202601786,TYP_03,Part-Time Job Scam,67903.73,Haryana,Mewat,2025-03-02T05:28:00,2025-03-02T06:28:00,2025-03-02T07:10:00
CMP_202601787,TYP_02,Fake Loan App,20523.17,Maharashtra,District-47,2025-02-19T15:48:00,2025-02-20T03:48:00,2025-02-20T04:34:00
CMP_202601788,TYP_01,OTP / KYC Fraud,39660.64,West Bengal,Siliguri,2025-05-31T14:36:00,2025-06-01T12:36:00,2025-06-01T13:24:00
CMP_202601789,TYP_01,OTP / KYC Fraud,23269.76,Tamil Nadu,District-49,2025-01-04T18:19:00,2025-01-05T12:19:00,2025-01-05T13:08:00
CMP_202601790,TYP_06,Marketplace / OLX Fraud,7963.08,Odisha,District-54,2025-02-15T14:20:00,2025-02-15T23:20:00,2025-02-16T00:05:00
CMP_202601791,TYP_06,Marketplace / OLX Fraud,3441.92,Andhra Pradesh,District-67,2025-04-09T14:48:00,2025-04-09T19:48:00,2025-04-09T19:54:00
CMP_202601792,TYP_05,Sextortion,61670.59,Odisha,District-27,2025-06-30T21:25:00,2025-07-01T13:25:00,2025-07-01T13:31:00
CMP_202601793,TYP_05,Sextortion,44224.98,Uttar Pradesh,Noida,2025-05-31T12:04:00,2025-05-31T21:04:00,2025-05-31T21:52:00
CMP_202601794,TYP_05,Sextortion,26051.58,Uttar Pradesh,District-43,2025-04-07T13:32:00,2025-04-07T21:32:00,2025-04-07T22:22:00
CMP_202601795,TYP_02,Fake Loan App,45523.05,Rajasthan,District-46,2025-06-08T21:44:00,2025-06-09T20:44:00,2025-06-09T21:17:00
CMP_202601796,TYP_06,Marketplace / OLX Fraud,6702.67,Madhya Pradesh,District-40,2025-02-15T09:45:00,2025-02-15T21:45:00,2025-02-15T22:05:00
CMP_202601797,TYP_06,Marketplace / OLX Fraud,2471.18,Telangana,Hyderabad,2025-03-08T10:07:00,2025-03-11T09:07:00,2025-03-11T09:36:00
CMP_202601798,TYP_01,OTP / KYC Fraud,47217.16,Maharashtra,Mumbai,2025-05-28T10:22:00,2025-05-28T11:22:00,2025-05-28T11:41:00
CMP_202601799,TYP_01,OTP / KYC Fraud,28010.2,Gujarat,District-24,2025-03-24T07:04:00,2025-03-24T14:04:00,2025-03-24T14:23:00
CMP_202601800,TYP_06,Marketplace / OLX Fraud,14425.47,Andhra Pradesh,District-64,2025-02-06T20:57:00,2025-02-07T07:57:00,2025-02-07T08:33:00
CMP_202601801,TYP_02,Fake Loan App,13709.37,Maharashtra,District-32,2025-01-10T14:56:00,2025-01-10T17:56:00,2025-01-10T18:24:00
CMP_202601802,TYP_05,Sextortion,24502.5,Bihar,Purnia,2025-03-17T05:00:00,2025-03-17T09:00:00,2025-03-17T09:35:00
CMP_202601803,TYP_05,Sextortion,125532.96,Karnataka,District-51,2025-02-06T13:43:00,2025-02-06T21:43:00,2025-02-06T22:12:00
CMP_202601804,TYP_05,Sextortion,49037.24,West Bengal,District-35,2025-04-11T06:23:00,2025-04-11T12:23:00,2025-04-11T12:28:00
CMP_202601805,TYP_01,OTP / KYC Fraud,52578.24,Maharashtra,District-47,2025-05-11T18:45:00,2025-05-12T06:45:00,2025-05-12T07:33:00
CMP_202601806,TYP_06,Marketplace / OLX Fraud,5039.01,Delhi,South Delhi,2025-02-05T11:13:00,2025-02-06T01:13:00,2025-02-06T01:28:00
CMP_202601807,TYP_03,Part-Time Job Scam,171164.52,Uttar Pradesh,Gorakhpur,2025-06-22T13:40:00,2025-06-22T19:40:00,2025-06-22T20:17:00
CMP_202601808,TYP_02,Fake Loan App,7003.26,Andhra Pradesh,District-44,2025-02-28T12:18:00,2025-02-28T14:18:00,2025-02-28T14:54:00
CMP_202601809,TYP_02,Fake Loan App,9832.64,Karnataka,District-61,2025-01-30T09:43:00,2025-01-30T10:43:00,2025-01-30T11:25:00
CMP_202601810,TYP_02,Fake Loan App,16772.0,Uttar Pradesh,District-33,2025-02-04T14:51:00,2025-02-04T17:51:00,2025-02-04T18:24:00
CMP_202601811,TYP_03,Part-Time Job Scam,117866.2,Odisha,District-73,2025-05-14T17:10:00,2025-05-14T22:10:00,2025-05-14T22:31:00
CMP_202601812,TYP_06,Marketplace / OLX Fraud,49517.0,West Bengal,District-55,2025-01-04T11:10:00,2025-01-04T18:10:00,2025-01-04T18:26:00
CMP_202601813,TYP_06,Marketplace / OLX Fraud,5466.33,Gujarat,District-24,2025-05-20T08:01:00,2025-05-20T10:01:00,2025-05-20T10:42:00
CMP_202601814,TYP_02,Fake Loan App,43225.68,Punjab,District-25,2025-06-07T12:13:00,2025-06-07T14:13:00,2025-06-07T14:31:00
CMP_202601815,TYP_03,Part-Time Job Scam,94798.2,Haryana,District-75,2025-04-19T10:41:00,2025-04-19T13:41:00,2025-04-19T14:28:00
CMP_202601816,TYP_02,Fake Loan App,27331.81,Punjab,District-36,2025-04-15T20:53:00,2025-04-16T07:53:00,2025-04-16T08:28:00
CMP_202601817,TYP_02,Fake Loan App,17117.27,Uttar Pradesh,Noida,2025-06-16T16:55:00,2025-06-16T18:55:00,2025-06-16T19:19:00
CMP_202601818,TYP_01,OTP / KYC Fraud,38726.99,Haryana,District-75,2025-05-29T18:56:00,2025-05-29T23:56:00,2025-05-30T00:11:00
CMP_202601819,TYP_03,Part-Time Job Scam,223524.35,Uttar Pradesh,District-33,2025-03-03T05:33:00,2025-03-03T08:33:00,2025-03-03T09:21:00
CMP_202601820,TYP_03,Part-Time Job Scam,77245.13,Jharkhand,District-45,2025-02-17T09:33:00,2025-02-17T19:33:00,2025-02-17T20:32:00
CMP_202601821,TYP_01,OTP / KYC Fraud,10783.34,Karnataka,District-56,2025-06-13T11:30:00,2025-06-14T08:30:00,2025-06-14T09:04:00
CMP_202601822,TYP_04,Investment / Crypto Scam,326809.82,Rajasthan,Alwar,2025-01-05T14:21:00,2025-01-05T18:21:00,2025-01-05T18:26:00
CMP_202601823,TYP_03,Part-Time Job Scam,142690.8,Madhya Pradesh,District-40,2025-03-31T09:59:00,2025-03-31T10:59:00,2025-03-31T11:49:00
CMP_202601824,TYP_04,Investment / Crypto Scam,245292.47,Odisha,District-73,2025-04-07T15:11:00,2025-04-08T22:11:00,2025-04-08T23:03:00
CMP_202601825,TYP_03,Part-Time Job Scam,48752.66,Karnataka,District-42,2025-04-15T16:25:00,2025-04-16T08:25:00,2025-04-16T09:18:00
CMP_202601826,TYP_06,Marketplace / OLX Fraud,22764.7,Rajasthan,District-46,2025-06-10T15:05:00,2025-06-11T05:05:00,2025-06-11T05:47:00
CMP_202601827,TYP_02,Fake Loan App,35326.81,Assam,District-28,2025-04-29T08:15:00,2025-04-29T14:15:00,2025-04-29T14:54:00
CMP_202601828,TYP_02,Fake Loan App,29575.49,Jharkhand,District-45,2025-06-22T19:30:00,2025-06-23T13:30:00,2025-06-23T14:20:00
CMP_202601829,TYP_06,Marketplace / OLX Fraud,7575.61,Telangana,Hyderabad,2025-04-24T14:13:00,2025-04-26T05:13:00,2025-04-26T05:34:00
CMP_202601830,TYP_02,Fake Loan App,34682.23,Madhya Pradesh,District-40,2025-04-26T13:57:00,2025-04-26T14:57:00,2025-04-26T15:14:00
CMP_202601831,TYP_02,Fake Loan App,22661.43,Madhya Pradesh,District-52,2025-03-01T12:30:00,2025-03-02T07:30:00,2025-03-02T08:15:00
CMP_202601832,TYP_05,Sextortion,38869.38,Chhattisgarh,District-71,2025-02-19T10:02:00,2025-02-20T02:02:00,2025-02-20T02:14:00
CMP_202601833,TYP_05,Sextortion,10424.53,Karnataka,District-56,2025-01-03T13:33:00,2025-01-03T18:33:00,2025-01-03T19:11:00
CMP_202601834,TYP_02,Fake Loan App,16555.44,Karnataka,District-56,2025-01-17T16:29:00,2025-01-17T19:29:00,2025-01-17T19:47:00
CMP_202601835,TYP_03,Part-Time Job Scam,18977.77,Andhra Pradesh,District-26,2025-01-21T13:16:00,2025-01-21T14:16:00,2025-01-21T14:57:00
CMP_202601836,TYP_03,Part-Time Job Scam,214217.05,Madhya Pradesh,District-52,2025-03-15T19:31:00,2025-03-15T22:31:00,2025-03-15T23:02:00
CMP_202601837,TYP_02,Fake Loan App,16986.03,Jharkhand,District-72,2025-01-27T18:35:00,2025-01-28T17:35:00,2025-01-28T17:44:00
CMP_202601838,TYP_02,Fake Loan App,11435.59,Andhra Pradesh,District-67,2025-04-27T18:25:00,2025-04-27T21:25:00,2025-04-27T21:30:00
CMP_202601839,TYP_02,Fake Loan App,25463.92,Uttar Pradesh,District-33,2025-05-16T12:32:00,2025-05-17T04:32:00,2025-05-17T04:41:00
CMP_202601840,TYP_02,Fake Loan App,15505.25,Andhra Pradesh,District-67,2025-01-25T13:17:00,2025-01-25T21:17:00,2025-01-25T21:49:00
CMP_202601841,TYP_02,Fake Loan App,9215.64,Rajasthan,Bharatpur,2025-06-23T12:05:00,2025-06-24T21:05:00,2025-06-24T21:31:00
CMP_202601842,TYP_05,Sextortion,23679.24,Chhattisgarh,District-71,2025-01-08T17:04:00,2025-01-08T18:04:00,2025-01-08T18:52:00
CMP_202601843,TYP_02,Fake Loan App,5401.65,Uttar Pradesh,Mathura,2025-02-10T11:02:00,2025-02-10T15:02:00,2025-02-10T15:42:00
CMP_202601844,TYP_05,Sextortion,80354.67,Madhya Pradesh,District-52,2025-02-17T09:13:00,2025-02-17T22:13:00,2025-02-17T23:10:00
CMP_202601845,TYP_01,OTP / KYC Fraud,60252.41,West Bengal,Siliguri,2025-04-26T19:29:00,2025-04-27T05:29:00,2025-04-27T06:00:00
CMP_202601846,TYP_03,Part-Time Job Scam,107051.44,Kerala,District-48,2025-04-17T06:49:00,2025-04-17T08:49:00,2025-04-17T08:59:00
CMP_202601847,TYP_04,Investment / Crypto Scam,908481.2,Punjab,District-36,2025-03-28T19:32:00,2025-03-29T01:32:00,2025-03-29T01:51:00
CMP_202601848,TYP_06,Marketplace / OLX Fraud,4846.99,Uttar Pradesh,Noida,2025-04-12T05:48:00,2025-04-13T14:48:00,2025-04-13T14:59:00
CMP_202601849,TYP_02,Fake Loan App,17218.47,Chhattisgarh,District-71,2025-01-03T08:32:00,2025-01-03T09:32:00,2025-01-03T10:23:00
CMP_202601850,TYP_01,OTP / KYC Fraud,7157.61,Andhra Pradesh,District-64,2025-05-09T14:13:00,2025-05-09T22:13:00,2025-05-09T22:57:00
CMP_202601851,TYP_02,Fake Loan App,16331.92,Telangana,District-39,2025-05-14T12:24:00,2025-05-16T02:24:00,2025-05-16T02:42:00
CMP_202601852,TYP_06,Marketplace / OLX Fraud,13600.29,Andhra Pradesh,District-67,2025-06-10T09:48:00,2025-06-10T13:48:00,2025-06-10T14:46:00
CMP_202601853,TYP_05,Sextortion,50747.42,Delhi,South Delhi,2025-06-27T11:10:00,2025-06-27T18:10:00,2025-06-27T18:33:00
CMP_202601854,TYP_02,Fake Loan App,17385.28,Assam,District-28,2025-02-28T14:48:00,2025-03-01T09:48:00,2025-03-01T10:37:00
CMP_202601855,TYP_03,Part-Time Job Scam,56333.31,Maharashtra,District-47,2025-03-09T14:25:00,2025-03-10T14:25:00,2025-03-10T15:20:00
CMP_202601856,TYP_05,Sextortion,28799.71,West Bengal,Kolkata,2025-05-20T11:45:00,2025-05-20T14:45:00,2025-05-20T15:40:00
CMP_202601857,TYP_02,Fake Loan App,6901.27,Karnataka,District-34,2025-03-27T17:06:00,2025-03-27T18:06:00,2025-03-27T18:19:00
CMP_202601858,TYP_04,Investment / Crypto Scam,446092.82,Odisha,District-22,2025-02-10T14:41:00,2025-02-10T16:41:00,2025-02-10T17:33:00
CMP_202601859,TYP_02,Fake Loan App,113575.74,Andhra Pradesh,District-26,2025-04-24T09:44:00,2025-04-24T11:44:00,2025-04-24T11:53:00
CMP_202601860,TYP_02,Fake Loan App,15164.92,Madhya Pradesh,District-52,2025-05-05T09:29:00,2025-05-05T10:29:00,2025-05-05T11:04:00
CMP_202601861,TYP_04,Investment / Crypto Scam,634591.2,Madhya Pradesh,District-40,2025-03-27T12:16:00,2025-03-27T18:16:00,2025-03-27T19:03:00
CMP_202601862,TYP_05,Sextortion,69366.37,Tamil Nadu,District-49,2025-05-31T13:28:00,2025-05-31T15:28:00,2025-05-31T15:58:00
CMP_202601863,TYP_05,Sextortion,43012.12,Telangana,District-39,2025-02-01T13:34:00,2025-02-01T14:34:00,2025-02-01T15:23:00
CMP_202601864,TYP_01,OTP / KYC Fraud,18838.36,Bihar,District-38,2025-03-08T13:29:00,2025-03-08T17:29:00,2025-03-08T17:51:00
CMP_202601865,TYP_04,Investment / Crypto Scam,759089.84,Assam,District-21,2025-05-21T11:30:00,2025-05-22T20:30:00,2025-05-22T20:52:00
CMP_202601866,TYP_02,Fake Loan App,8862.52,Tamil Nadu,District-49,2025-01-02T15:15:00,2025-01-03T04:15:00,2025-01-03T04:48:00
CMP_202601867,TYP_01,OTP / KYC Fraud,10063.61,Madhya Pradesh,District-69,2025-05-07T12:30:00,2025-05-08T08:30:00,2025-05-08T09:04:00
CMP_202601868,TYP_02,Fake Loan App,12409.12,Rajasthan,District-62,2025-06-27T12:49:00,2025-06-27T19:49:00,2025-06-27T20:13:00
CMP_202601869,TYP_03,Part-Time Job Scam,179434.02,Haryana,Gurugram,2025-05-13T17:25:00,2025-05-13T23:25:00,2025-05-13T23:41:00
CMP_202601870,TYP_06,Marketplace / OLX Fraud,10707.98,Haryana,District-29,2025-05-24T15:25:00,2025-05-27T10:25:00,2025-05-27T10:43:00
CMP_202601871,TYP_06,Marketplace / OLX Fraud,5463.59,West Bengal,Siliguri,2025-03-19T08:43:00,2025-03-19T15:43:00,2025-03-19T16:40:00
CMP_202601872,TYP_01,OTP / KYC Fraud,46440.78,Uttar Pradesh,Noida,2025-06-29T14:11:00,2025-06-29T21:11:00,2025-06-29T22:11:00
CMP_202601873,TYP_02,Fake Loan App,64900.53,Punjab,Amritsar,2025-03-18T15:00:00,2025-03-19T06:00:00,2025-03-19T06:22:00
CMP_202601874,TYP_04,Investment / Crypto Scam,583174.04,Karnataka,District-74,2025-02-20T12:51:00,2025-02-20T15:51:00,2025-02-20T16:11:00
CMP_202601875,TYP_02,Fake Loan App,22902.77,Karnataka,District-23,2025-05-28T17:53:00,2025-05-29T04:53:00,2025-05-29T05:51:00
CMP_202601876,TYP_06,Marketplace / OLX Fraud,5618.43,Haryana,District-63,2025-03-04T15:42:00,2025-03-04T21:42:00,2025-03-04T21:58:00
CMP_202601877,TYP_06,Marketplace / OLX Fraud,1414.71,Karnataka,District-23,2025-06-30T18:32:00,2025-07-01T02:32:00,2025-07-01T03:15:00
CMP_202601878,TYP_06,Marketplace / OLX Fraud,3491.39,Karnataka,District-56,2025-02-02T13:53:00,2025-02-02T14:53:00,2025-02-02T15:32:00
CMP_202601879,TYP_04,Investment / Crypto Scam,892176.61,Madhya Pradesh,District-41,2025-01-05T11:23:00,2025-01-05T19:23:00,2025-01-05T20:12:00
CMP_202601880,TYP_05,Sextortion,49566.06,West Bengal,District-35,2025-04-17T10:45:00,2025-04-18T06:45:00,2025-04-18T07:12:00
CMP_202601881,TYP_05,Sextortion,38081.28,Uttar Pradesh,District-33,2025-03-11T11:57:00,2025-03-12T15:57:00,2025-03-12T16:55:00
CMP_202601882,TYP_01,OTP / KYC Fraud,5639.45,Haryana,District-75,2025-02-12T17:49:00,2025-02-12T19:49:00,2025-02-12T20:40:00
CMP_202601883,TYP_05,Sextortion,16331.09,Tamil Nadu,Chennai,2025-03-03T18:48:00,2025-03-03T23:48:00,2025-03-04T00:10:00
CMP_202601884,TYP_03,Part-Time Job Scam,55220.91,Gujarat,District-50,2025-03-30T20:46:00,2025-03-31T15:46:00,2025-03-31T16:19:00
CMP_202601885,TYP_03,Part-Time Job Scam,31570.89,Jharkhand,District-45,2025-01-21T16:34:00,2025-01-22T05:34:00,2025-01-22T06:11:00
CMP_202601886,TYP_06,Marketplace / OLX Fraud,19254.63,Andhra Pradesh,District-67,2025-03-16T21:25:00,2025-03-16T22:25:00,2025-03-16T23:18:00
CMP_202601887,TYP_06,Marketplace / OLX Fraud,13909.72,Andhra Pradesh,District-44,2025-06-19T15:58:00,2025-06-20T03:58:00,2025-06-20T04:11:00
CMP_202601888,TYP_01,OTP / KYC Fraud,8878.0,Rajasthan,Alwar,2025-01-18T13:11:00,2025-01-18T17:11:00,2025-01-18T17:19:00
CMP_202601889,TYP_06,Marketplace / OLX Fraud,7291.27,Uttar Pradesh,Noida,2025-04-12T12:39:00,2025-04-12T21:39:00,2025-04-12T22:35:00
CMP_202601890,TYP_06,Marketplace / OLX Fraud,23185.8,Jharkhand,Jamtara,2025-06-12T10:55:00,2025-06-13T01:55:00,2025-06-13T02:33:00
CMP_202601891,TYP_03,Part-Time Job Scam,216986.46,Bihar,District-38,2025-01-18T16:51:00,2025-01-19T01:51:00,2025-01-19T02:43:00
CMP_202601892,TYP_05,Sextortion,72398.5,Telangana,Hyderabad,2025-03-17T17:09:00,2025-03-17T22:09:00,2025-03-17T22:49:00
CMP_202601893,TYP_02,Fake Loan App,9528.62,Jharkhand,Deoghar,2025-01-10T12:24:00,2025-01-16T05:24:00,2025-01-16T05:32:00
CMP_202601894,TYP_06,Marketplace / OLX Fraud,10761.38,Telangana,Hyderabad,2025-05-09T09:42:00,2025-05-11T04:42:00,2025-05-11T05:03:00
CMP_202601895,TYP_06,Marketplace / OLX Fraud,17721.78,West Bengal,District-55,2025-03-26T17:34:00,2025-03-26T19:34:00,2025-03-26T20:19:00
CMP_202601896,TYP_03,Part-Time Job Scam,37808.61,Madhya Pradesh,District-52,2025-06-10T14:29:00,2025-06-13T00:29:00,2025-06-13T01:29:00
CMP_202601897,TYP_01,OTP / KYC Fraud,77152.96,Assam,District-28,2025-05-04T16:33:00,2025-05-04T21:33:00,2025-05-04T21:56:00
CMP_202601898,TYP_01,OTP / KYC Fraud,28546.4,Karnataka,District-23,2025-01-07T09:50:00,2025-01-08T04:50:00,2025-01-08T05:24:00
CMP_202601899,TYP_03,Part-Time Job Scam,100345.54,West Bengal,District-55,2025-02-23T10:33:00,2025-02-23T11:33:00,2025-02-23T11:46:00
CMP_202601900,TYP_06,Marketplace / OLX Fraud,22026.37,Maharashtra,District-32,2025-01-08T17:34:00,2025-01-08T22:34:00,2025-01-08T23:28:00
CMP_202601901,TYP_03,Part-Time Job Scam,186372.4,Madhya Pradesh,District-69,2025-06-26T17:32:00,2025-06-26T18:32:00,2025-06-26T19:22:00
CMP_202601902,TYP_06,Marketplace / OLX Fraud,35121.69,Madhya Pradesh,District-41,2025-06-24T09:53:00,2025-06-24T11:53:00,2025-06-24T12:47:00
CMP_202601903,TYP_01,OTP / KYC Fraud,74881.19,Rajasthan,Bharatpur,2025-06-18T12:55:00,2025-06-18T17:55:00,2025-06-18T18:29:00
CMP_202601904,TYP_06,Marketplace / OLX Fraud,3373.72,Uttar Pradesh,District-43,2025-02-19T16:40:00,2025-02-19T18:40:00,2025-02-19T19:14:00
CMP_202601905,TYP_06,Marketplace / OLX Fraud,9810.84,Rajasthan,District-62,2025-02-26T15:43:00,2025-02-27T10:43:00,2025-02-27T11:41:00
CMP_202601906,TYP_05,Sextortion,55306.1,Maharashtra,District-32,2025-06-18T16:30:00,2025-06-19T13:30:00,2025-06-19T14:22:00
CMP_202601907,TYP_06,Marketplace / OLX Fraud,5843.56,Haryana,District-29,2025-02-06T14:14:00,2025-02-06T15:14:00,2025-02-06T15:22:00
CMP_202601908,TYP_06,Marketplace / OLX Fraud,11123.39,Maharashtra,District-30,2025-02-28T09:51:00,2025-02-28T12:51:00,2025-02-28T13:45:00
CMP_202601909,TYP_02,Fake Loan App,111746.48,Karnataka,District-42,2025-06-28T07:46:00,2025-06-29T13:46:00,2025-06-29T14:17:00
CMP_202601910,TYP_06,Marketplace / OLX Fraud,9707.26,Jharkhand,Jamtara,2025-06-13T07:33:00,2025-06-13T18:33:00,2025-06-13T18:51:00
CMP_202601911,TYP_06,Marketplace / OLX Fraud,17056.91,Bihar,District-38,2025-06-29T09:16:00,2025-06-29T14:16:00,2025-06-29T14:27:00
CMP_202601912,TYP_02,Fake Loan App,22115.62,Telangana,Hyderabad,2025-06-04T20:46:00,2025-06-05T17:46:00,2025-06-05T18:31:00
CMP_202601913,TYP_03,Part-Time Job Scam,74742.87,Karnataka,Bengaluru Urban,2025-03-07T07:51:00,2025-03-07T16:51:00,2025-03-07T17:02:00
CMP_202601914,TYP_02,Fake Loan App,10361.12,Madhya Pradesh,District-52,2025-05-13T13:51:00,2025-05-13T22:51:00,2025-05-13T23:17:00
CMP_202601915,TYP_02,Fake Loan App,11840.85,Telangana,Hyderabad,2025-06-10T13:53:00,2025-06-10T14:53:00,2025-06-10T15:18:00
CMP_202601916,TYP_02,Fake Loan App,11332.67,Gujarat,District-70,2025-06-20T12:15:00,2025-06-21T01:15:00,2025-06-21T01:27:00
CMP_202601917,TYP_06,Marketplace / OLX Fraud,14029.23,Uttar Pradesh,District-37,2025-05-19T23:11:00,2025-05-20T02:11:00,2025-05-20T02:56:00
CMP_202601918,TYP_05,Sextortion,160302.31,Gujarat,District-50,2025-01-04T16:42:00,2025-01-04T22:42:00,2025-01-04T22:59:00
CMP_202601919,TYP_01,OTP / KYC Fraud,39361.14,Uttar Pradesh,Mathura,2025-01-09T15:41:00,2025-01-10T02:41:00,2025-01-10T02:52:00
CMP_202601920,TYP_01,OTP / KYC Fraud,42128.56,Rajasthan,Bharatpur,2025-02-04T15:29:00,2025-02-04T20:29:00,2025-02-04T21:04:00
CMP_202601921,TYP_05,Sextortion,85911.35,Maharashtra,Mumbai,2025-05-15T16:00:00,2025-05-15T21:00:00,2025-05-15T21:47:00
CMP_202601922,TYP_06,Marketplace / OLX Fraud,7336.61,Bihar,District-38,2025-01-09T08:09:00,2025-01-10T02:09:00,2025-01-10T02:58:00
CMP_202601923,TYP_04,Investment / Crypto Scam,414386.6,Odisha,District-22,2025-03-02T18:35:00,2025-03-03T00:35:00,2025-03-03T01:04:00
CMP_202601924,TYP_06,Marketplace / OLX Fraud,3462.8,Haryana,District-75,2025-05-20T14:01:00,2025-05-21T03:01:00,2025-05-21T03:48:00
CMP_202601925,TYP_04,Investment / Crypto Scam,559612.47,Gujarat,District-70,2025-04-12T17:55:00,2025-04-12T19:55:00,2025-04-12T20:33:00
CMP_202601926,TYP_06,Marketplace / OLX Fraud,14537.21,Gujarat,Ahmedabad,2025-05-19T13:04:00,2025-05-20T02:04:00,2025-05-20T02:57:00
CMP_202601927,TYP_02,Fake Loan App,12452.31,Madhya Pradesh,District-40,2025-02-09T17:42:00,2025-02-10T20:42:00,2025-02-10T21:22:00
CMP_202601928,TYP_04,Investment / Crypto Scam,451061.02,Gujarat,District-50,2025-02-21T08:35:00,2025-02-21T09:35:00,2025-02-21T10:17:00
CMP_202601929,TYP_02,Fake Loan App,65196.47,Odisha,District-68,2025-05-10T17:22:00,2025-05-10T19:22:00,2025-05-10T19:56:00
CMP_202601930,TYP_05,Sextortion,60159.71,Bihar,Purnia,2025-05-31T17:26:00,2025-06-01T06:26:00,2025-06-01T06:36:00
CMP_202601931,TYP_05,Sextortion,109604.49,Assam,District-21,2025-06-16T16:02:00,2025-06-17T15:02:00,2025-06-17T15:18:00
CMP_202601932,TYP_06,Marketplace / OLX Fraud,11181.38,West Bengal,District-35,2025-05-31T20:16:00,2025-06-01T00:16:00,2025-06-01T00:23:00
CMP_202601933,TYP_02,Fake Loan App,25907.45,Gujarat,Ahmedabad,2025-05-23T22:40:00,2025-05-23T23:40:00,2025-05-24T00:27:00
CMP_202601934,TYP_02,Fake Loan App,27267.92,Karnataka,District-42,2025-04-25T18:20:00,2025-04-26T05:20:00,2025-04-26T06:08:00
CMP_202601935,TYP_02,Fake Loan App,21451.85,Telangana,Hyderabad,2025-06-29T16:44:00,2025-06-30T05:44:00,2025-06-30T06:24:00
CMP_202601936,TYP_06,Marketplace / OLX Fraud,7891.97,Jharkhand,District-72,2025-01-29T16:08:00,2025-01-30T05:08:00,2025-01-30T06:02:00
CMP_202601937,TYP_06,Marketplace / OLX Fraud,18801.44,Uttar Pradesh,District-37,2025-05-04T23:43:00,2025-05-05T20:43:00,2025-05-05T20:50:00
CMP_202601938,TYP_05,Sextortion,58302.03,Haryana,District-63,2025-03-15T09:29:00,2025-03-15T13:29:00,2025-03-15T13:58:00
CMP_202601939,TYP_04,Investment / Crypto Scam,786558.63,Gujarat,Ahmedabad,2025-01-10T17:45:00,2025-01-11T21:45:00,2025-01-11T22:34:00
CMP_202601940,TYP_05,Sextortion,21837.68,Madhya Pradesh,District-41,2025-05-25T13:30:00,2025-05-25T18:30:00,2025-05-25T18:57:00
CMP_202601941,TYP_06,Marketplace / OLX Fraud,16630.97,Jharkhand,District-45,2025-02-05T09:21:00,2025-02-05T10:21:00,2025-02-05T10:58:00
CMP_202601942,TYP_04,Investment / Crypto Scam,1657461.95,Karnataka,District-61,2025-01-29T14:14:00,2025-01-30T08:14:00,2025-01-30T08:21:00
CMP_202601943,TYP_02,Fake Loan App,19912.16,Karnataka,Bengaluru Urban,2025-03-15T14:52:00,2025-03-15T15:52:00,2025-03-15T16:04:00
CMP_202601944,TYP_05,Sextortion,103795.43,Uttar Pradesh,Mathura,2025-01-17T16:33:00,2025-01-18T02:33:00,2025-01-18T02:44:00
CMP_202601945,TYP_05,Sextortion,13250.48,Karnataka,District-23,2025-05-28T16:33:00,2025-05-28T21:33:00,2025-05-28T21:44:00
CMP_202601946,TYP_06,Marketplace / OLX Fraud,22840.05,Gujarat,District-70,2025-06-09T19:00:00,2025-06-10T01:00:00,2025-06-10T02:00:00
CMP_202601947,TYP_06,Marketplace / OLX Fraud,1731.08,Haryana,District-75,2025-02-24T11:45:00,2025-02-24T18:45:00,2025-02-24T19:22:00
CMP_202601948,TYP_01,OTP / KYC Fraud,30559.04,Kerala,District-59,2025-04-09T15:19:00,2025-04-09T18:19:00,2025-04-09T19:10:00
CMP_202601949,TYP_05,Sextortion,69142.71,Punjab,Amritsar,2025-04-18T15:01:00,2025-04-19T05:01:00,2025-04-19T05:29:00
CMP_202601950,TYP_05,Sextortion,88331.51,Kerala,District-48,2025-05-25T14:55:00,2025-05-26T03:55:00,2025-05-26T04:53:00
CMP_202601951,TYP_02,Fake Loan App,39207.0,Jharkhand,District-45,2025-03-23T14:53:00,2025-03-24T02:53:00,2025-03-24T03:29:00
CMP_202601952,TYP_05,Sextortion,50499.77,West Bengal,Siliguri,2025-05-12T13:52:00,2025-05-12T17:52:00,2025-05-12T18:23:00
CMP_202601953,TYP_06,Marketplace / OLX Fraud,4299.49,Karnataka,District-51,2025-03-13T13:04:00,2025-03-14T05:04:00,2025-03-14T05:54:00
CMP_202601954,TYP_02,Fake Loan App,10026.98,Haryana,Mewat,2025-03-10T11:43:00,2025-03-10T14:43:00,2025-03-10T15:28:00
CMP_202601955,TYP_02,Fake Loan App,6117.39,Tamil Nadu,District-49,2025-05-10T11:23:00,2025-05-10T15:23:00,2025-05-10T15:30:00
CMP_202601956,TYP_06,Marketplace / OLX Fraud,8771.87,Uttar Pradesh,Gorakhpur,2025-03-04T11:21:00,2025-03-04T21:21:00,2025-03-04T21:44:00
CMP_202601957,TYP_02,Fake Loan App,49134.53,Uttar Pradesh,Noida,2025-01-30T18:14:00,2025-01-31T00:14:00,2025-01-31T00:58:00
CMP_202601958,TYP_03,Part-Time Job Scam,60446.49,Odisha,District-22,2025-02-20T23:17:00,2025-02-21T00:17:00,2025-02-21T00:25:00
CMP_202601959,TYP_05,Sextortion,120266.6,Haryana,District-75,2025-05-24T19:02:00,2025-05-25T08:02:00,2025-05-25T08:09:00
CMP_202601960,TYP_01,OTP / KYC Fraud,48554.4,West Bengal,Siliguri,2025-04-14T19:40:00,2025-04-15T06:40:00,2025-04-15T07:09:00
CMP_202601961,TYP_02,Fake Loan App,15517.7,Andhra Pradesh,District-67,2025-06-02T06:48:00,2025-06-02T07:48:00,2025-06-02T08:32:00
CMP_202601962,TYP_04,Investment / Crypto Scam,377505.06,Andhra Pradesh,District-64,2025-02-04T17:10:00,2025-02-06T02:10:00,2025-02-06T02:27:00
CMP_202601963,TYP_06,Marketplace / OLX Fraud,18796.0,Haryana,Gurugram,2025-05-27T13:06:00,2025-05-27T15:06:00,2025-05-27T16:06:00
CMP_202601964,TYP_06,Marketplace / OLX Fraud,5933.54,Punjab,Amritsar,2025-02-06T11:13:00,2025-02-06T18:13:00,2025-02-06T18:28:00
CMP_202601965,TYP_02,Fake Loan App,23233.44,Odisha,District-22,2025-05-20T13:42:00,2025-05-20T21:42:00,2025-05-20T22:30:00
CMP_202601966,TYP_06,Marketplace / OLX Fraud,41746.57,Tamil Nadu,District-49,2025-03-15T12:03:00,2025-03-15T18:03:00,2025-03-15T18:57:00
CMP_202601967,TYP_06,Marketplace / OLX Fraud,3043.04,West Bengal,Siliguri,2025-05-05T06:12:00,2025-05-06T19:12:00,2025-05-06T19:24:00
CMP_202601968,TYP_02,Fake Loan App,15099.95,Andhra Pradesh,District-26,2025-04-20T17:11:00,2025-04-20T18:11:00,2025-04-20T18:53:00
CMP_202601969,TYP_06,Marketplace / OLX Fraud,24852.51,Gujarat,District-24,2025-06-26T12:19:00,2025-06-26T13:19:00,2025-06-26T13:36:00
CMP_202601970,TYP_02,Fake Loan App,18461.55,Gujarat,District-24,2025-02-11T08:33:00,2025-02-11T11:33:00,2025-02-11T12:32:00
CMP_202601971,TYP_05,Sextortion,22951.4,Karnataka,District-23,2025-02-11T12:13:00,2025-02-11T22:13:00,2025-02-11T22:39:00
CMP_202601972,TYP_02,Fake Loan App,21845.61,Gujarat,District-50,2025-04-24T14:43:00,2025-04-24T16:43:00,2025-04-24T16:49:00
CMP_202601973,TYP_01,OTP / KYC Fraud,36554.97,Punjab,District-25,2025-02-20T10:41:00,2025-02-20T17:41:00,2025-02-20T18:15:00
CMP_202601974,TYP_06,Marketplace / OLX Fraud,5739.93,Gujarat,District-24,2025-03-30T12:51:00,2025-03-30T19:51:00,2025-03-30T20:26:00
CMP_202601975,TYP_06,Marketplace / OLX Fraud,2784.26,Karnataka,Bengaluru Urban,2025-05-24T10:26:00,2025-05-24T12:26:00,2025-05-24T13:26:00
CMP_202601976,TYP_04,Investment / Crypto Scam,858209.95,West Bengal,District-35,2025-05-21T13:15:00,2025-05-23T08:15:00,2025-05-23T09:07:00
CMP_202601977,TYP_01,OTP / KYC Fraud,41344.54,Karnataka,District-74,2025-02-04T12:42:00,2025-02-04T17:42:00,2025-02-04T18:40:00
CMP_202601978,TYP_03,Part-Time Job Scam,64174.05,Rajasthan,District-46,2025-04-16T08:11:00,2025-04-16T11:11:00,2025-04-16T11:57:00
CMP_202601979,TYP_03,Part-Time Job Scam,84061.4,Madhya Pradesh,District-41,2025-05-26T18:25:00,2025-05-27T14:25:00,2025-05-27T14:49:00
CMP_202601980,TYP_04,Investment / Crypto Scam,677226.99,Haryana,District-29,2025-02-05T17:26:00,2025-02-05T21:26:00,2025-02-05T22:11:00
CMP_202601981,TYP_02,Fake Loan App,2958.56,Bihar,Purnia,2025-03-10T12:12:00,2025-03-11T08:12:00,2025-03-11T09:07:00
CMP_202601982,TYP_05,Sextortion,8500.91,Maharashtra,District-47,2025-03-03T14:46:00,2025-03-03T17:46:00,2025-03-03T17:55:00
CMP_202601983,TYP_02,Fake Loan App,4708.25,Maharashtra,District-30,2025-01-10T11:29:00,2025-01-11T04:29:00,2025-01-11T05:16:00
CMP_202601984,TYP_02,Fake Loan App,8220.21,Uttar Pradesh,Mathura,2025-02-04T11:18:00,2025-02-04T13:18:00,2025-02-04T14:16:00
CMP_202601985,TYP_02,Fake Loan App,43716.87,Gujarat,Ahmedabad,2025-04-23T23:10:00,2025-04-24T04:10:00,2025-04-24T04:59:00
CMP_202601986,TYP_03,Part-Time Job Scam,13936.79,Punjab,District-36,2025-06-25T15:13:00,2025-06-26T06:13:00,2025-06-26T06:22:00
CMP_202601987,TYP_05,Sextortion,52436.17,Maharashtra,Mumbai,2025-04-21T14:28:00,2025-04-21T20:28:00,2025-04-21T21:24:00
CMP_202601988,TYP_03,Part-Time Job Scam,182502.09,West Bengal,District-35,2025-02-03T15:59:00,2025-02-03T16:59:00,2025-02-03T17:33:00
CMP_202601989,TYP_02,Fake Loan App,3148.14,Punjab,District-25,2025-03-09T14:07:00,2025-03-09T22:07:00,2025-03-09T22:14:00
CMP_202601990,TYP_02,Fake Loan App,6488.66,Gujarat,District-24,2025-03-23T06:22:00,2025-03-24T13:22:00,2025-03-24T13:40:00
CMP_202601991,TYP_06,Marketplace / OLX Fraud,4565.66,Tamil Nadu,Chennai,2025-05-20T13:41:00,2025-05-20T17:41:00,2025-05-20T18:05:00
CMP_202601992,TYP_05,Sextortion,27668.4,Tamil Nadu,Chennai,2025-06-06T13:27:00,2025-06-06T14:27:00,2025-06-06T15:15:00
CMP_202601993,TYP_02,Fake Loan App,23802.78,Karnataka,District-74,2025-03-02T07:50:00,2025-03-02T08:50:00,2025-03-02T08:59:00
CMP_202601994,TYP_04,Investment / Crypto Scam,748640.97,Andhra Pradesh,District-58,2025-01-29T09:50:00,2025-01-29T11:50:00,2025-01-29T12:32:00
CMP_202601995,TYP_05,Sextortion,91101.49,Telangana,District-39,2025-03-26T12:52:00,2025-03-26T16:52:00,2025-03-26T16:59:00
CMP_202601996,TYP_03,Part-Time Job Scam,60042.68,Punjab,District-36,2025-05-21T16:04:00,2025-05-21T21:04:00,2025-05-21T21:14:00
CMP_202601997,TYP_03,Part-Time Job Scam,98211.65,West Bengal,District-55,2025-05-07T11:30:00,2025-05-07T20:30:00,2025-05-07T21:06:00
CMP_202601998,TYP_03,Part-Time Job Scam,158106.19,Rajasthan,District-46,2025-01-22T13:45:00,2025-01-22T18:45:00,2025-01-22T19:34:00
CMP_202601999,TYP_02,Fake Loan App,27264.23,Karnataka,District-23,2025-01-15T16:35:00,2025-01-15T22:35:00,2025-01-15T22:51:00
CMP_202602000,TYP_01,OTP / KYC Fraud,30440.64,Gujarat,Ahmedabad,2025-06-24T12:35:00,2025-06-24T13:35:00,2025-06-24T14:35:00
CMP_202602001,TYP_05,Sextortion,86674.96,Maharashtra,District-30,2025-02-22T18:13:00,2025-02-22T23:13:00,2025-02-23T00:10:00
CMP_202602002,TYP_02,Fake Loan App,4429.79,Andhra Pradesh,District-64,2025-04-20T14:00:00,2025-04-22T01:00:00,2025-04-22T01:55:00
CMP_202602003,TYP_04,Investment / Crypto Scam,434465.27,Maharashtra,District-47,2025-01-13T10:44:00,2025-01-13T13:44:00,2025-01-13T14:34:00
CMP_202602004,TYP_02,Fake Loan App,28645.09,Chhattisgarh,District-57,2025-04-13T10:05:00,2025-04-14T14:05:00,2025-04-14T14:47:00
CMP_202602005,TYP_02,Fake Loan App,13890.98,Andhra Pradesh,District-58,2025-04-24T10:17:00,2025-04-24T14:17:00,2025-04-24T14:58:00
CMP_202602006,TYP_03,Part-Time Job Scam,54983.56,Punjab,District-36,2025-02-18T09:52:00,2025-02-18T17:52:00,2025-02-18T18:28:00
CMP_202602007,TYP_01,OTP / KYC Fraud,66039.83,West Bengal,District-55,2025-05-07T12:18:00,2025-05-07T17:18:00,2025-05-07T17:58:00
CMP_202602008,TYP_03,Part-Time Job Scam,478873.43,Uttar Pradesh,Mathura,2025-02-13T14:03:00,2025-02-13T19:03:00,2025-02-13T19:37:00
CMP_202602009,TYP_02,Fake Loan App,8203.67,Jharkhand,Deoghar,2025-01-01T19:15:00,2025-01-02T10:15:00,2025-01-02T11:00:00
CMP_202602010,TYP_01,OTP / KYC Fraud,10872.71,Madhya Pradesh,District-52,2025-01-03T15:38:00,2025-01-03T18:38:00,2025-01-03T19:26:00
CMP_202602011,TYP_03,Part-Time Job Scam,164464.29,West Bengal,Siliguri,2025-04-21T14:06:00,2025-04-21T18:06:00,2025-04-21T18:12:00
CMP_202602012,TYP_02,Fake Loan App,18245.28,Odisha,District-68,2025-05-31T12:20:00,2025-05-31T17:20:00,2025-05-31T17:49:00
CMP_202602013,TYP_02,Fake Loan App,30759.78,Haryana,District-75,2025-04-26T12:17:00,2025-04-30T07:17:00,2025-04-30T07:44:00
CMP_202602014,TYP_02,Fake Loan App,14976.2,Haryana,District-29,2025-06-21T07:43:00,2025-06-24T11:43:00,2025-06-24T12:37:00
CMP_202602015,TYP_02,Fake Loan App,3345.73,Karnataka,District-51,2025-02-25T07:06:00,2025-02-25T09:06:00,2025-02-25T09:44:00
CMP_202602016,TYP_01,OTP / KYC Fraud,22425.14,Uttar Pradesh,District-37,2025-06-01T10:10:00,2025-06-01T17:10:00,2025-06-01T17:56:00
CMP_202602017,TYP_05,Sextortion,17585.86,Maharashtra,Pune,2025-01-23T16:01:00,2025-01-23T21:01:00,2025-01-23T21:30:00
CMP_202602018,TYP_06,Marketplace / OLX Fraud,12947.1,Odisha,District-54,2025-04-03T18:35:00,2025-04-03T20:35:00,2025-04-03T20:48:00
CMP_202602019,TYP_02,Fake Loan App,16790.72,Delhi,South Delhi,2025-06-26T21:14:00,2025-06-27T12:14:00,2025-06-27T12:55:00
CMP_202602020,TYP_02,Fake Loan App,18573.15,Gujarat,District-50,2025-06-04T09:48:00,2025-06-04T10:48:00,2025-06-04T10:54:00
CMP_202602021,TYP_02,Fake Loan App,18075.57,Uttar Pradesh,District-43,2025-02-27T15:11:00,2025-02-28T05:11:00,2025-02-28T05:59:00
CMP_202602022,TYP_05,Sextortion,205520.15,Delhi,South Delhi,2025-01-20T12:22:00,2025-01-20T13:22:00,2025-01-20T13:30:00
CMP_202602023,TYP_02,Fake Loan App,27953.84,Uttar Pradesh,Noida,2025-02-15T17:38:00,2025-02-15T20:38:00,2025-02-15T21:16:00
CMP_202602024,TYP_04,Investment / Crypto Scam,853433.27,Telangana,District-39,2025-06-16T13:31:00,2025-06-16T14:31:00,2025-06-16T15:24:00
CMP_202602025,TYP_02,Fake Loan App,17636.74,Haryana,District-29,2025-05-15T16:54:00,2025-05-16T02:54:00,2025-05-16T03:07:00
CMP_202602026,TYP_05,Sextortion,25790.96,Chhattisgarh,District-57,2025-05-11T19:27:00,2025-05-11T22:27:00,2025-05-11T23:00:00
CMP_202602027,TYP_06,Marketplace / OLX Fraud,34876.61,Rajasthan,District-62,2025-06-13T13:40:00,2025-06-13T19:40:00,2025-06-13T20:37:00
CMP_202602028,TYP_02,Fake Loan App,14020.16,Haryana,Gurugram,2025-06-14T09:17:00,2025-06-14T13:17:00,2025-06-14T13:54:00
CMP_202602029,TYP_03,Part-Time Job Scam,89313.49,Telangana,District-39,2025-05-20T18:21:00,2025-05-20T19:21:00,2025-05-20T19:30:00
CMP_202602030,TYP_01,OTP / KYC Fraud,64661.72,Haryana,Mewat,2025-06-02T10:24:00,2025-06-02T11:24:00,2025-06-02T11:48:00
CMP_202602031,TYP_02,Fake Loan App,8215.75,Andhra Pradesh,District-58,2025-03-11T10:42:00,2025-03-11T11:42:00,2025-03-11T11:47:00
CMP_202602032,TYP_04,Investment / Crypto Scam,154698.05,Tamil Nadu,District-49,2025-05-03T08:23:00,2025-05-04T02:23:00,2025-05-04T02:52:00
CMP_202602033,TYP_03,Part-Time Job Scam,179476.46,Haryana,District-75,2025-03-09T08:28:00,2025-03-09T10:28:00,2025-03-09T10:35:00
CMP_202602034,TYP_02,Fake Loan App,16715.91,Haryana,Gurugram,2025-05-24T17:46:00,2025-05-24T22:46:00,2025-05-24T23:32:00
CMP_202602035,TYP_06,Marketplace / OLX Fraud,46402.78,Gujarat,District-31,2025-05-11T11:34:00,2025-05-11T13:34:00,2025-05-11T14:00:00
CMP_202602036,TYP_03,Part-Time Job Scam,97120.98,Madhya Pradesh,District-40,2025-03-11T07:55:00,2025-03-13T03:55:00,2025-03-13T04:54:00
CMP_202602037,TYP_06,Marketplace / OLX Fraud,18631.52,Maharashtra,Pune,2025-05-19T09:45:00,2025-05-19T14:45:00,2025-05-19T15:18:00
CMP_202602038,TYP_03,Part-Time Job Scam,233732.33,Uttar Pradesh,Mathura,2025-01-29T13:22:00,2025-01-30T03:22:00,2025-01-30T03:55:00
CMP_202602039,TYP_02,Fake Loan App,9780.7,Delhi,South Delhi,2025-06-28T09:40:00,2025-06-28T15:40:00,2025-06-28T15:58:00
CMP_202602040,TYP_02,Fake Loan App,15306.55,Rajasthan,Alwar,2025-04-19T18:10:00,2025-04-19T21:10:00,2025-04-19T21:34:00
CMP_202602041,TYP_02,Fake Loan App,3046.94,Madhya Pradesh,District-52,2025-06-16T18:56:00,2025-06-17T01:56:00,2025-06-17T02:36:00
CMP_202602042,TYP_05,Sextortion,85893.94,Kerala,District-59,2025-06-06T14:09:00,2025-06-06T18:09:00,2025-06-06T18:35:00
CMP_202602043,TYP_03,Part-Time Job Scam,66515.98,Haryana,Gurugram,2025-02-27T15:49:00,2025-02-28T01:49:00,2025-02-28T02:22:00
CMP_202602044,TYP_04,Investment / Crypto Scam,347121.46,Gujarat,District-24,2025-01-17T15:35:00,2025-01-19T02:35:00,2025-01-19T02:47:00
CMP_202602045,TYP_06,Marketplace / OLX Fraud,8992.64,Karnataka,District-56,2025-04-27T18:30:00,2025-04-27T21:30:00,2025-04-27T22:16:00
CMP_202602046,TYP_02,Fake Loan App,10526.86,Rajasthan,Bharatpur,2025-02-11T18:21:00,2025-02-11T19:21:00,2025-02-11T19:45:00
CMP_202602047,TYP_02,Fake Loan App,6060.62,Karnataka,District-61,2025-01-11T10:14:00,2025-01-11T15:14:00,2025-01-11T15:25:00
CMP_202602048,TYP_02,Fake Loan App,7398.51,Karnataka,District-61,2025-06-07T15:32:00,2025-06-09T02:32:00,2025-06-09T03:09:00
CMP_202602049,TYP_05,Sextortion,46456.58,Telangana,Hyderabad,2025-06-19T08:25:00,2025-06-19T09:25:00,2025-06-19T09:42:00
CMP_202602050,TYP_02,Fake Loan App,9688.1,Uttar Pradesh,Noida,2025-01-23T19:39:00,2025-01-25T01:39:00,2025-01-25T02:37:00
CMP_202602051,TYP_01,OTP / KYC Fraud,13052.0,Gujarat,District-70,2025-02-13T14:03:00,2025-02-13T19:03:00,2025-02-13T19:44:00
CMP_202602052,TYP_02,Fake Loan App,7761.54,Maharashtra,Pune,2025-01-27T17:23:00,2025-01-28T01:23:00,2025-01-28T01:28:00
CMP_202602053,TYP_01,OTP / KYC Fraud,20780.08,Tamil Nadu,Chennai,2025-03-21T08:46:00,2025-03-21T09:46:00,2025-03-21T10:45:00
CMP_202602054,TYP_03,Part-Time Job Scam,62201.57,Assam,District-28,2025-03-03T08:26:00,2025-03-03T11:26:00,2025-03-03T11:31:00
CMP_202602055,TYP_05,Sextortion,103492.36,West Bengal,Siliguri,2025-05-28T17:05:00,2025-05-29T03:05:00,2025-05-29T03:58:00
CMP_202602056,TYP_05,Sextortion,21423.4,Karnataka,District-74,2025-03-19T12:34:00,2025-03-19T17:34:00,2025-03-19T18:19:00
CMP_202602057,TYP_03,Part-Time Job Scam,150443.71,Maharashtra,District-47,2025-06-11T17:54:00,2025-06-12T18:54:00,2025-06-12T19:11:00
CMP_202602058,TYP_03,Part-Time Job Scam,608416.53,Andhra Pradesh,District-26,2025-06-11T03:50:00,2025-06-11T07:50:00,2025-06-11T07:56:00
CMP_202602059,TYP_06,Marketplace / OLX Fraud,7795.31,Gujarat,District-70,2025-05-24T17:41:00,2025-05-25T09:41:00,2025-05-25T10:30:00
CMP_202602060,TYP_03,Part-Time Job Scam,96365.04,Andhra Pradesh,District-26,2025-05-26T13:06:00,2025-05-27T05:06:00,2025-05-27T05:51:00
CMP_202602061,TYP_04,Investment / Crypto Scam,286825.37,Maharashtra,District-47,2025-02-09T17:04:00,2025-02-10T17:04:00,2025-02-10T17:41:00
CMP_202602062,TYP_02,Fake Loan App,21990.02,Rajasthan,District-62,2025-05-12T19:50:00,2025-05-12T21:50:00,2025-05-12T22:07:00
CMP_202602063,TYP_02,Fake Loan App,7728.88,West Bengal,Kolkata,2025-04-05T16:35:00,2025-04-05T20:35:00,2025-04-05T21:30:00
CMP_202602064,TYP_02,Fake Loan App,22139.9,Uttar Pradesh,Noida,2025-02-18T13:16:00,2025-02-18T16:16:00,2025-02-18T16:22:00
CMP_202602065,TYP_03,Part-Time Job Scam,50186.97,Telangana,District-39,2025-06-18T13:06:00,2025-06-18T23:06:00,2025-06-18T23:57:00
CMP_202602066,TYP_01,OTP / KYC Fraud,9962.92,Odisha,District-22,2025-03-23T14:20:00,2025-03-23T19:20:00,2025-03-23T19:40:00
CMP_202602067,TYP_03,Part-Time Job Scam,209729.75,Uttar Pradesh,District-33,2025-01-28T08:31:00,2025-01-29T15:31:00,2025-01-29T16:27:00
CMP_202602068,TYP_02,Fake Loan App,5643.61,Telangana,District-39,2025-05-13T18:05:00,2025-05-14T14:05:00,2025-05-14T14:54:00
CMP_202602069,TYP_05,Sextortion,61132.62,Delhi,South Delhi,2025-02-01T15:26:00,2025-02-01T20:26:00,2025-02-01T21:00:00
CMP_202602070,TYP_06,Marketplace / OLX Fraud,9778.46,Karnataka,District-23,2025-05-10T09:01:00,2025-05-10T15:01:00,2025-05-10T15:53:00
CMP_202602071,TYP_06,Marketplace / OLX Fraud,44241.79,Karnataka,District-74,2025-06-14T06:00:00,2025-06-15T00:00:00,2025-06-15T00:26:00
CMP_202602072,TYP_02,Fake Loan App,8102.55,Karnataka,District-56,2025-05-20T17:14:00,2025-05-21T00:14:00,2025-05-21T00:44:00
CMP_202602073,TYP_02,Fake Loan App,7259.67,Kerala,District-59,2025-05-27T19:32:00,2025-05-27T23:32:00,2025-05-28T00:24:00
CMP_202602074,TYP_02,Fake Loan App,10031.15,Kerala,District-48,2025-02-12T15:39:00,2025-02-12T21:39:00,2025-02-12T22:11:00
CMP_202602075,TYP_05,Sextortion,56350.91,Chhattisgarh,District-71,2025-03-20T10:09:00,2025-03-20T11:09:00,2025-03-20T11:30:00
CMP_202602076,TYP_06,Marketplace / OLX Fraud,18229.34,Maharashtra,District-30,2025-01-16T11:13:00,2025-01-16T17:13:00,2025-01-16T17:21:00
CMP_202602077,TYP_02,Fake Loan App,10088.0,Haryana,Gurugram,2025-03-14T15:27:00,2025-03-15T06:27:00,2025-03-15T06:51:00
CMP_202602078,TYP_02,Fake Loan App,10440.05,Karnataka,District-61,2025-01-07T18:42:00,2025-01-07T22:42:00,2025-01-07T22:55:00
CMP_202602079,TYP_05,Sextortion,38579.14,Haryana,Gurugram,2025-02-24T08:22:00,2025-02-24T20:22:00,2025-02-24T20:27:00
CMP_202602080,TYP_03,Part-Time Job Scam,38917.05,Andhra Pradesh,District-64,2025-03-22T12:03:00,2025-03-23T11:03:00,2025-03-23T11:50:00
CMP_202602081,TYP_02,Fake Loan App,17631.2,Rajasthan,District-62,2025-01-03T12:46:00,2025-01-03T18:46:00,2025-01-03T19:09:00
CMP_202602082,TYP_03,Part-Time Job Scam,43713.73,Telangana,District-39,2025-03-01T10:13:00,2025-03-01T16:13:00,2025-03-01T16:25:00
CMP_202602083,TYP_01,OTP / KYC Fraud,4095.55,Madhya Pradesh,District-53,2025-05-30T10:31:00,2025-05-30T14:31:00,2025-05-30T14:38:00
CMP_202602084,TYP_02,Fake Loan App,14477.15,Gujarat,District-70,2025-04-27T17:08:00,2025-04-27T19:08:00,2025-04-27T19:28:00
CMP_202602085,TYP_06,Marketplace / OLX Fraud,5974.08,Telangana,District-39,2025-03-28T14:51:00,2025-03-28T21:51:00,2025-03-28T22:28:00
CMP_202602086,TYP_02,Fake Loan App,14157.28,Madhya Pradesh,District-60,2025-06-15T15:35:00,2025-06-16T07:35:00,2025-06-16T08:11:00
CMP_202602087,TYP_01,OTP / KYC Fraud,51311.56,Bihar,Purnia,2025-05-05T17:52:00,2025-05-05T22:52:00,2025-05-05T23:13:00
CMP_202602088,TYP_04,Investment / Crypto Scam,72321.43,Haryana,District-63,2025-04-23T12:41:00,2025-04-24T04:41:00,2025-04-24T05:00:00
CMP_202602089,TYP_06,Marketplace / OLX Fraud,3493.32,Bihar,District-38,2025-04-06T17:44:00,2025-04-15T08:44:00,2025-04-15T08:57:00
CMP_202602090,TYP_03,Part-Time Job Scam,180810.35,Rajasthan,Alwar,2025-02-24T11:50:00,2025-02-24T20:50:00,2025-02-24T21:16:00
CMP_202602091,TYP_02,Fake Loan App,7208.22,Gujarat,Ahmedabad,2025-05-02T23:57:00,2025-05-03T03:57:00,2025-05-03T04:30:00
CMP_202602092,TYP_02,Fake Loan App,17602.99,West Bengal,Siliguri,2025-03-08T08:03:00,2025-03-08T16:03:00,2025-03-08T16:31:00
CMP_202602093,TYP_03,Part-Time Job Scam,208013.42,Bihar,Purnia,2025-05-10T21:47:00,2025-05-11T05:47:00,2025-05-11T06:00:00
CMP_202602094,TYP_06,Marketplace / OLX Fraud,20500.85,Tamil Nadu,District-49,2025-03-29T15:10:00,2025-03-30T02:10:00,2025-03-30T03:00:00
CMP_202602095,TYP_06,Marketplace / OLX Fraud,12819.95,Kerala,District-48,2025-01-09T12:03:00,2025-01-09T15:03:00,2025-01-09T15:44:00
CMP_202602096,TYP_06,Marketplace / OLX Fraud,14261.74,Maharashtra,Pune,2025-04-12T08:57:00,2025-04-12T19:57:00,2025-04-12T20:38:00
CMP_202602097,TYP_03,Part-Time Job Scam,157504.7,Tamil Nadu,Chennai,2025-05-18T12:36:00,2025-05-18T13:36:00,2025-05-18T14:05:00
CMP_202602098,TYP_05,Sextortion,179477.73,Rajasthan,Bharatpur,2025-04-03T13:07:00,2025-04-04T20:07:00,2025-04-04T20:56:00
CMP_202602099,TYP_04,Investment / Crypto Scam,180722.99,Karnataka,District-74,2025-04-15T17:01:00,2025-04-15T19:01:00,2025-04-15T19:27:00
CMP_202602100,TYP_03,Part-Time Job Scam,55173.2,Kerala,District-59,2025-04-28T10:10:00,2025-04-28T12:10:00,2025-04-28T12:25:00
CMP_202602101,TYP_05,Sextortion,41056.37,Odisha,District-22,2025-05-19T18:46:00,2025-05-20T00:46:00,2025-05-20T01:16:00
CMP_202602102,TYP_03,Part-Time Job Scam,250230.06,Haryana,District-75,2025-02-08T10:13:00,2025-02-08T16:13:00,2025-02-08T16:51:00
CMP_202602103,TYP_02,Fake Loan App,21807.28,Chhattisgarh,District-71,2025-03-06T11:26:00,2025-03-06T14:26:00,2025-03-06T14:33:00
CMP_202602104,TYP_02,Fake Loan App,7369.86,Telangana,District-39,2025-06-21T12:24:00,2025-06-21T19:24:00,2025-06-21T19:33:00
CMP_202602105,TYP_01,OTP / KYC Fraud,5155.39,Uttar Pradesh,Noida,2025-01-13T13:09:00,2025-01-13T21:09:00,2025-01-13T21:53:00
CMP_202602106,TYP_02,Fake Loan App,12991.71,Kerala,District-59,2025-01-09T13:21:00,2025-01-10T01:21:00,2025-01-10T01:26:00
CMP_202602107,TYP_02,Fake Loan App,13627.98,Karnataka,District-51,2025-06-20T14:17:00,2025-06-20T18:17:00,2025-06-20T19:11:00
CMP_202602108,TYP_05,Sextortion,19552.3,Haryana,Mewat,2025-01-22T14:37:00,2025-01-23T00:37:00,2025-01-23T01:19:00
CMP_202602109,TYP_05,Sextortion,69256.54,Punjab,Amritsar,2025-02-07T17:08:00,2025-02-08T07:08:00,2025-02-08T08:07:00
CMP_202602110,TYP_06,Marketplace / OLX Fraud,8578.41,Assam,District-21,2025-06-21T15:16:00,2025-06-22T09:16:00,2025-06-22T10:16:00
CMP_202602111,TYP_04,Investment / Crypto Scam,107088.06,Punjab,District-25,2025-05-01T17:32:00,2025-05-01T19:32:00,2025-05-01T19:50:00
CMP_202602112,TYP_01,OTP / KYC Fraud,45816.63,Uttar Pradesh,Gorakhpur,2025-05-05T15:23:00,2025-05-05T17:23:00,2025-05-05T17:28:00
CMP_202602113,TYP_02,Fake Loan App,18106.6,Madhya Pradesh,District-53,2025-06-30T15:32:00,2025-06-30T18:32:00,2025-06-30T19:16:00
CMP_202602114,TYP_01,OTP / KYC Fraud,14340.02,Assam,District-28,2025-02-06T17:48:00,2025-02-07T01:48:00,2025-02-07T02:12:00
CMP_202602115,TYP_02,Fake Loan App,44563.28,Karnataka,District-23,2025-04-23T16:09:00,2025-04-24T03:09:00,2025-04-24T03:31:00
CMP_202602116,TYP_03,Part-Time Job Scam,179854.77,Rajasthan,District-62,2025-02-15T08:11:00,2025-02-15T09:11:00,2025-02-15T09:25:00
CMP_202602117,TYP_02,Fake Loan App,37661.3,Haryana,District-75,2025-02-18T22:49:00,2025-02-19T09:49:00,2025-02-19T10:49:00
CMP_202602118,TYP_03,Part-Time Job Scam,83230.61,Madhya Pradesh,District-52,2025-02-14T15:49:00,2025-02-15T08:49:00,2025-02-15T09:12:00
CMP_202602119,TYP_05,Sextortion,13315.21,Madhya Pradesh,District-69,2025-03-09T15:25:00,2025-03-10T02:25:00,2025-03-10T02:51:00
CMP_202602120,TYP_02,Fake Loan App,12400.78,West Bengal,District-66,2025-03-29T21:57:00,2025-03-30T09:57:00,2025-03-30T10:52:00
CMP_202602121,TYP_03,Part-Time Job Scam,206000.55,Rajasthan,District-46,2025-06-08T08:39:00,2025-06-08T13:39:00,2025-06-08T14:32:00
CMP_202602122,TYP_03,Part-Time Job Scam,151526.08,Gujarat,Ahmedabad,2025-02-17T12:08:00,2025-02-17T18:08:00,2025-02-17T18:25:00
CMP_202602123,TYP_05,Sextortion,26206.84,Bihar,District-38,2025-06-05T09:06:00,2025-06-05T21:06:00,2025-06-05T22:05:00
CMP_202602124,TYP_03,Part-Time Job Scam,61114.65,Punjab,District-25,2025-05-12T12:05:00,2025-05-13T17:05:00,2025-05-13T17:52:00
CMP_202602125,TYP_02,Fake Loan App,9802.28,Karnataka,District-23,2025-06-01T14:59:00,2025-06-01T19:59:00,2025-06-01T20:27:00
CMP_202602126,TYP_02,Fake Loan App,6152.63,Odisha,District-27,2025-03-24T10:05:00,2025-03-25T05:05:00,2025-03-25T05:23:00
CMP_202602127,TYP_03,Part-Time Job Scam,210300.19,Assam,District-28,2025-03-04T14:59:00,2025-03-05T22:59:00,2025-03-05T23:44:00
CMP_202602128,TYP_06,Marketplace / OLX Fraud,37923.08,Uttar Pradesh,Gorakhpur,2025-06-26T08:43:00,2025-06-26T13:43:00,2025-06-26T13:57:00
CMP_202602129,TYP_03,Part-Time Job Scam,147129.1,Karnataka,District-23,2025-05-12T15:59:00,2025-05-12T17:59:00,2025-05-12T18:23:00
CMP_202602130,TYP_05,Sextortion,42310.85,Karnataka,District-42,2025-03-05T06:46:00,2025-03-05T17:46:00,2025-03-05T18:17:00
CMP_202602131,TYP_03,Part-Time Job Scam,60630.79,Odisha,District-54,2025-04-30T09:44:00,2025-04-30T11:44:00,2025-04-30T12:07:00
CMP_202602132,TYP_06,Marketplace / OLX Fraud,3138.76,Gujarat,District-31,2025-04-08T10:30:00,2025-04-08T12:30:00,2025-04-08T12:40:00
CMP_202602133,TYP_02,Fake Loan App,29251.65,Odisha,District-68,2025-06-02T13:19:00,2025-06-02T20:19:00,2025-06-02T21:18:00
CMP_202602134,TYP_05,Sextortion,22854.47,Uttar Pradesh,Mathura,2025-06-15T13:24:00,2025-06-15T14:24:00,2025-06-15T14:57:00
CMP_202602135,TYP_01,OTP / KYC Fraud,5759.1,Uttar Pradesh,Gorakhpur,2025-06-13T13:23:00,2025-06-13T14:23:00,2025-06-13T14:50:00
CMP_202602136,TYP_02,Fake Loan App,18177.33,Uttar Pradesh,Mathura,2025-04-22T10:07:00,2025-04-22T15:07:00,2025-04-22T15:30:00
CMP_202602137,TYP_03,Part-Time Job Scam,115070.87,Bihar,District-38,2025-01-23T10:16:00,2025-01-23T14:16:00,2025-01-23T14:29:00
CMP_202602138,TYP_03,Part-Time Job Scam,112336.91,Punjab,District-25,2025-01-30T19:13:00,2025-01-31T05:13:00,2025-01-31T05:27:00
CMP_202602139,TYP_04,Investment / Crypto Scam,658167.14,Madhya Pradesh,District-60,2025-04-30T14:26:00,2025-05-01T19:26:00,2025-05-01T19:46:00
CMP_202602140,TYP_02,Fake Loan App,9566.92,Madhya Pradesh,District-53,2025-02-20T11:26:00,2025-02-20T12:26:00,2025-02-20T12:56:00
CMP_202602141,TYP_02,Fake Loan App,5824.83,West Bengal,Kolkata,2025-04-19T14:42:00,2025-04-19T16:42:00,2025-04-19T17:23:00
CMP_202602142,TYP_02,Fake Loan App,33058.3,Gujarat,District-31,2025-01-16T11:38:00,2025-01-19T07:38:00,2025-01-19T08:19:00
CMP_202602143,TYP_02,Fake Loan App,16726.29,Telangana,District-39,2025-02-26T17:05:00,2025-02-27T17:05:00,2025-02-27T17:29:00
CMP_202602144,TYP_02,Fake Loan App,45849.84,Tamil Nadu,Chennai,2025-05-29T11:25:00,2025-05-29T13:25:00,2025-05-29T13:59:00
CMP_202602145,TYP_05,Sextortion,99451.52,Karnataka,District-56,2025-04-08T13:59:00,2025-04-12T23:59:00,2025-04-13T00:56:00
CMP_202602146,TYP_02,Fake Loan App,21642.2,Uttar Pradesh,District-37,2025-01-06T11:31:00,2025-01-06T23:31:00,2025-01-06T23:46:00
CMP_202602147,TYP_06,Marketplace / OLX Fraud,9050.24,Maharashtra,Pune,2025-03-11T19:07:00,2025-03-11T21:07:00,2025-03-11T21:57:00
CMP_202602148,TYP_03,Part-Time Job Scam,89633.26,Telangana,Hyderabad,2025-01-02T12:11:00,2025-01-06T02:11:00,2025-01-06T02:53:00
CMP_202602149,TYP_03,Part-Time Job Scam,82123.91,Andhra Pradesh,District-58,2025-02-15T16:39:00,2025-02-15T23:39:00,2025-02-16T00:20:00
CMP_202602150,TYP_02,Fake Loan App,5961.45,Maharashtra,District-30,2025-02-20T05:13:00,2025-02-20T16:13:00,2025-02-20T17:10:00
CMP_202602151,TYP_04,Investment / Crypto Scam,265628.85,Odisha,District-27,2025-03-16T11:35:00,2025-03-16T22:35:00,2025-03-16T22:52:00
CMP_202602152,TYP_02,Fake Loan App,71488.53,Maharashtra,District-32,2025-03-16T13:59:00,2025-03-17T05:59:00,2025-03-17T06:11:00
CMP_202602153,TYP_02,Fake Loan App,23587.81,Maharashtra,Pune,2025-06-30T16:53:00,2025-06-30T20:53:00,2025-06-30T21:27:00
CMP_202602154,TYP_06,Marketplace / OLX Fraud,6635.68,Andhra Pradesh,District-67,2025-01-30T08:43:00,2025-01-30T11:43:00,2025-01-30T11:53:00
CMP_202602155,TYP_06,Marketplace / OLX Fraud,13756.63,Punjab,District-25,2025-03-31T16:18:00,2025-03-31T18:18:00,2025-03-31T19:12:00
CMP_202602156,TYP_02,Fake Loan App,18265.32,Jharkhand,District-45,2025-06-09T20:04:00,2025-06-10T11:04:00,2025-06-10T11:25:00
CMP_202602157,TYP_05,Sextortion,15153.55,Gujarat,District-31,2025-06-07T07:21:00,2025-06-07T10:21:00,2025-06-07T10:41:00
CMP_202602158,TYP_05,Sextortion,48236.27,Assam,District-28,2025-05-14T12:11:00,2025-05-14T17:11:00,2025-05-14T17:44:00
CMP_202602159,TYP_02,Fake Loan App,17168.79,Jharkhand,Deoghar,2025-06-12T08:44:00,2025-06-13T15:44:00,2025-06-13T16:33:00
CMP_202602160,TYP_02,Fake Loan App,6125.03,Maharashtra,Mumbai,2025-02-18T19:43:00,2025-02-19T06:43:00,2025-02-19T06:56:00
CMP_202602161,TYP_02,Fake Loan App,9738.0,Odisha,District-27,2025-02-15T16:00:00,2025-02-16T10:00:00,2025-02-16T10:49:00
CMP_202602162,TYP_04,Investment / Crypto Scam,128511.52,Gujarat,Ahmedabad,2025-02-08T15:58:00,2025-02-09T06:58:00,2025-02-09T07:51:00
CMP_202602163,TYP_06,Marketplace / OLX Fraud,11883.7,Madhya Pradesh,District-60,2025-01-15T17:41:00,2025-01-16T05:41:00,2025-01-16T05:49:00
CMP_202602164,TYP_03,Part-Time Job Scam,222381.37,Odisha,District-54,2025-02-11T14:06:00,2025-02-11T18:06:00,2025-02-11T19:05:00
CMP_202602165,TYP_05,Sextortion,35211.76,Tamil Nadu,Chennai,2025-05-30T13:57:00,2025-05-31T10:57:00,2025-05-31T11:48:00
CMP_202602166,TYP_01,OTP / KYC Fraud,59070.76,Chhattisgarh,District-57,2025-04-20T14:54:00,2025-04-20T21:54:00,2025-04-20T22:11:00
CMP_202602167,TYP_03,Part-Time Job Scam,124730.22,Odisha,District-54,2025-05-30T10:22:00,2025-05-30T20:22:00,2025-05-30T21:09:00
CMP_202602168,TYP_03,Part-Time Job Scam,95294.7,Haryana,Gurugram,2025-01-26T15:23:00,2025-01-27T01:23:00,2025-01-27T02:05:00
CMP_202602169,TYP_05,Sextortion,15833.04,Karnataka,Bengaluru Urban,2025-03-21T10:55:00,2025-03-21T16:55:00,2025-03-21T17:10:00
CMP_202602170,TYP_01,OTP / KYC Fraud,20625.21,Haryana,District-29,2025-05-10T14:45:00,2025-05-10T18:45:00,2025-05-10T19:40:00
CMP_202602171,TYP_03,Part-Time Job Scam,1170375.72,Jharkhand,District-72,2025-01-04T19:11:00,2025-01-04T21:11:00,2025-01-04T21:53:00
CMP_202602172,TYP_03,Part-Time Job Scam,154380.24,Karnataka,District-61,2025-06-11T04:05:00,2025-06-11T05:05:00,2025-06-11T05:30:00
CMP_202602173,TYP_01,OTP / KYC Fraud,20893.55,Uttar Pradesh,District-43,2025-05-09T12:55:00,2025-05-10T07:55:00,2025-05-10T08:42:00
CMP_202602174,TYP_01,OTP / KYC Fraud,20755.42,Jharkhand,Jamtara,2025-02-03T10:00:00,2025-02-04T12:00:00,2025-02-04T12:41:00
CMP_202602175,TYP_05,Sextortion,55798.41,West Bengal,District-55,2025-01-07T07:36:00,2025-01-08T10:36:00,2025-01-08T11:15:00
CMP_202602176,TYP_04,Investment / Crypto Scam,381347.06,Karnataka,District-34,2025-06-22T14:18:00,2025-06-23T02:18:00,2025-06-23T02:45:00
CMP_202602177,TYP_02,Fake Loan App,47654.42,West Bengal,District-66,2025-03-17T14:52:00,2025-03-19T19:52:00,2025-03-19T20:02:00
CMP_202602178,TYP_05,Sextortion,14581.91,Madhya Pradesh,District-60,2025-05-21T07:28:00,2025-05-21T12:28:00,2025-05-21T12:44:00
CMP_202602179,TYP_01,OTP / KYC Fraud,15585.2,West Bengal,Kolkata,2025-05-27T12:13:00,2025-05-27T13:13:00,2025-05-27T13:47:00
CMP_202602180,TYP_02,Fake Loan App,18507.81,Rajasthan,Bharatpur,2025-02-13T15:52:00,2025-02-13T16:52:00,2025-02-13T17:31:00
CMP_202602181,TYP_03,Part-Time Job Scam,182865.86,Gujarat,Ahmedabad,2025-06-27T09:26:00,2025-06-27T21:26:00,2025-06-27T22:08:00
CMP_202602182,TYP_01,OTP / KYC Fraud,29678.53,Odisha,District-68,2025-06-15T14:11:00,2025-06-15T19:11:00,2025-06-15T19:47:00
CMP_202602183,TYP_06,Marketplace / OLX Fraud,9338.43,Karnataka,District-34,2025-06-03T14:16:00,2025-06-03T15:16:00,2025-06-03T15:33:00
CMP_202602184,TYP_02,Fake Loan App,11262.68,Haryana,Mewat,2025-01-31T19:46:00,2025-02-01T07:46:00,2025-02-01T08:05:00
CMP_202602185,TYP_05,Sextortion,27241.96,West Bengal,District-35,2025-03-02T13:10:00,2025-03-03T17:10:00,2025-03-03T17:32:00
CMP_202602186,TYP_02,Fake Loan App,7897.74,Gujarat,District-31,2025-03-04T05:47:00,2025-03-04T09:47:00,2025-03-04T10:24:00
CMP_202602187,TYP_02,Fake Loan App,11931.96,Madhya Pradesh,District-40,2025-03-14T17:33:00,2025-03-15T13:33:00,2025-03-15T13:56:00
CMP_202602188,TYP_02,Fake Loan App,7730.73,Jharkhand,District-72,2025-01-26T15:26:00,2025-01-26T18:26:00,2025-01-26T18:47:00
CMP_202602189,TYP_02,Fake Loan App,11838.82,Gujarat,District-24,2025-05-11T16:18:00,2025-05-13T03:18:00,2025-05-13T03:33:00
CMP_202602190,TYP_03,Part-Time Job Scam,180073.88,Gujarat,District-31,2025-05-07T08:31:00,2025-05-07T09:31:00,2025-05-07T10:19:00
CMP_202602191,TYP_02,Fake Loan App,28221.45,Haryana,District-29,2025-02-27T12:15:00,2025-02-27T17:15:00,2025-02-27T17:42:00
CMP_202602192,TYP_02,Fake Loan App,13601.47,Bihar,Purnia,2025-06-06T14:59:00,2025-06-07T02:59:00,2025-06-07T03:48:00
CMP_202602193,TYP_02,Fake Loan App,11219.67,Haryana,Mewat,2025-04-09T13:28:00,2025-04-09T17:28:00,2025-04-09T17:33:00
CMP_202602194,TYP_02,Fake Loan App,19754.85,West Bengal,District-35,2025-01-03T11:29:00,2025-01-11T15:29:00,2025-01-11T16:27:00
CMP_202602195,TYP_03,Part-Time Job Scam,362245.59,Rajasthan,Bharatpur,2025-01-27T16:15:00,2025-01-27T22:15:00,2025-01-27T22:37:00
CMP_202602196,TYP_04,Investment / Crypto Scam,388632.69,Odisha,District-73,2025-01-22T18:53:00,2025-01-22T21:53:00,2025-01-22T22:50:00
CMP_202602197,TYP_03,Part-Time Job Scam,229291.77,Andhra Pradesh,District-58,2025-04-03T10:26:00,2025-04-03T11:26:00,2025-04-03T11:45:00
CMP_202602198,TYP_02,Fake Loan App,36234.17,Punjab,Amritsar,2025-06-30T14:56:00,2025-06-30T23:56:00,2025-07-01T00:33:00
CMP_202602199,TYP_03,Part-Time Job Scam,167303.56,Jharkhand,District-72,2025-06-06T10:14:00,2025-06-06T18:14:00,2025-06-06T18:20:00
CMP_202602200,TYP_03,Part-Time Job Scam,67429.89,Haryana,District-63,2025-05-04T12:57:00,2025-05-04T17:57:00,2025-05-04T18:10:00
CMP_202602201,TYP_03,Part-Time Job Scam,77850.8,Odisha,District-27,2025-05-15T07:43:00,2025-05-15T11:43:00,2025-05-15T12:01:00
CMP_202602202,TYP_03,Part-Time Job Scam,186677.79,Uttar Pradesh,Gorakhpur,2025-01-12T13:28:00,2025-01-12T20:28:00,2025-01-12T20:52:00
CMP_202602203,TYP_06,Marketplace / OLX Fraud,10234.87,Haryana,District-29,2025-04-06T13:10:00,2025-04-07T04:10:00,2025-04-07T04:21:00
CMP_202602204,TYP_02,Fake Loan App,16483.61,Kerala,District-48,2025-01-26T09:46:00,2025-01-27T02:46:00,2025-01-27T02:54:00
CMP_202602205,TYP_04,Investment / Crypto Scam,552190.29,Andhra Pradesh,District-64,2025-05-24T13:15:00,2025-05-25T02:15:00,2025-05-25T02:38:00
CMP_202602206,TYP_06,Marketplace / OLX Fraud,3664.2,Madhya Pradesh,District-41,2025-03-28T13:12:00,2025-03-28T20:12:00,2025-03-28T21:08:00
CMP_202602207,TYP_05,Sextortion,50154.25,Bihar,District-38,2025-02-07T16:17:00,2025-02-07T18:17:00,2025-02-07T19:11:00
CMP_202602208,TYP_05,Sextortion,43861.59,Bihar,District-38,2025-06-15T11:14:00,2025-06-16T08:14:00,2025-06-16T08:19:00
CMP_202602209,TYP_02,Fake Loan App,17458.09,Uttar Pradesh,Gorakhpur,2025-03-19T13:54:00,2025-03-19T16:54:00,2025-03-19T17:06:00
CMP_202602210,TYP_02,Fake Loan App,7536.2,Karnataka,District-23,2025-01-10T15:28:00,2025-01-10T23:28:00,2025-01-10T23:57:00
CMP_202602211,TYP_02,Fake Loan App,29919.42,Karnataka,District-74,2025-04-02T15:06:00,2025-04-02T23:06:00,2025-04-02T23:38:00
CMP_202602212,TYP_03,Part-Time Job Scam,207624.18,Madhya Pradesh,District-53,2025-05-18T13:22:00,2025-05-18T19:22:00,2025-05-18T19:57:00
CMP_202602213,TYP_03,Part-Time Job Scam,169323.54,Andhra Pradesh,District-58,2025-06-13T15:52:00,2025-06-14T13:52:00,2025-06-14T14:47:00
CMP_202602214,TYP_03,Part-Time Job Scam,119619.07,Haryana,Mewat,2025-02-05T21:38:00,2025-02-05T22:38:00,2025-02-05T23:25:00
CMP_202602215,TYP_03,Part-Time Job Scam,142954.82,Telangana,Hyderabad,2025-04-03T11:02:00,2025-04-03T23:02:00,2025-04-03T23:31:00
CMP_202602216,TYP_04,Investment / Crypto Scam,258053.57,Punjab,District-36,2025-05-07T17:24:00,2025-05-08T11:24:00,2025-05-08T11:43:00
CMP_202602217,TYP_01,OTP / KYC Fraud,14052.84,Odisha,District-27,2025-04-09T17:21:00,2025-04-09T18:21:00,2025-04-09T18:40:00
CMP_202602218,TYP_02,Fake Loan App,33128.02,Karnataka,District-56,2025-04-19T15:28:00,2025-04-19T19:28:00,2025-04-19T20:28:00
CMP_202602219,TYP_06,Marketplace / OLX Fraud,18186.82,Rajasthan,District-46,2025-03-27T14:10:00,2025-03-28T01:10:00,2025-03-28T02:03:00
CMP_202602220,TYP_03,Part-Time Job Scam,249382.43,Jharkhand,Jamtara,2025-06-08T15:53:00,2025-06-09T01:53:00,2025-06-09T02:39:00
CMP_202602221,TYP_02,Fake Loan App,3583.4,Maharashtra,Pune,2025-02-01T15:22:00,2025-02-01T17:22:00,2025-02-01T17:51:00
CMP_202602222,TYP_02,Fake Loan App,25582.49,Gujarat,Ahmedabad,2025-06-30T18:33:00,2025-06-30T19:33:00,2025-06-30T20:04:00
CMP_202602223,TYP_06,Marketplace / OLX Fraud,7376.42,Assam,District-28,2025-04-09T10:33:00,2025-04-09T11:33:00,2025-04-09T11:48:00
CMP_202602224,TYP_04,Investment / Crypto Scam,230798.73,Haryana,District-29,2025-06-23T07:57:00,2025-06-23T10:57:00,2025-06-23T11:56:00
CMP_202602225,TYP_03,Part-Time Job Scam,36792.5,Assam,District-28,2025-04-23T06:57:00,2025-04-23T09:57:00,2025-04-23T10:08:00
CMP_202602226,TYP_03,Part-Time Job Scam,346066.41,Maharashtra,District-32,2025-04-07T14:04:00,2025-04-07T17:04:00,2025-04-07T17:23:00
CMP_202602227,TYP_03,Part-Time Job Scam,148670.12,Assam,District-28,2025-04-20T17:31:00,2025-04-20T20:31:00,2025-04-20T20:56:00
CMP_202602228,TYP_05,Sextortion,63159.3,Maharashtra,Pune,2025-01-19T08:05:00,2025-01-20T08:05:00,2025-01-20T08:39:00
CMP_202602229,TYP_02,Fake Loan App,28057.67,Delhi,South Delhi,2025-04-13T10:40:00,2025-04-14T06:40:00,2025-04-14T07:23:00
CMP_202602230,TYP_05,Sextortion,125370.05,Gujarat,District-70,2025-01-03T16:24:00,2025-01-03T19:24:00,2025-01-03T19:35:00
CMP_202602231,TYP_01,OTP / KYC Fraud,20907.79,Gujarat,District-70,2025-01-18T13:46:00,2025-01-18T14:46:00,2025-01-18T15:15:00
CMP_202602232,TYP_05,Sextortion,71259.47,Kerala,District-65,2025-06-11T09:24:00,2025-06-11T22:24:00,2025-06-11T22:36:00
CMP_202602233,TYP_05,Sextortion,11442.18,Karnataka,District-42,2025-01-10T13:10:00,2025-01-10T19:10:00,2025-01-10T20:00:00
CMP_202602234,TYP_06,Marketplace / OLX Fraud,13613.28,Jharkhand,District-45,2025-06-08T06:53:00,2025-06-08T08:53:00,2025-06-08T09:19:00
CMP_202602235,TYP_05,Sextortion,7435.3,Kerala,District-48,2025-02-15T16:14:00,2025-02-15T23:14:00,2025-02-15T23:26:00
CMP_202602236,TYP_02,Fake Loan App,18832.52,Bihar,Purnia,2025-01-01T10:09:00,2025-01-01T11:09:00,2025-01-01T11:15:00
CMP_202602237,TYP_05,Sextortion,44633.56,Odisha,District-68,2025-04-17T13:28:00,2025-04-18T02:28:00,2025-04-18T03:00:00
CMP_202602238,TYP_05,Sextortion,11652.01,Karnataka,District-56,2025-02-28T10:02:00,2025-02-28T17:02:00,2025-02-28T17:51:00
CMP_202602239,TYP_03,Part-Time Job Scam,335959.05,Karnataka,District-23,2025-05-26T14:24:00,2025-05-26T22:24:00,2025-05-26T22:31:00
CMP_202602240,TYP_05,Sextortion,96265.9,Maharashtra,Pune,2025-03-07T14:50:00,2025-03-08T12:50:00,2025-03-08T13:40:00
CMP_202602241,TYP_02,Fake Loan App,10005.94,Jharkhand,District-45,2025-04-30T19:29:00,2025-04-30T22:29:00,2025-04-30T23:19:00
CMP_202602242,TYP_02,Fake Loan App,6559.06,Assam,District-28,2025-06-12T09:53:00,2025-06-12T11:53:00,2025-06-12T12:09:00
CMP_202602243,TYP_03,Part-Time Job Scam,324644.15,Bihar,District-38,2025-04-20T12:44:00,2025-04-20T15:44:00,2025-04-20T16:08:00
CMP_202602244,TYP_04,Investment / Crypto Scam,1099478.61,Assam,District-28,2025-02-04T16:15:00,2025-02-04T19:15:00,2025-02-04T19:39:00
CMP_202602245,TYP_02,Fake Loan App,3363.33,Maharashtra,District-47,2025-05-04T13:42:00,2025-05-05T02:42:00,2025-05-05T03:10:00
CMP_202602246,TYP_01,OTP / KYC Fraud,33288.92,Karnataka,Bengaluru Urban,2025-01-29T10:12:00,2025-01-29T18:12:00,2025-01-29T18:31:00
CMP_202602247,TYP_01,OTP / KYC Fraud,6702.65,Rajasthan,District-46,2025-05-16T13:06:00,2025-05-16T18:06:00,2025-05-16T18:51:00
CMP_202602248,TYP_03,Part-Time Job Scam,88043.0,Haryana,Gurugram,2025-04-07T07:12:00,2025-04-07T21:12:00,2025-04-07T21:55:00
CMP_202602249,TYP_06,Marketplace / OLX Fraud,7651.61,Karnataka,District-34,2025-03-17T07:14:00,2025-03-17T10:14:00,2025-03-17T10:19:00
CMP_202602250,TYP_03,Part-Time Job Scam,56011.01,Chhattisgarh,District-57,2025-04-17T07:47:00,2025-04-17T13:47:00,2025-04-17T14:06:00
CMP_202602251,TYP_06,Marketplace / OLX Fraud,14907.33,Andhra Pradesh,District-44,2025-02-28T06:55:00,2025-02-28T18:55:00,2025-02-28T19:38:00
CMP_202602252,TYP_05,Sextortion,42644.58,Kerala,District-65,2025-01-17T10:26:00,2025-01-17T14:26:00,2025-01-17T15:02:00
CMP_202602253,TYP_04,Investment / Crypto Scam,230713.11,Gujarat,District-24,2025-03-15T09:21:00,2025-03-15T19:21:00,2025-03-15T19:48:00
CMP_202602254,TYP_05,Sextortion,46645.58,Jharkhand,District-45,2025-04-23T12:45:00,2025-04-23T15:45:00,2025-04-23T16:29:00
CMP_202602255,TYP_02,Fake Loan App,11402.26,Odisha,District-27,2025-04-27T13:53:00,2025-04-27T15:53:00,2025-04-27T16:50:00
CMP_202602256,TYP_02,Fake Loan App,22498.71,Odisha,District-68,2025-05-06T14:51:00,2025-05-06T17:51:00,2025-05-06T17:58:00
CMP_202602257,TYP_03,Part-Time Job Scam,415622.98,Haryana,District-63,2025-03-02T15:42:00,2025-03-02T21:42:00,2025-03-02T22:00:00
CMP_202602258,TYP_02,Fake Loan App,4883.15,Madhya Pradesh,District-40,2025-03-21T11:14:00,2025-03-22T00:14:00,2025-03-22T00:54:00
CMP_202602259,TYP_05,Sextortion,37743.7,Punjab,District-36,2025-05-18T18:57:00,2025-05-19T00:57:00,2025-05-19T01:51:00
CMP_202602260,TYP_03,Part-Time Job Scam,146237.91,Rajasthan,Alwar,2025-04-21T10:05:00,2025-04-21T12:05:00,2025-04-21T12:59:00
CMP_202602261,TYP_06,Marketplace / OLX Fraud,11344.78,West Bengal,Kolkata,2025-06-27T11:37:00,2025-06-27T18:37:00,2025-06-27T19:10:00
CMP_202602262,TYP_01,OTP / KYC Fraud,9467.98,Gujarat,District-50,2025-02-02T16:06:00,2025-02-03T01:06:00,2025-02-03T01:44:00
CMP_202602263,TYP_03,Part-Time Job Scam,249999.91,Madhya Pradesh,District-52,2025-01-24T14:12:00,2025-01-25T02:12:00,2025-01-25T03:01:00
CMP_202602264,TYP_06,Marketplace / OLX Fraud,6937.51,Bihar,District-38,2025-05-11T07:18:00,2025-05-11T18:18:00,2025-05-11T19:06:00
CMP_202602265,TYP_03,Part-Time Job Scam,249776.13,Bihar,District-38,2025-02-01T15:41:00,2025-02-02T01:41:00,2025-02-02T02:04:00
CMP_202602266,TYP_03,Part-Time Job Scam,132310.31,Maharashtra,District-47,2025-02-26T13:54:00,2025-02-26T19:54:00,2025-02-26T20:49:00
CMP_202602267,TYP_02,Fake Loan App,61759.25,Tamil Nadu,District-49,2025-04-20T10:27:00,2025-04-20T14:27:00,2025-04-20T14:34:00
CMP_202602268,TYP_06,Marketplace / OLX Fraud,26048.53,Haryana,Gurugram,2025-02-16T07:43:00,2025-02-17T17:43:00,2025-02-17T18:05:00
CMP_202602269,TYP_05,Sextortion,29769.08,Uttar Pradesh,Mathura,2025-04-10T16:40:00,2025-04-10T21:40:00,2025-04-10T21:58:00
CMP_202602270,TYP_05,Sextortion,21183.69,West Bengal,Siliguri,2025-01-25T16:26:00,2025-01-25T19:26:00,2025-01-25T19:52:00
CMP_202602271,TYP_05,Sextortion,177965.22,Uttar Pradesh,Mathura,2025-05-11T02:02:00,2025-05-11T09:02:00,2025-05-11T09:40:00
CMP_202602272,TYP_06,Marketplace / OLX Fraud,3204.85,Madhya Pradesh,District-40,2025-06-02T15:50:00,2025-06-02T16:50:00,2025-06-02T17:00:00
CMP_202602273,TYP_02,Fake Loan App,7220.73,Haryana,District-63,2025-02-21T08:04:00,2025-02-21T09:04:00,2025-02-21T09:22:00
CMP_202602274,TYP_02,Fake Loan App,12906.56,Karnataka,District-42,2025-02-05T11:45:00,2025-02-06T20:45:00,2025-02-06T21:40:00
CMP_202602275,TYP_01,OTP / KYC Fraud,16290.92,Haryana,Gurugram,2025-01-24T20:55:00,2025-01-25T21:55:00,2025-01-25T22:33:00
CMP_202602276,TYP_05,Sextortion,13260.38,Uttar Pradesh,District-37,2025-04-13T16:00:00,2025-04-13T21:00:00,2025-04-13T21:50:00
CMP_202602277,TYP_05,Sextortion,69785.13,Jharkhand,Deoghar,2025-05-12T18:54:00,2025-05-13T01:54:00,2025-05-13T02:53:00
CMP_202602278,TYP_03,Part-Time Job Scam,74378.65,Uttar Pradesh,District-43,2025-03-25T17:32:00,2025-03-25T21:32:00,2025-03-25T22:11:00
CMP_202602279,TYP_05,Sextortion,60460.3,Andhra Pradesh,District-44,2025-01-17T14:13:00,2025-01-18T08:13:00,2025-01-18T08:37:00
CMP_202602280,TYP_01,OTP / KYC Fraud,5010.33,Karnataka,District-34,2025-01-23T22:01:00,2025-01-24T01:01:00,2025-01-24T01:33:00
CMP_202602281,TYP_03,Part-Time Job Scam,98004.39,Jharkhand,District-72,2025-03-06T17:12:00,2025-03-07T09:12:00,2025-03-07T09:54:00
CMP_202602282,TYP_02,Fake Loan App,11876.75,Gujarat,District-24,2025-05-03T21:47:00,2025-05-04T11:47:00,2025-05-04T12:35:00
CMP_202602283,TYP_05,Sextortion,38646.79,Maharashtra,District-47,2025-01-25T12:53:00,2025-01-25T16:53:00,2025-01-25T17:30:00
CMP_202602284,TYP_05,Sextortion,11566.37,Odisha,District-68,2025-05-21T08:32:00,2025-05-21T11:32:00,2025-05-21T11:56:00
CMP_202602285,TYP_03,Part-Time Job Scam,191601.17,Odisha,District-27,2025-02-04T11:48:00,2025-02-04T12:48:00,2025-02-04T13:24:00
CMP_202602286,TYP_02,Fake Loan App,10128.06,Gujarat,Ahmedabad,2025-06-14T22:14:00,2025-06-15T00:14:00,2025-06-15T00:22:00
CMP_202602287,TYP_03,Part-Time Job Scam,394696.33,Odisha,District-73,2025-03-14T17:38:00,2025-03-15T00:38:00,2025-03-15T01:06:00
CMP_202602288,TYP_02,Fake Loan App,26800.19,Rajasthan,District-62,2025-01-14T12:19:00,2025-01-14T13:19:00,2025-01-14T14:13:00
CMP_202602289,TYP_02,Fake Loan App,6978.09,Haryana,Gurugram,2025-03-13T14:46:00,2025-03-14T00:46:00,2025-03-14T01:05:00
CMP_202602290,TYP_01,OTP / KYC Fraud,17000.9,Karnataka,District-23,2025-01-13T19:02:00,2025-01-14T00:02:00,2025-01-14T00:40:00
CMP_202602291,TYP_05,Sextortion,21948.71,Andhra Pradesh,District-58,2025-01-09T12:13:00,2025-01-09T13:13:00,2025-01-09T13:43:00
CMP_202602292,TYP_05,Sextortion,25108.06,Bihar,District-38,2025-06-10T09:28:00,2025-06-10T23:28:00,2025-06-10T23:40:00
CMP_202602293,TYP_04,Investment / Crypto Scam,1902499.61,Bihar,District-38,2025-02-06T11:41:00,2025-02-07T22:41:00,2025-02-07T23:25:00
CMP_202602294,TYP_03,Part-Time Job Scam,461857.8,Punjab,District-36,2025-05-31T13:24:00,2025-05-31T18:24:00,2025-05-31T19:21:00
CMP_202602295,TYP_05,Sextortion,154784.43,Kerala,District-65,2025-04-22T14:10:00,2025-04-22T17:10:00,2025-04-22T18:08:00
CMP_202602296,TYP_01,OTP / KYC Fraud,43881.34,Maharashtra,Mumbai,2025-01-01T13:08:00,2025-01-01T21:08:00,2025-01-01T21:23:00
CMP_202602297,TYP_05,Sextortion,51090.27,Odisha,District-73,2025-03-20T13:47:00,2025-03-20T17:47:00,2025-03-20T18:30:00
CMP_202602298,TYP_04,Investment / Crypto Scam,1325971.78,Odisha,District-22,2025-04-07T11:35:00,2025-04-07T19:35:00,2025-04-07T20:34:00
CMP_202602299,TYP_03,Part-Time Job Scam,119378.72,Uttar Pradesh,Gorakhpur,2025-03-08T19:47:00,2025-03-09T11:47:00,2025-03-09T12:18:00
CMP_202602300,TYP_06,Marketplace / OLX Fraud,2526.5,Uttar Pradesh,Noida,2025-02-05T10:10:00,2025-02-06T04:10:00,2025-02-06T04:41:00
CMP_202602301,TYP_02,Fake Loan App,9809.09,West Bengal,Kolkata,2025-02-06T16:16:00,2025-02-08T14:16:00,2025-02-08T14:41:00
CMP_202602302,TYP_02,Fake Loan App,9321.1,Gujarat,District-31,2025-06-03T15:38:00,2025-06-03T16:38:00,2025-06-03T17:36:00
CMP_202602303,TYP_04,Investment / Crypto Scam,396457.76,Andhra Pradesh,District-26,2025-05-15T13:28:00,2025-05-17T00:28:00,2025-05-17T01:25:00
CMP_202602304,TYP_01,OTP / KYC Fraud,11591.33,Bihar,Purnia,2025-03-30T18:32:00,2025-03-31T00:32:00,2025-03-31T00:44:00
CMP_202602305,TYP_01,OTP / KYC Fraud,113562.26,Punjab,Amritsar,2025-01-30T07:37:00,2025-01-31T11:37:00,2025-01-31T12:20:00
CMP_202602306,TYP_02,Fake Loan App,18543.15,Karnataka,District-56,2025-02-17T10:34:00,2025-02-17T22:34:00,2025-02-17T22:44:00
CMP_202602307,TYP_05,Sextortion,23323.81,Chhattisgarh,District-57,2025-06-21T10:45:00,2025-06-21T23:45:00,2025-06-22T00:04:00
CMP_202602308,TYP_06,Marketplace / OLX Fraud,5182.69,Karnataka,District-74,2025-04-23T12:16:00,2025-04-24T15:16:00,2025-04-24T15:48:00
CMP_202602309,TYP_06,Marketplace / OLX Fraud,11805.0,Assam,District-28,2025-06-27T17:31:00,2025-06-27T20:31:00,2025-06-27T20:53:00
CMP_202602310,TYP_06,Marketplace / OLX Fraud,4741.24,Assam,District-28,2025-02-06T10:37:00,2025-02-06T12:37:00,2025-02-06T13:01:00
CMP_202602311,TYP_02,Fake Loan App,17496.78,Chhattisgarh,District-71,2025-03-31T16:30:00,2025-03-31T18:30:00,2025-03-31T19:23:00
CMP_202602312,TYP_01,OTP / KYC Fraud,70997.73,West Bengal,District-66,2025-04-20T10:27:00,2025-04-20T18:27:00,2025-04-20T19:15:00
CMP_202602313,TYP_03,Part-Time Job Scam,51751.52,Karnataka,District-42,2025-03-02T11:24:00,2025-03-03T22:24:00,2025-03-03T23:22:00
CMP_202602314,TYP_02,Fake Loan App,49344.54,Assam,District-21,2025-02-06T09:44:00,2025-02-06T13:44:00,2025-02-06T14:16:00
CMP_202602315,TYP_01,OTP / KYC Fraud,35542.77,Kerala,District-59,2025-04-04T17:47:00,2025-04-06T09:47:00,2025-04-06T09:55:00
CMP_202602316,TYP_05,Sextortion,71295.19,Madhya Pradesh,District-41,2025-01-28T04:16:00,2025-01-28T17:16:00,2025-01-28T17:43:00
CMP_202602317,TYP_03,Part-Time Job Scam,113338.36,Andhra Pradesh,District-64,2025-03-29T11:55:00,2025-03-29T22:55:00,2025-03-29T23:00:00
CMP_202602318,TYP_02,Fake Loan App,36178.89,Maharashtra,District-47,2025-05-16T18:56:00,2025-05-17T21:56:00,2025-05-17T22:23:00
CMP_202602319,TYP_03,Part-Time Job Scam,454204.86,Uttar Pradesh,District-33,2025-03-23T14:22:00,2025-03-23T15:22:00,2025-03-23T15:54:00
CMP_202602320,TYP_05,Sextortion,82381.21,Punjab,District-36,2025-01-22T16:12:00,2025-01-23T01:12:00,2025-01-23T01:56:00
CMP_202602321,TYP_05,Sextortion,33897.03,Maharashtra,Pune,2025-05-04T19:00:00,2025-05-06T01:00:00,2025-05-06T01:27:00
CMP_202602322,TYP_06,Marketplace / OLX Fraud,15170.8,Telangana,Hyderabad,2025-06-25T14:24:00,2025-06-26T07:24:00,2025-06-26T08:05:00
CMP_202602323,TYP_02,Fake Loan App,7415.88,Andhra Pradesh,District-67,2025-05-30T16:38:00,2025-05-31T00:38:00,2025-05-31T01:31:00
CMP_202602324,TYP_05,Sextortion,7026.06,Maharashtra,District-47,2025-02-06T13:04:00,2025-02-06T16:04:00,2025-02-06T16:41:00
CMP_202602325,TYP_05,Sextortion,106347.1,Karnataka,District-74,2025-01-25T13:09:00,2025-01-25T22:09:00,2025-01-25T22:55:00
CMP_202602326,TYP_04,Investment / Crypto Scam,366205.57,Andhra Pradesh,District-64,2025-06-14T13:54:00,2025-06-14T20:54:00,2025-06-14T21:02:00
CMP_202602327,TYP_01,OTP / KYC Fraud,7453.56,Punjab,Amritsar,2025-06-22T09:49:00,2025-06-22T15:49:00,2025-06-22T16:40:00
CMP_202602328,TYP_02,Fake Loan App,6053.92,Madhya Pradesh,District-69,2025-05-28T13:13:00,2025-05-28T23:13:00,2025-05-29T00:10:00
CMP_202602329,TYP_02,Fake Loan App,21691.08,Punjab,District-25,2025-03-25T11:55:00,2025-03-26T08:55:00,2025-03-26T09:09:00
CMP_202602330,TYP_04,Investment / Crypto Scam,984870.25,Telangana,Hyderabad,2025-02-05T15:29:00,2025-02-05T19:29:00,2025-02-05T20:01:00
CMP_202602331,TYP_02,Fake Loan App,4614.55,Karnataka,Bengaluru Urban,2025-06-06T07:57:00,2025-06-06T09:57:00,2025-06-06T10:36:00
CMP_202602332,TYP_03,Part-Time Job Scam,378062.29,Gujarat,District-24,2025-05-12T13:28:00,2025-05-13T01:28:00,2025-05-13T01:49:00
CMP_202602333,TYP_06,Marketplace / OLX Fraud,11362.01,Kerala,District-59,2025-05-19T12:06:00,2025-05-19T14:06:00,2025-05-19T14:46:00
CMP_202602334,TYP_02,Fake Loan App,49943.89,Haryana,Mewat,2025-01-10T14:00:00,2025-01-10T15:00:00,2025-01-10T16:00:00
CMP_202602335,TYP_02,Fake Loan App,20222.02,Chhattisgarh,District-71,2025-04-03T08:18:00,2025-04-03T15:18:00,2025-04-03T16:17:00
CMP_202602336,TYP_01,OTP / KYC Fraud,18583.01,Maharashtra,District-30,2025-05-24T19:06:00,2025-05-24T20:06:00,2025-05-24T21:04:00
CMP_202602337,TYP_02,Fake Loan App,11434.96,Jharkhand,Jamtara,2025-06-11T12:12:00,2025-06-12T00:12:00,2025-06-12T00:21:00
CMP_202602338,TYP_01,OTP / KYC Fraud,75903.71,Assam,District-21,2025-05-05T12:32:00,2025-05-05T15:32:00,2025-05-05T15:55:00
CMP_202602339,TYP_02,Fake Loan App,22426.15,Jharkhand,District-45,2025-05-14T07:34:00,2025-05-15T16:34:00,2025-05-15T17:00:00
CMP_202602340,TYP_06,Marketplace / OLX Fraud,1023.92,Madhya Pradesh,District-41,2025-06-28T15:43:00,2025-06-28T16:43:00,2025-06-28T17:31:00
CMP_202602341,TYP_05,Sextortion,13946.83,Chhattisgarh,District-57,2025-05-05T15:37:00,2025-05-06T00:37:00,2025-05-06T01:18:00
CMP_202602342,TYP_02,Fake Loan App,7410.09,Uttar Pradesh,Noida,2025-05-30T18:57:00,2025-05-30T20:57:00,2025-05-30T21:44:00
CMP_202602343,TYP_03,Part-Time Job Scam,66291.02,Chhattisgarh,District-71,2025-03-06T12:00:00,2025-03-06T21:00:00,2025-03-06T21:09:00
CMP_202602344,TYP_02,Fake Loan App,13779.25,Assam,District-28,2025-03-04T15:31:00,2025-03-04T19:31:00,2025-03-04T20:20:00
CMP_202602345,TYP_04,Investment / Crypto Scam,642347.38,Punjab,District-36,2025-04-22T19:43:00,2025-04-23T04:43:00,2025-04-23T04:54:00
CMP_202602346,TYP_02,Fake Loan App,3007.2,Haryana,Mewat,2025-02-21T16:17:00,2025-02-26T23:17:00,2025-02-26T23:26:00
CMP_202602347,TYP_04,Investment / Crypto Scam,742741.64,Gujarat,District-70,2025-05-05T16:54:00,2025-05-06T00:54:00,2025-05-06T01:12:00
CMP_202602348,TYP_05,Sextortion,75397.65,Andhra Pradesh,District-67,2025-01-13T10:34:00,2025-01-13T12:34:00,2025-01-13T12:55:00
CMP_202602349,TYP_04,Investment / Crypto Scam,113421.77,Kerala,District-59,2025-01-05T07:50:00,2025-01-06T00:50:00,2025-01-06T01:14:00
CMP_202602350,TYP_02,Fake Loan App,10749.54,Odisha,District-27,2025-05-08T11:14:00,2025-05-08T22:14:00,2025-05-08T23:12:00
CMP_202602351,TYP_03,Part-Time Job Scam,155714.39,Odisha,District-22,2025-04-18T19:48:00,2025-04-21T00:48:00,2025-04-21T01:45:00
CMP_202602352,TYP_03,Part-Time Job Scam,101765.77,Odisha,District-73,2025-04-30T14:56:00,2025-04-30T21:56:00,2025-04-30T22:13:00
CMP_202602353,TYP_05,Sextortion,98773.57,Bihar,District-38,2025-02-07T11:26:00,2025-02-07T12:26:00,2025-02-07T12:34:00
CMP_202602354,TYP_06,Marketplace / OLX Fraud,6534.08,Haryana,Mewat,2025-03-08T15:41:00,2025-03-09T04:41:00,2025-03-09T05:30:00
CMP_202602355,TYP_02,Fake Loan App,10157.61,Karnataka,District-23,2025-04-20T06:02:00,2025-04-20T10:02:00,2025-04-20T10:09:00
CMP_202602356,TYP_05,Sextortion,335982.85,Madhya Pradesh,District-41,2025-01-27T13:10:00,2025-01-27T20:10:00,2025-01-27T20:47:00
CMP_202602357,TYP_05,Sextortion,63132.57,Jharkhand,District-45,2025-04-27T15:03:00,2025-04-27T20:03:00,2025-04-27T20:21:00
CMP_202602358,TYP_03,Part-Time Job Scam,367340.38,Rajasthan,District-46,2025-02-23T18:41:00,2025-02-24T04:41:00,2025-02-24T05:35:00
CMP_202602359,TYP_02,Fake Loan App,8592.1,Andhra Pradesh,District-26,2025-05-24T12:44:00,2025-05-24T18:44:00,2025-05-24T18:57:00
CMP_202602360,TYP_06,Marketplace / OLX Fraud,15507.89,Karnataka,District-74,2025-06-13T09:36:00,2025-06-13T16:36:00,2025-06-13T17:32:00
CMP_202602361,TYP_01,OTP / KYC Fraud,8453.24,Delhi,South Delhi,2025-02-11T11:11:00,2025-02-11T15:11:00,2025-02-11T15:22:00
CMP_202602362,TYP_06,Marketplace / OLX Fraud,13864.64,Tamil Nadu,Chennai,2025-03-10T20:20:00,2025-03-11T01:20:00,2025-03-11T01:32:00
CMP_202602363,TYP_06,Marketplace / OLX Fraud,11177.74,Tamil Nadu,Chennai,2025-01-21T15:43:00,2025-01-24T02:43:00,2025-01-24T02:55:00
CMP_202602364,TYP_05,Sextortion,21112.21,Rajasthan,District-46,2025-03-17T14:21:00,2025-03-18T22:21:00,2025-03-18T22:47:00
CMP_202602365,TYP_01,OTP / KYC Fraud,38933.67,Karnataka,District-56,2025-05-11T18:38:00,2025-05-12T14:38:00,2025-05-12T14:48:00
CMP_202602366,TYP_06,Marketplace / OLX Fraud,3378.02,Karnataka,District-23,2025-03-02T19:42:00,2025-03-03T04:42:00,2025-03-03T04:52:00
CMP_202602367,TYP_02,Fake Loan App,67866.03,Assam,District-28,2025-04-26T10:13:00,2025-04-26T23:13:00,2025-04-26T23:39:00
CMP_202602368,TYP_04,Investment / Crypto Scam,315839.99,Madhya Pradesh,District-52,2025-04-15T11:27:00,2025-04-15T15:27:00,2025-04-15T16:04:00
CMP_202602369,TYP_02,Fake Loan App,14253.97,Gujarat,District-50,2025-02-11T13:58:00,2025-02-11T16:58:00,2025-02-11T17:07:00
CMP_202602370,TYP_02,Fake Loan App,11906.3,Uttar Pradesh,District-33,2025-04-29T00:13:00,2025-04-29T16:13:00,2025-04-29T17:08:00
CMP_202602371,TYP_03,Part-Time Job Scam,142701.44,Haryana,Gurugram,2025-06-19T14:02:00,2025-06-19T18:02:00,2025-06-19T18:20:00
CMP_202602372,TYP_05,Sextortion,46123.46,Uttar Pradesh,District-33,2025-02-11T21:12:00,2025-02-12T02:12:00,2025-02-12T02:23:00
CMP_202602373,TYP_01,OTP / KYC Fraud,7340.11,Uttar Pradesh,Mathura,2025-05-22T11:02:00,2025-05-26T08:02:00,2025-05-26T08:50:00
CMP_202602374,TYP_02,Fake Loan App,15024.54,Haryana,District-29,2025-04-17T13:16:00,2025-04-17T22:16:00,2025-04-17T22:25:00
CMP_202602375,TYP_06,Marketplace / OLX Fraud,10108.42,Haryana,District-29,2025-06-29T19:36:00,2025-06-30T02:36:00,2025-06-30T03:28:00
CMP_202602376,TYP_01,OTP / KYC Fraud,9240.46,Gujarat,District-24,2025-04-26T11:50:00,2025-04-27T11:50:00,2025-04-27T12:47:00
CMP_202602377,TYP_02,Fake Loan App,16629.14,Gujarat,District-50,2025-02-01T14:59:00,2025-02-01T18:59:00,2025-02-01T19:20:00
CMP_202602378,TYP_03,Part-Time Job Scam,64884.78,Maharashtra,Mumbai,2025-06-05T14:27:00,2025-06-06T04:27:00,2025-06-06T05:15:00
CMP_202602379,TYP_01,OTP / KYC Fraud,25208.59,Madhya Pradesh,District-60,2025-05-03T17:58:00,2025-05-04T02:58:00,2025-05-04T03:25:00
CMP_202602380,TYP_05,Sextortion,25767.48,Haryana,Gurugram,2025-01-26T07:22:00,2025-01-29T08:22:00,2025-01-29T08:32:00
CMP_202602381,TYP_01,OTP / KYC Fraud,32496.6,Andhra Pradesh,District-26,2025-01-23T08:23:00,2025-01-23T12:23:00,2025-01-23T12:47:00
CMP_202602382,TYP_05,Sextortion,42242.03,Rajasthan,District-46,2025-04-08T16:40:00,2025-04-09T02:40:00,2025-04-09T03:06:00
CMP_202602383,TYP_03,Part-Time Job Scam,40405.69,Assam,District-28,2025-02-05T12:56:00,2025-02-06T08:56:00,2025-02-06T09:21:00
CMP_202602384,TYP_04,Investment / Crypto Scam,289052.63,Haryana,District-29,2025-03-30T13:11:00,2025-03-30T16:11:00,2025-03-30T16:23:00
CMP_202602385,TYP_06,Marketplace / OLX Fraud,1735.49,Uttar Pradesh,District-37,2025-01-23T16:09:00,2025-01-24T06:09:00,2025-01-24T06:26:00
CMP_202602386,TYP_03,Part-Time Job Scam,218906.0,Punjab,District-25,2025-06-16T09:17:00,2025-06-16T23:17:00,2025-06-16T23:58:00
CMP_202602387,TYP_01,OTP / KYC Fraud,4693.8,Uttar Pradesh,Noida,2025-02-17T11:58:00,2025-02-18T00:58:00,2025-02-18T01:58:00
CMP_202602388,TYP_05,Sextortion,67642.48,Haryana,District-29,2025-02-03T15:31:00,2025-02-04T02:31:00,2025-02-04T03:15:00
CMP_202602389,TYP_02,Fake Loan App,7097.72,Bihar,Purnia,2025-04-12T16:01:00,2025-04-12T20:01:00,2025-04-12T20:58:00
CMP_202602390,TYP_02,Fake Loan App,3811.58,Odisha,District-73,2025-04-08T14:24:00,2025-04-09T17:24:00,2025-04-09T17:33:00
CMP_202602391,TYP_06,Marketplace / OLX Fraud,4614.92,Andhra Pradesh,District-58,2025-05-16T12:38:00,2025-05-17T07:38:00,2025-05-17T07:45:00
CMP_202602392,TYP_06,Marketplace / OLX Fraud,10460.19,Telangana,Hyderabad,2025-06-16T10:08:00,2025-06-17T00:08:00,2025-06-17T00:27:00
CMP_202602393,TYP_03,Part-Time Job Scam,353322.12,Haryana,Gurugram,2025-01-28T14:44:00,2025-01-29T00:44:00,2025-01-29T00:56:00
CMP_202602394,TYP_06,Marketplace / OLX Fraud,27162.03,Kerala,District-59,2025-06-04T09:10:00,2025-06-05T16:10:00,2025-06-05T16:43:00
CMP_202602395,TYP_06,Marketplace / OLX Fraud,14196.03,Bihar,District-38,2025-02-16T17:08:00,2025-02-16T20:08:00,2025-02-16T20:50:00
CMP_202602396,TYP_02,Fake Loan App,8108.02,West Bengal,District-35,2025-02-20T18:01:00,2025-02-21T06:01:00,2025-02-21T06:31:00
CMP_202602397,TYP_06,Marketplace / OLX Fraud,5279.84,Chhattisgarh,District-57,2025-02-06T17:03:00,2025-02-07T07:03:00,2025-02-07T07:19:00
CMP_202602398,TYP_02,Fake Loan App,22452.31,Karnataka,District-74,2025-03-28T14:03:00,2025-03-28T15:03:00,2025-03-28T16:03:00
CMP_202602399,TYP_01,OTP / KYC Fraud,58230.37,Karnataka,Bengaluru Urban,2025-02-06T17:45:00,2025-02-07T06:45:00,2025-02-07T07:23:00
CMP_202602400,TYP_05,Sextortion,56101.79,Andhra Pradesh,District-26,2025-05-06T19:00:00,2025-05-07T12:00:00,2025-05-07T12:52:00
CMP_202602401,TYP_05,Sextortion,25343.92,Jharkhand,Jamtara,2025-04-21T13:14:00,2025-04-22T13:14:00,2025-04-22T13:39:00
CMP_202602402,TYP_02,Fake Loan App,12871.86,Uttar Pradesh,Mathura,2025-02-18T19:10:00,2025-02-18T22:10:00,2025-02-18T22:58:00
CMP_202602403,TYP_03,Part-Time Job Scam,100967.87,Andhra Pradesh,District-44,2025-05-14T19:49:00,2025-05-14T20:49:00,2025-05-14T21:48:00
CMP_202602404,TYP_02,Fake Loan App,42615.81,Maharashtra,District-32,2025-03-28T07:40:00,2025-03-28T14:40:00,2025-03-28T15:35:00
CMP_202602405,TYP_02,Fake Loan App,21096.21,West Bengal,Kolkata,2025-05-18T13:07:00,2025-05-18T22:07:00,2025-05-18T23:06:00
CMP_202602406,TYP_06,Marketplace / OLX Fraud,4818.3,Kerala,District-59,2025-01-23T21:34:00,2025-01-24T07:34:00,2025-01-24T07:43:00
CMP_202602407,TYP_05,Sextortion,38529.33,Maharashtra,Pune,2025-03-31T10:05:00,2025-03-31T17:05:00,2025-03-31T17:10:00
CMP_202602408,TYP_06,Marketplace / OLX Fraud,30156.55,Bihar,District-38,2025-02-07T19:50:00,2025-02-07T21:50:00,2025-02-07T22:15:00
CMP_202602409,TYP_01,OTP / KYC Fraud,11076.04,Andhra Pradesh,District-58,2025-04-18T09:33:00,2025-04-18T13:33:00,2025-04-18T14:24:00
CMP_202602410,TYP_01,OTP / KYC Fraud,95359.11,Gujarat,District-50,2025-06-25T15:46:00,2025-06-26T17:46:00,2025-06-26T18:16:00
CMP_202602411,TYP_02,Fake Loan App,4990.21,Punjab,Amritsar,2025-02-27T14:49:00,2025-02-27T22:49:00,2025-02-27T23:11:00
CMP_202602412,TYP_03,Part-Time Job Scam,79955.53,Andhra Pradesh,District-64,2025-04-29T15:10:00,2025-04-29T16:10:00,2025-04-29T16:20:00
CMP_202602413,TYP_01,OTP / KYC Fraud,46098.5,Jharkhand,Deoghar,2025-05-03T08:47:00,2025-05-03T11:47:00,2025-05-03T12:36:00
CMP_202602414,TYP_06,Marketplace / OLX Fraud,4831.85,Kerala,District-59,2025-01-23T19:52:00,2025-01-23T23:52:00,2025-01-24T00:48:00
CMP_202602415,TYP_06,Marketplace / OLX Fraud,26707.97,Delhi,South Delhi,2025-01-27T09:33:00,2025-01-31T04:33:00,2025-01-31T05:22:00
CMP_202602416,TYP_02,Fake Loan App,37868.73,Odisha,District-54,2025-01-21T14:22:00,2025-01-21T19:22:00,2025-01-21T19:28:00
CMP_202602417,TYP_03,Part-Time Job Scam,394867.58,West Bengal,Siliguri,2025-02-01T18:44:00,2025-02-02T04:44:00,2025-02-02T05:33:00
CMP_202602418,TYP_02,Fake Loan App,69279.81,Maharashtra,Mumbai,2025-05-25T15:00:00,2025-05-25T17:00:00,2025-05-25T17:22:00
CMP_202602419,TYP_01,OTP / KYC Fraud,58239.18,Uttar Pradesh,Mathura,2025-03-19T17:02:00,2025-03-22T14:02:00,2025-03-22T14:28:00
CMP_202602420,TYP_06,Marketplace / OLX Fraud,14713.95,Gujarat,Ahmedabad,2025-02-06T12:43:00,2025-02-08T13:43:00,2025-02-08T14:17:00
CMP_202602421,TYP_03,Part-Time Job Scam,168700.67,Andhra Pradesh,District-67,2025-04-18T14:56:00,2025-04-18T15:56:00,2025-04-18T16:18:00
CMP_202602422,TYP_05,Sextortion,9726.78,Jharkhand,Jamtara,2025-04-16T20:44:00,2025-04-17T02:44:00,2025-04-17T03:01:00
CMP_202602423,TYP_02,Fake Loan App,18589.52,Karnataka,District-42,2025-02-11T10:50:00,2025-02-12T11:50:00,2025-02-12T12:23:00
CMP_202602424,TYP_04,Investment / Crypto Scam,681756.58,Madhya Pradesh,District-69,2025-05-17T15:42:00,2025-05-17T16:42:00,2025-05-17T17:39:00
CMP_202602425,TYP_05,Sextortion,43584.55,Jharkhand,Jamtara,2025-03-18T17:56:00,2025-03-19T04:56:00,2025-03-19T05:11:00
CMP_202602426,TYP_03,Part-Time Job Scam,164680.33,Madhya Pradesh,District-40,2025-01-05T11:18:00,2025-01-08T01:18:00,2025-01-08T01:47:00
CMP_202602427,TYP_02,Fake Loan App,10799.56,Assam,District-21,2025-05-04T09:58:00,2025-05-04T22:58:00,2025-05-04T23:17:00
CMP_202602428,TYP_02,Fake Loan App,7274.35,Madhya Pradesh,District-40,2025-04-12T12:41:00,2025-04-12T23:41:00,2025-04-13T00:18:00
CMP_202602429,TYP_02,Fake Loan App,7560.41,Gujarat,District-50,2025-05-24T09:26:00,2025-05-25T04:26:00,2025-05-25T04:37:00
CMP_202602430,TYP_02,Fake Loan App,2030.61,Karnataka,District-51,2025-04-25T10:26:00,2025-04-25T13:26:00,2025-04-25T13:35:00
CMP_202602431,TYP_04,Investment / Crypto Scam,868992.05,Jharkhand,District-45,2025-04-27T19:48:00,2025-04-27T21:48:00,2025-04-27T22:48:00
CMP_202602432,TYP_02,Fake Loan App,39984.17,Odisha,District-73,2025-06-29T16:01:00,2025-07-01T21:01:00,2025-07-01T21:26:00
CMP_202602433,TYP_06,Marketplace / OLX Fraud,5273.22,Telangana,Hyderabad,2025-06-20T18:29:00,2025-06-20T20:29:00,2025-06-20T20:45:00
CMP_202602434,TYP_02,Fake Loan App,17196.11,Madhya Pradesh,District-60,2025-05-04T23:58:00,2025-05-06T16:58:00,2025-05-06T17:26:00
CMP_202602435,TYP_04,Investment / Crypto Scam,785334.58,Karnataka,District-42,2025-02-22T22:53:00,2025-02-22T23:53:00,2025-02-23T00:09:00
CMP_202602436,TYP_03,Part-Time Job Scam,426572.21,Karnataka,District-61,2025-06-12T13:59:00,2025-06-13T19:59:00,2025-06-13T20:22:00
CMP_202602437,TYP_05,Sextortion,49633.35,Uttar Pradesh,Gorakhpur,2025-02-16T12:42:00,2025-02-16T17:42:00,2025-02-16T18:20:00
CMP_202602438,TYP_02,Fake Loan App,28693.28,Uttar Pradesh,District-37,2025-05-24T11:57:00,2025-05-24T15:57:00,2025-05-24T16:32:00
CMP_202602439,TYP_03,Part-Time Job Scam,71329.29,Uttar Pradesh,Noida,2025-01-05T08:12:00,2025-01-05T17:12:00,2025-01-05T17:21:00
CMP_202602440,TYP_03,Part-Time Job Scam,135727.13,Madhya Pradesh,District-53,2025-03-26T09:05:00,2025-03-26T10:05:00,2025-03-26T10:44:00
CMP_202602441,TYP_04,Investment / Crypto Scam,276002.27,Karnataka,District-56,2025-06-19T16:32:00,2025-06-20T12:32:00,2025-06-20T13:04:00
CMP_202602442,TYP_03,Part-Time Job Scam,55736.95,Andhra Pradesh,District-64,2025-01-04T14:51:00,2025-01-04T18:51:00,2025-01-04T19:45:00
CMP_202602443,TYP_02,Fake Loan App,16036.36,Kerala,District-48,2025-06-27T15:55:00,2025-06-28T11:55:00,2025-06-28T12:10:00
CMP_202602444,TYP_02,Fake Loan App,26700.17,Andhra Pradesh,District-58,2025-02-20T14:58:00,2025-02-20T19:58:00,2025-02-20T20:23:00
CMP_202602445,TYP_04,Investment / Crypto Scam,223357.64,Tamil Nadu,Chennai,2025-05-17T15:16:00,2025-05-17T22:16:00,2025-05-17T22:49:00
CMP_202602446,TYP_02,Fake Loan App,21270.79,West Bengal,Siliguri,2025-06-19T14:45:00,2025-06-19T21:45:00,2025-06-19T21:54:00
CMP_202602447,TYP_02,Fake Loan App,15350.18,Andhra Pradesh,District-67,2025-03-05T08:22:00,2025-03-05T19:22:00,2025-03-05T20:04:00
CMP_202602448,TYP_03,Part-Time Job Scam,331011.83,Odisha,District-27,2025-02-05T16:36:00,2025-02-06T10:36:00,2025-02-06T11:31:00
CMP_202602449,TYP_03,Part-Time Job Scam,17851.45,Uttar Pradesh,Gorakhpur,2025-03-08T11:58:00,2025-03-09T00:58:00,2025-03-09T01:22:00
CMP_202602450,TYP_02,Fake Loan App,8847.21,Bihar,District-38,2025-04-14T17:46:00,2025-04-14T19:46:00,2025-04-14T20:12:00
CMP_202602451,TYP_01,OTP / KYC Fraud,18984.83,Jharkhand,Jamtara,2025-02-06T08:46:00,2025-02-06T16:46:00,2025-02-06T17:24:00
CMP_202602452,TYP_02,Fake Loan App,11154.73,Uttar Pradesh,District-43,2025-02-12T16:14:00,2025-02-12T17:14:00,2025-02-12T17:50:00
CMP_202602453,TYP_02,Fake Loan App,22050.83,West Bengal,District-66,2025-03-15T08:15:00,2025-03-15T11:15:00,2025-03-15T11:30:00
CMP_202602454,TYP_02,Fake Loan App,15709.43,Maharashtra,District-30,2025-05-20T10:59:00,2025-05-20T14:59:00,2025-05-20T15:46:00
CMP_202602455,TYP_05,Sextortion,25249.71,Gujarat,District-31,2025-01-15T16:47:00,2025-01-16T05:47:00,2025-01-16T06:14:00
CMP_202602456,TYP_02,Fake Loan App,9582.75,Odisha,District-54,2025-05-20T04:09:00,2025-05-20T17:09:00,2025-05-20T17:22:00
CMP_202602457,TYP_06,Marketplace / OLX Fraud,42099.34,Andhra Pradesh,District-67,2025-02-20T14:47:00,2025-02-20T15:47:00,2025-02-20T16:31:00
CMP_202602458,TYP_02,Fake Loan App,16965.58,Uttar Pradesh,District-43,2025-04-30T01:01:00,2025-04-30T06:01:00,2025-04-30T06:48:00
CMP_202602459,TYP_06,Marketplace / OLX Fraud,5410.04,Karnataka,District-42,2025-06-17T18:38:00,2025-06-21T02:38:00,2025-06-21T03:11:00
CMP_202602460,TYP_02,Fake Loan App,42564.73,West Bengal,Siliguri,2025-03-18T06:10:00,2025-03-20T22:10:00,2025-03-20T22:39:00
CMP_202602461,TYP_05,Sextortion,38558.49,West Bengal,District-55,2025-05-16T19:18:00,2025-05-16T23:18:00,2025-05-16T23:46:00
CMP_202602462,TYP_02,Fake Loan App,8262.42,Gujarat,District-50,2025-03-20T11:11:00,2025-03-20T17:11:00,2025-03-20T17:23:00
CMP_202602463,TYP_01,OTP / KYC Fraud,44464.11,Haryana,District-63,2025-03-05T17:27:00,2025-03-06T18:27:00,2025-03-06T18:58:00
CMP_202602464,TYP_03,Part-Time Job Scam,180335.78,Telangana,Hyderabad,2025-02-14T21:04:00,2025-02-16T23:04:00,2025-02-16T23:13:00
CMP_202602465,TYP_06,Marketplace / OLX Fraud,54337.01,Gujarat,District-31,2025-05-28T15:45:00,2025-05-28T21:45:00,2025-05-28T22:12:00
CMP_202602466,TYP_04,Investment / Crypto Scam,153099.46,Gujarat,District-24,2025-03-09T18:51:00,2025-03-09T19:51:00,2025-03-09T20:25:00
CMP_202602467,TYP_05,Sextortion,93677.74,Karnataka,District-51,2025-04-18T16:20:00,2025-04-18T23:20:00,2025-04-18T23:28:00
CMP_202602468,TYP_01,OTP / KYC Fraud,25980.81,Uttar Pradesh,District-33,2025-06-12T20:47:00,2025-06-12T21:47:00,2025-06-12T22:12:00
CMP_202602469,TYP_05,Sextortion,40867.47,Haryana,District-63,2025-01-25T17:01:00,2025-01-25T21:01:00,2025-01-25T21:54:00
CMP_202602470,TYP_06,Marketplace / OLX Fraud,6265.72,Gujarat,District-70,2025-06-26T19:14:00,2025-06-27T18:14:00,2025-06-27T18:33:00
CMP_202602471,TYP_02,Fake Loan App,19721.78,Andhra Pradesh,District-64,2025-04-14T08:23:00,2025-04-14T13:23:00,2025-04-14T13:57:00
CMP_202602472,TYP_05,Sextortion,26753.53,Assam,District-21,2025-06-14T07:46:00,2025-06-15T17:46:00,2025-06-15T18:08:00
CMP_202602473,TYP_02,Fake Loan App,15039.48,Kerala,District-59,2025-03-26T12:06:00,2025-03-27T15:06:00,2025-03-27T15:55:00
CMP_202602474,TYP_06,Marketplace / OLX Fraud,22776.76,Madhya Pradesh,District-69,2025-03-13T13:17:00,2025-03-13T17:17:00,2025-03-13T17:38:00
CMP_202602475,TYP_05,Sextortion,39877.11,Madhya Pradesh,District-52,2025-03-13T11:20:00,2025-03-14T19:20:00,2025-03-14T19:54:00
CMP_202602476,TYP_01,OTP / KYC Fraud,31209.34,Karnataka,District-56,2025-06-27T13:01:00,2025-06-28T19:01:00,2025-06-28T19:25:00
CMP_202602477,TYP_04,Investment / Crypto Scam,902806.05,Jharkhand,District-72,2025-02-17T12:35:00,2025-02-18T00:35:00,2025-02-18T01:16:00
CMP_202602478,TYP_03,Part-Time Job Scam,56000.2,Andhra Pradesh,District-64,2025-03-24T12:14:00,2025-03-24T22:14:00,2025-03-24T22:31:00
CMP_202602479,TYP_03,Part-Time Job Scam,105936.55,Karnataka,District-23,2025-01-08T18:26:00,2025-01-09T00:26:00,2025-01-09T01:22:00
CMP_202602480,TYP_02,Fake Loan App,11051.31,Maharashtra,District-32,2025-03-07T15:47:00,2025-03-08T00:47:00,2025-03-08T01:10:00
CMP_202602481,TYP_05,Sextortion,27898.83,Jharkhand,Jamtara,2025-06-05T09:53:00,2025-06-05T10:53:00,2025-06-05T11:46:00
CMP_202602482,TYP_02,Fake Loan App,5184.79,Karnataka,District-61,2025-01-23T13:57:00,2025-01-24T14:57:00,2025-01-24T15:33:00
CMP_202602483,TYP_06,Marketplace / OLX Fraud,3567.22,Andhra Pradesh,District-64,2025-03-21T17:20:00,2025-03-22T18:20:00,2025-03-22T18:54:00
CMP_202602484,TYP_03,Part-Time Job Scam,126019.11,Telangana,Hyderabad,2025-01-04T17:56:00,2025-01-05T05:56:00,2025-01-05T06:53:00
CMP_202602485,TYP_06,Marketplace / OLX Fraud,44398.71,Maharashtra,Mumbai,2025-01-21T14:05:00,2025-01-21T18:05:00,2025-01-21T18:56:00
CMP_202602486,TYP_03,Part-Time Job Scam,72615.66,Odisha,District-54,2025-03-15T10:20:00,2025-03-15T13:20:00,2025-03-15T13:49:00
CMP_202602487,TYP_05,Sextortion,24584.19,Uttar Pradesh,District-43,2025-06-08T19:48:00,2025-06-09T00:48:00,2025-06-09T01:21:00
CMP_202602488,TYP_03,Part-Time Job Scam,121015.46,Haryana,District-29,2025-05-14T16:56:00,2025-05-15T01:56:00,2025-05-15T02:09:00
CMP_202602489,TYP_04,Investment / Crypto Scam,559781.76,Punjab,Amritsar,2025-04-07T16:25:00,2025-04-07T18:25:00,2025-04-07T18:56:00
CMP_202602490,TYP_05,Sextortion,68316.02,Kerala,District-48,2025-06-02T12:28:00,2025-06-02T21:28:00,2025-06-02T22:01:00
CMP_202602491,TYP_05,Sextortion,22919.66,Madhya Pradesh,District-41,2025-01-09T13:46:00,2025-01-09T15:46:00,2025-01-09T16:43:00
CMP_202602492,TYP_06,Marketplace / OLX Fraud,28535.87,Bihar,Purnia,2025-01-21T11:29:00,2025-01-22T06:29:00,2025-01-22T06:47:00
CMP_202602493,TYP_02,Fake Loan App,19998.41,Jharkhand,District-72,2025-05-30T13:10:00,2025-05-30T20:10:00,2025-05-30T21:06:00
CMP_202602494,TYP_04,Investment / Crypto Scam,740146.31,Gujarat,Ahmedabad,2025-05-12T19:33:00,2025-05-13T20:33:00,2025-05-13T21:12:00
CMP_202602495,TYP_02,Fake Loan App,13621.73,Madhya Pradesh,District-40,2025-04-27T11:00:00,2025-04-28T13:00:00,2025-04-28T13:45:00
CMP_202602496,TYP_02,Fake Loan App,10821.96,Assam,District-21,2025-03-17T15:39:00,2025-03-18T08:39:00,2025-03-18T09:17:00
CMP_202602497,TYP_02,Fake Loan App,11610.48,Karnataka,District-51,2025-04-27T12:11:00,2025-04-29T04:11:00,2025-04-29T04:33:00
CMP_202602498,TYP_02,Fake Loan App,35490.64,Uttar Pradesh,Gorakhpur,2025-01-26T15:23:00,2025-01-26T16:23:00,2025-01-26T17:23:00
CMP_202602499,TYP_03,Part-Time Job Scam,59099.35,Maharashtra,Pune,2025-05-02T07:51:00,2025-05-03T02:51:00,2025-05-03T03:01:00
CMP_202602500,TYP_01,OTP / KYC Fraud,17685.44,Madhya Pradesh,District-40,2025-04-09T18:06:00,2025-04-09T20:06:00,2025-04-09T21:06:00
CMP_202602501,TYP_05,Sextortion,177452.11,Haryana,Mewat,2025-03-13T06:26:00,2025-03-13T13:26:00,2025-03-13T14:24:00
CMP_202602502,TYP_05,Sextortion,38960.88,Jharkhand,District-45,2025-06-17T14:26:00,2025-06-17T15:26:00,2025-06-17T15:56:00
CMP_202602503,TYP_02,Fake Loan App,12234.2,Madhya Pradesh,District-40,2025-05-11T09:25:00,2025-05-12T11:25:00,2025-05-12T11:51:00
CMP_202602504,TYP_04,Investment / Crypto Scam,357898.16,Madhya Pradesh,District-53,2025-04-04T08:14:00,2025-04-05T04:14:00,2025-04-05T04:44:00
CMP_202602505,TYP_05,Sextortion,77699.29,Punjab,District-36,2025-05-30T06:04:00,2025-05-30T22:04:00,2025-05-30T22:52:00
CMP_202602506,TYP_05,Sextortion,55366.86,Gujarat,District-31,2025-05-13T09:16:00,2025-05-13T23:16:00,2025-05-14T00:09:00
CMP_202602507,TYP_03,Part-Time Job Scam,297386.3,Delhi,South Delhi,2025-04-03T15:03:00,2025-04-04T11:03:00,2025-04-04T11:46:00
CMP_202602508,TYP_02,Fake Loan App,10442.34,Karnataka,District-51,2025-02-02T12:20:00,2025-02-02T14:20:00,2025-02-02T15:02:00
CMP_202602509,TYP_02,Fake Loan App,114760.62,West Bengal,District-66,2025-02-24T08:00:00,2025-02-24T13:00:00,2025-02-24T13:06:00
CMP_202602510,TYP_04,Investment / Crypto Scam,457743.7,West Bengal,District-35,2025-04-04T10:07:00,2025-04-05T17:07:00,2025-04-05T17:38:00
CMP_202602511,TYP_01,OTP / KYC Fraud,97254.82,Gujarat,District-31,2025-02-28T18:45:00,2025-03-01T05:45:00,2025-03-01T06:10:00
CMP_202602512,TYP_03,Part-Time Job Scam,49076.53,Chhattisgarh,District-71,2025-02-12T09:34:00,2025-02-12T22:34:00,2025-02-12T23:21:00
CMP_202602513,TYP_02,Fake Loan App,17139.6,Chhattisgarh,District-71,2025-02-11T17:52:00,2025-02-11T19:52:00,2025-02-11T20:03:00
CMP_202602514,TYP_02,Fake Loan App,25326.13,Assam,District-21,2025-04-21T12:12:00,2025-04-22T00:12:00,2025-04-22T00:45:00
CMP_202602515,TYP_03,Part-Time Job Scam,54788.02,Andhra Pradesh,District-67,2025-05-05T10:52:00,2025-05-05T13:52:00,2025-05-05T14:31:00
CMP_202602516,TYP_06,Marketplace / OLX Fraud,6035.99,Gujarat,District-24,2025-03-31T16:13:00,2025-04-01T01:13:00,2025-04-01T01:29:00
CMP_202602517,TYP_03,Part-Time Job Scam,103101.13,Karnataka,District-74,2025-05-31T16:23:00,2025-05-31T22:23:00,2025-05-31T22:48:00
CMP_202602518,TYP_02,Fake Loan App,6075.88,Karnataka,District-42,2025-06-21T14:28:00,2025-06-22T05:28:00,2025-06-22T05:34:00
CMP_202602519,TYP_02,Fake Loan App,3202.36,Karnataka,District-23,2025-02-17T16:01:00,2025-02-17T20:01:00,2025-02-17T20:25:00
CMP_202602520,TYP_02,Fake Loan App,34255.6,Chhattisgarh,District-71,2025-02-04T16:46:00,2025-02-05T09:46:00,2025-02-05T09:54:00
CMP_202602521,TYP_03,Part-Time Job Scam,59945.7,Karnataka,Bengaluru Urban,2025-06-15T19:45:00,2025-06-16T05:45:00,2025-06-16T06:41:00
CMP_202602522,TYP_01,OTP / KYC Fraud,4658.42,Punjab,Amritsar,2025-04-03T13:53:00,2025-04-05T00:53:00,2025-04-05T01:27:00
CMP_202602523,TYP_02,Fake Loan App,39200.47,Uttar Pradesh,Mathura,2025-05-06T07:06:00,2025-05-06T11:06:00,2025-05-06T12:01:00
CMP_202602524,TYP_01,OTP / KYC Fraud,24979.27,Karnataka,District-74,2025-05-30T12:39:00,2025-05-30T13:39:00,2025-05-30T14:29:00
CMP_202602525,TYP_02,Fake Loan App,9371.19,Jharkhand,Deoghar,2025-04-06T10:37:00,2025-04-06T13:37:00,2025-04-06T13:45:00
CMP_202602526,TYP_06,Marketplace / OLX Fraud,9506.61,Delhi,South Delhi,2025-01-28T20:09:00,2025-01-29T02:09:00,2025-01-29T02:34:00
CMP_202602527,TYP_03,Part-Time Job Scam,25550.86,Punjab,Amritsar,2025-05-25T19:59:00,2025-05-26T16:59:00,2025-05-26T17:47:00
CMP_202602528,TYP_02,Fake Loan App,20463.31,Karnataka,District-42,2025-05-05T12:05:00,2025-05-05T18:05:00,2025-05-05T19:00:00
CMP_202602529,TYP_05,Sextortion,95629.69,Andhra Pradesh,District-44,2025-06-11T21:05:00,2025-06-12T13:05:00,2025-06-12T13:33:00
CMP_202602530,TYP_06,Marketplace / OLX Fraud,6270.16,Jharkhand,Deoghar,2025-01-17T16:21:00,2025-01-18T23:21:00,2025-01-18T23:45:00
CMP_202602531,TYP_01,OTP / KYC Fraud,5352.03,West Bengal,District-55,2025-03-20T12:35:00,2025-03-20T13:35:00,2025-03-20T13:47:00
CMP_202602532,TYP_06,Marketplace / OLX Fraud,16197.94,Maharashtra,District-32,2025-05-23T13:10:00,2025-05-24T13:10:00,2025-05-24T13:26:00
CMP_202602533,TYP_05,Sextortion,156599.58,Kerala,District-65,2025-06-17T15:42:00,2025-06-17T20:42:00,2025-06-17T21:08:00
CMP_202602534,TYP_05,Sextortion,3945.86,Odisha,District-68,2025-01-12T09:38:00,2025-01-12T18:38:00,2025-01-12T18:47:00
CMP_202602535,TYP_03,Part-Time Job Scam,175271.16,Gujarat,District-31,2025-01-13T20:28:00,2025-01-14T21:28:00,2025-01-14T21:55:00
CMP_202602536,TYP_05,Sextortion,53062.43,Kerala,District-48,2025-01-26T14:01:00,2025-01-27T07:01:00,2025-01-27T07:57:00
CMP_202602537,TYP_02,Fake Loan App,12975.6,Chhattisgarh,District-71,2025-05-12T12:46:00,2025-05-14T09:46:00,2025-05-14T09:58:00
CMP_202602538,TYP_02,Fake Loan App,8663.53,Odisha,District-68,2025-01-31T20:29:00,2025-02-01T22:29:00,2025-02-01T23:21:00
CMP_202602539,TYP_03,Part-Time Job Scam,30661.84,Odisha,District-54,2025-01-26T14:56:00,2025-01-30T03:56:00,2025-01-30T04:24:00
CMP_202602540,TYP_05,Sextortion,38730.74,Jharkhand,District-45,2025-06-05T12:28:00,2025-06-05T16:28:00,2025-06-05T16:59:00
CMP_202602541,TYP_05,Sextortion,56688.0,Haryana,Gurugram,2025-06-18T11:45:00,2025-06-18T13:45:00,2025-06-18T14:06:00
CMP_202602542,TYP_02,Fake Loan App,8832.97,Odisha,District-22,2025-06-16T13:47:00,2025-06-16T18:47:00,2025-06-16T19:15:00
CMP_202602543,TYP_06,Marketplace / OLX Fraud,13883.38,Haryana,District-63,2025-04-02T12:44:00,2025-04-02T13:44:00,2025-04-02T13:58:00
CMP_202602544,TYP_01,OTP / KYC Fraud,50977.15,Andhra Pradesh,District-64,2025-01-03T12:25:00,2025-01-03T19:25:00,2025-01-03T19:52:00
CMP_202602545,TYP_02,Fake Loan App,18411.11,Kerala,District-59,2025-01-31T23:48:00,2025-02-02T05:48:00,2025-02-02T06:42:00
CMP_202602546,TYP_03,Part-Time Job Scam,146466.36,Gujarat,District-24,2025-04-18T15:00:00,2025-04-18T21:00:00,2025-04-18T21:10:00
CMP_202602547,TYP_01,OTP / KYC Fraud,34278.16,Jharkhand,Jamtara,2025-06-21T16:53:00,2025-06-23T04:53:00,2025-06-23T05:33:00
CMP_202602548,TYP_02,Fake Loan App,17105.59,Karnataka,District-61,2025-03-21T16:01:00,2025-03-24T19:01:00,2025-03-24T19:55:00
CMP_202602549,TYP_02,Fake Loan App,5342.48,Andhra Pradesh,District-44,2025-02-19T14:43:00,2025-02-19T18:43:00,2025-02-19T18:54:00
CMP_202602550,TYP_04,Investment / Crypto Scam,2207822.36,Jharkhand,Deoghar,2025-03-30T10:09:00,2025-03-30T17:09:00,2025-03-30T18:06:00
CMP_202602551,TYP_02,Fake Loan App,7723.24,Rajasthan,Bharatpur,2025-04-22T08:48:00,2025-04-22T20:48:00,2025-04-22T21:28:00
CMP_202602552,TYP_02,Fake Loan App,5657.72,Uttar Pradesh,District-43,2025-03-28T11:31:00,2025-03-29T01:31:00,2025-03-29T01:52:00
CMP_202602553,TYP_03,Part-Time Job Scam,33750.41,Karnataka,District-23,2025-01-27T12:34:00,2025-01-27T20:34:00,2025-01-27T21:13:00
CMP_202602554,TYP_01,OTP / KYC Fraud,33341.82,Uttar Pradesh,Noida,2025-06-01T21:57:00,2025-06-02T04:57:00,2025-06-02T05:21:00
CMP_202602555,TYP_06,Marketplace / OLX Fraud,14314.26,Punjab,Amritsar,2025-01-12T13:14:00,2025-01-13T14:14:00,2025-01-13T14:38:00
CMP_202602556,TYP_05,Sextortion,52392.92,Punjab,District-25,2025-06-27T04:22:00,2025-06-27T23:22:00,2025-06-27T23:32:00
CMP_202602557,TYP_02,Fake Loan App,10536.66,Madhya Pradesh,District-41,2025-02-04T11:39:00,2025-02-04T18:39:00,2025-02-04T18:54:00
CMP_202602558,TYP_03,Part-Time Job Scam,115734.25,Andhra Pradesh,District-64,2025-06-27T07:55:00,2025-06-27T14:55:00,2025-06-27T15:15:00
CMP_202602559,TYP_01,OTP / KYC Fraud,12386.1,Karnataka,District-51,2025-01-10T16:03:00,2025-01-10T23:03:00,2025-01-11T00:00:00
CMP_202602560,TYP_05,Sextortion,35950.09,Madhya Pradesh,District-69,2025-04-13T14:45:00,2025-04-14T05:45:00,2025-04-14T06:12:00
CMP_202602561,TYP_02,Fake Loan App,14174.26,Karnataka,District-56,2025-04-02T08:29:00,2025-04-02T09:29:00,2025-04-02T10:04:00
CMP_202602562,TYP_06,Marketplace / OLX Fraud,13137.63,Rajasthan,Bharatpur,2025-03-07T12:27:00,2025-03-07T22:27:00,2025-03-07T22:47:00
CMP_202602563,TYP_03,Part-Time Job Scam,78345.72,Uttar Pradesh,Noida,2025-04-14T12:02:00,2025-04-15T20:02:00,2025-04-15T20:53:00
CMP_202602564,TYP_06,Marketplace / OLX Fraud,6544.84,Karnataka,District-23,2025-01-31T16:40:00,2025-02-01T05:40:00,2025-02-01T06:08:00
CMP_202602565,TYP_06,Marketplace / OLX Fraud,18896.3,West Bengal,Siliguri,2025-02-24T14:46:00,2025-02-24T19:46:00,2025-02-24T20:29:00
CMP_202602566,TYP_01,OTP / KYC Fraud,11443.35,Assam,District-28,2025-03-07T11:25:00,2025-03-07T14:25:00,2025-03-07T15:05:00
CMP_202602567,TYP_03,Part-Time Job Scam,127542.0,Chhattisgarh,District-57,2025-03-02T14:39:00,2025-03-02T16:39:00,2025-03-02T17:16:00
CMP_202602568,TYP_02,Fake Loan App,20165.96,Madhya Pradesh,District-53,2025-02-11T16:04:00,2025-02-12T08:04:00,2025-02-12T08:39:00
CMP_202602569,TYP_03,Part-Time Job Scam,142522.96,Jharkhand,Jamtara,2025-03-10T06:37:00,2025-03-10T08:37:00,2025-03-10T09:20:00
CMP_202602570,TYP_02,Fake Loan App,8946.4,Assam,District-28,2025-03-04T11:34:00,2025-03-05T14:34:00,2025-03-05T14:55:00
CMP_202602571,TYP_02,Fake Loan App,6578.52,Jharkhand,Jamtara,2025-02-02T15:03:00,2025-02-02T22:03:00,2025-02-02T22:30:00
CMP_202602572,TYP_01,OTP / KYC Fraud,36835.13,Bihar,Purnia,2025-06-17T13:59:00,2025-06-17T17:59:00,2025-06-17T18:15:00
CMP_202602573,TYP_05,Sextortion,116055.0,Chhattisgarh,District-71,2025-02-12T13:24:00,2025-02-13T01:24:00,2025-02-13T02:14:00
CMP_202602574,TYP_03,Part-Time Job Scam,63823.59,Karnataka,District-56,2025-03-08T13:24:00,2025-03-09T04:24:00,2025-03-09T04:56:00
CMP_202602575,TYP_02,Fake Loan App,11598.9,Chhattisgarh,District-71,2025-03-25T21:56:00,2025-03-26T00:56:00,2025-03-26T01:53:00
CMP_202602576,TYP_06,Marketplace / OLX Fraud,5205.91,Madhya Pradesh,District-60,2025-02-10T15:09:00,2025-02-11T19:09:00,2025-02-11T19:49:00
CMP_202602577,TYP_06,Marketplace / OLX Fraud,2792.37,Andhra Pradesh,District-44,2025-02-16T09:33:00,2025-02-16T17:33:00,2025-02-16T18:00:00
CMP_202602578,TYP_06,Marketplace / OLX Fraud,10332.74,Kerala,District-59,2025-06-13T14:10:00,2025-06-13T20:10:00,2025-06-13T20:46:00
CMP_202602579,TYP_06,Marketplace / OLX Fraud,23768.24,Bihar,District-38,2025-01-02T11:56:00,2025-01-02T17:56:00,2025-01-02T18:29:00
CMP_202602580,TYP_02,Fake Loan App,9694.01,Jharkhand,District-72,2025-04-25T16:33:00,2025-04-26T21:33:00,2025-04-26T21:56:00
CMP_202602581,TYP_05,Sextortion,36308.11,Haryana,District-63,2025-05-28T12:48:00,2025-05-28T17:48:00,2025-05-28T18:15:00
CMP_202602582,TYP_03,Part-Time Job Scam,48637.97,Madhya Pradesh,District-40,2025-01-27T13:57:00,2025-01-27T14:57:00,2025-01-27T15:22:00
CMP_202602583,TYP_02,Fake Loan App,40174.12,Andhra Pradesh,District-44,2025-04-18T20:13:00,2025-04-19T04:13:00,2025-04-19T05:01:00
CMP_202602584,TYP_06,Marketplace / OLX Fraud,59881.35,Kerala,District-48,2025-02-05T20:19:00,2025-02-06T00:19:00,2025-02-06T00:28:00
CMP_202602585,TYP_02,Fake Loan App,31962.43,Rajasthan,Alwar,2025-01-21T19:01:00,2025-01-22T08:01:00,2025-01-22T08:16:00
CMP_202602586,TYP_03,Part-Time Job Scam,42908.7,Madhya Pradesh,District-60,2025-03-08T20:44:00,2025-03-09T03:44:00,2025-03-09T04:24:00
CMP_202602587,TYP_02,Fake Loan App,4634.93,Madhya Pradesh,District-69,2025-02-09T11:16:00,2025-02-10T18:16:00,2025-02-10T19:15:00
CMP_202602588,TYP_06,Marketplace / OLX Fraud,4361.97,Haryana,District-75,2025-02-16T05:29:00,2025-02-17T07:29:00,2025-02-17T08:07:00
CMP_202602589,TYP_06,Marketplace / OLX Fraud,23424.32,Assam,District-21,2025-03-26T16:17:00,2025-03-27T04:17:00,2025-03-27T04:33:00
CMP_202602590,TYP_06,Marketplace / OLX Fraud,13720.45,West Bengal,Siliguri,2025-03-02T12:44:00,2025-03-02T16:44:00,2025-03-02T16:56:00
CMP_202602591,TYP_06,Marketplace / OLX Fraud,11227.0,Jharkhand,District-45,2025-03-01T21:37:00,2025-03-01T22:37:00,2025-03-01T23:10:00
CMP_202602592,TYP_05,Sextortion,75161.52,Punjab,District-36,2025-01-01T17:59:00,2025-01-02T03:59:00,2025-01-02T04:13:00
CMP_202602593,TYP_01,OTP / KYC Fraud,22523.42,Karnataka,District-56,2025-01-06T09:57:00,2025-01-06T12:57:00,2025-01-06T13:36:00
CMP_202602594,TYP_03,Part-Time Job Scam,70799.14,Uttar Pradesh,Gorakhpur,2025-02-08T15:11:00,2025-02-11T01:11:00,2025-02-11T01:26:00
CMP_202602595,TYP_02,Fake Loan App,70833.27,Madhya Pradesh,District-69,2025-02-25T09:49:00,2025-02-25T17:49:00,2025-02-25T18:05:00
CMP_202602596,TYP_02,Fake Loan App,4710.3,Punjab,Amritsar,2025-03-10T12:04:00,2025-03-10T15:04:00,2025-03-10T15:58:00
CMP_202602597,TYP_02,Fake Loan App,3556.87,Assam,District-28,2025-06-25T10:12:00,2025-06-25T15:12:00,2025-06-25T15:25:00
CMP_202602598,TYP_01,OTP / KYC Fraud,27686.26,Odisha,District-73,2025-04-24T16:05:00,2025-04-24T20:05:00,2025-04-24T20:12:00
CMP_202602599,TYP_06,Marketplace / OLX Fraud,19385.9,Andhra Pradesh,District-64,2025-03-09T14:49:00,2025-03-09T21:49:00,2025-03-09T22:10:00
CMP_202602600,TYP_02,Fake Loan App,20082.83,Uttar Pradesh,Gorakhpur,2025-01-13T15:48:00,2025-01-13T16:48:00,2025-01-13T16:56:00
CMP_202602601,TYP_05,Sextortion,98198.9,Haryana,Mewat,2025-03-23T15:29:00,2025-03-24T07:29:00,2025-03-24T08:27:00
CMP_202602602,TYP_02,Fake Loan App,17086.94,Odisha,District-68,2025-01-31T10:09:00,2025-01-31T13:09:00,2025-01-31T14:01:00
CMP_202602603,TYP_03,Part-Time Job Scam,96502.05,Assam,District-21,2025-03-09T04:42:00,2025-03-09T07:42:00,2025-03-09T07:55:00
CMP_202602604,TYP_05,Sextortion,32520.58,Kerala,District-59,2025-03-17T15:30:00,2025-03-17T18:30:00,2025-03-17T18:50:00
CMP_202602605,TYP_06,Marketplace / OLX Fraud,6687.73,Madhya Pradesh,District-52,2025-05-05T18:40:00,2025-05-05T22:40:00,2025-05-05T23:16:00
CMP_202602606,TYP_04,Investment / Crypto Scam,198485.15,Haryana,District-29,2025-03-19T16:07:00,2025-03-19T17:07:00,2025-03-19T17:46:00
CMP_202602607,TYP_03,Part-Time Job Scam,458508.68,Punjab,District-25,2025-01-15T15:49:00,2025-01-15T20:49:00,2025-01-15T21:47:00
CMP_202602608,TYP_02,Fake Loan App,21131.62,Maharashtra,District-47,2025-05-25T11:54:00,2025-05-26T12:54:00,2025-05-26T13:35:00
CMP_202602609,TYP_03,Part-Time Job Scam,43489.4,Gujarat,District-70,2025-01-17T11:54:00,2025-01-18T02:54:00,2025-01-18T03:23:00
CMP_202602610,TYP_06,Marketplace / OLX Fraud,2649.52,Madhya Pradesh,District-53,2025-03-07T11:17:00,2025-03-07T13:17:00,2025-03-07T14:14:00
CMP_202602611,TYP_03,Part-Time Job Scam,48322.86,Karnataka,District-42,2025-03-27T14:56:00,2025-03-28T09:56:00,2025-03-28T10:30:00
CMP_202602612,TYP_06,Marketplace / OLX Fraud,4514.39,Assam,District-21,2025-01-30T19:43:00,2025-01-31T00:43:00,2025-01-31T01:10:00
CMP_202602613,TYP_06,Marketplace / OLX Fraud,6651.68,Madhya Pradesh,District-60,2025-04-23T19:29:00,2025-04-24T11:29:00,2025-04-24T11:41:00
CMP_202602614,TYP_02,Fake Loan App,16638.55,Madhya Pradesh,District-69,2025-04-22T21:50:00,2025-04-23T01:50:00,2025-04-23T02:35:00
CMP_202602615,TYP_03,Part-Time Job Scam,206361.61,Delhi,South Delhi,2025-01-09T12:30:00,2025-01-10T02:30:00,2025-01-10T03:29:00
CMP_202602616,TYP_02,Fake Loan App,11046.34,Madhya Pradesh,District-53,2025-02-22T11:30:00,2025-02-23T06:30:00,2025-02-23T07:15:00
CMP_202602617,TYP_01,OTP / KYC Fraud,8297.75,Kerala,District-48,2025-03-09T10:42:00,2025-03-09T13:42:00,2025-03-09T14:31:00
CMP_202602618,TYP_02,Fake Loan App,9167.83,Kerala,District-59,2025-01-20T10:29:00,2025-01-20T14:29:00,2025-01-20T14:53:00
CMP_202602619,TYP_05,Sextortion,36883.99,Andhra Pradesh,District-67,2025-05-07T13:36:00,2025-05-07T18:36:00,2025-05-07T18:42:00
CMP_202602620,TYP_05,Sextortion,36250.98,Uttar Pradesh,Noida,2025-01-09T22:11:00,2025-01-09T23:11:00,2025-01-09T23:40:00
CMP_202602621,TYP_05,Sextortion,31618.83,Rajasthan,Bharatpur,2025-02-12T14:22:00,2025-02-13T06:22:00,2025-02-13T07:11:00
CMP_202602622,TYP_02,Fake Loan App,13901.19,Kerala,District-65,2025-06-16T13:07:00,2025-06-17T10:07:00,2025-06-17T10:21:00
CMP_202602623,TYP_05,Sextortion,43686.77,Haryana,District-63,2025-02-13T14:38:00,2025-02-14T01:38:00,2025-02-14T02:30:00
CMP_202602624,TYP_03,Part-Time Job Scam,218782.0,Haryana,Mewat,2025-05-26T19:16:00,2025-05-27T01:16:00,2025-05-27T01:23:00
CMP_202602625,TYP_03,Part-Time Job Scam,211322.57,Uttar Pradesh,District-33,2025-01-14T13:59:00,2025-01-14T23:59:00,2025-01-15T00:10:00
CMP_202602626,TYP_03,Part-Time Job Scam,137537.67,Karnataka,District-61,2025-06-18T15:45:00,2025-06-18T16:45:00,2025-06-18T17:10:00
CMP_202602627,TYP_02,Fake Loan App,25250.56,Karnataka,District-61,2025-02-13T15:23:00,2025-02-13T22:23:00,2025-02-13T22:45:00
CMP_202602628,TYP_01,OTP / KYC Fraud,24236.27,Maharashtra,Mumbai,2025-04-26T18:36:00,2025-04-27T10:36:00,2025-04-27T11:01:00
CMP_202602629,TYP_02,Fake Loan App,9983.98,Telangana,District-39,2025-01-04T10:38:00,2025-01-04T11:38:00,2025-01-04T12:27:00
CMP_202602630,TYP_02,Fake Loan App,15009.22,Andhra Pradesh,District-64,2025-04-10T14:17:00,2025-04-11T02:17:00,2025-04-11T02:56:00
CMP_202602631,TYP_05,Sextortion,43836.9,Gujarat,District-24,2025-06-02T15:05:00,2025-06-03T08:05:00,2025-06-03T08:49:00
CMP_202602632,TYP_02,Fake Loan App,23448.38,Rajasthan,District-46,2025-01-17T09:05:00,2025-01-17T14:05:00,2025-01-17T14:52:00
CMP_202602633,TYP_04,Investment / Crypto Scam,427263.56,Gujarat,District-70,2025-01-12T00:22:00,2025-01-12T07:22:00,2025-01-12T08:01:00
CMP_202602634,TYP_03,Part-Time Job Scam,135601.45,Odisha,District-54,2025-03-27T15:03:00,2025-03-28T00:03:00,2025-03-28T00:41:00
CMP_202602635,TYP_01,OTP / KYC Fraud,80680.92,Rajasthan,District-62,2025-05-18T18:59:00,2025-05-20T11:59:00,2025-05-20T12:36:00
CMP_202602636,TYP_05,Sextortion,91405.04,Uttar Pradesh,Noida,2025-01-27T11:36:00,2025-01-28T08:36:00,2025-01-28T09:16:00
CMP_202602637,TYP_06,Marketplace / OLX Fraud,15821.09,Gujarat,District-24,2025-01-22T18:30:00,2025-01-22T20:30:00,2025-01-22T21:15:00
CMP_202602638,TYP_05,Sextortion,42500.22,Madhya Pradesh,District-60,2025-01-06T13:25:00,2025-01-07T07:25:00,2025-01-07T07:32:00
CMP_202602639,TYP_02,Fake Loan App,17173.75,Jharkhand,Jamtara,2025-01-19T12:46:00,2025-01-19T23:46:00,2025-01-20T00:43:00
CMP_202602640,TYP_02,Fake Loan App,18959.3,Bihar,Purnia,2025-01-07T14:02:00,2025-01-07T20:02:00,2025-01-07T20:42:00
CMP_202602641,TYP_05,Sextortion,108706.46,Assam,District-21,2025-03-03T20:31:00,2025-03-03T22:31:00,2025-03-03T22:57:00
CMP_202602642,TYP_05,Sextortion,32469.38,Maharashtra,District-30,2025-06-17T10:05:00,2025-06-17T18:05:00,2025-06-17T18:26:00
CMP_202602643,TYP_02,Fake Loan App,12167.51,Karnataka,Bengaluru Urban,2025-01-11T10:01:00,2025-01-11T19:01:00,2025-01-11T19:19:00
CMP_202602644,TYP_03,Part-Time Job Scam,106148.93,Uttar Pradesh,District-33,2025-03-20T16:44:00,2025-03-20T18:44:00,2025-03-20T19:28:00
CMP_202602645,TYP_01,OTP / KYC Fraud,12953.64,Bihar,District-38,2025-02-11T20:22:00,2025-02-12T04:22:00,2025-02-12T04:30:00
CMP_202602646,TYP_04,Investment / Crypto Scam,781875.69,Jharkhand,Deoghar,2025-06-21T18:03:00,2025-06-22T03:03:00,2025-06-22T03:56:00
CMP_202602647,TYP_05,Sextortion,68041.06,Madhya Pradesh,District-40,2025-04-12T17:01:00,2025-04-13T16:01:00,2025-04-13T16:40:00
CMP_202602648,TYP_02,Fake Loan App,15379.07,Haryana,District-63,2025-03-15T15:04:00,2025-03-16T21:04:00,2025-03-16T21:49:00
CMP_202602649,TYP_05,Sextortion,37518.11,Jharkhand,District-72,2025-04-15T16:44:00,2025-04-16T20:44:00,2025-04-16T21:13:00
CMP_202602650,TYP_06,Marketplace / OLX Fraud,13922.38,Punjab,District-25,2025-06-15T16:08:00,2025-06-15T17:08:00,2025-06-15T17:41:00
CMP_202602651,TYP_02,Fake Loan App,29120.61,Odisha,District-73,2025-01-21T14:16:00,2025-01-21T15:16:00,2025-01-21T16:04:00
CMP_202602652,TYP_05,Sextortion,71447.41,Gujarat,District-31,2025-01-02T14:05:00,2025-01-03T09:05:00,2025-01-03T09:59:00
CMP_202602653,TYP_03,Part-Time Job Scam,152355.37,West Bengal,Siliguri,2025-01-18T13:09:00,2025-01-18T14:09:00,2025-01-18T14:20:00
CMP_202602654,TYP_05,Sextortion,3334.55,Rajasthan,District-46,2025-02-06T14:05:00,2025-02-06T17:05:00,2025-02-06T17:12:00
CMP_202602655,TYP_05,Sextortion,32660.18,Kerala,District-59,2025-01-23T11:01:00,2025-01-23T22:01:00,2025-01-23T22:28:00
CMP_202602656,TYP_03,Part-Time Job Scam,107261.17,Madhya Pradesh,District-60,2025-01-03T10:53:00,2025-01-03T14:53:00,2025-01-03T15:22:00
CMP_202602657,TYP_06,Marketplace / OLX Fraud,9562.96,Punjab,District-25,2025-05-24T23:40:00,2025-05-26T12:40:00,2025-05-26T13:21:00
CMP_202602658,TYP_06,Marketplace / OLX Fraud,25013.73,Maharashtra,Pune,2025-03-20T16:33:00,2025-03-21T01:33:00,2025-03-21T01:50:00
CMP_202602659,TYP_01,OTP / KYC Fraud,30645.2,Maharashtra,District-47,2025-03-29T17:13:00,2025-03-30T08:13:00,2025-03-30T08:52:00
CMP_202602660,TYP_05,Sextortion,46366.69,Uttar Pradesh,District-33,2025-04-19T18:30:00,2025-04-20T01:30:00,2025-04-20T01:58:00
CMP_202602661,TYP_01,OTP / KYC Fraud,17595.14,Punjab,District-36,2025-03-11T13:13:00,2025-03-11T21:13:00,2025-03-11T21:31:00
CMP_202602662,TYP_06,Marketplace / OLX Fraud,5811.61,Telangana,District-39,2025-02-09T21:10:00,2025-02-09T22:10:00,2025-02-09T22:37:00
CMP_202602663,TYP_02,Fake Loan App,2751.39,Andhra Pradesh,District-64,2025-05-07T13:21:00,2025-05-08T00:21:00,2025-05-08T00:27:00
CMP_202602664,TYP_05,Sextortion,80860.5,Madhya Pradesh,District-40,2025-06-06T20:17:00,2025-06-07T11:17:00,2025-06-07T11:30:00
CMP_202602665,TYP_05,Sextortion,58399.36,Punjab,District-36,2025-06-05T01:35:00,2025-06-05T17:35:00,2025-06-05T18:08:00
CMP_202602666,TYP_03,Part-Time Job Scam,105102.11,Haryana,Gurugram,2025-05-06T23:21:00,2025-05-07T00:21:00,2025-05-07T01:06:00
CMP_202602667,TYP_05,Sextortion,57749.99,Madhya Pradesh,District-60,2025-06-16T16:27:00,2025-06-16T19:27:00,2025-06-16T19:45:00
CMP_202602668,TYP_06,Marketplace / OLX Fraud,66739.04,Uttar Pradesh,Gorakhpur,2025-04-27T12:56:00,2025-04-27T19:56:00,2025-04-27T20:52:00
CMP_202602669,TYP_02,Fake Loan App,34652.09,Odisha,District-73,2025-05-15T12:54:00,2025-05-15T19:54:00,2025-05-15T20:44:00
CMP_202602670,TYP_03,Part-Time Job Scam,114106.68,Telangana,Hyderabad,2025-03-23T15:25:00,2025-03-24T02:25:00,2025-03-24T02:35:00
CMP_202602671,TYP_06,Marketplace / OLX Fraud,7654.22,Odisha,District-68,2025-06-05T08:01:00,2025-06-05T14:01:00,2025-06-05T14:10:00
CMP_202602672,TYP_05,Sextortion,35595.67,Rajasthan,District-46,2025-04-14T14:10:00,2025-04-14T21:10:00,2025-04-14T21:56:00
CMP_202602673,TYP_04,Investment / Crypto Scam,378232.58,Andhra Pradesh,District-44,2025-03-10T20:15:00,2025-03-11T17:15:00,2025-03-11T17:41:00
CMP_202602674,TYP_05,Sextortion,42220.23,Andhra Pradesh,District-64,2025-06-30T08:06:00,2025-06-30T19:06:00,2025-06-30T19:13:00
CMP_202602675,TYP_06,Marketplace / OLX Fraud,39610.9,Odisha,District-73,2025-06-12T11:03:00,2025-06-12T16:03:00,2025-06-12T16:28:00
CMP_202602676,TYP_02,Fake Loan App,73033.86,Gujarat,Ahmedabad,2025-06-15T11:41:00,2025-06-16T01:41:00,2025-06-16T02:03:00
CMP_202602677,TYP_06,Marketplace / OLX Fraud,13710.69,Gujarat,District-50,2025-04-27T11:55:00,2025-04-27T22:55:00,2025-04-27T23:01:00
CMP_202602678,TYP_05,Sextortion,99772.19,Maharashtra,District-47,2025-06-08T17:12:00,2025-06-09T13:12:00,2025-06-09T13:23:00
CMP_202602679,TYP_05,Sextortion,59573.01,Punjab,District-25,2025-04-15T11:35:00,2025-04-16T01:35:00,2025-04-16T02:24:00
CMP_202602680,TYP_05,Sextortion,97499.84,Andhra Pradesh,District-67,2025-03-12T19:21:00,2025-03-14T23:21:00,2025-03-15T00:00:00
CMP_202602681,TYP_02,Fake Loan App,32001.84,Uttar Pradesh,District-37,2025-03-07T12:57:00,2025-03-08T09:57:00,2025-03-08T10:19:00
CMP_202602682,TYP_03,Part-Time Job Scam,116531.33,Telangana,District-39,2025-06-14T04:09:00,2025-06-14T18:09:00,2025-06-14T18:18:00
CMP_202602683,TYP_02,Fake Loan App,22313.86,Gujarat,District-24,2025-02-28T13:29:00,2025-03-01T06:29:00,2025-03-01T06:49:00
CMP_202602684,TYP_02,Fake Loan App,13740.19,Haryana,District-29,2025-03-28T08:01:00,2025-03-29T06:01:00,2025-03-29T06:17:00
CMP_202602685,TYP_05,Sextortion,26834.43,Haryana,District-63,2025-01-29T10:14:00,2025-01-30T12:14:00,2025-01-30T12:49:00
CMP_202602686,TYP_02,Fake Loan App,39739.21,Uttar Pradesh,District-43,2025-02-05T14:10:00,2025-02-06T03:10:00,2025-02-06T03:26:00
CMP_202602687,TYP_03,Part-Time Job Scam,49848.81,Odisha,District-27,2025-05-22T16:19:00,2025-05-22T23:19:00,2025-05-22T23:47:00
CMP_202602688,TYP_03,Part-Time Job Scam,399901.12,Kerala,District-65,2025-04-07T12:46:00,2025-04-07T13:46:00,2025-04-07T14:30:00
CMP_202602689,TYP_06,Marketplace / OLX Fraud,4484.35,Jharkhand,Deoghar,2025-02-26T14:45:00,2025-02-26T16:45:00,2025-02-26T17:31:00
CMP_202602690,TYP_04,Investment / Crypto Scam,448906.56,Haryana,Mewat,2025-05-09T04:41:00,2025-05-09T06:41:00,2025-05-09T07:20:00
CMP_202602691,TYP_05,Sextortion,44775.91,Telangana,District-39,2025-02-17T16:50:00,2025-02-18T05:50:00,2025-02-18T06:27:00
CMP_202602692,TYP_05,Sextortion,28938.59,Rajasthan,District-62,2025-06-25T11:40:00,2025-06-25T18:40:00,2025-06-25T19:36:00
CMP_202602693,TYP_06,Marketplace / OLX Fraud,4519.14,Andhra Pradesh,District-44,2025-05-26T00:27:00,2025-05-26T08:27:00,2025-05-26T09:00:00
CMP_202602694,TYP_02,Fake Loan App,16412.81,Tamil Nadu,District-49,2025-05-05T13:51:00,2025-05-05T21:51:00,2025-05-05T22:33:00
CMP_202602695,TYP_04,Investment / Crypto Scam,213836.13,Kerala,District-48,2025-06-22T14:10:00,2025-06-23T15:10:00,2025-06-23T16:09:00
CMP_202602696,TYP_03,Part-Time Job Scam,86004.72,Haryana,District-29,2025-01-22T11:48:00,2025-01-22T16:48:00,2025-01-22T17:39:00
CMP_202602697,TYP_03,Part-Time Job Scam,482272.38,Odisha,District-68,2025-04-22T11:53:00,2025-04-23T14:53:00,2025-04-23T15:31:00
CMP_202602698,TYP_02,Fake Loan App,25408.68,Chhattisgarh,District-71,2025-02-06T11:25:00,2025-02-07T07:25:00,2025-02-07T08:18:00
CMP_202602699,TYP_02,Fake Loan App,62317.23,Jharkhand,District-45,2025-03-11T08:04:00,2025-03-11T23:04:00,2025-03-11T23:45:00
CMP_202602700,TYP_01,OTP / KYC Fraud,9268.64,Rajasthan,Alwar,2025-02-01T02:58:00,2025-02-01T06:58:00,2025-02-01T07:33:00
CMP_202602701,TYP_05,Sextortion,151243.02,Haryana,Mewat,2025-05-23T17:36:00,2025-05-26T04:36:00,2025-05-26T04:48:00
CMP_202602702,TYP_01,OTP / KYC Fraud,33761.14,Karnataka,District-34,2025-06-20T06:41:00,2025-06-20T08:41:00,2025-06-20T09:22:00
CMP_202602703,TYP_05,Sextortion,5050.1,Chhattisgarh,District-57,2025-01-14T12:17:00,2025-01-14T22:17:00,2025-01-14T23:05:00
CMP_202602704,TYP_01,OTP / KYC Fraud,9744.32,Karnataka,District-42,2025-03-13T11:42:00,2025-03-13T20:42:00,2025-03-13T20:49:00
CMP_202602705,TYP_05,Sextortion,6369.23,Karnataka,District-51,2025-06-09T12:42:00,2025-06-10T09:42:00,2025-06-10T09:52:00
CMP_202602706,TYP_05,Sextortion,47054.24,Uttar Pradesh,Noida,2025-02-14T16:05:00,2025-02-14T20:05:00,2025-02-14T20:19:00
CMP_202602707,TYP_02,Fake Loan App,16092.75,Maharashtra,District-32,2025-05-13T08:50:00,2025-05-13T09:50:00,2025-05-13T10:29:00
CMP_202602708,TYP_06,Marketplace / OLX Fraud,19996.57,West Bengal,District-35,2025-04-07T20:36:00,2025-04-08T04:36:00,2025-04-08T05:20:00
CMP_202602709,TYP_05,Sextortion,33510.56,Rajasthan,Alwar,2025-04-22T12:51:00,2025-04-22T17:51:00,2025-04-22T18:23:00
CMP_202602710,TYP_05,Sextortion,62084.77,Maharashtra,District-30,2025-02-05T14:19:00,2025-02-05T21:19:00,2025-02-05T22:03:00
CMP_202602711,TYP_06,Marketplace / OLX Fraud,18934.31,Chhattisgarh,District-57,2025-06-14T16:50:00,2025-06-14T17:50:00,2025-06-14T18:13:00
CMP_202602712,TYP_02,Fake Loan App,38830.7,Odisha,District-27,2025-04-11T15:12:00,2025-04-12T11:12:00,2025-04-12T12:02:00
CMP_202602713,TYP_02,Fake Loan App,15923.07,Odisha,District-73,2025-02-25T19:31:00,2025-02-26T00:31:00,2025-02-26T01:22:00
CMP_202602714,TYP_04,Investment / Crypto Scam,1249576.98,Jharkhand,Jamtara,2025-02-15T14:38:00,2025-02-15T17:38:00,2025-02-15T17:51:00
CMP_202602715,TYP_05,Sextortion,100647.98,Chhattisgarh,District-71,2025-03-24T16:03:00,2025-03-24T20:03:00,2025-03-24T20:54:00
CMP_202602716,TYP_02,Fake Loan App,27018.7,Haryana,District-29,2025-01-23T12:15:00,2025-01-23T15:15:00,2025-01-23T15:55:00
CMP_202602717,TYP_05,Sextortion,17856.37,Karnataka,District-56,2025-04-27T14:47:00,2025-04-27T16:47:00,2025-04-27T17:41:00
CMP_202602718,TYP_06,Marketplace / OLX Fraud,6541.31,Andhra Pradesh,District-64,2025-06-22T12:26:00,2025-06-22T15:26:00,2025-06-22T15:35:00
CMP_202602719,TYP_01,OTP / KYC Fraud,127209.35,Uttar Pradesh,District-37,2025-06-19T15:57:00,2025-06-19T22:57:00,2025-06-19T23:11:00
CMP_202602720,TYP_06,Marketplace / OLX Fraud,4221.99,Haryana,District-75,2025-02-23T14:41:00,2025-02-23T17:41:00,2025-02-23T18:27:00
CMP_202602721,TYP_02,Fake Loan App,14969.29,Andhra Pradesh,District-67,2025-03-02T13:51:00,2025-03-02T15:51:00,2025-03-02T15:58:00
CMP_202602722,TYP_04,Investment / Crypto Scam,380003.27,Madhya Pradesh,District-40,2025-03-10T14:16:00,2025-03-10T15:16:00,2025-03-10T15:30:00
CMP_202602723,TYP_02,Fake Loan App,26699.11,Kerala,District-65,2025-03-26T07:35:00,2025-03-26T08:35:00,2025-03-26T08:56:00
CMP_202602724,TYP_04,Investment / Crypto Scam,220727.74,Kerala,District-48,2025-04-23T12:58:00,2025-04-24T16:58:00,2025-04-24T17:07:00
CMP_202602725,TYP_01,OTP / KYC Fraud,17098.6,Chhattisgarh,District-71,2025-04-30T18:50:00,2025-05-01T09:50:00,2025-05-01T10:45:00
CMP_202602726,TYP_05,Sextortion,101924.95,Telangana,District-39,2025-02-13T11:49:00,2025-02-13T16:49:00,2025-02-13T17:31:00
CMP_202602727,TYP_01,OTP / KYC Fraud,46760.21,Assam,District-28,2025-01-13T17:24:00,2025-01-13T23:24:00,2025-01-13T23:51:00
CMP_202602728,TYP_02,Fake Loan App,56834.19,Kerala,District-65,2025-03-18T10:41:00,2025-03-18T20:41:00,2025-03-18T21:27:00
CMP_202602729,TYP_01,OTP / KYC Fraud,8471.91,Karnataka,District-34,2025-02-02T16:51:00,2025-02-03T00:51:00,2025-02-03T00:59:00
CMP_202602730,TYP_05,Sextortion,12713.65,Bihar,District-38,2025-01-30T16:14:00,2025-01-31T02:14:00,2025-01-31T02:33:00
CMP_202602731,TYP_06,Marketplace / OLX Fraud,5041.13,Telangana,Hyderabad,2025-02-06T15:15:00,2025-02-07T06:15:00,2025-02-07T07:12:00
CMP_202602732,TYP_01,OTP / KYC Fraud,31477.91,West Bengal,District-66,2025-05-16T07:12:00,2025-05-16T22:12:00,2025-05-16T22:27:00
CMP_202602733,TYP_02,Fake Loan App,14377.59,Haryana,District-75,2025-01-29T15:45:00,2025-01-29T16:45:00,2025-01-29T17:38:00
CMP_202602734,TYP_01,OTP / KYC Fraud,13495.73,Andhra Pradesh,District-58,2025-03-15T12:41:00,2025-03-15T13:41:00,2025-03-15T14:12:00
CMP_202602735,TYP_05,Sextortion,109248.64,Assam,District-28,2025-01-12T17:42:00,2025-01-13T05:42:00,2025-01-13T06:29:00
CMP_202602736,TYP_02,Fake Loan App,14491.71,West Bengal,District-66,2025-03-31T13:15:00,2025-03-31T16:15:00,2025-03-31T16:41:00
CMP_202602737,TYP_03,Part-Time Job Scam,234420.86,Andhra Pradesh,District-26,2025-03-02T10:13:00,2025-03-02T18:13:00,2025-03-02T18:22:00
CMP_202602738,TYP_02,Fake Loan App,4198.56,Karnataka,District-74,2025-06-28T19:09:00,2025-06-28T20:09:00,2025-06-28T20:42:00
CMP_202602739,TYP_06,Marketplace / OLX Fraud,23229.5,Odisha,District-22,2025-01-12T15:07:00,2025-01-12T23:07:00,2025-01-12T23:58:00
CMP_202602740,TYP_01,OTP / KYC Fraud,39274.3,Andhra Pradesh,District-58,2025-04-24T09:50:00,2025-04-24T21:50:00,2025-04-24T21:59:00
CMP_202602741,TYP_02,Fake Loan App,8821.53,Gujarat,District-31,2025-03-21T14:53:00,2025-03-23T07:53:00,2025-03-23T08:36:00
CMP_202602742,TYP_05,Sextortion,123172.74,Andhra Pradesh,District-64,2025-03-25T13:08:00,2025-03-25T16:08:00,2025-03-25T17:05:00
CMP_202602743,TYP_06,Marketplace / OLX Fraud,8639.77,Maharashtra,Mumbai,2025-06-21T14:33:00,2025-06-21T19:33:00,2025-06-21T20:15:00
CMP_202602744,TYP_02,Fake Loan App,13163.04,Maharashtra,District-30,2025-03-13T14:56:00,2025-03-14T15:56:00,2025-03-14T16:19:00
CMP_202602745,TYP_03,Part-Time Job Scam,109055.38,Karnataka,Bengaluru Urban,2025-03-30T07:23:00,2025-03-30T11:23:00,2025-03-30T12:21:00
CMP_202602746,TYP_03,Part-Time Job Scam,45934.72,West Bengal,District-35,2025-05-23T14:07:00,2025-05-23T16:07:00,2025-05-23T16:35:00
CMP_202602747,TYP_03,Part-Time Job Scam,562529.52,Bihar,District-38,2025-02-26T18:15:00,2025-02-28T13:15:00,2025-02-28T14:03:00
CMP_202602748,TYP_02,Fake Loan App,14094.04,Uttar Pradesh,District-37,2025-03-01T14:03:00,2025-03-01T20:03:00,2025-03-01T20:29:00
CMP_202602749,TYP_03,Part-Time Job Scam,137430.41,Uttar Pradesh,Gorakhpur,2025-02-28T14:35:00,2025-02-28T23:35:00,2025-02-28T23:49:00
CMP_202602750,TYP_06,Marketplace / OLX Fraud,15467.56,Jharkhand,District-45,2025-03-29T15:18:00,2025-03-29T19:18:00,2025-03-29T19:32:00
CMP_202602751,TYP_04,Investment / Crypto Scam,197145.66,Bihar,Purnia,2025-02-02T16:30:00,2025-02-03T00:30:00,2025-02-03T00:38:00
CMP_202602752,TYP_05,Sextortion,49855.6,Karnataka,District-42,2025-06-24T10:50:00,2025-06-25T13:50:00,2025-06-25T14:00:00
CMP_202602753,TYP_05,Sextortion,39154.56,Bihar,District-38,2025-01-10T07:26:00,2025-01-11T01:26:00,2025-01-11T01:40:00
CMP_202602754,TYP_04,Investment / Crypto Scam,733556.37,Karnataka,District-34,2025-01-30T18:54:00,2025-01-30T22:54:00,2025-01-30T23:40:00
CMP_202602755,TYP_06,Marketplace / OLX Fraud,26629.61,Uttar Pradesh,District-33,2025-05-25T16:08:00,2025-05-27T19:08:00,2025-05-27T19:22:00
CMP_202602756,TYP_02,Fake Loan App,5910.99,Uttar Pradesh,Mathura,2025-06-01T14:00:00,2025-06-01T17:00:00,2025-06-01T17:37:00
CMP_202602757,TYP_04,Investment / Crypto Scam,359255.37,Bihar,Purnia,2025-04-06T15:01:00,2025-04-06T21:01:00,2025-04-06T21:37:00
CMP_202602758,TYP_05,Sextortion,19797.2,Kerala,District-48,2025-03-01T14:31:00,2025-03-02T01:31:00,2025-03-02T01:43:00
CMP_202602759,TYP_05,Sextortion,71126.45,Uttar Pradesh,District-33,2025-02-13T15:49:00,2025-02-13T18:49:00,2025-02-13T19:42:00
CMP_202602760,TYP_03,Part-Time Job Scam,50805.51,Rajasthan,Bharatpur,2025-04-13T06:01:00,2025-04-13T11:01:00,2025-04-13T11:39:00
CMP_202602761,TYP_01,OTP / KYC Fraud,35218.86,Andhra Pradesh,District-44,2025-04-10T13:10:00,2025-04-10T19:10:00,2025-04-10T20:06:00
CMP_202602762,TYP_06,Marketplace / OLX Fraud,11219.65,Haryana,District-75,2025-01-24T15:26:00,2025-01-24T18:26:00,2025-01-24T18:55:00
CMP_202602763,TYP_05,Sextortion,68010.7,Haryana,Gurugram,2025-03-18T20:16:00,2025-03-18T22:16:00,2025-03-18T22:52:00
CMP_202602764,TYP_05,Sextortion,32095.04,Jharkhand,District-72,2025-05-29T15:56:00,2025-05-30T03:56:00,2025-05-30T04:05:00
CMP_202602765,TYP_02,Fake Loan App,2800.26,Jharkhand,Deoghar,2025-01-13T18:22:00,2025-01-13T20:22:00,2025-01-13T21:21:00
CMP_202602766,TYP_01,OTP / KYC Fraud,32039.66,Karnataka,District-34,2025-04-27T17:48:00,2025-04-27T21:48:00,2025-04-27T22:35:00
CMP_202602767,TYP_02,Fake Loan App,17800.88,Gujarat,District-50,2025-03-01T17:41:00,2025-03-01T19:41:00,2025-03-01T20:37:00
CMP_202602768,TYP_06,Marketplace / OLX Fraud,10156.5,Madhya Pradesh,District-52,2025-01-03T15:01:00,2025-01-03T19:01:00,2025-01-03T19:56:00
CMP_202602769,TYP_05,Sextortion,42399.08,Jharkhand,Deoghar,2025-02-20T14:32:00,2025-02-20T17:32:00,2025-02-20T17:51:00
CMP_202602770,TYP_01,OTP / KYC Fraud,50992.21,Chhattisgarh,District-71,2025-06-14T19:00:00,2025-06-14T20:00:00,2025-06-14T20:13:00
CMP_202602771,TYP_02,Fake Loan App,64435.88,Gujarat,District-50,2025-04-21T16:05:00,2025-04-21T22:05:00,2025-04-21T22:54:00
CMP_202602772,TYP_06,Marketplace / OLX Fraud,9802.24,Telangana,District-39,2025-02-25T16:34:00,2025-02-26T10:34:00,2025-02-26T11:30:00
CMP_202602773,TYP_06,Marketplace / OLX Fraud,5573.31,Madhya Pradesh,District-41,2025-05-26T13:35:00,2025-05-26T17:35:00,2025-05-26T17:56:00
CMP_202602774,TYP_02,Fake Loan App,30920.11,Uttar Pradesh,District-33,2025-05-01T11:07:00,2025-05-01T14:07:00,2025-05-01T14:44:00
CMP_202602775,TYP_01,OTP / KYC Fraud,55563.58,Karnataka,District-23,2025-02-10T11:00:00,2025-02-10T19:00:00,2025-02-10T19:06:00
CMP_202602776,TYP_06,Marketplace / OLX Fraud,21792.18,Gujarat,District-24,2025-06-12T16:40:00,2025-06-12T19:40:00,2025-06-12T19:51:00
CMP_202602777,TYP_02,Fake Loan App,5365.1,Assam,District-21,2025-03-26T23:44:00,2025-03-28T03:44:00,2025-03-28T04:09:00
CMP_202602778,TYP_03,Part-Time Job Scam,226467.94,Karnataka,District-23,2025-04-15T10:09:00,2025-04-16T07:09:00,2025-04-16T07:46:00
CMP_202602779,TYP_05,Sextortion,11303.43,Madhya Pradesh,District-52,2025-01-26T09:19:00,2025-01-26T14:19:00,2025-01-26T14:39:00
CMP_202602780,TYP_02,Fake Loan App,8996.05,Jharkhand,Deoghar,2025-05-22T12:36:00,2025-05-23T00:36:00,2025-05-23T00:49:00
CMP_202602781,TYP_04,Investment / Crypto Scam,293460.55,Uttar Pradesh,Gorakhpur,2025-06-14T12:51:00,2025-06-14T21:51:00,2025-06-14T22:25:00
CMP_202602782,TYP_06,Marketplace / OLX Fraud,18428.54,Andhra Pradesh,District-64,2025-03-27T13:04:00,2025-03-27T16:04:00,2025-03-27T16:55:00
CMP_202602783,TYP_03,Part-Time Job Scam,90547.52,Maharashtra,District-30,2025-05-26T15:47:00,2025-05-28T08:47:00,2025-05-28T09:21:00
CMP_202602784,TYP_02,Fake Loan App,21549.9,Maharashtra,Mumbai,2025-01-09T13:57:00,2025-01-09T16:57:00,2025-01-09T17:46:00
CMP_202602785,TYP_02,Fake Loan App,14033.79,Punjab,District-25,2025-02-27T14:16:00,2025-02-27T15:16:00,2025-02-27T15:56:00
CMP_202602786,TYP_02,Fake Loan App,11408.35,Madhya Pradesh,District-60,2025-03-22T16:54:00,2025-03-23T07:54:00,2025-03-23T08:30:00
CMP_202602787,TYP_02,Fake Loan App,37414.82,Odisha,District-54,2025-01-18T02:29:00,2025-01-18T20:29:00,2025-01-18T20:46:00
CMP_202602788,TYP_05,Sextortion,47820.5,Karnataka,District-74,2025-02-09T13:16:00,2025-02-10T06:16:00,2025-02-10T06:51:00
CMP_202602789,TYP_05,Sextortion,75512.07,Rajasthan,Alwar,2025-04-25T00:09:00,2025-04-25T02:09:00,2025-04-25T02:45:00
CMP_202602790,TYP_05,Sextortion,85033.0,Maharashtra,District-30,2025-02-16T21:24:00,2025-02-17T02:24:00,2025-02-17T02:41:00
CMP_202602791,TYP_03,Part-Time Job Scam,128992.92,West Bengal,Siliguri,2025-06-07T22:32:00,2025-06-09T18:32:00,2025-06-09T18:49:00
CMP_202602792,TYP_05,Sextortion,56458.37,Madhya Pradesh,District-53,2025-02-05T11:32:00,2025-02-05T12:32:00,2025-02-05T13:06:00
CMP_202602793,TYP_05,Sextortion,33933.04,Gujarat,District-31,2025-01-31T12:24:00,2025-01-31T13:24:00,2025-01-31T14:24:00
CMP_202602794,TYP_02,Fake Loan App,21732.49,Uttar Pradesh,Mathura,2025-01-10T10:44:00,2025-01-11T01:44:00,2025-01-11T02:41:00
CMP_202602795,TYP_04,Investment / Crypto Scam,644413.61,Madhya Pradesh,District-69,2025-06-25T07:53:00,2025-06-26T16:53:00,2025-06-26T17:31:00
CMP_202602796,TYP_05,Sextortion,17738.29,Madhya Pradesh,District-41,2025-06-26T13:53:00,2025-06-26T22:53:00,2025-06-26T23:20:00
CMP_202602797,TYP_06,Marketplace / OLX Fraud,6116.86,Telangana,District-39,2025-03-13T10:54:00,2025-03-13T11:54:00,2025-03-13T11:59:00
CMP_202602798,TYP_01,OTP / KYC Fraud,26777.95,Karnataka,District-74,2025-06-08T11:01:00,2025-06-08T18:01:00,2025-06-08T18:17:00
CMP_202602799,TYP_02,Fake Loan App,30423.86,Punjab,Amritsar,2025-04-01T13:14:00,2025-04-01T16:14:00,2025-04-01T16:53:00
CMP_202602800,TYP_02,Fake Loan App,6843.43,Delhi,South Delhi,2025-03-19T09:48:00,2025-03-19T11:48:00,2025-03-19T11:58:00
CMP_202602801,TYP_06,Marketplace / OLX Fraud,30171.18,Jharkhand,District-45,2025-01-04T12:09:00,2025-01-04T13:09:00,2025-01-04T13:57:00
CMP_202602802,TYP_06,Marketplace / OLX Fraud,26973.52,Haryana,District-63,2025-03-01T11:00:00,2025-03-02T20:00:00,2025-03-02T20:44:00
CMP_202602803,TYP_05,Sextortion,17700.78,Uttar Pradesh,Mathura,2025-02-10T09:04:00,2025-02-10T12:04:00,2025-02-10T12:37:00
CMP_202602804,TYP_02,Fake Loan App,21557.81,Andhra Pradesh,District-44,2025-04-04T12:52:00,2025-04-04T23:52:00,2025-04-04T23:59:00
CMP_202602805,TYP_05,Sextortion,91409.1,Chhattisgarh,District-57,2025-03-30T09:24:00,2025-03-31T01:24:00,2025-03-31T01:47:00
CMP_202602806,TYP_05,Sextortion,61527.22,Punjab,District-25,2025-01-22T09:56:00,2025-01-23T05:56:00,2025-01-23T06:38:00
CMP_202602807,TYP_02,Fake Loan App,23129.19,Gujarat,Ahmedabad,2025-06-10T15:45:00,2025-06-10T16:45:00,2025-06-10T17:00:00
CMP_202602808,TYP_02,Fake Loan App,15934.8,Telangana,Hyderabad,2025-05-11T07:51:00,2025-05-11T13:51:00,2025-05-11T14:29:00
CMP_202602809,TYP_05,Sextortion,21357.22,Karnataka,District-74,2025-04-21T08:54:00,2025-04-21T10:54:00,2025-04-21T11:39:00
CMP_202602810,TYP_04,Investment / Crypto Scam,92065.04,Odisha,District-22,2025-06-04T12:10:00,2025-06-04T15:10:00,2025-06-04T15:56:00
CMP_202602811,TYP_02,Fake Loan App,7744.84,Andhra Pradesh,District-58,2025-03-06T15:59:00,2025-03-07T12:59:00,2025-03-07T13:27:00
CMP_202602812,TYP_04,Investment / Crypto Scam,283336.03,Andhra Pradesh,District-26,2025-03-12T14:14:00,2025-03-12T16:14:00,2025-03-12T16:59:00
CMP_202602813,TYP_02,Fake Loan App,3771.42,Madhya Pradesh,District-41,2025-04-07T06:09:00,2025-04-07T13:09:00,2025-04-07T13:41:00
CMP_202602814,TYP_02,Fake Loan App,10011.45,Odisha,District-27,2025-04-29T20:18:00,2025-04-30T11:18:00,2025-04-30T11:53:00
CMP_202602815,TYP_02,Fake Loan App,15463.8,Rajasthan,District-62,2025-02-17T11:19:00,2025-02-17T15:19:00,2025-02-17T16:13:00
CMP_202602816,TYP_02,Fake Loan App,22218.5,Madhya Pradesh,District-69,2025-06-20T19:31:00,2025-06-20T23:31:00,2025-06-21T00:16:00
CMP_202602817,TYP_01,OTP / KYC Fraud,26038.47,Uttar Pradesh,District-37,2025-06-18T14:53:00,2025-06-19T12:53:00,2025-06-19T13:51:00
CMP_202602818,TYP_02,Fake Loan App,36445.65,Rajasthan,Alwar,2025-02-15T12:54:00,2025-02-15T23:54:00,2025-02-16T00:28:00
CMP_202602819,TYP_05,Sextortion,32631.85,Punjab,District-25,2025-02-06T12:20:00,2025-02-07T01:20:00,2025-02-07T02:15:00
CMP_202602820,TYP_02,Fake Loan App,14898.21,Telangana,Hyderabad,2025-03-28T11:16:00,2025-03-29T07:16:00,2025-03-29T07:28:00
CMP_202602821,TYP_05,Sextortion,22633.52,Madhya Pradesh,District-60,2025-05-04T13:00:00,2025-05-06T20:00:00,2025-05-06T20:12:00
CMP_202602822,TYP_02,Fake Loan App,14895.96,Gujarat,District-70,2025-06-01T14:21:00,2025-06-01T17:21:00,2025-06-01T17:50:00
CMP_202602823,TYP_03,Part-Time Job Scam,61724.89,Assam,District-21,2025-05-31T17:01:00,2025-05-31T18:01:00,2025-05-31T18:25:00
CMP_202602824,TYP_06,Marketplace / OLX Fraud,8329.55,Jharkhand,District-72,2025-05-12T09:02:00,2025-05-12T20:02:00,2025-05-12T20:44:00
CMP_202602825,TYP_03,Part-Time Job Scam,95266.21,Gujarat,Ahmedabad,2025-02-13T19:07:00,2025-02-14T00:07:00,2025-02-14T00:18:00
CMP_202602826,TYP_04,Investment / Crypto Scam,268280.51,Rajasthan,Bharatpur,2025-05-04T04:35:00,2025-05-04T10:35:00,2025-05-04T10:47:00
CMP_202602827,TYP_03,Part-Time Job Scam,90207.11,Gujarat,District-50,2025-06-13T18:54:00,2025-06-13T23:54:00,2025-06-14T00:48:00
CMP_202602828,TYP_02,Fake Loan App,18004.23,Jharkhand,District-45,2025-04-13T08:35:00,2025-04-13T14:35:00,2025-04-13T15:21:00
CMP_202602829,TYP_03,Part-Time Job Scam,260887.82,Kerala,District-48,2025-04-23T16:32:00,2025-04-23T19:32:00,2025-04-23T20:08:00
CMP_202602830,TYP_02,Fake Loan App,13362.63,Assam,District-21,2025-06-23T19:39:00,2025-06-23T21:39:00,2025-06-23T22:08:00
CMP_202602831,TYP_05,Sextortion,85781.88,Jharkhand,Deoghar,2025-05-31T08:57:00,2025-05-31T18:57:00,2025-05-31T19:41:00
CMP_202602832,TYP_01,OTP / KYC Fraud,10472.45,Gujarat,District-70,2025-05-18T19:17:00,2025-05-19T05:17:00,2025-05-19T05:34:00
CMP_202602833,TYP_04,Investment / Crypto Scam,600208.72,Andhra Pradesh,District-44,2025-06-12T14:27:00,2025-06-12T15:27:00,2025-06-12T16:17:00
CMP_202602834,TYP_02,Fake Loan App,29309.36,Jharkhand,Jamtara,2025-02-18T08:41:00,2025-02-18T09:41:00,2025-02-18T09:47:00
CMP_202602835,TYP_02,Fake Loan App,6535.07,Uttar Pradesh,Mathura,2025-05-17T16:50:00,2025-05-18T02:50:00,2025-05-18T03:48:00
CMP_202602836,TYP_05,Sextortion,41692.21,Jharkhand,District-45,2025-01-30T14:05:00,2025-01-31T01:05:00,2025-01-31T02:01:00
CMP_202602837,TYP_01,OTP / KYC Fraud,11450.2,Haryana,District-63,2025-02-21T20:04:00,2025-02-21T21:04:00,2025-02-21T21:45:00
CMP_202602838,TYP_01,OTP / KYC Fraud,4327.12,Uttar Pradesh,District-33,2025-06-25T21:22:00,2025-06-26T05:22:00,2025-06-26T05:45:00
CMP_202602839,TYP_02,Fake Loan App,5901.69,Kerala,District-48,2025-05-01T14:44:00,2025-05-02T14:44:00,2025-05-02T15:30:00
CMP_202602840,TYP_06,Marketplace / OLX Fraud,1876.36,Jharkhand,District-45,2025-06-23T15:39:00,2025-06-23T16:39:00,2025-06-23T17:14:00
CMP_202602841,TYP_03,Part-Time Job Scam,57196.25,Jharkhand,Jamtara,2025-05-10T11:42:00,2025-05-10T16:42:00,2025-05-10T16:47:00
CMP_202602842,TYP_02,Fake Loan App,28586.65,Gujarat,District-31,2025-01-11T14:16:00,2025-01-11T17:16:00,2025-01-11T17:45:00
CMP_202602843,TYP_06,Marketplace / OLX Fraud,5250.54,Uttar Pradesh,Mathura,2025-02-27T11:27:00,2025-02-27T13:27:00,2025-02-27T14:23:00
CMP_202602844,TYP_06,Marketplace / OLX Fraud,28317.37,Telangana,Hyderabad,2025-05-27T15:59:00,2025-05-27T20:59:00,2025-05-27T21:28:00
CMP_202602845,TYP_03,Part-Time Job Scam,42214.56,Jharkhand,District-72,2025-02-07T16:16:00,2025-02-08T10:16:00,2025-02-08T11:05:00
CMP_202602846,TYP_05,Sextortion,88238.44,Gujarat,District-50,2025-01-23T21:53:00,2025-01-24T03:53:00,2025-01-24T04:36:00
CMP_202602847,TYP_01,OTP / KYC Fraud,8082.84,Kerala,District-48,2025-01-03T11:07:00,2025-01-04T01:07:00,2025-01-04T01:55:00
CMP_202602848,TYP_02,Fake Loan App,21274.56,Karnataka,District-61,2025-06-23T11:02:00,2025-06-24T05:02:00,2025-06-24T06:02:00
CMP_202602849,TYP_06,Marketplace / OLX Fraud,7083.98,Andhra Pradesh,District-44,2025-06-10T19:32:00,2025-06-11T00:32:00,2025-06-11T00:42:00
CMP_202602850,TYP_02,Fake Loan App,10066.41,Haryana,District-63,2025-02-17T19:11:00,2025-02-18T06:11:00,2025-02-18T06:33:00
CMP_202602851,TYP_02,Fake Loan App,5742.87,Rajasthan,Bharatpur,2025-06-23T12:36:00,2025-06-23T18:36:00,2025-06-23T19:03:00
CMP_202602852,TYP_02,Fake Loan App,63549.66,West Bengal,Kolkata,2025-06-01T15:31:00,2025-06-01T23:31:00,2025-06-02T00:28:00
CMP_202602853,TYP_05,Sextortion,13825.35,Uttar Pradesh,Noida,2025-01-30T09:45:00,2025-01-30T14:45:00,2025-01-30T15:20:00
CMP_202602854,TYP_03,Part-Time Job Scam,53384.78,Andhra Pradesh,District-64,2025-01-29T13:12:00,2025-01-29T15:12:00,2025-01-29T15:38:00
CMP_202602855,TYP_06,Marketplace / OLX Fraud,5367.54,Kerala,District-48,2025-05-29T11:11:00,2025-05-31T23:11:00,2025-05-31T23:36:00
CMP_202602856,TYP_06,Marketplace / OLX Fraud,16258.92,Uttar Pradesh,Gorakhpur,2025-01-22T11:41:00,2025-01-22T16:41:00,2025-01-22T17:00:00
CMP_202602857,TYP_02,Fake Loan App,22400.92,Delhi,South Delhi,2025-05-17T13:13:00,2025-05-17T16:13:00,2025-05-17T16:18:00
CMP_202602858,TYP_05,Sextortion,12309.99,Rajasthan,Alwar,2025-05-28T12:15:00,2025-05-28T14:15:00,2025-05-28T14:54:00
CMP_202602859,TYP_04,Investment / Crypto Scam,474533.52,Maharashtra,District-30,2025-01-14T08:30:00,2025-01-14T11:30:00,2025-01-14T12:27:00
CMP_202602860,TYP_01,OTP / KYC Fraud,33424.84,Karnataka,Bengaluru Urban,2025-01-04T13:47:00,2025-01-04T17:47:00,2025-01-04T18:22:00
CMP_202602861,TYP_06,Marketplace / OLX Fraud,4240.85,Uttar Pradesh,District-43,2025-06-28T08:07:00,2025-06-28T12:07:00,2025-06-28T13:02:00
CMP_202602862,TYP_02,Fake Loan App,15077.78,Maharashtra,Pune,2025-02-14T16:23:00,2025-02-15T00:23:00,2025-02-15T01:13:00
CMP_202602863,TYP_05,Sextortion,44107.88,Uttar Pradesh,District-37,2025-06-22T10:52:00,2025-06-24T06:52:00,2025-06-24T07:22:00
CMP_202602864,TYP_03,Part-Time Job Scam,175592.68,West Bengal,District-66,2025-05-21T15:07:00,2025-05-22T00:07:00,2025-05-22T00:59:00
CMP_202602865,TYP_02,Fake Loan App,16307.46,Odisha,District-54,2025-05-29T10:49:00,2025-05-29T17:49:00,2025-05-29T18:06:00
CMP_202602866,TYP_05,Sextortion,7618.28,Gujarat,District-31,2025-01-07T15:24:00,2025-01-07T18:24:00,2025-01-07T19:13:00
CMP_202602867,TYP_03,Part-Time Job Scam,31946.79,West Bengal,District-35,2025-04-15T10:53:00,2025-04-15T16:53:00,2025-04-15T17:27:00
CMP_202602868,TYP_06,Marketplace / OLX Fraud,1000.0,Odisha,District-27,2025-03-26T11:42:00,2025-03-26T15:42:00,2025-03-26T16:25:00
CMP_202602869,TYP_02,Fake Loan App,6703.02,Haryana,District-29,2025-03-31T16:22:00,2025-03-31T20:22:00,2025-03-31T20:34:00
CMP_202602870,TYP_05,Sextortion,14675.47,Karnataka,District-61,2025-05-04T17:50:00,2025-05-04T18:50:00,2025-05-04T19:05:00
CMP_202602871,TYP_02,Fake Loan App,30103.86,Uttar Pradesh,District-37,2025-04-01T21:23:00,2025-04-02T02:23:00,2025-04-02T03:14:00
CMP_202602872,TYP_02,Fake Loan App,18836.66,Karnataka,District-56,2025-06-03T08:25:00,2025-06-03T16:25:00,2025-06-03T16:49:00
CMP_202602873,TYP_02,Fake Loan App,63693.77,Maharashtra,District-30,2025-01-02T16:55:00,2025-01-02T17:55:00,2025-01-02T18:40:00
CMP_202602874,TYP_02,Fake Loan App,24561.94,Odisha,District-73,2025-05-20T13:46:00,2025-05-20T15:46:00,2025-05-20T16:03:00
CMP_202602875,TYP_06,Marketplace / OLX Fraud,16820.79,Andhra Pradesh,District-44,2025-04-25T09:56:00,2025-04-26T10:56:00,2025-04-26T11:53:00
CMP_202602876,TYP_04,Investment / Crypto Scam,1754912.27,Maharashtra,District-32,2025-04-21T21:43:00,2025-04-23T07:43:00,2025-04-23T08:05:00
CMP_202602877,TYP_03,Part-Time Job Scam,49230.83,West Bengal,District-66,2025-05-16T15:19:00,2025-05-17T00:19:00,2025-05-17T01:01:00
CMP_202602878,TYP_02,Fake Loan App,4141.63,Haryana,District-29,2025-03-27T05:09:00,2025-03-27T06:09:00,2025-03-27T07:09:00
CMP_202602879,TYP_02,Fake Loan App,8877.68,Madhya Pradesh,District-69,2025-05-27T13:04:00,2025-05-27T22:04:00,2025-05-27T22:24:00
CMP_202602880,TYP_04,Investment / Crypto Scam,174885.56,Rajasthan,District-46,2025-06-14T17:33:00,2025-06-15T01:33:00,2025-06-15T01:43:00
CMP_202602881,TYP_04,Investment / Crypto Scam,265403.53,Karnataka,District-42,2025-03-08T11:25:00,2025-03-10T02:25:00,2025-03-10T03:23:00
CMP_202602882,TYP_05,Sextortion,64329.41,West Bengal,District-35,2025-04-27T12:06:00,2025-04-27T14:06:00,2025-04-27T14:35:00
CMP_202602883,TYP_03,Part-Time Job Scam,78591.31,West Bengal,Kolkata,2025-05-05T10:42:00,2025-05-05T11:42:00,2025-05-05T12:33:00
CMP_202602884,TYP_02,Fake Loan App,8392.08,Jharkhand,District-45,2025-04-17T15:52:00,2025-04-18T08:52:00,2025-04-18T09:23:00
CMP_202602885,TYP_03,Part-Time Job Scam,71806.64,Karnataka,District-61,2025-02-19T11:48:00,2025-02-19T20:48:00,2025-02-19T21:22:00
CMP_202602886,TYP_02,Fake Loan App,11123.22,Bihar,Purnia,2025-06-24T07:34:00,2025-06-24T11:34:00,2025-06-24T12:24:00
CMP_202602887,TYP_06,Marketplace / OLX Fraud,8629.71,Rajasthan,Bharatpur,2025-04-05T23:06:00,2025-04-06T01:06:00,2025-04-06T01:30:00
CMP_202602888,TYP_02,Fake Loan App,19813.4,Odisha,District-73,2025-04-30T13:29:00,2025-04-30T17:29:00,2025-04-30T17:57:00
CMP_202602889,TYP_03,Part-Time Job Scam,248581.3,Rajasthan,District-46,2025-01-07T11:30:00,2025-01-08T12:30:00,2025-01-08T13:02:00
CMP_202602890,TYP_02,Fake Loan App,27673.96,Chhattisgarh,District-71,2025-06-17T13:23:00,2025-06-17T16:23:00,2025-06-17T16:57:00
CMP_202602891,TYP_03,Part-Time Job Scam,228930.79,Kerala,District-59,2025-02-27T17:20:00,2025-02-27T22:20:00,2025-02-27T22:56:00
CMP_202602892,TYP_02,Fake Loan App,51423.95,West Bengal,District-66,2025-06-01T06:23:00,2025-06-01T18:23:00,2025-06-01T18:41:00
CMP_202602893,TYP_05,Sextortion,39022.4,Maharashtra,District-32,2025-03-23T14:20:00,2025-03-24T04:20:00,2025-03-24T05:05:00
CMP_202602894,TYP_06,Marketplace / OLX Fraud,12010.4,Karnataka,District-34,2025-06-16T17:07:00,2025-06-17T07:07:00,2025-06-17T07:31:00
CMP_202602895,TYP_02,Fake Loan App,20262.55,Delhi,South Delhi,2025-05-16T12:34:00,2025-05-16T14:34:00,2025-05-16T14:39:00
CMP_202602896,TYP_03,Part-Time Job Scam,65982.57,Karnataka,District-61,2025-04-16T19:46:00,2025-04-16T23:46:00,2025-04-17T00:23:00
CMP_202602897,TYP_01,OTP / KYC Fraud,54685.19,Punjab,District-36,2025-02-15T11:56:00,2025-02-15T14:56:00,2025-02-15T15:38:00
CMP_202602898,TYP_03,Part-Time Job Scam,310566.16,Madhya Pradesh,District-40,2025-06-12T16:37:00,2025-06-13T08:37:00,2025-06-13T08:55:00
CMP_202602899,TYP_05,Sextortion,38476.49,Odisha,District-54,2025-02-17T07:51:00,2025-02-17T10:51:00,2025-02-17T11:10:00
CMP_202602900,TYP_02,Fake Loan App,11756.09,Maharashtra,Pune,2025-02-25T13:34:00,2025-02-25T19:34:00,2025-02-25T20:10:00
CMP_202602901,TYP_06,Marketplace / OLX Fraud,5426.15,Chhattisgarh,District-71,2025-04-26T17:58:00,2025-04-27T13:58:00,2025-04-27T14:03:00
CMP_202602902,TYP_02,Fake Loan App,43916.48,Punjab,Amritsar,2025-03-17T19:38:00,2025-03-17T23:38:00,2025-03-18T00:30:00
CMP_202602903,TYP_02,Fake Loan App,4318.81,Andhra Pradesh,District-67,2025-06-03T11:33:00,2025-06-03T15:33:00,2025-06-03T15:54:00
CMP_202602904,TYP_03,Part-Time Job Scam,265743.73,Haryana,District-63,2025-02-15T21:23:00,2025-02-18T05:23:00,2025-02-18T06:14:00
CMP_202602905,TYP_02,Fake Loan App,23762.9,Bihar,Purnia,2025-01-05T12:02:00,2025-01-09T04:02:00,2025-01-09T04:20:00
CMP_202602906,TYP_04,Investment / Crypto Scam,141944.23,Tamil Nadu,District-49,2025-06-18T17:34:00,2025-06-18T21:34:00,2025-06-18T22:34:00
CMP_202602907,TYP_02,Fake Loan App,2459.21,Karnataka,Bengaluru Urban,2025-03-07T09:40:00,2025-03-07T15:40:00,2025-03-07T16:34:00
CMP_202602908,TYP_02,Fake Loan App,26233.65,Karnataka,District-42,2025-06-18T09:37:00,2025-06-19T12:37:00,2025-06-19T13:12:00
CMP_202602909,TYP_03,Part-Time Job Scam,136861.79,Chhattisgarh,District-57,2025-02-14T11:22:00,2025-02-14T21:22:00,2025-02-14T21:53:00
CMP_202602910,TYP_03,Part-Time Job Scam,117971.53,Andhra Pradesh,District-58,2025-04-29T08:24:00,2025-04-30T07:24:00,2025-04-30T08:19:00
CMP_202602911,TYP_02,Fake Loan App,29930.13,Karnataka,District-61,2025-03-17T15:19:00,2025-03-18T02:19:00,2025-03-18T02:31:00
CMP_202602912,TYP_02,Fake Loan App,26379.61,Uttar Pradesh,District-33,2025-01-15T13:42:00,2025-01-16T11:42:00,2025-01-16T12:34:00
CMP_202602913,TYP_05,Sextortion,23685.23,Jharkhand,Deoghar,2025-04-22T21:04:00,2025-04-23T03:04:00,2025-04-23T03:49:00
CMP_202602914,TYP_02,Fake Loan App,37792.07,Gujarat,District-31,2025-06-26T17:33:00,2025-06-26T18:33:00,2025-06-26T19:22:00
CMP_202602915,TYP_01,OTP / KYC Fraud,6232.53,Karnataka,Bengaluru Urban,2025-06-01T16:29:00,2025-06-02T17:29:00,2025-06-02T17:49:00
CMP_202602916,TYP_03,Part-Time Job Scam,139465.07,Madhya Pradesh,District-40,2025-03-20T07:52:00,2025-03-20T21:52:00,2025-03-20T22:21:00
CMP_202602917,TYP_02,Fake Loan App,5112.13,Rajasthan,Bharatpur,2025-01-22T06:00:00,2025-01-22T19:00:00,2025-01-22T19:09:00
CMP_202602918,TYP_04,Investment / Crypto Scam,425184.6,Jharkhand,District-45,2025-05-30T10:22:00,2025-05-30T19:22:00,2025-05-30T20:01:00
CMP_202602919,TYP_02,Fake Loan App,8949.93,Uttar Pradesh,Gorakhpur,2025-03-02T11:23:00,2025-03-02T14:23:00,2025-03-02T14:34:00
CMP_202602920,TYP_06,Marketplace / OLX Fraud,5154.13,Karnataka,District-34,2025-05-28T14:43:00,2025-05-29T02:43:00,2025-05-29T03:38:00
CMP_202602921,TYP_03,Part-Time Job Scam,196658.44,Rajasthan,Bharatpur,2025-03-16T15:05:00,2025-03-17T01:05:00,2025-03-17T01:27:00
CMP_202602922,TYP_02,Fake Loan App,16411.06,Andhra Pradesh,District-44,2025-06-28T16:16:00,2025-06-29T01:16:00,2025-06-29T02:14:00
CMP_202602923,TYP_02,Fake Loan App,26392.89,Uttar Pradesh,District-33,2025-02-09T10:04:00,2025-02-10T03:04:00,2025-02-10T03:58:00
CMP_202602924,TYP_06,Marketplace / OLX Fraud,7846.61,Karnataka,District-23,2025-06-22T14:08:00,2025-06-22T21:08:00,2025-06-22T21:51:00
CMP_202602925,TYP_05,Sextortion,93718.73,Bihar,District-38,2025-01-26T20:35:00,2025-01-27T22:35:00,2025-01-27T23:22:00
CMP_202602926,TYP_06,Marketplace / OLX Fraud,5457.01,West Bengal,District-35,2025-02-10T14:01:00,2025-02-11T12:01:00,2025-02-11T12:55:00
CMP_202602927,TYP_02,Fake Loan App,20888.49,Gujarat,District-70,2025-06-01T11:27:00,2025-06-02T04:27:00,2025-06-02T04:53:00
CMP_202602928,TYP_03,Part-Time Job Scam,73641.37,Haryana,Gurugram,2025-04-19T13:56:00,2025-04-19T14:56:00,2025-04-19T15:21:00
CMP_202602929,TYP_05,Sextortion,201833.35,Rajasthan,Alwar,2025-04-19T13:35:00,2025-04-19T23:35:00,2025-04-19T23:51:00
CMP_202602930,TYP_03,Part-Time Job Scam,35436.23,Madhya Pradesh,District-52,2025-05-12T21:50:00,2025-05-14T12:50:00,2025-05-14T13:32:00
CMP_202602931,TYP_02,Fake Loan App,16215.31,Madhya Pradesh,District-53,2025-04-26T12:23:00,2025-04-27T06:23:00,2025-04-27T06:57:00
CMP_202602932,TYP_02,Fake Loan App,113140.31,Andhra Pradesh,District-26,2025-06-06T15:41:00,2025-06-07T00:41:00,2025-06-07T01:35:00
CMP_202602933,TYP_01,OTP / KYC Fraud,21408.24,Uttar Pradesh,Mathura,2025-04-19T12:35:00,2025-04-19T14:35:00,2025-04-19T14:58:00
CMP_202602934,TYP_01,OTP / KYC Fraud,12871.89,Punjab,District-25,2025-01-12T23:12:00,2025-01-13T00:12:00,2025-01-13T00:51:00
CMP_202602935,TYP_03,Part-Time Job Scam,123676.38,Andhra Pradesh,District-26,2025-02-16T15:45:00,2025-02-17T15:45:00,2025-02-17T16:18:00
CMP_202602936,TYP_05,Sextortion,69724.43,Kerala,District-48,2025-03-12T13:56:00,2025-03-13T14:56:00,2025-03-13T15:38:00
CMP_202602937,TYP_03,Part-Time Job Scam,43356.35,Karnataka,Bengaluru Urban,2025-04-13T08:35:00,2025-04-13T20:35:00,2025-04-13T21:32:00
CMP_202602938,TYP_02,Fake Loan App,9313.02,Jharkhand,Jamtara,2025-05-30T11:59:00,2025-05-31T10:59:00,2025-05-31T11:08:00
CMP_202602939,TYP_01,OTP / KYC Fraud,47985.85,Odisha,District-68,2025-05-18T15:35:00,2025-05-18T23:35:00,2025-05-19T00:25:00
CMP_202602940,TYP_01,OTP / KYC Fraud,15773.95,Assam,District-28,2025-02-06T17:06:00,2025-02-06T18:06:00,2025-02-06T18:12:00
CMP_202602941,TYP_06,Marketplace / OLX Fraud,4869.25,Jharkhand,District-45,2025-01-07T17:50:00,2025-01-08T06:50:00,2025-01-08T07:50:00
CMP_202602942,TYP_06,Marketplace / OLX Fraud,22033.52,Rajasthan,Bharatpur,2025-06-02T08:31:00,2025-06-02T13:31:00,2025-06-02T13:53:00
CMP_202602943,TYP_05,Sextortion,35080.94,Madhya Pradesh,District-60,2025-01-24T17:59:00,2025-01-25T08:59:00,2025-01-25T09:48:00
CMP_202602944,TYP_03,Part-Time Job Scam,89499.06,Rajasthan,Bharatpur,2025-02-10T23:51:00,2025-02-11T16:51:00,2025-02-11T17:36:00
CMP_202602945,TYP_02,Fake Loan App,6191.84,Uttar Pradesh,District-33,2025-02-24T08:11:00,2025-02-24T20:11:00,2025-02-24T20:53:00
CMP_202602946,TYP_03,Part-Time Job Scam,307238.02,Haryana,Gurugram,2025-05-15T08:55:00,2025-05-15T19:55:00,2025-05-15T20:35:00
CMP_202602947,TYP_05,Sextortion,80077.84,Madhya Pradesh,District-60,2025-06-17T11:35:00,2025-06-17T17:35:00,2025-06-17T18:29:00
CMP_202602948,TYP_02,Fake Loan App,14021.43,Andhra Pradesh,District-64,2025-01-15T13:12:00,2025-01-19T09:12:00,2025-01-19T09:50:00
CMP_202602949,TYP_06,Marketplace / OLX Fraud,8453.17,Punjab,Amritsar,2025-02-02T17:53:00,2025-02-03T10:53:00,2025-02-03T11:06:00
CMP_202602950,TYP_01,OTP / KYC Fraud,33574.12,Maharashtra,District-47,2025-04-20T05:19:00,2025-04-25T14:19:00,2025-04-25T14:50:00
CMP_202602951,TYP_05,Sextortion,25026.36,Kerala,District-59,2025-04-02T11:26:00,2025-04-03T21:26:00,2025-04-03T21:48:00
CMP_202602952,TYP_05,Sextortion,159595.2,Maharashtra,Mumbai,2025-02-24T08:10:00,2025-02-24T15:10:00,2025-02-24T15:34:00
CMP_202602953,TYP_04,Investment / Crypto Scam,613704.57,West Bengal,Kolkata,2025-03-27T11:53:00,2025-03-27T12:53:00,2025-03-27T13:30:00
CMP_202602954,TYP_02,Fake Loan App,31027.01,Gujarat,Ahmedabad,2025-03-24T11:38:00,2025-03-24T17:38:00,2025-03-24T18:25:00
CMP_202602955,TYP_04,Investment / Crypto Scam,702194.8,Andhra Pradesh,District-64,2025-04-02T15:02:00,2025-04-02T23:02:00,2025-04-02T23:44:00
CMP_202602956,TYP_02,Fake Loan App,72099.43,Karnataka,District-56,2025-03-12T09:02:00,2025-03-12T14:02:00,2025-03-12T14:15:00
CMP_202602957,TYP_06,Marketplace / OLX Fraud,13507.53,Rajasthan,District-46,2025-05-28T11:39:00,2025-05-28T15:39:00,2025-05-28T16:38:00
CMP_202602958,TYP_05,Sextortion,26201.92,Karnataka,District-42,2025-02-25T16:24:00,2025-02-26T16:24:00,2025-02-26T17:20:00
CMP_202602959,TYP_02,Fake Loan App,2151.23,Rajasthan,Alwar,2025-05-01T12:37:00,2025-05-02T17:37:00,2025-05-02T17:51:00
CMP_202602960,TYP_05,Sextortion,97000.49,Jharkhand,District-45,2025-01-11T09:55:00,2025-01-11T16:55:00,2025-01-11T17:13:00
CMP_202602961,TYP_02,Fake Loan App,28486.05,Uttar Pradesh,Noida,2025-02-17T20:19:00,2025-02-18T08:19:00,2025-02-18T08:36:00
CMP_202602962,TYP_04,Investment / Crypto Scam,460866.73,Jharkhand,Deoghar,2025-02-21T15:59:00,2025-02-21T20:59:00,2025-02-21T21:48:00
CMP_202602963,TYP_03,Part-Time Job Scam,56152.23,Maharashtra,Mumbai,2025-04-09T11:00:00,2025-04-09T19:00:00,2025-04-09T19:09:00
CMP_202602964,TYP_06,Marketplace / OLX Fraud,5695.15,Chhattisgarh,District-71,2025-03-12T09:38:00,2025-03-12T10:38:00,2025-03-12T11:18:00
CMP_202602965,TYP_04,Investment / Crypto Scam,56069.15,Punjab,District-25,2025-04-05T21:15:00,2025-04-06T06:15:00,2025-04-06T06:33:00
CMP_202602966,TYP_03,Part-Time Job Scam,281352.34,Jharkhand,District-45,2025-01-29T11:32:00,2025-01-30T00:32:00,2025-01-30T00:38:00
CMP_202602967,TYP_02,Fake Loan App,13015.03,Karnataka,District-42,2025-03-08T13:32:00,2025-03-08T20:32:00,2025-03-08T21:24:00
CMP_202602968,TYP_02,Fake Loan App,14649.54,Andhra Pradesh,District-44,2025-05-14T13:31:00,2025-05-14T16:31:00,2025-05-14T17:15:00
CMP_202602969,TYP_02,Fake Loan App,8687.5,Gujarat,District-50,2025-03-05T13:24:00,2025-03-05T20:24:00,2025-03-05T20:56:00
CMP_202602970,TYP_02,Fake Loan App,8566.18,Haryana,District-63,2025-01-06T18:07:00,2025-01-07T02:07:00,2025-01-07T02:54:00
CMP_202602971,TYP_05,Sextortion,36154.84,Chhattisgarh,District-57,2025-02-13T04:32:00,2025-02-13T12:32:00,2025-02-13T13:29:00
CMP_202602972,TYP_05,Sextortion,35781.09,Maharashtra,Mumbai,2025-03-17T10:03:00,2025-03-17T11:03:00,2025-03-17T11:19:00
CMP_202602973,TYP_03,Part-Time Job Scam,109194.32,West Bengal,District-35,2025-03-14T13:59:00,2025-03-14T19:59:00,2025-03-14T20:12:00
CMP_202602974,TYP_05,Sextortion,81408.98,Haryana,District-29,2025-06-20T13:53:00,2025-06-20T16:53:00,2025-06-20T17:50:00
CMP_202602975,TYP_02,Fake Loan App,8248.55,Kerala,District-65,2025-06-25T18:42:00,2025-06-26T12:42:00,2025-06-26T13:17:00
CMP_202602976,TYP_05,Sextortion,57828.51,Maharashtra,District-47,2025-05-30T16:11:00,2025-05-30T17:11:00,2025-05-30T17:46:00
CMP_202602977,TYP_02,Fake Loan App,30759.47,Karnataka,District-34,2025-01-29T22:53:00,2025-02-02T07:53:00,2025-02-02T08:44:00
CMP_202602978,TYP_02,Fake Loan App,27956.76,Haryana,Mewat,2025-06-25T18:37:00,2025-06-26T06:37:00,2025-06-26T07:32:00
CMP_202602979,TYP_02,Fake Loan App,23032.76,Karnataka,District-34,2025-02-13T16:28:00,2025-02-13T21:28:00,2025-02-13T21:40:00
CMP_202602980,TYP_01,OTP / KYC Fraud,83254.98,Karnataka,District-23,2025-05-19T11:55:00,2025-05-20T05:55:00,2025-05-20T06:38:00
CMP_202602981,TYP_06,Marketplace / OLX Fraud,3853.4,West Bengal,District-66,2025-02-17T16:07:00,2025-02-17T20:07:00,2025-02-17T20:58:00
CMP_202602982,TYP_05,Sextortion,116203.88,Uttar Pradesh,District-43,2025-01-22T08:39:00,2025-01-22T12:39:00,2025-01-22T13:34:00
CMP_202602983,TYP_03,Part-Time Job Scam,220309.14,Gujarat,District-24,2025-04-04T14:40:00,2025-04-05T01:40:00,2025-04-05T02:22:00
CMP_202602984,TYP_03,Part-Time Job Scam,50860.16,Punjab,Amritsar,2025-02-10T13:53:00,2025-02-10T19:53:00,2025-02-10T20:00:00
CMP_202602985,TYP_06,Marketplace / OLX Fraud,15271.75,Maharashtra,District-32,2025-06-16T18:23:00,2025-06-17T11:23:00,2025-06-17T12:11:00
CMP_202602986,TYP_02,Fake Loan App,20047.88,Jharkhand,Jamtara,2025-06-05T13:55:00,2025-06-05T19:55:00,2025-06-05T20:47:00
CMP_202602987,TYP_02,Fake Loan App,6240.0,Karnataka,District-51,2025-04-16T04:08:00,2025-04-17T10:08:00,2025-04-17T10:17:00
CMP_202602988,TYP_02,Fake Loan App,3487.2,Odisha,District-27,2025-05-08T16:18:00,2025-05-09T05:18:00,2025-05-09T06:15:00
CMP_202602989,TYP_06,Marketplace / OLX Fraud,5760.15,Kerala,District-59,2025-03-27T10:59:00,2025-03-27T16:59:00,2025-03-27T17:36:00
CMP_202602990,TYP_02,Fake Loan App,11667.14,Gujarat,District-50,2025-02-01T14:28:00,2025-02-01T22:28:00,2025-02-01T22:43:00
CMP_202602991,TYP_02,Fake Loan App,5729.64,Telangana,Hyderabad,2025-03-02T09:23:00,2025-03-02T10:23:00,2025-03-02T10:33:00
CMP_202602992,TYP_05,Sextortion,36862.19,West Bengal,Kolkata,2025-04-20T13:17:00,2025-04-20T14:17:00,2025-04-20T15:04:00
CMP_202602993,TYP_03,Part-Time Job Scam,63601.89,West Bengal,Kolkata,2025-01-30T11:23:00,2025-01-30T12:23:00,2025-01-30T13:03:00
CMP_202602994,TYP_06,Marketplace / OLX Fraud,9985.08,Karnataka,District-42,2025-06-12T12:43:00,2025-06-12T18:43:00,2025-06-12T19:41:00
CMP_202602995,TYP_06,Marketplace / OLX Fraud,12141.69,Gujarat,Ahmedabad,2025-04-09T09:48:00,2025-04-09T21:48:00,2025-04-09T21:53:00
CMP_202602996,TYP_06,Marketplace / OLX Fraud,1023.28,Maharashtra,Pune,2025-04-27T12:39:00,2025-04-27T22:39:00,2025-04-27T22:45:00
CMP_202602997,TYP_02,Fake Loan App,7554.09,Jharkhand,Jamtara,2025-01-18T21:15:00,2025-01-20T15:15:00,2025-01-20T15:36:00
CMP_202602998,TYP_06,Marketplace / OLX Fraud,11554.8,Haryana,District-29,2025-03-25T09:40:00,2025-03-25T10:40:00,2025-03-25T10:56:00
CMP_202602999,TYP_02,Fake Loan App,8942.71,Madhya Pradesh,District-52,2025-05-11T12:40:00,2025-05-11T13:40:00,2025-05-11T14:39:00
CMP_202603000,TYP_02,Fake Loan App,2515.2,Odisha,District-73,2025-06-20T14:37:00,2025-06-20T23:37:00,2025-06-21T00:09:00
CMP_202603001,TYP_06,Marketplace / OLX Fraud,1094.83,Uttar Pradesh,District-33,2025-06-15T10:49:00,2025-06-15T16:49:00,2025-06-15T17:32:00
CMP_202603002,TYP_05,Sextortion,25011.87,Gujarat,District-50,2025-03-26T10:58:00,2025-03-26T14:58:00,2025-03-26T15:46:00
CMP_202603003,TYP_03,Part-Time Job Scam,41789.88,Karnataka,District-61,2025-05-16T16:03:00,2025-05-16T19:03:00,2025-05-16T19:15:00
CMP_202603004,TYP_02,Fake Loan App,8872.15,Uttar Pradesh,Noida,2025-01-23T13:00:00,2025-01-24T05:00:00,2025-01-24T05:41:00
CMP_202603005,TYP_03,Part-Time Job Scam,42761.79,Karnataka,Bengaluru Urban,2025-01-02T14:34:00,2025-01-02T19:34:00,2025-01-02T20:11:00
CMP_202603006,TYP_02,Fake Loan App,32225.98,West Bengal,District-55,2025-05-29T13:46:00,2025-05-30T02:46:00,2025-05-30T03:34:00
CMP_202603007,TYP_05,Sextortion,92195.97,Andhra Pradesh,District-26,2025-02-06T09:29:00,2025-02-06T17:29:00,2025-02-06T18:00:00
CMP_202603008,TYP_03,Part-Time Job Scam,96832.55,Madhya Pradesh,District-41,2025-06-26T12:51:00,2025-06-26T18:51:00,2025-06-26T19:08:00
CMP_202603009,TYP_03,Part-Time Job Scam,365972.55,Bihar,District-38,2025-05-28T12:17:00,2025-05-28T20:17:00,2025-05-28T20:24:00
CMP_202603010,TYP_02,Fake Loan App,3071.78,Kerala,District-59,2025-06-09T11:52:00,2025-06-09T18:52:00,2025-06-09T19:50:00
CMP_202603011,TYP_06,Marketplace / OLX Fraud,16715.2,Tamil Nadu,District-49,2025-06-24T13:02:00,2025-06-25T05:02:00,2025-06-25T05:27:00
CMP_202603012,TYP_06,Marketplace / OLX Fraud,14152.68,Madhya Pradesh,District-60,2025-04-15T10:37:00,2025-04-17T01:37:00,2025-04-17T02:27:00
CMP_202603013,TYP_03,Part-Time Job Scam,61388.85,Karnataka,District-23,2025-05-21T16:40:00,2025-05-21T20:40:00,2025-05-21T21:15:00
CMP_202603014,TYP_06,Marketplace / OLX Fraud,13763.83,Kerala,District-59,2025-01-30T12:09:00,2025-01-30T17:09:00,2025-01-30T17:21:00
CMP_202603015,TYP_01,OTP / KYC Fraud,7747.73,Bihar,District-38,2025-04-11T16:52:00,2025-04-11T22:52:00,2025-04-11T22:57:00
CMP_202603016,TYP_05,Sextortion,9562.57,Rajasthan,Bharatpur,2025-05-03T14:38:00,2025-05-04T10:38:00,2025-05-04T11:03:00
CMP_202603017,TYP_01,OTP / KYC Fraud,34179.8,Madhya Pradesh,District-52,2025-02-25T18:05:00,2025-02-26T06:05:00,2025-02-26T06:37:00
CMP_202603018,TYP_02,Fake Loan App,21011.69,West Bengal,District-55,2025-06-22T14:25:00,2025-06-23T16:25:00,2025-06-23T16:31:00
CMP_202603019,TYP_02,Fake Loan App,4870.94,Andhra Pradesh,District-64,2025-01-14T12:32:00,2025-01-15T14:32:00,2025-01-15T15:09:00
CMP_202603020,TYP_03,Part-Time Job Scam,115218.08,Delhi,South Delhi,2025-05-24T18:44:00,2025-05-25T17:44:00,2025-05-25T18:17:00
CMP_202603021,TYP_05,Sextortion,55416.83,Haryana,District-75,2025-02-13T14:07:00,2025-02-13T21:07:00,2025-02-13T21:21:00
CMP_202603022,TYP_01,OTP / KYC Fraud,7011.62,Haryana,Gurugram,2025-04-22T08:16:00,2025-04-22T13:16:00,2025-04-22T13:55:00
CMP_202603023,TYP_03,Part-Time Job Scam,290106.64,Gujarat,District-50,2025-02-06T12:23:00,2025-02-06T13:23:00,2025-02-06T14:09:00
CMP_202603024,TYP_06,Marketplace / OLX Fraud,1000.0,Jharkhand,District-72,2025-01-21T07:59:00,2025-01-22T04:59:00,2025-01-22T05:38:00
CMP_202603025,TYP_02,Fake Loan App,8335.36,Haryana,Gurugram,2025-05-27T11:22:00,2025-05-27T15:22:00,2025-05-27T16:14:00
CMP_202603026,TYP_03,Part-Time Job Scam,129847.1,Gujarat,District-50,2025-01-29T14:19:00,2025-01-30T03:19:00,2025-01-30T03:46:00
CMP_202603027,TYP_05,Sextortion,78419.11,Gujarat,District-50,2025-06-15T05:04:00,2025-06-15T14:04:00,2025-06-15T14:20:00
CMP_202603028,TYP_05,Sextortion,7437.17,Karnataka,District-42,2025-02-10T15:04:00,2025-02-10T19:04:00,2025-02-10T19:18:00
CMP_202603029,TYP_02,Fake Loan App,22204.37,Rajasthan,District-46,2025-04-29T09:14:00,2025-04-29T10:14:00,2025-04-29T10:48:00
CMP_202603030,TYP_05,Sextortion,34032.58,Kerala,District-48,2025-02-05T15:02:00,2025-02-06T07:02:00,2025-02-06T07:37:00
CMP_202603031,TYP_02,Fake Loan App,12281.53,Bihar,Purnia,2025-02-04T15:52:00,2025-02-04T23:52:00,2025-02-05T00:20:00
CMP_202603032,TYP_02,Fake Loan App,31279.2,Andhra Pradesh,District-26,2025-02-07T20:22:00,2025-02-07T21:22:00,2025-02-07T21:47:00
CMP_202603033,TYP_01,OTP / KYC Fraud,123727.05,Uttar Pradesh,Mathura,2025-01-20T14:07:00,2025-01-20T19:07:00,2025-01-20T19:54:00
CMP_202603034,TYP_06,Marketplace / OLX Fraud,14144.74,Karnataka,District-23,2025-02-08T13:04:00,2025-02-09T09:04:00,2025-02-09T10:01:00
CMP_202603035,TYP_03,Part-Time Job Scam,335070.42,Jharkhand,District-72,2025-04-19T17:52:00,2025-04-19T21:52:00,2025-04-19T21:58:00
CMP_202603036,TYP_03,Part-Time Job Scam,95292.62,Andhra Pradesh,District-67,2025-04-18T17:11:00,2025-04-18T18:11:00,2025-04-18T18:50:00
CMP_202603037,TYP_02,Fake Loan App,6154.58,Gujarat,District-24,2025-06-25T10:49:00,2025-06-25T18:49:00,2025-06-25T19:24:00
CMP_202603038,TYP_02,Fake Loan App,15683.89,Gujarat,District-50,2025-05-19T13:36:00,2025-05-19T20:36:00,2025-05-19T21:16:00
CMP_202603039,TYP_06,Marketplace / OLX Fraud,10318.96,Uttar Pradesh,Mathura,2025-03-27T19:57:00,2025-03-28T00:57:00,2025-03-28T01:41:00
CMP_202603040,TYP_03,Part-Time Job Scam,41270.81,Odisha,District-54,2025-02-18T21:13:00,2025-02-19T00:13:00,2025-02-19T00:34:00
CMP_202603041,TYP_05,Sextortion,28144.19,Rajasthan,District-46,2025-06-01T11:24:00,2025-06-01T16:24:00,2025-06-01T16:55:00
CMP_202603042,TYP_06,Marketplace / OLX Fraud,17208.27,Jharkhand,Deoghar,2025-01-25T09:16:00,2025-01-25T22:16:00,2025-01-25T23:16:00
CMP_202603043,TYP_05,Sextortion,62871.38,Delhi,South Delhi,2025-06-02T13:42:00,2025-06-03T05:42:00,2025-06-03T06:06:00
CMP_202603044,TYP_02,Fake Loan App,3863.28,Assam,District-28,2025-04-22T13:38:00,2025-04-22T21:38:00,2025-04-22T22:27:00
CMP_202603045,TYP_06,Marketplace / OLX Fraud,10259.77,West Bengal,Kolkata,2025-02-26T09:27:00,2025-02-26T13:27:00,2025-02-26T13:54:00
CMP_202603046,TYP_03,Part-Time Job Scam,239153.31,Maharashtra,District-30,2025-01-23T12:49:00,2025-01-26T03:49:00,2025-01-26T04:24:00
CMP_202603047,TYP_01,OTP / KYC Fraud,45599.01,Uttar Pradesh,District-43,2025-05-14T05:54:00,2025-05-14T09:54:00,2025-05-14T10:19:00
CMP_202603048,TYP_02,Fake Loan App,4053.56,Kerala,District-48,2025-03-16T09:08:00,2025-03-16T13:08:00,2025-03-16T13:14:00
CMP_202603049,TYP_02,Fake Loan App,14955.63,Odisha,District-73,2025-04-23T14:51:00,2025-04-23T23:51:00,2025-04-24T00:41:00
CMP_202603050,TYP_05,Sextortion,61950.36,Madhya Pradesh,District-60,2025-01-21T15:41:00,2025-01-21T16:41:00,2025-01-21T17:08:00
CMP_202603051,TYP_02,Fake Loan App,21091.11,Madhya Pradesh,District-69,2025-02-20T18:20:00,2025-02-22T07:20:00,2025-02-22T07:42:00
CMP_202603052,TYP_02,Fake Loan App,9150.23,Gujarat,District-24,2025-04-25T09:16:00,2025-04-26T00:16:00,2025-04-26T01:04:00
CMP_202603053,TYP_04,Investment / Crypto Scam,338268.44,Gujarat,District-70,2025-01-07T09:28:00,2025-01-08T22:28:00,2025-01-08T22:37:00
CMP_202603054,TYP_02,Fake Loan App,93999.73,Uttar Pradesh,District-43,2025-04-01T13:17:00,2025-04-01T15:17:00,2025-04-01T16:13:00
CMP_202603055,TYP_05,Sextortion,26936.89,Jharkhand,Jamtara,2025-02-25T10:25:00,2025-02-26T15:25:00,2025-02-26T15:47:00
CMP_202603056,TYP_05,Sextortion,17008.65,Odisha,District-54,2025-06-18T11:24:00,2025-06-18T16:24:00,2025-06-18T17:12:00
CMP_202603057,TYP_06,Marketplace / OLX Fraud,6454.05,Gujarat,District-24,2025-01-05T12:31:00,2025-01-05T20:31:00,2025-01-05T21:18:00
CMP_202603058,TYP_02,Fake Loan App,14181.55,Bihar,Purnia,2025-06-30T13:24:00,2025-06-30T21:24:00,2025-06-30T21:45:00
CMP_202603059,TYP_02,Fake Loan App,16400.16,Tamil Nadu,District-49,2025-04-30T14:47:00,2025-04-30T20:47:00,2025-04-30T21:25:00
CMP_202603060,TYP_02,Fake Loan App,35705.64,Haryana,District-29,2025-03-19T22:51:00,2025-03-21T09:51:00,2025-03-21T10:10:00
CMP_202603061,TYP_05,Sextortion,33791.67,Rajasthan,Alwar,2025-03-04T10:58:00,2025-03-04T16:58:00,2025-03-04T17:49:00
CMP_202603062,TYP_05,Sextortion,28895.43,Madhya Pradesh,District-41,2025-05-06T13:14:00,2025-05-06T23:14:00,2025-05-06T23:52:00
CMP_202603063,TYP_02,Fake Loan App,7900.83,Maharashtra,Mumbai,2025-05-05T18:08:00,2025-05-07T05:08:00,2025-05-07T05:18:00
CMP_202603064,TYP_05,Sextortion,13710.07,Madhya Pradesh,District-60,2025-05-17T18:56:00,2025-05-17T19:56:00,2025-05-17T20:02:00
CMP_202603065,TYP_05,Sextortion,101887.09,Haryana,District-29,2025-01-11T11:40:00,2025-01-12T02:40:00,2025-01-12T03:09:00
CMP_202603066,TYP_06,Marketplace / OLX Fraud,4468.01,Rajasthan,Alwar,2025-05-29T13:12:00,2025-05-29T16:12:00,2025-05-29T16:43:00
CMP_202603067,TYP_02,Fake Loan App,8830.9,Rajasthan,Alwar,2025-05-11T11:08:00,2025-05-12T21:08:00,2025-05-12T21:24:00
CMP_202603068,TYP_02,Fake Loan App,39494.96,Kerala,District-48,2025-01-16T09:04:00,2025-01-16T16:04:00,2025-01-16T16:10:00
CMP_202603069,TYP_01,OTP / KYC Fraud,31945.25,Uttar Pradesh,District-37,2025-02-17T11:31:00,2025-02-17T22:31:00,2025-02-17T22:50:00
CMP_202603070,TYP_06,Marketplace / OLX Fraud,3384.84,Rajasthan,District-62,2025-05-09T12:41:00,2025-05-10T07:41:00,2025-05-10T08:05:00
CMP_202603071,TYP_04,Investment / Crypto Scam,238115.76,Madhya Pradesh,District-60,2025-06-05T13:50:00,2025-06-05T20:50:00,2025-06-05T21:29:00
CMP_202603072,TYP_02,Fake Loan App,146337.49,Odisha,District-27,2025-01-30T11:52:00,2025-01-30T16:52:00,2025-01-30T17:24:00
CMP_202603073,TYP_05,Sextortion,48342.12,Jharkhand,District-45,2025-04-08T16:09:00,2025-04-08T20:09:00,2025-04-08T20:55:00
CMP_202603074,TYP_03,Part-Time Job Scam,167449.84,Odisha,District-73,2025-02-22T18:39:00,2025-02-23T07:39:00,2025-02-23T08:13:00
CMP_202603075,TYP_06,Marketplace / OLX Fraud,27345.67,Rajasthan,Bharatpur,2025-04-19T20:28:00,2025-04-20T01:28:00,2025-04-20T02:26:00
CMP_202603076,TYP_05,Sextortion,40013.15,Madhya Pradesh,District-40,2025-06-11T11:37:00,2025-06-13T04:37:00,2025-06-13T05:11:00
CMP_202603077,TYP_01,OTP / KYC Fraud,10442.16,Madhya Pradesh,District-41,2025-06-25T20:03:00,2025-06-25T23:03:00,2025-06-25T23:14:00
CMP_202603078,TYP_02,Fake Loan App,22432.72,Haryana,Gurugram,2025-03-14T17:57:00,2025-03-15T07:57:00,2025-03-15T08:32:00
CMP_202603079,TYP_02,Fake Loan App,6984.87,Haryana,District-29,2025-02-19T22:34:00,2025-02-20T03:34:00,2025-02-20T03:58:00
CMP_202603080,TYP_02,Fake Loan App,9500.0,Karnataka,District-23,2025-01-13T06:32:00,2025-01-13T08:32:00,2025-01-13T08:58:00
CMP_202603081,TYP_05,Sextortion,63901.54,Tamil Nadu,Chennai,2025-03-06T17:56:00,2025-03-07T01:56:00,2025-03-07T02:19:00
CMP_202603082,TYP_02,Fake Loan App,8715.25,Andhra Pradesh,District-58,2025-06-28T18:36:00,2025-06-28T23:36:00,2025-06-29T00:35:00
CMP_202603083,TYP_05,Sextortion,64904.94,Kerala,District-65,2025-04-28T21:55:00,2025-04-29T02:55:00,2025-04-29T03:18:00
CMP_202603084,TYP_06,Marketplace / OLX Fraud,6775.11,Tamil Nadu,District-49,2025-03-14T20:04:00,2025-03-15T04:04:00,2025-03-15T04:36:00
CMP_202603085,TYP_06,Marketplace / OLX Fraud,2916.83,Odisha,District-73,2025-02-11T17:22:00,2025-02-12T02:22:00,2025-02-12T02:33:00
CMP_202603086,TYP_03,Part-Time Job Scam,58961.34,Gujarat,District-50,2025-02-27T11:57:00,2025-02-27T15:57:00,2025-02-27T16:42:00
CMP_202603087,TYP_02,Fake Loan App,54547.36,Andhra Pradesh,District-26,2025-03-23T18:37:00,2025-03-23T20:37:00,2025-03-23T21:36:00
CMP_202603088,TYP_02,Fake Loan App,5370.58,Maharashtra,District-47,2025-03-26T14:45:00,2025-03-26T18:45:00,2025-03-26T19:15:00
CMP_202603089,TYP_06,Marketplace / OLX Fraud,5013.11,Uttar Pradesh,Gorakhpur,2025-06-26T12:32:00,2025-06-27T15:32:00,2025-06-27T15:49:00
CMP_202603090,TYP_06,Marketplace / OLX Fraud,40539.95,West Bengal,District-55,2025-04-04T15:26:00,2025-04-04T19:26:00,2025-04-04T20:14:00
CMP_202603091,TYP_05,Sextortion,31766.26,Haryana,District-29,2025-06-07T11:56:00,2025-06-08T22:56:00,2025-06-08T23:12:00
CMP_202603092,TYP_02,Fake Loan App,23947.86,Assam,District-28,2025-02-27T18:44:00,2025-02-28T06:44:00,2025-02-28T07:04:00
CMP_202603093,TYP_03,Part-Time Job Scam,144464.49,Uttar Pradesh,District-43,2025-01-10T12:13:00,2025-01-11T09:13:00,2025-01-11T09:39:00
CMP_202603094,TYP_02,Fake Loan App,23182.43,Karnataka,District-51,2025-03-20T14:27:00,2025-03-21T00:27:00,2025-03-21T01:23:00
CMP_202603095,TYP_02,Fake Loan App,12411.25,Andhra Pradesh,District-64,2025-01-26T11:58:00,2025-01-26T16:58:00,2025-01-26T17:42:00
CMP_202603096,TYP_05,Sextortion,32156.82,Tamil Nadu,District-49,2025-06-24T20:49:00,2025-06-25T03:49:00,2025-06-25T04:47:00
CMP_202603097,TYP_01,OTP / KYC Fraud,19568.27,Assam,District-21,2025-04-12T08:07:00,2025-04-12T09:07:00,2025-04-12T09:57:00
CMP_202603098,TYP_05,Sextortion,16469.52,Haryana,District-63,2025-01-04T15:14:00,2025-01-04T18:14:00,2025-01-04T18:59:00
CMP_202603099,TYP_02,Fake Loan App,15973.57,Madhya Pradesh,District-52,2025-06-26T20:11:00,2025-06-27T03:11:00,2025-06-27T03:35:00
CMP_202603100,TYP_06,Marketplace / OLX Fraud,35496.21,Chhattisgarh,District-57,2025-04-02T10:33:00,2025-04-03T21:33:00,2025-04-03T22:02:00
CMP_202603101,TYP_02,Fake Loan App,14762.76,West Bengal,District-35,2025-01-26T13:59:00,2025-01-26T15:59:00,2025-01-26T16:28:00
CMP_202603102,TYP_03,Part-Time Job Scam,209711.75,Bihar,District-38,2025-05-12T13:50:00,2025-05-13T07:50:00,2025-05-13T07:56:00
CMP_202603103,TYP_05,Sextortion,56893.76,Odisha,District-22,2025-03-18T21:48:00,2025-03-18T22:48:00,2025-03-18T23:30:00
CMP_202603104,TYP_02,Fake Loan App,29480.18,West Bengal,District-35,2025-03-28T13:50:00,2025-03-28T18:50:00,2025-03-28T19:29:00
CMP_202603105,TYP_06,Marketplace / OLX Fraud,14431.5,Punjab,District-36,2025-06-29T13:22:00,2025-06-29T17:22:00,2025-06-29T18:17:00
CMP_202603106,TYP_05,Sextortion,30073.38,Jharkhand,District-72,2025-04-01T09:25:00,2025-04-01T11:25:00,2025-04-01T12:05:00
CMP_202603107,TYP_04,Investment / Crypto Scam,369390.18,Andhra Pradesh,District-26,2025-03-24T15:25:00,2025-03-24T21:25:00,2025-03-24T21:41:00
CMP_202603108,TYP_04,Investment / Crypto Scam,724227.83,Odisha,District-68,2025-06-06T17:28:00,2025-06-06T19:28:00,2025-06-06T20:22:00
CMP_202603109,TYP_02,Fake Loan App,11031.88,Madhya Pradesh,District-52,2025-03-21T15:51:00,2025-03-21T18:51:00,2025-03-21T19:40:00
CMP_202603110,TYP_03,Part-Time Job Scam,292676.84,Haryana,District-75,2025-06-29T13:03:00,2025-06-29T14:03:00,2025-06-29T14:38:00
CMP_202603111,TYP_03,Part-Time Job Scam,98298.78,Jharkhand,Jamtara,2025-03-04T19:43:00,2025-03-05T00:43:00,2025-03-05T00:58:00
CMP_202603112,TYP_01,OTP / KYC Fraud,52389.83,Andhra Pradesh,District-44,2025-01-08T12:13:00,2025-01-08T15:13:00,2025-01-08T16:04:00
CMP_202603113,TYP_03,Part-Time Job Scam,275944.44,Karnataka,District-56,2025-05-15T17:46:00,2025-05-15T22:46:00,2025-05-15T23:26:00
CMP_202603114,TYP_06,Marketplace / OLX Fraud,19352.84,Andhra Pradesh,District-58,2025-03-01T14:12:00,2025-03-01T17:12:00,2025-03-01T18:08:00
CMP_202603115,TYP_01,OTP / KYC Fraud,24392.94,Kerala,District-65,2025-04-26T16:50:00,2025-04-27T01:50:00,2025-04-27T02:26:00
CMP_202603116,TYP_02,Fake Loan App,9441.52,Jharkhand,District-45,2025-03-06T18:10:00,2025-03-07T18:10:00,2025-03-07T18:50:00
CMP_202603117,TYP_04,Investment / Crypto Scam,75712.87,Maharashtra,Pune,2025-03-31T12:49:00,2025-03-31T15:49:00,2025-03-31T16:12:00
CMP_202603118,TYP_03,Part-Time Job Scam,161720.03,Tamil Nadu,District-49,2025-04-26T21:48:00,2025-04-26T23:48:00,2025-04-27T00:41:00
CMP_202603119,TYP_04,Investment / Crypto Scam,569840.28,Madhya Pradesh,District-53,2025-03-27T14:18:00,2025-03-28T12:18:00,2025-03-28T13:10:00
CMP_202603120,TYP_05,Sextortion,24078.73,West Bengal,District-66,2025-06-15T14:00:00,2025-06-16T00:00:00,2025-06-16T00:51:00
CMP_202603121,TYP_03,Part-Time Job Scam,323267.34,Andhra Pradesh,District-58,2025-03-08T12:20:00,2025-03-08T15:20:00,2025-03-08T16:01:00
CMP_202603122,TYP_05,Sextortion,105791.72,Jharkhand,Jamtara,2025-04-09T15:20:00,2025-04-09T21:20:00,2025-04-09T22:11:00
CMP_202603123,TYP_05,Sextortion,85967.67,Punjab,District-25,2025-02-03T11:26:00,2025-02-04T23:26:00,2025-02-04T23:42:00
CMP_202603124,TYP_02,Fake Loan App,33547.42,Andhra Pradesh,District-64,2025-05-19T05:47:00,2025-05-19T23:47:00,2025-05-20T00:18:00
CMP_202603125,TYP_02,Fake Loan App,9434.5,Karnataka,District-74,2025-05-10T16:54:00,2025-05-11T03:54:00,2025-05-11T04:18:00
CMP_202603126,TYP_02,Fake Loan App,11767.16,Haryana,District-63,2025-01-29T13:01:00,2025-01-29T20:01:00,2025-01-29T20:29:00
CMP_202603127,TYP_05,Sextortion,39115.48,Haryana,District-63,2025-02-16T17:08:00,2025-02-16T19:08:00,2025-02-16T19:30:00
CMP_202603128,TYP_02,Fake Loan App,54676.76,Karnataka,District-74,2025-04-10T16:58:00,2025-04-10T21:58:00,2025-04-10T22:50:00
CMP_202603129,TYP_05,Sextortion,26412.74,Chhattisgarh,District-57,2025-04-30T11:53:00,2025-04-30T16:53:00,2025-04-30T17:05:00
CMP_202603130,TYP_02,Fake Loan App,9854.48,Andhra Pradesh,District-67,2025-05-27T12:04:00,2025-05-28T06:04:00,2025-05-28T06:45:00
CMP_202603131,TYP_06,Marketplace / OLX Fraud,2675.49,Maharashtra,Pune,2025-06-21T16:32:00,2025-06-22T01:32:00,2025-06-22T01:51:00
CMP_202603132,TYP_02,Fake Loan App,13311.82,Assam,District-21,2025-01-01T13:19:00,2025-01-02T22:19:00,2025-01-02T23:03:00
CMP_202603133,TYP_03,Part-Time Job Scam,222516.2,Madhya Pradesh,District-60,2025-06-21T17:21:00,2025-06-22T09:21:00,2025-06-22T09:53:00
CMP_202603134,TYP_01,OTP / KYC Fraud,6212.32,Haryana,District-63,2025-02-22T09:12:00,2025-02-22T16:12:00,2025-02-22T17:08:00
CMP_202603135,TYP_06,Marketplace / OLX Fraud,25844.47,Odisha,District-22,2025-01-04T17:50:00,2025-01-06T22:50:00,2025-01-06T23:15:00
CMP_202603136,TYP_06,Marketplace / OLX Fraud,13806.79,Assam,District-21,2025-03-15T15:27:00,2025-03-16T02:27:00,2025-03-16T03:20:00
CMP_202603137,TYP_02,Fake Loan App,76653.06,Bihar,Purnia,2025-03-06T19:18:00,2025-03-06T23:18:00,2025-03-06T23:37:00
CMP_202603138,TYP_02,Fake Loan App,8047.48,Odisha,District-54,2025-05-07T14:03:00,2025-05-07T15:03:00,2025-05-07T15:20:00
CMP_202603139,TYP_02,Fake Loan App,7865.03,Maharashtra,District-30,2025-05-10T06:56:00,2025-05-10T17:56:00,2025-05-10T18:34:00
CMP_202603140,TYP_02,Fake Loan App,6749.05,Uttar Pradesh,Noida,2025-06-23T14:44:00,2025-06-23T23:44:00,2025-06-24T00:24:00
CMP_202603141,TYP_05,Sextortion,56105.65,Uttar Pradesh,District-43,2025-05-10T17:48:00,2025-05-10T19:48:00,2025-05-10T19:58:00
CMP_202603142,TYP_05,Sextortion,39006.56,Gujarat,Ahmedabad,2025-05-09T07:41:00,2025-05-09T10:41:00,2025-05-09T11:15:00
CMP_202603143,TYP_03,Part-Time Job Scam,116911.42,Maharashtra,Mumbai,2025-01-13T12:53:00,2025-01-13T16:53:00,2025-01-13T16:59:00
CMP_202603144,TYP_05,Sextortion,9232.76,Karnataka,District-56,2025-06-17T06:21:00,2025-06-18T00:21:00,2025-06-18T00:53:00
CMP_202603145,TYP_05,Sextortion,88141.38,West Bengal,District-55,2025-02-22T16:37:00,2025-02-22T17:37:00,2025-02-22T17:47:00
CMP_202603146,TYP_05,Sextortion,9316.39,Assam,District-21,2025-03-01T20:24:00,2025-03-02T19:24:00,2025-03-02T19:37:00
CMP_202603147,TYP_05,Sextortion,35215.04,Uttar Pradesh,Gorakhpur,2025-06-30T12:37:00,2025-07-01T10:37:00,2025-07-01T11:14:00
CMP_202603148,TYP_06,Marketplace / OLX Fraud,3427.97,Uttar Pradesh,District-43,2025-02-19T07:23:00,2025-02-19T12:23:00,2025-02-19T13:05:00
CMP_202603149,TYP_06,Marketplace / OLX Fraud,7036.31,Andhra Pradesh,District-64,2025-03-14T13:28:00,2025-03-14T14:28:00,2025-03-14T15:06:00
CMP_202603150,TYP_06,Marketplace / OLX Fraud,20367.58,Rajasthan,Alwar,2025-06-05T12:33:00,2025-06-05T14:33:00,2025-06-05T15:09:00
CMP_202603151,TYP_03,Part-Time Job Scam,46858.27,Madhya Pradesh,District-41,2025-03-20T09:05:00,2025-03-20T19:05:00,2025-03-20T19:59:00
CMP_202603152,TYP_02,Fake Loan App,10802.17,Telangana,Hyderabad,2025-03-27T15:44:00,2025-03-28T07:44:00,2025-03-28T08:08:00
CMP_202603153,TYP_02,Fake Loan App,16321.14,Maharashtra,Pune,2025-05-03T07:02:00,2025-05-04T08:02:00,2025-05-04T08:57:00
CMP_202603154,TYP_06,Marketplace / OLX Fraud,10683.52,Karnataka,District-61,2025-05-22T12:29:00,2025-05-22T15:29:00,2025-05-22T16:06:00
CMP_202603155,TYP_06,Marketplace / OLX Fraud,8800.63,Madhya Pradesh,District-41,2025-03-19T14:21:00,2025-03-19T22:21:00,2025-03-19T22:57:00
CMP_202603156,TYP_03,Part-Time Job Scam,115526.39,Odisha,District-27,2025-02-12T18:57:00,2025-02-12T21:57:00,2025-02-12T22:27:00
CMP_202603157,TYP_03,Part-Time Job Scam,273298.07,West Bengal,Kolkata,2025-02-04T19:38:00,2025-02-06T21:38:00,2025-02-06T22:14:00
CMP_202603158,TYP_04,Investment / Crypto Scam,531322.39,West Bengal,District-55,2025-02-26T20:57:00,2025-02-28T03:57:00,2025-02-28T04:33:00
CMP_202603159,TYP_02,Fake Loan App,13418.32,Maharashtra,District-32,2025-01-29T11:34:00,2025-01-29T13:34:00,2025-01-29T13:40:00
CMP_202603160,TYP_06,Marketplace / OLX Fraud,7519.03,Gujarat,Ahmedabad,2025-03-04T19:59:00,2025-03-04T22:59:00,2025-03-04T23:25:00
CMP_202603161,TYP_03,Part-Time Job Scam,64128.37,Rajasthan,Bharatpur,2025-05-05T18:51:00,2025-05-06T00:51:00,2025-05-06T01:02:00
CMP_202603162,TYP_06,Marketplace / OLX Fraud,19005.79,Jharkhand,District-72,2025-05-15T09:19:00,2025-05-15T10:19:00,2025-05-15T10:54:00
CMP_202603163,TYP_02,Fake Loan App,54354.51,Bihar,District-38,2025-03-24T17:47:00,2025-03-25T02:47:00,2025-03-25T02:56:00
CMP_202603164,TYP_03,Part-Time Job Scam,52647.78,Uttar Pradesh,Mathura,2025-05-22T13:35:00,2025-05-22T15:35:00,2025-05-22T16:06:00
CMP_202603165,TYP_05,Sextortion,9681.42,Karnataka,Bengaluru Urban,2025-01-10T11:46:00,2025-01-10T13:46:00,2025-01-10T14:45:00
CMP_202603166,TYP_02,Fake Loan App,25712.26,Odisha,District-54,2025-01-22T10:37:00,2025-01-22T19:37:00,2025-01-22T20:22:00
CMP_202603167,TYP_01,OTP / KYC Fraud,29474.92,Karnataka,District-56,2025-03-21T08:48:00,2025-03-21T09:48:00,2025-03-21T10:31:00
CMP_202603168,TYP_02,Fake Loan App,11092.82,Jharkhand,District-45,2025-04-30T11:33:00,2025-04-30T13:33:00,2025-04-30T13:50:00
CMP_202603169,TYP_05,Sextortion,58161.41,Karnataka,District-42,2025-02-05T18:27:00,2025-02-06T03:27:00,2025-02-06T03:35:00
CMP_202603170,TYP_04,Investment / Crypto Scam,523023.11,Gujarat,Ahmedabad,2025-01-20T11:40:00,2025-01-21T05:40:00,2025-01-21T05:54:00
CMP_202603171,TYP_02,Fake Loan App,9944.07,Gujarat,Ahmedabad,2025-01-20T09:02:00,2025-01-21T00:02:00,2025-01-21T00:35:00
CMP_202603172,TYP_03,Part-Time Job Scam,162903.73,Jharkhand,Jamtara,2025-06-27T10:04:00,2025-06-27T20:04:00,2025-06-27T21:02:00
CMP_202603173,TYP_05,Sextortion,64112.92,Andhra Pradesh,District-64,2025-01-28T11:38:00,2025-01-28T17:38:00,2025-01-28T17:48:00
CMP_202603174,TYP_04,Investment / Crypto Scam,72740.74,Bihar,District-38,2025-05-19T12:46:00,2025-05-19T19:46:00,2025-05-19T20:06:00
CMP_202603175,TYP_01,OTP / KYC Fraud,24984.42,Gujarat,Ahmedabad,2025-04-01T07:11:00,2025-04-02T04:11:00,2025-04-02T05:04:00
CMP_202603176,TYP_05,Sextortion,32974.74,West Bengal,District-35,2025-01-09T10:40:00,2025-01-09T18:40:00,2025-01-09T19:25:00
CMP_202603177,TYP_02,Fake Loan App,15598.26,West Bengal,District-55,2025-04-21T11:58:00,2025-04-21T15:58:00,2025-04-21T16:11:00
CMP_202603178,TYP_06,Marketplace / OLX Fraud,5106.33,Karnataka,District-23,2025-01-09T16:15:00,2025-01-10T12:15:00,2025-01-10T12:21:00
CMP_202603179,TYP_01,OTP / KYC Fraud,12870.35,Andhra Pradesh,District-67,2025-03-23T13:15:00,2025-03-23T22:15:00,2025-03-23T22:36:00
CMP_202603180,TYP_05,Sextortion,30060.1,Madhya Pradesh,District-69,2025-03-01T16:12:00,2025-03-01T21:12:00,2025-03-01T21:34:00
CMP_202603181,TYP_03,Part-Time Job Scam,803118.23,Kerala,District-59,2025-01-23T11:12:00,2025-01-24T04:12:00,2025-01-24T04:40:00
CMP_202603182,TYP_02,Fake Loan App,21257.39,Gujarat,Ahmedabad,2025-05-28T17:03:00,2025-05-28T22:03:00,2025-05-28T22:57:00
CMP_202603183,TYP_02,Fake Loan App,23509.21,Telangana,Hyderabad,2025-05-30T14:49:00,2025-05-30T22:49:00,2025-05-30T23:11:00
CMP_202603184,TYP_02,Fake Loan App,8587.32,Odisha,District-73,2025-01-07T06:59:00,2025-01-07T19:59:00,2025-01-07T20:55:00
CMP_202603185,TYP_02,Fake Loan App,5575.73,Jharkhand,District-72,2025-03-09T10:01:00,2025-03-09T11:01:00,2025-03-09T11:34:00
CMP_202603186,TYP_02,Fake Loan App,16799.78,Madhya Pradesh,District-53,2025-06-23T23:49:00,2025-06-24T03:49:00,2025-06-24T04:00:00
CMP_202603187,TYP_06,Marketplace / OLX Fraud,12896.37,Tamil Nadu,Chennai,2025-05-26T07:54:00,2025-05-26T10:54:00,2025-05-26T10:59:00
CMP_202603188,TYP_02,Fake Loan App,19151.03,Bihar,District-38,2025-03-11T21:53:00,2025-03-12T10:53:00,2025-03-12T11:29:00
CMP_202603189,TYP_03,Part-Time Job Scam,66791.16,Jharkhand,District-72,2025-05-12T15:14:00,2025-05-12T19:14:00,2025-05-12T19:51:00
CMP_202603190,TYP_03,Part-Time Job Scam,41502.43,Madhya Pradesh,District-52,2025-02-14T16:03:00,2025-02-15T07:03:00,2025-02-15T07:38:00
CMP_202603191,TYP_06,Marketplace / OLX Fraud,2595.87,Kerala,District-65,2025-04-21T17:56:00,2025-04-22T07:56:00,2025-04-22T08:39:00
CMP_202603192,TYP_04,Investment / Crypto Scam,797778.56,Madhya Pradesh,District-60,2025-03-04T15:27:00,2025-03-05T01:27:00,2025-03-05T01:53:00
CMP_202603193,TYP_05,Sextortion,94051.98,Jharkhand,District-45,2025-01-28T16:07:00,2025-01-29T04:07:00,2025-01-29T04:12:00
CMP_202603194,TYP_04,Investment / Crypto Scam,1624663.66,Odisha,District-68,2025-05-11T19:56:00,2025-05-12T09:56:00,2025-05-12T10:52:00
CMP_202603195,TYP_02,Fake Loan App,3104.94,Andhra Pradesh,District-44,2025-06-26T15:03:00,2025-06-26T17:03:00,2025-06-26T17:36:00
CMP_202603196,TYP_05,Sextortion,22965.54,Chhattisgarh,District-71,2025-02-20T16:17:00,2025-02-20T20:17:00,2025-02-20T21:04:00
CMP_202603197,TYP_03,Part-Time Job Scam,158098.28,Karnataka,District-56,2025-04-07T21:46:00,2025-04-08T04:46:00,2025-04-08T05:34:00
CMP_202603198,TYP_04,Investment / Crypto Scam,236036.75,Madhya Pradesh,District-69,2025-04-19T15:48:00,2025-04-20T04:48:00,2025-04-20T05:26:00
CMP_202603199,TYP_06,Marketplace / OLX Fraud,41644.44,Karnataka,District-51,2025-03-26T11:56:00,2025-03-27T10:56:00,2025-03-27T11:19:00
CMP_202603200,TYP_05,Sextortion,35900.46,Madhya Pradesh,District-53,2025-01-24T14:39:00,2025-01-25T01:39:00,2025-01-25T02:33:00
CMP_202603201,TYP_05,Sextortion,33599.99,Andhra Pradesh,District-64,2025-01-28T14:34:00,2025-01-29T14:34:00,2025-01-29T14:47:00
CMP_202603202,TYP_03,Part-Time Job Scam,152943.69,Rajasthan,District-46,2025-04-17T19:23:00,2025-04-18T08:23:00,2025-04-18T09:02:00
CMP_202603203,TYP_03,Part-Time Job Scam,375048.14,Assam,District-28,2025-04-24T17:17:00,2025-04-25T01:17:00,2025-04-25T01:59:00
CMP_202603204,TYP_05,Sextortion,99922.35,Odisha,District-68,2025-03-03T14:51:00,2025-03-03T21:51:00,2025-03-03T22:33:00
CMP_202603205,TYP_04,Investment / Crypto Scam,629530.62,Maharashtra,District-30,2025-02-18T10:26:00,2025-02-18T15:26:00,2025-02-18T15:57:00
CMP_202603206,TYP_03,Part-Time Job Scam,29227.01,Bihar,District-38,2025-05-06T19:12:00,2025-05-07T08:12:00,2025-05-07T08:27:00
CMP_202603207,TYP_05,Sextortion,79625.51,Jharkhand,District-72,2025-02-18T06:37:00,2025-02-18T08:37:00,2025-02-18T09:06:00
CMP_202603208,TYP_06,Marketplace / OLX Fraud,4801.58,Kerala,District-48,2025-03-24T18:46:00,2025-03-26T04:46:00,2025-03-26T05:36:00
CMP_202603209,TYP_05,Sextortion,42537.98,Chhattisgarh,District-57,2025-04-11T16:44:00,2025-04-11T19:44:00,2025-04-11T20:19:00
CMP_202603210,TYP_04,Investment / Crypto Scam,233545.36,Karnataka,District-74,2025-01-26T14:35:00,2025-01-27T02:35:00,2025-01-27T03:10:00
CMP_202603211,TYP_05,Sextortion,29711.98,Jharkhand,Deoghar,2025-05-30T17:48:00,2025-05-31T05:48:00,2025-05-31T06:34:00
CMP_202603212,TYP_06,Marketplace / OLX Fraud,5706.87,West Bengal,District-66,2025-01-19T08:01:00,2025-01-19T15:01:00,2025-01-19T15:54:00
CMP_202603213,TYP_02,Fake Loan App,29987.74,Tamil Nadu,Chennai,2025-05-24T12:08:00,2025-05-25T01:08:00,2025-05-25T01:21:00
CMP_202603214,TYP_01,OTP / KYC Fraud,40036.77,Karnataka,District-61,2025-03-30T19:10:00,2025-03-31T03:10:00,2025-03-31T04:07:00
CMP_202603215,TYP_06,Marketplace / OLX Fraud,11130.8,Rajasthan,Alwar,2025-01-21T18:41:00,2025-01-22T09:41:00,2025-01-22T10:21:00
CMP_202603216,TYP_03,Part-Time Job Scam,844627.54,Gujarat,District-50,2025-01-11T17:46:00,2025-01-12T03:46:00,2025-01-12T04:31:00
CMP_202603217,TYP_05,Sextortion,42348.96,Bihar,Purnia,2025-05-09T15:55:00,2025-05-09T20:55:00,2025-05-09T21:15:00
CMP_202603218,TYP_06,Marketplace / OLX Fraud,4999.46,Andhra Pradesh,District-64,2025-06-16T13:56:00,2025-06-16T15:56:00,2025-06-16T16:23:00
CMP_202603219,TYP_03,Part-Time Job Scam,78703.33,Karnataka,District-74,2025-02-06T11:18:00,2025-02-06T20:18:00,2025-02-06T21:09:00
CMP_202603220,TYP_02,Fake Loan App,4663.71,Maharashtra,District-30,2025-02-08T11:01:00,2025-02-08T18:01:00,2025-02-08T18:54:00
CMP_202603221,TYP_03,Part-Time Job Scam,45561.49,Chhattisgarh,District-57,2025-04-23T08:34:00,2025-04-23T10:34:00,2025-04-23T11:02:00
CMP_202603222,TYP_02,Fake Loan App,4452.37,Madhya Pradesh,District-69,2025-02-24T13:12:00,2025-02-24T15:12:00,2025-02-24T15:48:00
CMP_202603223,TYP_02,Fake Loan App,49323.62,Uttar Pradesh,District-43,2025-02-25T11:07:00,2025-02-26T04:07:00,2025-02-26T04:21:00
CMP_202603224,TYP_06,Marketplace / OLX Fraud,3592.34,Rajasthan,District-62,2025-01-28T09:52:00,2025-01-28T12:52:00,2025-01-28T13:52:00
CMP_202603225,TYP_02,Fake Loan App,19177.82,Chhattisgarh,District-57,2025-02-19T14:52:00,2025-02-19T16:52:00,2025-02-19T17:39:00
CMP_202603226,TYP_02,Fake Loan App,4293.08,Maharashtra,District-30,2025-05-19T01:11:00,2025-05-19T04:11:00,2025-05-19T05:10:00
CMP_202603227,TYP_05,Sextortion,16352.06,Rajasthan,District-62,2025-01-05T07:39:00,2025-01-05T21:39:00,2025-01-05T22:23:00
CMP_202603228,TYP_06,Marketplace / OLX Fraud,33679.44,Jharkhand,Jamtara,2025-01-23T13:01:00,2025-01-24T03:01:00,2025-01-24T03:14:00
CMP_202603229,TYP_05,Sextortion,58313.05,Kerala,District-48,2025-02-18T14:08:00,2025-02-18T15:08:00,2025-02-18T15:52:00
CMP_202603230,TYP_01,OTP / KYC Fraud,16607.78,Rajasthan,Bharatpur,2025-06-19T11:35:00,2025-06-19T12:35:00,2025-06-19T13:04:00
CMP_202603231,TYP_04,Investment / Crypto Scam,683687.16,West Bengal,Kolkata,2025-05-15T13:00:00,2025-05-15T16:00:00,2025-05-15T16:05:00
CMP_202603232,TYP_05,Sextortion,16681.69,Andhra Pradesh,District-26,2025-06-27T16:17:00,2025-06-28T11:17:00,2025-06-28T12:01:00
CMP_202603233,TYP_06,Marketplace / OLX Fraud,5485.45,Haryana,District-29,2025-01-26T17:48:00,2025-01-26T23:48:00,2025-01-27T00:03:00
CMP_202603234,TYP_06,Marketplace / OLX Fraud,3188.98,Jharkhand,Jamtara,2025-01-06T11:42:00,2025-01-06T19:42:00,2025-01-06T20:26:00
CMP_202603235,TYP_04,Investment / Crypto Scam,873025.71,Rajasthan,Bharatpur,2025-01-11T13:06:00,2025-01-12T02:06:00,2025-01-12T02:34:00
CMP_202603236,TYP_02,Fake Loan App,18390.55,Telangana,Hyderabad,2025-03-14T21:43:00,2025-03-15T05:43:00,2025-03-15T06:28:00
CMP_202603237,TYP_02,Fake Loan App,48758.56,Uttar Pradesh,Mathura,2025-01-09T18:03:00,2025-01-09T20:03:00,2025-01-09T20:46:00
CMP_202603238,TYP_02,Fake Loan App,31028.36,Gujarat,District-50,2025-03-25T13:47:00,2025-03-25T14:47:00,2025-03-25T15:43:00
CMP_202603239,TYP_02,Fake Loan App,40124.67,Uttar Pradesh,District-37,2025-05-29T19:56:00,2025-05-29T23:56:00,2025-05-30T00:55:00
CMP_202603240,TYP_05,Sextortion,11655.28,Chhattisgarh,District-57,2025-01-09T14:06:00,2025-01-11T02:06:00,2025-01-11T03:03:00
CMP_202603241,TYP_01,OTP / KYC Fraud,108414.85,Odisha,District-68,2025-04-20T16:08:00,2025-04-21T23:08:00,2025-04-21T23:26:00
CMP_202603242,TYP_05,Sextortion,120923.86,Maharashtra,District-47,2025-04-08T14:52:00,2025-04-09T02:52:00,2025-04-09T03:21:00
CMP_202603243,TYP_02,Fake Loan App,78544.13,Maharashtra,Mumbai,2025-02-08T16:52:00,2025-02-09T03:52:00,2025-02-09T04:50:00
CMP_202603244,TYP_03,Part-Time Job Scam,206022.78,West Bengal,District-55,2025-01-30T16:09:00,2025-02-02T14:09:00,2025-02-02T14:31:00
CMP_202603245,TYP_02,Fake Loan App,71733.61,Kerala,District-48,2025-06-03T18:43:00,2025-06-04T08:43:00,2025-06-04T09:28:00
CMP_202603246,TYP_06,Marketplace / OLX Fraud,5801.48,Bihar,District-38,2025-03-22T16:29:00,2025-03-22T17:29:00,2025-03-22T17:58:00
CMP_202603247,TYP_03,Part-Time Job Scam,107593.18,Gujarat,District-50,2025-05-11T17:15:00,2025-05-12T00:15:00,2025-05-12T00:43:00
CMP_202603248,TYP_02,Fake Loan App,8336.78,Gujarat,Ahmedabad,2025-03-28T13:51:00,2025-03-28T17:51:00,2025-03-28T18:50:00
CMP_202603249,TYP_03,Part-Time Job Scam,11961.3,Haryana,Mewat,2025-02-03T12:58:00,2025-02-03T15:58:00,2025-02-03T16:08:00
CMP_202603250,TYP_05,Sextortion,16881.63,Karnataka,District-56,2025-04-10T22:28:00,2025-04-11T01:28:00,2025-04-11T02:19:00
CMP_202603251,TYP_03,Part-Time Job Scam,142694.66,Karnataka,District-61,2025-02-20T11:30:00,2025-02-21T13:30:00,2025-02-21T13:37:00
CMP_202603252,TYP_02,Fake Loan App,18473.9,Karnataka,District-61,2025-04-13T09:15:00,2025-04-13T19:15:00,2025-04-13T20:02:00
CMP_202603253,TYP_01,OTP / KYC Fraud,22667.75,Andhra Pradesh,District-64,2025-04-16T12:03:00,2025-04-18T08:03:00,2025-04-18T08:16:00
CMP_202603254,TYP_06,Marketplace / OLX Fraud,14685.52,Karnataka,District-51,2025-04-18T07:52:00,2025-04-18T10:52:00,2025-04-18T11:31:00
CMP_202603255,TYP_05,Sextortion,21904.89,Karnataka,District-56,2025-01-06T08:02:00,2025-01-06T16:02:00,2025-01-06T16:28:00
CMP_202603256,TYP_02,Fake Loan App,9024.09,Jharkhand,District-72,2025-02-08T13:26:00,2025-02-09T02:26:00,2025-02-09T03:12:00
CMP_202603257,TYP_05,Sextortion,25947.7,Telangana,Hyderabad,2025-03-01T19:26:00,2025-03-01T20:26:00,2025-03-01T20:45:00
CMP_202603258,TYP_01,OTP / KYC Fraud,66510.81,Maharashtra,District-32,2025-04-07T12:12:00,2025-04-07T14:12:00,2025-04-07T14:35:00
CMP_202603259,TYP_02,Fake Loan App,13302.11,Madhya Pradesh,District-53,2025-04-30T21:19:00,2025-05-03T07:19:00,2025-05-03T08:05:00
CMP_202603260,TYP_03,Part-Time Job Scam,170004.65,Gujarat,District-70,2025-01-26T12:08:00,2025-01-28T01:08:00,2025-01-28T01:35:00
CMP_202603261,TYP_05,Sextortion,26409.96,Haryana,Gurugram,2025-03-21T12:30:00,2025-03-21T16:30:00,2025-03-21T16:38:00
CMP_202603262,TYP_02,Fake Loan App,71061.9,Odisha,District-73,2025-04-26T19:39:00,2025-04-27T14:39:00,2025-04-27T15:12:00
CMP_202603263,TYP_06,Marketplace / OLX Fraud,8666.05,Uttar Pradesh,Gorakhpur,2025-03-21T10:27:00,2025-03-21T17:27:00,2025-03-21T17:58:00
CMP_202603264,TYP_02,Fake Loan App,10053.86,Punjab,Amritsar,2025-05-09T19:46:00,2025-05-10T07:46:00,2025-05-10T08:31:00
CMP_202603265,TYP_02,Fake Loan App,14591.7,Haryana,District-63,2025-05-14T12:22:00,2025-05-14T17:22:00,2025-05-14T17:34:00
CMP_202603266,TYP_02,Fake Loan App,2599.67,Punjab,Amritsar,2025-04-26T12:52:00,2025-04-28T02:52:00,2025-04-28T03:05:00
CMP_202603267,TYP_06,Marketplace / OLX Fraud,3130.34,Odisha,District-22,2025-04-07T14:40:00,2025-04-07T17:40:00,2025-04-07T18:39:00
CMP_202603268,TYP_05,Sextortion,44120.48,Haryana,Gurugram,2025-03-21T04:59:00,2025-03-21T20:59:00,2025-03-21T21:15:00
CMP_202603269,TYP_06,Marketplace / OLX Fraud,7755.37,Karnataka,District-74,2025-05-17T20:42:00,2025-05-18T02:42:00,2025-05-18T03:19:00
CMP_202603270,TYP_06,Marketplace / OLX Fraud,14465.39,Tamil Nadu,Chennai,2025-03-22T15:52:00,2025-03-23T02:52:00,2025-03-23T03:11:00
CMP_202603271,TYP_03,Part-Time Job Scam,94825.91,Karnataka,District-23,2025-04-24T08:13:00,2025-04-25T11:13:00,2025-04-25T11:18:00
CMP_202603272,TYP_04,Investment / Crypto Scam,170911.15,Gujarat,District-70,2025-02-20T18:09:00,2025-02-20T23:09:00,2025-02-21T00:02:00
CMP_202603273,TYP_02,Fake Loan App,12197.45,Haryana,Mewat,2025-04-17T07:34:00,2025-04-18T00:34:00,2025-04-18T01:29:00
CMP_202603274,TYP_03,Part-Time Job Scam,421318.34,Uttar Pradesh,District-43,2025-04-19T17:23:00,2025-04-21T02:23:00,2025-04-21T02:51:00
CMP_202603275,TYP_05,Sextortion,159246.41,Jharkhand,Jamtara,2025-04-16T10:04:00,2025-04-18T00:04:00,2025-04-18T00:38:00
CMP_202603276,TYP_01,OTP / KYC Fraud,38335.26,Bihar,District-38,2025-06-23T16:17:00,2025-06-23T20:17:00,2025-06-23T21:00:00
CMP_202603277,TYP_02,Fake Loan App,34247.37,Madhya Pradesh,District-69,2025-04-06T14:29:00,2025-04-06T16:29:00,2025-04-06T16:36:00
CMP_202603278,TYP_05,Sextortion,41996.71,Jharkhand,Deoghar,2025-06-05T10:21:00,2025-06-05T11:21:00,2025-06-05T11:47:00
CMP_202603279,TYP_03,Part-Time Job Scam,128248.63,Madhya Pradesh,District-41,2025-01-19T16:29:00,2025-01-19T18:29:00,2025-01-19T18:58:00
CMP_202603280,TYP_06,Marketplace / OLX Fraud,41224.87,Punjab,District-25,2025-03-30T06:39:00,2025-04-01T01:39:00,2025-04-01T02:28:00
CMP_202603281,TYP_01,OTP / KYC Fraud,45204.33,Karnataka,District-42,2025-05-14T17:01:00,2025-05-15T10:01:00,2025-05-15T10:35:00
CMP_202603282,TYP_05,Sextortion,16518.68,Karnataka,District-23,2025-02-19T11:57:00,2025-02-19T16:57:00,2025-02-19T17:54:00
CMP_202603283,TYP_01,OTP / KYC Fraud,59068.34,Andhra Pradesh,District-67,2025-01-18T17:21:00,2025-01-18T22:21:00,2025-01-18T22:30:00
CMP_202603284,TYP_02,Fake Loan App,26472.19,Karnataka,District-51,2025-03-09T18:57:00,2025-03-11T13:57:00,2025-03-11T14:51:00
CMP_202603285,TYP_01,OTP / KYC Fraud,31468.19,Punjab,Amritsar,2025-04-16T16:55:00,2025-04-17T00:55:00,2025-04-17T01:27:00
CMP_202603286,TYP_05,Sextortion,79815.66,Andhra Pradesh,District-26,2025-06-05T15:52:00,2025-06-05T16:52:00,2025-06-05T17:28:00
CMP_202603287,TYP_05,Sextortion,36156.2,Chhattisgarh,District-71,2025-06-15T09:26:00,2025-06-15T12:26:00,2025-06-15T13:23:00
CMP_202603288,TYP_02,Fake Loan App,5975.64,Punjab,District-36,2025-01-08T09:52:00,2025-01-08T12:52:00,2025-01-08T13:51:00
CMP_202603289,TYP_05,Sextortion,16554.52,Madhya Pradesh,District-40,2025-06-19T12:08:00,2025-06-20T02:08:00,2025-06-20T02:56:00
CMP_202603290,TYP_02,Fake Loan App,17479.8,Punjab,Amritsar,2025-03-17T10:36:00,2025-03-19T09:36:00,2025-03-19T10:04:00
CMP_202603291,TYP_04,Investment / Crypto Scam,416201.6,Haryana,District-29,2025-03-18T17:46:00,2025-03-18T19:46:00,2025-03-18T20:20:00
CMP_202603292,TYP_03,Part-Time Job Scam,31342.21,Gujarat,District-50,2025-04-23T05:38:00,2025-04-25T02:38:00,2025-04-25T02:56:00
CMP_202603293,TYP_06,Marketplace / OLX Fraud,24747.03,Punjab,Amritsar,2025-05-04T17:38:00,2025-05-04T23:38:00,2025-05-05T00:33:00
CMP_202603294,TYP_05,Sextortion,11501.25,Madhya Pradesh,District-40,2025-02-27T14:07:00,2025-02-27T19:07:00,2025-02-27T19:25:00
CMP_202603295,TYP_02,Fake Loan App,14694.07,Odisha,District-54,2025-05-09T13:11:00,2025-05-09T23:11:00,2025-05-09T23:30:00
CMP_202603296,TYP_05,Sextortion,16669.1,West Bengal,District-66,2025-05-03T12:39:00,2025-05-03T14:39:00,2025-05-03T15:23:00
CMP_202603297,TYP_02,Fake Loan App,87653.34,Assam,District-21,2025-05-07T10:20:00,2025-05-08T12:20:00,2025-05-08T13:09:00
CMP_202603298,TYP_02,Fake Loan App,14501.18,Gujarat,District-24,2025-01-10T07:19:00,2025-01-11T11:19:00,2025-01-11T11:27:00
CMP_202603299,TYP_06,Marketplace / OLX Fraud,75545.4,Kerala,District-65,2025-01-25T18:41:00,2025-01-27T13:41:00,2025-01-27T14:39:00
CMP_202603300,TYP_06,Marketplace / OLX Fraud,6130.39,Odisha,District-54,2025-04-10T11:05:00,2025-04-10T12:05:00,2025-04-10T13:01:00
CMP_202603301,TYP_02,Fake Loan App,4850.61,Karnataka,District-23,2025-04-15T09:42:00,2025-04-15T17:42:00,2025-04-15T18:31:00
CMP_202603302,TYP_02,Fake Loan App,9711.92,Jharkhand,Jamtara,2025-04-01T14:07:00,2025-04-02T01:07:00,2025-04-02T02:01:00
CMP_202603303,TYP_04,Investment / Crypto Scam,589015.65,Chhattisgarh,District-71,2025-03-08T08:09:00,2025-03-09T09:09:00,2025-03-09T09:41:00
CMP_202603304,TYP_06,Marketplace / OLX Fraud,3309.11,Uttar Pradesh,Mathura,2025-03-11T16:17:00,2025-03-12T05:17:00,2025-03-12T06:01:00
CMP_202603305,TYP_05,Sextortion,56184.14,Jharkhand,District-72,2025-01-26T18:46:00,2025-01-28T13:46:00,2025-01-28T14:00:00
CMP_202603306,TYP_02,Fake Loan App,14298.8,Haryana,District-75,2025-02-24T19:26:00,2025-02-25T05:26:00,2025-02-25T06:03:00
CMP_202603307,TYP_03,Part-Time Job Scam,181202.99,Haryana,Gurugram,2025-02-04T16:33:00,2025-02-04T19:33:00,2025-02-04T20:23:00
CMP_202603308,TYP_03,Part-Time Job Scam,624651.16,Odisha,District-54,2025-03-20T12:10:00,2025-03-20T14:10:00,2025-03-20T14:42:00
CMP_202603309,TYP_05,Sextortion,14144.52,Andhra Pradesh,District-26,2025-03-29T18:42:00,2025-03-29T20:42:00,2025-03-29T20:55:00
CMP_202603310,TYP_05,Sextortion,57735.25,Rajasthan,District-62,2025-05-16T08:45:00,2025-05-16T18:45:00,2025-05-16T19:45:00
CMP_202603311,TYP_05,Sextortion,21595.4,Maharashtra,District-30,2025-01-21T07:45:00,2025-01-21T08:45:00,2025-01-21T08:51:00
CMP_202603312,TYP_03,Part-Time Job Scam,86434.63,Karnataka,Bengaluru Urban,2025-06-03T17:37:00,2025-06-03T23:37:00,2025-06-03T23:45:00
CMP_202603313,TYP_06,Marketplace / OLX Fraud,11013.74,Andhra Pradesh,District-44,2025-06-01T10:53:00,2025-06-01T23:53:00,2025-06-02T00:45:00
CMP_202603314,TYP_03,Part-Time Job Scam,142747.61,Karnataka,District-42,2025-01-06T16:21:00,2025-01-07T17:21:00,2025-01-07T18:13:00
CMP_202603315,TYP_03,Part-Time Job Scam,82030.61,Karnataka,District-34,2025-04-02T11:33:00,2025-04-02T15:33:00,2025-04-02T16:08:00
CMP_202603316,TYP_03,Part-Time Job Scam,67660.52,Maharashtra,Pune,2025-03-26T16:24:00,2025-03-28T06:24:00,2025-03-28T06:48:00
CMP_202603317,TYP_02,Fake Loan App,11296.46,Odisha,District-54,2025-03-08T14:19:00,2025-03-08T16:19:00,2025-03-08T17:00:00
CMP_202603318,TYP_03,Part-Time Job Scam,322302.86,Odisha,District-73,2025-04-11T13:19:00,2025-04-13T08:19:00,2025-04-13T08:34:00
CMP_202603319,TYP_02,Fake Loan App,14550.01,Karnataka,District-42,2025-01-21T11:37:00,2025-01-23T05:37:00,2025-01-23T05:46:00
CMP_202603320,TYP_02,Fake Loan App,11823.6,West Bengal,District-55,2025-06-24T13:21:00,2025-06-25T08:21:00,2025-06-25T09:11:00
CMP_202603321,TYP_05,Sextortion,7908.25,Madhya Pradesh,District-60,2025-05-20T12:42:00,2025-05-20T16:42:00,2025-05-20T16:51:00
CMP_202603322,TYP_02,Fake Loan App,25140.65,Tamil Nadu,District-49,2025-05-18T15:29:00,2025-05-26T06:29:00,2025-05-26T07:22:00
CMP_202603323,TYP_01,OTP / KYC Fraud,28687.67,West Bengal,District-35,2025-03-20T14:59:00,2025-03-20T15:59:00,2025-03-20T16:34:00
CMP_202603324,TYP_03,Part-Time Job Scam,73338.81,Madhya Pradesh,District-53,2025-02-05T07:45:00,2025-02-05T12:45:00,2025-02-05T13:36:00
CMP_202603325,TYP_02,Fake Loan App,20726.14,Haryana,Gurugram,2025-02-08T20:21:00,2025-02-08T21:21:00,2025-02-08T22:16:00
CMP_202603326,TYP_03,Part-Time Job Scam,18919.29,Uttar Pradesh,District-37,2025-01-31T16:10:00,2025-01-31T18:10:00,2025-01-31T19:10:00
CMP_202603327,TYP_05,Sextortion,88359.68,Haryana,Mewat,2025-06-15T14:17:00,2025-06-16T08:17:00,2025-06-16T08:26:00
CMP_202603328,TYP_02,Fake Loan App,12306.0,Gujarat,District-50,2025-03-12T13:06:00,2025-03-13T14:06:00,2025-03-13T15:06:00
CMP_202603329,TYP_02,Fake Loan App,34495.57,Tamil Nadu,Chennai,2025-02-14T08:38:00,2025-02-14T10:38:00,2025-02-14T11:03:00
CMP_202603330,TYP_02,Fake Loan App,1149.96,Madhya Pradesh,District-53,2025-03-30T16:55:00,2025-03-30T19:55:00,2025-03-30T20:51:00
CMP_202603331,TYP_06,Marketplace / OLX Fraud,8145.27,Uttar Pradesh,District-37,2025-02-19T12:56:00,2025-02-20T22:56:00,2025-02-20T23:51:00
CMP_202603332,TYP_02,Fake Loan App,24757.05,Maharashtra,Pune,2025-06-02T16:26:00,2025-06-02T20:26:00,2025-06-02T20:42:00
CMP_202603333,TYP_02,Fake Loan App,19484.04,Uttar Pradesh,Mathura,2025-01-03T09:57:00,2025-01-03T10:57:00,2025-01-03T11:51:00
CMP_202603334,TYP_03,Part-Time Job Scam,27659.04,Maharashtra,Mumbai,2025-06-08T11:26:00,2025-06-08T15:26:00,2025-06-08T16:10:00
CMP_202603335,TYP_03,Part-Time Job Scam,224174.59,Karnataka,District-42,2025-04-25T08:59:00,2025-04-25T11:59:00,2025-04-25T12:09:00
CMP_202603336,TYP_02,Fake Loan App,2209.5,Kerala,District-59,2025-05-11T17:50:00,2025-05-11T20:50:00,2025-05-11T21:18:00
CMP_202603337,TYP_02,Fake Loan App,27702.71,Madhya Pradesh,District-41,2025-06-02T16:39:00,2025-06-02T20:39:00,2025-06-02T21:33:00
CMP_202603338,TYP_05,Sextortion,9871.33,Punjab,Amritsar,2025-06-27T10:21:00,2025-06-28T01:21:00,2025-06-28T02:12:00
CMP_202603339,TYP_05,Sextortion,29294.59,Tamil Nadu,Chennai,2025-03-03T14:14:00,2025-03-03T17:14:00,2025-03-03T17:19:00
CMP_202603340,TYP_06,Marketplace / OLX Fraud,5582.11,Odisha,District-54,2025-05-22T14:41:00,2025-05-22T21:41:00,2025-05-22T22:21:00
CMP_202603341,TYP_03,Part-Time Job Scam,110706.91,Karnataka,District-74,2025-01-24T15:28:00,2025-01-25T04:28:00,2025-01-25T05:24:00
CMP_202603342,TYP_01,OTP / KYC Fraud,28682.92,Gujarat,District-24,2025-05-10T16:25:00,2025-05-13T05:25:00,2025-05-13T06:16:00
CMP_202603343,TYP_05,Sextortion,50173.08,Rajasthan,Bharatpur,2025-03-12T09:32:00,2025-03-12T23:32:00,2025-03-12T23:46:00
CMP_202603344,TYP_05,Sextortion,13074.54,Rajasthan,District-62,2025-03-16T10:10:00,2025-03-16T22:10:00,2025-03-16T23:05:00
CMP_202603345,TYP_02,Fake Loan App,12400.96,Punjab,District-25,2025-03-27T13:38:00,2025-03-27T23:38:00,2025-03-28T00:01:00
CMP_202603346,TYP_05,Sextortion,45730.49,Telangana,District-39,2025-03-22T07:15:00,2025-03-22T08:15:00,2025-03-22T08:49:00
CMP_202603347,TYP_02,Fake Loan App,33724.62,Madhya Pradesh,District-53,2025-02-23T14:32:00,2025-02-23T15:32:00,2025-02-23T16:26:00
CMP_202603348,TYP_02,Fake Loan App,18254.78,West Bengal,District-35,2025-01-27T13:21:00,2025-01-27T18:21:00,2025-01-27T18:42:00
CMP_202603349,TYP_03,Part-Time Job Scam,93878.9,Andhra Pradesh,District-67,2025-01-30T19:48:00,2025-01-31T00:48:00,2025-01-31T01:03:00
CMP_202603350,TYP_03,Part-Time Job Scam,70694.86,West Bengal,District-35,2025-06-28T20:00:00,2025-06-28T23:00:00,2025-06-28T23:49:00
CMP_202603351,TYP_01,OTP / KYC Fraud,25636.69,West Bengal,District-55,2025-05-19T10:46:00,2025-05-19T11:46:00,2025-05-19T12:19:00
CMP_202603352,TYP_03,Part-Time Job Scam,433486.6,Assam,District-21,2025-02-02T14:10:00,2025-02-02T20:10:00,2025-02-02T21:00:00
CMP_202603353,TYP_03,Part-Time Job Scam,268820.25,Karnataka,District-61,2025-06-15T08:18:00,2025-06-15T09:18:00,2025-06-15T10:12:00
CMP_202603354,TYP_02,Fake Loan App,21527.43,Haryana,District-29,2025-03-10T23:30:00,2025-03-11T04:30:00,2025-03-11T05:04:00
CMP_202603355,TYP_03,Part-Time Job Scam,146997.17,Haryana,District-29,2025-01-14T14:51:00,2025-01-14T21:51:00,2025-01-14T22:30:00
CMP_202603356,TYP_03,Part-Time Job Scam,260370.94,Karnataka,District-74,2025-04-27T16:13:00,2025-04-28T04:13:00,2025-04-28T05:11:00
CMP_202603357,TYP_02,Fake Loan App,12744.13,Karnataka,District-42,2025-02-06T15:41:00,2025-02-06T17:41:00,2025-02-06T18:18:00
CMP_202603358,TYP_06,Marketplace / OLX Fraud,7349.33,Madhya Pradesh,District-69,2025-05-03T00:04:00,2025-05-03T01:04:00,2025-05-03T01:09:00
CMP_202603359,TYP_01,OTP / KYC Fraud,15317.62,Gujarat,Ahmedabad,2025-05-19T09:59:00,2025-05-19T20:59:00,2025-05-19T21:28:00
CMP_202603360,TYP_06,Marketplace / OLX Fraud,8060.18,Telangana,District-39,2025-05-14T17:35:00,2025-05-14T20:35:00,2025-05-14T21:13:00
CMP_202603361,TYP_02,Fake Loan App,44562.81,West Bengal,Siliguri,2025-04-04T14:11:00,2025-04-05T10:11:00,2025-04-05T10:29:00
CMP_202603362,TYP_02,Fake Loan App,21499.58,Uttar Pradesh,Gorakhpur,2025-05-03T10:08:00,2025-05-03T18:08:00,2025-05-03T18:56:00
CMP_202603363,TYP_05,Sextortion,185616.28,Kerala,District-65,2025-05-01T23:32:00,2025-05-02T00:32:00,2025-05-02T01:29:00
CMP_202603364,TYP_05,Sextortion,71062.7,Kerala,District-59,2025-01-04T07:43:00,2025-01-04T10:43:00,2025-01-04T11:00:00
CMP_202603365,TYP_01,OTP / KYC Fraud,25135.76,Kerala,District-48,2025-01-09T20:05:00,2025-01-09T21:05:00,2025-01-09T21:21:00
CMP_202603366,TYP_02,Fake Loan App,15956.35,Maharashtra,District-30,2025-04-12T18:19:00,2025-04-12T23:19:00,2025-04-12T23:43:00
CMP_202603367,TYP_02,Fake Loan App,21064.02,Odisha,District-73,2025-05-25T16:17:00,2025-05-25T22:17:00,2025-05-25T22:29:00
CMP_202603368,TYP_05,Sextortion,21317.25,Punjab,District-25,2025-02-12T09:01:00,2025-02-12T13:01:00,2025-02-12T13:34:00
CMP_202603369,TYP_01,OTP / KYC Fraud,8523.4,Punjab,District-25,2025-01-14T10:34:00,2025-01-14T13:34:00,2025-01-14T14:15:00
CMP_202603370,TYP_04,Investment / Crypto Scam,893492.4,West Bengal,Siliguri,2025-05-11T10:52:00,2025-05-12T02:52:00,2025-05-12T03:19:00
CMP_202603371,TYP_06,Marketplace / OLX Fraud,3261.97,Bihar,District-38,2025-05-09T10:43:00,2025-05-10T01:43:00,2025-05-10T02:27:00
CMP_202603372,TYP_05,Sextortion,28374.63,Madhya Pradesh,District-60,2025-01-17T11:34:00,2025-01-19T06:34:00,2025-01-19T07:30:00
CMP_202603373,TYP_06,Marketplace / OLX Fraud,17437.49,Odisha,District-27,2025-05-18T19:24:00,2025-05-18T21:24:00,2025-05-18T21:47:00
CMP_202603374,TYP_02,Fake Loan App,19092.39,Haryana,Gurugram,2025-04-15T19:45:00,2025-04-15T21:45:00,2025-04-15T21:59:00
CMP_202603375,TYP_05,Sextortion,11410.11,Odisha,District-54,2025-02-02T11:15:00,2025-02-02T19:15:00,2025-02-02T19:35:00
CMP_202603376,TYP_02,Fake Loan App,5621.02,Tamil Nadu,Chennai,2025-03-02T15:28:00,2025-03-05T23:28:00,2025-03-05T23:41:00
CMP_202603377,TYP_02,Fake Loan App,22185.67,Rajasthan,District-46,2025-01-23T18:12:00,2025-01-23T21:12:00,2025-01-23T21:20:00
CMP_202603378,TYP_02,Fake Loan App,5941.54,Gujarat,District-31,2025-01-01T10:13:00,2025-01-02T06:13:00,2025-01-02T06:21:00
CMP_202603379,TYP_01,OTP / KYC Fraud,40115.8,Odisha,District-22,2025-02-18T12:12:00,2025-02-20T04:12:00,2025-02-20T05:07:00
CMP_202603380,TYP_03,Part-Time Job Scam,116586.97,Maharashtra,Mumbai,2025-03-14T04:03:00,2025-03-14T08:03:00,2025-03-14T08:18:00
CMP_202603381,TYP_03,Part-Time Job Scam,70697.6,Maharashtra,District-47,2025-06-16T17:27:00,2025-06-16T20:27:00,2025-06-16T20:53:00
CMP_202603382,TYP_05,Sextortion,21699.7,Madhya Pradesh,District-53,2025-02-25T10:55:00,2025-02-26T09:55:00,2025-02-26T10:20:00
CMP_202603383,TYP_02,Fake Loan App,17542.56,Rajasthan,Alwar,2025-02-01T14:54:00,2025-02-01T16:54:00,2025-02-01T17:15:00
CMP_202603384,TYP_03,Part-Time Job Scam,132665.24,Karnataka,District-74,2025-03-07T14:48:00,2025-03-08T10:48:00,2025-03-08T10:57:00
CMP_202603385,TYP_02,Fake Loan App,8212.46,Madhya Pradesh,District-53,2025-03-27T12:15:00,2025-03-27T14:15:00,2025-03-27T15:10:00
CMP_202603386,TYP_03,Part-Time Job Scam,216696.17,Uttar Pradesh,Gorakhpur,2025-04-01T15:44:00,2025-04-01T21:44:00,2025-04-01T22:38:00
CMP_202603387,TYP_02,Fake Loan App,14659.65,Punjab,Amritsar,2025-03-09T21:35:00,2025-03-10T00:35:00,2025-03-10T01:16:00
CMP_202603388,TYP_03,Part-Time Job Scam,70741.5,Madhya Pradesh,District-52,2025-01-24T13:55:00,2025-01-24T16:55:00,2025-01-24T17:35:00
CMP_202603389,TYP_05,Sextortion,32141.95,Haryana,Gurugram,2025-06-19T16:08:00,2025-06-19T21:08:00,2025-06-19T21:37:00
CMP_202603390,TYP_01,OTP / KYC Fraud,19497.06,Uttar Pradesh,District-37,2025-05-27T18:50:00,2025-05-28T10:50:00,2025-05-28T11:07:00
CMP_202603391,TYP_02,Fake Loan App,9052.07,Telangana,District-39,2025-05-05T13:05:00,2025-05-06T07:05:00,2025-05-06T07:41:00
CMP_202603392,TYP_01,OTP / KYC Fraud,104703.07,Andhra Pradesh,District-26,2025-06-30T10:41:00,2025-06-30T13:41:00,2025-06-30T14:26:00
CMP_202603393,TYP_06,Marketplace / OLX Fraud,3242.33,Chhattisgarh,District-57,2025-03-03T15:47:00,2025-03-03T17:47:00,2025-03-03T18:05:00
CMP_202603394,TYP_06,Marketplace / OLX Fraud,12722.55,Gujarat,Ahmedabad,2025-02-18T13:06:00,2025-02-18T22:06:00,2025-02-18T22:59:00
CMP_202603395,TYP_05,Sextortion,41273.25,Karnataka,District-74,2025-01-06T13:58:00,2025-01-06T22:58:00,2025-01-06T23:53:00
CMP_202603396,TYP_01,OTP / KYC Fraud,139273.35,Kerala,District-48,2025-04-06T15:30:00,2025-04-06T22:30:00,2025-04-06T23:04:00
CMP_202603397,TYP_05,Sextortion,15533.55,West Bengal,District-35,2025-02-26T07:20:00,2025-02-27T07:20:00,2025-02-27T08:10:00
CMP_202603398,TYP_05,Sextortion,73802.15,Uttar Pradesh,Mathura,2025-02-08T14:44:00,2025-02-08T23:44:00,2025-02-09T00:20:00
CMP_202603399,TYP_02,Fake Loan App,70632.95,Madhya Pradesh,District-53,2025-06-15T03:51:00,2025-06-15T11:51:00,2025-06-15T12:45:00
CMP_202603400,TYP_01,OTP / KYC Fraud,16305.34,Odisha,District-73,2025-05-29T10:48:00,2025-05-29T12:48:00,2025-05-29T13:20:00
CMP_202603401,TYP_02,Fake Loan App,62549.49,Chhattisgarh,District-57,2025-03-28T08:59:00,2025-03-28T10:59:00,2025-03-28T11:32:00
CMP_202603402,TYP_06,Marketplace / OLX Fraud,15952.01,Andhra Pradesh,District-58,2025-01-03T18:30:00,2025-01-03T20:30:00,2025-01-03T21:16:00
CMP_202603403,TYP_05,Sextortion,171846.31,Gujarat,District-70,2025-05-31T17:00:00,2025-06-01T03:00:00,2025-06-01T03:11:00
CMP_202603404,TYP_06,Marketplace / OLX Fraud,2484.15,Andhra Pradesh,District-44,2025-03-08T11:12:00,2025-03-08T21:12:00,2025-03-08T21:34:00
CMP_202603405,TYP_05,Sextortion,19179.08,Chhattisgarh,District-71,2025-06-16T03:29:00,2025-06-16T13:29:00,2025-06-16T13:48:00
CMP_202603406,TYP_02,Fake Loan App,26585.84,Gujarat,District-70,2025-03-02T11:15:00,2025-03-03T00:15:00,2025-03-03T00:32:00
CMP_202603407,TYP_04,Investment / Crypto Scam,520408.42,Assam,District-21,2025-06-06T15:40:00,2025-06-07T08:40:00,2025-06-07T09:38:00
CMP_202603408,TYP_04,Investment / Crypto Scam,402841.45,Uttar Pradesh,District-37,2025-05-13T12:34:00,2025-05-13T17:34:00,2025-05-13T17:39:00
CMP_202603409,TYP_03,Part-Time Job Scam,204548.71,Madhya Pradesh,District-52,2025-03-19T01:08:00,2025-03-19T03:08:00,2025-03-19T04:07:00
CMP_202603410,TYP_03,Part-Time Job Scam,273672.87,Bihar,District-38,2025-04-29T09:02:00,2025-04-29T10:02:00,2025-04-29T10:24:00
CMP_202603411,TYP_04,Investment / Crypto Scam,317525.38,West Bengal,District-66,2025-01-05T09:59:00,2025-01-05T17:59:00,2025-01-05T18:20:00
CMP_202603412,TYP_02,Fake Loan App,10076.29,Kerala,District-59,2025-05-29T10:57:00,2025-05-30T04:57:00,2025-05-30T05:56:00
CMP_202603413,TYP_02,Fake Loan App,17424.44,Madhya Pradesh,District-41,2025-04-05T15:31:00,2025-04-05T19:31:00,2025-04-05T20:09:00
CMP_202603414,TYP_05,Sextortion,19394.93,Haryana,Gurugram,2025-05-23T11:25:00,2025-05-24T23:25:00,2025-05-24T23:57:00
CMP_202603415,TYP_02,Fake Loan App,7278.95,Uttar Pradesh,District-33,2025-03-31T11:44:00,2025-03-31T12:44:00,2025-03-31T13:39:00
CMP_202603416,TYP_06,Marketplace / OLX Fraud,18789.08,Haryana,District-75,2025-03-01T10:17:00,2025-03-01T14:17:00,2025-03-01T14:44:00
CMP_202603417,TYP_03,Part-Time Job Scam,323052.13,West Bengal,Siliguri,2025-03-23T06:46:00,2025-03-23T11:46:00,2025-03-23T12:27:00
CMP_202603418,TYP_02,Fake Loan App,5899.14,Assam,District-21,2025-02-05T12:58:00,2025-02-05T17:58:00,2025-02-05T18:29:00
CMP_202603419,TYP_03,Part-Time Job Scam,87676.86,Telangana,District-39,2025-06-14T18:20:00,2025-06-15T16:20:00,2025-06-15T16:25:00
CMP_202603420,TYP_02,Fake Loan App,7749.62,Jharkhand,Deoghar,2025-06-30T16:55:00,2025-06-30T20:55:00,2025-06-30T21:12:00
CMP_202603421,TYP_03,Part-Time Job Scam,93678.44,Karnataka,District-56,2025-03-31T08:21:00,2025-03-31T10:21:00,2025-03-31T10:28:00
CMP_202603422,TYP_03,Part-Time Job Scam,197553.94,Punjab,District-25,2025-02-10T10:03:00,2025-02-10T12:03:00,2025-02-10T12:27:00
CMP_202603423,TYP_02,Fake Loan App,12292.74,West Bengal,Kolkata,2025-01-20T16:12:00,2025-01-21T03:12:00,2025-01-21T03:42:00
CMP_202603424,TYP_02,Fake Loan App,26225.49,Telangana,District-39,2025-03-12T10:42:00,2025-03-12T22:42:00,2025-03-12T23:11:00
CMP_202603425,TYP_02,Fake Loan App,22395.29,Andhra Pradesh,District-67,2025-04-19T10:08:00,2025-04-19T11:08:00,2025-04-19T11:13:00
CMP_202603426,TYP_03,Part-Time Job Scam,190838.41,Jharkhand,District-72,2025-02-24T18:11:00,2025-02-24T23:11:00,2025-02-24T23:52:00
CMP_202603427,TYP_02,Fake Loan App,30852.59,Punjab,District-25,2025-04-20T13:27:00,2025-04-21T03:27:00,2025-04-21T03:51:00
CMP_202603428,TYP_05,Sextortion,57271.23,Gujarat,Ahmedabad,2025-06-21T10:19:00,2025-06-21T19:19:00,2025-06-21T19:52:00
CMP_202603429,TYP_03,Part-Time Job Scam,310567.0,Andhra Pradesh,District-64,2025-03-01T13:54:00,2025-03-02T14:54:00,2025-03-02T15:34:00
CMP_202603430,TYP_05,Sextortion,15168.24,Odisha,District-22,2025-06-15T16:38:00,2025-06-15T20:38:00,2025-06-15T21:21:00
CMP_202603431,TYP_03,Part-Time Job Scam,61874.15,Telangana,Hyderabad,2025-04-22T08:58:00,2025-04-23T06:58:00,2025-04-23T07:25:00
CMP_202603432,TYP_05,Sextortion,176968.98,Gujarat,District-24,2025-02-05T15:59:00,2025-02-06T03:59:00,2025-02-06T04:15:00
CMP_202603433,TYP_03,Part-Time Job Scam,92146.62,Karnataka,District-56,2025-01-08T15:03:00,2025-01-09T02:03:00,2025-01-09T02:48:00
CMP_202603434,TYP_02,Fake Loan App,7883.85,Uttar Pradesh,Mathura,2025-01-07T12:51:00,2025-01-07T17:51:00,2025-01-07T18:47:00
CMP_202603435,TYP_01,OTP / KYC Fraud,18459.16,Andhra Pradesh,District-44,2025-02-18T16:57:00,2025-02-19T02:57:00,2025-02-19T03:10:00
CMP_202603436,TYP_06,Marketplace / OLX Fraud,7708.19,Odisha,District-22,2025-05-12T09:46:00,2025-05-12T10:46:00,2025-05-12T11:33:00
CMP_202603437,TYP_01,OTP / KYC Fraud,47327.1,Haryana,District-75,2025-01-22T03:33:00,2025-01-23T02:33:00,2025-01-23T02:41:00
CMP_202603438,TYP_06,Marketplace / OLX Fraud,3723.02,Andhra Pradesh,District-26,2025-05-07T17:55:00,2025-05-08T21:55:00,2025-05-08T22:00:00
CMP_202603439,TYP_05,Sextortion,4784.42,Gujarat,District-50,2025-02-10T07:35:00,2025-02-10T09:35:00,2025-02-10T10:04:00
CMP_202603440,TYP_03,Part-Time Job Scam,89390.86,Karnataka,District-34,2025-05-29T18:01:00,2025-05-30T12:01:00,2025-05-30T12:57:00
CMP_202603441,TYP_05,Sextortion,117922.58,Telangana,Hyderabad,2025-01-20T16:02:00,2025-01-20T19:02:00,2025-01-20T19:12:00
CMP_202603442,TYP_01,OTP / KYC Fraud,12319.3,Jharkhand,District-72,2025-01-22T16:44:00,2025-01-23T03:44:00,2025-01-23T04:20:00
CMP_202603443,TYP_05,Sextortion,29840.95,Kerala,District-65,2025-03-28T17:11:00,2025-03-29T01:11:00,2025-03-29T02:01:00
CMP_202603444,TYP_05,Sextortion,65732.48,Bihar,District-38,2025-05-30T13:03:00,2025-05-30T17:03:00,2025-05-30T17:45:00
CMP_202603445,TYP_05,Sextortion,36638.04,Uttar Pradesh,District-33,2025-03-18T12:35:00,2025-03-19T00:35:00,2025-03-19T00:53:00
CMP_202603446,TYP_03,Part-Time Job Scam,42164.15,Haryana,District-63,2025-02-13T15:35:00,2025-02-13T16:35:00,2025-02-13T17:04:00
CMP_202603447,TYP_06,Marketplace / OLX Fraud,8196.42,Rajasthan,District-46,2025-03-24T11:54:00,2025-03-25T01:54:00,2025-03-25T02:01:00
CMP_202603448,TYP_02,Fake Loan App,19594.3,Bihar,District-38,2025-02-09T12:02:00,2025-02-09T17:02:00,2025-02-09T17:16:00
CMP_202603449,TYP_05,Sextortion,87944.13,Jharkhand,District-45,2025-05-14T11:05:00,2025-05-14T18:05:00,2025-05-14T18:54:00
CMP_202603450,TYP_02,Fake Loan App,35438.18,Odisha,District-73,2025-04-09T11:26:00,2025-04-09T20:26:00,2025-04-09T21:14:00
CMP_202603451,TYP_02,Fake Loan App,2812.11,Rajasthan,District-62,2025-06-14T12:50:00,2025-06-15T08:50:00,2025-06-15T09:11:00
CMP_202603452,TYP_03,Part-Time Job Scam,181655.56,Jharkhand,District-45,2025-01-22T10:47:00,2025-01-22T18:47:00,2025-01-22T19:30:00
CMP_202603453,TYP_03,Part-Time Job Scam,151043.6,Uttar Pradesh,Gorakhpur,2025-04-27T16:42:00,2025-04-27T17:42:00,2025-04-27T18:22:00
CMP_202603454,TYP_05,Sextortion,16575.3,Assam,District-21,2025-06-22T18:57:00,2025-06-22T21:57:00,2025-06-22T22:26:00
CMP_202603455,TYP_02,Fake Loan App,11853.32,Andhra Pradesh,District-58,2025-05-15T15:54:00,2025-05-15T23:54:00,2025-05-16T00:19:00
CMP_202603456,TYP_03,Part-Time Job Scam,281843.38,Maharashtra,District-30,2025-04-17T13:34:00,2025-04-17T20:34:00,2025-04-17T20:59:00
CMP_202603457,TYP_06,Marketplace / OLX Fraud,5691.53,Jharkhand,Deoghar,2025-03-27T19:21:00,2025-03-28T10:21:00,2025-03-28T11:00:00
CMP_202603458,TYP_03,Part-Time Job Scam,226559.99,Maharashtra,Mumbai,2025-01-01T07:33:00,2025-01-01T13:33:00,2025-01-01T13:45:00
CMP_202603459,TYP_05,Sextortion,11554.9,Tamil Nadu,District-49,2025-03-16T11:22:00,2025-03-16T17:22:00,2025-03-16T17:39:00
CMP_202603460,TYP_02,Fake Loan App,6133.49,Telangana,District-39,2025-04-23T07:25:00,2025-04-23T16:25:00,2025-04-23T16:31:00
CMP_202603461,TYP_02,Fake Loan App,55117.97,Kerala,District-48,2025-05-03T08:52:00,2025-05-03T14:52:00,2025-05-03T15:50:00
CMP_202603462,TYP_02,Fake Loan App,6297.61,Andhra Pradesh,District-64,2025-01-15T17:00:00,2025-01-16T19:00:00,2025-01-16T19:23:00
CMP_202603463,TYP_03,Part-Time Job Scam,55202.95,Jharkhand,District-72,2025-04-28T19:02:00,2025-04-29T08:02:00,2025-04-29T08:19:00
CMP_202603464,TYP_01,OTP / KYC Fraud,21742.07,Maharashtra,Mumbai,2025-05-16T13:12:00,2025-05-17T07:12:00,2025-05-17T07:20:00
CMP_202603465,TYP_02,Fake Loan App,109136.08,Chhattisgarh,District-57,2025-03-14T06:24:00,2025-03-15T08:24:00,2025-03-15T09:08:00
CMP_202603466,TYP_05,Sextortion,36091.81,Punjab,District-25,2025-03-25T15:24:00,2025-03-25T18:24:00,2025-03-25T18:37:00
CMP_202603467,TYP_02,Fake Loan App,36511.64,Andhra Pradesh,District-67,2025-01-09T12:46:00,2025-01-10T02:46:00,2025-01-10T03:24:00
CMP_202603468,TYP_03,Part-Time Job Scam,92782.0,Rajasthan,Alwar,2025-04-08T09:54:00,2025-04-09T23:54:00,2025-04-10T00:12:00
CMP_202603469,TYP_06,Marketplace / OLX Fraud,6590.99,Tamil Nadu,District-49,2025-03-19T10:07:00,2025-03-20T06:07:00,2025-03-20T06:59:00
CMP_202603470,TYP_06,Marketplace / OLX Fraud,4543.59,Madhya Pradesh,District-69,2025-02-16T18:28:00,2025-02-16T22:28:00,2025-02-16T22:58:00
CMP_202603471,TYP_02,Fake Loan App,23760.77,Madhya Pradesh,District-69,2025-01-16T09:38:00,2025-01-16T23:38:00,2025-01-17T00:33:00
CMP_202603472,TYP_01,OTP / KYC Fraud,31041.1,Gujarat,District-31,2025-02-16T14:15:00,2025-02-18T07:15:00,2025-02-18T07:28:00
CMP_202603473,TYP_04,Investment / Crypto Scam,588859.15,Chhattisgarh,District-71,2025-05-26T14:08:00,2025-05-27T19:08:00,2025-05-27T19:55:00
CMP_202603474,TYP_02,Fake Loan App,4030.16,Punjab,Amritsar,2025-03-07T09:09:00,2025-03-07T13:09:00,2025-03-07T13:51:00
CMP_202603475,TYP_06,Marketplace / OLX Fraud,9477.26,Madhya Pradesh,District-53,2025-01-06T14:39:00,2025-01-06T21:39:00,2025-01-06T22:35:00
CMP_202603476,TYP_02,Fake Loan App,29836.24,Maharashtra,District-30,2025-05-31T10:13:00,2025-06-03T00:13:00,2025-06-03T00:30:00
CMP_202603477,TYP_06,Marketplace / OLX Fraud,6942.45,Chhattisgarh,District-57,2025-03-31T20:52:00,2025-04-01T03:52:00,2025-04-01T04:02:00
CMP_202603478,TYP_05,Sextortion,101314.99,Haryana,District-29,2025-02-06T17:08:00,2025-02-07T09:08:00,2025-02-07T10:08:00
CMP_202603479,TYP_01,OTP / KYC Fraud,41197.34,Uttar Pradesh,Mathura,2025-03-03T18:19:00,2025-03-03T23:19:00,2025-03-03T23:49:00
CMP_202603480,TYP_02,Fake Loan App,15654.86,Maharashtra,District-47,2025-01-11T16:52:00,2025-01-11T19:52:00,2025-01-11T20:36:00
CMP_202603481,TYP_04,Investment / Crypto Scam,371656.28,Gujarat,District-50,2025-03-18T17:21:00,2025-03-18T19:21:00,2025-03-18T20:04:00
CMP_202603482,TYP_02,Fake Loan App,28878.15,Haryana,District-63,2025-02-16T10:13:00,2025-02-16T12:13:00,2025-02-16T12:37:00
CMP_202603483,TYP_03,Part-Time Job Scam,214567.72,Gujarat,District-50,2025-05-21T18:38:00,2025-05-22T02:38:00,2025-05-22T03:27:00
CMP_202603484,TYP_01,OTP / KYC Fraud,110335.5,Uttar Pradesh,Mathura,2025-04-12T16:58:00,2025-04-13T01:58:00,2025-04-13T02:41:00
CMP_202603485,TYP_06,Marketplace / OLX Fraud,6893.87,Punjab,Amritsar,2025-06-24T14:40:00,2025-06-24T22:40:00,2025-06-24T22:46:00
CMP_202603486,TYP_05,Sextortion,45019.62,Odisha,District-22,2025-04-12T08:28:00,2025-04-12T09:28:00,2025-04-12T09:53:00
CMP_202603487,TYP_06,Marketplace / OLX Fraud,9885.56,Maharashtra,Mumbai,2025-01-05T07:57:00,2025-01-06T17:57:00,2025-01-06T18:19:00
CMP_202603488,TYP_03,Part-Time Job Scam,103705.55,Maharashtra,Mumbai,2025-04-03T09:36:00,2025-04-03T16:36:00,2025-04-03T16:56:00
CMP_202603489,TYP_05,Sextortion,81257.01,Karnataka,District-34,2025-02-17T15:16:00,2025-02-18T03:16:00,2025-02-18T04:11:00
CMP_202603490,TYP_01,OTP / KYC Fraud,11473.58,Tamil Nadu,District-49,2025-02-24T11:58:00,2025-02-24T18:58:00,2025-02-24T19:50:00
CMP_202603491,TYP_06,Marketplace / OLX Fraud,49733.18,Telangana,District-39,2025-01-27T16:44:00,2025-01-28T08:44:00,2025-01-28T09:44:00
CMP_202603492,TYP_03,Part-Time Job Scam,105100.25,Andhra Pradesh,District-67,2025-05-22T17:08:00,2025-05-23T17:08:00,2025-05-23T17:45:00
CMP_202603493,TYP_05,Sextortion,94485.76,Bihar,Purnia,2025-03-31T16:09:00,2025-03-31T22:09:00,2025-03-31T22:16:00
CMP_202603494,TYP_04,Investment / Crypto Scam,439918.95,Madhya Pradesh,District-41,2025-03-02T15:16:00,2025-03-05T06:16:00,2025-03-05T06:45:00
CMP_202603495,TYP_06,Marketplace / OLX Fraud,3727.18,Uttar Pradesh,District-43,2025-06-16T17:02:00,2025-06-16T21:02:00,2025-06-16T21:55:00
CMP_202603496,TYP_02,Fake Loan App,57059.04,Andhra Pradesh,District-67,2025-06-22T09:45:00,2025-06-22T10:45:00,2025-06-22T11:30:00
CMP_202603497,TYP_01,OTP / KYC Fraud,20830.58,Maharashtra,District-30,2025-05-16T14:59:00,2025-05-17T01:59:00,2025-05-17T02:55:00
CMP_202603498,TYP_03,Part-Time Job Scam,82109.42,Bihar,District-38,2025-06-07T13:16:00,2025-06-07T17:16:00,2025-06-07T18:02:00
CMP_202603499,TYP_06,Marketplace / OLX Fraud,4462.93,Gujarat,District-70,2025-02-25T13:04:00,2025-02-25T19:04:00,2025-02-25T20:02:00
CMP_202603500,TYP_03,Part-Time Job Scam,556201.27,Uttar Pradesh,District-37,2025-01-09T13:56:00,2025-01-10T12:56:00,2025-01-10T13:04:00
CMP_202603501,TYP_03,Part-Time Job Scam,42429.52,Punjab,Amritsar,2025-05-09T04:56:00,2025-05-09T19:56:00,2025-05-09T20:11:00
CMP_202603502,TYP_01,OTP / KYC Fraud,14135.92,Uttar Pradesh,Noida,2025-01-29T04:54:00,2025-01-29T17:54:00,2025-01-29T18:26:00
CMP_202603503,TYP_05,Sextortion,35762.87,Kerala,District-65,2025-05-06T08:07:00,2025-05-06T16:07:00,2025-05-06T16:37:00
CMP_202603504,TYP_01,OTP / KYC Fraud,18283.09,Gujarat,District-24,2025-03-21T11:41:00,2025-03-21T13:41:00,2025-03-21T14:37:00
CMP_202603505,TYP_03,Part-Time Job Scam,88771.82,Andhra Pradesh,District-64,2025-02-04T13:19:00,2025-02-04T14:19:00,2025-02-04T14:46:00
CMP_202603506,TYP_05,Sextortion,40024.39,Karnataka,District-51,2025-02-23T20:39:00,2025-02-24T00:39:00,2025-02-24T01:20:00
CMP_202603507,TYP_06,Marketplace / OLX Fraud,15890.17,Maharashtra,District-47,2025-06-25T18:47:00,2025-06-26T12:47:00,2025-06-26T13:28:00
CMP_202603508,TYP_02,Fake Loan App,46910.53,Maharashtra,District-47,2025-02-04T11:38:00,2025-02-04T14:38:00,2025-02-04T14:57:00
CMP_202603509,TYP_02,Fake Loan App,11576.77,Gujarat,District-24,2025-01-31T13:32:00,2025-01-31T14:32:00,2025-01-31T15:04:00
CMP_202603510,TYP_04,Investment / Crypto Scam,375953.37,Madhya Pradesh,District-60,2025-03-07T10:36:00,2025-03-08T08:36:00,2025-03-08T09:17:00
CMP_202603511,TYP_02,Fake Loan App,9204.06,Rajasthan,Bharatpur,2025-05-13T13:51:00,2025-05-13T17:51:00,2025-05-13T17:56:00
CMP_202603512,TYP_03,Part-Time Job Scam,407680.76,Madhya Pradesh,District-53,2025-06-15T14:15:00,2025-06-15T19:15:00,2025-06-15T19:34:00
CMP_202603513,TYP_01,OTP / KYC Fraud,107723.37,Jharkhand,District-72,2025-05-21T16:11:00,2025-05-22T05:11:00,2025-05-22T06:04:00
CMP_202603514,TYP_05,Sextortion,15263.32,Andhra Pradesh,District-67,2025-01-24T12:08:00,2025-01-25T15:08:00,2025-01-25T15:42:00
CMP_202603515,TYP_01,OTP / KYC Fraud,12382.59,Rajasthan,District-62,2025-05-18T15:38:00,2025-05-18T16:38:00,2025-05-18T17:24:00
CMP_202603516,TYP_01,OTP / KYC Fraud,34795.21,Karnataka,District-34,2025-05-21T13:50:00,2025-05-21T16:50:00,2025-05-21T17:30:00
CMP_202603517,TYP_02,Fake Loan App,15900.28,Rajasthan,District-62,2025-01-23T18:53:00,2025-01-24T11:53:00,2025-01-24T12:00:00
CMP_202603518,TYP_04,Investment / Crypto Scam,270701.24,Assam,District-28,2025-04-09T14:28:00,2025-04-09T19:28:00,2025-04-09T20:22:00
CMP_202603519,TYP_05,Sextortion,8248.75,Gujarat,District-70,2025-04-15T15:31:00,2025-04-15T19:31:00,2025-04-15T20:16:00
CMP_202603520,TYP_05,Sextortion,32117.78,Rajasthan,Bharatpur,2025-06-06T14:26:00,2025-06-06T16:26:00,2025-06-06T17:22:00
CMP_202603521,TYP_03,Part-Time Job Scam,78338.01,Haryana,District-63,2025-03-02T20:02:00,2025-03-03T03:02:00,2025-03-03T03:41:00
CMP_202603522,TYP_02,Fake Loan App,20884.86,Maharashtra,District-32,2025-02-06T10:47:00,2025-02-06T13:47:00,2025-02-06T13:53:00
CMP_202603523,TYP_06,Marketplace / OLX Fraud,6295.75,Odisha,District-54,2025-06-23T13:28:00,2025-06-23T15:28:00,2025-06-23T15:45:00
CMP_202603524,TYP_02,Fake Loan App,19082.17,Odisha,District-73,2025-04-16T09:04:00,2025-04-16T21:04:00,2025-04-16T21:18:00
CMP_202603525,TYP_02,Fake Loan App,9269.74,Karnataka,District-61,2025-02-27T11:00:00,2025-02-27T12:00:00,2025-02-27T12:54:00
CMP_202603526,TYP_01,OTP / KYC Fraud,24896.13,Andhra Pradesh,District-67,2025-01-13T15:06:00,2025-01-14T18:06:00,2025-01-14T18:37:00
CMP_202603527,TYP_02,Fake Loan App,17075.65,Maharashtra,Mumbai,2025-06-03T11:33:00,2025-06-03T16:33:00,2025-06-03T17:27:00
CMP_202603528,TYP_06,Marketplace / OLX Fraud,24443.24,Karnataka,District-56,2025-02-03T15:59:00,2025-02-04T00:59:00,2025-02-04T01:13:00
CMP_202603529,TYP_03,Part-Time Job Scam,54821.02,Maharashtra,District-32,2025-01-07T06:42:00,2025-01-07T19:42:00,2025-01-07T20:15:00
CMP_202603530,TYP_04,Investment / Crypto Scam,1229338.72,Uttar Pradesh,District-33,2025-06-11T13:00:00,2025-06-11T19:00:00,2025-06-11T19:05:00
CMP_202603531,TYP_01,OTP / KYC Fraud,14497.82,Maharashtra,District-47,2025-02-18T17:22:00,2025-02-18T22:22:00,2025-02-18T23:03:00
CMP_202603532,TYP_01,OTP / KYC Fraud,39638.27,Tamil Nadu,District-49,2025-02-14T05:11:00,2025-02-15T02:11:00,2025-02-15T02:59:00
CMP_202603533,TYP_06,Marketplace / OLX Fraud,14856.98,Gujarat,Ahmedabad,2025-03-15T09:45:00,2025-03-15T10:45:00,2025-03-15T11:10:00
CMP_202603534,TYP_03,Part-Time Job Scam,88728.68,Kerala,District-65,2025-01-18T17:32:00,2025-01-19T07:32:00,2025-01-19T08:14:00
CMP_202603535,TYP_02,Fake Loan App,20483.4,Karnataka,District-56,2025-05-09T15:17:00,2025-05-09T23:17:00,2025-05-09T23:30:00
CMP_202603536,TYP_06,Marketplace / OLX Fraud,16661.55,Madhya Pradesh,District-60,2025-02-07T12:35:00,2025-02-08T01:35:00,2025-02-08T02:11:00
CMP_202603537,TYP_01,OTP / KYC Fraud,27646.35,Karnataka,District-51,2025-05-06T16:03:00,2025-05-06T18:03:00,2025-05-06T18:58:00
CMP_202603538,TYP_05,Sextortion,65660.68,Andhra Pradesh,District-67,2025-02-01T08:16:00,2025-02-01T10:16:00,2025-02-01T10:47:00
CMP_202603539,TYP_03,Part-Time Job Scam,453635.83,Andhra Pradesh,District-58,2025-06-03T15:51:00,2025-06-05T03:51:00,2025-06-05T04:28:00
CMP_202603540,TYP_05,Sextortion,43506.35,Gujarat,District-70,2025-03-02T09:39:00,2025-03-06T06:39:00,2025-03-06T07:12:00
CMP_202603541,TYP_06,Marketplace / OLX Fraud,26875.63,Punjab,District-25,2025-02-24T17:52:00,2025-02-24T21:52:00,2025-02-24T22:21:00
CMP_202603542,TYP_06,Marketplace / OLX Fraud,6454.1,Jharkhand,District-72,2025-05-13T12:35:00,2025-05-14T23:35:00,2025-05-15T00:25:00
CMP_202603543,TYP_05,Sextortion,56416.83,Gujarat,District-31,2025-04-07T12:02:00,2025-04-07T23:02:00,2025-04-07T23:26:00
CMP_202603544,TYP_05,Sextortion,53767.9,Delhi,South Delhi,2025-05-18T15:05:00,2025-05-18T21:05:00,2025-05-18T21:46:00
CMP_202603545,TYP_02,Fake Loan App,10815.52,Madhya Pradesh,District-60,2025-06-21T17:56:00,2025-06-22T18:56:00,2025-06-22T19:52:00
CMP_202603546,TYP_06,Marketplace / OLX Fraud,6733.92,Madhya Pradesh,District-41,2025-05-04T17:53:00,2025-05-05T00:53:00,2025-05-05T01:37:00
CMP_202603547,TYP_03,Part-Time Job Scam,14778.54,Rajasthan,Alwar,2025-04-29T11:01:00,2025-04-29T14:01:00,2025-04-29T14:41:00
CMP_202603548,TYP_06,Marketplace / OLX Fraud,3010.59,Odisha,District-27,2025-06-24T14:28:00,2025-06-25T11:28:00,2025-06-25T11:58:00
CMP_202603549,TYP_03,Part-Time Job Scam,35682.36,Madhya Pradesh,District-41,2025-03-29T12:19:00,2025-03-29T16:19:00,2025-03-29T16:34:00
CMP_202603550,TYP_01,OTP / KYC Fraud,44984.36,Uttar Pradesh,District-37,2025-05-13T08:09:00,2025-05-14T04:09:00,2025-05-14T04:53:00
CMP_202603551,TYP_05,Sextortion,7355.65,Telangana,Hyderabad,2025-01-31T17:54:00,2025-02-01T02:54:00,2025-02-01T03:04:00
CMP_202603552,TYP_02,Fake Loan App,18760.66,Jharkhand,District-45,2025-01-08T13:15:00,2025-01-08T17:15:00,2025-01-08T17:40:00
CMP_202603553,TYP_04,Investment / Crypto Scam,485454.9,Rajasthan,District-62,2025-05-03T18:42:00,2025-05-04T02:42:00,2025-05-04T03:38:00
CMP_202603554,TYP_02,Fake Loan App,17886.47,Maharashtra,District-30,2025-05-07T16:33:00,2025-05-07T23:33:00,2025-05-07T23:46:00
CMP_202603555,TYP_02,Fake Loan App,11704.33,Gujarat,District-24,2025-01-27T12:20:00,2025-01-27T20:20:00,2025-01-27T20:37:00
CMP_202603556,TYP_01,OTP / KYC Fraud,15797.07,Maharashtra,Mumbai,2025-01-14T19:42:00,2025-01-15T12:42:00,2025-01-15T13:33:00
CMP_202603557,TYP_03,Part-Time Job Scam,124242.9,Karnataka,District-23,2025-06-23T16:19:00,2025-06-24T04:19:00,2025-06-24T04:36:00
CMP_202603558,TYP_02,Fake Loan App,29024.87,Andhra Pradesh,District-64,2025-06-17T19:55:00,2025-06-18T19:55:00,2025-06-18T20:14:00
CMP_202603559,TYP_02,Fake Loan App,18514.1,Jharkhand,District-72,2025-01-04T13:51:00,2025-01-04T20:51:00,2025-01-04T21:42:00
CMP_202603560,TYP_06,Marketplace / OLX Fraud,11135.26,Punjab,District-25,2025-03-04T12:22:00,2025-03-04T14:22:00,2025-03-04T15:10:00
CMP_202603561,TYP_03,Part-Time Job Scam,258339.89,Jharkhand,District-72,2025-03-15T10:55:00,2025-03-15T12:55:00,2025-03-15T13:22:00
CMP_202603562,TYP_02,Fake Loan App,4164.45,Gujarat,District-31,2025-02-17T15:59:00,2025-02-19T08:59:00,2025-02-19T09:12:00
CMP_202603563,TYP_06,Marketplace / OLX Fraud,12611.69,Madhya Pradesh,District-60,2025-01-07T22:08:00,2025-01-09T05:08:00,2025-01-09T05:24:00
CMP_202603564,TYP_02,Fake Loan App,18934.67,Madhya Pradesh,District-60,2025-05-23T16:36:00,2025-05-24T01:36:00,2025-05-24T02:03:00
CMP_202603565,TYP_02,Fake Loan App,5174.04,Uttar Pradesh,Mathura,2025-02-24T23:34:00,2025-02-25T03:34:00,2025-02-25T03:57:00
CMP_202603566,TYP_05,Sextortion,73582.63,Haryana,District-75,2025-03-28T11:55:00,2025-03-29T07:55:00,2025-03-29T08:32:00
CMP_202603567,TYP_02,Fake Loan App,14838.3,Karnataka,Bengaluru Urban,2025-04-22T12:45:00,2025-04-22T22:45:00,2025-04-22T23:00:00
CMP_202603568,TYP_06,Marketplace / OLX Fraud,9950.53,Haryana,District-63,2025-04-16T23:15:00,2025-04-17T18:15:00,2025-04-17T18:20:00
CMP_202603569,TYP_02,Fake Loan App,9132.03,Chhattisgarh,District-71,2025-05-21T09:05:00,2025-05-21T10:05:00,2025-05-21T10:24:00
CMP_202603570,TYP_02,Fake Loan App,38065.59,Maharashtra,District-32,2025-01-18T15:53:00,2025-01-18T19:53:00,2025-01-18T20:17:00
CMP_202603571,TYP_02,Fake Loan App,6931.46,Maharashtra,Mumbai,2025-05-18T11:44:00,2025-05-18T13:44:00,2025-05-18T14:29:00
CMP_202603572,TYP_04,Investment / Crypto Scam,990526.64,Gujarat,District-24,2025-06-18T12:34:00,2025-06-20T08:34:00,2025-06-20T09:28:00
CMP_202603573,TYP_03,Part-Time Job Scam,240765.92,Madhya Pradesh,District-52,2025-03-10T11:59:00,2025-03-11T00:59:00,2025-03-11T01:39:00
CMP_202603574,TYP_06,Marketplace / OLX Fraud,13353.3,Chhattisgarh,District-71,2025-05-21T10:33:00,2025-05-22T09:33:00,2025-05-22T09:55:00
CMP_202603575,TYP_06,Marketplace / OLX Fraud,8133.4,Uttar Pradesh,Gorakhpur,2025-02-06T14:17:00,2025-02-06T16:17:00,2025-02-06T17:05:00
CMP_202603576,TYP_01,OTP / KYC Fraud,45614.22,Jharkhand,Jamtara,2025-05-03T16:08:00,2025-05-04T03:08:00,2025-05-04T03:42:00
CMP_202603577,TYP_02,Fake Loan App,46008.97,Karnataka,Bengaluru Urban,2025-04-19T08:46:00,2025-04-19T16:46:00,2025-04-19T17:35:00
CMP_202603578,TYP_04,Investment / Crypto Scam,819972.07,Uttar Pradesh,Gorakhpur,2025-02-19T15:09:00,2025-02-21T13:09:00,2025-02-21T13:36:00
CMP_202603579,TYP_01,OTP / KYC Fraud,16865.57,Gujarat,Ahmedabad,2025-05-19T08:34:00,2025-05-20T01:34:00,2025-05-20T02:33:00
CMP_202603580,TYP_05,Sextortion,92783.04,Jharkhand,District-72,2025-04-16T10:27:00,2025-04-16T18:27:00,2025-04-16T19:00:00
CMP_202603581,TYP_06,Marketplace / OLX Fraud,1760.67,Haryana,District-75,2025-03-16T09:43:00,2025-03-17T08:43:00,2025-03-17T09:23:00
CMP_202603582,TYP_02,Fake Loan App,19278.02,Andhra Pradesh,District-67,2025-01-30T15:33:00,2025-01-30T20:33:00,2025-01-30T21:24:00
CMP_202603583,TYP_05,Sextortion,37330.8,Assam,District-28,2025-02-12T14:53:00,2025-02-12T19:53:00,2025-02-12T20:22:00
CMP_202603584,TYP_02,Fake Loan App,23344.55,Haryana,District-29,2025-04-13T15:19:00,2025-04-14T10:19:00,2025-04-14T10:27:00
CMP_202603585,TYP_05,Sextortion,21201.99,Madhya Pradesh,District-53,2025-02-16T14:47:00,2025-02-16T20:47:00,2025-02-16T21:46:00
CMP_202603586,TYP_06,Marketplace / OLX Fraud,41697.63,Rajasthan,Alwar,2025-03-06T12:14:00,2025-03-06T18:14:00,2025-03-06T18:38:00
CMP_202603587,TYP_03,Part-Time Job Scam,453800.81,Punjab,Amritsar,2025-04-24T19:03:00,2025-04-25T15:03:00,2025-04-25T15:34:00
CMP_202603588,TYP_02,Fake Loan App,57398.22,Jharkhand,Jamtara,2025-06-22T14:06:00,2025-06-22T23:06:00,2025-06-22T23:40:00
CMP_202603589,TYP_05,Sextortion,25023.33,Andhra Pradesh,District-26,2025-01-24T16:22:00,2025-01-24T17:22:00,2025-01-24T17:37:00
CMP_202603590,TYP_02,Fake Loan App,27080.36,Gujarat,District-31,2025-04-19T09:35:00,2025-04-19T12:35:00,2025-04-19T13:14:00
CMP_202603591,TYP_05,Sextortion,109270.23,Maharashtra,District-30,2025-04-09T20:52:00,2025-04-10T03:52:00,2025-04-10T04:45:00
CMP_202603592,TYP_06,Marketplace / OLX Fraud,14649.46,Haryana,Gurugram,2025-05-16T21:30:00,2025-05-17T05:30:00,2025-05-17T05:39:00
CMP_202603593,TYP_02,Fake Loan App,10625.5,Maharashtra,District-32,2025-01-31T09:05:00,2025-02-02T01:05:00,2025-02-02T01:54:00
CMP_202603594,TYP_02,Fake Loan App,18057.64,Odisha,District-73,2025-01-06T18:17:00,2025-01-07T18:17:00,2025-01-07T19:16:00
CMP_202603595,TYP_05,Sextortion,21982.48,Haryana,District-29,2025-05-02T12:37:00,2025-05-02T22:37:00,2025-05-02T23:20:00
CMP_202603596,TYP_03,Part-Time Job Scam,10443.43,Haryana,Mewat,2025-03-16T14:00:00,2025-03-18T10:00:00,2025-03-18T10:29:00
CMP_202603597,TYP_02,Fake Loan App,1000.0,Uttar Pradesh,Noida,2025-03-04T09:48:00,2025-03-04T13:48:00,2025-03-04T14:26:00
CMP_202603598,TYP_03,Part-Time Job Scam,52102.67,Andhra Pradesh,District-44,2025-02-07T09:25:00,2025-02-07T15:25:00,2025-02-07T15:44:00
CMP_202603599,TYP_06,Marketplace / OLX Fraud,7094.92,Maharashtra,Pune,2025-03-14T14:54:00,2025-03-15T12:54:00,2025-03-15T13:47:00
CMP_202603600,TYP_05,Sextortion,21562.35,Karnataka,Bengaluru Urban,2025-03-22T19:38:00,2025-03-23T13:38:00,2025-03-23T14:23:00
CMP_202603601,TYP_02,Fake Loan App,5598.7,Madhya Pradesh,District-60,2025-01-29T12:55:00,2025-01-29T14:55:00,2025-01-29T15:42:00
CMP_202603602,TYP_01,OTP / KYC Fraud,83876.75,Jharkhand,District-72,2025-03-31T11:56:00,2025-03-31T23:56:00,2025-04-01T00:02:00
CMP_202603603,TYP_01,OTP / KYC Fraud,92080.31,Haryana,District-29,2025-06-21T14:24:00,2025-06-21T16:24:00,2025-06-21T16:45:00
CMP_202603604,TYP_02,Fake Loan App,14534.04,Gujarat,District-31,2025-04-06T17:13:00,2025-04-07T02:13:00,2025-04-07T02:47:00
CMP_202603605,TYP_03,Part-Time Job Scam,136551.6,Haryana,Gurugram,2025-05-20T08:54:00,2025-05-21T19:54:00,2025-05-21T20:39:00
CMP_202603606,TYP_05,Sextortion,43675.5,West Bengal,District-55,2025-05-11T16:36:00,2025-05-11T20:36:00,2025-05-11T21:15:00
CMP_202603607,TYP_05,Sextortion,16937.93,Odisha,District-73,2025-06-29T12:54:00,2025-06-29T19:54:00,2025-06-29T20:46:00
CMP_202603608,TYP_03,Part-Time Job Scam,92759.38,Haryana,Gurugram,2025-04-01T19:58:00,2025-04-02T07:58:00,2025-04-02T08:03:00
CMP_202603609,TYP_02,Fake Loan App,22509.86,Telangana,District-39,2025-02-25T22:56:00,2025-03-02T00:56:00,2025-03-02T01:56:00
CMP_202603610,TYP_01,OTP / KYC Fraud,50107.88,Delhi,South Delhi,2025-03-08T16:47:00,2025-03-08T21:47:00,2025-03-08T22:43:00
CMP_202603611,TYP_02,Fake Loan App,20957.2,Haryana,District-75,2025-03-27T10:09:00,2025-03-27T21:09:00,2025-03-27T21:51:00
CMP_202603612,TYP_02,Fake Loan App,19304.11,West Bengal,Kolkata,2025-04-22T12:09:00,2025-04-22T16:09:00,2025-04-22T16:48:00
CMP_202603613,TYP_03,Part-Time Job Scam,291928.88,Kerala,District-59,2025-02-27T18:21:00,2025-02-28T08:21:00,2025-02-28T09:04:00
CMP_202603614,TYP_03,Part-Time Job Scam,44358.39,Karnataka,District-34,2025-05-11T13:09:00,2025-05-12T07:09:00,2025-05-12T07:23:00
CMP_202603615,TYP_06,Marketplace / OLX Fraud,12348.09,Andhra Pradesh,District-67,2025-05-23T16:23:00,2025-05-23T23:23:00,2025-05-24T00:20:00
CMP_202603616,TYP_03,Part-Time Job Scam,92742.8,Madhya Pradesh,District-41,2025-02-25T14:50:00,2025-02-25T16:50:00,2025-02-25T17:31:00
CMP_202603617,TYP_02,Fake Loan App,4927.41,Karnataka,District-61,2025-01-16T13:15:00,2025-01-17T03:15:00,2025-01-17T03:47:00
CMP_202603618,TYP_02,Fake Loan App,86306.17,Gujarat,District-24,2025-05-01T16:58:00,2025-05-01T23:58:00,2025-05-02T00:33:00
CMP_202603619,TYP_02,Fake Loan App,6792.74,Haryana,District-75,2025-01-05T17:22:00,2025-01-06T18:22:00,2025-01-06T18:36:00
CMP_202603620,TYP_03,Part-Time Job Scam,65608.28,Andhra Pradesh,District-26,2025-01-29T11:13:00,2025-01-29T12:13:00,2025-01-29T12:19:00
CMP_202603621,TYP_02,Fake Loan App,21538.05,Jharkhand,District-45,2025-03-19T15:02:00,2025-03-19T22:02:00,2025-03-19T23:01:00
CMP_202603622,TYP_03,Part-Time Job Scam,36671.44,Rajasthan,Bharatpur,2025-04-17T17:17:00,2025-04-18T18:17:00,2025-04-18T19:12:00
CMP_202603623,TYP_03,Part-Time Job Scam,175495.2,Odisha,District-54,2025-01-09T13:39:00,2025-01-10T04:39:00,2025-01-10T05:30:00
CMP_202603624,TYP_01,OTP / KYC Fraud,46375.75,Odisha,District-73,2025-06-20T09:13:00,2025-06-21T04:13:00,2025-06-21T04:29:00
CMP_202603625,TYP_03,Part-Time Job Scam,145708.4,Madhya Pradesh,District-41,2025-01-08T15:05:00,2025-01-09T01:05:00,2025-01-09T01:48:00
CMP_202603626,TYP_03,Part-Time Job Scam,200150.92,Telangana,District-39,2025-04-30T10:40:00,2025-04-30T12:40:00,2025-04-30T13:29:00
CMP_202603627,TYP_01,OTP / KYC Fraud,38600.93,Andhra Pradesh,District-26,2025-05-25T14:50:00,2025-05-26T15:50:00,2025-05-26T16:47:00
CMP_202603628,TYP_05,Sextortion,33386.04,Karnataka,District-42,2025-02-02T13:30:00,2025-02-05T00:30:00,2025-02-05T00:48:00
CMP_202603629,TYP_02,Fake Loan App,12680.42,Bihar,Purnia,2025-06-24T14:18:00,2025-06-24T18:18:00,2025-06-24T19:06:00
CMP_202603630,TYP_03,Part-Time Job Scam,201483.82,Uttar Pradesh,District-37,2025-06-05T15:30:00,2025-06-05T17:30:00,2025-06-05T18:08:00
CMP_202603631,TYP_06,Marketplace / OLX Fraud,12325.24,Rajasthan,District-46,2025-03-13T19:20:00,2025-03-14T03:20:00,2025-03-14T04:02:00
CMP_202603632,TYP_06,Marketplace / OLX Fraud,8613.77,Karnataka,District-51,2025-01-16T12:28:00,2025-01-17T12:28:00,2025-01-17T12:43:00
CMP_202603633,TYP_06,Marketplace / OLX Fraud,7537.8,Chhattisgarh,District-71,2025-02-17T21:51:00,2025-02-18T05:51:00,2025-02-18T06:05:00
CMP_202603634,TYP_02,Fake Loan App,22226.92,Haryana,District-29,2025-02-07T15:24:00,2025-02-07T17:24:00,2025-02-07T17:53:00
CMP_202603635,TYP_03,Part-Time Job Scam,53220.05,West Bengal,Siliguri,2025-04-06T14:50:00,2025-04-07T00:50:00,2025-04-07T01:49:00
CMP_202603636,TYP_06,Marketplace / OLX Fraud,10211.13,Assam,District-28,2025-03-16T15:21:00,2025-03-17T03:21:00,2025-03-17T03:50:00
CMP_202603637,TYP_02,Fake Loan App,51724.52,Madhya Pradesh,District-52,2025-05-26T20:59:00,2025-05-27T15:59:00,2025-05-27T16:10:00
CMP_202603638,TYP_02,Fake Loan App,10716.45,Uttar Pradesh,District-33,2025-03-24T12:16:00,2025-03-25T04:16:00,2025-03-25T05:15:00
CMP_202603639,TYP_06,Marketplace / OLX Fraud,35766.61,Uttar Pradesh,Mathura,2025-05-16T10:55:00,2025-05-16T18:55:00,2025-05-16T19:54:00
CMP_202603640,TYP_03,Part-Time Job Scam,244863.27,Gujarat,District-24,2025-01-30T14:56:00,2025-01-31T01:56:00,2025-01-31T02:27:00
CMP_202603641,TYP_03,Part-Time Job Scam,310040.51,Karnataka,District-42,2025-03-20T19:29:00,2025-03-21T08:29:00,2025-03-21T09:07:00
CMP_202603642,TYP_06,Marketplace / OLX Fraud,19056.82,Rajasthan,Alwar,2025-03-20T11:08:00,2025-03-20T12:08:00,2025-03-20T12:33:00
CMP_202603643,TYP_02,Fake Loan App,6918.34,Punjab,District-25,2025-05-01T12:47:00,2025-05-01T13:47:00,2025-05-01T14:05:00
CMP_202603644,TYP_01,OTP / KYC Fraud,28084.75,Karnataka,District-23,2025-03-04T17:08:00,2025-03-04T18:08:00,2025-03-04T19:01:00
CMP_202603645,TYP_05,Sextortion,34022.98,Maharashtra,District-30,2025-01-25T10:15:00,2025-01-25T13:15:00,2025-01-25T13:56:00
CMP_202603646,TYP_03,Part-Time Job Scam,133783.76,Karnataka,District-23,2025-03-02T11:32:00,2025-03-02T16:32:00,2025-03-02T17:31:00
CMP_202603647,TYP_06,Marketplace / OLX Fraud,9210.44,Uttar Pradesh,Noida,2025-05-09T13:03:00,2025-05-09T18:03:00,2025-05-09T18:20:00
CMP_202603648,TYP_01,OTP / KYC Fraud,20437.57,Andhra Pradesh,District-67,2025-02-27T13:59:00,2025-02-27T16:59:00,2025-02-27T17:14:00
CMP_202603649,TYP_02,Fake Loan App,39791.99,Madhya Pradesh,District-60,2025-06-15T15:50:00,2025-06-15T19:50:00,2025-06-15T20:02:00
CMP_202603650,TYP_05,Sextortion,27853.2,Karnataka,District-51,2025-04-22T10:07:00,2025-04-22T14:07:00,2025-04-22T14:21:00
CMP_202603651,TYP_02,Fake Loan App,22125.29,Uttar Pradesh,District-37,2025-02-24T14:56:00,2025-02-25T05:56:00,2025-02-25T06:55:00
CMP_202603652,TYP_02,Fake Loan App,25812.07,Kerala,District-65,2025-01-04T20:50:00,2025-01-05T04:50:00,2025-01-05T05:01:00
CMP_202603653,TYP_02,Fake Loan App,10864.62,Karnataka,District-74,2025-01-22T12:12:00,2025-01-22T21:12:00,2025-01-22T21:23:00
CMP_202603654,TYP_01,OTP / KYC Fraud,62781.79,Odisha,District-68,2025-02-15T15:27:00,2025-02-15T19:27:00,2025-02-15T19:52:00
CMP_202603655,TYP_06,Marketplace / OLX Fraud,10496.54,Uttar Pradesh,District-33,2025-02-08T11:22:00,2025-02-08T17:22:00,2025-02-08T18:11:00
CMP_202603656,TYP_05,Sextortion,99775.13,Assam,District-28,2025-02-13T13:39:00,2025-02-13T22:39:00,2025-02-13T23:14:00
CMP_202603657,TYP_05,Sextortion,34735.59,Jharkhand,District-72,2025-04-29T10:12:00,2025-04-29T12:12:00,2025-04-29T12:24:00
CMP_202603658,TYP_05,Sextortion,36932.7,West Bengal,District-66,2025-03-06T12:41:00,2025-03-06T14:41:00,2025-03-06T15:41:00
CMP_202603659,TYP_06,Marketplace / OLX Fraud,13702.57,Gujarat,District-70,2025-04-13T12:53:00,2025-04-13T14:53:00,2025-04-13T15:36:00
CMP_202603660,TYP_01,OTP / KYC Fraud,16379.14,Rajasthan,Alwar,2025-04-11T14:07:00,2025-04-11T18:07:00,2025-04-11T18:14:00
CMP_202603661,TYP_05,Sextortion,49678.96,Gujarat,Ahmedabad,2025-06-10T07:05:00,2025-06-10T16:05:00,2025-06-10T16:36:00
CMP_202603662,TYP_02,Fake Loan App,5709.87,West Bengal,District-35,2025-06-20T15:08:00,2025-06-20T16:08:00,2025-06-20T16:31:00
CMP_202603663,TYP_06,Marketplace / OLX Fraud,7945.6,Madhya Pradesh,District-41,2025-01-28T13:11:00,2025-01-28T15:11:00,2025-01-28T15:42:00
CMP_202603664,TYP_02,Fake Loan App,59810.79,West Bengal,District-35,2025-01-24T13:44:00,2025-01-24T16:44:00,2025-01-24T17:18:00
CMP_202603665,TYP_05,Sextortion,58358.1,Telangana,Hyderabad,2025-04-11T18:13:00,2025-04-12T03:13:00,2025-04-12T03:37:00
CMP_202603666,TYP_02,Fake Loan App,67749.22,Tamil Nadu,District-49,2025-05-10T02:53:00,2025-05-10T07:53:00,2025-05-10T08:45:00
CMP_202603667,TYP_02,Fake Loan App,11367.78,Gujarat,District-24,2025-02-22T19:23:00,2025-02-23T01:23:00,2025-02-23T02:07:00
CMP_202603668,TYP_02,Fake Loan App,9497.35,Karnataka,District-23,2025-03-25T13:34:00,2025-03-26T08:34:00,2025-03-26T09:34:00
CMP_202603669,TYP_03,Part-Time Job Scam,91876.87,Chhattisgarh,District-71,2025-03-11T13:46:00,2025-03-12T01:46:00,2025-03-12T02:23:00
CMP_202603670,TYP_06,Marketplace / OLX Fraud,4546.43,Jharkhand,District-45,2025-02-09T16:39:00,2025-02-09T21:39:00,2025-02-09T22:28:00
CMP_202603671,TYP_03,Part-Time Job Scam,215890.0,Andhra Pradesh,District-67,2025-06-11T15:16:00,2025-06-11T16:16:00,2025-06-11T17:04:00
CMP_202603672,TYP_06,Marketplace / OLX Fraud,17923.29,Madhya Pradesh,District-40,2025-04-11T09:03:00,2025-04-12T03:03:00,2025-04-12T03:36:00
CMP_202603673,TYP_01,OTP / KYC Fraud,56134.95,Odisha,District-27,2025-02-21T16:15:00,2025-02-22T04:15:00,2025-02-22T05:10:00
CMP_202603674,TYP_02,Fake Loan App,9224.12,Punjab,District-25,2025-05-10T07:52:00,2025-05-10T13:52:00,2025-05-10T14:52:00
CMP_202603675,TYP_05,Sextortion,26233.11,Telangana,District-39,2025-01-01T12:01:00,2025-01-03T14:01:00,2025-01-03T15:00:00
CMP_202603676,TYP_02,Fake Loan App,21791.51,Uttar Pradesh,District-33,2025-06-11T17:35:00,2025-06-12T02:35:00,2025-06-12T03:21:00
CMP_202603677,TYP_02,Fake Loan App,7381.86,Maharashtra,District-47,2025-05-28T16:56:00,2025-05-28T22:56:00,2025-05-28T23:20:00
CMP_202603678,TYP_05,Sextortion,46127.4,Odisha,District-73,2025-06-21T12:34:00,2025-06-21T16:34:00,2025-06-21T16:55:00
CMP_202603679,TYP_06,Marketplace / OLX Fraud,4307.29,Andhra Pradesh,District-67,2025-06-26T12:26:00,2025-06-27T10:26:00,2025-06-27T11:18:00
CMP_202603680,TYP_02,Fake Loan App,13314.85,Gujarat,District-24,2025-05-26T18:24:00,2025-05-27T12:24:00,2025-05-27T13:14:00
CMP_202603681,TYP_02,Fake Loan App,36011.35,Maharashtra,Mumbai,2025-03-17T10:51:00,2025-03-17T18:51:00,2025-03-17T19:27:00
CMP_202603682,TYP_06,Marketplace / OLX Fraud,14966.91,Maharashtra,District-32,2025-03-26T17:57:00,2025-03-28T01:57:00,2025-03-28T02:19:00
CMP_202603683,TYP_05,Sextortion,24767.02,Karnataka,District-61,2025-04-22T20:33:00,2025-04-22T22:33:00,2025-04-22T23:00:00
CMP_202603684,TYP_02,Fake Loan App,5905.33,Andhra Pradesh,District-44,2025-05-28T12:14:00,2025-05-29T22:14:00,2025-05-29T22:34:00
CMP_202603685,TYP_04,Investment / Crypto Scam,739623.83,Karnataka,Bengaluru Urban,2025-02-02T15:11:00,2025-02-03T20:11:00,2025-02-03T20:16:00
CMP_202603686,TYP_02,Fake Loan App,19678.42,Kerala,District-48,2025-06-26T11:56:00,2025-06-26T18:56:00,2025-06-26T19:40:00
CMP_202603687,TYP_03,Part-Time Job Scam,263263.05,Bihar,Purnia,2025-05-20T09:44:00,2025-05-20T15:44:00,2025-05-20T16:04:00
CMP_202603688,TYP_05,Sextortion,62026.04,West Bengal,Siliguri,2025-05-04T14:25:00,2025-05-05T02:25:00,2025-05-05T02:55:00
CMP_202603689,TYP_03,Part-Time Job Scam,41137.94,Odisha,District-27,2025-02-15T12:19:00,2025-02-15T19:19:00,2025-02-15T19:51:00
CMP_202603690,TYP_02,Fake Loan App,7445.41,Karnataka,District-23,2025-01-09T13:49:00,2025-01-09T15:49:00,2025-01-09T16:19:00
CMP_202603691,TYP_03,Part-Time Job Scam,245146.67,Haryana,District-63,2025-05-21T09:36:00,2025-05-25T04:36:00,2025-05-25T05:28:00
CMP_202603692,TYP_02,Fake Loan App,26353.01,Kerala,District-59,2025-02-16T21:13:00,2025-02-17T09:13:00,2025-02-17T09:50:00
CMP_202603693,TYP_05,Sextortion,45964.15,Gujarat,Ahmedabad,2025-02-05T11:10:00,2025-02-06T11:10:00,2025-02-06T11:31:00
CMP_202603694,TYP_02,Fake Loan App,23206.25,Haryana,District-63,2025-03-06T11:00:00,2025-03-06T14:00:00,2025-03-06T14:49:00
CMP_202603695,TYP_02,Fake Loan App,5557.75,Karnataka,District-34,2025-01-11T06:23:00,2025-01-11T13:23:00,2025-01-11T14:19:00
CMP_202603696,TYP_02,Fake Loan App,22346.43,Odisha,District-73,2025-04-06T20:13:00,2025-04-07T06:13:00,2025-04-07T06:29:00
CMP_202603697,TYP_02,Fake Loan App,7362.06,Chhattisgarh,District-71,2025-01-17T09:42:00,2025-01-17T10:42:00,2025-01-17T11:16:00
CMP_202603698,TYP_02,Fake Loan App,23585.39,Maharashtra,District-32,2025-02-26T07:22:00,2025-02-26T09:22:00,2025-02-26T10:19:00
CMP_202603699,TYP_06,Marketplace / OLX Fraud,14364.26,Odisha,District-22,2025-03-19T15:56:00,2025-03-19T22:56:00,2025-03-19T23:52:00
CMP_202603700,TYP_04,Investment / Crypto Scam,1536777.55,Delhi,South Delhi,2025-05-24T13:31:00,2025-05-24T19:31:00,2025-05-24T20:08:00
CMP_202603701,TYP_01,OTP / KYC Fraud,34735.23,Haryana,District-29,2025-06-07T10:49:00,2025-06-07T16:49:00,2025-06-07T17:07:00
CMP_202603702,TYP_01,OTP / KYC Fraud,43273.08,Rajasthan,Alwar,2025-03-08T10:59:00,2025-03-08T12:59:00,2025-03-08T13:30:00
CMP_202603703,TYP_05,Sextortion,71380.58,Haryana,District-63,2025-01-29T17:02:00,2025-01-29T20:02:00,2025-01-29T20:24:00
CMP_202603704,TYP_01,OTP / KYC Fraud,74005.55,Madhya Pradesh,District-53,2025-03-12T13:53:00,2025-03-12T15:53:00,2025-03-12T16:00:00
CMP_202603705,TYP_01,OTP / KYC Fraud,21858.73,Jharkhand,Deoghar,2025-02-13T16:00:00,2025-02-13T20:00:00,2025-02-13T20:29:00
CMP_202603706,TYP_02,Fake Loan App,1485.85,Bihar,District-38,2025-06-21T09:05:00,2025-06-22T06:05:00,2025-06-22T06:31:00
CMP_202603707,TYP_03,Part-Time Job Scam,218314.31,Gujarat,District-50,2025-05-15T13:52:00,2025-05-15T15:52:00,2025-05-15T16:02:00
CMP_202603708,TYP_04,Investment / Crypto Scam,441727.7,Punjab,Amritsar,2025-05-13T19:41:00,2025-05-14T08:41:00,2025-05-14T08:55:00
CMP_202603709,TYP_01,OTP / KYC Fraud,60507.2,Karnataka,Bengaluru Urban,2025-05-20T16:30:00,2025-05-20T21:30:00,2025-05-20T22:19:00
CMP_202603710,TYP_05,Sextortion,97144.92,West Bengal,District-55,2025-04-04T16:04:00,2025-04-05T00:04:00,2025-04-05T00:40:00
CMP_202603711,TYP_01,OTP / KYC Fraud,33219.93,Jharkhand,District-72,2025-02-16T15:16:00,2025-02-16T23:16:00,2025-02-16T23:21:00
CMP_202603712,TYP_03,Part-Time Job Scam,55796.49,Madhya Pradesh,District-40,2025-04-15T17:54:00,2025-04-16T22:54:00,2025-04-16T23:22:00
CMP_202603713,TYP_06,Marketplace / OLX Fraud,4724.14,Andhra Pradesh,District-26,2025-03-13T19:36:00,2025-03-14T01:36:00,2025-03-14T02:23:00
CMP_202603714,TYP_04,Investment / Crypto Scam,1471906.73,West Bengal,District-66,2025-02-06T07:55:00,2025-02-06T11:55:00,2025-02-06T12:34:00
CMP_202603715,TYP_02,Fake Loan App,20800.0,Karnataka,District-74,2025-05-04T14:30:00,2025-05-05T11:30:00,2025-05-05T12:13:00
CMP_202603716,TYP_02,Fake Loan App,18275.61,Madhya Pradesh,District-52,2025-05-30T16:26:00,2025-05-31T01:26:00,2025-05-31T02:24:00
CMP_202603717,TYP_05,Sextortion,26779.49,Punjab,District-25,2025-04-03T01:30:00,2025-04-03T19:30:00,2025-04-03T19:43:00
CMP_202603718,TYP_03,Part-Time Job Scam,592922.94,Haryana,Gurugram,2025-02-15T08:16:00,2025-02-15T10:16:00,2025-02-15T10:44:00
CMP_202603719,TYP_02,Fake Loan App,16262.58,West Bengal,Kolkata,2025-04-24T11:33:00,2025-04-24T13:33:00,2025-04-24T14:27:00
CMP_202603720,TYP_02,Fake Loan App,28233.37,Punjab,Amritsar,2025-04-13T13:56:00,2025-04-13T16:56:00,2025-04-13T17:03:00
CMP_202603721,TYP_04,Investment / Crypto Scam,169000.71,Jharkhand,Jamtara,2025-02-04T10:17:00,2025-02-04T18:17:00,2025-02-04T18:31:00
CMP_202603722,TYP_06,Marketplace / OLX Fraud,41381.74,Andhra Pradesh,District-67,2025-03-11T13:49:00,2025-03-12T09:49:00,2025-03-12T10:15:00
CMP_202603723,TYP_05,Sextortion,54510.28,Punjab,Amritsar,2025-02-23T10:42:00,2025-02-23T13:42:00,2025-02-23T14:34:00
CMP_202603724,TYP_04,Investment / Crypto Scam,854829.25,Assam,District-21,2025-05-05T15:16:00,2025-05-06T01:16:00,2025-05-06T01:21:00
CMP_202603725,TYP_02,Fake Loan App,10161.76,Kerala,District-48,2025-01-22T22:23:00,2025-01-23T00:23:00,2025-01-23T00:31:00
CMP_202603726,TYP_03,Part-Time Job Scam,265418.5,Karnataka,District-61,2025-04-15T15:48:00,2025-04-15T19:48:00,2025-04-15T20:08:00
CMP_202603727,TYP_02,Fake Loan App,6832.45,Uttar Pradesh,District-43,2025-06-01T15:38:00,2025-06-02T20:38:00,2025-06-02T21:29:00
CMP_202603728,TYP_03,Part-Time Job Scam,88489.02,Madhya Pradesh,District-60,2025-01-13T02:28:00,2025-01-13T08:28:00,2025-01-13T09:24:00
CMP_202603729,TYP_05,Sextortion,23444.26,Maharashtra,District-30,2025-06-11T10:51:00,2025-06-11T23:51:00,2025-06-11T23:56:00
CMP_202603730,TYP_06,Marketplace / OLX Fraud,15414.74,Madhya Pradesh,District-40,2025-02-27T04:12:00,2025-02-27T07:12:00,2025-02-27T08:01:00
CMP_202603731,TYP_02,Fake Loan App,4264.05,Madhya Pradesh,District-40,2025-01-26T17:54:00,2025-01-26T20:54:00,2025-01-26T21:10:00
CMP_202603732,TYP_03,Part-Time Job Scam,124848.1,Uttar Pradesh,Gorakhpur,2025-03-13T13:44:00,2025-03-14T01:44:00,2025-03-14T02:23:00
CMP_202603733,TYP_05,Sextortion,67011.76,Kerala,District-59,2025-05-30T16:12:00,2025-05-30T23:12:00,2025-05-30T23:54:00
CMP_202603734,TYP_03,Part-Time Job Scam,73658.92,Kerala,District-59,2025-01-18T11:40:00,2025-01-18T15:40:00,2025-01-18T16:40:00
CMP_202603735,TYP_04,Investment / Crypto Scam,2790398.67,Jharkhand,District-72,2025-02-28T12:41:00,2025-02-28T18:41:00,2025-02-28T19:09:00
CMP_202603736,TYP_02,Fake Loan App,12942.65,Madhya Pradesh,District-52,2025-06-26T13:17:00,2025-06-26T21:17:00,2025-06-26T22:00:00
CMP_202603737,TYP_01,OTP / KYC Fraud,20583.79,Punjab,District-25,2025-01-14T12:02:00,2025-01-14T19:02:00,2025-01-14T19:27:00
CMP_202603738,TYP_05,Sextortion,48234.39,Haryana,Gurugram,2025-05-04T08:41:00,2025-05-04T14:41:00,2025-05-04T15:20:00
CMP_202603739,TYP_03,Part-Time Job Scam,109274.79,Delhi,South Delhi,2025-05-23T15:25:00,2025-05-23T17:25:00,2025-05-23T17:57:00
CMP_202603740,TYP_06,Marketplace / OLX Fraud,7043.25,Haryana,District-63,2025-01-30T03:12:00,2025-01-30T14:12:00,2025-01-30T14:48:00
CMP_202603741,TYP_06,Marketplace / OLX Fraud,8912.4,Andhra Pradesh,District-64,2025-05-16T11:26:00,2025-05-16T22:26:00,2025-05-16T22:43:00
CMP_202603742,TYP_03,Part-Time Job Scam,107843.78,Chhattisgarh,District-71,2025-02-11T17:57:00,2025-02-11T18:57:00,2025-02-11T19:11:00
CMP_202603743,TYP_02,Fake Loan App,5614.71,Uttar Pradesh,Gorakhpur,2025-03-24T12:41:00,2025-03-24T22:41:00,2025-03-24T23:34:00
CMP_202603744,TYP_06,Marketplace / OLX Fraud,12137.32,Odisha,District-27,2025-05-31T08:11:00,2025-05-31T11:11:00,2025-05-31T12:06:00
CMP_202603745,TYP_05,Sextortion,29553.05,Jharkhand,Deoghar,2025-05-13T10:43:00,2025-05-13T20:43:00,2025-05-13T20:49:00
CMP_202603746,TYP_03,Part-Time Job Scam,61653.9,Delhi,South Delhi,2025-05-08T11:30:00,2025-05-08T18:30:00,2025-05-08T18:49:00
CMP_202603747,TYP_03,Part-Time Job Scam,903742.36,Madhya Pradesh,District-41,2025-06-17T11:57:00,2025-06-18T02:57:00,2025-06-18T03:43:00
CMP_202603748,TYP_01,OTP / KYC Fraud,36223.75,Bihar,District-38,2025-03-19T10:15:00,2025-03-19T12:15:00,2025-03-19T12:33:00
CMP_202603749,TYP_04,Investment / Crypto Scam,2023284.93,Karnataka,District-51,2025-05-09T11:22:00,2025-05-09T16:22:00,2025-05-09T17:12:00
CMP_202603750,TYP_06,Marketplace / OLX Fraud,6692.16,Andhra Pradesh,District-64,2025-01-04T09:50:00,2025-01-04T20:50:00,2025-01-04T21:39:00
CMP_202603751,TYP_02,Fake Loan App,42292.53,Karnataka,District-23,2025-02-26T13:44:00,2025-02-26T22:44:00,2025-02-26T23:23:00
CMP_202603752,TYP_05,Sextortion,68136.95,Jharkhand,Jamtara,2025-06-12T08:00:00,2025-06-12T16:00:00,2025-06-12T16:11:00
CMP_202603753,TYP_06,Marketplace / OLX Fraud,7272.73,Bihar,District-38,2025-03-11T14:22:00,2025-03-11T20:22:00,2025-03-11T20:47:00
CMP_202603754,TYP_01,OTP / KYC Fraud,11799.79,Punjab,Amritsar,2025-04-20T17:33:00,2025-04-21T02:33:00,2025-04-21T02:57:00
CMP_202603755,TYP_03,Part-Time Job Scam,47358.34,Maharashtra,District-30,2025-01-27T12:43:00,2025-01-27T14:43:00,2025-01-27T15:31:00
CMP_202603756,TYP_06,Marketplace / OLX Fraud,5649.79,Rajasthan,District-46,2025-02-21T19:21:00,2025-02-23T23:21:00,2025-02-23T23:37:00
CMP_202603757,TYP_04,Investment / Crypto Scam,1200212.82,Madhya Pradesh,District-60,2025-03-29T15:38:00,2025-03-29T18:38:00,2025-03-29T19:32:00
CMP_202603758,TYP_03,Part-Time Job Scam,87011.79,Karnataka,District-61,2025-06-20T17:29:00,2025-06-21T03:29:00,2025-06-21T04:16:00
CMP_202603759,TYP_05,Sextortion,200461.42,Andhra Pradesh,District-44,2025-04-05T16:45:00,2025-04-05T21:45:00,2025-04-05T21:51:00
CMP_202603760,TYP_06,Marketplace / OLX Fraud,18330.7,Maharashtra,District-47,2025-05-06T08:47:00,2025-05-06T10:47:00,2025-05-06T10:54:00
CMP_202603761,TYP_03,Part-Time Job Scam,72358.97,Karnataka,District-23,2025-05-23T15:30:00,2025-05-23T17:30:00,2025-05-23T18:20:00
CMP_202603762,TYP_05,Sextortion,68561.47,Uttar Pradesh,Mathura,2025-06-18T12:41:00,2025-06-21T05:41:00,2025-06-21T06:13:00
CMP_202603763,TYP_03,Part-Time Job Scam,236324.7,Delhi,South Delhi,2025-01-09T17:41:00,2025-01-09T21:41:00,2025-01-09T22:37:00
CMP_202603764,TYP_03,Part-Time Job Scam,364498.97,Bihar,District-38,2025-03-03T20:50:00,2025-03-04T13:50:00,2025-03-04T14:28:00
CMP_202603765,TYP_05,Sextortion,6508.9,Chhattisgarh,District-57,2025-03-10T11:21:00,2025-03-10T12:21:00,2025-03-10T13:09:00
CMP_202603766,TYP_02,Fake Loan App,71268.83,Bihar,Purnia,2025-02-09T14:01:00,2025-02-09T18:01:00,2025-02-09T18:26:00
CMP_202603767,TYP_01,OTP / KYC Fraud,5549.63,Rajasthan,District-46,2025-01-27T23:22:00,2025-01-28T13:22:00,2025-01-28T13:56:00
CMP_202603768,TYP_04,Investment / Crypto Scam,520956.64,Uttar Pradesh,District-37,2025-03-19T11:06:00,2025-03-19T15:06:00,2025-03-19T15:45:00
CMP_202603769,TYP_02,Fake Loan App,2482.51,Chhattisgarh,District-71,2025-03-24T13:56:00,2025-03-24T16:56:00,2025-03-24T17:20:00
CMP_202603770,TYP_02,Fake Loan App,14959.37,Rajasthan,District-62,2025-04-11T14:50:00,2025-04-12T02:50:00,2025-04-12T03:02:00
CMP_202603771,TYP_02,Fake Loan App,34561.45,Haryana,District-75,2025-05-30T20:36:00,2025-05-30T21:36:00,2025-05-30T21:41:00
CMP_202603772,TYP_04,Investment / Crypto Scam,1314940.3,Maharashtra,Pune,2025-01-04T11:42:00,2025-01-04T13:42:00,2025-01-04T14:41:00
CMP_202603773,TYP_01,OTP / KYC Fraud,24350.39,Tamil Nadu,Chennai,2025-04-19T11:43:00,2025-04-19T13:43:00,2025-04-19T13:48:00
CMP_202603774,TYP_05,Sextortion,49024.45,Uttar Pradesh,District-37,2025-06-10T11:53:00,2025-06-11T03:53:00,2025-06-11T04:50:00
CMP_202603775,TYP_02,Fake Loan App,5232.62,Punjab,District-36,2025-03-24T17:13:00,2025-03-24T20:13:00,2025-03-24T20:50:00
CMP_202603776,TYP_03,Part-Time Job Scam,175581.55,Punjab,Amritsar,2025-04-12T15:29:00,2025-04-13T14:29:00,2025-04-13T14:45:00
CMP_202603777,TYP_06,Marketplace / OLX Fraud,13691.06,Uttar Pradesh,District-37,2025-05-06T05:52:00,2025-05-07T02:52:00,2025-05-07T03:17:00
CMP_202603778,TYP_03,Part-Time Job Scam,479904.32,Gujarat,District-50,2025-06-03T14:02:00,2025-06-03T15:02:00,2025-06-03T15:26:00
CMP_202603779,TYP_02,Fake Loan App,27999.0,Chhattisgarh,District-71,2025-06-14T07:33:00,2025-06-14T10:33:00,2025-06-14T10:41:00
CMP_202603780,TYP_05,Sextortion,44818.29,Karnataka,District-51,2025-04-03T21:59:00,2025-04-04T05:59:00,2025-04-04T06:05:00
CMP_202603781,TYP_02,Fake Loan App,14429.66,Tamil Nadu,Chennai,2025-05-01T13:29:00,2025-05-01T16:29:00,2025-05-01T16:41:00
CMP_202603782,TYP_06,Marketplace / OLX Fraud,13819.27,Kerala,District-65,2025-03-01T15:45:00,2025-03-01T22:45:00,2025-03-01T23:06:00
CMP_202603783,TYP_03,Part-Time Job Scam,165901.64,Karnataka,District-23,2025-05-12T12:37:00,2025-05-12T21:37:00,2025-05-12T22:25:00
CMP_202603784,TYP_03,Part-Time Job Scam,107975.35,Maharashtra,District-30,2025-05-17T08:55:00,2025-05-17T12:55:00,2025-05-17T13:15:00
CMP_202603785,TYP_06,Marketplace / OLX Fraud,4249.36,Maharashtra,Mumbai,2025-03-02T12:20:00,2025-03-04T04:20:00,2025-03-04T04:27:00
CMP_202603786,TYP_01,OTP / KYC Fraud,5382.21,Karnataka,District-56,2025-04-26T09:01:00,2025-04-26T15:01:00,2025-04-26T15:20:00
CMP_202603787,TYP_06,Marketplace / OLX Fraud,15208.37,Rajasthan,District-62,2025-03-18T13:43:00,2025-03-18T16:43:00,2025-03-18T17:14:00
CMP_202603788,TYP_02,Fake Loan App,16184.12,Kerala,District-65,2025-03-07T20:36:00,2025-03-10T01:36:00,2025-03-10T02:09:00
CMP_202603789,TYP_02,Fake Loan App,79634.4,Madhya Pradesh,District-41,2025-06-11T15:25:00,2025-06-12T06:25:00,2025-06-12T06:58:00
CMP_202603790,TYP_02,Fake Loan App,12312.35,Haryana,Mewat,2025-06-24T08:08:00,2025-06-24T11:08:00,2025-06-24T11:39:00
CMP_202603791,TYP_01,OTP / KYC Fraud,29677.91,Odisha,District-27,2025-05-27T17:12:00,2025-05-27T20:12:00,2025-05-27T20:24:00
CMP_202603792,TYP_03,Part-Time Job Scam,276395.46,Andhra Pradesh,District-26,2025-04-10T10:53:00,2025-04-10T13:53:00,2025-04-10T14:41:00
CMP_202603793,TYP_02,Fake Loan App,26675.52,Andhra Pradesh,District-64,2025-01-27T14:13:00,2025-01-27T19:13:00,2025-01-27T19:22:00
CMP_202603794,TYP_04,Investment / Crypto Scam,157929.61,Rajasthan,Alwar,2025-02-10T09:06:00,2025-02-10T12:06:00,2025-02-10T12:55:00
CMP_202603795,TYP_02,Fake Loan App,30871.68,Jharkhand,District-45,2025-03-21T17:56:00,2025-03-23T03:56:00,2025-03-23T04:54:00
CMP_202603796,TYP_06,Marketplace / OLX Fraud,10910.67,Bihar,District-38,2025-02-19T15:09:00,2025-02-20T17:09:00,2025-02-20T17:58:00
CMP_202603797,TYP_05,Sextortion,75320.52,Gujarat,District-70,2025-06-26T04:47:00,2025-06-26T13:47:00,2025-06-26T13:57:00
CMP_202603798,TYP_03,Part-Time Job Scam,150451.07,Uttar Pradesh,District-37,2025-06-10T15:13:00,2025-06-10T21:13:00,2025-06-10T21:41:00
CMP_202603799,TYP_01,OTP / KYC Fraud,26191.05,Telangana,District-39,2025-04-18T11:06:00,2025-04-19T05:06:00,2025-04-19T05:39:00
CMP_202603800,TYP_01,OTP / KYC Fraud,51537.24,Tamil Nadu,District-49,2025-02-08T00:43:00,2025-02-08T05:43:00,2025-02-08T06:38:00
CMP_202603801,TYP_03,Part-Time Job Scam,327087.57,Odisha,District-68,2025-05-09T16:20:00,2025-05-10T01:20:00,2025-05-10T01:27:00
CMP_202603802,TYP_02,Fake Loan App,10533.21,Gujarat,District-31,2025-03-13T19:06:00,2025-03-14T14:06:00,2025-03-14T14:51:00
CMP_202603803,TYP_02,Fake Loan App,8440.5,Jharkhand,Jamtara,2025-04-05T17:04:00,2025-04-07T13:04:00,2025-04-07T13:15:00
CMP_202603804,TYP_06,Marketplace / OLX Fraud,12995.9,West Bengal,District-35,2025-01-15T16:01:00,2025-01-15T18:01:00,2025-01-15T18:41:00
CMP_202603805,TYP_02,Fake Loan App,5539.98,Bihar,Purnia,2025-01-23T07:30:00,2025-01-23T13:30:00,2025-01-23T14:22:00
CMP_202603806,TYP_01,OTP / KYC Fraud,38257.93,Uttar Pradesh,District-43,2025-02-14T16:08:00,2025-02-14T18:08:00,2025-02-14T18:31:00
CMP_202603807,TYP_02,Fake Loan App,51313.19,Telangana,Hyderabad,2025-01-13T06:28:00,2025-01-13T15:28:00,2025-01-13T15:58:00
CMP_202603808,TYP_05,Sextortion,169037.03,Jharkhand,District-45,2025-02-02T07:59:00,2025-02-02T09:59:00,2025-02-02T10:43:00
CMP_202603809,TYP_02,Fake Loan App,21826.04,Chhattisgarh,District-57,2025-05-15T15:40:00,2025-05-15T16:40:00,2025-05-15T17:06:00
CMP_202603810,TYP_01,OTP / KYC Fraud,25925.24,Maharashtra,District-32,2025-02-04T07:40:00,2025-02-04T16:40:00,2025-02-04T17:04:00
CMP_202603811,TYP_05,Sextortion,20870.31,Gujarat,District-50,2025-02-06T10:26:00,2025-02-06T16:26:00,2025-02-06T17:18:00
CMP_202603812,TYP_02,Fake Loan App,20065.8,Madhya Pradesh,District-53,2025-01-02T21:21:00,2025-01-02T22:21:00,2025-01-02T23:10:00
CMP_202603813,TYP_02,Fake Loan App,24111.5,Madhya Pradesh,District-53,2025-06-03T10:02:00,2025-06-03T11:02:00,2025-06-03T11:17:00
CMP_202603814,TYP_02,Fake Loan App,16057.69,Kerala,District-65,2025-05-25T10:55:00,2025-05-29T15:55:00,2025-05-29T16:55:00
CMP_202603815,TYP_05,Sextortion,56361.84,Karnataka,District-23,2025-05-17T03:37:00,2025-05-17T12:37:00,2025-05-17T13:19:00
CMP_202603816,TYP_02,Fake Loan App,8848.56,Jharkhand,District-72,2025-05-23T14:10:00,2025-05-23T21:10:00,2025-05-23T21:35:00
CMP_202603817,TYP_02,Fake Loan App,8004.18,Kerala,District-59,2025-05-08T23:18:00,2025-05-09T17:18:00,2025-05-09T18:16:00
CMP_202603818,TYP_02,Fake Loan App,17739.51,Haryana,Mewat,2025-01-23T08:53:00,2025-01-23T13:53:00,2025-01-23T14:42:00
CMP_202603819,TYP_06,Marketplace / OLX Fraud,3844.14,Kerala,District-48,2025-04-06T10:53:00,2025-04-06T16:53:00,2025-04-06T17:47:00
CMP_202603820,TYP_04,Investment / Crypto Scam,285391.36,Madhya Pradesh,District-40,2025-01-27T10:52:00,2025-01-27T14:52:00,2025-01-27T15:43:00
CMP_202603821,TYP_01,OTP / KYC Fraud,38512.99,Karnataka,District-34,2025-02-13T06:33:00,2025-02-13T11:33:00,2025-02-13T12:12:00
CMP_202603822,TYP_03,Part-Time Job Scam,24470.35,Jharkhand,District-45,2025-03-27T15:54:00,2025-03-31T10:54:00,2025-03-31T11:20:00
CMP_202603823,TYP_02,Fake Loan App,8754.87,Andhra Pradesh,District-26,2025-01-15T13:38:00,2025-01-16T11:38:00,2025-01-16T12:21:00
CMP_202603824,TYP_04,Investment / Crypto Scam,261883.16,Maharashtra,District-47,2025-06-25T13:15:00,2025-06-25T21:15:00,2025-06-25T21:22:00
CMP_202603825,TYP_04,Investment / Crypto Scam,758779.65,Maharashtra,District-30,2025-06-21T05:32:00,2025-06-21T13:32:00,2025-06-21T14:12:00
CMP_202603826,TYP_03,Part-Time Job Scam,145092.5,West Bengal,District-66,2025-06-18T18:27:00,2025-06-18T22:27:00,2025-06-18T23:11:00
CMP_202603827,TYP_06,Marketplace / OLX Fraud,6155.77,Maharashtra,District-30,2025-03-12T17:59:00,2025-03-12T19:59:00,2025-03-12T20:34:00
CMP_202603828,TYP_03,Part-Time Job Scam,85623.1,Maharashtra,District-30,2025-03-12T14:33:00,2025-03-14T13:33:00,2025-03-14T14:03:00
CMP_202603829,TYP_02,Fake Loan App,3500.96,Karnataka,District-61,2025-01-08T15:14:00,2025-01-09T03:14:00,2025-01-09T04:14:00
CMP_202603830,TYP_06,Marketplace / OLX Fraud,12027.49,Maharashtra,Pune,2025-04-10T09:33:00,2025-04-10T18:33:00,2025-04-10T18:48:00
CMP_202603831,TYP_06,Marketplace / OLX Fraud,13428.77,Tamil Nadu,Chennai,2025-06-15T14:03:00,2025-06-16T09:03:00,2025-06-16T09:42:00
CMP_202603832,TYP_04,Investment / Crypto Scam,509007.88,Jharkhand,District-72,2025-05-03T13:56:00,2025-05-03T20:56:00,2025-05-03T21:01:00
CMP_202603833,TYP_05,Sextortion,45609.78,Madhya Pradesh,District-53,2025-06-13T11:54:00,2025-06-13T17:54:00,2025-06-13T18:25:00
CMP_202603834,TYP_02,Fake Loan App,10762.74,Andhra Pradesh,District-44,2025-05-26T13:13:00,2025-05-26T19:13:00,2025-05-26T19:27:00
CMP_202603835,TYP_02,Fake Loan App,12933.42,Kerala,District-59,2025-05-03T07:19:00,2025-05-03T22:19:00,2025-05-03T22:43:00
CMP_202603836,TYP_03,Part-Time Job Scam,23768.37,West Bengal,District-55,2025-06-13T11:48:00,2025-06-15T19:48:00,2025-06-15T20:34:00
CMP_202603837,TYP_02,Fake Loan App,35307.32,Uttar Pradesh,District-43,2025-06-18T08:01:00,2025-06-21T09:01:00,2025-06-21T09:11:00
CMP_202603838,TYP_01,OTP / KYC Fraud,15261.81,Haryana,District-63,2025-02-18T16:41:00,2025-02-18T23:41:00,2025-02-19T00:00:00
CMP_202603839,TYP_02,Fake Loan App,11897.8,Andhra Pradesh,District-44,2025-03-26T16:28:00,2025-03-27T07:28:00,2025-03-27T07:35:00
CMP_202603840,TYP_05,Sextortion,38865.72,Jharkhand,District-45,2025-06-27T12:15:00,2025-06-28T02:15:00,2025-06-28T02:40:00
CMP_202603841,TYP_04,Investment / Crypto Scam,508969.22,Haryana,District-75,2025-05-29T19:20:00,2025-05-30T01:20:00,2025-05-30T02:00:00
CMP_202603842,TYP_03,Part-Time Job Scam,119663.34,Gujarat,District-31,2025-06-05T15:44:00,2025-06-05T17:44:00,2025-06-05T18:33:00
CMP_202603843,TYP_01,OTP / KYC Fraud,48190.03,Punjab,District-25,2025-05-24T13:40:00,2025-05-24T17:40:00,2025-05-24T18:22:00
CMP_202603844,TYP_03,Part-Time Job Scam,333381.64,Madhya Pradesh,District-69,2025-05-20T13:55:00,2025-05-21T02:55:00,2025-05-21T03:10:00
CMP_202603845,TYP_06,Marketplace / OLX Fraud,37431.73,Andhra Pradesh,District-67,2025-04-26T14:24:00,2025-04-27T07:24:00,2025-04-27T08:02:00
CMP_202603846,TYP_03,Part-Time Job Scam,77647.55,Rajasthan,Alwar,2025-06-27T18:14:00,2025-06-27T23:14:00,2025-06-27T23:25:00
CMP_202603847,TYP_02,Fake Loan App,8534.41,Assam,District-28,2025-03-09T13:22:00,2025-03-09T14:22:00,2025-03-09T14:59:00
CMP_202603848,TYP_04,Investment / Crypto Scam,228767.13,Karnataka,District-34,2025-04-06T16:31:00,2025-04-11T08:31:00,2025-04-11T08:59:00
CMP_202603849,TYP_03,Part-Time Job Scam,92217.61,Madhya Pradesh,District-41,2025-01-25T23:07:00,2025-01-26T04:07:00,2025-01-26T04:33:00
CMP_202603850,TYP_02,Fake Loan App,23017.11,Karnataka,District-23,2025-05-16T16:25:00,2025-05-17T15:25:00,2025-05-17T15:44:00
CMP_202603851,TYP_02,Fake Loan App,15707.4,Odisha,District-22,2025-05-01T10:01:00,2025-05-02T00:01:00,2025-05-02T00:11:00
CMP_202603852,TYP_02,Fake Loan App,18873.45,Haryana,District-75,2025-03-15T14:39:00,2025-03-16T19:39:00,2025-03-16T19:59:00
CMP_202603853,TYP_06,Marketplace / OLX Fraud,13956.01,Punjab,District-36,2025-05-22T16:01:00,2025-05-22T21:01:00,2025-05-22T21:35:00
CMP_202603854,TYP_02,Fake Loan App,6783.43,Karnataka,District-34,2025-06-29T15:15:00,2025-06-29T16:15:00,2025-06-29T17:09:00
CMP_202603855,TYP_03,Part-Time Job Scam,113696.29,Jharkhand,District-45,2025-01-15T15:12:00,2025-01-16T06:12:00,2025-01-16T07:11:00
CMP_202603856,TYP_05,Sextortion,136255.39,Odisha,District-73,2025-02-14T21:21:00,2025-02-14T23:21:00,2025-02-15T00:10:00
CMP_202603857,TYP_02,Fake Loan App,5213.27,Tamil Nadu,Chennai,2025-01-15T15:09:00,2025-01-15T23:09:00,2025-01-15T23:18:00
CMP_202603858,TYP_04,Investment / Crypto Scam,949132.05,Odisha,District-27,2025-02-09T11:59:00,2025-02-09T22:59:00,2025-02-09T23:17:00
CMP_202603859,TYP_05,Sextortion,37220.73,Karnataka,Bengaluru Urban,2025-04-25T14:59:00,2025-04-27T22:59:00,2025-04-27T23:48:00
CMP_202603860,TYP_01,OTP / KYC Fraud,34659.25,Odisha,District-22,2025-04-07T12:58:00,2025-04-07T20:58:00,2025-04-07T21:11:00
CMP_202603861,TYP_06,Marketplace / OLX Fraud,30716.49,Maharashtra,Mumbai,2025-05-18T18:23:00,2025-05-19T10:23:00,2025-05-19T11:15:00
CMP_202603862,TYP_06,Marketplace / OLX Fraud,9874.61,Maharashtra,Mumbai,2025-06-25T16:18:00,2025-06-25T21:18:00,2025-06-25T21:50:00
CMP_202603863,TYP_04,Investment / Crypto Scam,394222.83,Karnataka,District-42,2025-04-27T11:38:00,2025-04-27T18:38:00,2025-04-27T19:10:00
CMP_202603864,TYP_02,Fake Loan App,32794.54,Assam,District-21,2025-01-10T17:06:00,2025-01-11T07:06:00,2025-01-11T07:44:00
CMP_202603865,TYP_01,OTP / KYC Fraud,16179.12,Andhra Pradesh,District-67,2025-04-19T16:27:00,2025-04-19T22:27:00,2025-04-19T23:27:00
CMP_202603866,TYP_04,Investment / Crypto Scam,413105.34,Chhattisgarh,District-57,2025-02-10T14:05:00,2025-02-10T23:05:00,2025-02-10T23:26:00
CMP_202603867,TYP_03,Part-Time Job Scam,300419.46,Gujarat,District-70,2025-01-02T12:16:00,2025-01-02T17:16:00,2025-01-02T17:55:00
CMP_202603868,TYP_03,Part-Time Job Scam,48188.84,Telangana,Hyderabad,2025-05-11T14:17:00,2025-05-11T15:17:00,2025-05-11T15:56:00
CMP_202603869,TYP_05,Sextortion,74668.43,Chhattisgarh,District-71,2025-03-09T14:27:00,2025-03-09T20:27:00,2025-03-09T20:37:00
CMP_202603870,TYP_03,Part-Time Job Scam,142524.51,Punjab,District-25,2025-01-19T15:40:00,2025-01-19T16:40:00,2025-01-19T16:45:00
CMP_202603871,TYP_06,Marketplace / OLX Fraud,1618.56,Andhra Pradesh,District-44,2025-02-20T15:16:00,2025-02-22T15:16:00,2025-02-22T15:44:00
CMP_202603872,TYP_01,OTP / KYC Fraud,74091.88,Delhi,South Delhi,2025-01-28T11:19:00,2025-01-28T19:19:00,2025-01-28T19:59:00
CMP_202603873,TYP_01,OTP / KYC Fraud,16370.71,Madhya Pradesh,District-41,2025-02-14T18:27:00,2025-02-15T00:27:00,2025-02-15T01:24:00
CMP_202603874,TYP_06,Marketplace / OLX Fraud,21011.02,Jharkhand,Jamtara,2025-03-14T21:19:00,2025-03-15T03:19:00,2025-03-15T03:40:00
CMP_202603875,TYP_06,Marketplace / OLX Fraud,15494.23,Odisha,District-73,2025-01-27T12:23:00,2025-01-27T17:23:00,2025-01-27T18:18:00
CMP_202603876,TYP_02,Fake Loan App,16624.99,Karnataka,District-34,2025-01-30T05:27:00,2025-01-31T17:27:00,2025-01-31T18:04:00
CMP_202603877,TYP_06,Marketplace / OLX Fraud,10898.8,Karnataka,District-51,2025-05-07T14:00:00,2025-05-07T18:00:00,2025-05-07T18:59:00
CMP_202603878,TYP_04,Investment / Crypto Scam,236002.28,Karnataka,District-61,2025-02-25T11:14:00,2025-02-25T22:14:00,2025-02-25T22:52:00
CMP_202603879,TYP_06,Marketplace / OLX Fraud,36620.17,Haryana,Gurugram,2025-05-19T14:10:00,2025-05-21T02:10:00,2025-05-21T02:37:00
CMP_202603880,TYP_02,Fake Loan App,28906.75,Maharashtra,Pune,2025-02-26T08:25:00,2025-02-27T02:25:00,2025-02-27T02:37:00
CMP_202603881,TYP_04,Investment / Crypto Scam,238092.1,Assam,District-21,2025-05-30T17:32:00,2025-05-31T03:32:00,2025-05-31T04:18:00
CMP_202603882,TYP_06,Marketplace / OLX Fraud,5640.2,Karnataka,District-61,2025-05-21T21:13:00,2025-05-22T05:13:00,2025-05-22T05:18:00
CMP_202603883,TYP_01,OTP / KYC Fraud,20408.97,Delhi,South Delhi,2025-02-03T21:58:00,2025-02-04T05:58:00,2025-02-04T06:57:00
CMP_202603884,TYP_04,Investment / Crypto Scam,539704.07,Gujarat,Ahmedabad,2025-03-17T17:33:00,2025-03-18T02:33:00,2025-03-18T03:31:00
CMP_202603885,TYP_06,Marketplace / OLX Fraud,6164.03,Kerala,District-48,2025-05-03T00:50:00,2025-05-04T03:50:00,2025-05-04T04:36:00
CMP_202603886,TYP_01,OTP / KYC Fraud,31262.26,Odisha,District-73,2025-04-15T16:27:00,2025-04-15T23:27:00,2025-04-15T23:56:00
CMP_202603887,TYP_02,Fake Loan App,37803.81,Karnataka,District-34,2025-05-28T13:43:00,2025-05-28T20:43:00,2025-05-28T20:49:00
CMP_202603888,TYP_05,Sextortion,18776.05,Uttar Pradesh,Gorakhpur,2025-01-08T04:30:00,2025-01-08T12:30:00,2025-01-08T13:18:00
CMP_202603889,TYP_06,Marketplace / OLX Fraud,18082.05,Kerala,District-48,2025-05-18T09:43:00,2025-05-19T03:43:00,2025-05-19T03:48:00
CMP_202603890,TYP_04,Investment / Crypto Scam,717011.54,Maharashtra,Pune,2025-01-18T11:25:00,2025-01-18T15:25:00,2025-01-18T16:15:00
CMP_202603891,TYP_03,Part-Time Job Scam,51526.22,Assam,District-28,2025-03-03T15:22:00,2025-03-04T04:22:00,2025-03-04T04:28:00
CMP_202603892,TYP_05,Sextortion,32750.37,Andhra Pradesh,District-58,2025-04-14T17:22:00,2025-04-15T01:22:00,2025-04-15T01:29:00
CMP_202603893,TYP_02,Fake Loan App,10080.71,Odisha,District-54,2025-03-01T16:56:00,2025-03-01T17:56:00,2025-03-01T18:09:00
CMP_202603894,TYP_04,Investment / Crypto Scam,363357.8,Madhya Pradesh,District-60,2025-06-15T05:03:00,2025-06-15T21:03:00,2025-06-15T21:33:00
CMP_202603895,TYP_02,Fake Loan App,19227.37,West Bengal,Siliguri,2025-01-09T15:59:00,2025-01-09T21:59:00,2025-01-09T22:44:00
CMP_202603896,TYP_02,Fake Loan App,20378.48,Jharkhand,District-72,2025-04-18T12:52:00,2025-04-18T13:52:00,2025-04-18T14:25:00
CMP_202603897,TYP_01,OTP / KYC Fraud,7492.26,Tamil Nadu,District-49,2025-01-22T14:29:00,2025-01-22T19:29:00,2025-01-22T19:54:00
CMP_202603898,TYP_06,Marketplace / OLX Fraud,22933.23,Karnataka,District-74,2025-02-05T18:09:00,2025-02-07T08:09:00,2025-02-07T08:47:00
CMP_202603899,TYP_05,Sextortion,17838.49,Maharashtra,District-32,2025-03-03T15:09:00,2025-03-04T14:09:00,2025-03-04T14:50:00
CMP_202603900,TYP_03,Part-Time Job Scam,92793.5,Odisha,District-22,2025-05-19T09:44:00,2025-05-19T14:44:00,2025-05-19T15:09:00
CMP_202603901,TYP_05,Sextortion,26498.34,West Bengal,District-66,2025-05-09T11:47:00,2025-05-09T21:47:00,2025-05-09T22:02:00
CMP_202603902,TYP_03,Part-Time Job Scam,29764.06,Karnataka,District-23,2025-04-29T21:25:00,2025-04-30T07:25:00,2025-04-30T08:07:00
CMP_202603903,TYP_03,Part-Time Job Scam,363932.53,Jharkhand,District-72,2025-02-17T14:01:00,2025-02-18T11:01:00,2025-02-18T11:59:00
CMP_202603904,TYP_01,OTP / KYC Fraud,40259.99,Punjab,District-25,2025-06-28T18:57:00,2025-06-28T19:57:00,2025-06-28T20:33:00
CMP_202603905,TYP_05,Sextortion,24492.67,Andhra Pradesh,District-58,2025-06-05T10:03:00,2025-06-05T12:03:00,2025-06-05T12:32:00
CMP_202603906,TYP_02,Fake Loan App,9409.66,Punjab,Amritsar,2025-03-01T14:27:00,2025-03-02T21:27:00,2025-03-02T21:56:00
CMP_202603907,TYP_02,Fake Loan App,34848.96,Haryana,District-63,2025-02-21T14:33:00,2025-02-21T23:33:00,2025-02-22T00:19:00
CMP_202603908,TYP_02,Fake Loan App,31417.96,Rajasthan,Alwar,2025-06-11T08:44:00,2025-06-12T01:44:00,2025-06-12T02:24:00
CMP_202603909,TYP_02,Fake Loan App,41783.61,Kerala,District-59,2025-05-24T11:35:00,2025-05-24T13:35:00,2025-05-24T14:30:00
CMP_202603910,TYP_04,Investment / Crypto Scam,863519.04,Gujarat,Ahmedabad,2025-01-14T09:00:00,2025-01-15T02:00:00,2025-01-15T02:47:00
CMP_202603911,TYP_03,Part-Time Job Scam,248283.84,Karnataka,District-23,2025-05-24T16:56:00,2025-05-24T21:56:00,2025-05-24T22:11:00
CMP_202603912,TYP_02,Fake Loan App,46081.69,Jharkhand,Deoghar,2025-03-16T18:06:00,2025-03-17T14:06:00,2025-03-17T14:40:00
CMP_202603913,TYP_03,Part-Time Job Scam,176017.47,Karnataka,District-23,2025-03-14T10:55:00,2025-03-15T06:55:00,2025-03-15T07:08:00
CMP_202603914,TYP_02,Fake Loan App,8278.95,Maharashtra,District-47,2025-05-21T11:42:00,2025-05-21T17:42:00,2025-05-21T17:59:00
CMP_202603915,TYP_06,Marketplace / OLX Fraud,8659.45,Rajasthan,District-62,2025-03-26T09:19:00,2025-03-26T15:19:00,2025-03-26T15:40:00
CMP_202603916,TYP_05,Sextortion,30706.51,Madhya Pradesh,District-52,2025-01-15T19:19:00,2025-01-16T04:19:00,2025-01-16T04:55:00
CMP_202603917,TYP_03,Part-Time Job Scam,127068.2,Chhattisgarh,District-57,2025-01-07T13:47:00,2025-01-07T18:47:00,2025-01-07T19:19:00
CMP_202603918,TYP_05,Sextortion,28478.29,Assam,District-28,2025-03-31T16:02:00,2025-03-31T22:02:00,2025-03-31T22:39:00
CMP_202603919,TYP_03,Part-Time Job Scam,119314.62,Andhra Pradesh,District-64,2025-03-14T17:04:00,2025-03-14T23:04:00,2025-03-14T23:31:00
CMP_202603920,TYP_04,Investment / Crypto Scam,440688.45,Maharashtra,District-47,2025-01-22T06:42:00,2025-01-22T15:42:00,2025-01-22T16:04:00
CMP_202603921,TYP_02,Fake Loan App,42895.45,Uttar Pradesh,District-43,2025-05-07T13:09:00,2025-05-07T16:09:00,2025-05-07T16:49:00
CMP_202603922,TYP_03,Part-Time Job Scam,111399.42,West Bengal,District-55,2025-02-02T14:46:00,2025-02-02T17:46:00,2025-02-02T18:26:00
CMP_202603923,TYP_05,Sextortion,41040.82,Bihar,District-38,2025-06-19T15:07:00,2025-06-20T04:07:00,2025-06-20T04:48:00
CMP_202603924,TYP_01,OTP / KYC Fraud,21667.24,Karnataka,District-51,2025-02-05T14:27:00,2025-02-05T20:27:00,2025-02-05T21:07:00
CMP_202603925,TYP_05,Sextortion,21129.2,Bihar,District-38,2025-02-25T04:14:00,2025-02-25T11:14:00,2025-02-25T11:31:00
CMP_202603926,TYP_01,OTP / KYC Fraud,9784.86,Assam,District-21,2025-04-02T09:10:00,2025-04-03T04:10:00,2025-04-03T04:37:00
CMP_202603927,TYP_05,Sextortion,55988.66,Haryana,Gurugram,2025-06-05T16:52:00,2025-06-05T18:52:00,2025-06-05T19:08:00
CMP_202603928,TYP_05,Sextortion,45629.38,Karnataka,District-42,2025-05-12T17:42:00,2025-05-13T23:42:00,2025-05-14T00:14:00
CMP_202603929,TYP_06,Marketplace / OLX Fraud,5574.76,Madhya Pradesh,District-69,2025-01-30T18:52:00,2025-01-31T03:52:00,2025-01-31T03:58:00
CMP_202603930,TYP_06,Marketplace / OLX Fraud,8424.85,Uttar Pradesh,District-43,2025-01-11T12:59:00,2025-01-12T10:59:00,2025-01-12T11:37:00
CMP_202603931,TYP_02,Fake Loan App,19192.21,Jharkhand,Deoghar,2025-03-30T22:18:00,2025-03-31T00:18:00,2025-03-31T00:53:00
CMP_202603932,TYP_03,Part-Time Job Scam,35913.86,Haryana,Mewat,2025-05-30T13:19:00,2025-05-30T21:19:00,2025-05-30T22:04:00
CMP_202603933,TYP_05,Sextortion,12087.37,Karnataka,District-56,2025-01-03T15:27:00,2025-01-03T16:27:00,2025-01-03T16:45:00
CMP_202603934,TYP_03,Part-Time Job Scam,197946.91,Karnataka,District-42,2025-06-16T11:45:00,2025-06-16T13:45:00,2025-06-16T14:27:00
CMP_202603935,TYP_02,Fake Loan App,86765.51,Madhya Pradesh,District-41,2025-06-20T09:03:00,2025-06-20T11:03:00,2025-06-20T11:46:00
CMP_202603936,TYP_05,Sextortion,23991.29,Haryana,Gurugram,2025-04-08T14:10:00,2025-04-10T18:10:00,2025-04-10T18:29:00
CMP_202603937,TYP_03,Part-Time Job Scam,508068.52,Maharashtra,Pune,2025-05-15T21:48:00,2025-05-16T03:48:00,2025-05-16T04:03:00
CMP_202603938,TYP_06,Marketplace / OLX Fraud,6744.27,Chhattisgarh,District-71,2025-02-28T17:04:00,2025-03-01T05:04:00,2025-03-01T05:14:00
CMP_202603939,TYP_06,Marketplace / OLX Fraud,7241.62,Tamil Nadu,District-49,2025-02-07T13:55:00,2025-02-07T16:55:00,2025-02-07T17:09:00
CMP_202603940,TYP_01,OTP / KYC Fraud,11318.41,Assam,District-28,2025-06-19T19:36:00,2025-06-20T05:36:00,2025-06-20T05:42:00
CMP_202603941,TYP_01,OTP / KYC Fraud,25030.31,Jharkhand,District-72,2025-01-27T08:07:00,2025-01-27T17:07:00,2025-01-27T17:21:00
CMP_202603942,TYP_02,Fake Loan App,4253.6,Maharashtra,District-32,2025-02-17T17:03:00,2025-02-18T02:03:00,2025-02-18T02:46:00
CMP_202603943,TYP_03,Part-Time Job Scam,130104.04,Maharashtra,District-30,2025-04-07T15:45:00,2025-04-08T12:45:00,2025-04-08T13:22:00
CMP_202603944,TYP_02,Fake Loan App,16373.99,Karnataka,District-74,2025-02-20T09:01:00,2025-02-21T13:01:00,2025-02-21T13:52:00
CMP_202603945,TYP_01,OTP / KYC Fraud,93236.67,Maharashtra,District-30,2025-03-10T18:11:00,2025-03-11T01:11:00,2025-03-11T01:51:00
CMP_202603946,TYP_02,Fake Loan App,5807.7,Rajasthan,District-46,2025-03-14T08:50:00,2025-03-14T15:50:00,2025-03-14T16:01:00
CMP_202603947,TYP_01,OTP / KYC Fraud,18978.09,Punjab,Amritsar,2025-06-12T08:25:00,2025-06-13T10:25:00,2025-06-13T11:17:00
CMP_202603948,TYP_05,Sextortion,78198.67,Madhya Pradesh,District-52,2025-05-09T14:04:00,2025-05-09T21:04:00,2025-05-09T21:18:00
CMP_202603949,TYP_01,OTP / KYC Fraud,30379.58,Uttar Pradesh,Gorakhpur,2025-05-24T15:31:00,2025-05-25T16:31:00,2025-05-25T16:58:00
CMP_202603950,TYP_04,Investment / Crypto Scam,253877.36,Bihar,District-38,2025-05-07T11:16:00,2025-05-07T21:16:00,2025-05-07T22:06:00
CMP_202603951,TYP_05,Sextortion,13011.03,Kerala,District-59,2025-01-26T15:35:00,2025-01-26T17:35:00,2025-01-26T18:30:00
CMP_202603952,TYP_03,Part-Time Job Scam,257928.84,Jharkhand,Deoghar,2025-05-01T16:55:00,2025-05-01T21:55:00,2025-05-01T22:27:00
CMP_202603953,TYP_05,Sextortion,31398.42,Telangana,District-39,2025-01-15T20:25:00,2025-01-16T03:25:00,2025-01-16T03:45:00
CMP_202603954,TYP_03,Part-Time Job Scam,87275.51,Gujarat,Ahmedabad,2025-04-30T17:56:00,2025-04-30T18:56:00,2025-04-30T19:16:00
CMP_202603955,TYP_03,Part-Time Job Scam,78890.65,Karnataka,Bengaluru Urban,2025-05-29T18:12:00,2025-05-29T21:12:00,2025-05-29T21:59:00
CMP_202603956,TYP_03,Part-Time Job Scam,53581.65,Tamil Nadu,District-49,2025-04-10T14:14:00,2025-04-10T17:14:00,2025-04-10T17:56:00
CMP_202603957,TYP_05,Sextortion,18329.37,Tamil Nadu,Chennai,2025-04-26T08:43:00,2025-04-27T18:43:00,2025-04-27T18:53:00
CMP_202603958,TYP_02,Fake Loan App,3609.17,West Bengal,District-55,2025-05-21T08:01:00,2025-05-21T12:01:00,2025-05-21T12:24:00
CMP_202603959,TYP_03,Part-Time Job Scam,45094.75,Haryana,Mewat,2025-06-11T19:12:00,2025-06-12T05:12:00,2025-06-12T05:52:00
CMP_202603960,TYP_04,Investment / Crypto Scam,577136.2,Haryana,Gurugram,2025-01-31T09:31:00,2025-01-31T18:31:00,2025-01-31T18:39:00
CMP_202603961,TYP_03,Part-Time Job Scam,227772.91,West Bengal,Siliguri,2025-05-31T13:42:00,2025-05-31T23:42:00,2025-06-01T00:09:00
CMP_202603962,TYP_05,Sextortion,49164.85,Telangana,Hyderabad,2025-02-20T15:25:00,2025-02-20T19:25:00,2025-02-20T20:12:00
CMP_202603963,TYP_05,Sextortion,24159.0,Assam,District-28,2025-06-30T15:01:00,2025-07-01T18:01:00,2025-07-01T18:40:00
CMP_202603964,TYP_06,Marketplace / OLX Fraud,11423.99,Punjab,Amritsar,2025-06-16T15:52:00,2025-06-16T18:52:00,2025-06-16T19:00:00
CMP_202603965,TYP_01,OTP / KYC Fraud,16158.49,Odisha,District-73,2025-03-17T13:36:00,2025-03-17T17:36:00,2025-03-17T18:25:00
CMP_202603966,TYP_06,Marketplace / OLX Fraud,8093.24,Karnataka,District-74,2025-02-28T14:48:00,2025-03-01T01:48:00,2025-03-01T02:41:00
CMP_202603967,TYP_03,Part-Time Job Scam,222345.16,Punjab,District-25,2025-03-30T11:47:00,2025-03-30T23:47:00,2025-03-31T00:15:00
CMP_202603968,TYP_05,Sextortion,6843.19,Karnataka,District-51,2025-05-02T15:38:00,2025-05-02T21:38:00,2025-05-02T22:21:00
CMP_202603969,TYP_05,Sextortion,63230.32,Uttar Pradesh,District-37,2025-05-06T20:28:00,2025-05-07T12:28:00,2025-05-07T13:02:00
CMP_202603970,TYP_04,Investment / Crypto Scam,840467.82,Karnataka,District-23,2025-05-29T10:04:00,2025-05-30T02:04:00,2025-05-30T02:28:00
CMP_202603971,TYP_06,Marketplace / OLX Fraud,95510.62,Karnataka,District-34,2025-05-09T19:03:00,2025-05-10T03:03:00,2025-05-10T03:12:00
CMP_202603972,TYP_03,Part-Time Job Scam,131241.06,Odisha,District-22,2025-04-27T19:56:00,2025-04-28T19:56:00,2025-04-28T20:06:00
CMP_202603973,TYP_03,Part-Time Job Scam,130207.18,Gujarat,District-31,2025-02-22T09:56:00,2025-02-22T10:56:00,2025-02-22T11:34:00
CMP_202603974,TYP_03,Part-Time Job Scam,707551.29,Odisha,District-68,2025-02-02T14:32:00,2025-02-02T20:32:00,2025-02-02T21:07:00
CMP_202603975,TYP_04,Investment / Crypto Scam,377780.58,Karnataka,District-61,2025-04-26T13:53:00,2025-04-26T22:53:00,2025-04-26T22:59:00
CMP_202603976,TYP_06,Marketplace / OLX Fraud,22955.86,Maharashtra,District-32,2025-02-15T13:32:00,2025-02-15T20:32:00,2025-02-15T21:16:00
CMP_202603977,TYP_02,Fake Loan App,14624.24,Karnataka,District-42,2025-03-09T14:44:00,2025-03-09T15:44:00,2025-03-09T16:28:00
CMP_202603978,TYP_04,Investment / Crypto Scam,144186.29,Madhya Pradesh,District-53,2025-04-22T14:52:00,2025-04-22T21:52:00,2025-04-22T22:40:00
CMP_202603979,TYP_05,Sextortion,21222.28,Uttar Pradesh,Mathura,2025-01-24T12:21:00,2025-01-25T18:21:00,2025-01-25T19:18:00
CMP_202603980,TYP_02,Fake Loan App,5365.98,Odisha,District-27,2025-01-05T14:39:00,2025-01-05T15:39:00,2025-01-05T16:11:00
CMP_202603981,TYP_02,Fake Loan App,9865.91,Andhra Pradesh,District-67,2025-04-16T18:34:00,2025-04-17T00:34:00,2025-04-17T00:51:00
CMP_202603982,TYP_01,OTP / KYC Fraud,4443.47,Uttar Pradesh,District-33,2025-06-09T10:09:00,2025-06-09T15:09:00,2025-06-09T15:59:00
CMP_202603983,TYP_01,OTP / KYC Fraud,7686.45,Jharkhand,District-72,2025-05-18T11:43:00,2025-05-18T16:43:00,2025-05-18T17:34:00
CMP_202603984,TYP_02,Fake Loan App,5071.61,Karnataka,District-42,2025-01-16T11:13:00,2025-01-16T17:13:00,2025-01-16T17:53:00
CMP_202603985,TYP_01,OTP / KYC Fraud,24877.32,Telangana,Hyderabad,2025-06-09T05:18:00,2025-06-09T14:18:00,2025-06-09T14:45:00
CMP_202603986,TYP_02,Fake Loan App,27310.09,Delhi,South Delhi,2025-02-04T16:49:00,2025-02-05T00:49:00,2025-02-05T01:23:00
CMP_202603987,TYP_02,Fake Loan App,41814.99,Jharkhand,Jamtara,2025-06-04T20:20:00,2025-06-05T03:20:00,2025-06-05T03:59:00
CMP_202603988,TYP_02,Fake Loan App,5891.86,Punjab,District-25,2025-03-31T11:35:00,2025-03-31T14:35:00,2025-03-31T15:02:00
CMP_202603989,TYP_02,Fake Loan App,4196.85,Uttar Pradesh,Gorakhpur,2025-05-15T15:58:00,2025-05-15T22:58:00,2025-05-15T23:55:00
CMP_202603990,TYP_02,Fake Loan App,29229.84,Gujarat,District-50,2025-02-13T13:15:00,2025-02-13T19:15:00,2025-02-13T19:56:00
CMP_202603991,TYP_02,Fake Loan App,9432.78,Madhya Pradesh,District-69,2025-06-19T14:46:00,2025-06-19T20:46:00,2025-06-19T21:42:00
CMP_202603992,TYP_02,Fake Loan App,26729.65,Odisha,District-27,2025-03-31T13:54:00,2025-04-01T09:54:00,2025-04-01T10:52:00
CMP_202603993,TYP_02,Fake Loan App,26377.23,Madhya Pradesh,District-40,2025-01-24T14:15:00,2025-01-25T07:15:00,2025-01-25T07:49:00
CMP_202603994,TYP_06,Marketplace / OLX Fraud,16004.91,Chhattisgarh,District-71,2025-01-16T12:03:00,2025-01-16T23:03:00,2025-01-16T23:58:00
CMP_202603995,TYP_02,Fake Loan App,29203.42,Gujarat,District-70,2025-03-20T20:50:00,2025-03-23T05:50:00,2025-03-23T06:46:00
CMP_202603996,TYP_03,Part-Time Job Scam,72149.15,Kerala,District-65,2025-05-27T07:57:00,2025-05-27T11:57:00,2025-05-27T12:46:00
CMP_202603997,TYP_05,Sextortion,29945.37,Odisha,District-22,2025-03-28T11:02:00,2025-03-28T22:02:00,2025-03-28T22:43:00
CMP_202603998,TYP_03,Part-Time Job Scam,137365.71,Madhya Pradesh,District-41,2025-05-01T10:01:00,2025-05-04T11:01:00,2025-05-04T11:42:00
CMP_202603999,TYP_05,Sextortion,70476.01,Madhya Pradesh,District-53,2025-06-21T20:44:00,2025-06-22T06:44:00,2025-06-22T07:40:00
CMP_202604000,TYP_02,Fake Loan App,6697.3,Maharashtra,District-47,2025-02-13T19:14:00,2025-02-14T00:14:00,2025-02-14T00:39:00
CMP_202604001,TYP_02,Fake Loan App,10723.43,Haryana,Mewat,2025-03-25T13:19:00,2025-03-27T06:19:00,2025-03-27T06:24:00
CMP_202604002,TYP_02,Fake Loan App,33611.18,Odisha,District-27,2025-03-18T17:33:00,2025-03-18T20:33:00,2025-03-18T21:25:00
CMP_202604003,TYP_05,Sextortion,9531.93,Madhya Pradesh,District-60,2025-02-10T13:38:00,2025-02-10T22:38:00,2025-02-10T23:07:00
CMP_202604004,TYP_06,Marketplace / OLX Fraud,7556.94,Telangana,Hyderabad,2025-03-10T16:02:00,2025-03-12T18:02:00,2025-03-12T18:33:00
CMP_202604005,TYP_05,Sextortion,63800.35,Haryana,Gurugram,2025-03-04T15:08:00,2025-03-04T16:08:00,2025-03-04T16:37:00
CMP_202604006,TYP_04,Investment / Crypto Scam,867690.41,Uttar Pradesh,District-33,2025-02-19T15:44:00,2025-02-19T16:44:00,2025-02-19T17:38:00
CMP_202604007,TYP_02,Fake Loan App,47960.91,Maharashtra,Mumbai,2025-04-16T23:28:00,2025-04-17T02:28:00,2025-04-17T02:33:00
CMP_202604008,TYP_02,Fake Loan App,27899.15,Maharashtra,District-30,2025-02-13T09:26:00,2025-02-14T16:26:00,2025-02-14T17:20:00
CMP_202604009,TYP_05,Sextortion,314611.16,Uttar Pradesh,Mathura,2025-01-09T04:16:00,2025-01-10T02:16:00,2025-01-10T02:22:00
CMP_202604010,TYP_02,Fake Loan App,16510.51,Maharashtra,District-30,2025-05-17T16:36:00,2025-05-18T12:36:00,2025-05-18T13:16:00
CMP_202604011,TYP_06,Marketplace / OLX Fraud,4248.83,Andhra Pradesh,District-64,2025-06-14T14:14:00,2025-06-14T16:14:00,2025-06-14T16:39:00
CMP_202604012,TYP_06,Marketplace / OLX Fraud,6229.66,Assam,District-21,2025-04-24T13:59:00,2025-04-25T14:59:00,2025-04-25T15:26:00
CMP_202604013,TYP_03,Part-Time Job Scam,104791.96,Telangana,Hyderabad,2025-06-24T15:58:00,2025-06-26T02:58:00,2025-06-26T03:03:00
CMP_202604014,TYP_06,Marketplace / OLX Fraud,11586.23,Maharashtra,District-30,2025-01-09T12:56:00,2025-01-09T16:56:00,2025-01-09T17:16:00
CMP_202604015,TYP_05,Sextortion,17278.02,Madhya Pradesh,District-60,2025-01-18T08:34:00,2025-01-18T17:34:00,2025-01-18T17:43:00
CMP_202604016,TYP_03,Part-Time Job Scam,89721.0,Karnataka,District-61,2025-05-04T05:15:00,2025-05-04T12:15:00,2025-05-04T13:10:00
CMP_202604017,TYP_04,Investment / Crypto Scam,336251.16,Gujarat,Ahmedabad,2025-03-30T15:47:00,2025-04-03T18:47:00,2025-04-03T19:00:00
CMP_202604018,TYP_02,Fake Loan App,26506.59,West Bengal,Siliguri,2025-06-19T16:20:00,2025-06-19T22:20:00,2025-06-19T22:51:00
CMP_202604019,TYP_01,OTP / KYC Fraud,56956.75,West Bengal,District-55,2025-06-20T12:47:00,2025-06-21T14:47:00,2025-06-21T15:16:00
CMP_202604020,TYP_05,Sextortion,26940.3,Odisha,District-73,2025-04-25T16:26:00,2025-04-25T20:26:00,2025-04-25T21:04:00
CMP_202604021,TYP_03,Part-Time Job Scam,92933.64,Bihar,District-38,2025-05-25T13:56:00,2025-05-27T20:56:00,2025-05-27T21:53:00
CMP_202604022,TYP_02,Fake Loan App,30419.09,Maharashtra,Mumbai,2025-06-25T15:42:00,2025-06-26T03:42:00,2025-06-26T04:17:00
CMP_202604023,TYP_03,Part-Time Job Scam,218604.76,Andhra Pradesh,District-26,2025-05-26T14:49:00,2025-05-26T18:49:00,2025-05-26T19:34:00
CMP_202604024,TYP_02,Fake Loan App,2906.16,Andhra Pradesh,District-26,2025-05-24T13:16:00,2025-05-24T17:16:00,2025-05-24T17:37:00
CMP_202604025,TYP_02,Fake Loan App,8152.98,West Bengal,Kolkata,2025-06-22T16:24:00,2025-06-22T23:24:00,2025-06-22T23:56:00
CMP_202604026,TYP_06,Marketplace / OLX Fraud,4581.04,Jharkhand,District-72,2025-02-26T16:16:00,2025-02-27T02:16:00,2025-02-27T02:54:00
CMP_202604027,TYP_06,Marketplace / OLX Fraud,6774.86,Maharashtra,District-30,2025-02-07T17:27:00,2025-02-07T18:27:00,2025-02-07T19:13:00
CMP_202604028,TYP_04,Investment / Crypto Scam,315104.24,Andhra Pradesh,District-67,2025-06-11T16:09:00,2025-06-11T21:09:00,2025-06-11T22:06:00
CMP_202604029,TYP_05,Sextortion,12234.67,Madhya Pradesh,District-41,2025-01-30T15:04:00,2025-01-31T05:04:00,2025-01-31T05:36:00
CMP_202604030,TYP_03,Part-Time Job Scam,348034.23,Tamil Nadu,District-49,2025-03-28T17:32:00,2025-03-28T19:32:00,2025-03-28T20:12:00
CMP_202604031,TYP_02,Fake Loan App,9967.88,Uttar Pradesh,District-43,2025-02-08T14:02:00,2025-02-08T15:02:00,2025-02-08T15:53:00
CMP_202604032,TYP_02,Fake Loan App,27377.59,Madhya Pradesh,District-60,2025-06-24T07:38:00,2025-06-24T14:38:00,2025-06-24T14:47:00
CMP_202604033,TYP_06,Marketplace / OLX Fraud,4418.81,Punjab,Amritsar,2025-06-02T22:39:00,2025-06-03T11:39:00,2025-06-03T11:49:00
CMP_202604034,TYP_06,Marketplace / OLX Fraud,28578.82,Maharashtra,District-47,2025-03-07T09:22:00,2025-03-07T10:22:00,2025-03-07T11:12:00
CMP_202604035,TYP_05,Sextortion,23662.03,Haryana,Gurugram,2025-02-07T19:11:00,2025-02-08T01:11:00,2025-02-08T01:16:00
CMP_202604036,TYP_05,Sextortion,75234.64,Andhra Pradesh,District-58,2025-02-16T11:54:00,2025-02-16T12:54:00,2025-02-16T13:42:00
CMP_202604037,TYP_03,Part-Time Job Scam,220351.62,Uttar Pradesh,District-33,2025-01-27T08:16:00,2025-01-27T15:16:00,2025-01-27T15:36:00
CMP_202604038,TYP_05,Sextortion,39991.36,Gujarat,District-70,2025-01-08T13:18:00,2025-01-08T18:18:00,2025-01-08T18:43:00
CMP_202604039,TYP_06,Marketplace / OLX Fraud,4515.27,Bihar,Purnia,2025-05-06T13:10:00,2025-05-07T02:10:00,2025-05-07T03:05:00
CMP_202604040,TYP_02,Fake Loan App,11177.92,West Bengal,Siliguri,2025-06-30T09:08:00,2025-06-30T11:08:00,2025-06-30T11:13:00
CMP_202604041,TYP_02,Fake Loan App,38993.94,Gujarat,District-24,2025-06-16T13:37:00,2025-06-16T16:37:00,2025-06-16T16:59:00
CMP_202604042,TYP_01,OTP / KYC Fraud,6946.64,Maharashtra,Mumbai,2025-01-13T13:32:00,2025-01-13T21:32:00,2025-01-13T22:12:00
CMP_202604043,TYP_02,Fake Loan App,3315.09,Assam,District-21,2025-03-26T19:00:00,2025-03-26T21:00:00,2025-03-26T21:27:00
CMP_202604044,TYP_05,Sextortion,3443.49,Maharashtra,Pune,2025-03-10T13:54:00,2025-03-10T14:54:00,2025-03-10T15:51:00
CMP_202604045,TYP_02,Fake Loan App,9153.68,West Bengal,District-66,2025-01-09T09:32:00,2025-01-11T10:32:00,2025-01-11T11:32:00
CMP_202604046,TYP_04,Investment / Crypto Scam,852289.58,Maharashtra,District-30,2025-02-04T13:05:00,2025-02-05T02:05:00,2025-02-05T02:52:00
CMP_202604047,TYP_06,Marketplace / OLX Fraud,7191.88,Karnataka,District-61,2025-01-10T18:22:00,2025-01-11T01:22:00,2025-01-11T01:28:00
CMP_202604048,TYP_03,Part-Time Job Scam,36686.26,Kerala,District-48,2025-05-11T12:52:00,2025-05-11T21:52:00,2025-05-11T22:52:00
CMP_202604049,TYP_06,Marketplace / OLX Fraud,4696.84,Uttar Pradesh,Gorakhpur,2025-04-07T11:56:00,2025-04-07T14:56:00,2025-04-07T15:30:00
CMP_202604050,TYP_04,Investment / Crypto Scam,358969.87,Andhra Pradesh,District-58,2025-02-13T15:52:00,2025-02-13T17:52:00,2025-02-13T18:01:00
CMP_202604051,TYP_06,Marketplace / OLX Fraud,4161.72,Rajasthan,District-62,2025-02-15T14:17:00,2025-02-15T18:17:00,2025-02-15T19:11:00
CMP_202604052,TYP_01,OTP / KYC Fraud,88858.87,Chhattisgarh,District-71,2025-02-08T09:21:00,2025-02-09T03:21:00,2025-02-09T04:09:00
CMP_202604053,TYP_03,Part-Time Job Scam,30933.23,Jharkhand,Deoghar,2025-04-11T12:36:00,2025-04-11T18:36:00,2025-04-11T18:54:00
CMP_202604054,TYP_02,Fake Loan App,3965.77,Kerala,District-59,2025-02-27T16:18:00,2025-02-27T21:18:00,2025-02-27T22:08:00
CMP_202604055,TYP_05,Sextortion,18525.58,Jharkhand,District-72,2025-03-15T19:44:00,2025-03-15T22:44:00,2025-03-15T23:08:00
CMP_202604056,TYP_06,Marketplace / OLX Fraud,22606.66,Madhya Pradesh,District-60,2025-03-20T09:17:00,2025-03-21T10:17:00,2025-03-21T11:00:00
CMP_202604057,TYP_06,Marketplace / OLX Fraud,12389.79,Chhattisgarh,District-57,2025-04-07T14:32:00,2025-04-08T02:32:00,2025-04-08T02:42:00
CMP_202604058,TYP_04,Investment / Crypto Scam,1143305.86,Madhya Pradesh,District-40,2025-06-02T16:03:00,2025-06-02T23:03:00,2025-06-03T00:02:00
CMP_202604059,TYP_04,Investment / Crypto Scam,483714.28,Odisha,District-68,2025-06-19T16:00:00,2025-06-20T01:00:00,2025-06-20T02:00:00
CMP_202604060,TYP_04,Investment / Crypto Scam,405888.61,Haryana,District-63,2025-02-05T16:37:00,2025-02-05T18:37:00,2025-02-05T19:20:00
CMP_202604061,TYP_06,Marketplace / OLX Fraud,7360.69,Maharashtra,District-47,2025-05-11T07:51:00,2025-05-11T11:51:00,2025-05-11T12:17:00
CMP_202604062,TYP_03,Part-Time Job Scam,55168.41,Uttar Pradesh,District-33,2025-01-11T14:22:00,2025-01-15T10:22:00,2025-01-15T10:44:00
CMP_202604063,TYP_04,Investment / Crypto Scam,307610.03,West Bengal,Kolkata,2025-04-24T20:24:00,2025-04-25T07:24:00,2025-04-25T08:21:00
CMP_202604064,TYP_06,Marketplace / OLX Fraud,2160.24,Uttar Pradesh,Gorakhpur,2025-03-13T01:17:00,2025-03-14T16:17:00,2025-03-14T16:30:00
CMP_202604065,TYP_03,Part-Time Job Scam,75332.08,Maharashtra,District-32,2025-06-26T09:26:00,2025-06-26T11:26:00,2025-06-26T12:06:00
CMP_202604066,TYP_03,Part-Time Job Scam,1015502.04,Maharashtra,District-30,2025-03-25T11:46:00,2025-03-25T12:46:00,2025-03-25T13:11:00
CMP_202604067,TYP_01,OTP / KYC Fraud,7362.97,Karnataka,Bengaluru Urban,2025-01-30T16:41:00,2025-01-30T23:41:00,2025-01-30T23:52:00
CMP_202604068,TYP_05,Sextortion,77059.09,Maharashtra,Pune,2025-03-16T19:38:00,2025-03-17T12:38:00,2025-03-17T13:24:00
CMP_202604069,TYP_03,Part-Time Job Scam,361405.87,Karnataka,Bengaluru Urban,2025-03-06T14:02:00,2025-03-06T23:02:00,2025-03-06T23:18:00
CMP_202604070,TYP_03,Part-Time Job Scam,361016.33,Chhattisgarh,District-71,2025-05-11T15:41:00,2025-05-11T16:41:00,2025-05-11T17:35:00
CMP_202604071,TYP_02,Fake Loan App,42293.47,Jharkhand,Jamtara,2025-04-16T13:44:00,2025-04-16T14:44:00,2025-04-16T15:31:00
CMP_202604072,TYP_05,Sextortion,17278.53,Haryana,District-29,2025-06-20T14:45:00,2025-06-20T20:45:00,2025-06-20T21:37:00
CMP_202604073,TYP_06,Marketplace / OLX Fraud,5523.08,Telangana,District-39,2025-05-10T08:53:00,2025-05-11T00:53:00,2025-05-11T01:18:00
CMP_202604074,TYP_02,Fake Loan App,36802.09,Karnataka,District-42,2025-03-17T17:44:00,2025-03-18T02:44:00,2025-03-18T03:21:00
CMP_202604075,TYP_03,Part-Time Job Scam,399543.76,Madhya Pradesh,District-53,2025-05-18T16:12:00,2025-05-19T01:12:00,2025-05-19T02:06:00
CMP_202604076,TYP_02,Fake Loan App,14029.6,Karnataka,District-23,2025-06-17T09:15:00,2025-06-17T12:15:00,2025-06-17T13:11:00
CMP_202604077,TYP_04,Investment / Crypto Scam,189458.6,Uttar Pradesh,District-43,2025-05-16T14:37:00,2025-05-16T19:37:00,2025-05-16T20:22:00
CMP_202604078,TYP_06,Marketplace / OLX Fraud,15280.38,Maharashtra,District-32,2025-04-08T11:41:00,2025-04-08T21:41:00,2025-04-08T22:15:00
CMP_202604079,TYP_06,Marketplace / OLX Fraud,17014.18,Karnataka,Bengaluru Urban,2025-02-23T20:44:00,2025-02-24T05:44:00,2025-02-24T06:32:00
CMP_202604080,TYP_05,Sextortion,25142.26,Chhattisgarh,District-71,2025-01-05T12:00:00,2025-01-06T09:00:00,2025-01-06T09:15:00
CMP_202604081,TYP_03,Part-Time Job Scam,42185.72,Odisha,District-22,2025-01-22T13:19:00,2025-01-22T20:19:00,2025-01-22T21:00:00
CMP_202604082,TYP_01,OTP / KYC Fraud,65354.18,Rajasthan,Alwar,2025-01-12T19:37:00,2025-01-12T21:37:00,2025-01-12T22:16:00
CMP_202604083,TYP_06,Marketplace / OLX Fraud,14893.39,Rajasthan,Alwar,2025-05-12T17:53:00,2025-05-13T00:53:00,2025-05-13T01:47:00
CMP_202604084,TYP_05,Sextortion,43585.6,Andhra Pradesh,District-64,2025-04-11T08:15:00,2025-04-11T14:15:00,2025-04-11T14:36:00
CMP_202604085,TYP_01,OTP / KYC Fraud,19558.16,Uttar Pradesh,District-43,2025-03-08T10:09:00,2025-03-08T11:09:00,2025-03-08T11:34:00
CMP_202604086,TYP_03,Part-Time Job Scam,203657.07,Karnataka,District-23,2025-01-26T21:52:00,2025-01-27T02:52:00,2025-01-27T03:37:00
CMP_202604087,TYP_02,Fake Loan App,13312.12,Andhra Pradesh,District-44,2025-01-03T06:03:00,2025-01-03T11:03:00,2025-01-03T12:02:00
CMP_202604088,TYP_03,Part-Time Job Scam,91433.7,West Bengal,District-66,2025-03-01T16:27:00,2025-03-01T21:27:00,2025-03-01T21:58:00
CMP_202604089,TYP_05,Sextortion,27743.18,Assam,District-28,2025-05-31T11:21:00,2025-05-31T14:21:00,2025-05-31T14:38:00
CMP_202604090,TYP_05,Sextortion,112841.99,Uttar Pradesh,Mathura,2025-03-28T14:38:00,2025-03-28T19:38:00,2025-03-28T20:28:00
CMP_202604091,TYP_02,Fake Loan App,3014.47,West Bengal,Siliguri,2025-01-09T17:14:00,2025-01-09T21:14:00,2025-01-09T21:44:00
CMP_202604092,TYP_04,Investment / Crypto Scam,268336.05,Uttar Pradesh,District-37,2025-03-16T16:50:00,2025-03-17T10:50:00,2025-03-17T11:47:00
CMP_202604093,TYP_02,Fake Loan App,14240.04,Karnataka,Bengaluru Urban,2025-01-02T14:31:00,2025-01-02T16:31:00,2025-01-02T17:12:00
CMP_202604094,TYP_03,Part-Time Job Scam,53730.92,Madhya Pradesh,District-40,2025-05-28T10:48:00,2025-05-28T19:48:00,2025-05-28T20:29:00
CMP_202604095,TYP_02,Fake Loan App,42265.58,Uttar Pradesh,Mathura,2025-02-05T13:43:00,2025-02-05T23:43:00,2025-02-05T23:52:00
CMP_202604096,TYP_04,Investment / Crypto Scam,208923.96,West Bengal,Siliguri,2025-06-12T16:35:00,2025-06-12T22:35:00,2025-06-12T22:51:00
CMP_202604097,TYP_06,Marketplace / OLX Fraud,5588.67,Haryana,District-29,2025-06-08T05:35:00,2025-06-08T07:35:00,2025-06-08T08:16:00
CMP_202604098,TYP_02,Fake Loan App,19634.86,Haryana,District-63,2025-01-29T16:05:00,2025-01-30T03:05:00,2025-01-30T03:27:00
CMP_202604099,TYP_02,Fake Loan App,16304.15,Gujarat,Ahmedabad,2025-03-26T12:22:00,2025-03-26T19:22:00,2025-03-26T19:55:00
CMP_202604100,TYP_04,Investment / Crypto Scam,1489224.97,Punjab,District-36,2025-03-12T13:00:00,2025-03-12T20:00:00,2025-03-12T20:22:00
CMP_202604101,TYP_02,Fake Loan App,16071.22,West Bengal,District-66,2025-03-17T05:08:00,2025-03-17T11:08:00,2025-03-17T12:03:00
CMP_202604102,TYP_02,Fake Loan App,20414.82,Gujarat,District-24,2025-01-22T14:56:00,2025-01-22T18:56:00,2025-01-22T19:12:00
CMP_202604103,TYP_05,Sextortion,41868.79,Chhattisgarh,District-71,2025-04-26T12:40:00,2025-04-26T14:40:00,2025-04-26T15:30:00
CMP_202604104,TYP_02,Fake Loan App,95317.05,Punjab,District-36,2025-05-17T11:43:00,2025-05-18T13:43:00,2025-05-18T14:00:00
CMP_202604105,TYP_03,Part-Time Job Scam,125338.9,Haryana,District-63,2025-03-13T08:51:00,2025-03-13T13:51:00,2025-03-13T14:28:00
CMP_202604106,TYP_03,Part-Time Job Scam,162087.31,Rajasthan,Alwar,2025-05-19T15:11:00,2025-05-19T22:11:00,2025-05-19T22:45:00
CMP_202604107,TYP_03,Part-Time Job Scam,20072.69,Punjab,District-25,2025-06-15T17:06:00,2025-06-16T20:06:00,2025-06-16T20:41:00
CMP_202604108,TYP_01,OTP / KYC Fraud,175484.15,Uttar Pradesh,District-43,2025-04-30T14:46:00,2025-04-30T20:46:00,2025-04-30T21:35:00
CMP_202604109,TYP_03,Part-Time Job Scam,96699.88,Punjab,District-36,2025-02-15T12:09:00,2025-02-15T21:09:00,2025-02-15T21:21:00
CMP_202604110,TYP_02,Fake Loan App,5415.76,Haryana,District-75,2025-06-18T11:57:00,2025-06-18T17:57:00,2025-06-18T18:33:00
CMP_202604111,TYP_06,Marketplace / OLX Fraud,3642.81,Kerala,District-65,2025-06-05T12:15:00,2025-06-06T01:15:00,2025-06-06T01:39:00
CMP_202604112,TYP_05,Sextortion,37999.06,Uttar Pradesh,District-37,2025-04-04T08:04:00,2025-04-04T20:04:00,2025-04-04T20:37:00
CMP_202604113,TYP_02,Fake Loan App,19036.99,Kerala,District-65,2025-05-30T15:16:00,2025-05-30T17:16:00,2025-05-30T17:57:00
CMP_202604114,TYP_02,Fake Loan App,7377.52,Karnataka,District-56,2025-06-21T14:00:00,2025-06-21T22:00:00,2025-06-21T22:33:00
CMP_202604115,TYP_05,Sextortion,15169.53,Tamil Nadu,District-49,2025-05-09T12:53:00,2025-05-10T09:53:00,2025-05-10T10:43:00
CMP_202604116,TYP_03,Part-Time Job Scam,87587.74,Uttar Pradesh,District-43,2025-05-04T13:56:00,2025-05-04T18:56:00,2025-05-04T19:10:00
CMP_202604117,TYP_05,Sextortion,46533.11,Assam,District-28,2025-01-02T16:47:00,2025-01-03T18:47:00,2025-01-03T19:20:00
CMP_202604118,TYP_05,Sextortion,49997.62,Odisha,District-73,2025-01-17T13:39:00,2025-01-17T15:39:00,2025-01-17T16:25:00
CMP_202604119,TYP_05,Sextortion,19668.7,Haryana,District-75,2025-04-27T08:00:00,2025-04-29T02:00:00,2025-04-29T02:58:00
CMP_202604120,TYP_06,Marketplace / OLX Fraud,13959.16,Haryana,District-75,2025-02-26T22:09:00,2025-02-27T02:09:00,2025-02-27T02:46:00
CMP_202604121,TYP_01,OTP / KYC Fraud,5196.64,Haryana,District-63,2025-03-28T13:08:00,2025-03-28T18:08:00,2025-03-28T18:34:00
CMP_202604122,TYP_01,OTP / KYC Fraud,30913.59,Uttar Pradesh,District-43,2025-05-26T06:35:00,2025-05-26T15:35:00,2025-05-26T15:50:00
CMP_202604123,TYP_01,OTP / KYC Fraud,31468.22,Andhra Pradesh,District-44,2025-06-30T11:07:00,2025-07-01T11:07:00,2025-07-01T12:00:00
CMP_202604124,TYP_05,Sextortion,106022.55,Andhra Pradesh,District-58,2025-01-25T14:12:00,2025-01-26T04:12:00,2025-01-26T04:48:00
CMP_202604125,TYP_02,Fake Loan App,17267.75,Punjab,District-36,2025-06-09T18:31:00,2025-06-10T07:31:00,2025-06-10T07:38:00
CMP_202604126,TYP_03,Part-Time Job Scam,160838.01,Gujarat,Ahmedabad,2025-01-15T10:09:00,2025-01-15T12:09:00,2025-01-15T12:48:00
CMP_202604127,TYP_03,Part-Time Job Scam,118259.22,Karnataka,District-61,2025-05-17T12:35:00,2025-05-17T15:35:00,2025-05-17T15:48:00
CMP_202604128,TYP_01,OTP / KYC Fraud,21338.43,Telangana,District-39,2025-01-13T11:53:00,2025-01-14T16:53:00,2025-01-14T17:31:00
CMP_202604129,TYP_05,Sextortion,46838.52,Punjab,District-25,2025-02-06T11:47:00,2025-02-06T12:47:00,2025-02-06T12:52:00
CMP_202604130,TYP_02,Fake Loan App,10291.51,Chhattisgarh,District-57,2025-02-04T18:37:00,2025-02-06T17:37:00,2025-02-06T18:25:00
CMP_202604131,TYP_02,Fake Loan App,9246.65,Karnataka,District-74,2025-04-12T19:05:00,2025-04-14T03:05:00,2025-04-14T03:57:00
CMP_202604132,TYP_03,Part-Time Job Scam,74656.72,Gujarat,District-70,2025-01-29T15:35:00,2025-01-30T02:35:00,2025-01-30T03:12:00
CMP_202604133,TYP_02,Fake Loan App,13623.48,West Bengal,District-55,2025-02-22T19:13:00,2025-02-23T09:13:00,2025-02-23T09:20:00
CMP_202604134,TYP_03,Part-Time Job Scam,254808.53,Karnataka,District-74,2025-03-17T17:15:00,2025-03-18T05:15:00,2025-03-18T06:00:00
CMP_202604135,TYP_03,Part-Time Job Scam,49074.89,Karnataka,District-56,2025-06-02T15:23:00,2025-06-03T03:23:00,2025-06-03T03:58:00
CMP_202604136,TYP_02,Fake Loan App,29727.84,Madhya Pradesh,District-40,2025-01-08T20:53:00,2025-01-09T02:53:00,2025-01-09T03:24:00
CMP_202604137,TYP_04,Investment / Crypto Scam,109678.36,Uttar Pradesh,Gorakhpur,2025-01-20T12:59:00,2025-01-20T16:59:00,2025-01-20T17:19:00
CMP_202604138,TYP_02,Fake Loan App,5997.35,West Bengal,Siliguri,2025-06-15T08:49:00,2025-06-16T01:49:00,2025-06-16T02:42:00
CMP_202604139,TYP_06,Marketplace / OLX Fraud,4500.8,Uttar Pradesh,District-33,2025-06-08T12:22:00,2025-06-08T15:22:00,2025-06-08T15:28:00
CMP_202604140,TYP_05,Sextortion,91015.95,Andhra Pradesh,District-26,2025-04-11T13:42:00,2025-04-11T23:42:00,2025-04-12T00:04:00
CMP_202604141,TYP_03,Part-Time Job Scam,30128.09,West Bengal,District-35,2025-05-11T16:53:00,2025-05-12T12:53:00,2025-05-12T13:16:00
CMP_202604142,TYP_05,Sextortion,9110.22,Jharkhand,District-72,2025-06-27T10:21:00,2025-06-28T02:21:00,2025-06-28T02:31:00
CMP_202604143,TYP_06,Marketplace / OLX Fraud,12901.88,Madhya Pradesh,District-52,2025-05-18T12:06:00,2025-05-18T14:06:00,2025-05-18T14:46:00
CMP_202604144,TYP_02,Fake Loan App,31386.57,Punjab,District-36,2025-04-04T12:42:00,2025-04-04T14:42:00,2025-04-04T15:27:00
CMP_202604145,TYP_02,Fake Loan App,12804.8,Andhra Pradesh,District-26,2025-06-06T10:08:00,2025-06-06T19:08:00,2025-06-06T20:02:00
CMP_202604146,TYP_02,Fake Loan App,16096.06,Bihar,Purnia,2025-02-20T15:17:00,2025-02-20T21:17:00,2025-02-20T22:05:00
CMP_202604147,TYP_03,Part-Time Job Scam,331689.63,Haryana,Mewat,2025-05-12T13:22:00,2025-05-12T14:22:00,2025-05-12T14:29:00
CMP_202604148,TYP_01,OTP / KYC Fraud,36455.71,Bihar,District-38,2025-05-29T08:45:00,2025-05-29T10:45:00,2025-05-29T11:23:00
CMP_202604149,TYP_03,Part-Time Job Scam,68701.96,Assam,District-28,2025-01-31T07:47:00,2025-02-01T04:47:00,2025-02-01T05:10:00
CMP_202604150,TYP_02,Fake Loan App,7798.18,Tamil Nadu,District-49,2025-06-18T12:25:00,2025-06-18T14:25:00,2025-06-18T14:43:00
CMP_202604151,TYP_03,Part-Time Job Scam,63181.44,Haryana,District-63,2025-02-22T14:16:00,2025-02-22T20:16:00,2025-02-22T20:55:00
CMP_202604152,TYP_05,Sextortion,202872.07,Andhra Pradesh,District-64,2025-02-24T13:08:00,2025-02-24T16:08:00,2025-02-24T17:00:00
CMP_202604153,TYP_06,Marketplace / OLX Fraud,43873.42,Madhya Pradesh,District-69,2025-05-13T15:16:00,2025-05-14T15:16:00,2025-05-14T15:42:00
CMP_202604154,TYP_03,Part-Time Job Scam,28523.93,Uttar Pradesh,Mathura,2025-02-18T16:13:00,2025-02-18T19:13:00,2025-02-18T19:18:00
CMP_202604155,TYP_04,Investment / Crypto Scam,160921.61,Telangana,District-39,2025-05-19T17:23:00,2025-05-20T16:23:00,2025-05-20T17:19:00
CMP_202604156,TYP_05,Sextortion,29420.73,Karnataka,District-56,2025-03-18T15:05:00,2025-03-18T21:05:00,2025-03-18T21:39:00
CMP_202604157,TYP_01,OTP / KYC Fraud,40664.0,Madhya Pradesh,District-60,2025-05-26T15:47:00,2025-05-26T22:47:00,2025-05-26T23:37:00
CMP_202604158,TYP_03,Part-Time Job Scam,56849.57,Madhya Pradesh,District-52,2025-04-08T21:07:00,2025-04-09T00:07:00,2025-04-09T00:51:00
CMP_202604159,TYP_02,Fake Loan App,20932.84,Karnataka,District-34,2025-05-29T18:06:00,2025-05-30T01:06:00,2025-05-30T01:22:00
CMP_202604160,TYP_05,Sextortion,44015.56,Assam,District-28,2025-05-22T14:08:00,2025-05-22T18:08:00,2025-05-22T18:26:00
CMP_202604161,TYP_01,OTP / KYC Fraud,70394.04,Haryana,Mewat,2025-02-25T12:55:00,2025-02-26T07:55:00,2025-02-26T08:13:00
CMP_202604162,TYP_01,OTP / KYC Fraud,22027.43,Uttar Pradesh,Mathura,2025-06-09T16:07:00,2025-06-09T19:07:00,2025-06-09T19:21:00
CMP_202604163,TYP_02,Fake Loan App,7676.47,Karnataka,District-34,2025-05-19T13:45:00,2025-05-20T18:45:00,2025-05-20T19:09:00
CMP_202604164,TYP_03,Part-Time Job Scam,86724.46,Haryana,District-63,2025-03-04T07:32:00,2025-03-04T18:32:00,2025-03-04T18:52:00
CMP_202604165,TYP_01,OTP / KYC Fraud,22065.4,Rajasthan,District-46,2025-04-08T21:56:00,2025-04-08T23:56:00,2025-04-09T00:19:00
CMP_202604166,TYP_01,OTP / KYC Fraud,29147.08,Maharashtra,District-30,2025-06-30T11:40:00,2025-07-01T10:40:00,2025-07-01T11:37:00
CMP_202604167,TYP_02,Fake Loan App,16777.67,Tamil Nadu,Chennai,2025-01-04T19:32:00,2025-01-04T23:32:00,2025-01-05T00:07:00
CMP_202604168,TYP_04,Investment / Crypto Scam,1620362.62,Rajasthan,Bharatpur,2025-01-29T11:53:00,2025-01-29T13:53:00,2025-01-29T14:05:00
CMP_202604169,TYP_03,Part-Time Job Scam,75966.27,Rajasthan,District-46,2025-05-15T18:50:00,2025-05-15T20:50:00,2025-05-15T21:06:00
CMP_202604170,TYP_05,Sextortion,39029.82,Uttar Pradesh,Noida,2025-02-03T12:55:00,2025-02-03T17:55:00,2025-02-03T18:45:00
CMP_202604171,TYP_03,Part-Time Job Scam,92187.51,Andhra Pradesh,District-58,2025-01-24T13:53:00,2025-01-24T19:53:00,2025-01-24T20:39:00
CMP_202604172,TYP_05,Sextortion,25184.16,Karnataka,District-61,2025-03-31T16:44:00,2025-03-31T17:44:00,2025-03-31T18:29:00
CMP_202604173,TYP_06,Marketplace / OLX Fraud,13631.51,Karnataka,District-74,2025-05-24T08:34:00,2025-05-24T15:34:00,2025-05-24T15:42:00
CMP_202604174,TYP_02,Fake Loan App,21617.76,Rajasthan,Alwar,2025-04-06T11:38:00,2025-04-06T14:38:00,2025-04-06T14:54:00
CMP_202604175,TYP_04,Investment / Crypto Scam,1768143.58,Maharashtra,District-47,2025-04-07T21:38:00,2025-04-09T06:38:00,2025-04-09T07:11:00
CMP_202604176,TYP_01,OTP / KYC Fraud,21317.46,Haryana,Mewat,2025-03-04T21:13:00,2025-03-06T02:13:00,2025-03-06T02:20:00
CMP_202604177,TYP_06,Marketplace / OLX Fraud,18635.11,Jharkhand,Deoghar,2025-01-28T12:54:00,2025-01-29T09:54:00,2025-01-29T10:50:00
CMP_202604178,TYP_06,Marketplace / OLX Fraud,40933.74,Punjab,District-25,2025-04-03T17:55:00,2025-04-04T00:55:00,2025-04-04T01:19:00
CMP_202604179,TYP_01,OTP / KYC Fraud,11294.39,Rajasthan,Alwar,2025-05-25T10:04:00,2025-05-25T11:04:00,2025-05-25T12:02:00
CMP_202604180,TYP_02,Fake Loan App,8210.78,Telangana,District-39,2025-06-07T17:34:00,2025-06-08T01:34:00,2025-06-08T02:23:00
CMP_202604181,TYP_06,Marketplace / OLX Fraud,3023.46,Andhra Pradesh,District-58,2025-02-22T11:13:00,2025-02-22T18:13:00,2025-02-22T19:03:00
CMP_202604182,TYP_02,Fake Loan App,6202.06,West Bengal,Kolkata,2025-02-17T14:07:00,2025-02-17T16:07:00,2025-02-17T16:31:00
CMP_202604183,TYP_01,OTP / KYC Fraud,18740.71,Haryana,District-29,2025-06-28T15:53:00,2025-06-28T17:53:00,2025-06-28T18:26:00
CMP_202604184,TYP_05,Sextortion,27663.97,Andhra Pradesh,District-44,2025-01-26T15:12:00,2025-01-26T20:12:00,2025-01-26T20:59:00
CMP_202604185,TYP_06,Marketplace / OLX Fraud,6722.66,Madhya Pradesh,District-60,2025-02-16T13:55:00,2025-02-16T23:55:00,2025-02-17T00:21:00
CMP_202604186,TYP_05,Sextortion,133379.07,Andhra Pradesh,District-26,2025-02-20T06:53:00,2025-02-20T09:53:00,2025-02-20T10:48:00
CMP_202604187,TYP_05,Sextortion,21697.94,Uttar Pradesh,Mathura,2025-04-07T12:10:00,2025-04-08T11:10:00,2025-04-08T11:40:00
CMP_202604188,TYP_02,Fake Loan App,4352.05,Haryana,District-29,2025-06-17T20:50:00,2025-06-18T00:50:00,2025-06-18T01:44:00
CMP_202604189,TYP_05,Sextortion,25078.96,West Bengal,District-66,2025-06-20T15:10:00,2025-06-21T05:10:00,2025-06-21T06:05:00
CMP_202604190,TYP_03,Part-Time Job Scam,266943.55,Jharkhand,Jamtara,2025-03-30T20:46:00,2025-03-30T21:46:00,2025-03-30T22:42:00
CMP_202604191,TYP_02,Fake Loan App,50639.25,Andhra Pradesh,District-44,2025-04-26T14:28:00,2025-04-26T15:28:00,2025-04-26T15:41:00
CMP_202604192,TYP_03,Part-Time Job Scam,132680.6,Karnataka,District-74,2025-05-25T16:40:00,2025-05-25T18:40:00,2025-05-25T19:22:00
CMP_202604193,TYP_03,Part-Time Job Scam,286330.82,Odisha,District-68,2025-01-26T12:01:00,2025-01-26T18:01:00,2025-01-26T18:26:00
CMP_202604194,TYP_06,Marketplace / OLX Fraud,59219.27,Odisha,District-54,2025-03-21T21:47:00,2025-03-22T20:47:00,2025-03-22T21:09:00
CMP_202604195,TYP_02,Fake Loan App,22721.04,Madhya Pradesh,District-52,2025-01-14T19:24:00,2025-01-15T01:24:00,2025-01-15T01:40:00
CMP_202604196,TYP_02,Fake Loan App,7671.63,Tamil Nadu,District-49,2025-05-08T14:53:00,2025-05-08T16:53:00,2025-05-08T17:28:00
CMP_202604197,TYP_04,Investment / Crypto Scam,334947.71,Rajasthan,District-46,2025-05-20T15:41:00,2025-05-21T00:41:00,2025-05-21T00:55:00
CMP_202604198,TYP_04,Investment / Crypto Scam,1142632.12,Punjab,District-25,2025-04-14T17:20:00,2025-04-14T19:20:00,2025-04-14T19:55:00
CMP_202604199,TYP_05,Sextortion,81085.68,Maharashtra,District-30,2025-06-17T12:11:00,2025-06-17T15:11:00,2025-06-17T15:39:00
CMP_202604200,TYP_02,Fake Loan App,46764.77,Punjab,District-25,2025-03-06T21:48:00,2025-03-07T14:48:00,2025-03-07T14:59:00
CMP_202604201,TYP_03,Part-Time Job Scam,195060.04,Jharkhand,Jamtara,2025-05-27T08:45:00,2025-05-27T10:45:00,2025-05-27T11:16:00
CMP_202604202,TYP_03,Part-Time Job Scam,690587.54,Andhra Pradesh,District-26,2025-05-24T11:18:00,2025-05-24T17:18:00,2025-05-24T17:32:00
CMP_202604203,TYP_01,OTP / KYC Fraud,25259.18,Odisha,District-68,2025-01-04T12:06:00,2025-01-04T23:06:00,2025-01-04T23:22:00
CMP_202604204,TYP_02,Fake Loan App,12579.28,Maharashtra,District-30,2025-05-27T13:50:00,2025-05-27T16:50:00,2025-05-27T17:32:00
CMP_202604205,TYP_05,Sextortion,14410.75,Andhra Pradesh,District-26,2025-02-28T14:51:00,2025-03-01T04:51:00,2025-03-01T05:34:00
CMP_202604206,TYP_04,Investment / Crypto Scam,493430.04,Maharashtra,Pune,2025-04-16T17:44:00,2025-04-16T20:44:00,2025-04-16T21:36:00
CMP_202604207,TYP_03,Part-Time Job Scam,63146.36,Karnataka,District-42,2025-04-09T10:13:00,2025-04-09T12:13:00,2025-04-09T12:54:00
CMP_202604208,TYP_05,Sextortion,71953.39,Odisha,District-73,2025-02-05T05:46:00,2025-02-05T16:46:00,2025-02-05T16:53:00
CMP_202604209,TYP_05,Sextortion,24396.19,Kerala,District-48,2025-04-09T11:21:00,2025-04-09T14:21:00,2025-04-09T14:26:00
CMP_202604210,TYP_05,Sextortion,46758.9,Andhra Pradesh,District-44,2025-05-03T13:19:00,2025-05-03T19:19:00,2025-05-03T19:39:00
CMP_202604211,TYP_05,Sextortion,87618.42,Karnataka,District-23,2025-01-16T09:41:00,2025-01-18T04:41:00,2025-01-18T05:13:00
CMP_202604212,TYP_06,Marketplace / OLX Fraud,7599.12,Assam,District-28,2025-05-02T13:36:00,2025-05-02T17:36:00,2025-05-02T18:07:00
CMP_202604213,TYP_03,Part-Time Job Scam,105568.16,Chhattisgarh,District-57,2025-05-21T22:10:00,2025-05-22T07:10:00,2025-05-22T07:45:00
CMP_202604214,TYP_06,Marketplace / OLX Fraud,8829.56,Haryana,District-63,2025-03-06T04:14:00,2025-03-06T08:14:00,2025-03-06T08:48:00
CMP_202604215,TYP_04,Investment / Crypto Scam,259424.78,Karnataka,District-56,2025-03-28T06:41:00,2025-03-28T13:41:00,2025-03-28T14:18:00
CMP_202604216,TYP_03,Part-Time Job Scam,85147.03,Jharkhand,Jamtara,2025-04-09T12:09:00,2025-04-09T13:09:00,2025-04-09T13:56:00
CMP_202604217,TYP_02,Fake Loan App,6784.68,Kerala,District-48,2025-03-31T16:05:00,2025-03-31T22:05:00,2025-03-31T22:31:00
CMP_202604218,TYP_06,Marketplace / OLX Fraud,5575.46,Maharashtra,Mumbai,2025-02-11T13:35:00,2025-02-11T20:35:00,2025-02-11T21:19:00
CMP_202604219,TYP_02,Fake Loan App,28610.59,Uttar Pradesh,Noida,2025-01-29T10:51:00,2025-01-29T21:51:00,2025-01-29T22:42:00
CMP_202604220,TYP_05,Sextortion,40390.81,Haryana,Mewat,2025-03-31T13:28:00,2025-03-31T20:28:00,2025-03-31T20:34:00
CMP_202604221,TYP_02,Fake Loan App,16612.87,Karnataka,Bengaluru Urban,2025-05-10T08:20:00,2025-05-11T00:20:00,2025-05-11T00:45:00
CMP_202604222,TYP_04,Investment / Crypto Scam,764539.58,Rajasthan,District-62,2025-03-20T19:48:00,2025-03-20T23:48:00,2025-03-21T00:43:00
CMP_202604223,TYP_02,Fake Loan App,3807.24,Haryana,District-75,2025-05-05T11:07:00,2025-05-06T00:07:00,2025-05-06T00:59:00
CMP_202604224,TYP_05,Sextortion,268095.97,Jharkhand,District-72,2025-01-08T13:25:00,2025-01-09T05:25:00,2025-01-09T06:18:00
CMP_202604225,TYP_04,Investment / Crypto Scam,1397420.13,Karnataka,District-74,2025-02-22T00:45:00,2025-02-22T07:45:00,2025-02-22T08:43:00
CMP_202604226,TYP_05,Sextortion,24412.53,Assam,District-21,2025-01-13T23:01:00,2025-01-14T06:01:00,2025-01-14T06:11:00
CMP_202604227,TYP_06,Marketplace / OLX Fraud,24380.1,Madhya Pradesh,District-52,2025-05-31T14:26:00,2025-06-01T01:26:00,2025-06-01T02:14:00
CMP_202604228,TYP_06,Marketplace / OLX Fraud,12910.92,Madhya Pradesh,District-69,2025-01-30T14:59:00,2025-02-10T03:59:00,2025-02-10T04:59:00
CMP_202604229,TYP_04,Investment / Crypto Scam,531671.25,Haryana,Mewat,2025-05-27T12:00:00,2025-05-27T20:00:00,2025-05-27T20:37:00
CMP_202604230,TYP_03,Part-Time Job Scam,194496.46,Rajasthan,District-46,2025-01-23T14:23:00,2025-01-23T20:23:00,2025-01-23T21:01:00
CMP_202604231,TYP_04,Investment / Crypto Scam,1380047.23,Haryana,Gurugram,2025-02-17T10:49:00,2025-02-18T01:49:00,2025-02-18T02:41:00
CMP_202604232,TYP_06,Marketplace / OLX Fraud,10367.17,Rajasthan,Alwar,2025-06-14T13:04:00,2025-06-15T01:04:00,2025-06-15T01:26:00
CMP_202604233,TYP_05,Sextortion,93995.7,Madhya Pradesh,District-69,2025-03-28T07:05:00,2025-03-28T09:05:00,2025-03-28T09:31:00
CMP_202604234,TYP_02,Fake Loan App,19784.82,Odisha,District-68,2025-01-16T08:35:00,2025-01-18T12:35:00,2025-01-18T13:25:00
CMP_202604235,TYP_05,Sextortion,267742.9,Haryana,District-63,2025-02-10T11:58:00,2025-02-10T15:58:00,2025-02-10T16:06:00
CMP_202604236,TYP_03,Part-Time Job Scam,41194.97,Uttar Pradesh,District-33,2025-03-04T13:25:00,2025-03-04T16:25:00,2025-03-04T16:56:00
CMP_202604237,TYP_02,Fake Loan App,9782.1,Maharashtra,District-30,2025-03-25T14:27:00,2025-03-26T11:27:00,2025-03-26T11:48:00
CMP_202604238,TYP_05,Sextortion,24831.78,Maharashtra,Mumbai,2025-06-23T21:42:00,2025-06-24T06:42:00,2025-06-24T07:21:00
CMP_202604239,TYP_04,Investment / Crypto Scam,395044.66,West Bengal,District-35,2025-05-11T12:15:00,2025-05-11T18:15:00,2025-05-11T18:50:00
CMP_202604240,TYP_04,Investment / Crypto Scam,509887.42,Uttar Pradesh,District-37,2025-01-12T14:55:00,2025-01-12T22:55:00,2025-01-12T23:42:00
CMP_202604241,TYP_05,Sextortion,44878.7,Karnataka,Bengaluru Urban,2025-06-08T14:30:00,2025-06-08T19:30:00,2025-06-08T19:53:00
CMP_202604242,TYP_02,Fake Loan App,24129.26,Maharashtra,Mumbai,2025-01-27T13:14:00,2025-01-27T14:14:00,2025-01-27T14:52:00
CMP_202604243,TYP_05,Sextortion,95554.91,Odisha,District-54,2025-05-16T14:57:00,2025-05-16T20:57:00,2025-05-16T21:20:00
CMP_202604244,TYP_03,Part-Time Job Scam,431480.82,Punjab,District-25,2025-02-06T18:14:00,2025-02-06T22:14:00,2025-02-06T22:45:00
CMP_202604245,TYP_06,Marketplace / OLX Fraud,1611.48,West Bengal,District-35,2025-01-14T14:00:00,2025-01-14T17:00:00,2025-01-14T17:53:00
CMP_202604246,TYP_04,Investment / Crypto Scam,345372.02,Uttar Pradesh,Mathura,2025-01-18T15:48:00,2025-01-18T18:48:00,2025-01-18T18:59:00
CMP_202604247,TYP_04,Investment / Crypto Scam,94389.67,West Bengal,Kolkata,2025-03-31T14:23:00,2025-04-01T03:23:00,2025-04-01T04:15:00
CMP_202604248,TYP_06,Marketplace / OLX Fraud,17987.6,Kerala,District-59,2025-01-03T11:47:00,2025-01-03T12:47:00,2025-01-03T13:39:00
CMP_202604249,TYP_03,Part-Time Job Scam,114554.93,Maharashtra,District-47,2025-03-06T09:31:00,2025-03-06T18:31:00,2025-03-06T19:18:00
CMP_202604250,TYP_03,Part-Time Job Scam,44339.72,West Bengal,Siliguri,2025-06-28T08:07:00,2025-06-28T14:07:00,2025-06-28T15:06:00
CMP_202604251,TYP_05,Sextortion,19105.82,Karnataka,Bengaluru Urban,2025-05-30T11:36:00,2025-05-31T20:36:00,2025-05-31T20:41:00
CMP_202604252,TYP_06,Marketplace / OLX Fraud,39011.07,Telangana,District-39,2025-04-24T15:05:00,2025-04-25T21:05:00,2025-04-25T21:35:00
CMP_202604253,TYP_06,Marketplace / OLX Fraud,6416.64,Tamil Nadu,Chennai,2025-02-21T17:27:00,2025-02-21T18:27:00,2025-02-21T18:33:00
CMP_202604254,TYP_05,Sextortion,10813.81,Maharashtra,Mumbai,2025-02-03T15:44:00,2025-02-04T02:44:00,2025-02-04T03:14:00
CMP_202604255,TYP_05,Sextortion,43669.97,Rajasthan,District-62,2025-01-11T10:34:00,2025-01-11T13:34:00,2025-01-11T13:51:00
CMP_202604256,TYP_01,OTP / KYC Fraud,20382.92,Maharashtra,District-32,2025-06-16T16:35:00,2025-06-16T22:35:00,2025-06-16T22:45:00
CMP_202604257,TYP_06,Marketplace / OLX Fraud,108856.35,Chhattisgarh,District-57,2025-02-05T11:54:00,2025-02-06T00:54:00,2025-02-06T01:17:00
CMP_202604258,TYP_05,Sextortion,29129.13,Rajasthan,District-62,2025-01-08T14:08:00,2025-01-10T16:08:00,2025-01-10T16:48:00
CMP_202604259,TYP_01,OTP / KYC Fraud,16291.58,Rajasthan,Bharatpur,2025-02-05T13:15:00,2025-02-05T15:15:00,2025-02-05T15:23:00
CMP_202604260,TYP_02,Fake Loan App,12076.53,Odisha,District-22,2025-03-10T18:49:00,2025-03-16T08:49:00,2025-03-16T08:54:00
CMP_202604261,TYP_06,Marketplace / OLX Fraud,30665.51,Gujarat,District-50,2025-05-07T10:04:00,2025-05-07T11:04:00,2025-05-07T11:50:00
CMP_202604262,TYP_04,Investment / Crypto Scam,2437863.98,Rajasthan,District-62,2025-01-09T08:38:00,2025-01-09T23:38:00,2025-01-10T00:04:00
CMP_202604263,TYP_03,Part-Time Job Scam,31785.09,Madhya Pradesh,District-60,2025-01-23T11:23:00,2025-01-23T17:23:00,2025-01-23T18:05:00
CMP_202604264,TYP_01,OTP / KYC Fraud,19068.15,West Bengal,Siliguri,2025-03-29T12:03:00,2025-03-30T02:03:00,2025-03-30T02:24:00
CMP_202604265,TYP_02,Fake Loan App,13853.66,Gujarat,District-50,2025-03-03T13:46:00,2025-03-03T20:46:00,2025-03-03T20:51:00
CMP_202604266,TYP_04,Investment / Crypto Scam,568015.76,Jharkhand,District-72,2025-05-13T12:29:00,2025-05-14T09:29:00,2025-05-14T09:50:00
CMP_202604267,TYP_02,Fake Loan App,11429.89,Karnataka,District-74,2025-02-04T17:25:00,2025-02-05T10:25:00,2025-02-05T10:43:00
CMP_202604268,TYP_02,Fake Loan App,15674.89,Rajasthan,District-46,2025-03-23T14:37:00,2025-03-23T16:37:00,2025-03-23T17:23:00
CMP_202604269,TYP_02,Fake Loan App,11218.62,Maharashtra,Pune,2025-06-27T12:35:00,2025-06-30T10:35:00,2025-06-30T11:15:00
CMP_202604270,TYP_02,Fake Loan App,9422.63,Maharashtra,Mumbai,2025-05-22T17:45:00,2025-05-23T03:45:00,2025-05-23T04:01:00
CMP_202604271,TYP_05,Sextortion,22035.42,Tamil Nadu,District-49,2025-04-26T12:02:00,2025-04-27T05:02:00,2025-04-27T05:14:00
CMP_202604272,TYP_03,Part-Time Job Scam,19017.84,Haryana,Gurugram,2025-03-13T12:18:00,2025-03-13T23:18:00,2025-03-13T23:30:00
CMP_202604273,TYP_03,Part-Time Job Scam,353304.99,Odisha,District-73,2025-05-11T15:49:00,2025-05-11T17:49:00,2025-05-11T18:15:00
CMP_202604274,TYP_05,Sextortion,64260.7,Assam,District-21,2025-01-21T18:35:00,2025-01-21T20:35:00,2025-01-21T21:31:00
CMP_202604275,TYP_02,Fake Loan App,13795.18,Uttar Pradesh,District-37,2025-06-30T10:50:00,2025-07-01T05:50:00,2025-07-01T06:17:00
CMP_202604276,TYP_03,Part-Time Job Scam,141525.68,Telangana,District-39,2025-04-11T12:26:00,2025-04-11T13:26:00,2025-04-11T13:59:00
CMP_202604277,TYP_05,Sextortion,20681.7,West Bengal,District-66,2025-05-04T14:16:00,2025-05-04T21:16:00,2025-05-04T21:32:00
CMP_202604278,TYP_04,Investment / Crypto Scam,796388.29,Uttar Pradesh,District-43,2025-05-13T09:29:00,2025-05-13T23:29:00,2025-05-14T00:10:00
CMP_202604279,TYP_05,Sextortion,12917.09,Maharashtra,District-32,2025-03-14T13:27:00,2025-03-14T20:27:00,2025-03-14T21:07:00
CMP_202604280,TYP_03,Part-Time Job Scam,860141.51,Gujarat,District-24,2025-06-04T18:50:00,2025-06-04T21:50:00,2025-06-04T22:06:00
CMP_202604281,TYP_01,OTP / KYC Fraud,10695.03,Chhattisgarh,District-71,2025-04-21T16:38:00,2025-04-21T21:38:00,2025-04-21T21:44:00
CMP_202604282,TYP_06,Marketplace / OLX Fraud,4493.55,West Bengal,District-35,2025-03-16T11:26:00,2025-03-16T16:26:00,2025-03-16T17:23:00
CMP_202604283,TYP_06,Marketplace / OLX Fraud,2745.59,Madhya Pradesh,District-53,2025-03-29T17:09:00,2025-03-29T19:09:00,2025-03-29T19:45:00
CMP_202604284,TYP_01,OTP / KYC Fraud,41421.81,Maharashtra,Pune,2025-01-14T14:05:00,2025-01-14T20:05:00,2025-01-14T20:41:00
CMP_202604285,TYP_04,Investment / Crypto Scam,948228.74,West Bengal,Kolkata,2025-01-09T21:50:00,2025-01-09T22:50:00,2025-01-09T23:46:00
CMP_202604286,TYP_05,Sextortion,49426.64,Uttar Pradesh,Noida,2025-02-04T17:20:00,2025-02-04T23:20:00,2025-02-04T23:45:00
CMP_202604287,TYP_02,Fake Loan App,33845.92,Kerala,District-59,2025-05-28T19:18:00,2025-05-29T08:18:00,2025-05-29T08:39:00
CMP_202604288,TYP_03,Part-Time Job Scam,159059.29,Jharkhand,District-45,2025-01-10T10:13:00,2025-01-11T06:13:00,2025-01-11T06:24:00
CMP_202604289,TYP_03,Part-Time Job Scam,212795.85,Odisha,District-68,2025-04-12T03:25:00,2025-04-12T09:25:00,2025-04-12T10:23:00
CMP_202604290,TYP_06,Marketplace / OLX Fraud,20668.49,Odisha,District-68,2025-05-29T11:51:00,2025-05-29T20:51:00,2025-05-29T21:18:00
CMP_202604291,TYP_06,Marketplace / OLX Fraud,20383.37,Uttar Pradesh,Mathura,2025-04-17T20:47:00,2025-04-19T02:47:00,2025-04-19T03:21:00
CMP_202604292,TYP_05,Sextortion,52597.09,Madhya Pradesh,District-40,2025-06-07T07:43:00,2025-06-07T13:43:00,2025-06-07T14:22:00
CMP_202604293,TYP_05,Sextortion,129500.37,Chhattisgarh,District-71,2025-03-18T10:29:00,2025-03-19T08:29:00,2025-03-19T09:00:00
CMP_202604294,TYP_02,Fake Loan App,82463.17,Andhra Pradesh,District-26,2025-03-20T20:24:00,2025-03-21T10:24:00,2025-03-21T11:24:00
CMP_202604295,TYP_02,Fake Loan App,20682.92,Odisha,District-27,2025-05-05T10:34:00,2025-05-05T22:34:00,2025-05-05T23:06:00
CMP_202604296,TYP_02,Fake Loan App,11116.86,Uttar Pradesh,Noida,2025-04-28T09:36:00,2025-04-28T14:36:00,2025-04-28T15:17:00
CMP_202604297,TYP_05,Sextortion,10824.52,Maharashtra,District-32,2025-05-23T17:10:00,2025-05-23T20:10:00,2025-05-23T20:32:00
CMP_202604298,TYP_02,Fake Loan App,3685.78,Karnataka,District-61,2025-02-24T08:05:00,2025-02-24T09:05:00,2025-02-24T09:31:00
CMP_202604299,TYP_03,Part-Time Job Scam,76444.1,Punjab,Amritsar,2025-06-01T13:53:00,2025-06-01T19:53:00,2025-06-01T20:04:00
CMP_202604300,TYP_02,Fake Loan App,10548.92,Odisha,District-68,2025-02-23T17:18:00,2025-02-23T21:18:00,2025-02-23T21:38:00
CMP_202604301,TYP_02,Fake Loan App,13092.55,Andhra Pradesh,District-26,2025-05-07T10:08:00,2025-05-07T14:08:00,2025-05-07T14:32:00
CMP_202604302,TYP_02,Fake Loan App,12122.28,Maharashtra,District-47,2025-04-17T17:15:00,2025-04-17T22:15:00,2025-04-17T22:49:00
CMP_202604303,TYP_06,Marketplace / OLX Fraud,11841.14,Punjab,District-25,2025-06-12T12:58:00,2025-06-14T01:58:00,2025-06-14T02:45:00
CMP_202604304,TYP_03,Part-Time Job Scam,323326.61,Maharashtra,Pune,2025-04-27T19:28:00,2025-04-27T21:28:00,2025-04-27T22:22:00
CMP_202604305,TYP_03,Part-Time Job Scam,187286.75,Madhya Pradesh,District-41,2025-06-15T14:50:00,2025-06-17T04:50:00,2025-06-17T05:26:00
CMP_202604306,TYP_01,OTP / KYC Fraud,131149.15,Karnataka,District-61,2025-03-16T13:07:00,2025-03-17T00:07:00,2025-03-17T00:25:00
CMP_202604307,TYP_03,Part-Time Job Scam,84898.45,Uttar Pradesh,Noida,2025-02-03T11:17:00,2025-02-03T16:17:00,2025-02-03T16:53:00
CMP_202604308,TYP_05,Sextortion,53925.76,Haryana,District-29,2025-01-22T05:05:00,2025-01-22T12:05:00,2025-01-22T12:20:00
CMP_202604309,TYP_06,Marketplace / OLX Fraud,7107.22,Andhra Pradesh,District-58,2025-05-11T11:34:00,2025-05-11T16:34:00,2025-05-11T17:26:00
CMP_202604310,TYP_02,Fake Loan App,7609.83,Odisha,District-73,2025-03-06T08:56:00,2025-03-08T06:56:00,2025-03-08T07:54:00
CMP_202604311,TYP_03,Part-Time Job Scam,34022.04,Karnataka,District-34,2025-05-21T01:53:00,2025-05-21T22:53:00,2025-05-21T23:40:00
CMP_202604312,TYP_05,Sextortion,147087.05,Rajasthan,Bharatpur,2025-01-07T15:32:00,2025-01-09T23:32:00,2025-01-10T00:24:00
CMP_202604313,TYP_02,Fake Loan App,52397.0,Kerala,District-65,2025-05-12T15:23:00,2025-05-13T00:23:00,2025-05-13T01:09:00
CMP_202604314,TYP_04,Investment / Crypto Scam,484070.29,West Bengal,Kolkata,2025-06-02T09:34:00,2025-06-02T10:34:00,2025-06-02T11:08:00
CMP_202604315,TYP_02,Fake Loan App,8406.03,Chhattisgarh,District-71,2025-01-01T19:37:00,2025-01-02T21:37:00,2025-01-02T22:06:00
CMP_202604316,TYP_06,Marketplace / OLX Fraud,32148.96,Bihar,District-38,2025-04-06T20:40:00,2025-04-06T22:40:00,2025-04-06T23:29:00
CMP_202604317,TYP_02,Fake Loan App,9200.47,Rajasthan,District-46,2025-02-24T05:51:00,2025-02-24T13:51:00,2025-02-24T14:32:00
CMP_202604318,TYP_02,Fake Loan App,13553.9,Andhra Pradesh,District-64,2025-02-24T15:53:00,2025-02-25T15:53:00,2025-02-25T16:25:00
CMP_202604319,TYP_02,Fake Loan App,16964.86,Haryana,District-75,2025-01-07T14:56:00,2025-01-07T17:56:00,2025-01-07T18:04:00
CMP_202604320,TYP_02,Fake Loan App,14945.13,Punjab,Amritsar,2025-05-24T12:22:00,2025-05-24T20:22:00,2025-05-24T20:49:00
CMP_202604321,TYP_04,Investment / Crypto Scam,865225.55,Gujarat,District-70,2025-03-28T09:20:00,2025-03-28T19:20:00,2025-03-28T20:08:00
CMP_202604322,TYP_05,Sextortion,50940.01,Andhra Pradesh,District-26,2025-01-14T22:10:00,2025-01-15T08:10:00,2025-01-15T08:29:00
CMP_202604323,TYP_02,Fake Loan App,17378.17,Rajasthan,Bharatpur,2025-06-14T11:21:00,2025-06-14T22:21:00,2025-06-14T22:29:00
CMP_202604324,TYP_02,Fake Loan App,10494.39,Andhra Pradesh,District-26,2025-03-23T11:30:00,2025-03-24T03:30:00,2025-03-24T03:37:00
CMP_202604325,TYP_04,Investment / Crypto Scam,1418594.53,Jharkhand,District-45,2025-01-26T08:22:00,2025-01-26T15:22:00,2025-01-26T15:35:00
CMP_202604326,TYP_05,Sextortion,73804.67,West Bengal,District-35,2025-06-03T13:45:00,2025-06-03T14:45:00,2025-06-03T15:37:00
CMP_202604327,TYP_03,Part-Time Job Scam,92196.64,Odisha,District-22,2025-01-31T10:46:00,2025-02-01T01:46:00,2025-02-01T02:33:00
CMP_202604328,TYP_05,Sextortion,89251.36,Rajasthan,District-62,2025-01-01T14:27:00,2025-01-01T16:27:00,2025-01-01T17:14:00
CMP_202604329,TYP_02,Fake Loan App,11596.55,Jharkhand,Deoghar,2025-02-05T22:13:00,2025-02-06T21:13:00,2025-02-06T22:11:00
CMP_202604330,TYP_02,Fake Loan App,20713.65,West Bengal,Kolkata,2025-02-09T20:10:00,2025-02-10T04:10:00,2025-02-10T05:03:00
CMP_202604331,TYP_05,Sextortion,37664.13,Madhya Pradesh,District-69,2025-03-08T13:11:00,2025-03-08T15:11:00,2025-03-08T16:01:00
CMP_202604332,TYP_05,Sextortion,13256.23,Assam,District-21,2025-03-07T10:40:00,2025-03-07T14:40:00,2025-03-07T15:29:00
CMP_202604333,TYP_02,Fake Loan App,21080.5,Odisha,District-54,2025-02-28T14:45:00,2025-03-02T01:45:00,2025-03-02T02:03:00
CMP_202604334,TYP_01,OTP / KYC Fraud,18441.97,Uttar Pradesh,Noida,2025-05-07T19:55:00,2025-05-08T10:55:00,2025-05-08T11:09:00
CMP_202604335,TYP_01,OTP / KYC Fraud,16194.67,Uttar Pradesh,Mathura,2025-06-27T13:54:00,2025-06-28T19:54:00,2025-06-28T20:43:00
CMP_202604336,TYP_02,Fake Loan App,6157.72,Maharashtra,Pune,2025-01-20T21:27:00,2025-01-21T09:27:00,2025-01-21T10:03:00
CMP_202604337,TYP_01,OTP / KYC Fraud,8499.53,Kerala,District-48,2025-05-14T11:39:00,2025-05-14T18:39:00,2025-05-14T19:02:00
CMP_202604338,TYP_05,Sextortion,81512.1,Andhra Pradesh,District-44,2025-06-01T15:26:00,2025-06-01T23:26:00,2025-06-02T00:03:00
CMP_202604339,TYP_06,Marketplace / OLX Fraud,16264.97,Andhra Pradesh,District-44,2025-06-17T12:54:00,2025-06-17T15:54:00,2025-06-17T16:20:00
CMP_202604340,TYP_06,Marketplace / OLX Fraud,27333.64,Rajasthan,District-46,2025-01-07T12:30:00,2025-01-08T10:30:00,2025-01-08T10:58:00
CMP_202604341,TYP_03,Part-Time Job Scam,244503.94,Uttar Pradesh,Noida,2025-04-30T12:36:00,2025-05-01T00:36:00,2025-05-01T01:03:00
CMP_202604342,TYP_04,Investment / Crypto Scam,752891.84,Bihar,Purnia,2025-03-28T15:49:00,2025-03-29T09:49:00,2025-03-29T10:14:00
CMP_202604343,TYP_05,Sextortion,43781.87,Jharkhand,District-45,2025-01-30T20:59:00,2025-01-30T23:59:00,2025-01-31T00:21:00
CMP_202604344,TYP_02,Fake Loan App,58453.07,Madhya Pradesh,District-60,2025-04-04T09:57:00,2025-04-05T02:57:00,2025-04-05T03:27:00
CMP_202604345,TYP_02,Fake Loan App,5397.12,West Bengal,District-55,2025-06-16T12:31:00,2025-06-16T19:31:00,2025-06-16T19:53:00
CMP_202604346,TYP_03,Part-Time Job Scam,213579.85,Odisha,District-73,2025-04-09T19:02:00,2025-04-10T01:02:00,2025-04-10T01:57:00
CMP_202604347,TYP_06,Marketplace / OLX Fraud,1819.44,Jharkhand,District-72,2025-04-23T12:37:00,2025-04-24T03:37:00,2025-04-24T04:19:00
CMP_202604348,TYP_03,Part-Time Job Scam,273546.42,Delhi,South Delhi,2025-06-10T14:50:00,2025-06-10T21:50:00,2025-06-10T22:40:00
CMP_202604349,TYP_03,Part-Time Job Scam,237878.12,Andhra Pradesh,District-26,2025-06-23T21:37:00,2025-06-24T00:37:00,2025-06-24T01:16:00
CMP_202604350,TYP_02,Fake Loan App,8970.11,Haryana,District-29,2025-02-11T08:30:00,2025-02-11T10:30:00,2025-02-11T11:06:00
CMP_202604351,TYP_01,OTP / KYC Fraud,13441.19,Madhya Pradesh,District-60,2025-01-24T15:58:00,2025-01-24T19:58:00,2025-01-24T20:37:00
CMP_202604352,TYP_02,Fake Loan App,5936.83,West Bengal,District-35,2025-06-02T11:41:00,2025-06-03T10:41:00,2025-06-03T11:16:00
CMP_202604353,TYP_02,Fake Loan App,20317.02,Odisha,District-73,2025-05-23T18:16:00,2025-05-23T23:16:00,2025-05-23T23:42:00
CMP_202604354,TYP_02,Fake Loan App,10036.96,Maharashtra,Mumbai,2025-01-27T16:53:00,2025-01-27T20:53:00,2025-01-27T21:31:00
CMP_202604355,TYP_06,Marketplace / OLX Fraud,4312.7,Andhra Pradesh,District-64,2025-01-04T17:09:00,2025-01-08T16:09:00,2025-01-08T16:52:00
CMP_202604356,TYP_02,Fake Loan App,13265.64,Karnataka,District-74,2025-03-07T14:22:00,2025-03-07T23:22:00,2025-03-07T23:48:00
CMP_202604357,TYP_02,Fake Loan App,7357.81,Uttar Pradesh,District-37,2025-03-12T11:24:00,2025-03-12T22:24:00,2025-03-12T22:51:00
CMP_202604358,TYP_02,Fake Loan App,20675.76,Uttar Pradesh,District-37,2025-02-04T09:43:00,2025-02-04T11:43:00,2025-02-04T12:02:00
CMP_202604359,TYP_04,Investment / Crypto Scam,162145.11,Andhra Pradesh,District-26,2025-05-04T11:45:00,2025-05-04T15:45:00,2025-05-04T16:16:00
CMP_202604360,TYP_02,Fake Loan App,6398.62,Punjab,District-36,2025-02-20T11:30:00,2025-02-20T16:30:00,2025-02-20T16:50:00
CMP_202604361,TYP_06,Marketplace / OLX Fraud,23815.51,Punjab,District-36,2025-05-06T13:27:00,2025-05-06T16:27:00,2025-05-06T17:12:00
CMP_202604362,TYP_03,Part-Time Job Scam,165929.34,Punjab,District-25,2025-04-14T16:58:00,2025-04-14T17:58:00,2025-04-14T18:08:00
CMP_202604363,TYP_03,Part-Time Job Scam,218524.18,West Bengal,District-66,2025-05-19T16:55:00,2025-05-19T23:55:00,2025-05-20T00:43:00
CMP_202604364,TYP_01,OTP / KYC Fraud,28059.38,Uttar Pradesh,District-33,2025-06-11T06:35:00,2025-06-11T07:35:00,2025-06-11T08:32:00
CMP_202604365,TYP_02,Fake Loan App,19124.22,Karnataka,District-34,2025-04-02T09:39:00,2025-04-03T11:39:00,2025-04-03T12:25:00
CMP_202604366,TYP_05,Sextortion,37537.93,Haryana,Gurugram,2025-05-14T13:29:00,2025-05-14T20:29:00,2025-05-14T20:45:00
CMP_202604367,TYP_06,Marketplace / OLX Fraud,1561.55,Maharashtra,District-47,2025-01-08T14:54:00,2025-01-09T22:54:00,2025-01-09T23:47:00
CMP_202604368,TYP_06,Marketplace / OLX Fraud,26172.04,Punjab,District-36,2025-01-21T19:04:00,2025-01-21T20:04:00,2025-01-21T20:34:00
CMP_202604369,TYP_05,Sextortion,22911.71,Rajasthan,Bharatpur,2025-04-27T10:49:00,2025-04-27T12:49:00,2025-04-27T13:23:00
CMP_202604370,TYP_06,Marketplace / OLX Fraud,10112.73,Kerala,District-59,2025-02-18T11:36:00,2025-02-18T22:36:00,2025-02-18T23:02:00
CMP_202604371,TYP_02,Fake Loan App,4373.3,Punjab,District-25,2025-05-15T12:14:00,2025-05-15T20:14:00,2025-05-15T21:14:00
CMP_202604372,TYP_03,Part-Time Job Scam,435581.77,Madhya Pradesh,District-41,2025-06-23T13:37:00,2025-06-23T14:37:00,2025-06-23T14:49:00
CMP_202604373,TYP_06,Marketplace / OLX Fraud,20222.36,Assam,District-21,2025-03-03T12:56:00,2025-03-03T15:56:00,2025-03-03T16:49:00
CMP_202604374,TYP_02,Fake Loan App,19191.21,Tamil Nadu,District-49,2025-02-03T10:10:00,2025-02-03T23:10:00,2025-02-03T23:48:00
CMP_202604375,TYP_05,Sextortion,15317.13,Jharkhand,District-72,2025-01-04T16:12:00,2025-01-04T23:12:00,2025-01-04T23:23:00
CMP_202604376,TYP_06,Marketplace / OLX Fraud,12963.98,Karnataka,District-23,2025-04-17T11:57:00,2025-04-17T15:57:00,2025-04-17T16:22:00
CMP_202604377,TYP_06,Marketplace / OLX Fraud,17934.5,Karnataka,District-51,2025-04-09T02:29:00,2025-04-09T19:29:00,2025-04-09T20:24:00
CMP_202604378,TYP_06,Marketplace / OLX Fraud,72819.78,Jharkhand,Jamtara,2025-03-21T14:27:00,2025-03-21T18:27:00,2025-03-21T18:47:00
CMP_202604379,TYP_05,Sextortion,81768.49,Odisha,District-68,2025-06-19T16:25:00,2025-06-19T22:25:00,2025-06-19T22:51:00
CMP_202604380,TYP_02,Fake Loan App,11569.39,West Bengal,Siliguri,2025-02-21T15:33:00,2025-02-21T20:33:00,2025-02-21T21:27:00
CMP_202604381,TYP_05,Sextortion,69115.76,Gujarat,District-31,2025-02-05T19:08:00,2025-02-06T14:08:00,2025-02-06T14:36:00
CMP_202604382,TYP_03,Part-Time Job Scam,119572.17,Andhra Pradesh,District-64,2025-05-30T14:40:00,2025-05-30T21:40:00,2025-05-30T22:22:00
CMP_202604383,TYP_02,Fake Loan App,20502.53,Maharashtra,District-30,2025-01-02T14:41:00,2025-01-03T02:41:00,2025-01-03T03:23:00
CMP_202604384,TYP_04,Investment / Crypto Scam,254515.01,Uttar Pradesh,District-37,2025-04-12T10:47:00,2025-04-12T15:47:00,2025-04-12T16:38:00
CMP_202604385,TYP_05,Sextortion,96476.24,West Bengal,District-55,2025-06-10T13:54:00,2025-06-10T18:54:00,2025-06-10T19:39:00
CMP_202604386,TYP_02,Fake Loan App,76037.6,Jharkhand,Deoghar,2025-01-31T16:49:00,2025-01-31T19:49:00,2025-01-31T20:08:00
CMP_202604387,TYP_02,Fake Loan App,13570.33,Madhya Pradesh,District-53,2025-02-12T12:40:00,2025-02-13T05:40:00,2025-02-13T06:05:00
CMP_202604388,TYP_02,Fake Loan App,57660.4,Odisha,District-27,2025-04-30T15:06:00,2025-04-30T22:06:00,2025-04-30T22:55:00
CMP_202604389,TYP_02,Fake Loan App,20989.85,Rajasthan,District-62,2025-05-01T13:31:00,2025-05-02T04:31:00,2025-05-02T04:43:00
CMP_202604390,TYP_02,Fake Loan App,47521.29,Rajasthan,District-46,2025-06-19T12:52:00,2025-06-20T05:52:00,2025-06-20T06:26:00
CMP_202604391,TYP_05,Sextortion,37151.48,Haryana,District-63,2025-04-21T19:31:00,2025-04-21T22:31:00,2025-04-21T22:51:00
CMP_202604392,TYP_06,Marketplace / OLX Fraud,6402.35,Andhra Pradesh,District-67,2025-05-13T11:24:00,2025-05-13T18:24:00,2025-05-13T19:10:00
CMP_202604393,TYP_02,Fake Loan App,22186.46,Uttar Pradesh,Gorakhpur,2025-04-24T17:53:00,2025-04-24T20:53:00,2025-04-24T21:31:00
CMP_202604394,TYP_02,Fake Loan App,5820.92,Odisha,District-27,2025-01-27T19:31:00,2025-01-27T23:31:00,2025-01-27T23:47:00
CMP_202604395,TYP_02,Fake Loan App,23566.96,Maharashtra,Mumbai,2025-01-20T19:11:00,2025-01-21T06:11:00,2025-01-21T06:32:00
CMP_202604396,TYP_02,Fake Loan App,12753.7,Telangana,District-39,2025-02-18T20:54:00,2025-02-19T03:54:00,2025-02-19T04:36:00
CMP_202604397,TYP_02,Fake Loan App,43127.72,Karnataka,District-34,2025-05-16T17:23:00,2025-05-17T04:23:00,2025-05-17T05:00:00
CMP_202604398,TYP_03,Part-Time Job Scam,987488.74,Maharashtra,Pune,2025-06-08T17:05:00,2025-06-08T22:05:00,2025-06-08T22:18:00
CMP_202604399,TYP_02,Fake Loan App,13111.65,Andhra Pradesh,District-44,2025-01-16T08:08:00,2025-01-16T09:08:00,2025-01-16T10:01:00
CMP_202604400,TYP_02,Fake Loan App,88128.83,Karnataka,District-74,2025-06-08T13:10:00,2025-06-08T18:10:00,2025-06-08T18:45:00
CMP_202604401,TYP_05,Sextortion,74193.49,Karnataka,District-56,2025-03-18T14:42:00,2025-03-20T08:42:00,2025-03-20T09:20:00
CMP_202604402,TYP_05,Sextortion,64733.9,Tamil Nadu,Chennai,2025-03-29T19:56:00,2025-03-30T05:56:00,2025-03-30T06:14:00
CMP_202604403,TYP_05,Sextortion,69426.36,Rajasthan,District-62,2025-01-22T19:37:00,2025-01-23T10:37:00,2025-01-23T11:01:00
CMP_202604404,TYP_05,Sextortion,30889.17,Maharashtra,Mumbai,2025-01-27T15:42:00,2025-01-27T19:42:00,2025-01-27T19:49:00
CMP_202604405,TYP_03,Part-Time Job Scam,134733.72,Odisha,District-27,2025-02-10T15:58:00,2025-02-10T16:58:00,2025-02-10T17:14:00
CMP_202604406,TYP_03,Part-Time Job Scam,102236.61,Kerala,District-48,2025-05-03T09:05:00,2025-05-03T12:05:00,2025-05-03T12:15:00
CMP_202604407,TYP_05,Sextortion,67527.52,Tamil Nadu,District-49,2025-03-22T18:37:00,2025-03-23T00:37:00,2025-03-23T01:11:00
CMP_202604408,TYP_02,Fake Loan App,32445.63,Rajasthan,Bharatpur,2025-06-22T15:57:00,2025-06-22T22:57:00,2025-06-22T23:09:00
CMP_202604409,TYP_03,Part-Time Job Scam,76373.44,Uttar Pradesh,Gorakhpur,2025-04-08T16:03:00,2025-04-08T22:03:00,2025-04-08T22:55:00
CMP_202604410,TYP_02,Fake Loan App,17840.91,Haryana,District-75,2025-04-20T16:38:00,2025-04-20T20:38:00,2025-04-20T20:50:00
CMP_202604411,TYP_05,Sextortion,13189.1,West Bengal,District-35,2025-03-27T15:12:00,2025-03-27T20:12:00,2025-03-27T20:51:00
CMP_202604412,TYP_01,OTP / KYC Fraud,30715.35,Karnataka,District-42,2025-03-05T13:35:00,2025-03-05T15:35:00,2025-03-05T15:44:00
CMP_202604413,TYP_06,Marketplace / OLX Fraud,33962.44,Chhattisgarh,District-57,2025-06-04T07:22:00,2025-06-04T09:22:00,2025-06-04T10:20:00
CMP_202604414,TYP_03,Part-Time Job Scam,95316.54,Chhattisgarh,District-71,2025-03-22T17:56:00,2025-03-23T22:56:00,2025-03-23T23:38:00
CMP_202604415,TYP_05,Sextortion,47804.88,Haryana,Gurugram,2025-05-12T12:14:00,2025-05-13T07:14:00,2025-05-13T07:30:00
CMP_202604416,TYP_01,OTP / KYC Fraud,26323.2,Madhya Pradesh,District-40,2025-03-25T10:11:00,2025-03-25T13:11:00,2025-03-25T14:10:00
CMP_202604417,TYP_05,Sextortion,42254.83,Assam,District-28,2025-03-25T10:46:00,2025-03-25T17:46:00,2025-03-25T17:52:00
CMP_202604418,TYP_03,Part-Time Job Scam,253457.83,Karnataka,District-51,2025-05-11T21:12:00,2025-05-12T11:12:00,2025-05-12T11:22:00
CMP_202604419,TYP_05,Sextortion,28903.89,Karnataka,District-56,2025-03-01T14:35:00,2025-03-01T17:35:00,2025-03-01T18:03:00
CMP_202604420,TYP_02,Fake Loan App,7986.47,West Bengal,District-66,2025-06-05T09:52:00,2025-06-05T16:52:00,2025-06-05T17:02:00
CMP_202604421,TYP_03,Part-Time Job Scam,387521.44,Odisha,District-22,2025-06-25T16:45:00,2025-06-26T06:45:00,2025-06-26T07:28:00
CMP_202604422,TYP_02,Fake Loan App,5034.59,Odisha,District-22,2025-02-07T16:29:00,2025-02-07T17:29:00,2025-02-07T18:11:00
CMP_202604423,TYP_06,Marketplace / OLX Fraud,6738.87,Madhya Pradesh,District-60,2025-01-15T05:39:00,2025-01-15T23:39:00,2025-01-16T00:37:00
CMP_202604424,TYP_02,Fake Loan App,16801.36,Delhi,South Delhi,2025-01-29T07:35:00,2025-01-29T15:35:00,2025-01-29T16:30:00
CMP_202604425,TYP_03,Part-Time Job Scam,56875.93,Maharashtra,Mumbai,2025-04-17T11:12:00,2025-04-17T16:12:00,2025-04-17T16:38:00
CMP_202604426,TYP_03,Part-Time Job Scam,262946.35,Rajasthan,District-62,2025-02-03T13:54:00,2025-02-03T21:54:00,2025-02-03T22:40:00
CMP_202604427,TYP_04,Investment / Crypto Scam,403338.91,Jharkhand,Deoghar,2025-05-01T14:11:00,2025-05-01T19:11:00,2025-05-01T19:26:00
CMP_202604428,TYP_06,Marketplace / OLX Fraud,6871.13,Jharkhand,District-45,2025-06-05T09:12:00,2025-06-06T06:12:00,2025-06-06T06:50:00
CMP_202604429,TYP_05,Sextortion,45751.95,Uttar Pradesh,Noida,2025-04-13T12:33:00,2025-04-13T22:33:00,2025-04-13T23:06:00
CMP_202604430,TYP_03,Part-Time Job Scam,121808.88,Karnataka,District-23,2025-06-29T10:59:00,2025-06-29T11:59:00,2025-06-29T12:32:00
CMP_202604431,TYP_02,Fake Loan App,30953.79,Haryana,District-63,2025-02-27T00:46:00,2025-02-27T13:46:00,2025-02-27T13:51:00
CMP_202604432,TYP_02,Fake Loan App,5198.48,Bihar,District-38,2025-04-15T10:54:00,2025-04-15T15:54:00,2025-04-15T16:30:00
CMP_202604433,TYP_03,Part-Time Job Scam,169608.24,Chhattisgarh,District-57,2025-01-10T14:31:00,2025-01-10T15:31:00,2025-01-10T15:48:00
CMP_202604434,TYP_05,Sextortion,122578.92,West Bengal,District-66,2025-02-02T22:18:00,2025-02-03T00:18:00,2025-02-03T00:23:00
CMP_202604435,TYP_05,Sextortion,30263.04,Andhra Pradesh,District-26,2025-03-27T10:59:00,2025-03-27T15:59:00,2025-03-27T16:53:00
CMP_202604436,TYP_02,Fake Loan App,18221.1,Haryana,District-75,2025-05-08T20:49:00,2025-05-09T14:49:00,2025-05-09T15:22:00
CMP_202604437,TYP_06,Marketplace / OLX Fraud,18353.46,Assam,District-21,2025-06-11T18:23:00,2025-06-12T12:23:00,2025-06-12T12:32:00
CMP_202604438,TYP_06,Marketplace / OLX Fraud,23277.64,Gujarat,District-70,2025-06-19T14:06:00,2025-06-19T23:06:00,2025-06-19T23:17:00
CMP_202604439,TYP_05,Sextortion,37293.09,Uttar Pradesh,District-33,2025-04-01T14:53:00,2025-04-02T03:53:00,2025-04-02T04:37:00
CMP_202604440,TYP_02,Fake Loan App,9973.6,Jharkhand,District-45,2025-05-21T17:58:00,2025-05-21T23:58:00,2025-05-22T00:30:00
CMP_202604441,TYP_03,Part-Time Job Scam,144049.75,Assam,District-28,2025-05-28T11:44:00,2025-05-28T21:44:00,2025-05-28T21:58:00
CMP_202604442,TYP_06,Marketplace / OLX Fraud,3019.59,Punjab,District-36,2025-01-02T10:27:00,2025-01-02T14:27:00,2025-01-02T14:47:00
CMP_202604443,TYP_06,Marketplace / OLX Fraud,17383.47,Jharkhand,District-72,2025-02-18T11:03:00,2025-02-18T18:03:00,2025-02-18T18:55:00
CMP_202604444,TYP_02,Fake Loan App,21770.64,Gujarat,Ahmedabad,2025-05-05T14:24:00,2025-05-06T18:24:00,2025-05-06T18:54:00
CMP_202604445,TYP_05,Sextortion,24248.22,Madhya Pradesh,District-52,2025-02-01T23:58:00,2025-02-02T16:58:00,2025-02-02T17:28:00
CMP_202604446,TYP_04,Investment / Crypto Scam,144493.56,Tamil Nadu,District-49,2025-05-21T17:59:00,2025-05-21T20:59:00,2025-05-21T21:13:00
CMP_202604447,TYP_06,Marketplace / OLX Fraud,14761.02,Maharashtra,District-30,2025-03-15T16:46:00,2025-03-15T21:46:00,2025-03-15T22:18:00
CMP_202604448,TYP_02,Fake Loan App,43760.98,Andhra Pradesh,District-67,2025-06-02T11:28:00,2025-06-04T02:28:00,2025-06-04T03:13:00
CMP_202604449,TYP_01,OTP / KYC Fraud,83199.8,Madhya Pradesh,District-41,2025-01-05T14:31:00,2025-01-06T05:31:00,2025-01-06T06:26:00
CMP_202604450,TYP_06,Marketplace / OLX Fraud,2376.26,Telangana,District-39,2025-05-26T09:33:00,2025-05-26T11:33:00,2025-05-26T11:53:00
CMP_202604451,TYP_03,Part-Time Job Scam,340097.56,Kerala,District-65,2025-01-17T13:54:00,2025-01-17T22:54:00,2025-01-17T23:08:00
CMP_202604452,TYP_03,Part-Time Job Scam,68770.37,Karnataka,District-56,2025-04-19T11:19:00,2025-04-19T12:19:00,2025-04-19T12:24:00
CMP_202604453,TYP_01,OTP / KYC Fraud,5150.32,Haryana,District-29,2025-01-07T11:43:00,2025-01-07T12:43:00,2025-01-07T12:59:00
CMP_202604454,TYP_01,OTP / KYC Fraud,30960.39,Madhya Pradesh,District-40,2025-04-20T19:55:00,2025-04-21T00:55:00,2025-04-21T01:48:00
CMP_202604455,TYP_03,Part-Time Job Scam,47842.53,Jharkhand,District-45,2025-01-13T15:28:00,2025-01-17T01:28:00,2025-01-17T01:54:00
CMP_202604456,TYP_06,Marketplace / OLX Fraud,12526.0,Kerala,District-48,2025-03-02T21:09:00,2025-03-03T02:09:00,2025-03-03T02:40:00
CMP_202604457,TYP_02,Fake Loan App,9368.33,Tamil Nadu,District-49,2025-02-05T15:08:00,2025-02-05T16:08:00,2025-02-05T16:23:00
CMP_202604458,TYP_03,Part-Time Job Scam,167323.07,Haryana,District-29,2025-06-08T19:55:00,2025-06-09T02:55:00,2025-06-09T03:46:00
CMP_202604459,TYP_05,Sextortion,15579.54,Madhya Pradesh,District-41,2025-01-20T13:27:00,2025-01-20T18:27:00,2025-01-20T19:06:00
CMP_202604460,TYP_02,Fake Loan App,9351.31,Punjab,District-25,2025-05-18T12:25:00,2025-05-18T16:25:00,2025-05-18T16:37:00
CMP_202604461,TYP_02,Fake Loan App,29885.61,Karnataka,District-23,2025-01-13T09:25:00,2025-01-14T01:25:00,2025-01-14T02:02:00
CMP_202604462,TYP_03,Part-Time Job Scam,130158.76,Assam,District-28,2025-05-24T18:34:00,2025-05-24T20:34:00,2025-05-24T21:26:00
CMP_202604463,TYP_05,Sextortion,70889.51,Bihar,Purnia,2025-03-07T12:00:00,2025-03-07T16:00:00,2025-03-07T16:26:00
CMP_202604464,TYP_05,Sextortion,45368.02,West Bengal,Siliguri,2025-06-20T16:55:00,2025-06-21T18:55:00,2025-06-21T19:26:00
CMP_202604465,TYP_02,Fake Loan App,8958.97,Uttar Pradesh,Mathura,2025-01-01T08:56:00,2025-01-01T15:56:00,2025-01-01T16:09:00
CMP_202604466,TYP_04,Investment / Crypto Scam,1372698.94,Karnataka,District-34,2025-05-12T08:30:00,2025-05-13T02:30:00,2025-05-13T02:55:00
CMP_202604467,TYP_03,Part-Time Job Scam,258746.33,Karnataka,District-23,2025-05-27T13:29:00,2025-05-28T02:29:00,2025-05-28T03:16:00
CMP_202604468,TYP_05,Sextortion,58812.55,Rajasthan,District-62,2025-04-30T09:23:00,2025-04-30T18:23:00,2025-04-30T18:42:00
CMP_202604469,TYP_02,Fake Loan App,2848.62,Gujarat,Ahmedabad,2025-02-08T17:18:00,2025-02-09T12:18:00,2025-02-09T12:54:00
CMP_202604470,TYP_02,Fake Loan App,14737.74,Rajasthan,District-62,2025-01-10T21:11:00,2025-01-11T06:11:00,2025-01-11T07:05:00
CMP_202604471,TYP_06,Marketplace / OLX Fraud,21157.75,Karnataka,District-42,2025-03-14T09:12:00,2025-03-14T11:12:00,2025-03-14T11:22:00
CMP_202604472,TYP_01,OTP / KYC Fraud,6842.66,West Bengal,Siliguri,2025-05-13T19:24:00,2025-05-14T16:24:00,2025-05-14T16:44:00
CMP_202604473,TYP_01,OTP / KYC Fraud,68853.9,West Bengal,District-35,2025-01-13T16:16:00,2025-01-14T00:16:00,2025-01-14T01:15:00
CMP_202604474,TYP_02,Fake Loan App,24652.23,Karnataka,District-61,2025-04-05T14:33:00,2025-04-06T19:33:00,2025-04-06T20:22:00
CMP_202604475,TYP_06,Marketplace / OLX Fraud,34335.99,Haryana,Mewat,2025-02-06T19:37:00,2025-02-06T23:37:00,2025-02-07T00:13:00
CMP_202604476,TYP_05,Sextortion,83548.52,Karnataka,District-42,2025-03-10T10:56:00,2025-03-10T19:56:00,2025-03-10T20:43:00
CMP_202604477,TYP_04,Investment / Crypto Scam,988226.55,West Bengal,District-66,2025-01-19T15:48:00,2025-01-19T16:48:00,2025-01-19T17:24:00
CMP_202604478,TYP_06,Marketplace / OLX Fraud,20053.5,Gujarat,District-31,2025-06-07T12:39:00,2025-06-07T22:39:00,2025-06-07T23:04:00
CMP_202604479,TYP_02,Fake Loan App,9361.61,Tamil Nadu,Chennai,2025-05-27T12:34:00,2025-05-27T21:34:00,2025-05-27T22:25:00
CMP_202604480,TYP_02,Fake Loan App,25025.23,West Bengal,Kolkata,2025-01-24T13:02:00,2025-01-24T14:02:00,2025-01-24T14:20:00
CMP_202604481,TYP_06,Marketplace / OLX Fraud,10524.12,Karnataka,District-61,2025-02-21T20:00:00,2025-02-22T14:00:00,2025-02-22T14:12:00
CMP_202604482,TYP_02,Fake Loan App,16669.05,Karnataka,District-42,2025-06-29T11:07:00,2025-07-03T13:07:00,2025-07-03T13:32:00
CMP_202604483,TYP_06,Marketplace / OLX Fraud,8341.34,Rajasthan,District-46,2025-06-07T16:33:00,2025-06-07T20:33:00,2025-06-07T21:06:00
CMP_202604484,TYP_02,Fake Loan App,61989.91,Karnataka,District-51,2025-01-18T18:40:00,2025-01-19T00:40:00,2025-01-19T01:26:00
CMP_202604485,TYP_02,Fake Loan App,7783.88,Uttar Pradesh,Mathura,2025-06-06T10:33:00,2025-06-06T18:33:00,2025-06-06T18:45:00
CMP_202604486,TYP_05,Sextortion,37693.35,West Bengal,Kolkata,2025-01-09T14:37:00,2025-01-09T16:37:00,2025-01-09T16:44:00
CMP_202604487,TYP_05,Sextortion,94984.56,Jharkhand,Deoghar,2025-03-13T12:29:00,2025-03-14T02:29:00,2025-03-14T03:26:00
CMP_202604488,TYP_05,Sextortion,27948.63,Madhya Pradesh,District-60,2025-03-06T08:25:00,2025-03-06T12:25:00,2025-03-06T12:45:00
CMP_202604489,TYP_02,Fake Loan App,8525.6,Punjab,District-25,2025-04-15T13:04:00,2025-04-17T11:04:00,2025-04-17T11:54:00
CMP_202604490,TYP_06,Marketplace / OLX Fraud,5039.58,Odisha,District-54,2025-02-16T08:14:00,2025-02-17T03:14:00,2025-02-17T03:49:00
CMP_202604491,TYP_02,Fake Loan App,74276.81,Kerala,District-59,2025-03-09T10:55:00,2025-03-10T05:55:00,2025-03-10T06:33:00
CMP_202604492,TYP_02,Fake Loan App,14698.97,Haryana,Gurugram,2025-04-26T12:27:00,2025-04-26T17:27:00,2025-04-26T17:51:00
CMP_202604493,TYP_06,Marketplace / OLX Fraud,38937.49,Karnataka,Bengaluru Urban,2025-01-15T16:42:00,2025-01-15T23:42:00,2025-01-16T00:07:00
CMP_202604494,TYP_02,Fake Loan App,32799.24,Tamil Nadu,Chennai,2025-05-22T08:29:00,2025-05-23T02:29:00,2025-05-23T03:15:00
CMP_202604495,TYP_05,Sextortion,10934.37,West Bengal,District-66,2025-01-14T17:09:00,2025-01-14T19:09:00,2025-01-14T20:06:00
CMP_202604496,TYP_05,Sextortion,32281.96,Haryana,District-63,2025-05-17T14:26:00,2025-05-17T15:26:00,2025-05-17T15:33:00
CMP_202604497,TYP_05,Sextortion,19487.71,West Bengal,District-66,2025-04-21T10:59:00,2025-04-21T20:59:00,2025-04-21T21:41:00
CMP_202604498,TYP_02,Fake Loan App,10426.26,Haryana,District-29,2025-05-26T18:34:00,2025-05-27T16:34:00,2025-05-27T16:41:00
CMP_202604499,TYP_06,Marketplace / OLX Fraud,32585.26,Odisha,District-27,2025-01-07T17:18:00,2025-01-08T04:18:00,2025-01-08T05:12:00
CMP_202604500,TYP_01,OTP / KYC Fraud,22619.67,Haryana,District-63,2025-05-21T14:54:00,2025-05-21T15:54:00,2025-05-21T16:18:00
CMP_202604501,TYP_06,Marketplace / OLX Fraud,4186.86,Karnataka,District-34,2025-02-28T13:37:00,2025-03-01T02:37:00,2025-03-01T03:18:00
CMP_202604502,TYP_03,Part-Time Job Scam,431193.65,Madhya Pradesh,District-69,2025-01-21T15:18:00,2025-01-22T05:18:00,2025-01-22T06:02:00
CMP_202604503,TYP_01,OTP / KYC Fraud,31845.52,Karnataka,District-42,2025-06-06T23:28:00,2025-06-08T03:28:00,2025-06-08T03:47:00
CMP_202604504,TYP_02,Fake Loan App,7455.15,Karnataka,District-74,2025-02-15T10:12:00,2025-02-15T12:12:00,2025-02-15T12:51:00
CMP_202604505,TYP_05,Sextortion,82416.05,Uttar Pradesh,District-43,2025-02-22T12:14:00,2025-02-22T15:14:00,2025-02-22T15:53:00
CMP_202604506,TYP_01,OTP / KYC Fraud,18916.51,Karnataka,District-34,2025-01-28T11:38:00,2025-01-29T13:38:00,2025-01-29T14:12:00
CMP_202604507,TYP_06,Marketplace / OLX Fraud,6214.77,Haryana,District-63,2025-01-11T05:33:00,2025-01-11T11:33:00,2025-01-11T12:06:00
CMP_202604508,TYP_03,Part-Time Job Scam,43547.19,Tamil Nadu,District-49,2025-06-23T15:40:00,2025-06-23T16:40:00,2025-06-23T17:00:00
CMP_202604509,TYP_03,Part-Time Job Scam,260946.44,Rajasthan,Bharatpur,2025-03-18T13:05:00,2025-03-18T17:05:00,2025-03-18T17:36:00
CMP_202604510,TYP_03,Part-Time Job Scam,170444.4,Jharkhand,District-45,2025-05-24T10:58:00,2025-05-26T00:58:00,2025-05-26T01:32:00
CMP_202604511,TYP_02,Fake Loan App,5294.25,Haryana,District-29,2025-03-19T14:56:00,2025-03-20T02:56:00,2025-03-20T03:54:00
CMP_202604512,TYP_05,Sextortion,117313.86,Maharashtra,District-32,2025-01-16T12:41:00,2025-01-17T05:41:00,2025-01-17T06:31:00
CMP_202604513,TYP_02,Fake Loan App,14030.03,Odisha,District-68,2025-02-13T11:57:00,2025-02-13T14:57:00,2025-02-13T15:45:00
CMP_202604514,TYP_03,Part-Time Job Scam,47612.87,Karnataka,District-34,2025-02-01T15:31:00,2025-02-02T07:31:00,2025-02-02T07:55:00
CMP_202604515,TYP_02,Fake Loan App,25855.76,Uttar Pradesh,Noida,2025-06-02T11:46:00,2025-06-02T23:46:00,2025-06-03T00:19:00
CMP_202604516,TYP_02,Fake Loan App,5739.23,Madhya Pradesh,District-40,2025-02-12T10:02:00,2025-02-12T21:02:00,2025-02-12T21:39:00
CMP_202604517,TYP_02,Fake Loan App,8453.8,Karnataka,District-74,2025-06-29T14:59:00,2025-06-30T01:59:00,2025-06-30T02:45:00
CMP_202604518,TYP_03,Part-Time Job Scam,188222.72,Rajasthan,Alwar,2025-05-11T13:27:00,2025-05-11T16:27:00,2025-05-11T17:16:00
CMP_202604519,TYP_03,Part-Time Job Scam,64267.87,West Bengal,District-35,2025-01-23T14:22:00,2025-01-23T17:22:00,2025-01-23T17:32:00
CMP_202604520,TYP_06,Marketplace / OLX Fraud,23019.58,West Bengal,District-35,2025-01-31T18:33:00,2025-01-31T22:33:00,2025-01-31T23:15:00
CMP_202604521,TYP_03,Part-Time Job Scam,37852.53,Punjab,Amritsar,2025-04-03T13:09:00,2025-04-03T20:09:00,2025-04-03T20:57:00
CMP_202604522,TYP_04,Investment / Crypto Scam,1143899.29,Karnataka,District-23,2025-01-05T17:38:00,2025-01-06T02:38:00,2025-01-06T02:55:00
CMP_202604523,TYP_02,Fake Loan App,10449.34,Karnataka,District-34,2025-03-07T11:51:00,2025-03-07T17:51:00,2025-03-07T18:22:00
CMP_202604524,TYP_05,Sextortion,49521.02,Telangana,Hyderabad,2025-05-03T12:17:00,2025-05-04T04:17:00,2025-05-04T04:27:00
CMP_202604525,TYP_06,Marketplace / OLX Fraud,7419.5,Karnataka,District-61,2025-03-09T10:13:00,2025-03-09T14:13:00,2025-03-09T15:05:00
CMP_202604526,TYP_05,Sextortion,44741.93,Rajasthan,Alwar,2025-03-02T10:39:00,2025-03-02T13:39:00,2025-03-02T14:09:00
CMP_202604527,TYP_06,Marketplace / OLX Fraud,46868.29,Maharashtra,Mumbai,2025-04-08T13:10:00,2025-04-09T09:10:00,2025-04-09T09:22:00
CMP_202604528,TYP_06,Marketplace / OLX Fraud,22427.66,Tamil Nadu,District-49,2025-05-08T19:31:00,2025-05-09T02:31:00,2025-05-09T03:22:00
CMP_202604529,TYP_05,Sextortion,19000.97,Chhattisgarh,District-71,2025-01-27T12:13:00,2025-01-27T21:13:00,2025-01-27T22:12:00
CMP_202604530,TYP_05,Sextortion,50076.74,Haryana,District-75,2025-05-26T14:01:00,2025-05-27T01:01:00,2025-05-27T01:18:00
CMP_202604531,TYP_06,Marketplace / OLX Fraud,7467.03,Uttar Pradesh,District-43,2025-06-21T14:47:00,2025-06-21T20:47:00,2025-06-21T21:03:00
CMP_202604532,TYP_04,Investment / Crypto Scam,226327.01,Madhya Pradesh,District-53,2025-04-18T09:22:00,2025-04-18T20:22:00,2025-04-18T20:30:00
CMP_202604533,TYP_05,Sextortion,37750.3,Madhya Pradesh,District-53,2025-04-17T18:34:00,2025-04-18T04:34:00,2025-04-18T04:41:00
CMP_202604534,TYP_06,Marketplace / OLX Fraud,9089.67,Gujarat,Ahmedabad,2025-05-25T16:16:00,2025-05-26T18:16:00,2025-05-26T18:38:00
CMP_202604535,TYP_02,Fake Loan App,7193.1,Andhra Pradesh,District-58,2025-05-16T10:39:00,2025-05-16T19:39:00,2025-05-16T20:15:00
CMP_202604536,TYP_02,Fake Loan App,46667.3,Jharkhand,District-72,2025-01-20T13:36:00,2025-01-20T21:36:00,2025-01-20T21:50:00
CMP_202604537,TYP_01,OTP / KYC Fraud,16590.57,Gujarat,District-70,2025-02-09T10:56:00,2025-02-09T13:56:00,2025-02-09T14:08:00
CMP_202604538,TYP_03,Part-Time Job Scam,404873.18,Karnataka,District-61,2025-01-28T17:59:00,2025-01-29T04:59:00,2025-01-29T05:21:00
CMP_202604539,TYP_05,Sextortion,69760.03,Karnataka,Bengaluru Urban,2025-01-25T12:58:00,2025-01-26T09:58:00,2025-01-26T10:36:00
CMP_202604540,TYP_03,Part-Time Job Scam,497503.14,Maharashtra,District-47,2025-05-23T18:58:00,2025-05-23T20:58:00,2025-05-23T21:03:00
CMP_202604541,TYP_05,Sextortion,21576.97,Karnataka,District-51,2025-03-07T14:44:00,2025-03-07T18:44:00,2025-03-07T18:53:00
CMP_202604542,TYP_05,Sextortion,17637.79,Jharkhand,District-45,2025-06-12T10:04:00,2025-06-12T17:04:00,2025-06-12T17:38:00
CMP_202604543,TYP_02,Fake Loan App,10745.43,Uttar Pradesh,District-33,2025-01-12T08:50:00,2025-01-13T04:50:00,2025-01-13T04:55:00
CMP_202604544,TYP_04,Investment / Crypto Scam,432264.59,Andhra Pradesh,District-67,2025-03-08T13:54:00,2025-03-08T20:54:00,2025-03-08T21:04:00
CMP_202604545,TYP_06,Marketplace / OLX Fraud,28904.66,Jharkhand,Jamtara,2025-06-19T14:13:00,2025-06-19T15:13:00,2025-06-19T15:44:00
CMP_202604546,TYP_05,Sextortion,16671.97,Uttar Pradesh,Gorakhpur,2025-04-30T17:44:00,2025-04-30T18:44:00,2025-04-30T18:57:00
CMP_202604547,TYP_06,Marketplace / OLX Fraud,60698.25,Rajasthan,District-46,2025-03-31T00:09:00,2025-03-31T07:09:00,2025-03-31T07:16:00
CMP_202604548,TYP_02,Fake Loan App,18096.26,Punjab,Amritsar,2025-01-19T16:28:00,2025-01-20T00:28:00,2025-01-20T00:34:00
CMP_202604549,TYP_02,Fake Loan App,28747.97,Jharkhand,District-45,2025-04-26T08:58:00,2025-04-27T06:58:00,2025-04-27T07:38:00
CMP_202604550,TYP_02,Fake Loan App,18832.64,Karnataka,District-74,2025-04-15T21:08:00,2025-04-16T02:08:00,2025-04-16T02:48:00
CMP_202604551,TYP_01,OTP / KYC Fraud,18551.44,Andhra Pradesh,District-64,2025-03-31T14:53:00,2025-04-01T01:53:00,2025-04-01T02:46:00
CMP_202604552,TYP_01,OTP / KYC Fraud,29044.12,West Bengal,District-66,2025-05-12T11:50:00,2025-05-13T01:50:00,2025-05-13T02:00:00
CMP_202604553,TYP_02,Fake Loan App,18020.51,West Bengal,Kolkata,2025-06-12T18:45:00,2025-06-12T20:45:00,2025-06-12T21:06:00
CMP_202604554,TYP_02,Fake Loan App,31491.58,Odisha,District-68,2025-03-29T19:29:00,2025-03-29T21:29:00,2025-03-29T21:55:00
CMP_202604555,TYP_02,Fake Loan App,14922.91,Uttar Pradesh,District-43,2025-01-23T16:49:00,2025-01-23T23:49:00,2025-01-24T00:20:00
CMP_202604556,TYP_02,Fake Loan App,7253.4,Gujarat,District-24,2025-06-21T13:28:00,2025-06-21T17:28:00,2025-06-21T18:12:00
CMP_202604557,TYP_02,Fake Loan App,57877.46,Odisha,District-22,2025-01-16T17:42:00,2025-01-16T18:42:00,2025-01-16T19:18:00
CMP_202604558,TYP_02,Fake Loan App,6323.46,Madhya Pradesh,District-69,2025-06-06T08:55:00,2025-06-06T13:55:00,2025-06-06T14:00:00
CMP_202604559,TYP_02,Fake Loan App,10718.68,Madhya Pradesh,District-60,2025-04-22T15:34:00,2025-04-22T16:34:00,2025-04-22T17:17:00
CMP_202604560,TYP_05,Sextortion,64050.1,Odisha,District-68,2025-03-18T03:35:00,2025-03-18T11:35:00,2025-03-18T11:47:00
CMP_202604561,TYP_01,OTP / KYC Fraud,18321.18,Karnataka,District-74,2025-02-23T08:11:00,2025-02-23T11:11:00,2025-02-23T11:18:00
CMP_202604562,TYP_03,Part-Time Job Scam,45060.66,Andhra Pradesh,District-64,2025-06-28T19:02:00,2025-06-28T20:02:00,2025-06-28T20:19:00
CMP_202604563,TYP_02,Fake Loan App,9520.1,Madhya Pradesh,District-40,2025-04-30T10:24:00,2025-05-02T17:24:00,2025-05-02T18:07:00
CMP_202604564,TYP_04,Investment / Crypto Scam,669557.48,Punjab,Amritsar,2025-04-01T12:43:00,2025-04-01T17:43:00,2025-04-01T17:57:00
CMP_202604565,TYP_02,Fake Loan App,38676.42,Haryana,District-75,2025-05-04T17:30:00,2025-05-04T19:30:00,2025-05-04T20:09:00
CMP_202604566,TYP_02,Fake Loan App,34219.76,Maharashtra,Mumbai,2025-04-02T17:44:00,2025-04-02T23:44:00,2025-04-02T23:57:00
CMP_202604567,TYP_05,Sextortion,21525.88,Maharashtra,District-47,2025-02-10T14:10:00,2025-02-10T15:10:00,2025-02-10T15:17:00
CMP_202604568,TYP_02,Fake Loan App,54436.71,Madhya Pradesh,District-69,2025-02-17T16:53:00,2025-02-18T11:53:00,2025-02-18T12:38:00
CMP_202604569,TYP_02,Fake Loan App,8643.14,Madhya Pradesh,District-69,2025-06-20T14:12:00,2025-06-20T18:12:00,2025-06-20T18:51:00
CMP_202604570,TYP_02,Fake Loan App,9007.27,Kerala,District-59,2025-06-28T12:43:00,2025-06-28T20:43:00,2025-06-28T21:36:00
CMP_202604571,TYP_05,Sextortion,38447.46,Punjab,District-25,2025-02-15T09:48:00,2025-02-15T15:48:00,2025-02-15T15:56:00
CMP_202604572,TYP_06,Marketplace / OLX Fraud,4452.95,Uttar Pradesh,District-33,2025-05-17T11:21:00,2025-05-17T18:21:00,2025-05-17T19:17:00
CMP_202604573,TYP_02,Fake Loan App,87424.64,Haryana,District-63,2025-02-17T18:53:00,2025-02-18T08:53:00,2025-02-18T09:38:00
CMP_202604574,TYP_03,Part-Time Job Scam,279131.19,Jharkhand,District-45,2025-02-04T21:23:00,2025-02-05T08:23:00,2025-02-05T09:00:00
CMP_202604575,TYP_03,Part-Time Job Scam,46996.79,Andhra Pradesh,District-58,2025-03-17T13:06:00,2025-03-17T18:06:00,2025-03-17T18:55:00
CMP_202604576,TYP_03,Part-Time Job Scam,365003.95,Uttar Pradesh,Mathura,2025-04-13T12:30:00,2025-04-15T17:30:00,2025-04-15T17:47:00
CMP_202604577,TYP_03,Part-Time Job Scam,372767.31,Tamil Nadu,District-49,2025-06-12T11:08:00,2025-06-12T16:08:00,2025-06-12T17:00:00
CMP_202604578,TYP_06,Marketplace / OLX Fraud,56964.59,Andhra Pradesh,District-44,2025-06-15T10:56:00,2025-06-15T13:56:00,2025-06-15T14:23:00
CMP_202604579,TYP_03,Part-Time Job Scam,96313.23,Haryana,District-75,2025-06-06T11:25:00,2025-06-06T20:25:00,2025-06-06T20:47:00
CMP_202604580,TYP_02,Fake Loan App,50368.8,West Bengal,District-55,2025-04-11T12:01:00,2025-04-11T18:01:00,2025-04-11T18:20:00
CMP_202604581,TYP_03,Part-Time Job Scam,618190.88,Andhra Pradesh,District-58,2025-06-05T13:09:00,2025-06-05T21:09:00,2025-06-05T21:20:00
CMP_202604582,TYP_06,Marketplace / OLX Fraud,2266.65,Andhra Pradesh,District-64,2025-06-11T14:07:00,2025-06-13T13:07:00,2025-06-13T13:42:00
CMP_202604583,TYP_02,Fake Loan App,33408.94,Haryana,Gurugram,2025-04-04T10:58:00,2025-04-04T21:58:00,2025-04-04T22:48:00
CMP_202604584,TYP_04,Investment / Crypto Scam,355960.06,Uttar Pradesh,Noida,2025-01-07T10:27:00,2025-01-07T11:27:00,2025-01-07T11:41:00
CMP_202604585,TYP_02,Fake Loan App,11529.25,Gujarat,District-31,2025-04-16T11:21:00,2025-04-16T20:21:00,2025-04-16T21:16:00
CMP_202604586,TYP_04,Investment / Crypto Scam,361050.35,Odisha,District-27,2025-01-26T17:07:00,2025-01-27T01:07:00,2025-01-27T01:47:00
CMP_202604587,TYP_06,Marketplace / OLX Fraud,6701.29,Maharashtra,District-47,2025-01-25T08:57:00,2025-01-25T13:57:00,2025-01-25T14:17:00
CMP_202604588,TYP_05,Sextortion,87245.16,Uttar Pradesh,Gorakhpur,2025-02-19T16:49:00,2025-02-20T18:49:00,2025-02-20T19:40:00
CMP_202604589,TYP_02,Fake Loan App,20106.14,Madhya Pradesh,District-69,2025-03-23T18:22:00,2025-03-23T21:22:00,2025-03-23T21:48:00
CMP_202604590,TYP_01,OTP / KYC Fraud,41314.42,Gujarat,District-50,2025-03-12T12:02:00,2025-03-12T13:02:00,2025-03-12T13:39:00
CMP_202604591,TYP_02,Fake Loan App,4860.44,Jharkhand,Deoghar,2025-06-10T12:33:00,2025-06-11T17:33:00,2025-06-11T18:08:00
CMP_202604592,TYP_06,Marketplace / OLX Fraud,4973.18,Delhi,South Delhi,2025-03-27T15:22:00,2025-03-28T04:22:00,2025-03-28T04:59:00
CMP_202604593,TYP_06,Marketplace / OLX Fraud,15929.48,West Bengal,District-66,2025-03-11T18:36:00,2025-03-11T19:36:00,2025-03-11T19:44:00
CMP_202604594,TYP_02,Fake Loan App,5430.1,Maharashtra,Pune,2025-06-03T19:29:00,2025-06-03T22:29:00,2025-06-03T23:12:00
CMP_202604595,TYP_06,Marketplace / OLX Fraud,18971.13,Telangana,District-39,2025-01-09T14:45:00,2025-01-10T16:45:00,2025-01-10T17:08:00
CMP_202604596,TYP_02,Fake Loan App,37866.01,Madhya Pradesh,District-52,2025-04-18T09:23:00,2025-04-18T13:23:00,2025-04-18T13:46:00
CMP_202604597,TYP_01,OTP / KYC Fraud,16581.1,Assam,District-28,2025-04-08T15:48:00,2025-04-09T19:48:00,2025-04-09T20:31:00
CMP_202604598,TYP_06,Marketplace / OLX Fraud,9914.67,Haryana,Mewat,2025-04-15T14:35:00,2025-04-15T17:35:00,2025-04-15T18:34:00
CMP_202604599,TYP_05,Sextortion,57038.24,West Bengal,Kolkata,2025-06-18T11:45:00,2025-06-18T16:45:00,2025-06-18T17:32:00
CMP_202604600,TYP_02,Fake Loan App,11953.17,West Bengal,Kolkata,2025-03-18T14:52:00,2025-03-18T16:52:00,2025-03-18T17:08:00
CMP_202604601,TYP_05,Sextortion,59885.82,Odisha,District-54,2025-06-06T09:18:00,2025-06-09T11:18:00,2025-06-09T12:07:00
CMP_202604602,TYP_02,Fake Loan App,47920.86,Odisha,District-54,2025-02-25T12:12:00,2025-02-25T23:12:00,2025-02-25T23:49:00
CMP_202604603,TYP_05,Sextortion,71125.29,Rajasthan,Alwar,2025-01-28T14:28:00,2025-01-28T22:28:00,2025-01-28T22:48:00
CMP_202604604,TYP_06,Marketplace / OLX Fraud,35357.13,Punjab,District-25,2025-04-20T13:55:00,2025-04-20T17:55:00,2025-04-20T18:01:00
CMP_202604605,TYP_02,Fake Loan App,38242.45,West Bengal,Siliguri,2025-05-17T16:04:00,2025-05-17T18:04:00,2025-05-17T18:30:00
CMP_202604606,TYP_03,Part-Time Job Scam,575654.0,Madhya Pradesh,District-53,2025-01-02T16:26:00,2025-01-02T21:26:00,2025-01-02T21:48:00
CMP_202604607,TYP_03,Part-Time Job Scam,105333.92,Haryana,District-63,2025-06-22T09:27:00,2025-06-22T20:27:00,2025-06-22T20:47:00
CMP_202604608,TYP_03,Part-Time Job Scam,167372.41,Maharashtra,District-47,2025-03-03T11:22:00,2025-03-04T05:22:00,2025-03-04T05:32:00
CMP_202604609,TYP_05,Sextortion,16557.67,Maharashtra,Pune,2025-02-25T11:20:00,2025-02-25T15:20:00,2025-02-25T15:47:00
CMP_202604610,TYP_02,Fake Loan App,18545.76,Uttar Pradesh,District-43,2025-06-19T18:33:00,2025-06-20T05:33:00,2025-06-20T06:17:00
CMP_202604611,TYP_03,Part-Time Job Scam,245170.92,West Bengal,Siliguri,2025-03-10T19:01:00,2025-03-11T21:01:00,2025-03-11T21:15:00
CMP_202604612,TYP_03,Part-Time Job Scam,28024.43,Uttar Pradesh,District-33,2025-05-28T16:05:00,2025-05-29T13:05:00,2025-05-29T13:37:00
CMP_202604613,TYP_02,Fake Loan App,28014.91,Uttar Pradesh,Noida,2025-06-12T15:06:00,2025-06-14T09:06:00,2025-06-14T09:45:00
CMP_202604614,TYP_05,Sextortion,20172.93,Madhya Pradesh,District-41,2025-01-19T12:31:00,2025-01-19T22:31:00,2025-01-19T23:15:00
CMP_202604615,TYP_03,Part-Time Job Scam,141348.83,Haryana,District-75,2025-04-02T17:09:00,2025-04-03T02:09:00,2025-04-03T02:20:00
CMP_202604616,TYP_05,Sextortion,31736.18,West Bengal,Kolkata,2025-04-24T11:08:00,2025-04-24T12:08:00,2025-04-24T12:14:00
CMP_202604617,TYP_04,Investment / Crypto Scam,700804.36,Kerala,District-48,2025-04-25T14:57:00,2025-04-26T10:57:00,2025-04-26T11:11:00
CMP_202604618,TYP_02,Fake Loan App,8397.67,Jharkhand,Deoghar,2025-03-28T08:30:00,2025-03-28T10:30:00,2025-03-28T11:08:00
CMP_202604619,TYP_03,Part-Time Job Scam,118925.2,Gujarat,District-50,2025-04-26T08:52:00,2025-04-26T10:52:00,2025-04-26T11:35:00
CMP_202604620,TYP_02,Fake Loan App,26150.47,Andhra Pradesh,District-64,2025-05-18T12:41:00,2025-05-20T22:41:00,2025-05-20T23:25:00
CMP_202604621,TYP_04,Investment / Crypto Scam,348121.32,Rajasthan,District-62,2025-01-10T14:14:00,2025-01-11T23:14:00,2025-01-11T23:22:00
CMP_202604622,TYP_01,OTP / KYC Fraud,86056.62,Maharashtra,District-30,2025-01-17T19:15:00,2025-01-18T02:15:00,2025-01-18T02:37:00
CMP_202604623,TYP_02,Fake Loan App,2638.74,Maharashtra,District-30,2025-05-31T17:33:00,2025-05-31T19:33:00,2025-05-31T20:33:00
CMP_202604624,TYP_03,Part-Time Job Scam,272402.49,Kerala,District-65,2025-04-11T07:11:00,2025-04-11T13:11:00,2025-04-11T13:51:00
CMP_202604625,TYP_02,Fake Loan App,6949.5,Uttar Pradesh,District-33,2025-02-18T04:00:00,2025-02-18T10:00:00,2025-02-18T10:54:00
CMP_202604626,TYP_05,Sextortion,33517.55,Kerala,District-65,2025-03-20T15:28:00,2025-03-20T19:28:00,2025-03-20T19:53:00
CMP_202604627,TYP_05,Sextortion,25594.68,Punjab,District-25,2025-03-25T17:17:00,2025-03-26T09:17:00,2025-03-26T10:03:00
CMP_202604628,TYP_05,Sextortion,100950.95,Rajasthan,District-46,2025-05-23T20:48:00,2025-05-24T05:48:00,2025-05-24T06:30:00
CMP_202604629,TYP_03,Part-Time Job Scam,54535.5,Jharkhand,District-72,2025-02-23T10:40:00,2025-02-23T15:40:00,2025-02-23T16:01:00
CMP_202604630,TYP_06,Marketplace / OLX Fraud,2447.4,Uttar Pradesh,Mathura,2025-01-15T17:10:00,2025-01-15T21:10:00,2025-01-15T21:35:00
CMP_202604631,TYP_03,Part-Time Job Scam,59659.6,Uttar Pradesh,Noida,2025-04-25T13:47:00,2025-04-25T23:47:00,2025-04-26T00:41:00
CMP_202604632,TYP_02,Fake Loan App,14065.23,Uttar Pradesh,Mathura,2025-02-22T13:04:00,2025-02-22T22:04:00,2025-02-22T22:17:00
CMP_202604633,TYP_01,OTP / KYC Fraud,46704.35,Chhattisgarh,District-57,2025-04-03T13:11:00,2025-04-03T15:11:00,2025-04-03T15:31:00
CMP_202604634,TYP_06,Marketplace / OLX Fraud,6094.24,Tamil Nadu,Chennai,2025-01-31T12:38:00,2025-01-31T14:38:00,2025-01-31T14:58:00
CMP_202604635,TYP_02,Fake Loan App,25368.52,Jharkhand,Deoghar,2025-03-25T10:14:00,2025-03-25T14:14:00,2025-03-25T14:29:00
CMP_202604636,TYP_02,Fake Loan App,3136.65,Punjab,District-25,2025-04-03T15:44:00,2025-04-03T19:44:00,2025-04-03T20:21:00
CMP_202604637,TYP_01,OTP / KYC Fraud,9847.75,Uttar Pradesh,Noida,2025-01-30T13:04:00,2025-01-30T19:04:00,2025-01-30T19:43:00
CMP_202604638,TYP_02,Fake Loan App,23602.05,Gujarat,Ahmedabad,2025-01-10T15:36:00,2025-01-10T19:36:00,2025-01-10T19:54:00
CMP_202604639,TYP_02,Fake Loan App,10562.52,West Bengal,Kolkata,2025-02-09T12:09:00,2025-02-10T09:09:00,2025-02-10T09:23:00
CMP_202604640,TYP_03,Part-Time Job Scam,342133.66,Uttar Pradesh,Noida,2025-01-15T14:48:00,2025-01-15T21:48:00,2025-01-15T22:15:00
CMP_202604641,TYP_04,Investment / Crypto Scam,374725.91,Haryana,District-29,2025-06-09T16:56:00,2025-06-09T23:56:00,2025-06-10T00:13:00
CMP_202604642,TYP_02,Fake Loan App,30468.52,Maharashtra,Mumbai,2025-01-09T18:48:00,2025-01-09T23:48:00,2025-01-10T00:37:00
CMP_202604643,TYP_04,Investment / Crypto Scam,154489.99,Haryana,District-29,2025-02-24T20:25:00,2025-02-25T10:25:00,2025-02-25T11:00:00
CMP_202604644,TYP_03,Part-Time Job Scam,88343.75,Haryana,District-75,2025-03-30T17:50:00,2025-04-01T08:50:00,2025-04-01T09:21:00
CMP_202604645,TYP_05,Sextortion,46299.14,Delhi,South Delhi,2025-01-10T17:09:00,2025-01-11T00:09:00,2025-01-11T00:42:00
CMP_202604646,TYP_02,Fake Loan App,6794.62,Andhra Pradesh,District-64,2025-05-20T17:07:00,2025-05-20T19:07:00,2025-05-20T19:19:00
CMP_202604647,TYP_02,Fake Loan App,25854.82,Uttar Pradesh,Mathura,2025-02-20T11:04:00,2025-02-20T14:04:00,2025-02-20T14:59:00
CMP_202604648,TYP_02,Fake Loan App,7129.28,Uttar Pradesh,District-37,2025-04-14T08:47:00,2025-04-14T17:47:00,2025-04-14T18:00:00
CMP_202604649,TYP_05,Sextortion,54307.25,Karnataka,Bengaluru Urban,2025-02-16T12:51:00,2025-02-16T13:51:00,2025-02-16T14:14:00
CMP_202604650,TYP_05,Sextortion,41325.73,Kerala,District-59,2025-06-26T10:37:00,2025-06-27T01:37:00,2025-06-27T01:58:00
CMP_202604651,TYP_05,Sextortion,20054.57,Andhra Pradesh,District-26,2025-02-25T17:42:00,2025-02-26T04:42:00,2025-02-26T05:33:00
CMP_202604652,TYP_05,Sextortion,41278.38,Madhya Pradesh,District-69,2025-04-01T17:44:00,2025-04-02T21:44:00,2025-04-02T22:25:00
CMP_202604653,TYP_06,Marketplace / OLX Fraud,3904.27,Assam,District-21,2025-05-24T08:06:00,2025-05-24T11:06:00,2025-05-24T11:35:00
CMP_202604654,TYP_02,Fake Loan App,5246.07,Haryana,District-29,2025-02-01T09:19:00,2025-02-01T16:19:00,2025-02-01T16:59:00
CMP_202604655,TYP_05,Sextortion,23753.11,Haryana,Gurugram,2025-03-22T11:28:00,2025-03-22T13:28:00,2025-03-22T13:41:00
CMP_202604656,TYP_04,Investment / Crypto Scam,342314.58,Jharkhand,District-45,2025-02-24T16:24:00,2025-02-24T23:24:00,2025-02-24T23:38:00
CMP_202604657,TYP_06,Marketplace / OLX Fraud,4328.28,Madhya Pradesh,District-69,2025-02-02T10:43:00,2025-02-02T13:43:00,2025-02-02T13:54:00
CMP_202604658,TYP_02,Fake Loan App,10367.02,Delhi,South Delhi,2025-04-05T18:25:00,2025-04-07T15:25:00,2025-04-07T15:59:00
CMP_202604659,TYP_05,Sextortion,41901.95,Karnataka,District-42,2025-01-10T15:17:00,2025-01-10T18:17:00,2025-01-10T18:39:00
CMP_202604660,TYP_05,Sextortion,42073.23,Odisha,District-27,2025-02-07T11:04:00,2025-02-09T06:04:00,2025-02-09T06:31:00
CMP_202604661,TYP_05,Sextortion,66563.75,Uttar Pradesh,District-43,2025-05-18T18:19:00,2025-05-19T14:19:00,2025-05-19T15:05:00
CMP_202604662,TYP_01,OTP / KYC Fraud,6060.31,Haryana,District-29,2025-04-23T15:22:00,2025-04-24T13:22:00,2025-04-24T13:55:00
CMP_202604663,TYP_02,Fake Loan App,10859.97,Jharkhand,Deoghar,2025-06-12T11:06:00,2025-06-13T01:06:00,2025-06-13T01:39:00
CMP_202604664,TYP_05,Sextortion,26429.82,Rajasthan,District-62,2025-03-28T16:10:00,2025-03-28T20:10:00,2025-03-28T20:26:00
CMP_202604665,TYP_04,Investment / Crypto Scam,598062.28,Gujarat,Ahmedabad,2025-01-28T12:21:00,2025-01-28T22:21:00,2025-01-28T22:51:00
CMP_202604666,TYP_03,Part-Time Job Scam,58605.48,Madhya Pradesh,District-69,2025-03-27T16:08:00,2025-03-28T01:08:00,2025-03-28T01:18:00
CMP_202604667,TYP_06,Marketplace / OLX Fraud,14309.98,Karnataka,District-34,2025-03-29T12:11:00,2025-03-29T15:11:00,2025-03-29T16:04:00
CMP_202604668,TYP_03,Part-Time Job Scam,30691.04,Andhra Pradesh,District-64,2025-02-16T11:27:00,2025-02-17T16:27:00,2025-02-17T17:09:00
CMP_202604669,TYP_02,Fake Loan App,33498.11,Odisha,District-68,2025-04-18T19:54:00,2025-04-19T02:54:00,2025-04-19T03:46:00
CMP_202604670,TYP_06,Marketplace / OLX Fraud,28090.09,Kerala,District-59,2025-03-29T16:58:00,2025-03-31T12:58:00,2025-03-31T13:17:00
CMP_202604671,TYP_06,Marketplace / OLX Fraud,10004.93,Haryana,Gurugram,2025-01-13T14:10:00,2025-01-13T21:10:00,2025-01-13T21:36:00
CMP_202604672,TYP_01,OTP / KYC Fraud,21271.1,Chhattisgarh,District-57,2025-01-23T12:18:00,2025-01-23T15:18:00,2025-01-23T15:50:00
CMP_202604673,TYP_03,Part-Time Job Scam,160750.51,Karnataka,District-34,2025-05-21T11:17:00,2025-05-21T15:17:00,2025-05-21T15:22:00
CMP_202604674,TYP_02,Fake Loan App,25932.37,Haryana,Mewat,2025-01-26T16:45:00,2025-01-27T05:45:00,2025-01-27T06:24:00
CMP_202604675,TYP_03,Part-Time Job Scam,274063.96,Jharkhand,District-45,2025-06-19T11:41:00,2025-06-19T14:41:00,2025-06-19T14:54:00
CMP_202604676,TYP_01,OTP / KYC Fraud,14845.01,Tamil Nadu,Chennai,2025-03-02T10:44:00,2025-03-03T00:44:00,2025-03-03T01:24:00
CMP_202604677,TYP_06,Marketplace / OLX Fraud,4970.95,Andhra Pradesh,District-58,2025-03-07T23:24:00,2025-03-08T05:24:00,2025-03-08T06:18:00
CMP_202604678,TYP_03,Part-Time Job Scam,147344.24,West Bengal,District-66,2025-04-13T18:55:00,2025-04-14T11:55:00,2025-04-14T12:14:00
CMP_202604679,TYP_04,Investment / Crypto Scam,3117351.93,Maharashtra,District-47,2025-03-21T15:00:00,2025-03-21T18:00:00,2025-03-21T18:33:00
CMP_202604680,TYP_02,Fake Loan App,31316.91,West Bengal,District-55,2025-02-06T18:05:00,2025-02-07T06:05:00,2025-02-07T06:31:00
CMP_202604681,TYP_06,Marketplace / OLX Fraud,3326.92,Karnataka,District-42,2025-02-20T20:48:00,2025-02-21T01:48:00,2025-02-21T02:04:00
CMP_202604682,TYP_03,Part-Time Job Scam,895616.13,Rajasthan,Bharatpur,2025-01-24T21:08:00,2025-01-25T01:08:00,2025-01-25T01:45:00
CMP_202604683,TYP_02,Fake Loan App,17745.57,Karnataka,District-34,2025-06-30T03:16:00,2025-06-30T06:16:00,2025-06-30T06:46:00
CMP_202604684,TYP_04,Investment / Crypto Scam,328186.5,Maharashtra,Pune,2025-05-17T11:57:00,2025-05-21T05:57:00,2025-05-21T06:55:00
CMP_202604685,TYP_02,Fake Loan App,20874.17,Gujarat,District-70,2025-02-16T07:37:00,2025-02-16T11:37:00,2025-02-16T11:47:00
CMP_202604686,TYP_01,OTP / KYC Fraud,18209.28,Uttar Pradesh,Noida,2025-06-02T14:35:00,2025-06-03T04:35:00,2025-06-03T05:21:00
CMP_202604687,TYP_04,Investment / Crypto Scam,742153.56,Karnataka,District-74,2025-04-30T08:28:00,2025-05-02T01:28:00,2025-05-02T01:33:00
CMP_202604688,TYP_02,Fake Loan App,21976.68,Maharashtra,Mumbai,2025-04-01T10:26:00,2025-04-01T20:26:00,2025-04-01T21:12:00
CMP_202604689,TYP_03,Part-Time Job Scam,22417.02,Uttar Pradesh,Gorakhpur,2025-06-30T13:21:00,2025-06-30T20:21:00,2025-06-30T20:36:00
CMP_202604690,TYP_05,Sextortion,69656.77,Odisha,District-73,2025-01-03T11:18:00,2025-01-03T15:18:00,2025-01-03T15:32:00
CMP_202604691,TYP_06,Marketplace / OLX Fraud,38807.65,Jharkhand,District-72,2025-01-10T23:30:00,2025-01-11T04:30:00,2025-01-11T05:06:00
CMP_202604692,TYP_02,Fake Loan App,15822.35,Bihar,Purnia,2025-04-06T16:36:00,2025-04-07T09:36:00,2025-04-07T10:13:00
CMP_202604693,TYP_06,Marketplace / OLX Fraud,4343.29,Karnataka,District-74,2025-04-19T15:16:00,2025-04-20T01:16:00,2025-04-20T01:48:00
CMP_202604694,TYP_03,Part-Time Job Scam,310174.81,Chhattisgarh,District-57,2025-05-05T10:21:00,2025-05-06T16:21:00,2025-05-06T16:56:00
CMP_202604695,TYP_06,Marketplace / OLX Fraud,3541.28,Karnataka,District-51,2025-06-06T15:03:00,2025-06-07T16:03:00,2025-06-07T16:45:00
CMP_202604696,TYP_06,Marketplace / OLX Fraud,10781.74,Andhra Pradesh,District-58,2025-05-15T17:03:00,2025-05-16T08:03:00,2025-05-16T08:23:00
CMP_202604697,TYP_05,Sextortion,53675.69,Andhra Pradesh,District-64,2025-01-10T05:20:00,2025-01-10T15:20:00,2025-01-10T16:00:00
CMP_202604698,TYP_02,Fake Loan App,51163.92,Jharkhand,District-45,2025-05-12T17:30:00,2025-05-13T07:30:00,2025-05-13T07:45:00
CMP_202604699,TYP_05,Sextortion,33456.07,Madhya Pradesh,District-52,2025-02-22T13:06:00,2025-02-22T14:06:00,2025-02-22T14:29:00
CMP_202604700,TYP_01,OTP / KYC Fraud,13630.77,Haryana,District-29,2025-06-13T05:45:00,2025-06-13T07:45:00,2025-06-13T08:39:00
CMP_202604701,TYP_05,Sextortion,67790.68,Karnataka,Bengaluru Urban,2025-04-10T16:56:00,2025-04-11T03:56:00,2025-04-11T04:12:00
CMP_202604702,TYP_06,Marketplace / OLX Fraud,10599.78,Madhya Pradesh,District-40,2025-06-08T21:38:00,2025-06-09T03:38:00,2025-06-09T04:18:00
CMP_202604703,TYP_06,Marketplace / OLX Fraud,5339.8,Madhya Pradesh,District-40,2025-05-11T13:38:00,2025-05-11T18:38:00,2025-05-11T19:19:00
CMP_202604704,TYP_02,Fake Loan App,6218.42,Gujarat,District-70,2025-04-28T00:12:00,2025-04-28T06:12:00,2025-04-28T06:42:00
CMP_202604705,TYP_02,Fake Loan App,9953.76,Gujarat,District-31,2025-03-15T19:39:00,2025-03-15T23:39:00,2025-03-16T00:30:00
CMP_202604706,TYP_06,Marketplace / OLX Fraud,5603.56,Telangana,Hyderabad,2025-06-14T14:13:00,2025-06-14T18:13:00,2025-06-14T19:07:00
CMP_202604707,TYP_01,OTP / KYC Fraud,44737.77,Andhra Pradesh,District-67,2025-05-23T12:49:00,2025-05-23T13:49:00,2025-05-23T13:55:00
CMP_202604708,TYP_01,OTP / KYC Fraud,146065.11,Karnataka,Bengaluru Urban,2025-04-28T08:56:00,2025-04-28T17:56:00,2025-04-28T18:09:00
CMP_202604709,TYP_06,Marketplace / OLX Fraud,18129.95,Rajasthan,Alwar,2025-02-24T13:39:00,2025-02-24T19:39:00,2025-02-24T19:56:00
CMP_202604710,TYP_02,Fake Loan App,5833.57,Rajasthan,District-62,2025-06-24T19:31:00,2025-06-25T03:31:00,2025-06-25T04:21:00
CMP_202604711,TYP_04,Investment / Crypto Scam,960121.37,Gujarat,District-31,2025-04-16T20:26:00,2025-04-16T21:26:00,2025-04-16T22:26:00
CMP_202604712,TYP_02,Fake Loan App,21672.86,Jharkhand,Deoghar,2025-06-22T17:50:00,2025-06-22T22:50:00,2025-06-22T23:42:00
CMP_202604713,TYP_05,Sextortion,250714.01,Odisha,District-68,2025-03-27T14:37:00,2025-03-27T20:37:00,2025-03-27T21:12:00
CMP_202604714,TYP_03,Part-Time Job Scam,401796.28,Odisha,District-54,2025-04-21T14:54:00,2025-04-21T20:54:00,2025-04-21T21:20:00
CMP_202604715,TYP_02,Fake Loan App,25215.89,Odisha,District-27,2025-04-01T21:04:00,2025-04-02T00:04:00,2025-04-02T00:20:00
CMP_202604716,TYP_05,Sextortion,16570.41,Rajasthan,District-62,2025-06-10T12:16:00,2025-06-10T17:16:00,2025-06-10T17:37:00
CMP_202604717,TYP_02,Fake Loan App,16354.78,Madhya Pradesh,District-40,2025-03-27T13:55:00,2025-03-28T06:55:00,2025-03-28T07:27:00
CMP_202604718,TYP_06,Marketplace / OLX Fraud,25046.91,Madhya Pradesh,District-60,2025-04-19T05:59:00,2025-04-19T06:59:00,2025-04-19T07:52:00
CMP_202604719,TYP_03,Part-Time Job Scam,163670.62,Andhra Pradesh,District-64,2025-03-09T17:51:00,2025-03-10T08:51:00,2025-03-10T09:13:00
CMP_202604720,TYP_05,Sextortion,14206.73,Andhra Pradesh,District-26,2025-05-02T16:42:00,2025-05-02T23:42:00,2025-05-03T00:05:00
CMP_202604721,TYP_02,Fake Loan App,4264.42,Maharashtra,District-30,2025-02-10T15:09:00,2025-02-10T16:09:00,2025-02-10T16:49:00
CMP_202604722,TYP_03,Part-Time Job Scam,277195.14,Karnataka,Bengaluru Urban,2025-02-21T01:26:00,2025-02-21T02:26:00,2025-02-21T02:42:00
CMP_202604723,TYP_06,Marketplace / OLX Fraud,4308.87,Jharkhand,Jamtara,2025-02-02T10:18:00,2025-02-03T08:18:00,2025-02-03T09:09:00
CMP_202604724,TYP_02,Fake Loan App,10627.99,Andhra Pradesh,District-67,2025-01-29T13:22:00,2025-01-30T01:22:00,2025-01-30T02:17:00
CMP_202604725,TYP_05,Sextortion,31983.48,Rajasthan,District-46,2025-04-01T14:50:00,2025-04-01T17:50:00,2025-04-01T18:46:00
CMP_202604726,TYP_03,Part-Time Job Scam,143850.55,West Bengal,District-66,2025-05-28T10:25:00,2025-05-29T02:25:00,2025-05-29T02:44:00
CMP_202604727,TYP_02,Fake Loan App,26360.58,West Bengal,Kolkata,2025-01-28T08:03:00,2025-01-28T15:03:00,2025-01-28T15:13:00
CMP_202604728,TYP_05,Sextortion,74801.68,Uttar Pradesh,Mathura,2025-06-07T12:37:00,2025-06-08T01:37:00,2025-06-08T02:23:00
CMP_202604729,TYP_02,Fake Loan App,16825.71,Odisha,District-54,2025-06-28T15:47:00,2025-06-28T19:47:00,2025-06-28T20:17:00
CMP_202604730,TYP_05,Sextortion,26814.63,Bihar,Purnia,2025-03-10T12:36:00,2025-03-10T15:36:00,2025-03-10T16:18:00
CMP_202604731,TYP_03,Part-Time Job Scam,316956.68,Uttar Pradesh,Mathura,2025-05-07T12:52:00,2025-05-07T18:52:00,2025-05-07T19:51:00
CMP_202604732,TYP_02,Fake Loan App,28833.25,Gujarat,District-24,2025-04-28T08:30:00,2025-04-28T17:30:00,2025-04-28T17:59:00
CMP_202604733,TYP_02,Fake Loan App,27364.2,Haryana,District-75,2025-02-15T13:38:00,2025-02-16T07:38:00,2025-02-16T08:32:00
CMP_202604734,TYP_03,Part-Time Job Scam,17443.78,Andhra Pradesh,District-67,2025-05-24T08:43:00,2025-05-25T21:43:00,2025-05-25T22:38:00
CMP_202604735,TYP_02,Fake Loan App,13649.92,Gujarat,District-70,2025-04-02T07:08:00,2025-04-02T11:08:00,2025-04-02T11:22:00
CMP_202604736,TYP_02,Fake Loan App,9345.53,Chhattisgarh,District-71,2025-02-28T11:46:00,2025-02-28T17:46:00,2025-02-28T18:26:00
CMP_202604737,TYP_01,OTP / KYC Fraud,14360.23,Madhya Pradesh,District-53,2025-06-17T19:53:00,2025-06-18T11:53:00,2025-06-18T12:18:00
CMP_202604738,TYP_01,OTP / KYC Fraud,12882.14,Kerala,District-48,2025-03-27T08:24:00,2025-03-27T13:24:00,2025-03-27T14:11:00
CMP_202604739,TYP_06,Marketplace / OLX Fraud,6277.14,Punjab,District-25,2025-05-23T12:32:00,2025-05-23T13:32:00,2025-05-23T13:55:00
CMP_202604740,TYP_06,Marketplace / OLX Fraud,2113.92,Rajasthan,Alwar,2025-06-26T09:12:00,2025-06-27T01:12:00,2025-06-27T01:23:00
CMP_202604741,TYP_05,Sextortion,51126.59,Karnataka,District-51,2025-03-12T12:55:00,2025-03-12T16:55:00,2025-03-12T17:40:00
CMP_202604742,TYP_03,Part-Time Job Scam,142872.73,Karnataka,District-51,2025-03-25T12:56:00,2025-03-25T13:56:00,2025-03-25T14:36:00
CMP_202604743,TYP_03,Part-Time Job Scam,862355.42,Andhra Pradesh,District-26,2025-02-08T14:18:00,2025-02-08T19:18:00,2025-02-08T20:08:00
CMP_202604744,TYP_06,Marketplace / OLX Fraud,4013.06,Andhra Pradesh,District-44,2025-06-14T14:17:00,2025-06-14T22:17:00,2025-06-14T23:09:00
CMP_202604745,TYP_04,Investment / Crypto Scam,550431.71,Karnataka,District-61,2025-06-14T21:49:00,2025-06-15T04:49:00,2025-06-15T05:20:00
CMP_202604746,TYP_03,Part-Time Job Scam,102774.27,Haryana,District-63,2025-06-10T08:45:00,2025-06-10T09:45:00,2025-06-10T10:02:00
CMP_202604747,TYP_06,Marketplace / OLX Fraud,26089.08,West Bengal,Kolkata,2025-02-05T19:20:00,2025-02-06T05:20:00,2025-02-06T05:37:00
CMP_202604748,TYP_02,Fake Loan App,13584.77,Uttar Pradesh,District-33,2025-01-01T11:07:00,2025-01-01T23:07:00,2025-01-01T23:40:00
CMP_202604749,TYP_05,Sextortion,150736.71,Madhya Pradesh,District-41,2025-02-27T09:46:00,2025-02-27T14:46:00,2025-02-27T14:54:00
CMP_202604750,TYP_03,Part-Time Job Scam,156525.13,Kerala,District-48,2025-01-29T10:58:00,2025-01-30T00:58:00,2025-01-30T01:14:00
CMP_202604751,TYP_01,OTP / KYC Fraud,26345.24,Andhra Pradesh,District-26,2025-05-23T14:42:00,2025-05-23T19:42:00,2025-05-23T20:15:00
CMP_202604752,TYP_01,OTP / KYC Fraud,18418.89,Rajasthan,District-62,2025-05-20T11:28:00,2025-05-21T17:28:00,2025-05-21T18:14:00
CMP_202604753,TYP_02,Fake Loan App,3515.15,Rajasthan,Alwar,2025-01-22T22:26:00,2025-01-23T03:26:00,2025-01-23T03:55:00
CMP_202604754,TYP_04,Investment / Crypto Scam,1013769.79,Uttar Pradesh,District-37,2025-02-20T09:06:00,2025-02-20T10:06:00,2025-02-20T10:33:00
CMP_202604755,TYP_02,Fake Loan App,34421.69,Bihar,Purnia,2025-06-13T13:02:00,2025-06-13T18:02:00,2025-06-13T18:55:00
CMP_202604756,TYP_03,Part-Time Job Scam,224186.47,Madhya Pradesh,District-52,2025-01-22T19:35:00,2025-01-23T05:35:00,2025-01-23T05:54:00
CMP_202604757,TYP_01,OTP / KYC Fraud,11742.18,Rajasthan,Alwar,2025-05-24T11:39:00,2025-05-24T13:39:00,2025-05-24T14:30:00
CMP_202604758,TYP_01,OTP / KYC Fraud,11632.89,West Bengal,Siliguri,2025-03-30T18:37:00,2025-03-31T00:37:00,2025-03-31T01:26:00
CMP_202604759,TYP_02,Fake Loan App,26723.65,Rajasthan,District-46,2025-02-08T08:49:00,2025-02-09T03:49:00,2025-02-09T04:22:00
CMP_202604760,TYP_03,Part-Time Job Scam,278487.35,Telangana,District-39,2025-02-23T14:32:00,2025-02-23T16:32:00,2025-02-23T17:22:00
CMP_202604761,TYP_02,Fake Loan App,11172.17,West Bengal,District-35,2025-01-28T14:39:00,2025-01-28T16:39:00,2025-01-28T16:50:00
CMP_202604762,TYP_02,Fake Loan App,8252.37,West Bengal,Siliguri,2025-03-01T13:40:00,2025-03-02T15:40:00,2025-03-02T15:59:00
CMP_202604763,TYP_03,Part-Time Job Scam,506110.71,Odisha,District-68,2025-01-10T12:01:00,2025-01-10T16:01:00,2025-01-10T16:53:00
CMP_202604764,TYP_06,Marketplace / OLX Fraud,14333.04,Bihar,District-38,2025-04-14T04:25:00,2025-04-14T19:25:00,2025-04-14T19:57:00
CMP_202604765,TYP_06,Marketplace / OLX Fraud,27649.03,Punjab,District-25,2025-03-30T17:32:00,2025-03-30T19:32:00,2025-03-30T20:17:00
CMP_202604766,TYP_02,Fake Loan App,37017.55,Gujarat,Ahmedabad,2025-03-04T15:27:00,2025-03-05T08:27:00,2025-03-05T08:33:00
CMP_202604767,TYP_02,Fake Loan App,2955.58,Madhya Pradesh,District-60,2025-01-17T14:38:00,2025-01-17T15:38:00,2025-01-17T16:16:00
CMP_202604768,TYP_03,Part-Time Job Scam,114054.91,Telangana,District-39,2025-06-12T15:53:00,2025-06-12T22:53:00,2025-06-12T23:31:00
CMP_202604769,TYP_06,Marketplace / OLX Fraud,10205.29,Maharashtra,Pune,2025-04-09T13:55:00,2025-04-10T15:55:00,2025-04-10T16:14:00
CMP_202604770,TYP_02,Fake Loan App,10911.97,Karnataka,Bengaluru Urban,2025-01-30T14:10:00,2025-01-30T19:10:00,2025-01-30T19:16:00
CMP_202604771,TYP_06,Marketplace / OLX Fraud,16043.88,West Bengal,District-35,2025-05-07T14:00:00,2025-05-08T11:00:00,2025-05-08T11:12:00
CMP_202604772,TYP_01,OTP / KYC Fraud,34026.01,Assam,District-28,2025-06-10T10:26:00,2025-06-10T13:26:00,2025-06-10T14:22:00
CMP_202604773,TYP_06,Marketplace / OLX Fraud,53994.26,Maharashtra,Mumbai,2025-01-29T19:19:00,2025-01-29T22:19:00,2025-01-29T23:05:00
CMP_202604774,TYP_05,Sextortion,72496.21,Kerala,District-65,2025-04-16T18:16:00,2025-04-16T22:16:00,2025-04-16T23:14:00
CMP_202604775,TYP_02,Fake Loan App,4289.99,Odisha,District-54,2025-02-23T14:13:00,2025-02-23T15:13:00,2025-02-23T15:35:00
CMP_202604776,TYP_05,Sextortion,32104.3,Karnataka,District-34,2025-06-13T10:34:00,2025-06-13T17:34:00,2025-06-13T18:16:00
CMP_202604777,TYP_02,Fake Loan App,36411.99,Kerala,District-48,2025-06-08T09:48:00,2025-06-08T11:48:00,2025-06-08T12:44:00
CMP_202604778,TYP_02,Fake Loan App,16539.17,Jharkhand,Jamtara,2025-02-21T16:15:00,2025-02-21T21:15:00,2025-02-21T21:51:00
CMP_202604779,TYP_02,Fake Loan App,8411.36,Gujarat,District-50,2025-03-02T11:04:00,2025-03-03T14:04:00,2025-03-03T14:30:00
CMP_202604780,TYP_01,OTP / KYC Fraud,67571.42,Kerala,District-48,2025-02-05T19:36:00,2025-02-05T23:36:00,2025-02-06T00:28:00
CMP_202604781,TYP_05,Sextortion,54140.03,Andhra Pradesh,District-58,2025-05-27T06:06:00,2025-05-27T19:06:00,2025-05-27T19:14:00
CMP_202604782,TYP_01,OTP / KYC Fraud,26496.58,Kerala,District-65,2025-06-08T15:53:00,2025-06-08T19:53:00,2025-06-08T19:59:00
CMP_202604783,TYP_03,Part-Time Job Scam,276814.19,Maharashtra,Pune,2025-04-15T15:31:00,2025-04-15T17:31:00,2025-04-15T18:26:00
CMP_202604784,TYP_05,Sextortion,18135.34,Madhya Pradesh,District-52,2025-03-28T13:58:00,2025-03-28T20:58:00,2025-03-28T21:58:00
CMP_202604785,TYP_02,Fake Loan App,8432.2,Karnataka,District-56,2025-05-12T17:48:00,2025-05-13T01:48:00,2025-05-13T02:39:00
CMP_202604786,TYP_06,Marketplace / OLX Fraud,11578.11,Assam,District-21,2025-03-23T10:48:00,2025-03-23T17:48:00,2025-03-23T17:56:00
CMP_202604787,TYP_05,Sextortion,11156.79,Andhra Pradesh,District-67,2025-01-11T09:42:00,2025-01-11T12:42:00,2025-01-11T13:23:00
CMP_202604788,TYP_05,Sextortion,82778.76,Bihar,Purnia,2025-03-28T14:26:00,2025-03-28T17:26:00,2025-03-28T18:08:00
CMP_202604789,TYP_06,Marketplace / OLX Fraud,5749.58,Maharashtra,Pune,2025-05-02T15:42:00,2025-05-02T18:42:00,2025-05-02T18:59:00
CMP_202604790,TYP_03,Part-Time Job Scam,287906.94,Andhra Pradesh,District-64,2025-02-20T11:12:00,2025-02-20T20:12:00,2025-02-20T20:51:00
CMP_202604791,TYP_03,Part-Time Job Scam,70088.19,Andhra Pradesh,District-64,2025-03-23T09:47:00,2025-03-23T15:47:00,2025-03-23T16:20:00
CMP_202604792,TYP_05,Sextortion,24074.8,Jharkhand,Deoghar,2025-03-03T09:39:00,2025-03-07T01:39:00,2025-03-07T02:06:00
CMP_202604793,TYP_01,OTP / KYC Fraud,22650.91,Rajasthan,Bharatpur,2025-04-19T20:10:00,2025-04-20T07:10:00,2025-04-20T07:35:00
CMP_202604794,TYP_02,Fake Loan App,13162.26,Karnataka,District-42,2025-02-07T18:32:00,2025-02-08T08:32:00,2025-02-08T09:20:00
CMP_202604795,TYP_05,Sextortion,18395.34,Telangana,District-39,2025-02-28T17:36:00,2025-03-01T02:36:00,2025-03-01T02:48:00
CMP_202604796,TYP_04,Investment / Crypto Scam,808358.64,Andhra Pradesh,District-67,2025-05-19T11:24:00,2025-05-20T20:24:00,2025-05-20T21:09:00
CMP_202604797,TYP_05,Sextortion,20996.33,Rajasthan,District-46,2025-06-21T18:51:00,2025-06-21T20:51:00,2025-06-21T21:45:00
CMP_202604798,TYP_06,Marketplace / OLX Fraud,7744.25,Maharashtra,District-32,2025-01-31T14:56:00,2025-02-01T03:56:00,2025-02-01T04:51:00
CMP_202604799,TYP_03,Part-Time Job Scam,50229.56,Haryana,Gurugram,2025-05-26T07:17:00,2025-05-28T21:17:00,2025-05-28T21:46:00
CMP_202604800,TYP_05,Sextortion,47060.79,West Bengal,District-66,2025-03-19T15:52:00,2025-03-20T06:52:00,2025-03-20T07:50:00
CMP_202604801,TYP_03,Part-Time Job Scam,97096.64,Bihar,District-38,2025-02-21T19:21:00,2025-02-22T06:21:00,2025-02-22T06:53:00
CMP_202604802,TYP_05,Sextortion,34207.8,Bihar,Purnia,2025-05-09T17:01:00,2025-05-09T21:01:00,2025-05-09T21:49:00
CMP_202604803,TYP_03,Part-Time Job Scam,113774.94,Haryana,Gurugram,2025-04-02T13:41:00,2025-04-02T18:41:00,2025-04-02T19:15:00
CMP_202604804,TYP_02,Fake Loan App,7069.73,Andhra Pradesh,District-44,2025-04-04T15:54:00,2025-04-04T17:54:00,2025-04-04T18:22:00
CMP_202604805,TYP_05,Sextortion,28021.16,Uttar Pradesh,District-43,2025-04-09T10:57:00,2025-04-09T12:57:00,2025-04-09T13:39:00
CMP_202604806,TYP_03,Part-Time Job Scam,153137.51,Andhra Pradesh,District-44,2025-02-04T15:48:00,2025-02-04T23:48:00,2025-02-05T00:25:00
CMP_202604807,TYP_01,OTP / KYC Fraud,35704.8,Karnataka,Bengaluru Urban,2025-04-30T05:25:00,2025-04-30T10:25:00,2025-04-30T11:15:00
CMP_202604808,TYP_06,Marketplace / OLX Fraud,3669.59,Odisha,District-22,2025-06-18T14:30:00,2025-06-18T15:30:00,2025-06-18T16:18:00
CMP_202604809,TYP_05,Sextortion,19508.67,Karnataka,District-34,2025-05-28T14:49:00,2025-05-28T23:49:00,2025-05-29T00:37:00
CMP_202604810,TYP_01,OTP / KYC Fraud,20251.88,Rajasthan,District-62,2025-03-11T16:15:00,2025-03-12T06:15:00,2025-03-12T06:38:00
CMP_202604811,TYP_06,Marketplace / OLX Fraud,11221.13,Karnataka,District-34,2025-01-23T07:23:00,2025-01-23T15:23:00,2025-01-23T16:17:00
CMP_202604812,TYP_05,Sextortion,42901.15,Uttar Pradesh,District-43,2025-04-11T17:33:00,2025-04-12T04:33:00,2025-04-12T04:55:00
CMP_202604813,TYP_04,Investment / Crypto Scam,1014456.9,Punjab,District-36,2025-02-26T13:50:00,2025-02-26T14:50:00,2025-02-26T15:44:00
CMP_202604814,TYP_04,Investment / Crypto Scam,516781.82,Andhra Pradesh,District-67,2025-06-28T15:39:00,2025-06-28T20:39:00,2025-06-28T21:35:00
CMP_202604815,TYP_02,Fake Loan App,11902.62,West Bengal,District-66,2025-06-23T13:40:00,2025-06-25T02:40:00,2025-06-25T03:37:00
CMP_202604816,TYP_06,Marketplace / OLX Fraud,1366.39,Telangana,Hyderabad,2025-05-15T15:26:00,2025-05-15T17:26:00,2025-05-15T18:17:00
CMP_202604817,TYP_05,Sextortion,43618.4,Tamil Nadu,District-49,2025-02-20T13:06:00,2025-02-20T14:06:00,2025-02-20T14:22:00
CMP_202604818,TYP_02,Fake Loan App,12016.06,West Bengal,Siliguri,2025-04-02T15:32:00,2025-04-03T00:32:00,2025-04-03T01:11:00
CMP_202604819,TYP_01,OTP / KYC Fraud,8144.77,West Bengal,District-35,2025-04-04T16:09:00,2025-04-05T03:09:00,2025-04-05T03:17:00
CMP_202604820,TYP_03,Part-Time Job Scam,122812.75,Madhya Pradesh,District-41,2025-02-05T16:49:00,2025-02-06T01:49:00,2025-02-06T02:49:00
CMP_202604821,TYP_05,Sextortion,141603.36,Punjab,District-36,2025-06-13T17:16:00,2025-06-14T09:16:00,2025-06-14T09:54:00
CMP_202604822,TYP_01,OTP / KYC Fraud,18488.04,Gujarat,District-31,2025-03-16T15:01:00,2025-03-17T13:01:00,2025-03-17T13:37:00
CMP_202604823,TYP_04,Investment / Crypto Scam,64489.05,Maharashtra,Mumbai,2025-03-02T14:33:00,2025-03-02T15:33:00,2025-03-02T16:32:00
CMP_202604824,TYP_05,Sextortion,56188.74,Uttar Pradesh,District-37,2025-01-25T10:04:00,2025-01-25T14:04:00,2025-01-25T14:16:00
CMP_202604825,TYP_03,Part-Time Job Scam,698044.15,Odisha,District-54,2025-03-19T10:36:00,2025-03-19T18:36:00,2025-03-19T19:05:00
CMP_202604826,TYP_01,OTP / KYC Fraud,174412.09,Punjab,District-36,2025-05-16T15:18:00,2025-05-16T18:18:00,2025-05-16T18:31:00
CMP_202604827,TYP_06,Marketplace / OLX Fraud,3236.84,Jharkhand,Deoghar,2025-04-26T10:02:00,2025-04-27T01:02:00,2025-04-27T01:15:00
CMP_202604828,TYP_06,Marketplace / OLX Fraud,7026.18,Jharkhand,District-45,2025-04-19T19:58:00,2025-04-19T23:58:00,2025-04-20T00:47:00
CMP_202604829,TYP_03,Part-Time Job Scam,298421.3,Gujarat,District-70,2025-03-18T13:56:00,2025-03-18T18:56:00,2025-03-18T19:53:00
CMP_202604830,TYP_05,Sextortion,39606.66,Karnataka,District-61,2025-03-15T17:02:00,2025-03-19T13:02:00,2025-03-19T13:55:00
CMP_202604831,TYP_06,Marketplace / OLX Fraud,4244.31,West Bengal,District-66,2025-03-09T19:53:00,2025-03-10T03:53:00,2025-03-10T04:34:00
CMP_202604832,TYP_02,Fake Loan App,21893.21,Gujarat,District-50,2025-04-29T17:50:00,2025-04-30T05:50:00,2025-04-30T06:38:00
CMP_202604833,TYP_02,Fake Loan App,13370.25,Odisha,District-22,2025-02-24T13:37:00,2025-02-24T14:37:00,2025-02-24T14:50:00
CMP_202604834,TYP_03,Part-Time Job Scam,445171.9,Karnataka,District-34,2025-02-16T15:05:00,2025-02-16T22:05:00,2025-02-16T22:28:00
CMP_202604835,TYP_02,Fake Loan App,13779.26,Madhya Pradesh,District-53,2025-03-14T17:19:00,2025-03-14T19:19:00,2025-03-14T20:05:00
CMP_202604836,TYP_05,Sextortion,160666.25,West Bengal,District-55,2025-06-04T13:44:00,2025-06-04T17:44:00,2025-06-04T18:07:00
CMP_202604837,TYP_02,Fake Loan App,48170.62,Odisha,District-68,2025-03-08T15:20:00,2025-03-08T21:20:00,2025-03-08T22:20:00
CMP_202604838,TYP_03,Part-Time Job Scam,240336.73,Maharashtra,District-47,2025-04-17T11:55:00,2025-04-17T17:55:00,2025-04-17T18:10:00
CMP_202604839,TYP_02,Fake Loan App,46635.02,West Bengal,District-55,2025-03-13T17:24:00,2025-03-15T09:24:00,2025-03-15T09:58:00
CMP_202604840,TYP_06,Marketplace / OLX Fraud,5874.08,Madhya Pradesh,District-40,2025-05-03T20:40:00,2025-05-04T00:40:00,2025-05-04T01:01:00
CMP_202604841,TYP_03,Part-Time Job Scam,175974.67,Gujarat,District-50,2025-06-23T18:05:00,2025-06-24T19:05:00,2025-06-24T19:26:00
CMP_202604842,TYP_01,OTP / KYC Fraud,65004.71,Punjab,District-25,2025-04-13T14:07:00,2025-04-14T00:07:00,2025-04-14T00:19:00
CMP_202604843,TYP_06,Marketplace / OLX Fraud,3309.98,Uttar Pradesh,Gorakhpur,2025-04-30T10:08:00,2025-04-30T11:08:00,2025-04-30T11:49:00
CMP_202604844,TYP_02,Fake Loan App,5084.28,Kerala,District-65,2025-02-19T23:38:00,2025-02-20T12:38:00,2025-02-20T13:20:00
CMP_202604845,TYP_05,Sextortion,49849.44,Odisha,District-68,2025-02-23T12:29:00,2025-02-24T23:29:00,2025-02-25T00:20:00
CMP_202604846,TYP_03,Part-Time Job Scam,152606.08,West Bengal,District-66,2025-04-01T14:33:00,2025-04-02T02:33:00,2025-04-02T03:26:00
CMP_202604847,TYP_01,OTP / KYC Fraud,19192.83,Gujarat,District-24,2025-05-09T15:07:00,2025-05-09T18:07:00,2025-05-09T18:23:00
CMP_202604848,TYP_06,Marketplace / OLX Fraud,8541.81,Haryana,District-75,2025-03-19T10:47:00,2025-03-19T12:47:00,2025-03-19T13:21:00
CMP_202604849,TYP_05,Sextortion,34873.88,West Bengal,District-55,2025-04-14T10:02:00,2025-04-14T11:02:00,2025-04-14T11:24:00
CMP_202604850,TYP_02,Fake Loan App,20806.19,Kerala,District-48,2025-01-03T10:11:00,2025-01-03T20:11:00,2025-01-03T20:38:00
CMP_202604851,TYP_05,Sextortion,120832.79,Odisha,District-68,2025-04-19T18:27:00,2025-04-19T22:27:00,2025-04-19T23:04:00
CMP_202604852,TYP_05,Sextortion,15161.41,Odisha,District-73,2025-02-21T08:23:00,2025-02-21T12:23:00,2025-02-21T12:38:00
CMP_202604853,TYP_02,Fake Loan App,2394.58,Assam,District-21,2025-06-20T16:31:00,2025-06-20T20:31:00,2025-06-20T20:36:00
CMP_202604854,TYP_02,Fake Loan App,5827.03,Odisha,District-27,2025-06-02T16:14:00,2025-06-03T10:14:00,2025-06-03T10:30:00
CMP_202604855,TYP_05,Sextortion,40474.41,Maharashtra,Mumbai,2025-02-27T15:07:00,2025-02-27T17:07:00,2025-02-27T17:12:00
CMP_202604856,TYP_05,Sextortion,48962.13,Maharashtra,District-32,2025-02-26T13:05:00,2025-02-27T20:05:00,2025-02-27T20:33:00
CMP_202604857,TYP_03,Part-Time Job Scam,98820.81,Madhya Pradesh,District-60,2025-06-22T15:16:00,2025-06-23T05:16:00,2025-06-23T05:32:00
CMP_202604858,TYP_06,Marketplace / OLX Fraud,2086.15,Karnataka,District-61,2025-04-02T07:10:00,2025-04-02T13:10:00,2025-04-02T14:06:00
CMP_202604859,TYP_03,Part-Time Job Scam,45047.79,Maharashtra,District-30,2025-05-19T06:10:00,2025-05-19T09:10:00,2025-05-19T09:22:00
CMP_202604860,TYP_02,Fake Loan App,21394.29,Punjab,Amritsar,2025-06-08T15:57:00,2025-06-08T16:57:00,2025-06-08T17:19:00
CMP_202604861,TYP_05,Sextortion,29761.46,Karnataka,District-42,2025-03-07T14:36:00,2025-03-07T15:36:00,2025-03-07T16:00:00
CMP_202604862,TYP_05,Sextortion,49030.9,Odisha,District-68,2025-05-04T15:36:00,2025-05-04T19:36:00,2025-05-04T20:06:00
CMP_202604863,TYP_05,Sextortion,49036.54,Uttar Pradesh,Mathura,2025-04-19T11:11:00,2025-04-20T03:11:00,2025-04-20T03:18:00
CMP_202604864,TYP_06,Marketplace / OLX Fraud,2074.8,Karnataka,District-51,2025-01-30T13:24:00,2025-02-01T10:24:00,2025-02-01T10:30:00
CMP_202604865,TYP_03,Part-Time Job Scam,61166.94,Uttar Pradesh,Gorakhpur,2025-05-23T12:40:00,2025-05-23T18:40:00,2025-05-23T19:25:00
CMP_202604866,TYP_05,Sextortion,10571.48,Assam,District-21,2025-03-02T20:36:00,2025-03-02T22:36:00,2025-03-02T23:06:00
CMP_202604867,TYP_06,Marketplace / OLX Fraud,6478.16,Maharashtra,District-32,2025-04-12T14:49:00,2025-04-12T19:49:00,2025-04-12T20:20:00
CMP_202604868,TYP_06,Marketplace / OLX Fraud,17044.44,West Bengal,Siliguri,2025-05-21T14:40:00,2025-05-22T07:40:00,2025-05-22T07:51:00
CMP_202604869,TYP_02,Fake Loan App,133250.05,Karnataka,District-61,2025-03-03T13:24:00,2025-03-03T18:24:00,2025-03-03T18:52:00
CMP_202604870,TYP_06,Marketplace / OLX Fraud,8542.94,Uttar Pradesh,Gorakhpur,2025-05-12T19:00:00,2025-05-12T20:00:00,2025-05-12T20:27:00
CMP_202604871,TYP_03,Part-Time Job Scam,73892.48,West Bengal,Kolkata,2025-01-27T13:03:00,2025-01-27T15:03:00,2025-01-27T15:15:00
CMP_202604872,TYP_02,Fake Loan App,23859.32,Andhra Pradesh,District-26,2025-04-01T13:49:00,2025-04-01T14:49:00,2025-04-01T15:32:00
CMP_202604873,TYP_02,Fake Loan App,15761.59,Uttar Pradesh,District-37,2025-01-15T19:39:00,2025-01-16T02:39:00,2025-01-16T03:21:00
CMP_202604874,TYP_03,Part-Time Job Scam,29882.32,Jharkhand,Jamtara,2025-06-04T12:05:00,2025-06-05T18:05:00,2025-06-05T19:00:00
CMP_202604875,TYP_05,Sextortion,22745.79,Maharashtra,Mumbai,2025-03-21T07:54:00,2025-03-21T13:54:00,2025-03-21T14:43:00
CMP_202604876,TYP_02,Fake Loan App,6657.0,Gujarat,Ahmedabad,2025-02-17T16:27:00,2025-02-18T10:27:00,2025-02-18T11:04:00
CMP_202604877,TYP_05,Sextortion,12726.38,Punjab,District-25,2025-05-18T18:42:00,2025-05-18T20:42:00,2025-05-18T20:54:00
CMP_202604878,TYP_03,Part-Time Job Scam,156007.55,Tamil Nadu,Chennai,2025-06-10T23:15:00,2025-06-11T00:15:00,2025-06-11T00:47:00
CMP_202604879,TYP_03,Part-Time Job Scam,58304.43,Karnataka,Bengaluru Urban,2025-02-22T17:59:00,2025-02-22T20:59:00,2025-02-22T21:12:00
CMP_202604880,TYP_03,Part-Time Job Scam,173576.38,Uttar Pradesh,District-43,2025-04-21T09:53:00,2025-04-21T13:53:00,2025-04-21T14:32:00
CMP_202604881,TYP_05,Sextortion,67783.98,Madhya Pradesh,District-52,2025-05-15T09:45:00,2025-05-15T17:45:00,2025-05-15T18:07:00
CMP_202604882,TYP_02,Fake Loan App,40325.75,Telangana,Hyderabad,2025-01-19T15:33:00,2025-01-19T19:33:00,2025-01-19T20:13:00
CMP_202604883,TYP_03,Part-Time Job Scam,70898.73,Madhya Pradesh,District-40,2025-04-26T21:11:00,2025-04-27T03:11:00,2025-04-27T03:56:00
CMP_202604884,TYP_02,Fake Loan App,16437.82,Karnataka,District-42,2025-02-13T12:53:00,2025-02-13T21:53:00,2025-02-13T22:16:00
CMP_202604885,TYP_03,Part-Time Job Scam,250762.71,Haryana,Mewat,2025-02-23T12:11:00,2025-02-23T21:11:00,2025-02-23T21:44:00
CMP_202604886,TYP_02,Fake Loan App,58769.57,Kerala,District-59,2025-05-25T17:56:00,2025-05-27T14:56:00,2025-05-27T15:31:00
CMP_202604887,TYP_02,Fake Loan App,17107.91,Telangana,Hyderabad,2025-03-26T11:36:00,2025-03-26T16:36:00,2025-03-26T17:26:00
CMP_202604888,TYP_06,Marketplace / OLX Fraud,14308.02,Maharashtra,District-47,2025-03-22T15:19:00,2025-03-22T17:19:00,2025-03-22T17:34:00
CMP_202604889,TYP_06,Marketplace / OLX Fraud,13507.42,Haryana,Mewat,2025-02-04T17:41:00,2025-02-05T17:41:00,2025-02-05T18:14:00
CMP_202604890,TYP_02,Fake Loan App,55396.18,Andhra Pradesh,District-26,2025-03-30T09:35:00,2025-03-30T14:35:00,2025-03-30T15:22:00
CMP_202604891,TYP_01,OTP / KYC Fraud,24229.05,Uttar Pradesh,District-43,2025-03-31T05:24:00,2025-03-31T10:24:00,2025-03-31T10:49:00
CMP_202604892,TYP_06,Marketplace / OLX Fraud,6404.83,Uttar Pradesh,Noida,2025-04-15T16:41:00,2025-04-16T08:41:00,2025-04-16T09:25:00
CMP_202604893,TYP_04,Investment / Crypto Scam,813411.15,West Bengal,Kolkata,2025-06-06T18:15:00,2025-06-06T21:15:00,2025-06-06T22:15:00
CMP_202604894,TYP_01,OTP / KYC Fraud,5770.79,Maharashtra,Pune,2025-05-02T07:47:00,2025-05-02T09:47:00,2025-05-02T09:56:00
CMP_202604895,TYP_01,OTP / KYC Fraud,70827.15,Punjab,District-25,2025-04-06T22:24:00,2025-04-07T00:24:00,2025-04-07T00:51:00
CMP_202604896,TYP_02,Fake Loan App,33910.02,Kerala,District-48,2025-06-04T15:43:00,2025-06-04T23:43:00,2025-06-05T00:09:00
CMP_202604897,TYP_01,OTP / KYC Fraud,5295.82,Andhra Pradesh,District-67,2025-01-07T09:16:00,2025-01-07T21:16:00,2025-01-07T22:03:00
CMP_202604898,TYP_04,Investment / Crypto Scam,198368.08,Uttar Pradesh,District-33,2025-04-16T12:41:00,2025-04-16T13:41:00,2025-04-16T14:06:00
CMP_202604899,TYP_05,Sextortion,88687.96,Andhra Pradesh,District-44,2025-05-10T10:26:00,2025-05-10T13:26:00,2025-05-10T14:21:00
CMP_202604900,TYP_06,Marketplace / OLX Fraud,15216.41,Gujarat,District-31,2025-01-10T15:32:00,2025-01-10T20:32:00,2025-01-10T21:01:00
CMP_202604901,TYP_05,Sextortion,69981.71,Andhra Pradesh,District-64,2025-06-10T13:31:00,2025-06-10T20:31:00,2025-06-10T20:37:00
CMP_202604902,TYP_05,Sextortion,104281.06,Maharashtra,Mumbai,2025-06-13T17:26:00,2025-06-13T19:26:00,2025-06-13T19:53:00
CMP_202604903,TYP_06,Marketplace / OLX Fraud,9094.63,Gujarat,District-50,2025-03-25T21:04:00,2025-03-26T09:04:00,2025-03-26T10:03:00
CMP_202604904,TYP_02,Fake Loan App,13566.81,Odisha,District-22,2025-03-14T14:29:00,2025-03-15T02:29:00,2025-03-15T02:42:00
CMP_202604905,TYP_05,Sextortion,17632.32,Odisha,District-68,2025-03-09T11:05:00,2025-03-09T19:05:00,2025-03-09T19:45:00
CMP_202604906,TYP_02,Fake Loan App,19485.69,Maharashtra,Pune,2025-02-16T07:30:00,2025-02-16T14:30:00,2025-02-16T15:29:00
CMP_202604907,TYP_05,Sextortion,3242.21,Madhya Pradesh,District-52,2025-05-03T14:44:00,2025-05-03T15:44:00,2025-05-03T16:41:00
CMP_202604908,TYP_02,Fake Loan App,21093.86,Bihar,Purnia,2025-05-30T16:23:00,2025-05-31T13:23:00,2025-05-31T14:10:00
CMP_202604909,TYP_02,Fake Loan App,50028.73,Haryana,District-75,2025-03-19T14:29:00,2025-03-20T01:29:00,2025-03-20T01:43:00
CMP_202604910,TYP_02,Fake Loan App,39129.18,West Bengal,District-66,2025-03-29T14:14:00,2025-03-30T02:14:00,2025-03-30T02:23:00
CMP_202604911,TYP_06,Marketplace / OLX Fraud,16453.44,Karnataka,District-56,2025-01-08T13:23:00,2025-01-09T02:23:00,2025-01-09T02:33:00
CMP_202604912,TYP_02,Fake Loan App,38846.22,Gujarat,District-24,2025-03-05T12:04:00,2025-03-05T17:04:00,2025-03-05T17:42:00
CMP_202604913,TYP_03,Part-Time Job Scam,254724.75,Rajasthan,Bharatpur,2025-05-24T12:13:00,2025-05-24T16:13:00,2025-05-24T16:48:00
CMP_202604914,TYP_06,Marketplace / OLX Fraud,41623.32,Haryana,Gurugram,2025-06-23T07:21:00,2025-06-23T18:21:00,2025-06-23T19:07:00
CMP_202604915,TYP_03,Part-Time Job Scam,19570.52,Odisha,District-54,2025-03-13T15:25:00,2025-03-13T17:25:00,2025-03-13T17:54:00
CMP_202604916,TYP_02,Fake Loan App,55523.21,Jharkhand,Deoghar,2025-03-19T15:40:00,2025-03-20T13:40:00,2025-03-20T13:50:00
CMP_202604917,TYP_02,Fake Loan App,22014.8,Odisha,District-22,2025-02-25T18:55:00,2025-02-26T18:55:00,2025-02-26T19:27:00
CMP_202604918,TYP_02,Fake Loan App,2966.56,Maharashtra,Mumbai,2025-02-12T13:54:00,2025-02-13T06:54:00,2025-02-13T07:27:00
CMP_202604919,TYP_01,OTP / KYC Fraud,24054.5,Gujarat,District-50,2025-01-19T08:06:00,2025-01-19T10:06:00,2025-01-19T10:17:00
CMP_202604920,TYP_02,Fake Loan App,8397.9,Rajasthan,District-46,2025-03-20T10:51:00,2025-03-20T18:51:00,2025-03-20T19:29:00
CMP_202604921,TYP_05,Sextortion,55499.06,Uttar Pradesh,Gorakhpur,2025-05-27T13:13:00,2025-05-28T01:13:00,2025-05-28T01:36:00
CMP_202604922,TYP_05,Sextortion,26095.78,Madhya Pradesh,District-52,2025-02-08T11:01:00,2025-02-08T14:01:00,2025-02-08T14:52:00
CMP_202604923,TYP_05,Sextortion,27858.42,Uttar Pradesh,District-33,2025-05-22T10:38:00,2025-05-23T08:38:00,2025-05-23T09:38:00
CMP_202604924,TYP_01,OTP / KYC Fraud,74182.27,Bihar,District-38,2025-06-07T05:00:00,2025-06-08T08:00:00,2025-06-08T08:16:00
CMP_202604925,TYP_01,OTP / KYC Fraud,143696.73,Madhya Pradesh,District-40,2025-01-06T13:20:00,2025-01-06T15:20:00,2025-01-06T16:16:00
CMP_202604926,TYP_05,Sextortion,45289.72,Andhra Pradesh,District-44,2025-05-13T12:24:00,2025-05-13T21:24:00,2025-05-13T21:43:00
CMP_202604927,TYP_03,Part-Time Job Scam,93971.27,West Bengal,District-35,2025-05-21T16:48:00,2025-05-22T02:48:00,2025-05-22T02:57:00
CMP_202604928,TYP_01,OTP / KYC Fraud,21426.9,Andhra Pradesh,District-67,2025-05-04T22:08:00,2025-05-07T13:08:00,2025-05-07T13:44:00
CMP_202604929,TYP_02,Fake Loan App,41883.69,Delhi,South Delhi,2025-05-08T13:41:00,2025-05-08T18:41:00,2025-05-08T19:34:00
CMP_202604930,TYP_02,Fake Loan App,14706.38,Rajasthan,District-62,2025-05-06T19:25:00,2025-05-07T18:25:00,2025-05-07T18:59:00
CMP_202604931,TYP_03,Part-Time Job Scam,186513.95,Telangana,Hyderabad,2025-03-16T08:43:00,2025-03-16T16:43:00,2025-03-16T17:03:00
CMP_202604932,TYP_04,Investment / Crypto Scam,153503.52,Andhra Pradesh,District-26,2025-01-22T15:30:00,2025-01-22T20:30:00,2025-01-22T21:20:00
CMP_202604933,TYP_02,Fake Loan App,6018.92,Jharkhand,Deoghar,2025-06-21T15:04:00,2025-06-22T09:04:00,2025-06-22T09:33:00
CMP_202604934,TYP_06,Marketplace / OLX Fraud,23804.21,Maharashtra,District-32,2025-01-05T14:46:00,2025-01-06T01:46:00,2025-01-06T02:45:00
CMP_202604935,TYP_04,Investment / Crypto Scam,394089.27,Punjab,District-25,2025-02-07T05:54:00,2025-02-07T10:54:00,2025-02-07T11:28:00
CMP_202604936,TYP_06,Marketplace / OLX Fraud,6171.87,Maharashtra,Pune,2025-01-25T12:44:00,2025-01-25T15:44:00,2025-01-25T16:06:00
CMP_202604937,TYP_01,OTP / KYC Fraud,10094.39,Madhya Pradesh,District-52,2025-04-18T16:48:00,2025-04-18T22:48:00,2025-04-18T23:40:00
CMP_202604938,TYP_02,Fake Loan App,25893.5,Chhattisgarh,District-57,2025-06-17T13:49:00,2025-06-17T18:49:00,2025-06-17T19:02:00
CMP_202604939,TYP_06,Marketplace / OLX Fraud,25743.47,Maharashtra,Pune,2025-05-03T17:41:00,2025-05-03T18:41:00,2025-05-03T18:52:00
CMP_202604940,TYP_04,Investment / Crypto Scam,420818.83,Odisha,District-68,2025-03-27T20:04:00,2025-03-28T00:04:00,2025-03-28T00:33:00
CMP_202604941,TYP_05,Sextortion,174418.26,Andhra Pradesh,District-67,2025-01-30T23:22:00,2025-01-31T01:22:00,2025-01-31T02:05:00
CMP_202604942,TYP_06,Marketplace / OLX Fraud,11017.55,Uttar Pradesh,District-37,2025-04-02T12:31:00,2025-04-02T20:31:00,2025-04-02T20:44:00
CMP_202604943,TYP_06,Marketplace / OLX Fraud,9629.32,Andhra Pradesh,District-67,2025-05-07T16:52:00,2025-05-08T11:52:00,2025-05-08T12:44:00
CMP_202604944,TYP_03,Part-Time Job Scam,103548.93,Chhattisgarh,District-71,2025-05-20T18:17:00,2025-05-20T23:17:00,2025-05-21T00:00:00
CMP_202604945,TYP_06,Marketplace / OLX Fraud,22847.25,Karnataka,District-51,2025-05-03T18:24:00,2025-05-03T22:24:00,2025-05-03T22:45:00
CMP_202604946,TYP_05,Sextortion,17149.05,Chhattisgarh,District-57,2025-04-10T23:29:00,2025-04-11T04:29:00,2025-04-11T05:26:00
CMP_202604947,TYP_06,Marketplace / OLX Fraud,6166.4,West Bengal,District-55,2025-05-14T08:13:00,2025-05-14T12:13:00,2025-05-14T12:29:00
CMP_202604948,TYP_01,OTP / KYC Fraud,11508.29,Karnataka,District-51,2025-04-17T09:41:00,2025-04-17T13:41:00,2025-04-17T14:32:00
CMP_202604949,TYP_03,Part-Time Job Scam,168832.8,Delhi,South Delhi,2025-02-15T14:56:00,2025-02-15T18:56:00,2025-02-15T19:37:00
CMP_202604950,TYP_02,Fake Loan App,3495.43,West Bengal,District-66,2025-03-25T07:05:00,2025-03-26T04:05:00,2025-03-26T05:00:00
CMP_202604951,TYP_06,Marketplace / OLX Fraud,12181.59,Rajasthan,Alwar,2025-06-03T10:36:00,2025-06-03T11:36:00,2025-06-03T12:02:00
CMP_202604952,TYP_02,Fake Loan App,8592.88,Madhya Pradesh,District-52,2025-06-02T02:53:00,2025-06-02T16:53:00,2025-06-02T17:00:00
CMP_202604953,TYP_05,Sextortion,19448.7,West Bengal,Siliguri,2025-04-27T12:34:00,2025-04-28T05:34:00,2025-04-28T06:29:00
CMP_202604954,TYP_01,OTP / KYC Fraud,26728.46,Uttar Pradesh,Mathura,2025-04-19T07:23:00,2025-04-19T09:23:00,2025-04-19T09:30:00
CMP_202604955,TYP_06,Marketplace / OLX Fraud,14008.64,Chhattisgarh,District-71,2025-04-27T19:16:00,2025-04-28T06:16:00,2025-04-28T06:59:00
CMP_202604956,TYP_02,Fake Loan App,26533.24,Jharkhand,District-45,2025-04-17T19:47:00,2025-04-17T22:47:00,2025-04-17T23:25:00
CMP_202604957,TYP_05,Sextortion,31420.58,Jharkhand,District-72,2025-04-25T09:55:00,2025-04-25T12:55:00,2025-04-25T13:26:00
CMP_202604958,TYP_03,Part-Time Job Scam,341966.71,West Bengal,District-66,2025-01-15T11:10:00,2025-01-15T16:10:00,2025-01-15T17:06:00
CMP_202604959,TYP_03,Part-Time Job Scam,138048.95,Madhya Pradesh,District-60,2025-05-02T12:12:00,2025-05-02T20:12:00,2025-05-02T21:05:00
CMP_202604960,TYP_02,Fake Loan App,152587.44,Madhya Pradesh,District-41,2025-06-30T12:25:00,2025-06-30T19:25:00,2025-06-30T20:12:00
CMP_202604961,TYP_01,OTP / KYC Fraud,8351.72,Telangana,Hyderabad,2025-03-04T15:29:00,2025-03-05T00:29:00,2025-03-05T00:53:00
CMP_202604962,TYP_06,Marketplace / OLX Fraud,9729.4,Gujarat,Ahmedabad,2025-03-01T11:06:00,2025-03-01T14:06:00,2025-03-01T14:25:00
CMP_202604963,TYP_06,Marketplace / OLX Fraud,45203.62,Uttar Pradesh,District-33,2025-04-15T12:37:00,2025-04-19T15:37:00,2025-04-19T16:26:00
CMP_202604964,TYP_03,Part-Time Job Scam,405525.61,West Bengal,District-66,2025-01-16T11:22:00,2025-01-16T18:22:00,2025-01-16T18:37:00
CMP_202604965,TYP_02,Fake Loan App,5591.13,Tamil Nadu,District-49,2025-01-22T18:24:00,2025-01-23T19:24:00,2025-01-23T19:51:00
CMP_202604966,TYP_02,Fake Loan App,18203.77,Uttar Pradesh,Noida,2025-05-29T11:43:00,2025-05-29T20:43:00,2025-05-29T21:17:00
CMP_202604967,TYP_02,Fake Loan App,16922.47,Karnataka,Bengaluru Urban,2025-03-26T20:36:00,2025-03-26T21:36:00,2025-03-26T22:29:00
CMP_202604968,TYP_02,Fake Loan App,40375.31,Assam,District-28,2025-03-18T11:11:00,2025-03-18T14:11:00,2025-03-18T14:51:00
CMP_202604969,TYP_02,Fake Loan App,11783.8,Assam,District-28,2025-05-01T23:06:00,2025-05-02T10:06:00,2025-05-02T10:16:00
CMP_202604970,TYP_06,Marketplace / OLX Fraud,17116.99,Bihar,District-38,2025-04-01T09:19:00,2025-04-01T18:19:00,2025-04-01T19:16:00
CMP_202604971,TYP_03,Part-Time Job Scam,140105.83,Odisha,District-27,2025-03-14T10:34:00,2025-03-15T11:34:00,2025-03-15T11:49:00
CMP_202604972,TYP_02,Fake Loan App,9763.25,Punjab,District-25,2025-03-13T05:32:00,2025-03-13T09:32:00,2025-03-13T10:24:00
CMP_202604973,TYP_04,Investment / Crypto Scam,444739.44,Andhra Pradesh,District-26,2025-03-26T11:52:00,2025-03-28T03:52:00,2025-03-28T04:46:00
CMP_202604974,TYP_02,Fake Loan App,15059.91,Punjab,District-36,2025-02-09T17:54:00,2025-02-09T21:54:00,2025-02-09T22:27:00
CMP_202604975,TYP_02,Fake Loan App,5219.33,Uttar Pradesh,Mathura,2025-05-23T14:54:00,2025-05-23T15:54:00,2025-05-23T16:44:00
CMP_202604976,TYP_06,Marketplace / OLX Fraud,37720.82,Maharashtra,District-47,2025-03-18T16:06:00,2025-03-18T21:06:00,2025-03-18T21:14:00
CMP_202604977,TYP_03,Part-Time Job Scam,125623.63,Uttar Pradesh,Gorakhpur,2025-01-08T09:45:00,2025-01-08T12:45:00,2025-01-08T13:39:00
CMP_202604978,TYP_06,Marketplace / OLX Fraud,29183.02,Punjab,District-25,2025-05-15T13:36:00,2025-05-15T23:36:00,2025-05-15T23:53:00
CMP_202604979,TYP_01,OTP / KYC Fraud,6806.09,Maharashtra,District-30,2025-03-31T15:30:00,2025-03-31T16:30:00,2025-03-31T16:51:00
CMP_202604980,TYP_04,Investment / Crypto Scam,1120552.57,Odisha,District-68,2025-02-22T17:25:00,2025-02-23T18:25:00,2025-02-23T19:00:00
CMP_202604981,TYP_02,Fake Loan App,12911.49,Gujarat,District-50,2025-04-29T07:49:00,2025-04-29T15:49:00,2025-04-29T16:45:00
CMP_202604982,TYP_05,Sextortion,148293.1,Andhra Pradesh,District-26,2025-05-17T13:13:00,2025-05-19T00:13:00,2025-05-19T00:36:00
CMP_202604983,TYP_03,Part-Time Job Scam,279052.43,Madhya Pradesh,District-41,2025-04-01T10:24:00,2025-04-01T16:24:00,2025-04-01T16:46:00
CMP_202604984,TYP_02,Fake Loan App,20414.13,Assam,District-28,2025-06-19T12:09:00,2025-06-19T14:09:00,2025-06-19T14:41:00
CMP_202604985,TYP_05,Sextortion,165731.7,Chhattisgarh,District-57,2025-04-01T17:23:00,2025-04-01T23:23:00,2025-04-01T23:50:00
CMP_202604986,TYP_05,Sextortion,46900.57,Madhya Pradesh,District-69,2025-06-09T13:56:00,2025-06-09T19:56:00,2025-06-09T20:55:00
CMP_202604987,TYP_03,Part-Time Job Scam,314318.78,Kerala,District-59,2025-02-09T17:33:00,2025-02-09T19:33:00,2025-02-09T20:14:00
CMP_202604988,TYP_02,Fake Loan App,12946.84,Andhra Pradesh,District-44,2025-05-12T18:22:00,2025-05-13T06:22:00,2025-05-13T06:51:00
CMP_202604989,TYP_05,Sextortion,159443.12,Kerala,District-65,2025-05-31T21:41:00,2025-05-31T23:41:00,2025-06-01T00:33:00
CMP_202604990,TYP_04,Investment / Crypto Scam,634517.36,Madhya Pradesh,District-69,2025-01-22T10:54:00,2025-01-22T22:54:00,2025-01-22T23:15:00
CMP_202604991,TYP_05,Sextortion,85022.6,Telangana,Hyderabad,2025-04-03T21:43:00,2025-04-04T07:43:00,2025-04-04T08:39:00
CMP_202604992,TYP_03,Part-Time Job Scam,64156.69,Maharashtra,District-32,2025-01-26T16:53:00,2025-01-26T19:53:00,2025-01-26T20:04:00
CMP_202604993,TYP_03,Part-Time Job Scam,149023.25,Maharashtra,District-30,2025-03-14T19:46:00,2025-03-16T06:46:00,2025-03-16T07:16:00
CMP_202604994,TYP_03,Part-Time Job Scam,1967354.13,Haryana,District-63,2025-06-18T21:55:00,2025-06-20T00:55:00,2025-06-20T01:31:00
CMP_202604995,TYP_06,Marketplace / OLX Fraud,10056.12,Uttar Pradesh,Mathura,2025-05-14T12:40:00,2025-05-14T19:40:00,2025-05-14T20:20:00
CMP_202604996,TYP_02,Fake Loan App,25485.98,Uttar Pradesh,District-43,2025-04-16T14:11:00,2025-04-17T11:11:00,2025-04-17T11:47:00
CMP_202604997,TYP_02,Fake Loan App,4240.39,Uttar Pradesh,Gorakhpur,2025-06-07T10:43:00,2025-06-08T03:43:00,2025-06-08T04:40:00
CMP_202604998,TYP_01,OTP / KYC Fraud,67827.76,Odisha,District-68,2025-03-28T10:01:00,2025-03-28T13:01:00,2025-03-28T13:34:00
CMP_202604999,TYP_05,Sextortion,30066.72,Chhattisgarh,District-57,2025-01-18T14:20:00,2025-01-19T16:20:00,2025-01-19T17:03:00
CMP_202605000,TYP_06,Marketplace / OLX Fraud,12949.71,Madhya Pradesh,District-40,2025-05-23T19:41:00,2025-05-28T17:41:00,2025-05-28T18:12:00
