entity_id,syndicate_id,operating_zone_id
ENT_00001,SYN_001,Z016
ENT_00002,SYN_001,Z016
ENT_00003,SYN_001,Z016
ENT_00004,SYN_001,Z016
ENT_00005,SYN_001,Z016
ENT_00006,SYN_001,Z016
ENT_00007,SYN_001,Z016
ENT_00008,SYN_001,Z016
ENT_00009,SYN_001,Z016
ENT_00010,SYN_001,Z016
ENT_00011,SYN_001,Z016
ENT_00012,SYN_001,Z016
ENT_00013,SYN_001,Z016
ENT_00014,SYN_001,Z016
ENT_00015,SYN_001,Z016
ENT_00016,SYN_001,Z016
ENT_00017,SYN_001,Z016
ENT_00018,SYN_001,Z016
ENT_00019,SYN_001,Z016
ENT_00020,SYN_001,Z016
ENT_00021,SYN_001,Z016
ENT_00022,SYN_001,Z016
ENT_00023,SYN_001,Z016
ENT_00024,SYN_001,Z016
ENT_00025,SYN_001,Z016
ENT_00026,SYN_001,Z016
ENT_00027,SYN_001,Z016
ENT_00028,SYN_001,Z016
ENT_00029,SYN_001,Z016
ENT_00030,SYN_001,Z016
ENT_00031,SYN_001,Z016
ENT_00032,SYN_002,Z015
ENT_00033,SYN_002,Z015
ENT_00034,SYN_002,Z015
ENT_00035,SYN_002,Z015
ENT_00036,SYN_002,Z015
ENT_00037,SYN_002,Z015
ENT_00038,SYN_002,Z015
ENT_00039,SYN_002,Z015
ENT_00040,SYN_002,Z015
ENT_00041,SYN_002,Z015
ENT_00042,SYN_002,Z015
ENT_00043,SYN_002,Z015
ENT_00044,SYN_002,Z015
ENT_00045,SYN_002,Z015
ENT_00046,SYN_002,Z015
ENT_00047,SYN_002,Z015
ENT_00048,SYN_002,Z015
ENT_00049,SYN_002,Z015
ENT_00050,SYN_002,Z015
ENT_00051,SYN_002,Z015
ENT_00052,SYN_002,Z015
ENT_00053,SYN_002,Z015
ENT_00054,SYN_002,Z015
ENT_00055,SYN_002,Z015
ENT_00056,SYN_002,Z015
ENT_00057,SYN_002,Z015
ENT_00058,SYN_002,Z015
ENT_00059,SYN_002,Z015
ENT_00060,SYN_002,Z015
ENT_00061,SYN_002,Z015
ENT_00062,SYN_002,Z015
ENT_00063,SYN_002,Z015
ENT_00064,SYN_002,Z015
ENT_00065,SYN_002,Z015
ENT_00066,SYN_002,Z015
ENT_00067,SYN_002,Z015
ENT_00068,SYN_002,Z015
ENT_00069,SYN_002,Z015
ENT_00070,SYN_002,Z015
ENT_00071,SYN_002,Z015
ENT_00072,SYN_002,Z015
ENT_00073,SYN_002,Z015
ENT_00074,SYN_002,Z015
ENT_00075,SYN_002,Z015
ENT_00076,SYN_002,Z015
ENT_00077,SYN_002,Z015
ENT_00078,SYN_002,Z015
ENT_00079,SYN_002,Z015
ENT_00080,SYN_002,Z015
ENT_00081,SYN_002,Z015
ENT_00082,SYN_002,Z015
ENT_00083,SYN_002,Z015
ENT_00084,SYN_002,Z015
ENT_00085,SYN_002,Z015
ENT_00086,SYN_002,Z015
ENT_00087,SYN_002,Z015
ENT_00088,SYN_002,Z015
ENT_00089,SYN_002,Z015
ENT_00090,SYN_002,Z015
ENT_00091,SYN_002,Z015
ENT_00092,SYN_002,Z015
ENT_00093,SYN_002,Z015
ENT_00094,SYN_002,Z015
ENT_00095,SYN_002,Z015
ENT_00096,SYN_002,Z015
ENT_00097,SYN_002,Z015
ENT_00098,SYN_002,Z015
ENT_00099,SYN_002,Z015
ENT_00100,SYN_002,Z015
ENT_00101,SYN_002,Z015
ENT_00102,SYN_002,Z015
ENT_00103,SYN_002,Z015
ENT_00104,SYN_002,Z015
ENT_00105,SYN_002,Z015
ENT_00106,SYN_002,Z015
ENT_00107,SYN_002,Z015
ENT_00108,SYN_002,Z015
ENT_00109,SYN_002,Z015
ENT_00110,SYN_002,Z015
ENT_00111,SYN_002,Z015
ENT_00112,SYN_002,Z015
ENT_00113,SYN_002,Z015
ENT_00114,SYN_002,Z015
ENT_00115,SYN_002,Z015
ENT_00116,SYN_002,Z015
ENT_00117,SYN_002,Z015
ENT_00118,SYN_002,Z015
ENT_00119,SYN_002,Z015
ENT_00120,SYN_003,Z052
ENT_00121,SYN_003,Z036
ENT_00122,SYN_003,Z052
ENT_00123,SYN_003,Z036
ENT_00124,SYN_003,Z036
ENT_00125,SYN_003,Z036
ENT_00126,SYN_003,Z036
ENT_00127,SYN_003,Z052
ENT_00128,SYN_003,Z036
ENT_00129,SYN_003,Z036
ENT_00130,SYN_003,Z036
ENT_00131,SYN_003,Z036
ENT_00132,SYN_003,Z052
ENT_00133,SYN_003,Z052
ENT_00134,SYN_003,Z036
ENT_00135,SYN_003,Z036
ENT_00136,SYN_003,Z036
ENT_00137,SYN_003,Z036
ENT_00138,SYN_003,Z052
ENT_00139,SYN_003,Z036
ENT_00140,SYN_003,Z036
ENT_00141,SYN_003,Z052
ENT_00142,SYN_003,Z052
ENT_00143,SYN_003,Z052
ENT_00144,SYN_003,Z052
ENT_00145,SYN_003,Z036
ENT_00146,SYN_003,Z052
ENT_00147,SYN_003,Z036
ENT_00148,SYN_003,Z052
ENT_00149,SYN_003,Z052
ENT_00150,SYN_003,Z052
ENT_00151,SYN_003,Z052
ENT_00152,SYN_003,Z052
ENT_00153,SYN_003,Z036
ENT_00154,SYN_004,Z075
ENT_00155,SYN_004,Z032
ENT_00156,SYN_004,Z075
ENT_00157,SYN_004,Z010
ENT_00158,SYN_004,Z032
ENT_00159,SYN_004,Z010
ENT_00160,SYN_004,Z010
ENT_00161,SYN_004,Z010
ENT_00162,SYN_004,Z032
ENT_00163,SYN_004,Z075
ENT_00164,SYN_004,Z032
ENT_00165,SYN_004,Z010
ENT_00166,SYN_004,Z075
ENT_00167,SYN_004,Z075
ENT_00168,SYN_004,Z010
ENT_00169,SYN_004,Z010
ENT_00170,SYN_004,Z032
ENT_00171,SYN_004,Z075
ENT_00172,SYN_004,Z032
ENT_00173,SYN_004,Z075
ENT_00174,SYN_004,Z075
ENT_00175,SYN_004,Z032
ENT_00176,SYN_004,Z032
ENT_00177,SYN_004,Z010
ENT_00178,SYN_004,Z075
ENT_00179,SYN_004,Z032
ENT_00180,SYN_004,Z032
ENT_00181,SYN_004,Z010
ENT_00182,SYN_004,Z032
ENT_00183,SYN_004,Z075
ENT_00184,SYN_004,Z010
ENT_00185,SYN_004,Z010
ENT_00186,SYN_004,Z032
ENT_00187,SYN_004,Z075
ENT_00188,SYN_004,Z075
ENT_00189,SYN_004,Z010
ENT_00190,SYN_004,Z032
ENT_00191,SYN_004,Z010
ENT_00192,SYN_004,Z010
ENT_00193,SYN_004,Z075
ENT_00194,SYN_004,Z032
ENT_00195,SYN_004,Z075
ENT_00196,SYN_004,Z075
ENT_00197,SYN_004,Z075
ENT_00198,SYN_004,Z075
ENT_00199,SYN_004,Z075
ENT_00200,SYN_004,Z075
ENT_00201,SYN_004,Z075
ENT_00202,SYN_004,Z032
ENT_00203,SYN_004,Z032
ENT_00204,SYN_004,Z010
ENT_00205,SYN_004,Z075
ENT_00206,SYN_004,Z075
ENT_00207,SYN_004,Z010
ENT_00208,SYN_004,Z075
ENT_00209,SYN_004,Z075
ENT_00210,SYN_004,Z010
ENT_00211,SYN_004,Z032
ENT_00212,SYN_004,Z075
ENT_00213,SYN_004,Z010
ENT_00214,SYN_004,Z032
ENT_00215,SYN_004,Z010
ENT_00216,SYN_004,Z032
ENT_00217,SYN_004,Z010
ENT_00218,SYN_004,Z032
ENT_00219,SYN_004,Z010
ENT_00220,SYN_005,Z046
ENT_00221,SYN_005,Z046
ENT_00222,SYN_005,Z046
ENT_00223,SYN_005,Z046
ENT_00224,SYN_005,Z046
ENT_00225,SYN_005,Z046
ENT_00226,SYN_005,Z046
ENT_00227,SYN_005,Z046
ENT_00228,SYN_005,Z046
ENT_00229,SYN_005,Z046
ENT_00230,SYN_005,Z046
ENT_00231,SYN_005,Z046
ENT_00232,SYN_005,Z046
ENT_00233,SYN_005,Z046
ENT_00234,SYN_005,Z046
ENT_00235,SYN_005,Z046
ENT_00236,SYN_005,Z046
ENT_00237,SYN_005,Z046
ENT_00238,SYN_005,Z046
ENT_00239,SYN_005,Z046
ENT_00240,SYN_005,Z046
ENT_00241,SYN_005,Z046
ENT_00242,SYN_005,Z046
ENT_00243,SYN_005,Z046
ENT_00244,SYN_005,Z046
ENT_00245,SYN_005,Z046
ENT_00246,SYN_005,Z046
ENT_00247,SYN_005,Z046
ENT_00248,SYN_005,Z046
ENT_00249,SYN_005,Z046
ENT_00250,SYN_005,Z046
ENT_00251,SYN_005,Z046
ENT_00252,SYN_005,Z046
ENT_00253,SYN_005,Z046
ENT_00254,SYN_005,Z046
ENT_00255,SYN_005,Z046
ENT_00256,SYN_005,Z046
ENT_00257,SYN_005,Z046
ENT_00258,SYN_005,Z046
ENT_00259,SYN_005,Z046
ENT_00260,SYN_005,Z046
ENT_00261,SYN_005,Z046
ENT_00262,SYN_005,Z046
ENT_00263,SYN_005,Z046
ENT_00264,SYN_005,Z046
ENT_00265,SYN_005,Z046
ENT_00266,SYN_005,Z046
ENT_00267,SYN_005,Z046
ENT_00268,SYN_005,Z046
ENT_00269,SYN_005,Z046
ENT_00270,SYN_005,Z046
ENT_00271,SYN_005,Z046
ENT_00272,SYN_005,Z046
ENT_00273,SYN_005,Z046
ENT_00274,SYN_005,Z046
ENT_00275,SYN_005,Z046
ENT_00276,SYN_005,Z046
ENT_00277,SYN_005,Z046
ENT_00278,SYN_005,Z046
ENT_00279,SYN_005,Z046
ENT_00280,SYN_005,Z046
ENT_00281,SYN_005,Z046
ENT_00282,SYN_005,Z046
ENT_00283,SYN_005,Z046
ENT_00284,SYN_005,Z046
ENT_00285,SYN_005,Z046
ENT_00286,SYN_005,Z046
ENT_00287,SYN_005,Z046
ENT_00288,SYN_005,Z046
ENT_00289,SYN_005,Z046
ENT_00290,SYN_005,Z046
ENT_00291,SYN_005,Z046
ENT_00292,SYN_005,Z046
ENT_00293,SYN_005,Z046
ENT_00294,SYN_005,Z046
ENT_00295,SYN_005,Z046
ENT_00296,SYN_005,Z046
ENT_00297,SYN_005,Z046
ENT_00298,SYN_005,Z046
ENT_00299,SYN_005,Z046
ENT_00300,SYN_005,Z046
ENT_00301,SYN_005,Z046
ENT_00302,SYN_005,Z046
ENT_00303,SYN_005,Z046
ENT_00304,SYN_005,Z046
ENT_00305,SYN_005,Z046
ENT_00306,SYN_005,Z046
ENT_00307,SYN_005,Z046
ENT_00308,SYN_005,Z046
ENT_00309,SYN_005,Z046
ENT_00310,SYN_005,Z046
ENT_00311,SYN_005,Z046
ENT_00312,SYN_005,Z046
ENT_00313,SYN_005,Z046
ENT_00314,SYN_005,Z046
ENT_00315,SYN_005,Z046
ENT_00316,SYN_005,Z046
ENT_00317,SYN_005,Z046
ENT_00318,SYN_005,Z046
ENT_00319,SYN_005,Z046
ENT_00320,SYN_005,Z046
ENT_00321,SYN_005,Z046
ENT_00322,SYN_005,Z046
ENT_00323,SYN_005,Z046
ENT_00324,SYN_005,Z046
ENT_00325,SYN_005,Z046
ENT_00326,SYN_005,Z046
ENT_00327,SYN_005,Z046
ENT_00328,SYN_005,Z046
ENT_00329,SYN_005,Z046
ENT_00330,SYN_005,Z046
ENT_00331,SYN_005,Z046
ENT_00332,SYN_005,Z046
ENT_00333,SYN_005,Z046
ENT_00334,SYN_005,Z046
ENT_00335,SYN_005,Z046
ENT_00336,SYN_005,Z046
ENT_00337,SYN_005,Z046
ENT_00338,SYN_005,Z046
ENT_00339,SYN_005,Z046
ENT_00340,SYN_005,Z046
ENT_00341,SYN_005,Z046
ENT_00342,SYN_005,Z046
ENT_00343,SYN_005,Z046
ENT_00344,SYN_005,Z046
ENT_00345,SYN_005,Z046
ENT_00346,SYN_005,Z046
ENT_00347,SYN_005,Z046
ENT_00348,SYN_005,Z046
ENT_00349,SYN_005,Z046
ENT_00350,SYN_005,Z046
ENT_00351,SYN_005,Z046
ENT_00352,SYN_005,Z046
ENT_00353,SYN_005,Z046
ENT_00354,SYN_005,Z046
ENT_00355,SYN_005,Z046
ENT_00356,SYN_005,Z046
ENT_00357,SYN_005,Z046
ENT_00358,SYN_005,Z046
ENT_00359,SYN_005,Z046
ENT_00360,SYN_005,Z046
ENT_00361,SYN_005,Z046
ENT_00362,SYN_005,Z046
ENT_00363,SYN_005,Z046
ENT_00364,SYN_005,Z046
ENT_00365,SYN_005,Z046
ENT_00366,SYN_005,Z046
ENT_00367,SYN_005,Z046
ENT_00368,SYN_005,Z046
ENT_00369,SYN_005,Z046
ENT_00370,SYN_005,Z046
ENT_00371,SYN_005,Z046
ENT_00372,SYN_005,Z046
ENT_00373,SYN_005,Z046
ENT_00374,SYN_005,Z046
ENT_00375,SYN_005,Z046
ENT_00376,SYN_005,Z046
ENT_00377,SYN_005,Z046
ENT_00378,SYN_005,Z046
ENT_00379,SYN_005,Z046
ENT_00380,SYN_005,Z046
ENT_00381,SYN_005,Z046
ENT_00382,SYN_005,Z046
ENT_00383,SYN_005,Z046
ENT_00384,SYN_006,Z051
ENT_00385,SYN_006,Z038
ENT_00386,SYN_006,Z038
ENT_00387,SYN_006,Z038
ENT_00388,SYN_006,Z051
ENT_00389,SYN_006,Z026
ENT_00390,SYN_006,Z051
ENT_00391,SYN_006,Z051
ENT_00392,SYN_006,Z038
ENT_00393,SYN_006,Z026
ENT_00394,SYN_006,Z038
ENT_00395,SYN_006,Z051
ENT_00396,SYN_006,Z051
ENT_00397,SYN_006,Z038
ENT_00398,SYN_006,Z051
ENT_00399,SYN_006,Z051
ENT_00400,SYN_006,Z026
ENT_00401,SYN_006,Z051
ENT_00402,SYN_006,Z038
ENT_00403,SYN_006,Z038
ENT_00404,SYN_006,Z051
ENT_00405,SYN_006,Z026
ENT_00406,SYN_006,Z026
ENT_00407,SYN_006,Z038
ENT_00408,SYN_006,Z051
ENT_00409,SYN_006,Z051
ENT_00410,SYN_006,Z051
ENT_00411,SYN_006,Z026
ENT_00412,SYN_006,Z026
ENT_00413,SYN_006,Z051
ENT_00414,SYN_006,Z051
ENT_00415,SYN_006,Z038
ENT_00416,SYN_006,Z026
ENT_00417,SYN_006,Z026
ENT_00418,SYN_006,Z051
ENT_00419,SYN_006,Z051
ENT_00420,SYN_006,Z051
ENT_00421,SYN_006,Z051
ENT_00422,SYN_006,Z026
ENT_00423,SYN_006,Z038
ENT_00424,SYN_006,Z026
ENT_00425,SYN_006,Z026
ENT_00426,SYN_006,Z026
ENT_00427,SYN_006,Z026
ENT_00428,SYN_006,Z026
ENT_00429,SYN_006,Z026
ENT_00430,SYN_006,Z038
ENT_00431,SYN_006,Z051
ENT_00432,SYN_006,Z051
ENT_00433,SYN_006,Z051
ENT_00434,SYN_006,Z026
ENT_00435,SYN_006,Z026
ENT_00436,SYN_006,Z038
ENT_00437,SYN_006,Z038
ENT_00438,SYN_006,Z051
ENT_00439,SYN_006,Z026
ENT_00440,SYN_006,Z038
ENT_00441,SYN_006,Z051
ENT_00442,SYN_006,Z026
ENT_00443,SYN_006,Z051
ENT_00444,SYN_006,Z038
ENT_00445,SYN_006,Z026
ENT_00446,SYN_006,Z051
ENT_00447,SYN_006,Z026
ENT_00448,SYN_006,Z038
ENT_00449,SYN_006,Z038
ENT_00450,SYN_006,Z051
ENT_00451,SYN_006,Z051
ENT_00452,SYN_006,Z051
ENT_00453,SYN_006,Z038
ENT_00454,SYN_006,Z038
ENT_00455,SYN_006,Z038
ENT_00456,SYN_006,Z026
ENT_00457,SYN_006,Z051
ENT_00458,SYN_006,Z026
ENT_00459,SYN_006,Z038
ENT_00460,SYN_006,Z051
ENT_00461,SYN_006,Z051
ENT_00462,SYN_006,Z038
ENT_00463,SYN_006,Z038
ENT_00464,SYN_006,Z026
ENT_00465,SYN_006,Z038
ENT_00466,SYN_006,Z051
ENT_00467,SYN_006,Z026
ENT_00468,SYN_006,Z038
ENT_00469,SYN_006,Z026
ENT_00470,SYN_006,Z026
ENT_00471,SYN_006,Z026
ENT_00472,SYN_006,Z026
ENT_00473,SYN_006,Z026
ENT_00474,SYN_006,Z026
ENT_00475,SYN_006,Z038
ENT_00476,SYN_006,Z051
ENT_00477,SYN_006,Z051
ENT_00478,SYN_006,Z051
ENT_00479,SYN_007,Z046
ENT_00480,SYN_007,Z046
ENT_00481,SYN_007,Z046
ENT_00482,SYN_007,Z046
ENT_00483,SYN_007,Z046
ENT_00484,SYN_007,Z046
ENT_00485,SYN_007,Z046
ENT_00486,SYN_007,Z046
ENT_00487,SYN_007,Z046
ENT_00488,SYN_007,Z046
ENT_00489,SYN_007,Z046
ENT_00490,SYN_007,Z046
ENT_00491,SYN_007,Z046
ENT_00492,SYN_007,Z046
ENT_00493,SYN_007,Z046
ENT_00494,SYN_007,Z046
ENT_00495,SYN_007,Z046
ENT_00496,SYN_007,Z046
ENT_00497,SYN_007,Z046
ENT_00498,SYN_007,Z046
ENT_00499,SYN_007,Z046
ENT_00500,SYN_007,Z046
ENT_00501,SYN_007,Z046
ENT_00502,SYN_007,Z046
ENT_00503,SYN_007,Z046
ENT_00504,SYN_007,Z046
ENT_00505,SYN_007,Z046
ENT_00506,SYN_007,Z046
ENT_00507,SYN_007,Z046
ENT_00508,SYN_007,Z046
ENT_00509,SYN_007,Z046
ENT_00510,SYN_007,Z046
ENT_00511,SYN_007,Z046
ENT_00512,SYN_007,Z046
ENT_00513,SYN_007,Z046
ENT_00514,SYN_007,Z046
ENT_00515,SYN_007,Z046
ENT_00516,SYN_007,Z046
ENT_00517,SYN_007,Z046
ENT_00518,SYN_007,Z046
ENT_00519,SYN_007,Z046
ENT_00520,SYN_007,Z046
ENT_00521,SYN_007,Z046
ENT_00522,SYN_007,Z046
ENT_00523,SYN_007,Z046
ENT_00524,SYN_007,Z046
ENT_00525,SYN_007,Z046
ENT_00526,SYN_007,Z046
ENT_00527,SYN_007,Z046
ENT_00528,SYN_007,Z046
ENT_00529,SYN_007,Z046
ENT_00530,SYN_007,Z046
ENT_00531,SYN_007,Z046
ENT_00532,SYN_007,Z046
ENT_00533,SYN_007,Z046
ENT_00534,SYN_007,Z046
ENT_00535,SYN_007,Z046
ENT_00536,SYN_007,Z046
ENT_00537,SYN_007,Z046
ENT_00538,SYN_007,Z046
ENT_00539,SYN_007,Z046
ENT_00540,SYN_007,Z046
ENT_00541,SYN_007,Z046
ENT_00542,SYN_007,Z046
ENT_00543,SYN_007,Z046
ENT_00544,SYN_007,Z046
ENT_00545,SYN_007,Z046
ENT_00546,SYN_007,Z046
ENT_00547,SYN_007,Z046
ENT_00548,SYN_007,Z046
ENT_00549,SYN_007,Z046
ENT_00550,SYN_007,Z046
ENT_00551,SYN_007,Z046
ENT_00552,SYN_007,Z046
ENT_00553,SYN_007,Z046
ENT_00554,SYN_007,Z046
ENT_00555,SYN_007,Z046
ENT_00556,SYN_007,Z046
ENT_00557,SYN_007,Z046
ENT_00558,SYN_007,Z046
ENT_00559,SYN_007,Z046
ENT_00560,SYN_007,Z046
ENT_00561,SYN_007,Z046
ENT_00562,SYN_007,Z046
ENT_00563,SYN_007,Z046
ENT_00564,SYN_008,Z035
ENT_00565,SYN_008,Z035
ENT_00566,SYN_008,Z035
ENT_00567,SYN_008,Z035
ENT_00568,SYN_008,Z075
ENT_00569,SYN_008,Z075
ENT_00570,SYN_008,Z075
ENT_00571,SYN_008,Z035
ENT_00572,SYN_008,Z075
ENT_00573,SYN_008,Z035
ENT_00574,SYN_008,Z035
ENT_00575,SYN_008,Z075
ENT_00576,SYN_008,Z075
ENT_00577,SYN_008,Z075
ENT_00578,SYN_008,Z035
ENT_00579,SYN_008,Z035
ENT_00580,SYN_008,Z075
ENT_00581,SYN_008,Z075
ENT_00582,SYN_008,Z075
ENT_00583,SYN_008,Z035
ENT_00584,SYN_008,Z075
ENT_00585,SYN_008,Z035
ENT_00586,SYN_008,Z075
ENT_00587,SYN_008,Z035
ENT_00588,SYN_008,Z075
ENT_00589,SYN_008,Z035
ENT_00590,SYN_008,Z035
ENT_00591,SYN_008,Z035
ENT_00592,SYN_008,Z075
ENT_00593,SYN_008,Z035
ENT_00594,SYN_008,Z035
ENT_00595,SYN_008,Z075
ENT_00596,SYN_008,Z035
ENT_00597,SYN_008,Z035
ENT_00598,SYN_008,Z035
ENT_00599,SYN_008,Z075
ENT_00600,SYN_008,Z035
ENT_00601,SYN_008,Z075
ENT_00602,SYN_008,Z035
ENT_00603,SYN_008,Z075
ENT_00604,SYN_008,Z075
ENT_00605,SYN_008,Z035
ENT_00606,SYN_008,Z075
ENT_00607,SYN_008,Z035
ENT_00608,SYN_008,Z035
ENT_00609,SYN_008,Z035
ENT_00610,SYN_008,Z035
ENT_00611,SYN_008,Z035
ENT_00612,SYN_008,Z075
ENT_00613,SYN_008,Z035
ENT_00614,SYN_008,Z035
ENT_00615,SYN_008,Z035
ENT_00616,SYN_008,Z035
ENT_00617,SYN_008,Z075
ENT_00618,SYN_008,Z075
ENT_00619,SYN_008,Z075
ENT_00620,SYN_008,Z035
ENT_00621,SYN_008,Z035
ENT_00622,SYN_008,Z075
ENT_00623,SYN_008,Z075
ENT_00624,SYN_008,Z035
ENT_00625,SYN_008,Z075
ENT_00626,SYN_008,Z075
ENT_00627,SYN_008,Z075
ENT_00628,SYN_008,Z075
ENT_00629,SYN_008,Z035
ENT_00630,SYN_008,Z075
ENT_00631,SYN_008,Z075
ENT_00632,SYN_008,Z035
ENT_00633,SYN_008,Z075
ENT_00634,SYN_008,Z075
ENT_00635,SYN_008,Z075
ENT_00636,SYN_008,Z075
ENT_00637,SYN_008,Z075
ENT_00638,SYN_008,Z035
ENT_00639,SYN_008,Z035
ENT_00640,SYN_008,Z035
ENT_00641,SYN_008,Z035
ENT_00642,SYN_008,Z075
ENT_00643,SYN_008,Z075
ENT_00644,SYN_008,Z075
ENT_00645,SYN_008,Z035
ENT_00646,SYN_008,Z075
ENT_00647,SYN_008,Z035
ENT_00648,SYN_008,Z075
ENT_00649,SYN_008,Z035
ENT_00650,SYN_008,Z035
ENT_00651,SYN_008,Z075
ENT_00652,SYN_008,Z035
ENT_00653,SYN_008,Z035
ENT_00654,SYN_008,Z075
ENT_00655,SYN_008,Z035
ENT_00656,SYN_008,Z035
ENT_00657,SYN_008,Z075
ENT_00658,SYN_008,Z075
ENT_00659,SYN_008,Z075
ENT_00660,SYN_008,Z075
ENT_00661,SYN_008,Z075
ENT_00662,SYN_008,Z075
ENT_00663,SYN_008,Z075
ENT_00664,SYN_008,Z075
ENT_00665,SYN_008,Z075
ENT_00666,SYN_008,Z075
ENT_00667,SYN_008,Z035
ENT_00668,SYN_008,Z075
ENT_00669,SYN_008,Z035
ENT_00670,SYN_008,Z035
ENT_00671,SYN_008,Z035
ENT_00672,SYN_008,Z035
ENT_00673,SYN_008,Z035
ENT_00674,SYN_008,Z035
ENT_00675,SYN_008,Z075
ENT_00676,SYN_008,Z075
ENT_00677,SYN_008,Z075
ENT_00678,SYN_008,Z035
ENT_00679,SYN_008,Z075
ENT_00680,SYN_008,Z075
ENT_00681,SYN_008,Z035
ENT_00682,SYN_008,Z075
ENT_00683,SYN_008,Z075
ENT_00684,SYN_008,Z075
ENT_00685,SYN_008,Z035
ENT_00686,SYN_008,Z075
ENT_00687,SYN_008,Z075
ENT_00688,SYN_008,Z035
ENT_00689,SYN_008,Z075
ENT_00690,SYN_008,Z035
ENT_00691,SYN_008,Z075
ENT_00692,SYN_008,Z075
ENT_00693,SYN_008,Z035
ENT_00694,SYN_008,Z075
ENT_00695,SYN_008,Z075
ENT_00696,SYN_008,Z075
ENT_00697,SYN_008,Z035
ENT_00698,SYN_008,Z075
ENT_00699,SYN_008,Z075
ENT_00700,SYN_008,Z075
ENT_00701,SYN_008,Z075
ENT_00702,SYN_008,Z075
ENT_00703,SYN_008,Z075
ENT_00704,SYN_008,Z035
ENT_00705,SYN_008,Z035
ENT_00706,SYN_008,Z075
ENT_00707,SYN_009,Z007
ENT_00708,SYN_009,Z007
ENT_00709,SYN_009,Z007
ENT_00710,SYN_009,Z007
ENT_00711,SYN_009,Z007
ENT_00712,SYN_009,Z007
ENT_00713,SYN_009,Z007
ENT_00714,SYN_009,Z007
ENT_00715,SYN_009,Z007
ENT_00716,SYN_009,Z007
ENT_00717,SYN_009,Z007
ENT_00718,SYN_009,Z007
ENT_00719,SYN_009,Z007
ENT_00720,SYN_009,Z007
ENT_00721,SYN_009,Z007
ENT_00722,SYN_009,Z007
ENT_00723,SYN_009,Z007
ENT_00724,SYN_009,Z007
ENT_00725,SYN_009,Z007
ENT_00726,SYN_009,Z007
ENT_00727,SYN_009,Z007
ENT_00728,SYN_009,Z007
ENT_00729,SYN_009,Z007
ENT_00730,SYN_009,Z007
ENT_00731,SYN_009,Z007
ENT_00732,SYN_009,Z007
ENT_00733,SYN_009,Z007
ENT_00734,SYN_009,Z007
ENT_00735,SYN_009,Z007
ENT_00736,SYN_009,Z007
ENT_00737,SYN_009,Z007
ENT_00738,SYN_009,Z007
ENT_00739,SYN_009,Z007
ENT_00740,SYN_009,Z007
ENT_00741,SYN_009,Z007
ENT_00742,SYN_009,Z007
ENT_00743,SYN_009,Z007
ENT_00744,SYN_009,Z007
ENT_00745,SYN_009,Z007
ENT_00746,SYN_009,Z007
ENT_00747,SYN_009,Z007
ENT_00748,SYN_009,Z007
ENT_00749,SYN_009,Z007
ENT_00750,SYN_009,Z007
ENT_00751,SYN_009,Z007
ENT_00752,SYN_009,Z007
ENT_00753,SYN_009,Z007
ENT_00754,SYN_009,Z007
ENT_00755,SYN_009,Z007
ENT_00756,SYN_009,Z007
ENT_00757,SYN_009,Z007
ENT_00758,SYN_009,Z007
ENT_00759,SYN_009,Z007
ENT_00760,SYN_009,Z007
ENT_00761,SYN_009,Z007
ENT_00762,SYN_009,Z007
ENT_00763,SYN_009,Z007
ENT_00764,SYN_009,Z007
ENT_00765,SYN_009,Z007
ENT_00766,SYN_009,Z007
ENT_00767,SYN_009,Z007
ENT_00768,SYN_009,Z007
ENT_00769,SYN_009,Z007
ENT_00770,SYN_009,Z007
ENT_00771,SYN_009,Z007
ENT_00772,SYN_009,Z007
ENT_00773,SYN_009,Z007
ENT_00774,SYN_009,Z007
ENT_00775,SYN_009,Z007
ENT_00776,SYN_009,Z007
ENT_00777,SYN_009,Z007
ENT_00778,SYN_009,Z007
ENT_00779,SYN_009,Z007
ENT_00780,SYN_009,Z007
ENT_00781,SYN_009,Z007
ENT_00782,SYN_009,Z007
ENT_00783,SYN_009,Z007
ENT_00784,SYN_009,Z007
ENT_00785,SYN_009,Z007
ENT_00786,SYN_009,Z007
ENT_00787,SYN_009,Z007
ENT_00788,SYN_009,Z007
ENT_00789,SYN_009,Z007
ENT_00790,SYN_009,Z007
ENT_00791,SYN_009,Z007
ENT_00792,SYN_009,Z007
ENT_00793,SYN_009,Z007
ENT_00794,SYN_009,Z007
ENT_00795,SYN_009,Z007
ENT_00796,SYN_009,Z007
ENT_00797,SYN_009,Z007
ENT_00798,SYN_009,Z007
ENT_00799,SYN_009,Z007
ENT_00800,SYN_009,Z007
ENT_00801,SYN_009,Z007
ENT_00802,SYN_009,Z007
ENT_00803,SYN_009,Z007
ENT_00804,SYN_009,Z007
ENT_00805,SYN_009,Z007
ENT_00806,SYN_009,Z007
ENT_00807,SYN_009,Z007
ENT_00808,SYN_009,Z007
ENT_00809,SYN_009,Z007
ENT_00810,SYN_009,Z007
ENT_00811,SYN_009,Z007
ENT_00812,SYN_009,Z007
ENT_00813,SYN_009,Z007
ENT_00814,SYN_009,Z007
ENT_00815,SYN_009,Z007
ENT_00816,SYN_009,Z007
ENT_00817,SYN_009,Z007
ENT_00818,SYN_009,Z007
ENT_00819,SYN_009,Z007
ENT_00820,SYN_009,Z007
ENT_00821,SYN_009,Z007
ENT_00822,SYN_009,Z007
ENT_00823,SYN_009,Z007
ENT_00824,SYN_009,Z007
ENT_00825,SYN_009,Z007
ENT_00826,SYN_009,Z007
ENT_00827,SYN_009,Z007
ENT_00828,SYN_009,Z007
ENT_00829,SYN_009,Z007
ENT_00830,SYN_009,Z007
ENT_00831,SYN_009,Z007
ENT_00832,SYN_009,Z007
ENT_00833,SYN_009,Z007
ENT_00834,SYN_009,Z007
ENT_00835,SYN_009,Z007
ENT_00836,SYN_009,Z007
ENT_00837,SYN_009,Z007
ENT_00838,SYN_009,Z007
ENT_00839,SYN_009,Z007
ENT_00840,SYN_009,Z007
ENT_00841,SYN_009,Z007
ENT_00842,SYN_009,Z007
ENT_00843,SYN_009,Z007
ENT_00844,SYN_009,Z007
ENT_00845,SYN_009,Z007
ENT_00846,SYN_009,Z007
ENT_00847,SYN_009,Z007
ENT_00848,SYN_009,Z007
ENT_00849,SYN_009,Z007
ENT_00850,SYN_009,Z007
ENT_00851,SYN_009,Z007
ENT_00852,SYN_009,Z007
ENT_00853,SYN_009,Z007
ENT_00854,SYN_009,Z007
ENT_00855,SYN_009,Z007
ENT_00856,SYN_009,Z007
ENT_00857,SYN_009,Z007
ENT_00858,SYN_009,Z007
ENT_00859,SYN_009,Z007
ENT_00860,SYN_009,Z007
ENT_00861,SYN_009,Z007
ENT_00862,SYN_009,Z007
ENT_00863,SYN_009,Z007
ENT_00864,SYN_009,Z007
ENT_00865,SYN_009,Z007
ENT_00866,SYN_009,Z007
ENT_00867,SYN_009,Z007
ENT_00868,SYN_009,Z007
ENT_00869,SYN_009,Z007
ENT_00870,SYN_010,Z009
ENT_00871,SYN_010,Z009
ENT_00872,SYN_010,Z009
ENT_00873,SYN_010,Z049
ENT_00874,SYN_010,Z009
ENT_00875,SYN_010,Z049
ENT_00876,SYN_010,Z049
ENT_00877,SYN_010,Z049
ENT_00878,SYN_010,Z009
ENT_00879,SYN_010,Z049
ENT_00880,SYN_010,Z049
ENT_00881,SYN_010,Z001
ENT_00882,SYN_010,Z001
ENT_00883,SYN_010,Z049
ENT_00884,SYN_010,Z049
ENT_00885,SYN_010,Z001
ENT_00886,SYN_010,Z049
ENT_00887,SYN_010,Z009
ENT_00888,SYN_010,Z049
ENT_00889,SYN_010,Z009
ENT_00890,SYN_010,Z001
ENT_00891,SYN_010,Z001
ENT_00892,SYN_010,Z001
ENT_00893,SYN_010,Z001
ENT_00894,SYN_010,Z009
ENT_00895,SYN_010,Z049
ENT_00896,SYN_010,Z001
ENT_00897,SYN_010,Z009
ENT_00898,SYN_010,Z001
ENT_00899,SYN_010,Z049
ENT_00900,SYN_010,Z001
ENT_00901,SYN_010,Z049
ENT_00902,SYN_010,Z049
ENT_00903,SYN_010,Z049
ENT_00904,SYN_010,Z001
ENT_00905,SYN_010,Z009
ENT_00906,SYN_010,Z049
ENT_00907,SYN_010,Z049
ENT_00908,SYN_010,Z009
ENT_00909,SYN_010,Z009
ENT_00910,SYN_010,Z001
ENT_00911,SYN_010,Z049
ENT_00912,SYN_010,Z001
ENT_00913,SYN_010,Z001
ENT_00914,SYN_010,Z009
ENT_00915,SYN_010,Z049
ENT_00916,SYN_010,Z001
ENT_00917,SYN_010,Z001
ENT_00918,SYN_010,Z049
ENT_00919,SYN_010,Z049
ENT_00920,SYN_010,Z009
ENT_00921,SYN_010,Z009
ENT_00922,SYN_010,Z001
ENT_00923,SYN_010,Z001
ENT_00924,SYN_010,Z001
ENT_00925,SYN_010,Z009
ENT_00926,SYN_010,Z009
ENT_00927,SYN_010,Z049
ENT_00928,SYN_010,Z049
ENT_00929,SYN_010,Z049
ENT_00930,SYN_010,Z049
ENT_00931,SYN_010,Z001
ENT_00932,SYN_010,Z049
ENT_00933,SYN_010,Z009
ENT_00934,SYN_010,Z009
ENT_00935,SYN_010,Z001
ENT_00936,SYN_010,Z049
ENT_00937,SYN_010,Z001
ENT_00938,SYN_010,Z009
ENT_00939,SYN_010,Z001
ENT_00940,SYN_010,Z009
ENT_00941,SYN_010,Z049
ENT_00942,SYN_010,Z049
ENT_00943,SYN_010,Z049
ENT_00944,SYN_010,Z049
ENT_00945,SYN_010,Z001
ENT_00946,SYN_010,Z009
ENT_00947,SYN_010,Z049
ENT_00948,SYN_010,Z009
ENT_00949,SYN_010,Z009
ENT_00950,SYN_010,Z049
ENT_00951,SYN_010,Z049
ENT_00952,SYN_010,Z001
ENT_00953,SYN_010,Z049
ENT_00954,SYN_010,Z001
ENT_00955,SYN_010,Z009
ENT_00956,SYN_010,Z049
ENT_00957,SYN_010,Z049
ENT_00958,SYN_010,Z001
ENT_00959,SYN_010,Z009
ENT_00960,SYN_010,Z009
ENT_00961,SYN_010,Z009
ENT_00962,SYN_010,Z049
ENT_00963,SYN_010,Z009
ENT_00964,SYN_010,Z049
ENT_00965,SYN_010,Z049
ENT_00966,SYN_010,Z009
ENT_00967,SYN_010,Z001
ENT_00968,SYN_010,Z049
ENT_00969,SYN_010,Z001
ENT_00970,SYN_010,Z049
ENT_00971,SYN_010,Z049
ENT_00972,SYN_010,Z001
ENT_00973,SYN_010,Z049
ENT_00974,SYN_010,Z001
ENT_00975,SYN_010,Z049
ENT_00976,SYN_010,Z049
ENT_00977,SYN_010,Z049
ENT_00978,SYN_010,Z001
ENT_00979,SYN_010,Z049
ENT_00980,SYN_010,Z009
ENT_00981,SYN_010,Z001
ENT_00982,SYN_010,Z049
ENT_00983,SYN_010,Z001
ENT_00984,SYN_010,Z001
ENT_00985,SYN_010,Z049
ENT_00986,SYN_010,Z001
ENT_00987,SYN_010,Z009
ENT_00988,SYN_010,Z001
ENT_00989,SYN_010,Z001
ENT_00990,SYN_010,Z049
ENT_00991,SYN_010,Z009
ENT_00992,SYN_010,Z009
ENT_00993,SYN_010,Z001
ENT_00994,SYN_010,Z049
ENT_00995,SYN_010,Z009
ENT_00996,SYN_010,Z009
ENT_00997,SYN_010,Z009
ENT_00998,SYN_010,Z001
ENT_00999,SYN_010,Z001
ENT_01000,SYN_010,Z049
ENT_01001,SYN_010,Z009
ENT_01002,SYN_010,Z009
ENT_01003,SYN_011,Z017
ENT_01004,SYN_011,Z050
ENT_01005,SYN_011,Z050
ENT_01006,SYN_011,Z050
ENT_01007,SYN_011,Z017
ENT_01008,SYN_011,Z017
ENT_01009,SYN_011,Z050
ENT_01010,SYN_011,Z017
ENT_01011,SYN_011,Z050
ENT_01012,SYN_011,Z017
ENT_01013,SYN_011,Z050
ENT_01014,SYN_011,Z017
ENT_01015,SYN_011,Z050
ENT_01016,SYN_011,Z050
ENT_01017,SYN_011,Z017
ENT_01018,SYN_011,Z017
ENT_01019,SYN_011,Z017
ENT_01020,SYN_011,Z017
ENT_01021,SYN_011,Z050
ENT_01022,SYN_011,Z050
ENT_01023,SYN_011,Z050
ENT_01024,SYN_011,Z017
ENT_01025,SYN_011,Z017
ENT_01026,SYN_011,Z017
ENT_01027,SYN_011,Z050
ENT_01028,SYN_011,Z017
ENT_01029,SYN_011,Z017
ENT_01030,SYN_011,Z017
ENT_01031,SYN_011,Z050
ENT_01032,SYN_011,Z050
ENT_01033,SYN_011,Z050
ENT_01034,SYN_011,Z050
ENT_01035,SYN_011,Z017
ENT_01036,SYN_011,Z050
ENT_01037,SYN_012,Z015
ENT_01038,SYN_012,Z015
ENT_01039,SYN_012,Z015
ENT_01040,SYN_012,Z015
ENT_01041,SYN_012,Z015
ENT_01042,SYN_012,Z015
ENT_01043,SYN_012,Z015
ENT_01044,SYN_012,Z015
ENT_01045,SYN_012,Z015
ENT_01046,SYN_012,Z015
ENT_01047,SYN_012,Z015
ENT_01048,SYN_012,Z015
ENT_01049,SYN_012,Z015
ENT_01050,SYN_012,Z015
ENT_01051,SYN_012,Z015
ENT_01052,SYN_012,Z015
ENT_01053,SYN_012,Z015
ENT_01054,SYN_012,Z015
ENT_01055,SYN_012,Z015
ENT_01056,SYN_012,Z015
ENT_01057,SYN_012,Z015
ENT_01058,SYN_012,Z015
ENT_01059,SYN_012,Z015
ENT_01060,SYN_012,Z015
ENT_01061,SYN_012,Z015
ENT_01062,SYN_012,Z015
ENT_01063,SYN_012,Z015
ENT_01064,SYN_012,Z015
ENT_01065,SYN_012,Z015
ENT_01066,SYN_012,Z015
ENT_01067,SYN_012,Z015
ENT_01068,SYN_012,Z015
ENT_01069,SYN_012,Z015
ENT_01070,SYN_012,Z015
ENT_01071,SYN_012,Z015
ENT_01072,SYN_012,Z015
ENT_01073,SYN_012,Z015
ENT_01074,SYN_012,Z015
ENT_01075,SYN_012,Z015
ENT_01076,SYN_012,Z015
ENT_01077,SYN_012,Z015
ENT_01078,SYN_012,Z015
ENT_01079,SYN_012,Z015
ENT_01080,SYN_012,Z015
ENT_01081,SYN_012,Z015
ENT_01082,SYN_012,Z015
ENT_01083,SYN_012,Z015
ENT_01084,SYN_012,Z015
ENT_01085,SYN_012,Z015
ENT_01086,SYN_012,Z015
ENT_01087,SYN_012,Z015
ENT_01088,SYN_012,Z015
ENT_01089,SYN_012,Z015
ENT_01090,SYN_012,Z015
ENT_01091,SYN_012,Z015
ENT_01092,SYN_012,Z015
ENT_01093,SYN_012,Z015
ENT_01094,SYN_012,Z015
ENT_01095,SYN_012,Z015
ENT_01096,SYN_012,Z015
ENT_01097,SYN_012,Z015
ENT_01098,SYN_012,Z015
ENT_01099,SYN_012,Z015
ENT_01100,SYN_012,Z015
ENT_01101,SYN_012,Z015
ENT_01102,SYN_012,Z015
ENT_01103,SYN_012,Z015
ENT_01104,SYN_012,Z015
ENT_01105,SYN_012,Z015
ENT_01106,SYN_012,Z015
ENT_01107,SYN_012,Z015
ENT_01108,SYN_013,Z011
ENT_01109,SYN_013,Z011
ENT_01110,SYN_013,Z011
ENT_01111,SYN_013,Z011
ENT_01112,SYN_013,Z011
ENT_01113,SYN_013,Z011
ENT_01114,SYN_013,Z011
ENT_01115,SYN_013,Z011
ENT_01116,SYN_013,Z011
ENT_01117,SYN_013,Z011
ENT_01118,SYN_013,Z011
ENT_01119,SYN_013,Z011
ENT_01120,SYN_013,Z011
ENT_01121,SYN_013,Z011
ENT_01122,SYN_013,Z011
ENT_01123,SYN_013,Z011
ENT_01124,SYN_013,Z011
ENT_01125,SYN_013,Z011
ENT_01126,SYN_013,Z011
ENT_01127,SYN_013,Z011
ENT_01128,SYN_013,Z011
ENT_01129,SYN_013,Z011
ENT_01130,SYN_013,Z011
ENT_01131,SYN_013,Z011
ENT_01132,SYN_013,Z011
ENT_01133,SYN_013,Z011
ENT_01134,SYN_013,Z011
ENT_01135,SYN_013,Z011
ENT_01136,SYN_013,Z011
ENT_01137,SYN_013,Z011
ENT_01138,SYN_013,Z011
ENT_01139,SYN_013,Z011
ENT_01140,SYN_013,Z011
ENT_01141,SYN_013,Z011
ENT_01142,SYN_013,Z011
ENT_01143,SYN_013,Z011
ENT_01144,SYN_013,Z011
ENT_01145,SYN_013,Z011
ENT_01146,SYN_013,Z011
ENT_01147,SYN_013,Z011
ENT_01148,SYN_013,Z011
ENT_01149,SYN_013,Z011
ENT_01150,SYN_013,Z011
ENT_01151,SYN_013,Z011
ENT_01152,SYN_013,Z011
ENT_01153,SYN_013,Z011
ENT_01154,SYN_013,Z011
ENT_01155,SYN_013,Z011
ENT_01156,SYN_013,Z011
ENT_01157,SYN_013,Z011
ENT_01158,SYN_013,Z011
ENT_01159,SYN_013,Z011
ENT_01160,SYN_013,Z011
ENT_01161,SYN_013,Z011
ENT_01162,SYN_013,Z011
ENT_01163,SYN_013,Z011
ENT_01164,SYN_013,Z011
ENT_01165,SYN_013,Z011
ENT_01166,SYN_013,Z011
ENT_01167,SYN_013,Z011
ENT_01168,SYN_013,Z011
ENT_01169,SYN_013,Z011
ENT_01170,SYN_013,Z011
ENT_01171,SYN_013,Z011
ENT_01172,SYN_013,Z011
ENT_01173,SYN_013,Z011
ENT_01174,SYN_013,Z011
ENT_01175,SYN_013,Z011
ENT_01176,SYN_013,Z011
ENT_01177,SYN_013,Z011
ENT_01178,SYN_013,Z011
ENT_01179,SYN_013,Z011
ENT_01180,SYN_013,Z011
ENT_01181,SYN_013,Z011
ENT_01182,SYN_013,Z011
ENT_01183,SYN_013,Z011
ENT_01184,SYN_013,Z011
ENT_01185,SYN_013,Z011
ENT_01186,SYN_013,Z011
ENT_01187,SYN_013,Z011
ENT_01188,SYN_013,Z011
ENT_01189,SYN_013,Z011
ENT_01190,SYN_013,Z011
ENT_01191,SYN_013,Z011
ENT_01192,SYN_013,Z011
ENT_01193,SYN_013,Z011
ENT_01194,SYN_013,Z011
ENT_01195,SYN_013,Z011
ENT_01196,SYN_013,Z011
ENT_01197,SYN_013,Z011
ENT_01198,SYN_013,Z011
ENT_01199,SYN_013,Z011
ENT_01200,SYN_013,Z011
ENT_01201,SYN_013,Z011
ENT_01202,SYN_013,Z011
ENT_01203,SYN_013,Z011
ENT_01204,SYN_013,Z011
ENT_01205,SYN_013,Z011
ENT_01206,SYN_013,Z011
ENT_01207,SYN_013,Z011
ENT_01208,SYN_013,Z011
ENT_01209,SYN_013,Z011
ENT_01210,SYN_013,Z011
ENT_01211,SYN_013,Z011
ENT_01212,SYN_013,Z011
ENT_01213,SYN_013,Z011
ENT_01214,SYN_013,Z011
ENT_01215,SYN_013,Z011
ENT_01216,SYN_013,Z011
ENT_01217,SYN_013,Z011
ENT_01218,SYN_013,Z011
ENT_01219,SYN_013,Z011
ENT_01220,SYN_013,Z011
ENT_01221,SYN_013,Z011
ENT_01222,SYN_013,Z011
ENT_01223,SYN_013,Z011
ENT_01224,SYN_013,Z011
ENT_01225,SYN_013,Z011
ENT_01226,SYN_013,Z011
ENT_01227,SYN_013,Z011
ENT_01228,SYN_013,Z011
ENT_01229,SYN_013,Z011
ENT_01230,SYN_013,Z011
ENT_01231,SYN_013,Z011
ENT_01232,SYN_013,Z011
ENT_01233,SYN_013,Z011
ENT_01234,SYN_013,Z011
ENT_01235,SYN_013,Z011
ENT_01236,SYN_013,Z011
ENT_01237,SYN_013,Z011
ENT_01238,SYN_013,Z011
ENT_01239,SYN_013,Z011
ENT_01240,SYN_013,Z011
ENT_01241,SYN_013,Z011
ENT_01242,SYN_013,Z011
ENT_01243,SYN_013,Z011
ENT_01244,SYN_013,Z011
ENT_01245,SYN_013,Z011
ENT_01246,SYN_013,Z011
ENT_01247,SYN_013,Z011
ENT_01248,SYN_013,Z011
ENT_01249,SYN_013,Z011
ENT_01250,SYN_013,Z011
ENT_01251,SYN_013,Z011
ENT_01252,SYN_013,Z011
ENT_01253,SYN_013,Z011
ENT_01254,SYN_013,Z011
ENT_01255,SYN_014,Z056
ENT_01256,SYN_014,Z042
ENT_01257,SYN_014,Z042
ENT_01258,SYN_014,Z056
ENT_01259,SYN_014,Z056
ENT_01260,SYN_014,Z068
ENT_01261,SYN_014,Z042
ENT_01262,SYN_014,Z042
ENT_01263,SYN_014,Z056
ENT_01264,SYN_014,Z068
ENT_01265,SYN_014,Z068
ENT_01266,SYN_014,Z042
ENT_01267,SYN_014,Z056
ENT_01268,SYN_014,Z056
ENT_01269,SYN_014,Z056
ENT_01270,SYN_014,Z042
ENT_01271,SYN_014,Z068
ENT_01272,SYN_014,Z056
ENT_01273,SYN_014,Z042
ENT_01274,SYN_014,Z068
ENT_01275,SYN_014,Z068
ENT_01276,SYN_014,Z042
ENT_01277,SYN_014,Z056
ENT_01278,SYN_014,Z056
ENT_01279,SYN_014,Z042
ENT_01280,SYN_014,Z068
ENT_01281,SYN_014,Z056
ENT_01282,SYN_014,Z068
ENT_01283,SYN_014,Z068
ENT_01284,SYN_014,Z068
ENT_01285,SYN_014,Z068
ENT_01286,SYN_014,Z068
ENT_01287,SYN_014,Z068
ENT_01288,SYN_014,Z042
ENT_01289,SYN_014,Z042
ENT_01290,SYN_014,Z056
ENT_01291,SYN_014,Z042
ENT_01292,SYN_014,Z056
ENT_01293,SYN_014,Z056
ENT_01294,SYN_014,Z042
ENT_01295,SYN_014,Z042
ENT_01296,SYN_014,Z056
ENT_01297,SYN_014,Z068
ENT_01298,SYN_014,Z042
ENT_01299,SYN_014,Z056
ENT_01300,SYN_014,Z068
ENT_01301,SYN_014,Z068
ENT_01302,SYN_014,Z068
ENT_01303,SYN_014,Z056
ENT_01304,SYN_014,Z042
ENT_01305,SYN_014,Z042
ENT_01306,SYN_014,Z042
ENT_01307,SYN_014,Z068
ENT_01308,SYN_014,Z056
ENT_01309,SYN_014,Z068
ENT_01310,SYN_014,Z042
ENT_01311,SYN_014,Z056
ENT_01312,SYN_014,Z056
ENT_01313,SYN_014,Z068
ENT_01314,SYN_014,Z056
ENT_01315,SYN_014,Z042
ENT_01316,SYN_014,Z068
ENT_01317,SYN_014,Z068
ENT_01318,SYN_014,Z068
ENT_01319,SYN_014,Z068
ENT_01320,SYN_014,Z056
ENT_01321,SYN_014,Z068
ENT_01322,SYN_014,Z068
ENT_01323,SYN_014,Z068
ENT_01324,SYN_014,Z056
ENT_01325,SYN_014,Z056
ENT_01326,SYN_014,Z042
ENT_01327,SYN_014,Z042
ENT_01328,SYN_014,Z042
ENT_01329,SYN_014,Z056
ENT_01330,SYN_014,Z056
ENT_01331,SYN_014,Z056
ENT_01332,SYN_014,Z042
ENT_01333,SYN_014,Z068
ENT_01334,SYN_014,Z042
ENT_01335,SYN_014,Z042
ENT_01336,SYN_014,Z068
ENT_01337,SYN_014,Z042
ENT_01338,SYN_014,Z068
ENT_01339,SYN_014,Z056
ENT_01340,SYN_014,Z056
ENT_01341,SYN_014,Z068
ENT_01342,SYN_014,Z056
ENT_01343,SYN_014,Z068
ENT_01344,SYN_014,Z056
ENT_01345,SYN_014,Z056
ENT_01346,SYN_014,Z042
ENT_01347,SYN_014,Z042
ENT_01348,SYN_015,Z017
ENT_01349,SYN_015,Z017
ENT_01350,SYN_015,Z026
ENT_01351,SYN_015,Z045
ENT_01352,SYN_015,Z017
ENT_01353,SYN_015,Z017
ENT_01354,SYN_015,Z045
ENT_01355,SYN_015,Z045
ENT_01356,SYN_015,Z045
ENT_01357,SYN_015,Z017
ENT_01358,SYN_015,Z017
ENT_01359,SYN_015,Z045
ENT_01360,SYN_015,Z017
ENT_01361,SYN_015,Z017
ENT_01362,SYN_015,Z045
ENT_01363,SYN_015,Z026
ENT_01364,SYN_015,Z026
ENT_01365,SYN_015,Z026
ENT_01366,SYN_015,Z045
ENT_01367,SYN_015,Z026
ENT_01368,SYN_015,Z026
ENT_01369,SYN_015,Z017
ENT_01370,SYN_015,Z017
ENT_01371,SYN_015,Z045
ENT_01372,SYN_015,Z045
ENT_01373,SYN_015,Z045
ENT_01374,SYN_015,Z045
ENT_01375,SYN_015,Z026
ENT_01376,SYN_016,Z015
ENT_01377,SYN_016,Z015
ENT_01378,SYN_016,Z015
ENT_01379,SYN_016,Z015
ENT_01380,SYN_016,Z012
ENT_01381,SYN_016,Z015
ENT_01382,SYN_016,Z012
ENT_01383,SYN_016,Z015
ENT_01384,SYN_016,Z015
ENT_01385,SYN_016,Z012
ENT_01386,SYN_016,Z012
ENT_01387,SYN_016,Z012
ENT_01388,SYN_016,Z015
ENT_01389,SYN_016,Z015
ENT_01390,SYN_016,Z012
ENT_01391,SYN_016,Z012
ENT_01392,SYN_016,Z012
ENT_01393,SYN_016,Z012
ENT_01394,SYN_016,Z015
ENT_01395,SYN_016,Z012
ENT_01396,SYN_016,Z015
ENT_01397,SYN_016,Z015
ENT_01398,SYN_016,Z015
ENT_01399,SYN_016,Z015
ENT_01400,SYN_016,Z012
ENT_01401,SYN_016,Z015
ENT_01402,SYN_016,Z015
ENT_01403,SYN_016,Z015
ENT_01404,SYN_016,Z015
ENT_01405,SYN_016,Z012
ENT_01406,SYN_016,Z012
ENT_01407,SYN_016,Z015
ENT_01408,SYN_016,Z015
ENT_01409,SYN_016,Z015
ENT_01410,SYN_016,Z012
ENT_01411,SYN_016,Z015
ENT_01412,SYN_016,Z012
ENT_01413,SYN_016,Z012
ENT_01414,SYN_016,Z012
ENT_01415,SYN_016,Z015
ENT_01416,SYN_016,Z012
ENT_01417,SYN_016,Z012
ENT_01418,SYN_016,Z015
ENT_01419,SYN_016,Z012
ENT_01420,SYN_016,Z012
ENT_01421,SYN_016,Z012
ENT_01422,SYN_016,Z015
ENT_01423,SYN_016,Z015
ENT_01424,SYN_016,Z012
ENT_01425,SYN_016,Z015
ENT_01426,SYN_016,Z015
ENT_01427,SYN_016,Z015
ENT_01428,SYN_016,Z015
ENT_01429,SYN_016,Z015
ENT_01430,SYN_016,Z012
ENT_01431,SYN_016,Z012
ENT_01432,SYN_016,Z012
ENT_01433,SYN_016,Z012
ENT_01434,SYN_016,Z012
ENT_01435,SYN_016,Z012
ENT_01436,SYN_016,Z015
ENT_01437,SYN_016,Z012
ENT_01438,SYN_016,Z012
ENT_01439,SYN_016,Z015
ENT_01440,SYN_016,Z015
ENT_01441,SYN_016,Z015
ENT_01442,SYN_016,Z015
ENT_01443,SYN_016,Z015
ENT_01444,SYN_016,Z015
ENT_01445,SYN_016,Z015
ENT_01446,SYN_016,Z012
ENT_01447,SYN_016,Z012
ENT_01448,SYN_016,Z015
ENT_01449,SYN_016,Z012
ENT_01450,SYN_016,Z015
ENT_01451,SYN_016,Z012
ENT_01452,SYN_016,Z015
ENT_01453,SYN_016,Z012
ENT_01454,SYN_016,Z012
ENT_01455,SYN_016,Z012
ENT_01456,SYN_016,Z015
ENT_01457,SYN_016,Z012
ENT_01458,SYN_016,Z012
ENT_01459,SYN_016,Z012
ENT_01460,SYN_016,Z012
ENT_01461,SYN_016,Z012
ENT_01462,SYN_016,Z015
ENT_01463,SYN_016,Z015
ENT_01464,SYN_016,Z015
ENT_01465,SYN_016,Z015
ENT_01466,SYN_016,Z015
ENT_01467,SYN_016,Z015
ENT_01468,SYN_016,Z012
ENT_01469,SYN_016,Z012
ENT_01470,SYN_016,Z012
ENT_01471,SYN_016,Z015
ENT_01472,SYN_016,Z015
ENT_01473,SYN_016,Z012
ENT_01474,SYN_016,Z015
ENT_01475,SYN_016,Z015
ENT_01476,SYN_016,Z012
ENT_01477,SYN_016,Z015
ENT_01478,SYN_016,Z015
ENT_01479,SYN_016,Z015
ENT_01480,SYN_016,Z015
ENT_01481,SYN_016,Z012
ENT_01482,SYN_016,Z012
ENT_01483,SYN_016,Z012
ENT_01484,SYN_016,Z012
ENT_01485,SYN_016,Z012
ENT_01486,SYN_016,Z012
ENT_01487,SYN_016,Z012
ENT_01488,SYN_016,Z015
ENT_01489,SYN_016,Z015
ENT_01490,SYN_016,Z012
ENT_01491,SYN_017,Z013
ENT_01492,SYN_017,Z014
ENT_01493,SYN_017,Z013
ENT_01494,SYN_017,Z014
ENT_01495,SYN_017,Z013
ENT_01496,SYN_017,Z013
ENT_01497,SYN_017,Z013
ENT_01498,SYN_017,Z014
ENT_01499,SYN_017,Z014
ENT_01500,SYN_017,Z014
ENT_01501,SYN_017,Z014
ENT_01502,SYN_017,Z013
ENT_01503,SYN_017,Z014
ENT_01504,SYN_017,Z014
ENT_01505,SYN_017,Z013
ENT_01506,SYN_017,Z013
ENT_01507,SYN_017,Z013
ENT_01508,SYN_017,Z013
ENT_01509,SYN_017,Z013
ENT_01510,SYN_017,Z013
ENT_01511,SYN_017,Z014
ENT_01512,SYN_017,Z014
ENT_01513,SYN_017,Z013
ENT_01514,SYN_017,Z014
ENT_01515,SYN_017,Z014
ENT_01516,SYN_017,Z014
ENT_01517,SYN_017,Z013
ENT_01518,SYN_017,Z013
ENT_01519,SYN_017,Z013
ENT_01520,SYN_017,Z013
ENT_01521,SYN_017,Z014
ENT_01522,SYN_017,Z013
ENT_01523,SYN_017,Z013
ENT_01524,SYN_017,Z014
ENT_01525,SYN_017,Z014
ENT_01526,SYN_017,Z013
ENT_01527,SYN_017,Z013
ENT_01528,SYN_017,Z014
ENT_01529,SYN_017,Z013
ENT_01530,SYN_017,Z013
ENT_01531,SYN_017,Z014
ENT_01532,SYN_017,Z013
ENT_01533,SYN_017,Z014
ENT_01534,SYN_017,Z014
ENT_01535,SYN_017,Z014
ENT_01536,SYN_017,Z014
ENT_01537,SYN_017,Z013
ENT_01538,SYN_017,Z014
ENT_01539,SYN_017,Z013
ENT_01540,SYN_017,Z014
ENT_01541,SYN_017,Z014
ENT_01542,SYN_017,Z013
ENT_01543,SYN_017,Z013
ENT_01544,SYN_017,Z014
ENT_01545,SYN_017,Z014
ENT_01546,SYN_017,Z014
ENT_01547,SYN_017,Z014
ENT_01548,SYN_017,Z013
ENT_01549,SYN_017,Z013
ENT_01550,SYN_017,Z014
ENT_01551,SYN_017,Z013
ENT_01552,SYN_017,Z014
ENT_01553,SYN_017,Z013
ENT_01554,SYN_017,Z013
ENT_01555,SYN_017,Z014
ENT_01556,SYN_017,Z014
ENT_01557,SYN_017,Z014
ENT_01558,SYN_017,Z013
ENT_01559,SYN_017,Z014
ENT_01560,SYN_017,Z014
ENT_01561,SYN_017,Z013
ENT_01562,SYN_017,Z013
ENT_01563,SYN_017,Z014
ENT_01564,SYN_017,Z014
ENT_01565,SYN_017,Z013
ENT_01566,SYN_017,Z014
ENT_01567,SYN_017,Z014
ENT_01568,SYN_017,Z014
ENT_01569,SYN_017,Z014
ENT_01570,SYN_017,Z013
ENT_01571,SYN_017,Z014
ENT_01572,SYN_017,Z013
ENT_01573,SYN_017,Z014
ENT_01574,SYN_017,Z014
ENT_01575,SYN_017,Z013
ENT_01576,SYN_017,Z014
ENT_01577,SYN_017,Z013
ENT_01578,SYN_017,Z013
ENT_01579,SYN_017,Z013
ENT_01580,SYN_017,Z013
ENT_01581,SYN_017,Z014
ENT_01582,SYN_017,Z014
ENT_01583,SYN_017,Z014
ENT_01584,SYN_017,Z014
ENT_01585,SYN_017,Z014
ENT_01586,SYN_017,Z013
ENT_01587,SYN_017,Z014
ENT_01588,SYN_017,Z013
ENT_01589,SYN_017,Z013
ENT_01590,SYN_017,Z014
ENT_01591,SYN_017,Z014
ENT_01592,SYN_017,Z013
ENT_01593,SYN_017,Z013
ENT_01594,SYN_017,Z013
ENT_01595,SYN_017,Z013
ENT_01596,SYN_017,Z013
ENT_01597,SYN_017,Z013
ENT_01598,SYN_017,Z013
ENT_01599,SYN_017,Z014
ENT_01600,SYN_017,Z014
ENT_01601,SYN_017,Z013
ENT_01602,SYN_017,Z013
ENT_01603,SYN_017,Z014
ENT_01604,SYN_017,Z014
ENT_01605,SYN_017,Z014
ENT_01606,SYN_017,Z014
ENT_01607,SYN_017,Z013
ENT_01608,SYN_017,Z014
ENT_01609,SYN_017,Z014
ENT_01610,SYN_017,Z014
ENT_01611,SYN_017,Z014
ENT_01612,SYN_017,Z014
ENT_01613,SYN_017,Z014
ENT_01614,SYN_017,Z014
ENT_01615,SYN_017,Z013
ENT_01616,SYN_017,Z014
ENT_01617,SYN_017,Z014
ENT_01618,SYN_017,Z014
ENT_01619,SYN_017,Z014
ENT_01620,SYN_017,Z014
ENT_01621,SYN_017,Z013
ENT_01622,SYN_018,Z048
ENT_01623,SYN_018,Z048
ENT_01624,SYN_018,Z048
ENT_01625,SYN_018,Z048
ENT_01626,SYN_018,Z048
ENT_01627,SYN_018,Z048
ENT_01628,SYN_018,Z048
ENT_01629,SYN_018,Z048
ENT_01630,SYN_018,Z048
ENT_01631,SYN_018,Z048
ENT_01632,SYN_018,Z048
ENT_01633,SYN_018,Z048
ENT_01634,SYN_018,Z048
ENT_01635,SYN_018,Z048
ENT_01636,SYN_018,Z048
ENT_01637,SYN_018,Z048
ENT_01638,SYN_018,Z048
ENT_01639,SYN_018,Z048
ENT_01640,SYN_018,Z048
ENT_01641,SYN_018,Z048
ENT_01642,SYN_018,Z048
ENT_01643,SYN_018,Z048
ENT_01644,SYN_018,Z048
ENT_01645,SYN_018,Z048
ENT_01646,SYN_018,Z048
ENT_01647,SYN_018,Z048
ENT_01648,SYN_018,Z048
ENT_01649,SYN_018,Z048
ENT_01650,SYN_018,Z048
ENT_01651,SYN_018,Z048
ENT_01652,SYN_018,Z048
ENT_01653,SYN_018,Z048
ENT_01654,SYN_018,Z048
ENT_01655,SYN_018,Z048
ENT_01656,SYN_018,Z048
ENT_01657,SYN_018,Z048
ENT_01658,SYN_018,Z048
ENT_01659,SYN_018,Z048
ENT_01660,SYN_018,Z048
ENT_01661,SYN_018,Z048
ENT_01662,SYN_018,Z048
ENT_01663,SYN_018,Z048
ENT_01664,SYN_018,Z048
ENT_01665,SYN_018,Z048
ENT_01666,SYN_018,Z048
ENT_01667,SYN_018,Z048
ENT_01668,SYN_018,Z048
ENT_01669,SYN_018,Z048
ENT_01670,SYN_018,Z048
ENT_01671,SYN_018,Z048
ENT_01672,SYN_018,Z048
ENT_01673,SYN_018,Z048
ENT_01674,SYN_018,Z048
ENT_01675,SYN_018,Z048
ENT_01676,SYN_018,Z048
ENT_01677,SYN_018,Z048
ENT_01678,SYN_018,Z048
ENT_01679,SYN_018,Z048
ENT_01680,SYN_018,Z048
ENT_01681,SYN_018,Z048
ENT_01682,SYN_018,Z048
ENT_01683,SYN_018,Z048
ENT_01684,SYN_018,Z048
ENT_01685,SYN_018,Z048
ENT_01686,SYN_018,Z048
ENT_01687,SYN_018,Z048
ENT_01688,SYN_018,Z048
ENT_01689,SYN_018,Z048
ENT_01690,SYN_018,Z048
ENT_01691,SYN_018,Z048
ENT_01692,SYN_018,Z048
ENT_01693,SYN_018,Z048
ENT_01694,SYN_018,Z048
ENT_01695,SYN_018,Z048
ENT_01696,SYN_018,Z048
ENT_01697,SYN_018,Z048
ENT_01698,SYN_018,Z048
ENT_01699,SYN_018,Z048
ENT_01700,SYN_018,Z048
ENT_01701,SYN_018,Z048
ENT_01702,SYN_018,Z048
ENT_01703,SYN_018,Z048
ENT_01704,SYN_018,Z048
ENT_01705,SYN_018,Z048
ENT_01706,SYN_018,Z048
ENT_01707,SYN_018,Z048
ENT_01708,SYN_018,Z048
ENT_01709,SYN_018,Z048
ENT_01710,SYN_018,Z048
ENT_01711,SYN_018,Z048
ENT_01712,SYN_018,Z048
ENT_01713,SYN_018,Z048
ENT_01714,SYN_018,Z048
ENT_01715,SYN_018,Z048
ENT_01716,SYN_018,Z048
ENT_01717,SYN_018,Z048
ENT_01718,SYN_018,Z048
ENT_01719,SYN_018,Z048
ENT_01720,SYN_018,Z048
ENT_01721,SYN_018,Z048
ENT_01722,SYN_018,Z048
ENT_01723,SYN_018,Z048
ENT_01724,SYN_018,Z048
ENT_01725,SYN_018,Z048
ENT_01726,SYN_018,Z048
ENT_01727,SYN_018,Z048
ENT_01728,SYN_018,Z048
ENT_01729,SYN_018,Z048
ENT_01730,SYN_019,Z073
ENT_01731,SYN_019,Z073
ENT_01732,SYN_019,Z073
ENT_01733,SYN_019,Z073
ENT_01734,SYN_019,Z073
ENT_01735,SYN_019,Z073
ENT_01736,SYN_019,Z073
ENT_01737,SYN_019,Z073
ENT_01738,SYN_019,Z073
ENT_01739,SYN_019,Z073
ENT_01740,SYN_019,Z073
ENT_01741,SYN_019,Z073
ENT_01742,SYN_019,Z073
ENT_01743,SYN_019,Z073
ENT_01744,SYN_019,Z073
ENT_01745,SYN_019,Z073
ENT_01746,SYN_019,Z073
ENT_01747,SYN_019,Z073
ENT_01748,SYN_019,Z073
ENT_01749,SYN_019,Z073
ENT_01750,SYN_019,Z073
ENT_01751,SYN_019,Z073
ENT_01752,SYN_019,Z073
ENT_01753,SYN_019,Z073
ENT_01754,SYN_019,Z073
ENT_01755,SYN_019,Z073
ENT_01756,SYN_019,Z073
ENT_01757,SYN_019,Z073
ENT_01758,SYN_019,Z073
ENT_01759,SYN_019,Z073
ENT_01760,SYN_019,Z073
ENT_01761,SYN_019,Z073
ENT_01762,SYN_019,Z073
ENT_01763,SYN_019,Z073
ENT_01764,SYN_019,Z073
ENT_01765,SYN_019,Z073
ENT_01766,SYN_019,Z073
ENT_01767,SYN_019,Z073
ENT_01768,SYN_019,Z073
ENT_01769,SYN_019,Z073
ENT_01770,SYN_019,Z073
ENT_01771,SYN_019,Z073
ENT_01772,SYN_019,Z073
ENT_01773,SYN_019,Z073
ENT_01774,SYN_019,Z073
ENT_01775,SYN_019,Z073
ENT_01776,SYN_019,Z073
ENT_01777,SYN_019,Z073
ENT_01778,SYN_019,Z073
ENT_01779,SYN_019,Z073
ENT_01780,SYN_019,Z073
ENT_01781,SYN_019,Z073
ENT_01782,SYN_019,Z073
ENT_01783,SYN_019,Z073
ENT_01784,SYN_019,Z073
ENT_01785,SYN_019,Z073
ENT_01786,SYN_019,Z073
ENT_01787,SYN_019,Z073
ENT_01788,SYN_019,Z073
ENT_01789,SYN_019,Z073
ENT_01790,SYN_019,Z073
ENT_01791,SYN_019,Z073
ENT_01792,SYN_019,Z073
ENT_01793,SYN_019,Z073
ENT_01794,SYN_019,Z073
ENT_01795,SYN_019,Z073
ENT_01796,SYN_019,Z073
ENT_01797,SYN_019,Z073
ENT_01798,SYN_019,Z073
ENT_01799,SYN_019,Z073
ENT_01800,SYN_019,Z073
ENT_01801,SYN_019,Z073
ENT_01802,SYN_019,Z073
ENT_01803,SYN_019,Z073
ENT_01804,SYN_019,Z073
ENT_01805,SYN_019,Z073
ENT_01806,SYN_019,Z073
ENT_01807,SYN_019,Z073
ENT_01808,SYN_019,Z073
ENT_01809,SYN_019,Z073
ENT_01810,SYN_019,Z073
ENT_01811,SYN_019,Z073
ENT_01812,SYN_019,Z073
ENT_01813,SYN_019,Z073
ENT_01814,SYN_019,Z073
ENT_01815,SYN_019,Z073
ENT_01816,SYN_019,Z073
ENT_01817,SYN_019,Z073
ENT_01818,SYN_019,Z073
ENT_01819,SYN_019,Z073
ENT_01820,SYN_019,Z073
ENT_01821,SYN_019,Z073
ENT_01822,SYN_019,Z073
ENT_01823,SYN_019,Z073
ENT_01824,SYN_019,Z073
ENT_01825,SYN_019,Z073
ENT_01826,SYN_019,Z073
ENT_01827,SYN_019,Z073
ENT_01828,SYN_019,Z073
ENT_01829,SYN_019,Z073
ENT_01830,SYN_019,Z073
ENT_01831,SYN_019,Z073
ENT_01832,SYN_019,Z073
ENT_01833,SYN_019,Z073
ENT_01834,SYN_019,Z073
ENT_01835,SYN_019,Z073
ENT_01836,SYN_019,Z073
ENT_01837,SYN_019,Z073
ENT_01838,SYN_019,Z073
ENT_01839,SYN_019,Z073
ENT_01840,SYN_019,Z073
ENT_01841,SYN_019,Z073
ENT_01842,SYN_019,Z073
ENT_01843,SYN_019,Z073
ENT_01844,SYN_019,Z073
ENT_01845,SYN_019,Z073
ENT_01846,SYN_019,Z073
ENT_01847,SYN_019,Z073
ENT_01848,SYN_019,Z073
ENT_01849,SYN_019,Z073
ENT_01850,SYN_019,Z073
ENT_01851,SYN_019,Z073
ENT_01852,SYN_019,Z073
ENT_01853,SYN_019,Z073
ENT_01854,SYN_019,Z073
ENT_01855,SYN_019,Z073
ENT_01856,SYN_019,Z073
ENT_01857,SYN_020,Z012
ENT_01858,SYN_020,Z014
ENT_01859,SYN_020,Z012
ENT_01860,SYN_020,Z014
ENT_01861,SYN_020,Z012
ENT_01862,SYN_020,Z014
ENT_01863,SYN_020,Z012
ENT_01864,SYN_020,Z014
ENT_01865,SYN_020,Z012
ENT_01866,SYN_020,Z012
ENT_01867,SYN_020,Z012
ENT_01868,SYN_020,Z014
ENT_01869,SYN_020,Z012
ENT_01870,SYN_020,Z014
ENT_01871,SYN_020,Z012
ENT_01872,SYN_020,Z012
ENT_01873,SYN_020,Z012
ENT_01874,SYN_020,Z014
ENT_01875,SYN_020,Z012
ENT_01876,SYN_020,Z012
ENT_01877,SYN_020,Z012
ENT_01878,SYN_020,Z012
ENT_01879,SYN_020,Z014
ENT_01880,SYN_020,Z012
ENT_01881,SYN_020,Z014
ENT_01882,SYN_020,Z014
ENT_01883,SYN_020,Z012
ENT_01884,SYN_020,Z012
ENT_01885,SYN_020,Z014
ENT_01886,SYN_020,Z012
ENT_01887,SYN_020,Z014
ENT_01888,SYN_020,Z014
ENT_01889,SYN_020,Z012
ENT_01890,SYN_020,Z014
ENT_01891,SYN_020,Z014
ENT_01892,SYN_020,Z012
ENT_01893,SYN_020,Z014
ENT_01894,SYN_020,Z012
ENT_01895,SYN_020,Z012
ENT_01896,SYN_020,Z012
ENT_01897,SYN_020,Z014
ENT_01898,SYN_020,Z014
ENT_01899,SYN_020,Z014
ENT_01900,SYN_020,Z012
ENT_01901,SYN_020,Z014
ENT_01902,SYN_020,Z012
ENT_01903,SYN_020,Z012
ENT_01904,SYN_020,Z012
ENT_01905,SYN_020,Z014
ENT_01906,SYN_020,Z012
ENT_01907,SYN_020,Z014
ENT_01908,SYN_020,Z012
ENT_01909,SYN_020,Z014
ENT_01910,SYN_020,Z012
ENT_01911,SYN_020,Z014
ENT_01912,SYN_020,Z014
ENT_01913,SYN_020,Z012
ENT_01914,SYN_020,Z012
ENT_01915,SYN_020,Z014
ENT_01916,SYN_020,Z014
ENT_01917,SYN_020,Z012
ENT_01918,SYN_020,Z014
ENT_01919,SYN_020,Z014
ENT_01920,SYN_020,Z012
ENT_01921,SYN_020,Z012
ENT_01922,SYN_020,Z012
ENT_01923,SYN_020,Z014
ENT_01924,SYN_020,Z014
ENT_01925,SYN_020,Z012
ENT_01926,SYN_020,Z014
ENT_01927,SYN_020,Z012
ENT_01928,SYN_020,Z014
ENT_01929,SYN_020,Z012
ENT_01930,SYN_020,Z014
ENT_01931,SYN_020,Z014
ENT_01932,SYN_020,Z014
ENT_01933,SYN_020,Z014
ENT_01934,SYN_020,Z014
ENT_01935,SYN_020,Z012
ENT_01936,SYN_020,Z014
ENT_01937,SYN_020,Z014
ENT_01938,SYN_021,Z004
ENT_01939,SYN_021,Z041
ENT_01940,SYN_021,Z004
ENT_01941,SYN_021,Z041
ENT_01942,SYN_021,Z036
ENT_01943,SYN_021,Z004
ENT_01944,SYN_021,Z041
ENT_01945,SYN_021,Z041
ENT_01946,SYN_021,Z004
ENT_01947,SYN_021,Z004
ENT_01948,SYN_021,Z036
ENT_01949,SYN_021,Z036
ENT_01950,SYN_021,Z041
ENT_01951,SYN_021,Z036
ENT_01952,SYN_021,Z036
ENT_01953,SYN_021,Z004
ENT_01954,SYN_021,Z004
ENT_01955,SYN_021,Z004
ENT_01956,SYN_021,Z041
ENT_01957,SYN_021,Z036
ENT_01958,SYN_021,Z036
ENT_01959,SYN_021,Z004
ENT_01960,SYN_021,Z036
ENT_01961,SYN_021,Z036
ENT_01962,SYN_021,Z004
ENT_01963,SYN_021,Z036
ENT_01964,SYN_021,Z004
ENT_01965,SYN_021,Z041
ENT_01966,SYN_021,Z041
ENT_01967,SYN_021,Z041
ENT_01968,SYN_021,Z036
ENT_01969,SYN_021,Z004
ENT_01970,SYN_021,Z036
ENT_01971,SYN_021,Z004
ENT_01972,SYN_021,Z004
ENT_01973,SYN_021,Z004
ENT_01974,SYN_021,Z036
ENT_01975,SYN_021,Z041
ENT_01976,SYN_021,Z004
ENT_01977,SYN_021,Z041
ENT_01978,SYN_021,Z004
ENT_01979,SYN_021,Z004
ENT_01980,SYN_021,Z004
ENT_01981,SYN_021,Z036
ENT_01982,SYN_021,Z036
ENT_01983,SYN_021,Z041
ENT_01984,SYN_021,Z036
ENT_01985,SYN_021,Z004
ENT_01986,SYN_021,Z036
ENT_01987,SYN_021,Z004
ENT_01988,SYN_021,Z041
ENT_01989,SYN_021,Z041
ENT_01990,SYN_021,Z036
ENT_01991,SYN_021,Z004
ENT_01992,SYN_021,Z004
ENT_01993,SYN_021,Z004
ENT_01994,SYN_021,Z004
ENT_01995,SYN_021,Z004
ENT_01996,SYN_021,Z004
ENT_01997,SYN_021,Z004
ENT_01998,SYN_021,Z036
ENT_01999,SYN_021,Z036
ENT_02000,SYN_021,Z041
ENT_02001,SYN_021,Z036
ENT_02002,SYN_021,Z004
ENT_02003,SYN_021,Z004
ENT_02004,SYN_021,Z004
ENT_02005,SYN_021,Z004
ENT_02006,SYN_021,Z004
ENT_02007,SYN_021,Z041
ENT_02008,SYN_021,Z036
ENT_02009,SYN_021,Z041
ENT_02010,SYN_021,Z004
ENT_02011,SYN_021,Z004
ENT_02012,SYN_021,Z004
ENT_02013,SYN_021,Z036
ENT_02014,SYN_021,Z036
ENT_02015,SYN_021,Z004
ENT_02016,SYN_021,Z036
ENT_02017,SYN_021,Z036
ENT_02018,SYN_021,Z004
ENT_02019,SYN_021,Z041
ENT_02020,SYN_021,Z041
ENT_02021,SYN_021,Z041
ENT_02022,SYN_021,Z041
ENT_02023,SYN_021,Z004
ENT_02024,SYN_021,Z036
ENT_02025,SYN_021,Z041
ENT_02026,SYN_021,Z041
ENT_02027,SYN_021,Z004
ENT_02028,SYN_021,Z036
ENT_02029,SYN_021,Z004
ENT_02030,SYN_021,Z004
ENT_02031,SYN_021,Z004
ENT_02032,SYN_021,Z041
ENT_02033,SYN_021,Z036
ENT_02034,SYN_021,Z004
ENT_02035,SYN_021,Z041
ENT_02036,SYN_021,Z036
ENT_02037,SYN_021,Z036
ENT_02038,SYN_021,Z036
ENT_02039,SYN_021,Z041
ENT_02040,SYN_021,Z004
ENT_02041,SYN_021,Z004
ENT_02042,SYN_021,Z036
ENT_02043,SYN_021,Z036
ENT_02044,SYN_021,Z041
ENT_02045,SYN_021,Z004
ENT_02046,SYN_021,Z041
ENT_02047,SYN_021,Z041
ENT_02048,SYN_021,Z004
ENT_02049,SYN_021,Z004
ENT_02050,SYN_021,Z004
ENT_02051,SYN_021,Z041
ENT_02052,SYN_021,Z036
ENT_02053,SYN_022,Z009
ENT_02054,SYN_022,Z037
ENT_02055,SYN_022,Z024
ENT_02056,SYN_022,Z009
ENT_02057,SYN_022,Z009
ENT_02058,SYN_022,Z024
ENT_02059,SYN_022,Z024
ENT_02060,SYN_022,Z024
ENT_02061,SYN_022,Z009
ENT_02062,SYN_022,Z037
ENT_02063,SYN_022,Z009
ENT_02064,SYN_022,Z024
ENT_02065,SYN_022,Z024
ENT_02066,SYN_022,Z037
ENT_02067,SYN_022,Z009
ENT_02068,SYN_022,Z009
ENT_02069,SYN_022,Z009
ENT_02070,SYN_022,Z009
ENT_02071,SYN_022,Z024
ENT_02072,SYN_022,Z024
ENT_02073,SYN_022,Z024
ENT_02074,SYN_022,Z009
ENT_02075,SYN_022,Z037
ENT_02076,SYN_022,Z009
ENT_02077,SYN_022,Z024
ENT_02078,SYN_022,Z009
ENT_02079,SYN_022,Z009
ENT_02080,SYN_022,Z009
ENT_02081,SYN_023,Z015
ENT_02082,SYN_023,Z015
ENT_02083,SYN_023,Z015
ENT_02084,SYN_023,Z015
ENT_02085,SYN_023,Z015
ENT_02086,SYN_023,Z015
ENT_02087,SYN_023,Z015
ENT_02088,SYN_023,Z015
ENT_02089,SYN_023,Z015
ENT_02090,SYN_023,Z015
ENT_02091,SYN_023,Z015
ENT_02092,SYN_023,Z015
ENT_02093,SYN_023,Z015
ENT_02094,SYN_023,Z015
ENT_02095,SYN_023,Z015
ENT_02096,SYN_023,Z015
ENT_02097,SYN_023,Z015
ENT_02098,SYN_023,Z015
ENT_02099,SYN_023,Z015
ENT_02100,SYN_023,Z015
ENT_02101,SYN_023,Z015
ENT_02102,SYN_023,Z015
ENT_02103,SYN_023,Z015
ENT_02104,SYN_023,Z015
ENT_02105,SYN_023,Z015
ENT_02106,SYN_023,Z015
ENT_02107,SYN_023,Z015
ENT_02108,SYN_023,Z015
ENT_02109,SYN_023,Z015
ENT_02110,SYN_023,Z015
ENT_02111,SYN_024,Z047
ENT_02112,SYN_024,Z047
ENT_02113,SYN_024,Z050
ENT_02114,SYN_024,Z047
ENT_02115,SYN_024,Z050
ENT_02116,SYN_024,Z047
ENT_02117,SYN_024,Z050
ENT_02118,SYN_024,Z050
ENT_02119,SYN_024,Z047
ENT_02120,SYN_024,Z047
ENT_02121,SYN_024,Z047
ENT_02122,SYN_024,Z050
ENT_02123,SYN_024,Z047
ENT_02124,SYN_024,Z050
ENT_02125,SYN_024,Z047
ENT_02126,SYN_024,Z047
ENT_02127,SYN_024,Z047
ENT_02128,SYN_024,Z047
ENT_02129,SYN_024,Z050
ENT_02130,SYN_024,Z050
ENT_02131,SYN_024,Z047
ENT_02132,SYN_024,Z047
ENT_02133,SYN_024,Z050
ENT_02134,SYN_024,Z047
ENT_02135,SYN_024,Z047
ENT_02136,SYN_024,Z047
ENT_02137,SYN_024,Z047
ENT_02138,SYN_024,Z047
ENT_02139,SYN_024,Z050
ENT_02140,SYN_024,Z050
ENT_02141,SYN_024,Z047
ENT_02142,SYN_024,Z050
ENT_02143,SYN_024,Z050
ENT_02144,SYN_024,Z047
ENT_02145,SYN_024,Z047
ENT_02146,SYN_024,Z050
ENT_02147,SYN_024,Z050
ENT_02148,SYN_024,Z050
ENT_02149,SYN_024,Z047
ENT_02150,SYN_024,Z047
ENT_02151,SYN_024,Z050
ENT_02152,SYN_024,Z047
ENT_02153,SYN_024,Z050
ENT_02154,SYN_024,Z050
ENT_02155,SYN_024,Z047
ENT_02156,SYN_024,Z047
ENT_02157,SYN_024,Z047
ENT_02158,SYN_024,Z047
ENT_02159,SYN_024,Z047
ENT_02160,SYN_024,Z050
ENT_02161,SYN_024,Z050
ENT_02162,SYN_024,Z050
ENT_02163,SYN_024,Z047
ENT_02164,SYN_024,Z047
ENT_02165,SYN_024,Z047
ENT_02166,SYN_024,Z050
ENT_02167,SYN_024,Z047
ENT_02168,SYN_024,Z050
ENT_02169,SYN_024,Z050
ENT_02170,SYN_024,Z047
ENT_02171,SYN_024,Z050
ENT_02172,SYN_024,Z050
ENT_02173,SYN_024,Z050
ENT_02174,SYN_024,Z047
ENT_02175,SYN_024,Z047
ENT_02176,SYN_024,Z047
ENT_02177,SYN_024,Z047
ENT_02178,SYN_024,Z050
ENT_02179,SYN_024,Z050
ENT_02180,SYN_024,Z047
ENT_02181,SYN_024,Z050
ENT_02182,SYN_024,Z050
ENT_02183,SYN_024,Z050
ENT_02184,SYN_024,Z050
ENT_02185,SYN_024,Z050
ENT_02186,SYN_024,Z047
ENT_02187,SYN_024,Z047
ENT_02188,SYN_024,Z047
ENT_02189,SYN_024,Z047
ENT_02190,SYN_024,Z050
ENT_02191,SYN_024,Z050
ENT_02192,SYN_024,Z047
ENT_02193,SYN_024,Z047
ENT_02194,SYN_024,Z050
ENT_02195,SYN_024,Z050
ENT_02196,SYN_024,Z050
ENT_02197,SYN_024,Z050
ENT_02198,SYN_024,Z050
ENT_02199,SYN_024,Z047
ENT_02200,SYN_024,Z050
ENT_02201,SYN_024,Z050
ENT_02202,SYN_024,Z047
ENT_02203,SYN_024,Z050
ENT_02204,SYN_024,Z047
ENT_02205,SYN_025,Z010
ENT_02206,SYN_025,Z026
ENT_02207,SYN_025,Z010
ENT_02208,SYN_025,Z029
ENT_02209,SYN_025,Z010
ENT_02210,SYN_025,Z010
ENT_02211,SYN_025,Z026
ENT_02212,SYN_025,Z029
ENT_02213,SYN_025,Z029
ENT_02214,SYN_025,Z026
ENT_02215,SYN_025,Z010
ENT_02216,SYN_025,Z010
ENT_02217,SYN_025,Z029
ENT_02218,SYN_025,Z010
ENT_02219,SYN_025,Z026
ENT_02220,SYN_025,Z010
ENT_02221,SYN_025,Z026
ENT_02222,SYN_025,Z026
ENT_02223,SYN_025,Z010
ENT_02224,SYN_025,Z029
ENT_02225,SYN_025,Z026
ENT_02226,SYN_025,Z010
ENT_02227,SYN_025,Z026
ENT_02228,SYN_025,Z029
ENT_02229,SYN_025,Z026
ENT_02230,SYN_025,Z029
ENT_02231,SYN_025,Z010
ENT_02232,SYN_025,Z026
ENT_02233,SYN_025,Z026
ENT_02234,SYN_025,Z026
ENT_02235,SYN_025,Z010
ENT_02236,SYN_025,Z026
ENT_02237,SYN_025,Z029
ENT_02238,SYN_025,Z010
ENT_02239,SYN_025,Z026
ENT_02240,SYN_025,Z029
ENT_02241,SYN_025,Z026
ENT_02242,SYN_025,Z010
ENT_02243,SYN_025,Z026
ENT_02244,SYN_025,Z010
ENT_02245,SYN_025,Z026
ENT_02246,SYN_025,Z010
ENT_02247,SYN_025,Z029
ENT_02248,SYN_025,Z026
ENT_02249,SYN_025,Z029
ENT_02250,SYN_025,Z026
ENT_02251,SYN_025,Z029
ENT_02252,SYN_025,Z029
ENT_02253,SYN_025,Z010
ENT_02254,SYN_025,Z010
ENT_02255,SYN_025,Z010
ENT_02256,SYN_025,Z010
ENT_02257,SYN_025,Z010
ENT_02258,SYN_025,Z029
ENT_02259,SYN_025,Z029
ENT_02260,SYN_025,Z026
ENT_02261,SYN_025,Z029
ENT_02262,SYN_025,Z026
ENT_02263,SYN_025,Z010
ENT_02264,SYN_025,Z010
ENT_02265,SYN_025,Z026
ENT_02266,SYN_026,Z073
ENT_02267,SYN_026,Z073
ENT_02268,SYN_026,Z073
ENT_02269,SYN_026,Z073
ENT_02270,SYN_026,Z073
ENT_02271,SYN_026,Z073
ENT_02272,SYN_026,Z073
ENT_02273,SYN_026,Z073
ENT_02274,SYN_026,Z073
ENT_02275,SYN_026,Z073
ENT_02276,SYN_026,Z073
ENT_02277,SYN_026,Z073
ENT_02278,SYN_026,Z073
ENT_02279,SYN_026,Z073
ENT_02280,SYN_026,Z073
ENT_02281,SYN_026,Z073
ENT_02282,SYN_026,Z073
ENT_02283,SYN_026,Z073
ENT_02284,SYN_027,Z016
ENT_02285,SYN_027,Z016
ENT_02286,SYN_027,Z016
ENT_02287,SYN_027,Z016
ENT_02288,SYN_027,Z016
ENT_02289,SYN_027,Z016
ENT_02290,SYN_027,Z016
ENT_02291,SYN_027,Z016
ENT_02292,SYN_027,Z016
ENT_02293,SYN_027,Z016
ENT_02294,SYN_027,Z016
ENT_02295,SYN_027,Z016
ENT_02296,SYN_027,Z016
ENT_02297,SYN_027,Z016
ENT_02298,SYN_027,Z016
ENT_02299,SYN_027,Z016
ENT_02300,SYN_027,Z016
ENT_02301,SYN_027,Z016
ENT_02302,SYN_027,Z016
ENT_02303,SYN_027,Z016
ENT_02304,SYN_027,Z016
ENT_02305,SYN_027,Z016
ENT_02306,SYN_027,Z016
ENT_02307,SYN_027,Z016
ENT_02308,SYN_027,Z016
ENT_02309,SYN_027,Z016
ENT_02310,SYN_027,Z016
ENT_02311,SYN_027,Z016
ENT_02312,SYN_027,Z016
ENT_02313,SYN_027,Z016
ENT_02314,SYN_027,Z016
ENT_02315,SYN_027,Z016
ENT_02316,SYN_027,Z016
ENT_02317,SYN_027,Z016
ENT_02318,SYN_027,Z016
ENT_02319,SYN_027,Z016
ENT_02320,SYN_027,Z016
ENT_02321,SYN_027,Z016
ENT_02322,SYN_027,Z016
ENT_02323,SYN_027,Z016
ENT_02324,SYN_027,Z016
ENT_02325,SYN_027,Z016
ENT_02326,SYN_027,Z016
ENT_02327,SYN_027,Z016
ENT_02328,SYN_027,Z016
ENT_02329,SYN_027,Z016
ENT_02330,SYN_027,Z016
ENT_02331,SYN_027,Z016
ENT_02332,SYN_027,Z016
ENT_02333,SYN_027,Z016
ENT_02334,SYN_027,Z016
ENT_02335,SYN_027,Z016
ENT_02336,SYN_027,Z016
ENT_02337,SYN_027,Z016
ENT_02338,SYN_027,Z016
ENT_02339,SYN_027,Z016
ENT_02340,SYN_027,Z016
ENT_02341,SYN_027,Z016
ENT_02342,SYN_027,Z016
ENT_02343,SYN_027,Z016
ENT_02344,SYN_027,Z016
ENT_02345,SYN_027,Z016
ENT_02346,SYN_027,Z016
ENT_02347,SYN_027,Z016
ENT_02348,SYN_028,Z006
ENT_02349,SYN_028,Z006
ENT_02350,SYN_028,Z004
ENT_02351,SYN_028,Z004
ENT_02352,SYN_028,Z004
ENT_02353,SYN_028,Z004
ENT_02354,SYN_028,Z004
ENT_02355,SYN_028,Z004
ENT_02356,SYN_028,Z006
ENT_02357,SYN_028,Z006
ENT_02358,SYN_028,Z004
ENT_02359,SYN_028,Z004
ENT_02360,SYN_028,Z006
ENT_02361,SYN_028,Z004
ENT_02362,SYN_028,Z004
ENT_02363,SYN_028,Z004
ENT_02364,SYN_028,Z006
ENT_02365,SYN_028,Z006
ENT_02366,SYN_028,Z004
ENT_02367,SYN_028,Z006
ENT_02368,SYN_028,Z006
ENT_02369,SYN_028,Z004
ENT_02370,SYN_028,Z004
ENT_02371,SYN_028,Z004
ENT_02372,SYN_028,Z006
ENT_02373,SYN_028,Z006
ENT_02374,SYN_028,Z006
ENT_02375,SYN_028,Z004
ENT_02376,SYN_028,Z004
ENT_02377,SYN_028,Z004
ENT_02378,SYN_028,Z004
ENT_02379,SYN_028,Z006
ENT_02380,SYN_028,Z004
ENT_02381,SYN_028,Z006
ENT_02382,SYN_028,Z006
ENT_02383,SYN_028,Z004
ENT_02384,SYN_028,Z004
ENT_02385,SYN_028,Z004
ENT_02386,SYN_028,Z006
ENT_02387,SYN_028,Z004
ENT_02388,SYN_028,Z006
ENT_02389,SYN_028,Z004
ENT_02390,SYN_028,Z004
ENT_02391,SYN_028,Z006
ENT_02392,SYN_028,Z004
ENT_02393,SYN_028,Z004
ENT_02394,SYN_028,Z006
ENT_02395,SYN_028,Z006
ENT_02396,SYN_028,Z006
ENT_02397,SYN_028,Z004
ENT_02398,SYN_028,Z004
ENT_02399,SYN_028,Z006
ENT_02400,SYN_028,Z006
ENT_02401,SYN_028,Z006
ENT_02402,SYN_028,Z004
ENT_02403,SYN_028,Z006
ENT_02404,SYN_028,Z004
ENT_02405,SYN_028,Z004
ENT_02406,SYN_028,Z006
ENT_02407,SYN_028,Z004
ENT_02408,SYN_028,Z004
ENT_02409,SYN_028,Z004
ENT_02410,SYN_028,Z004
ENT_02411,SYN_028,Z006
ENT_02412,SYN_028,Z006
ENT_02413,SYN_028,Z006
ENT_02414,SYN_028,Z006
ENT_02415,SYN_028,Z006
ENT_02416,SYN_028,Z006
ENT_02417,SYN_028,Z006
ENT_02418,SYN_028,Z004
ENT_02419,SYN_028,Z004
ENT_02420,SYN_028,Z004
ENT_02421,SYN_028,Z006
ENT_02422,SYN_028,Z004
ENT_02423,SYN_028,Z006
ENT_02424,SYN_028,Z006
ENT_02425,SYN_028,Z004
ENT_02426,SYN_028,Z006
ENT_02427,SYN_028,Z004
ENT_02428,SYN_028,Z006
ENT_02429,SYN_028,Z006
ENT_02430,SYN_028,Z004
ENT_02431,SYN_028,Z004
ENT_02432,SYN_028,Z006
ENT_02433,SYN_028,Z004
ENT_02434,SYN_028,Z006
ENT_02435,SYN_028,Z004
ENT_02436,SYN_028,Z006
ENT_02437,SYN_028,Z004
ENT_02438,SYN_028,Z006
ENT_02439,SYN_028,Z006
ENT_02440,SYN_028,Z004
ENT_02441,SYN_028,Z004
ENT_02442,SYN_028,Z006
ENT_02443,SYN_028,Z006
ENT_02444,SYN_028,Z004
ENT_02445,SYN_028,Z006
ENT_02446,SYN_028,Z006
ENT_02447,SYN_028,Z004
ENT_02448,SYN_028,Z004
ENT_02449,SYN_028,Z006
ENT_02450,SYN_028,Z006
ENT_02451,SYN_028,Z004
ENT_02452,SYN_028,Z006
ENT_02453,SYN_028,Z004
ENT_02454,SYN_028,Z006
ENT_02455,SYN_028,Z006
ENT_02456,SYN_028,Z006
ENT_02457,SYN_028,Z004
ENT_02458,SYN_028,Z006
ENT_02459,SYN_028,Z004
ENT_02460,SYN_028,Z004
ENT_02461,SYN_028,Z006
ENT_02462,SYN_028,Z004
ENT_02463,SYN_028,Z004
ENT_02464,SYN_028,Z006
ENT_02465,SYN_028,Z006
ENT_02466,SYN_028,Z006
ENT_02467,SYN_028,Z006
ENT_02468,SYN_028,Z006
ENT_02469,SYN_028,Z006
ENT_02470,SYN_028,Z004
ENT_02471,SYN_028,Z006
ENT_02472,SYN_029,Z037
ENT_02473,SYN_029,Z037
ENT_02474,SYN_029,Z073
ENT_02475,SYN_029,Z037
ENT_02476,SYN_029,Z073
ENT_02477,SYN_029,Z037
ENT_02478,SYN_029,Z037
ENT_02479,SYN_029,Z073
ENT_02480,SYN_029,Z037
ENT_02481,SYN_029,Z073
ENT_02482,SYN_029,Z037
ENT_02483,SYN_029,Z050
ENT_02484,SYN_029,Z050
ENT_02485,SYN_029,Z037
ENT_02486,SYN_029,Z037
ENT_02487,SYN_029,Z050
ENT_02488,SYN_029,Z050
ENT_02489,SYN_029,Z050
ENT_02490,SYN_029,Z073
ENT_02491,SYN_029,Z050
ENT_02492,SYN_029,Z073
ENT_02493,SYN_029,Z073
ENT_02494,SYN_029,Z073
ENT_02495,SYN_029,Z050
ENT_02496,SYN_029,Z037
ENT_02497,SYN_029,Z073
ENT_02498,SYN_029,Z037
ENT_02499,SYN_029,Z073
ENT_02500,SYN_029,Z050
ENT_02501,SYN_029,Z037
ENT_02502,SYN_029,Z073
ENT_02503,SYN_029,Z037
ENT_02504,SYN_029,Z073
ENT_02505,SYN_029,Z073
ENT_02506,SYN_029,Z050
ENT_02507,SYN_030,Z016
ENT_02508,SYN_030,Z016
ENT_02509,SYN_030,Z016
ENT_02510,SYN_030,Z016
ENT_02511,SYN_030,Z016
ENT_02512,SYN_030,Z015
ENT_02513,SYN_030,Z016
ENT_02514,SYN_030,Z015
ENT_02515,SYN_030,Z015
ENT_02516,SYN_030,Z015
ENT_02517,SYN_030,Z015
ENT_02518,SYN_030,Z015
ENT_02519,SYN_030,Z016
ENT_02520,SYN_030,Z016
ENT_02521,SYN_030,Z015
ENT_02522,SYN_030,Z015
ENT_02523,SYN_030,Z015
ENT_02524,SYN_030,Z016
ENT_02525,SYN_030,Z016
ENT_02526,SYN_030,Z016
ENT_02527,SYN_030,Z016
ENT_02528,SYN_030,Z015
ENT_02529,SYN_030,Z015
ENT_02530,SYN_030,Z016
ENT_02531,SYN_030,Z016
ENT_02532,SYN_030,Z015
ENT_02533,SYN_030,Z015
ENT_02534,SYN_030,Z016
ENT_02535,SYN_030,Z015
ENT_02536,SYN_030,Z016
ENT_02537,SYN_030,Z016
ENT_02538,SYN_030,Z015
ENT_02539,SYN_030,Z015
ENT_02540,SYN_030,Z016
ENT_02541,SYN_030,Z016
ENT_02542,SYN_030,Z016
ENT_02543,SYN_030,Z015
ENT_02544,SYN_030,Z016
ENT_02545,SYN_031,Z016
ENT_02546,SYN_031,Z016
ENT_02547,SYN_031,Z016
ENT_02548,SYN_031,Z016
ENT_02549,SYN_031,Z016
ENT_02550,SYN_031,Z016
ENT_02551,SYN_031,Z016
ENT_02552,SYN_031,Z016
ENT_02553,SYN_031,Z016
ENT_02554,SYN_031,Z016
ENT_02555,SYN_031,Z016
ENT_02556,SYN_031,Z016
ENT_02557,SYN_031,Z016
ENT_02558,SYN_031,Z016
ENT_02559,SYN_031,Z016
ENT_02560,SYN_031,Z016
ENT_02561,SYN_031,Z016
ENT_02562,SYN_031,Z016
ENT_02563,SYN_031,Z016
ENT_02564,SYN_031,Z016
ENT_02565,SYN_031,Z016
ENT_02566,SYN_031,Z016
ENT_02567,SYN_031,Z016
ENT_02568,SYN_031,Z016
ENT_02569,SYN_031,Z016
ENT_02570,SYN_031,Z016
ENT_02571,SYN_031,Z016
ENT_02572,SYN_031,Z016
ENT_02573,SYN_031,Z016
ENT_02574,SYN_031,Z016
ENT_02575,SYN_031,Z016
ENT_02576,SYN_031,Z016
ENT_02577,SYN_031,Z016
ENT_02578,SYN_031,Z016
ENT_02579,SYN_031,Z016
ENT_02580,SYN_031,Z016
ENT_02581,SYN_031,Z016
ENT_02582,SYN_031,Z016
ENT_02583,SYN_031,Z016
ENT_02584,SYN_031,Z016
ENT_02585,SYN_031,Z016
ENT_02586,SYN_031,Z016
ENT_02587,SYN_031,Z016
ENT_02588,SYN_031,Z016
ENT_02589,SYN_031,Z016
ENT_02590,SYN_031,Z016
ENT_02591,SYN_031,Z016
ENT_02592,SYN_031,Z016
ENT_02593,SYN_031,Z016
ENT_02594,SYN_031,Z016
ENT_02595,SYN_031,Z016
ENT_02596,SYN_031,Z016
ENT_02597,SYN_031,Z016
ENT_02598,SYN_031,Z016
ENT_02599,SYN_031,Z016
ENT_02600,SYN_031,Z016
ENT_02601,SYN_031,Z016
ENT_02602,SYN_031,Z016
ENT_02603,SYN_031,Z016
ENT_02604,SYN_031,Z016
ENT_02605,SYN_031,Z016
ENT_02606,SYN_031,Z016
ENT_02607,SYN_031,Z016
ENT_02608,SYN_031,Z016
ENT_02609,SYN_031,Z016
ENT_02610,SYN_031,Z016
ENT_02611,SYN_031,Z016
ENT_02612,SYN_031,Z016
ENT_02613,SYN_031,Z016
ENT_02614,SYN_031,Z016
ENT_02615,SYN_031,Z016
ENT_02616,SYN_031,Z016
ENT_02617,SYN_031,Z016
ENT_02618,SYN_031,Z016
ENT_02619,SYN_031,Z016
ENT_02620,SYN_031,Z016
ENT_02621,SYN_031,Z016
ENT_02622,SYN_031,Z016
ENT_02623,SYN_031,Z016
ENT_02624,SYN_031,Z016
ENT_02625,SYN_031,Z016
ENT_02626,SYN_031,Z016
ENT_02627,SYN_031,Z016
ENT_02628,SYN_031,Z016
ENT_02629,SYN_031,Z016
ENT_02630,SYN_031,Z016
ENT_02631,SYN_031,Z016
ENT_02632,SYN_031,Z016
ENT_02633,SYN_031,Z016
ENT_02634,SYN_031,Z016
ENT_02635,SYN_031,Z016
ENT_02636,SYN_031,Z016
ENT_02637,SYN_031,Z016
ENT_02638,SYN_031,Z016
ENT_02639,SYN_031,Z016
ENT_02640,SYN_031,Z016
ENT_02641,SYN_031,Z016
ENT_02642,SYN_031,Z016
ENT_02643,SYN_031,Z016
ENT_02644,SYN_031,Z016
ENT_02645,SYN_031,Z016
ENT_02646,SYN_031,Z016
ENT_02647,SYN_031,Z016
ENT_02648,SYN_031,Z016
ENT_02649,SYN_031,Z016
ENT_02650,SYN_031,Z016
ENT_02651,SYN_031,Z016
ENT_02652,SYN_031,Z016
ENT_02653,SYN_031,Z016
ENT_02654,SYN_031,Z016
ENT_02655,SYN_031,Z016
ENT_02656,SYN_031,Z016
ENT_02657,SYN_031,Z016
ENT_02658,SYN_031,Z016
ENT_02659,SYN_031,Z016
ENT_02660,SYN_031,Z016
ENT_02661,SYN_031,Z016
ENT_02662,SYN_031,Z016
ENT_02663,SYN_031,Z016
ENT_02664,SYN_031,Z016
ENT_02665,SYN_031,Z016
ENT_02666,SYN_031,Z016
ENT_02667,SYN_031,Z016
ENT_02668,SYN_031,Z016
ENT_02669,SYN_031,Z016
ENT_02670,SYN_031,Z016
ENT_02671,SYN_031,Z016
ENT_02672,SYN_031,Z016
ENT_02673,SYN_031,Z016
ENT_02674,SYN_031,Z016
ENT_02675,SYN_031,Z016
ENT_02676,SYN_031,Z016
ENT_02677,SYN_031,Z016
ENT_02678,SYN_031,Z016
ENT_02679,SYN_031,Z016
ENT_02680,SYN_031,Z016
ENT_02681,SYN_031,Z016
ENT_02682,SYN_031,Z016
ENT_02683,SYN_031,Z016
ENT_02684,SYN_031,Z016
ENT_02685,SYN_031,Z016
ENT_02686,SYN_031,Z016
ENT_02687,SYN_031,Z016
ENT_02688,SYN_031,Z016
ENT_02689,SYN_031,Z016
ENT_02690,SYN_031,Z016
ENT_02691,SYN_031,Z016
ENT_02692,SYN_031,Z016
ENT_02693,SYN_031,Z016
ENT_02694,SYN_032,Z069
ENT_02695,SYN_032,Z069
ENT_02696,SYN_032,Z069
ENT_02697,SYN_032,Z069
ENT_02698,SYN_032,Z069
ENT_02699,SYN_032,Z069
ENT_02700,SYN_032,Z069
ENT_02701,SYN_032,Z069
ENT_02702,SYN_032,Z069
ENT_02703,SYN_032,Z069
ENT_02704,SYN_032,Z069
ENT_02705,SYN_032,Z069
ENT_02706,SYN_032,Z069
ENT_02707,SYN_032,Z069
ENT_02708,SYN_032,Z069
ENT_02709,SYN_032,Z069
ENT_02710,SYN_032,Z069
ENT_02711,SYN_032,Z069
ENT_02712,SYN_032,Z069
ENT_02713,SYN_032,Z069
ENT_02714,SYN_032,Z069
ENT_02715,SYN_032,Z069
ENT_02716,SYN_032,Z069
ENT_02717,SYN_032,Z069
ENT_02718,SYN_032,Z069
ENT_02719,SYN_032,Z069
ENT_02720,SYN_032,Z069
ENT_02721,SYN_032,Z069
ENT_02722,SYN_032,Z069
ENT_02723,SYN_032,Z069
ENT_02724,SYN_032,Z069
ENT_02725,SYN_032,Z069
ENT_02726,SYN_032,Z069
ENT_02727,SYN_032,Z069
ENT_02728,SYN_032,Z069
ENT_02729,SYN_032,Z069
ENT_02730,SYN_032,Z069
ENT_02731,SYN_032,Z069
ENT_02732,SYN_032,Z069
ENT_02733,SYN_032,Z069
ENT_02734,SYN_032,Z069
ENT_02735,SYN_032,Z069
ENT_02736,SYN_032,Z069
ENT_02737,SYN_032,Z069
ENT_02738,SYN_032,Z069
ENT_02739,SYN_032,Z069
ENT_02740,SYN_032,Z069
ENT_02741,SYN_032,Z069
ENT_02742,SYN_032,Z069
ENT_02743,SYN_032,Z069
ENT_02744,SYN_032,Z069
ENT_02745,SYN_032,Z069
ENT_02746,SYN_032,Z069
ENT_02747,SYN_032,Z069
ENT_02748,SYN_032,Z069
ENT_02749,SYN_032,Z069
ENT_02750,SYN_032,Z069
ENT_02751,SYN_032,Z069
ENT_02752,SYN_032,Z069
ENT_02753,SYN_032,Z069
ENT_02754,SYN_032,Z069
ENT_02755,SYN_032,Z069
ENT_02756,SYN_032,Z069
ENT_02757,SYN_032,Z069
ENT_02758,SYN_032,Z069
ENT_02759,SYN_032,Z069
ENT_02760,SYN_032,Z069
ENT_02761,SYN_032,Z069
ENT_02762,SYN_032,Z069
ENT_02763,SYN_032,Z069
ENT_02764,SYN_032,Z069
ENT_02765,SYN_032,Z069
ENT_02766,SYN_032,Z069
ENT_02767,SYN_032,Z069
ENT_02768,SYN_032,Z069
ENT_02769,SYN_032,Z069
ENT_02770,SYN_032,Z069
ENT_02771,SYN_032,Z069
ENT_02772,SYN_032,Z069
ENT_02773,SYN_032,Z069
ENT_02774,SYN_032,Z069
ENT_02775,SYN_032,Z069
ENT_02776,SYN_032,Z069
ENT_02777,SYN_032,Z069
ENT_02778,SYN_032,Z069
ENT_02779,SYN_032,Z069
ENT_02780,SYN_032,Z069
ENT_02781,SYN_032,Z069
ENT_02782,SYN_032,Z069
ENT_02783,SYN_032,Z069
ENT_02784,SYN_032,Z069
ENT_02785,SYN_032,Z069
ENT_02786,SYN_032,Z069
ENT_02787,SYN_032,Z069
ENT_02788,SYN_032,Z069
ENT_02789,SYN_032,Z069
ENT_02790,SYN_032,Z069
ENT_02791,SYN_032,Z069
ENT_02792,SYN_032,Z069
ENT_02793,SYN_032,Z069
ENT_02794,SYN_032,Z069
ENT_02795,SYN_032,Z069
ENT_02796,SYN_032,Z069
ENT_02797,SYN_032,Z069
ENT_02798,SYN_032,Z069
ENT_02799,SYN_032,Z069
ENT_02800,SYN_032,Z069
ENT_02801,SYN_032,Z069
ENT_02802,SYN_032,Z069
ENT_02803,SYN_032,Z069
ENT_02804,SYN_032,Z069
ENT_02805,SYN_032,Z069
ENT_02806,SYN_032,Z069
ENT_02807,SYN_032,Z069
ENT_02808,SYN_032,Z069
ENT_02809,SYN_032,Z069
ENT_02810,SYN_032,Z069
ENT_02811,SYN_032,Z069
ENT_02812,SYN_032,Z069
ENT_02813,SYN_032,Z069
ENT_02814,SYN_032,Z069
ENT_02815,SYN_032,Z069
ENT_02816,SYN_032,Z069
ENT_02817,SYN_032,Z069
ENT_02818,SYN_032,Z069
ENT_02819,SYN_032,Z069
ENT_02820,SYN_032,Z069
ENT_02821,SYN_032,Z069
ENT_02822,SYN_032,Z069
ENT_02823,SYN_032,Z069
ENT_02824,SYN_032,Z069
ENT_02825,SYN_032,Z069
ENT_02826,SYN_032,Z069
ENT_02827,SYN_032,Z069
ENT_02828,SYN_032,Z069
ENT_02829,SYN_032,Z069
ENT_02830,SYN_032,Z069
ENT_02831,SYN_032,Z069
ENT_02832,SYN_032,Z069
ENT_02833,SYN_032,Z069
ENT_02834,SYN_032,Z069
ENT_02835,SYN_032,Z069
ENT_02836,SYN_033,Z014
ENT_02837,SYN_033,Z014
ENT_02838,SYN_033,Z014
ENT_02839,SYN_033,Z014
ENT_02840,SYN_033,Z014
ENT_02841,SYN_033,Z014
ENT_02842,SYN_033,Z014
ENT_02843,SYN_033,Z014
ENT_02844,SYN_033,Z014
ENT_02845,SYN_033,Z014
ENT_02846,SYN_033,Z014
ENT_02847,SYN_033,Z014
ENT_02848,SYN_033,Z014
ENT_02849,SYN_033,Z014
ENT_02850,SYN_033,Z014
ENT_02851,SYN_033,Z014
ENT_02852,SYN_033,Z014
ENT_02853,SYN_033,Z014
ENT_02854,SYN_033,Z014
ENT_02855,SYN_033,Z014
ENT_02856,SYN_033,Z014
ENT_02857,SYN_033,Z014
ENT_02858,SYN_033,Z014
ENT_02859,SYN_033,Z014
ENT_02860,SYN_033,Z014
ENT_02861,SYN_033,Z014
ENT_02862,SYN_033,Z014
ENT_02863,SYN_033,Z014
ENT_02864,SYN_033,Z014
ENT_02865,SYN_033,Z014
ENT_02866,SYN_033,Z014
ENT_02867,SYN_033,Z014
ENT_02868,SYN_033,Z014
ENT_02869,SYN_033,Z014
ENT_02870,SYN_033,Z014
ENT_02871,SYN_033,Z014
ENT_02872,SYN_033,Z014
ENT_02873,SYN_033,Z014
ENT_02874,SYN_033,Z014
ENT_02875,SYN_033,Z014
ENT_02876,SYN_033,Z014
ENT_02877,SYN_033,Z014
ENT_02878,SYN_033,Z014
ENT_02879,SYN_033,Z014
ENT_02880,SYN_033,Z014
ENT_02881,SYN_033,Z014
ENT_02882,SYN_033,Z014
ENT_02883,SYN_033,Z014
ENT_02884,SYN_033,Z014
ENT_02885,SYN_033,Z014
ENT_02886,SYN_033,Z014
ENT_02887,SYN_033,Z014
ENT_02888,SYN_033,Z014
ENT_02889,SYN_033,Z014
ENT_02890,SYN_034,Z014
ENT_02891,SYN_034,Z014
ENT_02892,SYN_034,Z014
ENT_02893,SYN_034,Z014
ENT_02894,SYN_034,Z014
ENT_02895,SYN_034,Z014
ENT_02896,SYN_034,Z014
ENT_02897,SYN_034,Z014
ENT_02898,SYN_034,Z014
ENT_02899,SYN_034,Z014
ENT_02900,SYN_034,Z014
ENT_02901,SYN_034,Z014
ENT_02902,SYN_034,Z014
ENT_02903,SYN_034,Z014
ENT_02904,SYN_034,Z014
ENT_02905,SYN_034,Z014
ENT_02906,SYN_034,Z014
ENT_02907,SYN_034,Z014
ENT_02908,SYN_034,Z014
ENT_02909,SYN_034,Z014
ENT_02910,SYN_034,Z014
ENT_02911,SYN_034,Z014
ENT_02912,SYN_034,Z014
ENT_02913,SYN_034,Z014
ENT_02914,SYN_034,Z014
ENT_02915,SYN_034,Z014
ENT_02916,SYN_034,Z014
ENT_02917,SYN_034,Z014
ENT_02918,SYN_034,Z014
ENT_02919,SYN_034,Z014
ENT_02920,SYN_034,Z014
ENT_02921,SYN_034,Z014
ENT_02922,SYN_034,Z014
ENT_02923,SYN_034,Z014
ENT_02924,SYN_034,Z014
ENT_02925,SYN_034,Z014
ENT_02926,SYN_034,Z014
ENT_02927,SYN_034,Z014
ENT_02928,SYN_034,Z014
ENT_02929,SYN_034,Z014
ENT_02930,SYN_034,Z014
ENT_02931,SYN_034,Z014
ENT_02932,SYN_034,Z014
ENT_02933,SYN_034,Z014
ENT_02934,SYN_034,Z014
ENT_02935,SYN_034,Z014
ENT_02936,SYN_034,Z014
ENT_02937,SYN_034,Z014
ENT_02938,SYN_034,Z014
ENT_02939,SYN_034,Z014
ENT_02940,SYN_034,Z014
ENT_02941,SYN_034,Z014
ENT_02942,SYN_034,Z014
ENT_02943,SYN_034,Z014
ENT_02944,SYN_034,Z014
ENT_02945,SYN_034,Z014
ENT_02946,SYN_034,Z014
ENT_02947,SYN_034,Z014
ENT_02948,SYN_034,Z014
ENT_02949,SYN_034,Z014
ENT_02950,SYN_034,Z014
ENT_02951,SYN_034,Z014
ENT_02952,SYN_034,Z014
ENT_02953,SYN_034,Z014
ENT_02954,SYN_034,Z014
ENT_02955,SYN_034,Z014
ENT_02956,SYN_034,Z014
ENT_02957,SYN_034,Z014
ENT_02958,SYN_034,Z014
ENT_02959,SYN_034,Z014
ENT_02960,SYN_034,Z014
ENT_02961,SYN_034,Z014
ENT_02962,SYN_034,Z014
ENT_02963,SYN_034,Z014
ENT_02964,SYN_034,Z014
ENT_02965,SYN_034,Z014
ENT_02966,SYN_034,Z014
ENT_02967,SYN_034,Z014
ENT_02968,SYN_034,Z014
ENT_02969,SYN_034,Z014
ENT_02970,SYN_034,Z014
ENT_02971,SYN_034,Z014
ENT_02972,SYN_034,Z014
ENT_02973,SYN_034,Z014
ENT_02974,SYN_034,Z014
ENT_02975,SYN_034,Z014
ENT_02976,SYN_034,Z014
ENT_02977,SYN_034,Z014
ENT_02978,SYN_034,Z014
ENT_02979,SYN_034,Z014
ENT_02980,SYN_034,Z014
ENT_02981,SYN_034,Z014
ENT_02982,SYN_034,Z014
ENT_02983,SYN_034,Z014
ENT_02984,SYN_034,Z014
ENT_02985,SYN_034,Z014
ENT_02986,SYN_034,Z014
ENT_02987,SYN_034,Z014
ENT_02988,SYN_034,Z014
ENT_02989,SYN_034,Z014
ENT_02990,SYN_034,Z014
ENT_02991,SYN_034,Z014
ENT_02992,SYN_034,Z014
ENT_02993,SYN_034,Z014
ENT_02994,SYN_034,Z014
ENT_02995,SYN_034,Z014
ENT_02996,SYN_034,Z014
ENT_02997,SYN_034,Z014
ENT_02998,SYN_034,Z014
ENT_02999,SYN_034,Z014
ENT_03000,SYN_034,Z014
ENT_03001,SYN_034,Z014
ENT_03002,SYN_034,Z014
ENT_03003,SYN_034,Z014
ENT_03004,SYN_034,Z014
ENT_03005,SYN_034,Z014
ENT_03006,SYN_034,Z014
ENT_03007,SYN_034,Z014
ENT_03008,SYN_034,Z014
ENT_03009,SYN_034,Z014
ENT_03010,SYN_034,Z014
ENT_03011,SYN_034,Z014
ENT_03012,SYN_034,Z014
ENT_03013,SYN_034,Z014
ENT_03014,SYN_034,Z014
ENT_03015,SYN_034,Z014
ENT_03016,SYN_034,Z014
ENT_03017,SYN_034,Z014
ENT_03018,SYN_034,Z014
ENT_03019,SYN_034,Z014
ENT_03020,SYN_034,Z014
ENT_03021,SYN_034,Z014
ENT_03022,SYN_034,Z014
ENT_03023,SYN_034,Z014
ENT_03024,SYN_034,Z014
ENT_03025,SYN_034,Z014
ENT_03026,SYN_034,Z014
ENT_03027,SYN_034,Z014
ENT_03028,SYN_034,Z014
ENT_03029,SYN_034,Z014
ENT_03030,SYN_034,Z014
ENT_03031,SYN_034,Z014
ENT_03032,SYN_034,Z014
ENT_03033,SYN_034,Z014
ENT_03034,SYN_034,Z014
ENT_03035,SYN_034,Z014
ENT_03036,SYN_034,Z014
ENT_03037,SYN_034,Z014
ENT_03038,SYN_035,Z031
ENT_03039,SYN_035,Z031
ENT_03040,SYN_035,Z031
ENT_03041,SYN_035,Z031
ENT_03042,SYN_035,Z031
ENT_03043,SYN_035,Z031
ENT_03044,SYN_035,Z031
ENT_03045,SYN_035,Z031
ENT_03046,SYN_035,Z031
ENT_03047,SYN_035,Z031
ENT_03048,SYN_035,Z031
ENT_03049,SYN_035,Z031
ENT_03050,SYN_035,Z031
ENT_03051,SYN_035,Z031
ENT_03052,SYN_035,Z031
ENT_03053,SYN_035,Z031
ENT_03054,SYN_035,Z031
ENT_03055,SYN_035,Z031
ENT_03056,SYN_035,Z031
ENT_03057,SYN_035,Z031
ENT_03058,SYN_035,Z031
ENT_03059,SYN_035,Z031
ENT_03060,SYN_035,Z031
ENT_03061,SYN_036,Z041
ENT_03062,SYN_036,Z041
ENT_03063,SYN_036,Z022
ENT_03064,SYN_036,Z041
ENT_03065,SYN_036,Z049
ENT_03066,SYN_036,Z022
ENT_03067,SYN_036,Z022
ENT_03068,SYN_036,Z049
ENT_03069,SYN_036,Z049
ENT_03070,SYN_036,Z022
ENT_03071,SYN_036,Z041
ENT_03072,SYN_036,Z022
ENT_03073,SYN_036,Z049
ENT_03074,SYN_036,Z041
ENT_03075,SYN_036,Z049
ENT_03076,SYN_036,Z022
ENT_03077,SYN_036,Z049
ENT_03078,SYN_036,Z022
ENT_03079,SYN_036,Z022
ENT_03080,SYN_036,Z041
ENT_03081,SYN_036,Z049
ENT_03082,SYN_036,Z022
ENT_03083,SYN_036,Z049
ENT_03084,SYN_036,Z041
ENT_03085,SYN_036,Z049
ENT_03086,SYN_036,Z022
ENT_03087,SYN_036,Z041
ENT_03088,SYN_036,Z049
ENT_03089,SYN_036,Z049
ENT_03090,SYN_036,Z049
ENT_03091,SYN_036,Z049
ENT_03092,SYN_036,Z049
ENT_03093,SYN_036,Z022
ENT_03094,SYN_036,Z049
ENT_03095,SYN_036,Z041
ENT_03096,SYN_036,Z022
ENT_03097,SYN_036,Z022
ENT_03098,SYN_036,Z049
ENT_03099,SYN_036,Z049
ENT_03100,SYN_036,Z049
ENT_03101,SYN_036,Z041
ENT_03102,SYN_036,Z049
ENT_03103,SYN_036,Z022
ENT_03104,SYN_036,Z049
ENT_03105,SYN_036,Z049
ENT_03106,SYN_036,Z041
ENT_03107,SYN_036,Z041
ENT_03108,SYN_036,Z041
ENT_03109,SYN_036,Z041
ENT_03110,SYN_036,Z041
ENT_03111,SYN_036,Z041
ENT_03112,SYN_036,Z041
ENT_03113,SYN_036,Z049
ENT_03114,SYN_036,Z041
ENT_03115,SYN_036,Z041
ENT_03116,SYN_036,Z022
ENT_03117,SYN_036,Z022
ENT_03118,SYN_036,Z041
ENT_03119,SYN_036,Z041
ENT_03120,SYN_036,Z041
ENT_03121,SYN_036,Z041
ENT_03122,SYN_036,Z041
ENT_03123,SYN_036,Z041
ENT_03124,SYN_036,Z041
ENT_03125,SYN_036,Z049
ENT_03126,SYN_036,Z041
ENT_03127,SYN_036,Z022
ENT_03128,SYN_036,Z041
ENT_03129,SYN_036,Z022
ENT_03130,SYN_036,Z049
ENT_03131,SYN_036,Z022
ENT_03132,SYN_036,Z049
ENT_03133,SYN_036,Z049
ENT_03134,SYN_036,Z049
ENT_03135,SYN_036,Z022
ENT_03136,SYN_036,Z049
ENT_03137,SYN_036,Z041
ENT_03138,SYN_036,Z049
ENT_03139,SYN_036,Z049
ENT_03140,SYN_036,Z049
ENT_03141,SYN_036,Z049
ENT_03142,SYN_036,Z049
ENT_03143,SYN_036,Z049
ENT_03144,SYN_036,Z022
ENT_03145,SYN_036,Z049
ENT_03146,SYN_036,Z041
ENT_03147,SYN_036,Z022
ENT_03148,SYN_036,Z049
ENT_03149,SYN_036,Z049
ENT_03150,SYN_036,Z022
ENT_03151,SYN_036,Z049
ENT_03152,SYN_036,Z049
ENT_03153,SYN_036,Z022
ENT_03154,SYN_036,Z022
ENT_03155,SYN_036,Z022
ENT_03156,SYN_036,Z022
ENT_03157,SYN_036,Z022
ENT_03158,SYN_036,Z022
ENT_03159,SYN_036,Z041
ENT_03160,SYN_036,Z022
ENT_03161,SYN_036,Z049
ENT_03162,SYN_036,Z041
ENT_03163,SYN_036,Z041
ENT_03164,SYN_036,Z049
ENT_03165,SYN_036,Z041
ENT_03166,SYN_036,Z049
ENT_03167,SYN_036,Z049
ENT_03168,SYN_036,Z049
ENT_03169,SYN_036,Z041
ENT_03170,SYN_036,Z022
ENT_03171,SYN_036,Z041
ENT_03172,SYN_036,Z041
ENT_03173,SYN_036,Z022
ENT_03174,SYN_036,Z041
ENT_03175,SYN_036,Z041
ENT_03176,SYN_036,Z022
ENT_03177,SYN_036,Z041
ENT_03178,SYN_036,Z049
ENT_03179,SYN_036,Z041
ENT_03180,SYN_036,Z049
ENT_03181,SYN_036,Z041
ENT_03182,SYN_036,Z049
ENT_03183,SYN_036,Z049
ENT_03184,SYN_036,Z041
ENT_03185,SYN_036,Z049
ENT_03186,SYN_036,Z049
ENT_03187,SYN_036,Z022
ENT_03188,SYN_036,Z049
ENT_03189,SYN_036,Z022
ENT_03190,SYN_036,Z022
ENT_03191,SYN_036,Z041
ENT_03192,SYN_036,Z022
ENT_03193,SYN_036,Z041
ENT_03194,SYN_036,Z049
ENT_03195,SYN_036,Z049
ENT_03196,SYN_036,Z022
ENT_03197,SYN_036,Z022
ENT_03198,SYN_036,Z049
ENT_03199,SYN_036,Z049
ENT_03200,SYN_036,Z049
ENT_03201,SYN_036,Z041
ENT_03202,SYN_036,Z022
ENT_03203,SYN_036,Z022
ENT_03204,SYN_036,Z041
ENT_03205,SYN_036,Z041
ENT_03206,SYN_036,Z041
ENT_03207,SYN_036,Z041
ENT_03208,SYN_036,Z041
ENT_03209,SYN_036,Z041
ENT_03210,SYN_036,Z041
ENT_03211,SYN_036,Z049
ENT_03212,SYN_036,Z049
ENT_03213,SYN_036,Z041
ENT_03214,SYN_036,Z022
ENT_03215,SYN_037,Z059
ENT_03216,SYN_037,Z057
ENT_03217,SYN_037,Z059
ENT_03218,SYN_037,Z032
ENT_03219,SYN_037,Z032
ENT_03220,SYN_037,Z059
ENT_03221,SYN_037,Z059
ENT_03222,SYN_037,Z059
ENT_03223,SYN_037,Z057
ENT_03224,SYN_037,Z057
ENT_03225,SYN_037,Z059
ENT_03226,SYN_037,Z057
ENT_03227,SYN_037,Z032
ENT_03228,SYN_037,Z032
ENT_03229,SYN_037,Z032
ENT_03230,SYN_037,Z057
ENT_03231,SYN_037,Z032
ENT_03232,SYN_037,Z057
ENT_03233,SYN_037,Z032
ENT_03234,SYN_037,Z057
ENT_03235,SYN_037,Z032
ENT_03236,SYN_037,Z057
ENT_03237,SYN_037,Z059
ENT_03238,SYN_037,Z057
ENT_03239,SYN_037,Z059
ENT_03240,SYN_037,Z032
ENT_03241,SYN_037,Z059
ENT_03242,SYN_037,Z057
ENT_03243,SYN_037,Z059
ENT_03244,SYN_037,Z057
ENT_03245,SYN_037,Z057
ENT_03246,SYN_037,Z032
ENT_03247,SYN_037,Z059
ENT_03248,SYN_037,Z032
ENT_03249,SYN_037,Z032
ENT_03250,SYN_037,Z057
ENT_03251,SYN_037,Z057
ENT_03252,SYN_037,Z059
ENT_03253,SYN_037,Z057
ENT_03254,SYN_037,Z032
ENT_03255,SYN_037,Z057
ENT_03256,SYN_037,Z059
ENT_03257,SYN_037,Z059
ENT_03258,SYN_037,Z059
ENT_03259,SYN_037,Z032
ENT_03260,SYN_037,Z032
ENT_03261,SYN_037,Z032
ENT_03262,SYN_037,Z057
ENT_03263,SYN_037,Z059
ENT_03264,SYN_037,Z059
ENT_03265,SYN_037,Z057
ENT_03266,SYN_037,Z057
ENT_03267,SYN_037,Z059
ENT_03268,SYN_037,Z057
ENT_03269,SYN_037,Z057
ENT_03270,SYN_037,Z059
ENT_03271,SYN_037,Z059
ENT_03272,SYN_037,Z059
ENT_03273,SYN_037,Z059
ENT_03274,SYN_037,Z059
ENT_03275,SYN_037,Z059
ENT_03276,SYN_037,Z057
ENT_03277,SYN_037,Z032
ENT_03278,SYN_037,Z032
ENT_03279,SYN_037,Z059
ENT_03280,SYN_037,Z057
ENT_03281,SYN_037,Z059
ENT_03282,SYN_037,Z059
ENT_03283,SYN_037,Z059
ENT_03284,SYN_037,Z057
ENT_03285,SYN_037,Z032
ENT_03286,SYN_037,Z059
ENT_03287,SYN_037,Z059
ENT_03288,SYN_037,Z032
ENT_03289,SYN_037,Z057
ENT_03290,SYN_037,Z059
ENT_03291,SYN_037,Z059
ENT_03292,SYN_037,Z057
ENT_03293,SYN_037,Z057
ENT_03294,SYN_037,Z032
ENT_03295,SYN_037,Z057
ENT_03296,SYN_037,Z059
ENT_03297,SYN_037,Z057
ENT_03298,SYN_037,Z059
ENT_03299,SYN_037,Z059
ENT_03300,SYN_037,Z057
ENT_03301,SYN_037,Z057
ENT_03302,SYN_037,Z032
ENT_03303,SYN_037,Z059
ENT_03304,SYN_037,Z057
ENT_03305,SYN_037,Z057
ENT_03306,SYN_037,Z032
ENT_03307,SYN_037,Z032
ENT_03308,SYN_037,Z032
ENT_03309,SYN_037,Z057
ENT_03310,SYN_037,Z032
ENT_03311,SYN_037,Z059
ENT_03312,SYN_037,Z059
ENT_03313,SYN_037,Z059
ENT_03314,SYN_037,Z059
ENT_03315,SYN_037,Z032
ENT_03316,SYN_037,Z057
ENT_03317,SYN_037,Z057
ENT_03318,SYN_037,Z059
ENT_03319,SYN_037,Z032
ENT_03320,SYN_037,Z032
ENT_03321,SYN_037,Z059
ENT_03322,SYN_037,Z057
ENT_03323,SYN_037,Z057
ENT_03324,SYN_037,Z059
ENT_03325,SYN_037,Z059
ENT_03326,SYN_037,Z059
ENT_03327,SYN_037,Z057
ENT_03328,SYN_037,Z057
ENT_03329,SYN_037,Z057
ENT_03330,SYN_037,Z057
ENT_03331,SYN_037,Z032
ENT_03332,SYN_037,Z032
ENT_03333,SYN_037,Z059
ENT_03334,SYN_037,Z057
ENT_03335,SYN_037,Z032
ENT_03336,SYN_037,Z057
ENT_03337,SYN_037,Z057
ENT_03338,SYN_037,Z059
ENT_03339,SYN_037,Z057
ENT_03340,SYN_037,Z032
ENT_03341,SYN_037,Z057
ENT_03342,SYN_037,Z059
ENT_03343,SYN_037,Z059
ENT_03344,SYN_037,Z057
ENT_03345,SYN_038,Z016
ENT_03346,SYN_038,Z012
ENT_03347,SYN_038,Z012
ENT_03348,SYN_038,Z016
ENT_03349,SYN_038,Z012
ENT_03350,SYN_038,Z012
ENT_03351,SYN_038,Z016
ENT_03352,SYN_038,Z012
ENT_03353,SYN_038,Z012
ENT_03354,SYN_038,Z012
ENT_03355,SYN_038,Z012
ENT_03356,SYN_038,Z016
ENT_03357,SYN_038,Z012
ENT_03358,SYN_038,Z012
ENT_03359,SYN_038,Z016
ENT_03360,SYN_038,Z012
ENT_03361,SYN_038,Z012
ENT_03362,SYN_038,Z016
ENT_03363,SYN_038,Z012
ENT_03364,SYN_038,Z012
ENT_03365,SYN_038,Z016
ENT_03366,SYN_038,Z016
ENT_03367,SYN_038,Z016
ENT_03368,SYN_038,Z012
ENT_03369,SYN_038,Z016
ENT_03370,SYN_038,Z016
ENT_03371,SYN_038,Z012
ENT_03372,SYN_038,Z012
ENT_03373,SYN_038,Z016
ENT_03374,SYN_038,Z016
ENT_03375,SYN_038,Z016
ENT_03376,SYN_038,Z012
ENT_03377,SYN_038,Z012
ENT_03378,SYN_038,Z016
ENT_03379,SYN_038,Z012
ENT_03380,SYN_038,Z016
ENT_03381,SYN_038,Z016
ENT_03382,SYN_038,Z016
ENT_03383,SYN_038,Z012
ENT_03384,SYN_038,Z016
ENT_03385,SYN_038,Z016
ENT_03386,SYN_038,Z012
ENT_03387,SYN_038,Z012
ENT_03388,SYN_038,Z016
ENT_03389,SYN_038,Z016
ENT_03390,SYN_038,Z012
ENT_03391,SYN_038,Z012
ENT_03392,SYN_038,Z016
ENT_03393,SYN_038,Z012
ENT_03394,SYN_038,Z012
ENT_03395,SYN_038,Z016
ENT_03396,SYN_038,Z016
ENT_03397,SYN_038,Z012
ENT_03398,SYN_038,Z012
ENT_03399,SYN_038,Z012
ENT_03400,SYN_038,Z016
ENT_03401,SYN_038,Z016
ENT_03402,SYN_038,Z012
ENT_03403,SYN_038,Z016
ENT_03404,SYN_038,Z012
ENT_03405,SYN_038,Z012
ENT_03406,SYN_038,Z012
ENT_03407,SYN_038,Z016
ENT_03408,SYN_038,Z016
ENT_03409,SYN_038,Z016
ENT_03410,SYN_038,Z016
ENT_03411,SYN_038,Z012
ENT_03412,SYN_038,Z012
ENT_03413,SYN_038,Z012
ENT_03414,SYN_038,Z016
ENT_03415,SYN_038,Z016
ENT_03416,SYN_038,Z012
ENT_03417,SYN_038,Z012
ENT_03418,SYN_038,Z012
ENT_03419,SYN_038,Z016
ENT_03420,SYN_038,Z012
ENT_03421,SYN_038,Z016
ENT_03422,SYN_038,Z016
ENT_03423,SYN_038,Z016
ENT_03424,SYN_038,Z016
ENT_03425,SYN_038,Z012
ENT_03426,SYN_038,Z016
ENT_03427,SYN_038,Z012
ENT_03428,SYN_038,Z016
ENT_03429,SYN_038,Z012
ENT_03430,SYN_038,Z016
ENT_03431,SYN_038,Z016
ENT_03432,SYN_038,Z012
ENT_03433,SYN_038,Z012
ENT_03434,SYN_038,Z016
ENT_03435,SYN_038,Z016
ENT_03436,SYN_038,Z012
ENT_03437,SYN_038,Z012
ENT_03438,SYN_038,Z016
ENT_03439,SYN_038,Z016
ENT_03440,SYN_038,Z016
ENT_03441,SYN_038,Z016
ENT_03442,SYN_038,Z016
ENT_03443,SYN_038,Z016
ENT_03444,SYN_038,Z012
ENT_03445,SYN_038,Z012
ENT_03446,SYN_038,Z016
ENT_03447,SYN_038,Z016
ENT_03448,SYN_038,Z016
ENT_03449,SYN_038,Z016
ENT_03450,SYN_038,Z016
ENT_03451,SYN_038,Z012
ENT_03452,SYN_038,Z016
ENT_03453,SYN_038,Z012
ENT_03454,SYN_038,Z012
ENT_03455,SYN_038,Z012
ENT_03456,SYN_038,Z016
ENT_03457,SYN_038,Z012
ENT_03458,SYN_038,Z012
ENT_03459,SYN_038,Z016
ENT_03460,SYN_038,Z012
ENT_03461,SYN_038,Z016
ENT_03462,SYN_038,Z016
ENT_03463,SYN_038,Z016
ENT_03464,SYN_038,Z016
ENT_03465,SYN_038,Z016
ENT_03466,SYN_038,Z016
ENT_03467,SYN_038,Z016
ENT_03468,SYN_038,Z016
ENT_03469,SYN_038,Z012
ENT_03470,SYN_038,Z012
ENT_03471,SYN_038,Z012
ENT_03472,SYN_038,Z016
ENT_03473,SYN_038,Z016
ENT_03474,SYN_038,Z016
ENT_03475,SYN_038,Z012
ENT_03476,SYN_038,Z012
ENT_03477,SYN_038,Z016
ENT_03478,SYN_038,Z012
ENT_03479,SYN_038,Z016
ENT_03480,SYN_038,Z012
ENT_03481,SYN_038,Z016
ENT_03482,SYN_038,Z012
ENT_03483,SYN_038,Z016
ENT_03484,SYN_038,Z016
ENT_03485,SYN_038,Z012
ENT_03486,SYN_038,Z012
ENT_03487,SYN_038,Z016
ENT_03488,SYN_038,Z012
ENT_03489,SYN_038,Z016
ENT_03490,SYN_038,Z012
ENT_03491,SYN_038,Z016
ENT_03492,SYN_038,Z012
ENT_03493,SYN_038,Z016
ENT_03494,SYN_038,Z016
ENT_03495,SYN_038,Z012
ENT_03496,SYN_038,Z016
ENT_03497,SYN_038,Z012
ENT_03498,SYN_038,Z016
ENT_03499,SYN_038,Z016
ENT_03500,SYN_038,Z012
ENT_03501,SYN_038,Z016
ENT_03502,SYN_038,Z012
ENT_03503,SYN_039,Z073
ENT_03504,SYN_039,Z073
ENT_03505,SYN_039,Z044
ENT_03506,SYN_039,Z044
ENT_03507,SYN_039,Z044
ENT_03508,SYN_039,Z073
ENT_03509,SYN_039,Z044
ENT_03510,SYN_039,Z044
ENT_03511,SYN_039,Z044
ENT_03512,SYN_039,Z044
ENT_03513,SYN_039,Z073
ENT_03514,SYN_039,Z044
ENT_03515,SYN_039,Z073
ENT_03516,SYN_039,Z044
ENT_03517,SYN_039,Z044
ENT_03518,SYN_039,Z073
ENT_03519,SYN_039,Z044
ENT_03520,SYN_039,Z073
ENT_03521,SYN_039,Z044
ENT_03522,SYN_039,Z044
ENT_03523,SYN_039,Z044
ENT_03524,SYN_039,Z073
ENT_03525,SYN_039,Z073
ENT_03526,SYN_039,Z044
ENT_03527,SYN_039,Z044
ENT_03528,SYN_039,Z073
ENT_03529,SYN_039,Z073
ENT_03530,SYN_039,Z044
ENT_03531,SYN_039,Z073
ENT_03532,SYN_039,Z073
ENT_03533,SYN_039,Z044
ENT_03534,SYN_039,Z073
ENT_03535,SYN_039,Z073
ENT_03536,SYN_039,Z044
ENT_03537,SYN_039,Z073
ENT_03538,SYN_039,Z044
ENT_03539,SYN_039,Z044
ENT_03540,SYN_039,Z044
ENT_03541,SYN_039,Z044
ENT_03542,SYN_039,Z044
ENT_03543,SYN_039,Z073
ENT_03544,SYN_039,Z073
ENT_03545,SYN_039,Z044
ENT_03546,SYN_039,Z073
ENT_03547,SYN_039,Z073
ENT_03548,SYN_039,Z044
ENT_03549,SYN_039,Z073
ENT_03550,SYN_039,Z044
ENT_03551,SYN_039,Z044
ENT_03552,SYN_039,Z073
ENT_03553,SYN_039,Z073
ENT_03554,SYN_039,Z044
ENT_03555,SYN_039,Z073
ENT_03556,SYN_039,Z073
ENT_03557,SYN_039,Z073
ENT_03558,SYN_039,Z073
ENT_03559,SYN_039,Z073
ENT_03560,SYN_039,Z073
ENT_03561,SYN_039,Z044
ENT_03562,SYN_039,Z073
ENT_03563,SYN_039,Z044
ENT_03564,SYN_039,Z073
ENT_03565,SYN_039,Z044
ENT_03566,SYN_039,Z073
ENT_03567,SYN_039,Z044
ENT_03568,SYN_040,Z042
ENT_03569,SYN_040,Z042
ENT_03570,SYN_040,Z042
ENT_03571,SYN_040,Z042
ENT_03572,SYN_040,Z042
ENT_03573,SYN_040,Z042
ENT_03574,SYN_040,Z042
ENT_03575,SYN_040,Z042
ENT_03576,SYN_040,Z042
ENT_03577,SYN_040,Z042
ENT_03578,SYN_040,Z042
ENT_03579,SYN_040,Z042
ENT_03580,SYN_040,Z042
ENT_03581,SYN_040,Z042
ENT_03582,SYN_040,Z042
ENT_03583,SYN_040,Z042
ENT_03584,SYN_040,Z042
ENT_03585,SYN_040,Z042
ENT_03586,SYN_040,Z042
ENT_03587,SYN_040,Z042
ENT_03588,SYN_040,Z042
ENT_03589,SYN_040,Z042
ENT_03590,SYN_040,Z042
ENT_03591,SYN_040,Z042
ENT_03592,SYN_041,Z066
ENT_03593,SYN_041,Z066
ENT_03594,SYN_041,Z041
ENT_03595,SYN_041,Z005
ENT_03596,SYN_041,Z066
ENT_03597,SYN_041,Z041
ENT_03598,SYN_041,Z005
ENT_03599,SYN_041,Z041
ENT_03600,SYN_041,Z066
ENT_03601,SYN_041,Z041
ENT_03602,SYN_041,Z005
ENT_03603,SYN_041,Z005
ENT_03604,SYN_041,Z041
ENT_03605,SYN_041,Z041
ENT_03606,SYN_041,Z005
ENT_03607,SYN_041,Z005
ENT_03608,SYN_041,Z066
ENT_03609,SYN_041,Z041
ENT_03610,SYN_041,Z005
ENT_03611,SYN_041,Z066
ENT_03612,SYN_041,Z066
ENT_03613,SYN_041,Z005
ENT_03614,SYN_041,Z041
ENT_03615,SYN_041,Z066
ENT_03616,SYN_041,Z041
ENT_03617,SYN_041,Z041
ENT_03618,SYN_041,Z005
ENT_03619,SYN_041,Z066
ENT_03620,SYN_041,Z005
ENT_03621,SYN_041,Z041
ENT_03622,SYN_041,Z066
ENT_03623,SYN_041,Z066
ENT_03624,SYN_041,Z005
ENT_03625,SYN_041,Z041
ENT_03626,SYN_041,Z005
ENT_03627,SYN_041,Z066
ENT_03628,SYN_041,Z005
ENT_03629,SYN_041,Z005
ENT_03630,SYN_041,Z066
ENT_03631,SYN_041,Z005
ENT_03632,SYN_041,Z005
ENT_03633,SYN_041,Z041
ENT_03634,SYN_041,Z005
ENT_03635,SYN_041,Z005
ENT_03636,SYN_041,Z066
ENT_03637,SYN_041,Z005
ENT_03638,SYN_041,Z005
ENT_03639,SYN_041,Z005
ENT_03640,SYN_041,Z005
ENT_03641,SYN_041,Z005
ENT_03642,SYN_041,Z005
ENT_03643,SYN_041,Z041
ENT_03644,SYN_041,Z066
ENT_03645,SYN_041,Z041
ENT_03646,SYN_041,Z066
ENT_03647,SYN_041,Z005
ENT_03648,SYN_041,Z005
ENT_03649,SYN_041,Z066
ENT_03650,SYN_041,Z066
ENT_03651,SYN_041,Z005
ENT_03652,SYN_041,Z005
ENT_03653,SYN_041,Z005
ENT_03654,SYN_041,Z005
ENT_03655,SYN_041,Z041
ENT_03656,SYN_041,Z005
ENT_03657,SYN_041,Z066
ENT_03658,SYN_041,Z041
ENT_03659,SYN_041,Z041
ENT_03660,SYN_041,Z041
ENT_03661,SYN_041,Z066
ENT_03662,SYN_041,Z066
ENT_03663,SYN_041,Z041
ENT_03664,SYN_041,Z041
ENT_03665,SYN_041,Z005
ENT_03666,SYN_041,Z041
ENT_03667,SYN_041,Z066
ENT_03668,SYN_041,Z066
ENT_03669,SYN_041,Z066
ENT_03670,SYN_041,Z066
ENT_03671,SYN_041,Z005
ENT_03672,SYN_041,Z005
ENT_03673,SYN_041,Z041
ENT_03674,SYN_041,Z066
ENT_03675,SYN_041,Z041
ENT_03676,SYN_041,Z005
ENT_03677,SYN_041,Z066
ENT_03678,SYN_041,Z041
ENT_03679,SYN_041,Z066
ENT_03680,SYN_041,Z041
ENT_03681,SYN_041,Z041
ENT_03682,SYN_041,Z066
ENT_03683,SYN_041,Z005
ENT_03684,SYN_041,Z041
ENT_03685,SYN_041,Z041
ENT_03686,SYN_041,Z041
ENT_03687,SYN_041,Z005
ENT_03688,SYN_041,Z005
ENT_03689,SYN_041,Z005
ENT_03690,SYN_041,Z041
ENT_03691,SYN_041,Z066
ENT_03692,SYN_041,Z066
ENT_03693,SYN_041,Z066
ENT_03694,SYN_041,Z005
ENT_03695,SYN_041,Z005
ENT_03696,SYN_041,Z005
ENT_03697,SYN_041,Z005
ENT_03698,SYN_041,Z066
ENT_03699,SYN_041,Z005
ENT_03700,SYN_041,Z005
ENT_03701,SYN_041,Z066
ENT_03702,SYN_041,Z066
ENT_03703,SYN_041,Z041
ENT_03704,SYN_041,Z066
ENT_03705,SYN_041,Z005
ENT_03706,SYN_041,Z005
ENT_03707,SYN_041,Z005
ENT_03708,SYN_041,Z066
ENT_03709,SYN_041,Z005
ENT_03710,SYN_041,Z066
ENT_03711,SYN_041,Z041
ENT_03712,SYN_041,Z005
ENT_03713,SYN_041,Z005
ENT_03714,SYN_041,Z005
ENT_03715,SYN_041,Z041
ENT_03716,SYN_041,Z005
ENT_03717,SYN_041,Z041
ENT_03718,SYN_041,Z041
ENT_03719,SYN_041,Z041
ENT_03720,SYN_042,Z015
ENT_03721,SYN_042,Z015
ENT_03722,SYN_042,Z015
ENT_03723,SYN_042,Z015
ENT_03724,SYN_042,Z015
ENT_03725,SYN_042,Z015
ENT_03726,SYN_042,Z011
ENT_03727,SYN_042,Z011
ENT_03728,SYN_042,Z015
ENT_03729,SYN_042,Z011
ENT_03730,SYN_042,Z011
ENT_03731,SYN_042,Z011
ENT_03732,SYN_042,Z015
ENT_03733,SYN_042,Z011
ENT_03734,SYN_042,Z011
ENT_03735,SYN_042,Z011
ENT_03736,SYN_042,Z011
ENT_03737,SYN_042,Z011
ENT_03738,SYN_042,Z011
ENT_03739,SYN_042,Z015
ENT_03740,SYN_042,Z011
ENT_03741,SYN_042,Z015
ENT_03742,SYN_042,Z015
ENT_03743,SYN_042,Z011
ENT_03744,SYN_042,Z015
ENT_03745,SYN_042,Z015
ENT_03746,SYN_042,Z011
ENT_03747,SYN_042,Z015
ENT_03748,SYN_042,Z015
ENT_03749,SYN_042,Z015
ENT_03750,SYN_042,Z015
ENT_03751,SYN_042,Z015
ENT_03752,SYN_042,Z011
ENT_03753,SYN_042,Z015
ENT_03754,SYN_042,Z015
ENT_03755,SYN_042,Z011
ENT_03756,SYN_042,Z011
ENT_03757,SYN_042,Z015
ENT_03758,SYN_042,Z011
ENT_03759,SYN_042,Z011
ENT_03760,SYN_042,Z015
ENT_03761,SYN_042,Z011
ENT_03762,SYN_042,Z015
ENT_03763,SYN_042,Z015
ENT_03764,SYN_042,Z015
ENT_03765,SYN_042,Z011
ENT_03766,SYN_042,Z015
ENT_03767,SYN_042,Z011
ENT_03768,SYN_042,Z015
ENT_03769,SYN_042,Z011
ENT_03770,SYN_042,Z011
ENT_03771,SYN_042,Z015
ENT_03772,SYN_042,Z011
ENT_03773,SYN_042,Z015
ENT_03774,SYN_042,Z015
ENT_03775,SYN_042,Z015
ENT_03776,SYN_042,Z015
ENT_03777,SYN_042,Z011
ENT_03778,SYN_042,Z011
ENT_03779,SYN_042,Z015
ENT_03780,SYN_042,Z011
ENT_03781,SYN_042,Z011
ENT_03782,SYN_042,Z015
ENT_03783,SYN_042,Z015
ENT_03784,SYN_042,Z011
ENT_03785,SYN_042,Z011
ENT_03786,SYN_042,Z015
ENT_03787,SYN_042,Z015
ENT_03788,SYN_042,Z015
ENT_03789,SYN_042,Z015
ENT_03790,SYN_042,Z011
ENT_03791,SYN_042,Z015
ENT_03792,SYN_042,Z011
ENT_03793,SYN_042,Z011
ENT_03794,SYN_042,Z011
ENT_03795,SYN_042,Z015
ENT_03796,SYN_042,Z011
ENT_03797,SYN_042,Z015
ENT_03798,SYN_042,Z011
ENT_03799,SYN_042,Z015
ENT_03800,SYN_042,Z011
ENT_03801,SYN_042,Z011
ENT_03802,SYN_042,Z011
ENT_03803,SYN_042,Z015
ENT_03804,SYN_042,Z015
ENT_03805,SYN_042,Z015
ENT_03806,SYN_042,Z011
ENT_03807,SYN_042,Z011
ENT_03808,SYN_042,Z015
ENT_03809,SYN_042,Z015
ENT_03810,SYN_042,Z011
ENT_03811,SYN_042,Z015
ENT_03812,SYN_042,Z011
ENT_03813,SYN_042,Z011
ENT_03814,SYN_043,Z006
ENT_03815,SYN_043,Z006
ENT_03816,SYN_043,Z006
ENT_03817,SYN_043,Z071
ENT_03818,SYN_043,Z006
ENT_03819,SYN_043,Z006
ENT_03820,SYN_043,Z071
ENT_03821,SYN_043,Z006
ENT_03822,SYN_043,Z071
ENT_03823,SYN_043,Z071
ENT_03824,SYN_043,Z006
ENT_03825,SYN_043,Z006
ENT_03826,SYN_043,Z071
ENT_03827,SYN_043,Z006
ENT_03828,SYN_043,Z006
ENT_03829,SYN_043,Z006
ENT_03830,SYN_043,Z006
ENT_03831,SYN_043,Z071
ENT_03832,SYN_043,Z006
ENT_03833,SYN_043,Z071
ENT_03834,SYN_043,Z006
ENT_03835,SYN_043,Z071
ENT_03836,SYN_043,Z006
ENT_03837,SYN_043,Z071
ENT_03838,SYN_043,Z006
ENT_03839,SYN_043,Z071
ENT_03840,SYN_043,Z006
ENT_03841,SYN_043,Z006
ENT_03842,SYN_043,Z006
ENT_03843,SYN_043,Z006
ENT_03844,SYN_043,Z071
ENT_03845,SYN_043,Z006
ENT_03846,SYN_043,Z006
ENT_03847,SYN_043,Z006
ENT_03848,SYN_043,Z071
ENT_03849,SYN_043,Z071
ENT_03850,SYN_043,Z071
ENT_03851,SYN_043,Z071
ENT_03852,SYN_043,Z071
ENT_03853,SYN_043,Z071
ENT_03854,SYN_043,Z071
ENT_03855,SYN_043,Z006
ENT_03856,SYN_043,Z071
ENT_03857,SYN_043,Z006
ENT_03858,SYN_043,Z006
ENT_03859,SYN_043,Z071
ENT_03860,SYN_043,Z006
ENT_03861,SYN_043,Z006
ENT_03862,SYN_043,Z006
ENT_03863,SYN_043,Z071
ENT_03864,SYN_043,Z071
ENT_03865,SYN_043,Z006
ENT_03866,SYN_043,Z006
ENT_03867,SYN_043,Z006
ENT_03868,SYN_043,Z071
ENT_03869,SYN_043,Z071
ENT_03870,SYN_043,Z071
ENT_03871,SYN_043,Z006
ENT_03872,SYN_043,Z071
ENT_03873,SYN_043,Z071
ENT_03874,SYN_043,Z071
ENT_03875,SYN_043,Z006
ENT_03876,SYN_043,Z006
ENT_03877,SYN_043,Z006
ENT_03878,SYN_043,Z071
ENT_03879,SYN_043,Z006
ENT_03880,SYN_043,Z071
ENT_03881,SYN_043,Z071
ENT_03882,SYN_043,Z071
ENT_03883,SYN_043,Z071
ENT_03884,SYN_043,Z006
ENT_03885,SYN_043,Z071
ENT_03886,SYN_043,Z006
ENT_03887,SYN_043,Z006
ENT_03888,SYN_043,Z071
ENT_03889,SYN_043,Z006
ENT_03890,SYN_043,Z071
ENT_03891,SYN_043,Z006
ENT_03892,SYN_043,Z071
ENT_03893,SYN_043,Z006
ENT_03894,SYN_043,Z071
ENT_03895,SYN_043,Z006
ENT_03896,SYN_043,Z006
ENT_03897,SYN_043,Z071
ENT_03898,SYN_043,Z071
ENT_03899,SYN_043,Z071
ENT_03900,SYN_043,Z071
ENT_03901,SYN_043,Z071
ENT_03902,SYN_043,Z071
ENT_03903,SYN_043,Z006
ENT_03904,SYN_043,Z006
ENT_03905,SYN_043,Z006
ENT_03906,SYN_043,Z006
ENT_03907,SYN_044,Z026
ENT_03908,SYN_044,Z026
ENT_03909,SYN_044,Z073
ENT_03910,SYN_044,Z026
ENT_03911,SYN_044,Z073
ENT_03912,SYN_044,Z026
ENT_03913,SYN_044,Z026
ENT_03914,SYN_044,Z073
ENT_03915,SYN_044,Z073
ENT_03916,SYN_044,Z026
ENT_03917,SYN_044,Z026
ENT_03918,SYN_044,Z073
ENT_03919,SYN_044,Z026
ENT_03920,SYN_044,Z073
ENT_03921,SYN_044,Z026
ENT_03922,SYN_044,Z026
ENT_03923,SYN_044,Z026
ENT_03924,SYN_044,Z026
ENT_03925,SYN_044,Z073
ENT_03926,SYN_044,Z073
ENT_03927,SYN_044,Z026
ENT_03928,SYN_044,Z026
ENT_03929,SYN_044,Z026
ENT_03930,SYN_044,Z073
ENT_03931,SYN_044,Z026
ENT_03932,SYN_044,Z073
ENT_03933,SYN_044,Z073
ENT_03934,SYN_044,Z026
ENT_03935,SYN_044,Z026
ENT_03936,SYN_044,Z026
ENT_03937,SYN_044,Z073
ENT_03938,SYN_044,Z073
ENT_03939,SYN_044,Z073
ENT_03940,SYN_044,Z073
ENT_03941,SYN_044,Z073
ENT_03942,SYN_044,Z073
ENT_03943,SYN_044,Z073
ENT_03944,SYN_044,Z026
ENT_03945,SYN_044,Z073
ENT_03946,SYN_044,Z073
ENT_03947,SYN_044,Z073
ENT_03948,SYN_044,Z073
ENT_03949,SYN_044,Z073
ENT_03950,SYN_044,Z073
ENT_03951,SYN_044,Z026
ENT_03952,SYN_044,Z026
ENT_03953,SYN_044,Z026
ENT_03954,SYN_044,Z073
ENT_03955,SYN_044,Z026
ENT_03956,SYN_044,Z073
ENT_03957,SYN_044,Z073
ENT_03958,SYN_044,Z026
ENT_03959,SYN_044,Z026
ENT_03960,SYN_044,Z026
ENT_03961,SYN_044,Z073
ENT_03962,SYN_044,Z026
ENT_03963,SYN_044,Z026
ENT_03964,SYN_044,Z073
ENT_03965,SYN_044,Z026
ENT_03966,SYN_044,Z073
ENT_03967,SYN_044,Z073
ENT_03968,SYN_044,Z073
ENT_03969,SYN_044,Z073
ENT_03970,SYN_044,Z073
ENT_03971,SYN_044,Z026
ENT_03972,SYN_044,Z073
ENT_03973,SYN_044,Z073
ENT_03974,SYN_044,Z073
ENT_03975,SYN_044,Z026
ENT_03976,SYN_044,Z026
ENT_03977,SYN_044,Z026
ENT_03978,SYN_044,Z026
ENT_03979,SYN_044,Z026
ENT_03980,SYN_045,Z016
ENT_03981,SYN_045,Z016
ENT_03982,SYN_045,Z016
ENT_03983,SYN_045,Z016
ENT_03984,SYN_045,Z016
ENT_03985,SYN_045,Z016
ENT_03986,SYN_045,Z016
ENT_03987,SYN_045,Z016
ENT_03988,SYN_045,Z016
ENT_03989,SYN_045,Z016
ENT_03990,SYN_045,Z016
ENT_03991,SYN_045,Z016
ENT_03992,SYN_045,Z016
ENT_03993,SYN_045,Z016
ENT_03994,SYN_045,Z016
ENT_03995,SYN_045,Z016
ENT_03996,SYN_045,Z016
ENT_03997,SYN_045,Z016
ENT_03998,SYN_045,Z016
ENT_03999,SYN_045,Z016
ENT_04000,SYN_045,Z016
ENT_04001,SYN_045,Z016
ENT_04002,SYN_045,Z016
ENT_04003,SYN_045,Z016
ENT_04004,SYN_045,Z016
ENT_04005,SYN_045,Z016
ENT_04006,SYN_045,Z016
ENT_04007,SYN_045,Z016
ENT_04008,SYN_045,Z016
ENT_04009,SYN_045,Z016
ENT_04010,SYN_045,Z016
ENT_04011,SYN_045,Z016
ENT_04012,SYN_045,Z016
ENT_04013,SYN_045,Z016
ENT_04014,SYN_045,Z016
ENT_04015,SYN_045,Z016
ENT_04016,SYN_045,Z016
ENT_04017,SYN_045,Z016
ENT_04018,SYN_045,Z016
ENT_04019,SYN_045,Z016
ENT_04020,SYN_045,Z016
ENT_04021,SYN_045,Z016
ENT_04022,SYN_045,Z016
ENT_04023,SYN_045,Z016
ENT_04024,SYN_045,Z016
ENT_04025,SYN_045,Z016
ENT_04026,SYN_045,Z016
ENT_04027,SYN_045,Z016
ENT_04028,SYN_045,Z016
ENT_04029,SYN_045,Z016
ENT_04030,SYN_045,Z016
ENT_04031,SYN_045,Z016
ENT_04032,SYN_045,Z016
ENT_04033,SYN_045,Z016
ENT_04034,SYN_045,Z016
ENT_04035,SYN_045,Z016
ENT_04036,SYN_045,Z016
ENT_04037,SYN_045,Z016
ENT_04038,SYN_045,Z016
ENT_04039,SYN_045,Z016
ENT_04040,SYN_045,Z016
ENT_04041,SYN_045,Z016
ENT_04042,SYN_045,Z016
ENT_04043,SYN_045,Z016
ENT_04044,SYN_045,Z016
ENT_04045,SYN_045,Z016
ENT_04046,SYN_045,Z016
ENT_04047,SYN_045,Z016
ENT_04048,SYN_045,Z016
ENT_04049,SYN_045,Z016
ENT_04050,SYN_045,Z016
ENT_04051,SYN_045,Z016
ENT_04052,SYN_045,Z016
ENT_04053,SYN_045,Z016
ENT_04054,SYN_045,Z016
ENT_04055,SYN_045,Z016
ENT_04056,SYN_045,Z016
ENT_04057,SYN_045,Z016
ENT_04058,SYN_045,Z016
ENT_04059,SYN_045,Z016
ENT_04060,SYN_045,Z016
ENT_04061,SYN_045,Z016
ENT_04062,SYN_045,Z016
ENT_04063,SYN_045,Z016
ENT_04064,SYN_045,Z016
ENT_04065,SYN_045,Z016
ENT_04066,SYN_045,Z016
ENT_04067,SYN_046,Z065
ENT_04068,SYN_046,Z019
ENT_04069,SYN_046,Z065
ENT_04070,SYN_046,Z065
ENT_04071,SYN_046,Z019
ENT_04072,SYN_046,Z065
ENT_04073,SYN_046,Z065
ENT_04074,SYN_046,Z019
ENT_04075,SYN_046,Z019
ENT_04076,SYN_046,Z019
ENT_04077,SYN_046,Z065
ENT_04078,SYN_046,Z019
ENT_04079,SYN_046,Z065
ENT_04080,SYN_046,Z065
ENT_04081,SYN_046,Z019
ENT_04082,SYN_046,Z065
ENT_04083,SYN_046,Z019
ENT_04084,SYN_046,Z065
ENT_04085,SYN_046,Z065
ENT_04086,SYN_046,Z019
ENT_04087,SYN_046,Z065
ENT_04088,SYN_046,Z019
ENT_04089,SYN_046,Z065
ENT_04090,SYN_046,Z065
ENT_04091,SYN_046,Z065
ENT_04092,SYN_046,Z065
ENT_04093,SYN_046,Z019
ENT_04094,SYN_046,Z019
ENT_04095,SYN_046,Z019
ENT_04096,SYN_046,Z019
ENT_04097,SYN_046,Z019
ENT_04098,SYN_046,Z065
ENT_04099,SYN_046,Z065
ENT_04100,SYN_046,Z019
ENT_04101,SYN_046,Z065
ENT_04102,SYN_046,Z019
ENT_04103,SYN_046,Z065
ENT_04104,SYN_046,Z019
ENT_04105,SYN_046,Z065
ENT_04106,SYN_046,Z065
ENT_04107,SYN_046,Z019
ENT_04108,SYN_046,Z019
ENT_04109,SYN_046,Z019
ENT_04110,SYN_046,Z019
ENT_04111,SYN_046,Z019
ENT_04112,SYN_046,Z019
ENT_04113,SYN_046,Z065
ENT_04114,SYN_046,Z019
ENT_04115,SYN_046,Z065
ENT_04116,SYN_046,Z065
ENT_04117,SYN_046,Z019
ENT_04118,SYN_046,Z019
ENT_04119,SYN_046,Z065
ENT_04120,SYN_046,Z019
ENT_04121,SYN_046,Z019
ENT_04122,SYN_046,Z019
ENT_04123,SYN_046,Z065
ENT_04124,SYN_046,Z019
ENT_04125,SYN_046,Z065
ENT_04126,SYN_046,Z019
ENT_04127,SYN_046,Z019
ENT_04128,SYN_046,Z065
ENT_04129,SYN_046,Z019
ENT_04130,SYN_046,Z019
ENT_04131,SYN_046,Z019
ENT_04132,SYN_046,Z019
ENT_04133,SYN_046,Z019
ENT_04134,SYN_047,Z004
ENT_04135,SYN_047,Z004
ENT_04136,SYN_047,Z004
ENT_04137,SYN_047,Z004
ENT_04138,SYN_047,Z004
ENT_04139,SYN_047,Z004
ENT_04140,SYN_047,Z004
ENT_04141,SYN_047,Z004
ENT_04142,SYN_047,Z004
ENT_04143,SYN_047,Z004
ENT_04144,SYN_047,Z004
ENT_04145,SYN_047,Z004
ENT_04146,SYN_047,Z004
ENT_04147,SYN_047,Z004
ENT_04148,SYN_047,Z004
ENT_04149,SYN_047,Z004
ENT_04150,SYN_047,Z004
ENT_04151,SYN_047,Z004
ENT_04152,SYN_047,Z004
ENT_04153,SYN_047,Z004
ENT_04154,SYN_047,Z004
ENT_04155,SYN_047,Z004
ENT_04156,SYN_047,Z004
ENT_04157,SYN_047,Z004
ENT_04158,SYN_047,Z004
ENT_04159,SYN_047,Z004
ENT_04160,SYN_047,Z004
ENT_04161,SYN_047,Z004
ENT_04162,SYN_047,Z004
ENT_04163,SYN_047,Z004
ENT_04164,SYN_047,Z004
ENT_04165,SYN_047,Z004
ENT_04166,SYN_047,Z004
ENT_04167,SYN_047,Z004
ENT_04168,SYN_047,Z004
ENT_04169,SYN_047,Z004
ENT_04170,SYN_047,Z004
ENT_04171,SYN_047,Z004
ENT_04172,SYN_047,Z004
ENT_04173,SYN_047,Z004
ENT_04174,SYN_047,Z004
ENT_04175,SYN_047,Z004
ENT_04176,SYN_047,Z004
ENT_04177,SYN_047,Z004
ENT_04178,SYN_047,Z004
ENT_04179,SYN_047,Z004
ENT_04180,SYN_047,Z004
ENT_04181,SYN_047,Z004
ENT_04182,SYN_047,Z004
ENT_04183,SYN_047,Z004
ENT_04184,SYN_047,Z004
ENT_04185,SYN_047,Z004
ENT_04186,SYN_047,Z004
ENT_04187,SYN_047,Z004
ENT_04188,SYN_047,Z004
ENT_04189,SYN_047,Z004
ENT_04190,SYN_047,Z004
ENT_04191,SYN_047,Z004
ENT_04192,SYN_047,Z004
ENT_04193,SYN_047,Z004
ENT_04194,SYN_047,Z004
ENT_04195,SYN_047,Z004
ENT_04196,SYN_047,Z004
ENT_04197,SYN_047,Z004
ENT_04198,SYN_047,Z004
ENT_04199,SYN_047,Z004
ENT_04200,SYN_047,Z004
ENT_04201,SYN_047,Z004
ENT_04202,SYN_047,Z004
ENT_04203,SYN_047,Z004
ENT_04204,SYN_047,Z004
ENT_04205,SYN_047,Z004
ENT_04206,SYN_047,Z004
ENT_04207,SYN_047,Z004
ENT_04208,SYN_047,Z004
ENT_04209,SYN_047,Z004
ENT_04210,SYN_047,Z004
ENT_04211,SYN_047,Z004
ENT_04212,SYN_047,Z004
ENT_04213,SYN_047,Z004
ENT_04214,SYN_047,Z004
ENT_04215,SYN_047,Z004
ENT_04216,SYN_047,Z004
ENT_04217,SYN_047,Z004
ENT_04218,SYN_047,Z004
ENT_04219,SYN_047,Z004
ENT_04220,SYN_047,Z004
ENT_04221,SYN_047,Z004
ENT_04222,SYN_047,Z004
ENT_04223,SYN_047,Z004
ENT_04224,SYN_047,Z004
ENT_04225,SYN_048,Z010
ENT_04226,SYN_048,Z010
ENT_04227,SYN_048,Z010
ENT_04228,SYN_048,Z010
ENT_04229,SYN_048,Z010
ENT_04230,SYN_048,Z010
ENT_04231,SYN_048,Z010
ENT_04232,SYN_048,Z010
ENT_04233,SYN_048,Z010
ENT_04234,SYN_048,Z010
ENT_04235,SYN_048,Z010
ENT_04236,SYN_048,Z010
ENT_04237,SYN_048,Z010
ENT_04238,SYN_048,Z010
ENT_04239,SYN_048,Z010
ENT_04240,SYN_048,Z010
ENT_04241,SYN_048,Z010
ENT_04242,SYN_048,Z010
ENT_04243,SYN_048,Z010
ENT_04244,SYN_048,Z010
ENT_04245,SYN_048,Z010
ENT_04246,SYN_048,Z010
ENT_04247,SYN_048,Z010
ENT_04248,SYN_048,Z010
ENT_04249,SYN_048,Z010
ENT_04250,SYN_048,Z010
ENT_04251,SYN_048,Z010
ENT_04252,SYN_048,Z010
ENT_04253,SYN_048,Z010
ENT_04254,SYN_048,Z010
ENT_04255,SYN_048,Z010
ENT_04256,SYN_048,Z010
ENT_04257,SYN_048,Z010
ENT_04258,SYN_048,Z010
ENT_04259,SYN_048,Z010
ENT_04260,SYN_048,Z010
ENT_04261,SYN_048,Z010
ENT_04262,SYN_048,Z010
ENT_04263,SYN_048,Z010
ENT_04264,SYN_048,Z010
ENT_04265,SYN_048,Z010
ENT_04266,SYN_048,Z010
ENT_04267,SYN_048,Z010
ENT_04268,SYN_048,Z010
ENT_04269,SYN_048,Z010
ENT_04270,SYN_048,Z010
ENT_04271,SYN_048,Z010
ENT_04272,SYN_048,Z010
ENT_04273,SYN_048,Z010
ENT_04274,SYN_048,Z010
ENT_04275,SYN_048,Z010
ENT_04276,SYN_048,Z010
ENT_04277,SYN_048,Z010
ENT_04278,SYN_048,Z010
ENT_04279,SYN_048,Z010
ENT_04280,SYN_048,Z010
ENT_04281,SYN_048,Z010
ENT_04282,SYN_048,Z010
ENT_04283,SYN_048,Z010
ENT_04284,SYN_048,Z010
ENT_04285,SYN_048,Z010
ENT_04286,SYN_048,Z010
ENT_04287,SYN_048,Z010
ENT_04288,SYN_048,Z010
ENT_04289,SYN_048,Z010
ENT_04290,SYN_048,Z010
ENT_04291,SYN_048,Z010
ENT_04292,SYN_048,Z010
ENT_04293,SYN_048,Z010
ENT_04294,SYN_048,Z010
ENT_04295,SYN_048,Z010
ENT_04296,SYN_048,Z010
ENT_04297,SYN_048,Z010
ENT_04298,SYN_048,Z010
ENT_04299,SYN_048,Z010
ENT_04300,SYN_048,Z010
ENT_04301,SYN_048,Z010
ENT_04302,SYN_048,Z010
ENT_04303,SYN_048,Z010
ENT_04304,SYN_048,Z010
ENT_04305,SYN_048,Z010
ENT_04306,SYN_048,Z010
ENT_04307,SYN_048,Z010
ENT_04308,SYN_048,Z010
ENT_04309,SYN_048,Z010
ENT_04310,SYN_048,Z010
ENT_04311,SYN_048,Z010
ENT_04312,SYN_048,Z010
ENT_04313,SYN_048,Z010
ENT_04314,SYN_048,Z010
ENT_04315,SYN_048,Z010
ENT_04316,SYN_048,Z010
ENT_04317,SYN_048,Z010
ENT_04318,SYN_048,Z010
ENT_04319,SYN_048,Z010
ENT_04320,SYN_048,Z010
ENT_04321,SYN_048,Z010
ENT_04322,SYN_048,Z010
ENT_04323,SYN_048,Z010
ENT_04324,SYN_048,Z010
ENT_04325,SYN_048,Z010
ENT_04326,SYN_048,Z010
ENT_04327,SYN_048,Z010
ENT_04328,SYN_048,Z010
ENT_04329,SYN_048,Z010
ENT_04330,SYN_048,Z010
ENT_04331,SYN_048,Z010
ENT_04332,SYN_048,Z010
ENT_04333,SYN_048,Z010
ENT_04334,SYN_048,Z010
ENT_04335,SYN_048,Z010
ENT_04336,SYN_048,Z010
ENT_04337,SYN_048,Z010
ENT_04338,SYN_048,Z010
ENT_04339,SYN_048,Z010
ENT_04340,SYN_048,Z010
ENT_04341,SYN_048,Z010
ENT_04342,SYN_049,Z014
ENT_04343,SYN_049,Z013
ENT_04344,SYN_049,Z013
ENT_04345,SYN_049,Z014
ENT_04346,SYN_049,Z013
ENT_04347,SYN_049,Z013
ENT_04348,SYN_049,Z013
ENT_04349,SYN_049,Z013
ENT_04350,SYN_049,Z014
ENT_04351,SYN_049,Z013
ENT_04352,SYN_049,Z013
ENT_04353,SYN_049,Z013
ENT_04354,SYN_049,Z014
ENT_04355,SYN_049,Z013
ENT_04356,SYN_049,Z013
ENT_04357,SYN_049,Z013
ENT_04358,SYN_049,Z013
ENT_04359,SYN_049,Z013
ENT_04360,SYN_049,Z014
ENT_04361,SYN_049,Z013
ENT_04362,SYN_049,Z014
ENT_04363,SYN_049,Z014
ENT_04364,SYN_049,Z014
ENT_04365,SYN_049,Z014
ENT_04366,SYN_049,Z013
ENT_04367,SYN_049,Z014
ENT_04368,SYN_049,Z013
ENT_04369,SYN_049,Z014
ENT_04370,SYN_049,Z014
ENT_04371,SYN_049,Z014
ENT_04372,SYN_049,Z014
ENT_04373,SYN_049,Z014
ENT_04374,SYN_049,Z014
ENT_04375,SYN_049,Z013
ENT_04376,SYN_049,Z014
ENT_04377,SYN_049,Z013
ENT_04378,SYN_049,Z014
ENT_04379,SYN_049,Z014
ENT_04380,SYN_049,Z013
ENT_04381,SYN_049,Z013
ENT_04382,SYN_049,Z014
ENT_04383,SYN_049,Z013
ENT_04384,SYN_049,Z014
ENT_04385,SYN_049,Z013
ENT_04386,SYN_049,Z013
ENT_04387,SYN_049,Z013
ENT_04388,SYN_049,Z013
ENT_04389,SYN_049,Z014
ENT_04390,SYN_049,Z014
ENT_04391,SYN_049,Z014
ENT_04392,SYN_049,Z014
ENT_04393,SYN_049,Z014
ENT_04394,SYN_049,Z013
ENT_04395,SYN_049,Z013
ENT_04396,SYN_049,Z014
ENT_04397,SYN_049,Z014
ENT_04398,SYN_049,Z013
ENT_04399,SYN_049,Z014
ENT_04400,SYN_049,Z014
ENT_04401,SYN_049,Z014
ENT_04402,SYN_049,Z014
ENT_04403,SYN_049,Z014
ENT_04404,SYN_049,Z014
ENT_04405,SYN_049,Z013
ENT_04406,SYN_049,Z013
ENT_04407,SYN_049,Z013
ENT_04408,SYN_049,Z014
ENT_04409,SYN_049,Z014
ENT_04410,SYN_049,Z014
ENT_04411,SYN_049,Z013
ENT_04412,SYN_049,Z014
ENT_04413,SYN_049,Z013
ENT_04414,SYN_050,Z019
ENT_04415,SYN_050,Z023
ENT_04416,SYN_050,Z023
ENT_04417,SYN_050,Z019
ENT_04418,SYN_050,Z023
ENT_04419,SYN_050,Z023
ENT_04420,SYN_050,Z023
ENT_04421,SYN_050,Z023
ENT_04422,SYN_050,Z023
ENT_04423,SYN_050,Z019
ENT_04424,SYN_050,Z023
ENT_04425,SYN_050,Z023
ENT_04426,SYN_050,Z023
ENT_04427,SYN_050,Z023
ENT_04428,SYN_050,Z023
ENT_04429,SYN_050,Z023
ENT_04430,SYN_050,Z023
ENT_04431,SYN_050,Z023
ENT_04432,SYN_050,Z019
ENT_04433,SYN_050,Z019
ENT_04434,SYN_050,Z023
ENT_04435,SYN_050,Z019
ENT_04436,SYN_050,Z023
ENT_04437,SYN_050,Z019
ENT_04438,SYN_050,Z019
ENT_04439,SYN_050,Z023
ENT_04440,SYN_050,Z019
ENT_04441,SYN_050,Z019
ENT_04442,SYN_050,Z023
ENT_04443,SYN_050,Z023
ENT_04444,SYN_050,Z019
ENT_04445,SYN_050,Z019
ENT_04446,SYN_050,Z023
ENT_04447,SYN_050,Z019
ENT_04448,SYN_050,Z019
ENT_04449,SYN_050,Z023
ENT_04450,SYN_050,Z019
ENT_04451,SYN_050,Z019
ENT_04452,SYN_050,Z019
ENT_04453,SYN_050,Z023
ENT_04454,SYN_050,Z023
ENT_04455,SYN_050,Z023
ENT_04456,SYN_050,Z019
ENT_04457,SYN_050,Z019
ENT_04458,SYN_050,Z023
ENT_04459,SYN_050,Z019
ENT_04460,SYN_050,Z023
ENT_04461,SYN_050,Z023
ENT_04462,SYN_050,Z019
ENT_04463,SYN_050,Z023
ENT_04464,SYN_050,Z023
ENT_04465,SYN_050,Z023
ENT_04466,SYN_050,Z019
ENT_04467,SYN_050,Z019
ENT_04468,SYN_050,Z023
ENT_04469,SYN_050,Z023
ENT_04470,SYN_050,Z019
ENT_04471,SYN_050,Z023
ENT_04472,SYN_050,Z023
ENT_04473,SYN_050,Z023
ENT_04474,SYN_050,Z019
ENT_04475,SYN_050,Z019
ENT_04476,SYN_050,Z023
ENT_04477,SYN_050,Z019
ENT_04478,SYN_050,Z019
ENT_04479,SYN_050,Z019
ENT_04480,SYN_050,Z019
ENT_04481,SYN_050,Z023
ENT_04482,SYN_050,Z023
ENT_04483,SYN_050,Z019
ENT_04484,SYN_050,Z019
ENT_04485,SYN_050,Z019
ENT_04486,SYN_050,Z023
ENT_04487,SYN_050,Z019
ENT_04488,SYN_050,Z023
ENT_04489,SYN_050,Z023
ENT_04490,SYN_050,Z023
ENT_04491,SYN_050,Z019
ENT_04492,SYN_050,Z023
ENT_04493,SYN_050,Z023
ENT_04494,SYN_050,Z023
ENT_04495,SYN_050,Z023
ENT_04496,SYN_050,Z019
ENT_04497,SYN_050,Z019
ENT_04498,SYN_050,Z019
ENT_04499,SYN_050,Z023
ENT_04500,SYN_050,Z023
ENT_04501,SYN_050,Z019
ENT_04502,SYN_050,Z023
ENT_04503,SYN_050,Z023
ENT_04504,SYN_050,Z023
ENT_04505,SYN_050,Z023
ENT_04506,SYN_050,Z019
ENT_04507,SYN_050,Z019
ENT_04508,SYN_050,Z023
ENT_04509,SYN_050,Z019
ENT_04510,SYN_050,Z023
ENT_04511,SYN_050,Z019
ENT_04512,SYN_050,Z023
ENT_04513,SYN_050,Z019
ENT_04514,SYN_050,Z019
ENT_04515,SYN_050,Z019
ENT_04516,SYN_050,Z019
ENT_04517,SYN_050,Z019
ENT_04518,SYN_050,Z019
ENT_04519,SYN_050,Z019
ENT_04520,SYN_050,Z019
ENT_04521,SYN_050,Z019
ENT_04522,SYN_050,Z023
ENT_04523,SYN_050,Z019
ENT_04524,SYN_050,Z019
ENT_04525,SYN_050,Z019
ENT_04526,SYN_050,Z023
ENT_04527,SYN_050,Z019
ENT_04528,SYN_050,Z019
ENT_04529,SYN_050,Z019
ENT_04530,SYN_050,Z019
ENT_04531,SYN_050,Z019
ENT_04532,SYN_050,Z019
ENT_04533,SYN_050,Z023
ENT_04534,SYN_050,Z019
ENT_04535,SYN_050,Z023
ENT_04536,SYN_050,Z023
ENT_04537,SYN_050,Z023
ENT_04538,SYN_050,Z023
ENT_04539,SYN_050,Z019
ENT_04540,SYN_050,Z019
ENT_04541,SYN_050,Z023
ENT_04542,SYN_050,Z019
ENT_04543,SYN_050,Z019
ENT_04544,SYN_050,Z023
ENT_04545,SYN_050,Z019
ENT_04546,SYN_050,Z023
ENT_04547,SYN_050,Z023
ENT_04548,SYN_050,Z023
ENT_04549,SYN_050,Z019
ENT_04550,SYN_050,Z019
ENT_04551,SYN_050,Z019
ENT_04552,SYN_050,Z019
ENT_04553,SYN_050,Z023
ENT_04554,SYN_050,Z023
ENT_04555,SYN_050,Z023
ENT_04556,SYN_050,Z019
ENT_04557,SYN_050,Z023
ENT_04558,SYN_050,Z023
ENT_04559,SYN_050,Z023
ENT_04560,SYN_050,Z023
ENT_04561,SYN_050,Z019
ENT_04562,SYN_050,Z019
ENT_04563,SYN_051,Z015
ENT_04564,SYN_051,Z015
ENT_04565,SYN_051,Z015
ENT_04566,SYN_051,Z015
ENT_04567,SYN_051,Z015
ENT_04568,SYN_051,Z015
ENT_04569,SYN_051,Z015
ENT_04570,SYN_051,Z015
ENT_04571,SYN_051,Z015
ENT_04572,SYN_051,Z015
ENT_04573,SYN_051,Z015
ENT_04574,SYN_051,Z015
ENT_04575,SYN_051,Z015
ENT_04576,SYN_051,Z015
ENT_04577,SYN_051,Z015
ENT_04578,SYN_051,Z015
ENT_04579,SYN_051,Z015
ENT_04580,SYN_051,Z015
ENT_04581,SYN_051,Z015
ENT_04582,SYN_051,Z015
ENT_04583,SYN_051,Z015
ENT_04584,SYN_051,Z015
ENT_04585,SYN_051,Z015
ENT_04586,SYN_051,Z015
ENT_04587,SYN_051,Z015
ENT_04588,SYN_051,Z015
ENT_04589,SYN_051,Z015
ENT_04590,SYN_051,Z015
ENT_04591,SYN_051,Z015
ENT_04592,SYN_051,Z015
ENT_04593,SYN_051,Z015
ENT_04594,SYN_051,Z015
ENT_04595,SYN_051,Z015
ENT_04596,SYN_051,Z015
ENT_04597,SYN_051,Z015
ENT_04598,SYN_051,Z015
ENT_04599,SYN_051,Z015
ENT_04600,SYN_051,Z015
ENT_04601,SYN_052,Z038
ENT_04602,SYN_052,Z031
ENT_04603,SYN_052,Z038
ENT_04604,SYN_052,Z031
ENT_04605,SYN_052,Z031
ENT_04606,SYN_052,Z031
ENT_04607,SYN_052,Z038
ENT_04608,SYN_052,Z038
ENT_04609,SYN_052,Z038
ENT_04610,SYN_052,Z031
ENT_04611,SYN_052,Z031
ENT_04612,SYN_052,Z038
ENT_04613,SYN_052,Z031
ENT_04614,SYN_052,Z038
ENT_04615,SYN_052,Z031
ENT_04616,SYN_052,Z038
ENT_04617,SYN_052,Z038
ENT_04618,SYN_052,Z031
ENT_04619,SYN_052,Z031
ENT_04620,SYN_052,Z031
ENT_04621,SYN_052,Z038
ENT_04622,SYN_052,Z038
ENT_04623,SYN_052,Z031
ENT_04624,SYN_052,Z038
ENT_04625,SYN_052,Z038
ENT_04626,SYN_052,Z038
ENT_04627,SYN_052,Z031
ENT_04628,SYN_052,Z038
ENT_04629,SYN_052,Z031
ENT_04630,SYN_052,Z031
ENT_04631,SYN_052,Z038
ENT_04632,SYN_052,Z031
ENT_04633,SYN_052,Z031
ENT_04634,SYN_052,Z038
ENT_04635,SYN_052,Z038
ENT_04636,SYN_053,Z026
ENT_04637,SYN_053,Z026
ENT_04638,SYN_053,Z026
ENT_04639,SYN_053,Z026
ENT_04640,SYN_053,Z026
ENT_04641,SYN_053,Z026
ENT_04642,SYN_053,Z026
ENT_04643,SYN_053,Z026
ENT_04644,SYN_053,Z026
ENT_04645,SYN_053,Z026
ENT_04646,SYN_053,Z026
ENT_04647,SYN_053,Z026
ENT_04648,SYN_053,Z026
ENT_04649,SYN_053,Z026
ENT_04650,SYN_053,Z026
ENT_04651,SYN_053,Z026
ENT_04652,SYN_053,Z026
ENT_04653,SYN_053,Z026
ENT_04654,SYN_053,Z026
ENT_04655,SYN_053,Z026
ENT_04656,SYN_053,Z026
ENT_04657,SYN_053,Z026
ENT_04658,SYN_053,Z026
ENT_04659,SYN_053,Z026
ENT_04660,SYN_053,Z026
ENT_04661,SYN_053,Z026
ENT_04662,SYN_053,Z026
ENT_04663,SYN_053,Z026
ENT_04664,SYN_053,Z026
ENT_04665,SYN_053,Z026
ENT_04666,SYN_053,Z026
ENT_04667,SYN_053,Z026
ENT_04668,SYN_053,Z026
ENT_04669,SYN_053,Z026
ENT_04670,SYN_053,Z026
ENT_04671,SYN_053,Z026
ENT_04672,SYN_053,Z026
ENT_04673,SYN_053,Z026
ENT_04674,SYN_053,Z026
ENT_04675,SYN_053,Z026
ENT_04676,SYN_053,Z026
ENT_04677,SYN_053,Z026
ENT_04678,SYN_053,Z026
ENT_04679,SYN_053,Z026
ENT_04680,SYN_053,Z026
ENT_04681,SYN_053,Z026
ENT_04682,SYN_053,Z026
ENT_04683,SYN_053,Z026
ENT_04684,SYN_053,Z026
ENT_04685,SYN_053,Z026
ENT_04686,SYN_053,Z026
ENT_04687,SYN_053,Z026
ENT_04688,SYN_053,Z026
ENT_04689,SYN_053,Z026
ENT_04690,SYN_053,Z026
ENT_04691,SYN_053,Z026
ENT_04692,SYN_053,Z026
ENT_04693,SYN_053,Z026
ENT_04694,SYN_053,Z026
ENT_04695,SYN_053,Z026
ENT_04696,SYN_053,Z026
ENT_04697,SYN_053,Z026
ENT_04698,SYN_053,Z026
ENT_04699,SYN_053,Z026
ENT_04700,SYN_053,Z026
ENT_04701,SYN_053,Z026
ENT_04702,SYN_053,Z026
ENT_04703,SYN_053,Z026
ENT_04704,SYN_053,Z026
ENT_04705,SYN_053,Z026
ENT_04706,SYN_053,Z026
ENT_04707,SYN_053,Z026
ENT_04708,SYN_053,Z026
ENT_04709,SYN_053,Z026
ENT_04710,SYN_053,Z026
ENT_04711,SYN_053,Z026
ENT_04712,SYN_053,Z026
ENT_04713,SYN_053,Z026
ENT_04714,SYN_053,Z026
ENT_04715,SYN_053,Z026
ENT_04716,SYN_053,Z026
ENT_04717,SYN_053,Z026
ENT_04718,SYN_053,Z026
ENT_04719,SYN_053,Z026
ENT_04720,SYN_053,Z026
ENT_04721,SYN_053,Z026
ENT_04722,SYN_053,Z026
ENT_04723,SYN_053,Z026
ENT_04724,SYN_053,Z026
ENT_04725,SYN_053,Z026
ENT_04726,SYN_053,Z026
ENT_04727,SYN_053,Z026
ENT_04728,SYN_053,Z026
ENT_04729,SYN_053,Z026
ENT_04730,SYN_053,Z026
ENT_04731,SYN_053,Z026
ENT_04732,SYN_053,Z026
ENT_04733,SYN_053,Z026
ENT_04734,SYN_053,Z026
ENT_04735,SYN_053,Z026
ENT_04736,SYN_053,Z026
ENT_04737,SYN_053,Z026
ENT_04738,SYN_053,Z026
ENT_04739,SYN_053,Z026
ENT_04740,SYN_053,Z026
ENT_04741,SYN_053,Z026
ENT_04742,SYN_053,Z026
ENT_04743,SYN_053,Z026
ENT_04744,SYN_053,Z026
ENT_04745,SYN_053,Z026
ENT_04746,SYN_053,Z026
ENT_04747,SYN_053,Z026
ENT_04748,SYN_053,Z026
ENT_04749,SYN_053,Z026
ENT_04750,SYN_053,Z026
ENT_04751,SYN_053,Z026
ENT_04752,SYN_053,Z026
ENT_04753,SYN_053,Z026
ENT_04754,SYN_053,Z026
ENT_04755,SYN_053,Z026
ENT_04756,SYN_053,Z026
ENT_04757,SYN_053,Z026
ENT_04758,SYN_053,Z026
ENT_04759,SYN_053,Z026
ENT_04760,SYN_053,Z026
ENT_04761,SYN_053,Z026
ENT_04762,SYN_053,Z026
ENT_04763,SYN_053,Z026
ENT_04764,SYN_053,Z026
ENT_04765,SYN_053,Z026
ENT_04766,SYN_053,Z026
ENT_04767,SYN_053,Z026
ENT_04768,SYN_053,Z026
ENT_04769,SYN_053,Z026
ENT_04770,SYN_053,Z026
ENT_04771,SYN_054,Z025
ENT_04772,SYN_054,Z025
ENT_04773,SYN_054,Z064
ENT_04774,SYN_054,Z064
ENT_04775,SYN_054,Z025
ENT_04776,SYN_054,Z025
ENT_04777,SYN_054,Z025
ENT_04778,SYN_054,Z025
ENT_04779,SYN_054,Z064
ENT_04780,SYN_054,Z025
ENT_04781,SYN_054,Z025
ENT_04782,SYN_054,Z064
ENT_04783,SYN_054,Z064
ENT_04784,SYN_054,Z025
ENT_04785,SYN_054,Z064
ENT_04786,SYN_054,Z064
ENT_04787,SYN_054,Z025
ENT_04788,SYN_054,Z064
ENT_04789,SYN_054,Z025
ENT_04790,SYN_054,Z025
ENT_04791,SYN_054,Z064
ENT_04792,SYN_054,Z064
ENT_04793,SYN_054,Z025
ENT_04794,SYN_054,Z064
ENT_04795,SYN_054,Z025
ENT_04796,SYN_054,Z025
ENT_04797,SYN_054,Z025
ENT_04798,SYN_054,Z064
ENT_04799,SYN_054,Z064
ENT_04800,SYN_054,Z025
ENT_04801,SYN_054,Z064
ENT_04802,SYN_054,Z025
ENT_04803,SYN_054,Z064
ENT_04804,SYN_054,Z025
ENT_04805,SYN_054,Z064
ENT_04806,SYN_054,Z064
ENT_04807,SYN_054,Z025
ENT_04808,SYN_054,Z064
ENT_04809,SYN_054,Z025
ENT_04810,SYN_054,Z025
ENT_04811,SYN_054,Z025
ENT_04812,SYN_054,Z064
ENT_04813,SYN_054,Z064
ENT_04814,SYN_054,Z064
ENT_04815,SYN_054,Z064
ENT_04816,SYN_054,Z025
ENT_04817,SYN_054,Z025
ENT_04818,SYN_054,Z025
ENT_04819,SYN_054,Z025
ENT_04820,SYN_054,Z025
ENT_04821,SYN_054,Z025
ENT_04822,SYN_054,Z025
ENT_04823,SYN_054,Z064
ENT_04824,SYN_054,Z064
ENT_04825,SYN_054,Z064
ENT_04826,SYN_054,Z064
ENT_04827,SYN_054,Z025
ENT_04828,SYN_054,Z064
ENT_04829,SYN_054,Z064
ENT_04830,SYN_054,Z064
ENT_04831,SYN_054,Z025
ENT_04832,SYN_054,Z064
ENT_04833,SYN_054,Z025
ENT_04834,SYN_054,Z025
ENT_04835,SYN_054,Z025
ENT_04836,SYN_054,Z025
ENT_04837,SYN_054,Z064
ENT_04838,SYN_054,Z025
ENT_04839,SYN_054,Z025
ENT_04840,SYN_054,Z025
ENT_04841,SYN_054,Z025
ENT_04842,SYN_054,Z025
ENT_04843,SYN_054,Z064
ENT_04844,SYN_054,Z025
ENT_04845,SYN_054,Z064
ENT_04846,SYN_054,Z025
ENT_04847,SYN_054,Z064
ENT_04848,SYN_054,Z025
ENT_04849,SYN_054,Z025
ENT_04850,SYN_054,Z064
ENT_04851,SYN_054,Z064
ENT_04852,SYN_054,Z064
ENT_04853,SYN_054,Z025
ENT_04854,SYN_054,Z025
ENT_04855,SYN_054,Z064
ENT_04856,SYN_054,Z064
ENT_04857,SYN_054,Z064
ENT_04858,SYN_054,Z064
ENT_04859,SYN_054,Z064
ENT_04860,SYN_054,Z064
ENT_04861,SYN_054,Z064
ENT_04862,SYN_054,Z064
ENT_04863,SYN_054,Z025
ENT_04864,SYN_054,Z064
ENT_04865,SYN_054,Z025
ENT_04866,SYN_054,Z064
ENT_04867,SYN_054,Z025
ENT_04868,SYN_054,Z025
ENT_04869,SYN_054,Z064
ENT_04870,SYN_054,Z025
ENT_04871,SYN_054,Z025
ENT_04872,SYN_054,Z064
ENT_04873,SYN_054,Z025
ENT_04874,SYN_054,Z064
ENT_04875,SYN_054,Z025
ENT_04876,SYN_054,Z064
ENT_04877,SYN_054,Z025
ENT_04878,SYN_054,Z064
ENT_04879,SYN_054,Z025
ENT_04880,SYN_054,Z025
ENT_04881,SYN_054,Z025
ENT_04882,SYN_054,Z064
ENT_04883,SYN_054,Z064
ENT_04884,SYN_054,Z025
ENT_04885,SYN_054,Z064
ENT_04886,SYN_054,Z064
ENT_04887,SYN_054,Z025
ENT_04888,SYN_054,Z064
ENT_04889,SYN_054,Z064
ENT_04890,SYN_054,Z064
ENT_04891,SYN_054,Z064
ENT_04892,SYN_054,Z025
ENT_04893,SYN_054,Z025
ENT_04894,SYN_054,Z025
ENT_04895,SYN_054,Z025
ENT_04896,SYN_054,Z025
ENT_04897,SYN_054,Z064
ENT_04898,SYN_054,Z064
ENT_04899,SYN_054,Z025
ENT_04900,SYN_054,Z025
ENT_04901,SYN_054,Z025
ENT_04902,SYN_054,Z025
ENT_04903,SYN_054,Z064
ENT_04904,SYN_054,Z025
ENT_04905,SYN_054,Z025
ENT_04906,SYN_054,Z064
ENT_04907,SYN_054,Z025
ENT_04908,SYN_054,Z064
ENT_04909,SYN_054,Z025
ENT_04910,SYN_054,Z025
ENT_04911,SYN_054,Z025
ENT_04912,SYN_054,Z025
ENT_04913,SYN_054,Z064
ENT_04914,SYN_054,Z025
ENT_04915,SYN_054,Z025
ENT_04916,SYN_054,Z064
ENT_04917,SYN_054,Z064
ENT_04918,SYN_054,Z025
ENT_04919,SYN_054,Z025
ENT_04920,SYN_054,Z025
ENT_04921,SYN_054,Z025
ENT_04922,SYN_054,Z025
ENT_04923,SYN_054,Z064
ENT_04924,SYN_054,Z025
ENT_04925,SYN_054,Z025
ENT_04926,SYN_054,Z025
ENT_04927,SYN_054,Z025
ENT_04928,SYN_055,Z039
ENT_04929,SYN_055,Z008
ENT_04930,SYN_055,Z008
ENT_04931,SYN_055,Z008
ENT_04932,SYN_055,Z008
ENT_04933,SYN_055,Z039
ENT_04934,SYN_055,Z008
ENT_04935,SYN_055,Z039
ENT_04936,SYN_055,Z008
ENT_04937,SYN_055,Z008
ENT_04938,SYN_055,Z008
ENT_04939,SYN_055,Z008
ENT_04940,SYN_055,Z039
ENT_04941,SYN_055,Z008
ENT_04942,SYN_055,Z039
ENT_04943,SYN_055,Z039
ENT_04944,SYN_055,Z008
ENT_04945,SYN_055,Z008
ENT_04946,SYN_055,Z039
ENT_04947,SYN_055,Z039
ENT_04948,SYN_055,Z008
ENT_04949,SYN_055,Z039
ENT_04950,SYN_055,Z039
ENT_04951,SYN_055,Z039
ENT_04952,SYN_055,Z039
ENT_04953,SYN_055,Z039
ENT_04954,SYN_055,Z039
ENT_04955,SYN_055,Z008
ENT_04956,SYN_055,Z039
ENT_04957,SYN_055,Z008
ENT_04958,SYN_055,Z008
ENT_04959,SYN_055,Z008
ENT_04960,SYN_055,Z039
ENT_04961,SYN_055,Z039
ENT_04962,SYN_055,Z008
ENT_04963,SYN_055,Z008
ENT_04964,SYN_055,Z008
ENT_04965,SYN_055,Z039
ENT_04966,SYN_055,Z008
ENT_04967,SYN_055,Z039
ENT_04968,SYN_055,Z039
ENT_04969,SYN_055,Z039
ENT_04970,SYN_055,Z008
ENT_04971,SYN_055,Z039
ENT_04972,SYN_055,Z008
ENT_04973,SYN_055,Z039
ENT_04974,SYN_055,Z008
ENT_04975,SYN_055,Z039
ENT_04976,SYN_055,Z039
ENT_04977,SYN_055,Z039
ENT_04978,SYN_055,Z039
ENT_04979,SYN_055,Z008
ENT_04980,SYN_055,Z039
ENT_04981,SYN_055,Z008
ENT_04982,SYN_055,Z039
ENT_04983,SYN_055,Z008
ENT_04984,SYN_055,Z008
ENT_04985,SYN_055,Z008
ENT_04986,SYN_055,Z008
ENT_04987,SYN_055,Z008
ENT_04988,SYN_055,Z008
ENT_04989,SYN_055,Z008
ENT_04990,SYN_055,Z039
ENT_04991,SYN_055,Z008
ENT_04992,SYN_055,Z039
ENT_04993,SYN_055,Z039
ENT_04994,SYN_055,Z008
ENT_04995,SYN_055,Z039
ENT_04996,SYN_055,Z008
ENT_04997,SYN_055,Z008
ENT_04998,SYN_055,Z008
ENT_04999,SYN_055,Z039
ENT_05000,SYN_055,Z008
ENT_05001,SYN_055,Z008
ENT_05002,SYN_055,Z039
ENT_05003,SYN_055,Z008
ENT_05004,SYN_055,Z039
ENT_05005,SYN_055,Z008
ENT_05006,SYN_055,Z008
ENT_05007,SYN_055,Z039
ENT_05008,SYN_055,Z008
ENT_05009,SYN_055,Z039
ENT_05010,SYN_055,Z008
ENT_05011,SYN_055,Z039
ENT_05012,SYN_055,Z039
ENT_05013,SYN_055,Z039
ENT_05014,SYN_055,Z008
ENT_05015,SYN_055,Z008
ENT_05016,SYN_055,Z039
ENT_05017,SYN_055,Z008
ENT_05018,SYN_055,Z008
ENT_05019,SYN_055,Z008
ENT_05020,SYN_055,Z039
ENT_05021,SYN_055,Z008
ENT_05022,SYN_055,Z039
ENT_05023,SYN_055,Z039
ENT_05024,SYN_055,Z039
ENT_05025,SYN_055,Z008
ENT_05026,SYN_055,Z039
ENT_05027,SYN_055,Z008
ENT_05028,SYN_055,Z039
ENT_05029,SYN_055,Z039
ENT_05030,SYN_055,Z008
ENT_05031,SYN_055,Z008
ENT_05032,SYN_055,Z039
ENT_05033,SYN_055,Z008
ENT_05034,SYN_055,Z039
ENT_05035,SYN_055,Z008
ENT_05036,SYN_055,Z039
ENT_05037,SYN_055,Z008
ENT_05038,SYN_055,Z008
ENT_05039,SYN_055,Z008
ENT_05040,SYN_055,Z008
ENT_05041,SYN_055,Z008
ENT_05042,SYN_055,Z008
ENT_05043,SYN_055,Z008
ENT_05044,SYN_055,Z039
ENT_05045,SYN_055,Z039
ENT_05046,SYN_055,Z008
ENT_05047,SYN_055,Z039
ENT_05048,SYN_055,Z039
ENT_05049,SYN_055,Z039
ENT_05050,SYN_055,Z039
ENT_05051,SYN_055,Z008
ENT_05052,SYN_055,Z008
ENT_05053,SYN_055,Z039
ENT_05054,SYN_055,Z008
ENT_05055,SYN_055,Z008
ENT_05056,SYN_055,Z039
ENT_05057,SYN_055,Z008
ENT_05058,SYN_055,Z008
ENT_05059,SYN_055,Z008
ENT_05060,SYN_055,Z039
ENT_05061,SYN_055,Z039
ENT_05062,SYN_055,Z008
ENT_05063,SYN_055,Z039
ENT_05064,SYN_055,Z039
ENT_05065,SYN_055,Z008
ENT_05066,SYN_055,Z008
ENT_05067,SYN_055,Z039
ENT_05068,SYN_055,Z008
ENT_05069,SYN_055,Z039
ENT_05070,SYN_055,Z008
ENT_05071,SYN_055,Z008
ENT_05072,SYN_055,Z008
ENT_05073,SYN_055,Z039
ENT_05074,SYN_055,Z039
ENT_05075,SYN_055,Z008
ENT_05076,SYN_056,Z052
ENT_05077,SYN_056,Z052
ENT_05078,SYN_056,Z052
ENT_05079,SYN_056,Z052
ENT_05080,SYN_056,Z052
ENT_05081,SYN_056,Z052
ENT_05082,SYN_056,Z052
ENT_05083,SYN_056,Z052
ENT_05084,SYN_056,Z052
ENT_05085,SYN_056,Z052
ENT_05086,SYN_056,Z052
ENT_05087,SYN_056,Z052
ENT_05088,SYN_056,Z052
ENT_05089,SYN_056,Z052
ENT_05090,SYN_056,Z052
ENT_05091,SYN_056,Z052
ENT_05092,SYN_056,Z052
ENT_05093,SYN_056,Z052
ENT_05094,SYN_056,Z052
ENT_05095,SYN_056,Z052
ENT_05096,SYN_056,Z052
ENT_05097,SYN_056,Z052
ENT_05098,SYN_056,Z052
ENT_05099,SYN_056,Z052
ENT_05100,SYN_056,Z052
ENT_05101,SYN_056,Z052
ENT_05102,SYN_056,Z052
ENT_05103,SYN_056,Z052
ENT_05104,SYN_056,Z052
ENT_05105,SYN_056,Z052
ENT_05106,SYN_056,Z052
ENT_05107,SYN_056,Z052
ENT_05108,SYN_056,Z052
ENT_05109,SYN_056,Z052
ENT_05110,SYN_056,Z052
ENT_05111,SYN_056,Z052
ENT_05112,SYN_056,Z052
ENT_05113,SYN_056,Z052
ENT_05114,SYN_056,Z052
ENT_05115,SYN_056,Z052
ENT_05116,SYN_056,Z052
ENT_05117,SYN_056,Z052
ENT_05118,SYN_056,Z052
ENT_05119,SYN_056,Z052
ENT_05120,SYN_056,Z052
ENT_05121,SYN_056,Z052
ENT_05122,SYN_056,Z052
ENT_05123,SYN_056,Z052
ENT_05124,SYN_056,Z052
ENT_05125,SYN_056,Z052
ENT_05126,SYN_056,Z052
ENT_05127,SYN_056,Z052
ENT_05128,SYN_056,Z052
ENT_05129,SYN_056,Z052
ENT_05130,SYN_056,Z052
ENT_05131,SYN_056,Z052
ENT_05132,SYN_056,Z052
ENT_05133,SYN_056,Z052
ENT_05134,SYN_056,Z052
ENT_05135,SYN_056,Z052
ENT_05136,SYN_056,Z052
ENT_05137,SYN_056,Z052
ENT_05138,SYN_056,Z052
ENT_05139,SYN_056,Z052
ENT_05140,SYN_056,Z052
ENT_05141,SYN_056,Z052
ENT_05142,SYN_056,Z052
ENT_05143,SYN_056,Z052
ENT_05144,SYN_056,Z052
ENT_05145,SYN_056,Z052
ENT_05146,SYN_056,Z052
ENT_05147,SYN_056,Z052
ENT_05148,SYN_056,Z052
ENT_05149,SYN_056,Z052
ENT_05150,SYN_056,Z052
ENT_05151,SYN_056,Z052
ENT_05152,SYN_056,Z052
ENT_05153,SYN_056,Z052
ENT_05154,SYN_056,Z052
ENT_05155,SYN_056,Z052
ENT_05156,SYN_056,Z052
ENT_05157,SYN_056,Z052
ENT_05158,SYN_056,Z052
ENT_05159,SYN_056,Z052
ENT_05160,SYN_056,Z052
ENT_05161,SYN_056,Z052
ENT_05162,SYN_056,Z052
ENT_05163,SYN_056,Z052
ENT_05164,SYN_056,Z052
ENT_05165,SYN_056,Z052
ENT_05166,SYN_056,Z052
ENT_05167,SYN_056,Z052
ENT_05168,SYN_056,Z052
ENT_05169,SYN_056,Z052
ENT_05170,SYN_056,Z052
ENT_05171,SYN_056,Z052
ENT_05172,SYN_056,Z052
ENT_05173,SYN_056,Z052
ENT_05174,SYN_056,Z052
ENT_05175,SYN_056,Z052
ENT_05176,SYN_056,Z052
ENT_05177,SYN_056,Z052
ENT_05178,SYN_056,Z052
ENT_05179,SYN_056,Z052
ENT_05180,SYN_056,Z052
ENT_05181,SYN_056,Z052
ENT_05182,SYN_056,Z052
ENT_05183,SYN_056,Z052
ENT_05184,SYN_056,Z052
ENT_05185,SYN_056,Z052
ENT_05186,SYN_056,Z052
ENT_05187,SYN_056,Z052
ENT_05188,SYN_056,Z052
ENT_05189,SYN_057,Z004
ENT_05190,SYN_057,Z004
ENT_05191,SYN_057,Z004
ENT_05192,SYN_057,Z004
ENT_05193,SYN_057,Z004
ENT_05194,SYN_057,Z004
ENT_05195,SYN_057,Z004
ENT_05196,SYN_057,Z004
ENT_05197,SYN_057,Z004
ENT_05198,SYN_057,Z004
ENT_05199,SYN_057,Z004
ENT_05200,SYN_057,Z004
ENT_05201,SYN_057,Z004
ENT_05202,SYN_057,Z004
ENT_05203,SYN_057,Z004
ENT_05204,SYN_057,Z004
ENT_05205,SYN_057,Z004
ENT_05206,SYN_057,Z004
ENT_05207,SYN_057,Z004
ENT_05208,SYN_057,Z004
ENT_05209,SYN_057,Z004
ENT_05210,SYN_057,Z004
ENT_05211,SYN_057,Z004
ENT_05212,SYN_057,Z004
ENT_05213,SYN_057,Z004
ENT_05214,SYN_057,Z004
ENT_05215,SYN_057,Z004
ENT_05216,SYN_057,Z004
ENT_05217,SYN_057,Z004
ENT_05218,SYN_057,Z004
ENT_05219,SYN_057,Z004
ENT_05220,SYN_057,Z004
ENT_05221,SYN_057,Z004
ENT_05222,SYN_057,Z004
ENT_05223,SYN_057,Z004
ENT_05224,SYN_057,Z004
ENT_05225,SYN_057,Z004
ENT_05226,SYN_057,Z004
ENT_05227,SYN_057,Z004
ENT_05228,SYN_057,Z004
ENT_05229,SYN_057,Z004
ENT_05230,SYN_057,Z004
ENT_05231,SYN_057,Z004
ENT_05232,SYN_057,Z004
ENT_05233,SYN_057,Z004
ENT_05234,SYN_057,Z004
ENT_05235,SYN_057,Z004
ENT_05236,SYN_057,Z004
ENT_05237,SYN_057,Z004
ENT_05238,SYN_057,Z004
ENT_05239,SYN_057,Z004
ENT_05240,SYN_057,Z004
ENT_05241,SYN_057,Z004
ENT_05242,SYN_057,Z004
ENT_05243,SYN_057,Z004
ENT_05244,SYN_057,Z004
ENT_05245,SYN_057,Z004
ENT_05246,SYN_057,Z004
ENT_05247,SYN_057,Z004
ENT_05248,SYN_057,Z004
ENT_05249,SYN_057,Z004
ENT_05250,SYN_057,Z004
ENT_05251,SYN_057,Z004
ENT_05252,SYN_057,Z004
ENT_05253,SYN_057,Z004
ENT_05254,SYN_057,Z004
ENT_05255,SYN_057,Z004
ENT_05256,SYN_057,Z004
ENT_05257,SYN_057,Z004
ENT_05258,SYN_057,Z004
ENT_05259,SYN_057,Z004
ENT_05260,SYN_057,Z004
ENT_05261,SYN_057,Z004
ENT_05262,SYN_057,Z004
ENT_05263,SYN_057,Z004
ENT_05264,SYN_057,Z004
ENT_05265,SYN_057,Z004
ENT_05266,SYN_057,Z004
ENT_05267,SYN_057,Z004
ENT_05268,SYN_057,Z004
ENT_05269,SYN_057,Z004
ENT_05270,SYN_057,Z004
ENT_05271,SYN_057,Z004
ENT_05272,SYN_057,Z004
ENT_05273,SYN_057,Z004
ENT_05274,SYN_057,Z004
ENT_05275,SYN_057,Z004
ENT_05276,SYN_057,Z004
ENT_05277,SYN_057,Z004
ENT_05278,SYN_057,Z004
ENT_05279,SYN_057,Z004
ENT_05280,SYN_057,Z004
ENT_05281,SYN_057,Z004
ENT_05282,SYN_057,Z004
ENT_05283,SYN_057,Z004
ENT_05284,SYN_057,Z004
ENT_05285,SYN_057,Z004
ENT_05286,SYN_057,Z004
ENT_05287,SYN_057,Z004
ENT_05288,SYN_057,Z004
ENT_05289,SYN_057,Z004
ENT_05290,SYN_057,Z004
ENT_05291,SYN_057,Z004
ENT_05292,SYN_057,Z004
ENT_05293,SYN_057,Z004
ENT_05294,SYN_057,Z004
ENT_05295,SYN_057,Z004
ENT_05296,SYN_057,Z004
ENT_05297,SYN_057,Z004
ENT_05298,SYN_057,Z004
ENT_05299,SYN_057,Z004
ENT_05300,SYN_057,Z004
ENT_05301,SYN_057,Z004
ENT_05302,SYN_057,Z004
ENT_05303,SYN_057,Z004
ENT_05304,SYN_057,Z004
ENT_05305,SYN_057,Z004
ENT_05306,SYN_057,Z004
ENT_05307,SYN_057,Z004
ENT_05308,SYN_057,Z004
ENT_05309,SYN_057,Z004
ENT_05310,SYN_057,Z004
ENT_05311,SYN_057,Z004
ENT_05312,SYN_057,Z004
ENT_05313,SYN_057,Z004
ENT_05314,SYN_057,Z004
ENT_05315,SYN_057,Z004
ENT_05316,SYN_057,Z004
ENT_05317,SYN_057,Z004
ENT_05318,SYN_057,Z004
ENT_05319,SYN_057,Z004
ENT_05320,SYN_057,Z004
ENT_05321,SYN_057,Z004
ENT_05322,SYN_057,Z004
ENT_05323,SYN_057,Z004
ENT_05324,SYN_057,Z004
ENT_05325,SYN_057,Z004
ENT_05326,SYN_057,Z004
ENT_05327,SYN_057,Z004
ENT_05328,SYN_057,Z004
ENT_05329,SYN_057,Z004
ENT_05330,SYN_057,Z004
ENT_05331,SYN_057,Z004
ENT_05332,SYN_057,Z004
ENT_05333,SYN_057,Z004
ENT_05334,SYN_057,Z004
ENT_05335,SYN_057,Z004
ENT_05336,SYN_057,Z004
ENT_05337,SYN_057,Z004
ENT_05338,SYN_057,Z004
ENT_05339,SYN_057,Z004
ENT_05340,SYN_057,Z004
ENT_05341,SYN_058,Z027
ENT_05342,SYN_058,Z027
ENT_05343,SYN_058,Z027
ENT_05344,SYN_058,Z027
ENT_05345,SYN_058,Z027
ENT_05346,SYN_058,Z027
ENT_05347,SYN_058,Z027
ENT_05348,SYN_058,Z027
ENT_05349,SYN_058,Z027
ENT_05350,SYN_058,Z027
ENT_05351,SYN_058,Z027
ENT_05352,SYN_058,Z027
ENT_05353,SYN_058,Z027
ENT_05354,SYN_058,Z027
ENT_05355,SYN_058,Z027
ENT_05356,SYN_058,Z027
ENT_05357,SYN_058,Z027
ENT_05358,SYN_058,Z027
ENT_05359,SYN_058,Z027
ENT_05360,SYN_058,Z027
ENT_05361,SYN_058,Z027
ENT_05362,SYN_058,Z027
ENT_05363,SYN_058,Z027
ENT_05364,SYN_058,Z027
ENT_05365,SYN_058,Z027
ENT_05366,SYN_058,Z027
ENT_05367,SYN_058,Z027
ENT_05368,SYN_058,Z027
ENT_05369,SYN_058,Z027
ENT_05370,SYN_058,Z027
ENT_05371,SYN_058,Z027
ENT_05372,SYN_058,Z027
ENT_05373,SYN_058,Z027
ENT_05374,SYN_058,Z027
ENT_05375,SYN_058,Z027
ENT_05376,SYN_058,Z027
ENT_05377,SYN_058,Z027
ENT_05378,SYN_058,Z027
ENT_05379,SYN_058,Z027
ENT_05380,SYN_058,Z027
ENT_05381,SYN_058,Z027
ENT_05382,SYN_058,Z027
ENT_05383,SYN_058,Z027
ENT_05384,SYN_058,Z027
ENT_05385,SYN_058,Z027
ENT_05386,SYN_058,Z027
ENT_05387,SYN_058,Z027
ENT_05388,SYN_058,Z027
ENT_05389,SYN_058,Z027
ENT_05390,SYN_058,Z027
ENT_05391,SYN_058,Z027
ENT_05392,SYN_058,Z027
ENT_05393,SYN_058,Z027
ENT_05394,SYN_058,Z027
ENT_05395,SYN_058,Z027
ENT_05396,SYN_058,Z027
ENT_05397,SYN_058,Z027
ENT_05398,SYN_058,Z027
ENT_05399,SYN_058,Z027
ENT_05400,SYN_058,Z027
ENT_05401,SYN_058,Z027
ENT_05402,SYN_058,Z027
ENT_05403,SYN_058,Z027
ENT_05404,SYN_058,Z027
ENT_05405,SYN_058,Z027
ENT_05406,SYN_058,Z027
ENT_05407,SYN_058,Z027
ENT_05408,SYN_058,Z027
ENT_05409,SYN_058,Z027
ENT_05410,SYN_058,Z027
ENT_05411,SYN_058,Z027
ENT_05412,SYN_058,Z027
ENT_05413,SYN_058,Z027
ENT_05414,SYN_058,Z027
ENT_05415,SYN_058,Z027
ENT_05416,SYN_058,Z027
ENT_05417,SYN_058,Z027
ENT_05418,SYN_058,Z027
ENT_05419,SYN_058,Z027
ENT_05420,SYN_058,Z027
ENT_05421,SYN_058,Z027
ENT_05422,SYN_058,Z027
ENT_05423,SYN_058,Z027
ENT_05424,SYN_058,Z027
ENT_05425,SYN_058,Z027
ENT_05426,SYN_058,Z027
ENT_05427,SYN_058,Z027
ENT_05428,SYN_058,Z027
ENT_05429,SYN_058,Z027
ENT_05430,SYN_058,Z027
ENT_05431,SYN_058,Z027
ENT_05432,SYN_058,Z027
ENT_05433,SYN_058,Z027
ENT_05434,SYN_058,Z027
ENT_05435,SYN_058,Z027
ENT_05436,SYN_058,Z027
ENT_05437,SYN_058,Z027
ENT_05438,SYN_058,Z027
ENT_05439,SYN_058,Z027
ENT_05440,SYN_058,Z027
ENT_05441,SYN_059,Z028
ENT_05442,SYN_059,Z028
ENT_05443,SYN_059,Z028
ENT_05444,SYN_059,Z028
ENT_05445,SYN_059,Z028
ENT_05446,SYN_059,Z028
ENT_05447,SYN_059,Z028
ENT_05448,SYN_059,Z028
ENT_05449,SYN_059,Z028
ENT_05450,SYN_059,Z028
ENT_05451,SYN_059,Z028
ENT_05452,SYN_059,Z028
ENT_05453,SYN_059,Z028
ENT_05454,SYN_059,Z028
ENT_05455,SYN_059,Z028
ENT_05456,SYN_059,Z028
ENT_05457,SYN_059,Z028
ENT_05458,SYN_059,Z028
ENT_05459,SYN_059,Z028
ENT_05460,SYN_059,Z028
ENT_05461,SYN_059,Z028
ENT_05462,SYN_059,Z028
ENT_05463,SYN_059,Z028
ENT_05464,SYN_059,Z028
ENT_05465,SYN_059,Z028
ENT_05466,SYN_059,Z028
ENT_05467,SYN_059,Z028
ENT_05468,SYN_059,Z028
ENT_05469,SYN_059,Z028
ENT_05470,SYN_059,Z028
ENT_05471,SYN_059,Z028
ENT_05472,SYN_059,Z028
ENT_05473,SYN_059,Z028
ENT_05474,SYN_059,Z028
ENT_05475,SYN_059,Z028
ENT_05476,SYN_059,Z028
ENT_05477,SYN_059,Z028
ENT_05478,SYN_059,Z028
ENT_05479,SYN_059,Z028
ENT_05480,SYN_059,Z028
ENT_05481,SYN_059,Z028
ENT_05482,SYN_059,Z028
ENT_05483,SYN_059,Z028
ENT_05484,SYN_059,Z028
ENT_05485,SYN_059,Z028
ENT_05486,SYN_059,Z028
ENT_05487,SYN_059,Z028
ENT_05488,SYN_059,Z028
ENT_05489,SYN_059,Z028
ENT_05490,SYN_059,Z028
ENT_05491,SYN_059,Z028
ENT_05492,SYN_059,Z028
ENT_05493,SYN_059,Z028
ENT_05494,SYN_059,Z028
ENT_05495,SYN_059,Z028
ENT_05496,SYN_059,Z028
ENT_05497,SYN_059,Z028
ENT_05498,SYN_059,Z028
ENT_05499,SYN_059,Z028
ENT_05500,SYN_059,Z028
ENT_05501,SYN_059,Z028
ENT_05502,SYN_059,Z028
ENT_05503,SYN_059,Z028
ENT_05504,SYN_059,Z028
ENT_05505,SYN_059,Z028
ENT_05506,SYN_059,Z028
ENT_05507,SYN_059,Z028
ENT_05508,SYN_059,Z028
ENT_05509,SYN_059,Z028
ENT_05510,SYN_059,Z028
ENT_05511,SYN_059,Z028
ENT_05512,SYN_059,Z028
ENT_05513,SYN_059,Z028
ENT_05514,SYN_059,Z028
ENT_05515,SYN_059,Z028
ENT_05516,SYN_059,Z028
ENT_05517,SYN_059,Z028
ENT_05518,SYN_059,Z028
ENT_05519,SYN_059,Z028
ENT_05520,SYN_059,Z028
ENT_05521,SYN_059,Z028
ENT_05522,SYN_059,Z028
ENT_05523,SYN_059,Z028
ENT_05524,SYN_059,Z028
ENT_05525,SYN_059,Z028
ENT_05526,SYN_059,Z028
ENT_05527,SYN_059,Z028
ENT_05528,SYN_059,Z028
ENT_05529,SYN_059,Z028
ENT_05530,SYN_059,Z028
ENT_05531,SYN_059,Z028
ENT_05532,SYN_059,Z028
ENT_05533,SYN_059,Z028
ENT_05534,SYN_059,Z028
ENT_05535,SYN_059,Z028
ENT_05536,SYN_059,Z028
ENT_05537,SYN_059,Z028
ENT_05538,SYN_059,Z028
ENT_05539,SYN_059,Z028
ENT_05540,SYN_059,Z028
ENT_05541,SYN_059,Z028
ENT_05542,SYN_059,Z028
ENT_05543,SYN_059,Z028
ENT_05544,SYN_059,Z028
ENT_05545,SYN_059,Z028
ENT_05546,SYN_059,Z028
ENT_05547,SYN_059,Z028
ENT_05548,SYN_059,Z028
ENT_05549,SYN_059,Z028
ENT_05550,SYN_059,Z028
ENT_05551,SYN_059,Z028
ENT_05552,SYN_059,Z028
ENT_05553,SYN_059,Z028
ENT_05554,SYN_059,Z028
ENT_05555,SYN_059,Z028
ENT_05556,SYN_059,Z028
ENT_05557,SYN_059,Z028
ENT_05558,SYN_059,Z028
ENT_05559,SYN_059,Z028
ENT_05560,SYN_059,Z028
ENT_05561,SYN_059,Z028
ENT_05562,SYN_059,Z028
ENT_05563,SYN_059,Z028
ENT_05564,SYN_059,Z028
ENT_05565,SYN_059,Z028
ENT_05566,SYN_059,Z028
ENT_05567,SYN_059,Z028
ENT_05568,SYN_059,Z028
ENT_05569,SYN_059,Z028
ENT_05570,SYN_059,Z028
ENT_05571,SYN_059,Z028
ENT_05572,SYN_059,Z028
ENT_05573,SYN_059,Z028
ENT_05574,SYN_059,Z028
ENT_05575,SYN_060,Z062
ENT_05576,SYN_060,Z059
ENT_05577,SYN_060,Z059
ENT_05578,SYN_060,Z059
ENT_05579,SYN_060,Z059
ENT_05580,SYN_060,Z059
ENT_05581,SYN_060,Z059
ENT_05582,SYN_060,Z059
ENT_05583,SYN_060,Z062
ENT_05584,SYN_060,Z062
ENT_05585,SYN_060,Z062
ENT_05586,SYN_060,Z059
ENT_05587,SYN_060,Z062
ENT_05588,SYN_060,Z059
ENT_05589,SYN_060,Z059
ENT_05590,SYN_060,Z062
ENT_05591,SYN_060,Z059
ENT_05592,SYN_060,Z062
ENT_05593,SYN_060,Z062
ENT_05594,SYN_060,Z059
ENT_05595,SYN_060,Z059
ENT_05596,SYN_060,Z062
ENT_05597,SYN_060,Z059
ENT_05598,SYN_060,Z059
ENT_05599,SYN_060,Z059
ENT_05600,SYN_060,Z059
ENT_05601,SYN_060,Z059
ENT_05602,SYN_060,Z062
ENT_05603,SYN_060,Z059
ENT_05604,SYN_060,Z062
ENT_05605,SYN_060,Z059
ENT_05606,SYN_060,Z059
ENT_05607,SYN_060,Z062
ENT_05608,SYN_060,Z059
ENT_05609,SYN_060,Z062
ENT_05610,SYN_060,Z062
ENT_05611,SYN_060,Z059
ENT_05612,SYN_060,Z059
ENT_05613,SYN_060,Z062
ENT_05614,SYN_060,Z062
ENT_05615,SYN_060,Z059
ENT_05616,SYN_060,Z059
ENT_05617,SYN_060,Z059
ENT_05618,SYN_060,Z059
ENT_05619,SYN_060,Z062
ENT_05620,SYN_060,Z059
ENT_05621,SYN_060,Z062
ENT_05622,SYN_060,Z062
ENT_05623,SYN_060,Z062
ENT_05624,SYN_060,Z059
ENT_05625,SYN_060,Z059
ENT_05626,SYN_060,Z062
ENT_05627,SYN_060,Z062
ENT_05628,SYN_060,Z059
ENT_05629,SYN_060,Z062
ENT_05630,SYN_060,Z062
ENT_05631,SYN_060,Z059
ENT_05632,SYN_060,Z062
ENT_05633,SYN_060,Z059
ENT_05634,SYN_061,Z040
ENT_05635,SYN_061,Z041
ENT_05636,SYN_061,Z044
ENT_05637,SYN_061,Z041
ENT_05638,SYN_061,Z040
ENT_05639,SYN_061,Z044
ENT_05640,SYN_061,Z041
ENT_05641,SYN_061,Z040
ENT_05642,SYN_061,Z044
ENT_05643,SYN_061,Z044
ENT_05644,SYN_061,Z044
ENT_05645,SYN_061,Z040
ENT_05646,SYN_061,Z040
ENT_05647,SYN_061,Z040
ENT_05648,SYN_061,Z041
ENT_05649,SYN_061,Z040
ENT_05650,SYN_061,Z044
ENT_05651,SYN_061,Z044
ENT_05652,SYN_061,Z041
ENT_05653,SYN_061,Z040
ENT_05654,SYN_061,Z040
ENT_05655,SYN_061,Z041
ENT_05656,SYN_061,Z041
ENT_05657,SYN_061,Z040
ENT_05658,SYN_061,Z041
ENT_05659,SYN_061,Z040
ENT_05660,SYN_061,Z040
ENT_05661,SYN_061,Z040
ENT_05662,SYN_061,Z044
ENT_05663,SYN_061,Z041
ENT_05664,SYN_061,Z040
ENT_05665,SYN_061,Z040
ENT_05666,SYN_061,Z044
ENT_05667,SYN_061,Z044
ENT_05668,SYN_061,Z040
ENT_05669,SYN_061,Z044
ENT_05670,SYN_061,Z041
ENT_05671,SYN_061,Z040
ENT_05672,SYN_061,Z041
ENT_05673,SYN_061,Z044
ENT_05674,SYN_061,Z044
ENT_05675,SYN_061,Z044
ENT_05676,SYN_061,Z041
ENT_05677,SYN_061,Z044
ENT_05678,SYN_061,Z041
ENT_05679,SYN_061,Z044
ENT_05680,SYN_061,Z040
ENT_05681,SYN_061,Z040
ENT_05682,SYN_061,Z044
ENT_05683,SYN_061,Z041
ENT_05684,SYN_061,Z044
ENT_05685,SYN_061,Z044
ENT_05686,SYN_061,Z040
ENT_05687,SYN_061,Z041
ENT_05688,SYN_061,Z040
ENT_05689,SYN_061,Z041
ENT_05690,SYN_061,Z044
ENT_05691,SYN_061,Z044
ENT_05692,SYN_061,Z040
ENT_05693,SYN_061,Z040
ENT_05694,SYN_061,Z041
ENT_05695,SYN_061,Z040
ENT_05696,SYN_061,Z041
ENT_05697,SYN_061,Z040
ENT_05698,SYN_061,Z041
ENT_05699,SYN_061,Z044
ENT_05700,SYN_061,Z040
ENT_05701,SYN_061,Z044
ENT_05702,SYN_061,Z044
ENT_05703,SYN_061,Z040
ENT_05704,SYN_061,Z044
ENT_05705,SYN_061,Z041
ENT_05706,SYN_061,Z044
ENT_05707,SYN_061,Z040
ENT_05708,SYN_061,Z044
ENT_05709,SYN_061,Z041
ENT_05710,SYN_061,Z040
ENT_05711,SYN_061,Z040
ENT_05712,SYN_061,Z040
ENT_05713,SYN_061,Z040
ENT_05714,SYN_061,Z044
ENT_05715,SYN_061,Z044
ENT_05716,SYN_061,Z040
ENT_05717,SYN_061,Z041
ENT_05718,SYN_061,Z041
ENT_05719,SYN_061,Z041
ENT_05720,SYN_061,Z041
ENT_05721,SYN_061,Z041
ENT_05722,SYN_061,Z044
ENT_05723,SYN_061,Z041
ENT_05724,SYN_061,Z044
ENT_05725,SYN_061,Z040
ENT_05726,SYN_061,Z044
ENT_05727,SYN_061,Z041
ENT_05728,SYN_061,Z041
ENT_05729,SYN_061,Z040
ENT_05730,SYN_061,Z040
ENT_05731,SYN_061,Z041
ENT_05732,SYN_061,Z044
ENT_05733,SYN_061,Z044
ENT_05734,SYN_061,Z044
ENT_05735,SYN_061,Z044
ENT_05736,SYN_061,Z041
ENT_05737,SYN_061,Z041
ENT_05738,SYN_061,Z040
ENT_05739,SYN_061,Z044
ENT_05740,SYN_061,Z040
ENT_05741,SYN_061,Z044
ENT_05742,SYN_061,Z044
ENT_05743,SYN_061,Z044
ENT_05744,SYN_061,Z040
ENT_05745,SYN_061,Z044
ENT_05746,SYN_061,Z044
ENT_05747,SYN_061,Z040
ENT_05748,SYN_061,Z044
ENT_05749,SYN_061,Z044
ENT_05750,SYN_061,Z040
ENT_05751,SYN_061,Z041
ENT_05752,SYN_062,Z013
ENT_05753,SYN_062,Z013
ENT_05754,SYN_062,Z013
ENT_05755,SYN_062,Z013
ENT_05756,SYN_062,Z013
ENT_05757,SYN_062,Z013
ENT_05758,SYN_062,Z013
ENT_05759,SYN_062,Z013
ENT_05760,SYN_062,Z013
ENT_05761,SYN_062,Z013
ENT_05762,SYN_062,Z013
ENT_05763,SYN_062,Z013
ENT_05764,SYN_062,Z013
ENT_05765,SYN_062,Z013
ENT_05766,SYN_062,Z013
ENT_05767,SYN_062,Z013
ENT_05768,SYN_062,Z013
ENT_05769,SYN_062,Z013
ENT_05770,SYN_062,Z013
ENT_05771,SYN_062,Z013
ENT_05772,SYN_062,Z013
ENT_05773,SYN_062,Z013
ENT_05774,SYN_062,Z013
ENT_05775,SYN_062,Z013
ENT_05776,SYN_062,Z013
ENT_05777,SYN_062,Z013
ENT_05778,SYN_062,Z013
ENT_05779,SYN_062,Z013
ENT_05780,SYN_062,Z013
ENT_05781,SYN_062,Z013
ENT_05782,SYN_062,Z013
ENT_05783,SYN_062,Z013
ENT_05784,SYN_062,Z013
ENT_05785,SYN_062,Z013
ENT_05786,SYN_062,Z013
ENT_05787,SYN_062,Z013
ENT_05788,SYN_062,Z013
ENT_05789,SYN_062,Z013
ENT_05790,SYN_063,Z015
ENT_05791,SYN_063,Z015
ENT_05792,SYN_063,Z015
ENT_05793,SYN_063,Z015
ENT_05794,SYN_063,Z015
ENT_05795,SYN_063,Z015
ENT_05796,SYN_063,Z015
ENT_05797,SYN_063,Z015
ENT_05798,SYN_063,Z015
ENT_05799,SYN_063,Z015
ENT_05800,SYN_063,Z015
ENT_05801,SYN_063,Z015
ENT_05802,SYN_063,Z015
ENT_05803,SYN_063,Z015
ENT_05804,SYN_063,Z015
ENT_05805,SYN_063,Z015
ENT_05806,SYN_063,Z015
ENT_05807,SYN_063,Z015
ENT_05808,SYN_063,Z015
ENT_05809,SYN_063,Z015
ENT_05810,SYN_063,Z015
ENT_05811,SYN_063,Z015
ENT_05812,SYN_063,Z015
ENT_05813,SYN_063,Z015
ENT_05814,SYN_063,Z015
ENT_05815,SYN_063,Z015
ENT_05816,SYN_063,Z015
ENT_05817,SYN_063,Z015
ENT_05818,SYN_063,Z015
ENT_05819,SYN_063,Z015
ENT_05820,SYN_063,Z015
ENT_05821,SYN_063,Z015
ENT_05822,SYN_063,Z015
ENT_05823,SYN_063,Z015
ENT_05824,SYN_063,Z015
ENT_05825,SYN_063,Z015
ENT_05826,SYN_063,Z015
ENT_05827,SYN_063,Z015
ENT_05828,SYN_063,Z015
ENT_05829,SYN_063,Z015
ENT_05830,SYN_063,Z015
ENT_05831,SYN_063,Z015
ENT_05832,SYN_063,Z015
ENT_05833,SYN_063,Z015
ENT_05834,SYN_063,Z015
ENT_05835,SYN_063,Z015
ENT_05836,SYN_063,Z015
ENT_05837,SYN_063,Z015
ENT_05838,SYN_063,Z015
ENT_05839,SYN_063,Z015
ENT_05840,SYN_063,Z015
ENT_05841,SYN_063,Z015
ENT_05842,SYN_063,Z015
ENT_05843,SYN_063,Z015
ENT_05844,SYN_063,Z015
ENT_05845,SYN_063,Z015
ENT_05846,SYN_063,Z015
ENT_05847,SYN_063,Z015
ENT_05848,SYN_063,Z015
ENT_05849,SYN_063,Z015
ENT_05850,SYN_063,Z015
ENT_05851,SYN_063,Z015
ENT_05852,SYN_063,Z015
ENT_05853,SYN_063,Z015
ENT_05854,SYN_063,Z015
ENT_05855,SYN_063,Z015
ENT_05856,SYN_063,Z015
ENT_05857,SYN_063,Z015
ENT_05858,SYN_063,Z015
ENT_05859,SYN_063,Z015
ENT_05860,SYN_063,Z015
ENT_05861,SYN_063,Z015
ENT_05862,SYN_063,Z015
ENT_05863,SYN_063,Z015
ENT_05864,SYN_063,Z015
ENT_05865,SYN_063,Z015
ENT_05866,SYN_063,Z015
ENT_05867,SYN_063,Z015
ENT_05868,SYN_063,Z015
ENT_05869,SYN_063,Z015
ENT_05870,SYN_063,Z015
ENT_05871,SYN_063,Z015
ENT_05872,SYN_063,Z015
ENT_05873,SYN_063,Z015
ENT_05874,SYN_063,Z015
ENT_05875,SYN_063,Z015
ENT_05876,SYN_063,Z015
ENT_05877,SYN_063,Z015
ENT_05878,SYN_063,Z015
ENT_05879,SYN_063,Z015
ENT_05880,SYN_063,Z015
ENT_05881,SYN_064,Z004
ENT_05882,SYN_064,Z026
ENT_05883,SYN_064,Z026
ENT_05884,SYN_064,Z004
ENT_05885,SYN_064,Z026
ENT_05886,SYN_064,Z026
ENT_05887,SYN_064,Z004
ENT_05888,SYN_064,Z004
ENT_05889,SYN_064,Z004
ENT_05890,SYN_064,Z026
ENT_05891,SYN_064,Z004
ENT_05892,SYN_064,Z004
ENT_05893,SYN_064,Z026
ENT_05894,SYN_064,Z026
ENT_05895,SYN_064,Z004
ENT_05896,SYN_064,Z026
ENT_05897,SYN_064,Z004
ENT_05898,SYN_064,Z026
ENT_05899,SYN_064,Z004
ENT_05900,SYN_064,Z026
ENT_05901,SYN_064,Z026
ENT_05902,SYN_064,Z004
ENT_05903,SYN_064,Z026
ENT_05904,SYN_064,Z026
ENT_05905,SYN_064,Z004
ENT_05906,SYN_064,Z026
ENT_05907,SYN_064,Z026
ENT_05908,SYN_064,Z004
ENT_05909,SYN_064,Z004
ENT_05910,SYN_064,Z026
ENT_05911,SYN_064,Z026
ENT_05912,SYN_064,Z004
ENT_05913,SYN_064,Z004
ENT_05914,SYN_064,Z004
ENT_05915,SYN_064,Z026
ENT_05916,SYN_064,Z004
ENT_05917,SYN_064,Z026
ENT_05918,SYN_064,Z026
ENT_05919,SYN_064,Z004
ENT_05920,SYN_064,Z004
ENT_05921,SYN_064,Z004
ENT_05922,SYN_064,Z026
ENT_05923,SYN_065,Z016
ENT_05924,SYN_065,Z016
ENT_05925,SYN_065,Z015
ENT_05926,SYN_065,Z016
ENT_05927,SYN_065,Z016
ENT_05928,SYN_065,Z015
ENT_05929,SYN_065,Z015
ENT_05930,SYN_065,Z015
ENT_05931,SYN_065,Z016
ENT_05932,SYN_065,Z015
ENT_05933,SYN_065,Z016
ENT_05934,SYN_065,Z016
ENT_05935,SYN_065,Z016
ENT_05936,SYN_065,Z016
ENT_05937,SYN_065,Z016
ENT_05938,SYN_065,Z016
ENT_05939,SYN_065,Z015
ENT_05940,SYN_065,Z015
ENT_05941,SYN_065,Z016
ENT_05942,SYN_065,Z016
ENT_05943,SYN_065,Z015
ENT_05944,SYN_065,Z015
ENT_05945,SYN_065,Z015
ENT_05946,SYN_065,Z016
ENT_05947,SYN_065,Z016
ENT_05948,SYN_065,Z015
ENT_05949,SYN_065,Z016
ENT_05950,SYN_065,Z015
ENT_05951,SYN_065,Z015
ENT_05952,SYN_065,Z016
ENT_05953,SYN_065,Z015
ENT_05954,SYN_065,Z016
ENT_05955,SYN_065,Z015
ENT_05956,SYN_065,Z016
ENT_05957,SYN_065,Z015
ENT_05958,SYN_065,Z015
ENT_05959,SYN_065,Z015
ENT_05960,SYN_065,Z015
ENT_05961,SYN_065,Z015
ENT_05962,SYN_065,Z016
ENT_05963,SYN_065,Z015
ENT_05964,SYN_065,Z016
ENT_05965,SYN_065,Z016
ENT_05966,SYN_065,Z015
ENT_05967,SYN_065,Z016
ENT_05968,SYN_065,Z015
ENT_05969,SYN_065,Z015
ENT_05970,SYN_065,Z015
ENT_05971,SYN_065,Z016
ENT_05972,SYN_065,Z016
ENT_05973,SYN_065,Z016
ENT_05974,SYN_065,Z015
ENT_05975,SYN_065,Z015
ENT_05976,SYN_065,Z016
ENT_05977,SYN_065,Z015
ENT_05978,SYN_065,Z015
ENT_05979,SYN_065,Z016
ENT_05980,SYN_065,Z015
ENT_05981,SYN_065,Z015
ENT_05982,SYN_065,Z015
ENT_05983,SYN_065,Z015
ENT_05984,SYN_065,Z016
ENT_05985,SYN_065,Z016
ENT_05986,SYN_065,Z015
ENT_05987,SYN_065,Z016
ENT_05988,SYN_065,Z016
ENT_05989,SYN_065,Z015
ENT_05990,SYN_065,Z016
ENT_05991,SYN_065,Z016
ENT_05992,SYN_065,Z015
ENT_05993,SYN_065,Z015
ENT_05994,SYN_065,Z015
ENT_05995,SYN_065,Z015
ENT_05996,SYN_065,Z015
ENT_05997,SYN_065,Z016
ENT_05998,SYN_065,Z016
ENT_05999,SYN_065,Z015
ENT_06000,SYN_065,Z015
ENT_06001,SYN_065,Z016
ENT_06002,SYN_065,Z015
ENT_06003,SYN_065,Z015
ENT_06004,SYN_066,Z029
ENT_06005,SYN_066,Z029
ENT_06006,SYN_066,Z044
ENT_06007,SYN_066,Z043
ENT_06008,SYN_066,Z043
ENT_06009,SYN_066,Z044
ENT_06010,SYN_066,Z043
ENT_06011,SYN_066,Z029
ENT_06012,SYN_066,Z044
ENT_06013,SYN_066,Z044
ENT_06014,SYN_066,Z043
ENT_06015,SYN_066,Z043
ENT_06016,SYN_066,Z029
ENT_06017,SYN_066,Z044
ENT_06018,SYN_066,Z043
ENT_06019,SYN_066,Z043
ENT_06020,SYN_066,Z043
ENT_06021,SYN_066,Z043
ENT_06022,SYN_066,Z043
ENT_06023,SYN_066,Z043
ENT_06024,SYN_066,Z043
ENT_06025,SYN_066,Z043
ENT_06026,SYN_066,Z044
ENT_06027,SYN_066,Z044
ENT_06028,SYN_066,Z029
ENT_06029,SYN_066,Z043
ENT_06030,SYN_066,Z044
ENT_06031,SYN_066,Z043
ENT_06032,SYN_066,Z029
ENT_06033,SYN_066,Z029
ENT_06034,SYN_066,Z029
ENT_06035,SYN_066,Z043
ENT_06036,SYN_066,Z043
ENT_06037,SYN_066,Z044
ENT_06038,SYN_066,Z043
ENT_06039,SYN_066,Z043
ENT_06040,SYN_066,Z044
ENT_06041,SYN_066,Z029
ENT_06042,SYN_066,Z043
ENT_06043,SYN_066,Z029
ENT_06044,SYN_066,Z043
ENT_06045,SYN_066,Z044
ENT_06046,SYN_066,Z043
ENT_06047,SYN_066,Z044
ENT_06048,SYN_066,Z044
ENT_06049,SYN_066,Z043
ENT_06050,SYN_066,Z044
ENT_06051,SYN_066,Z029
ENT_06052,SYN_066,Z029
ENT_06053,SYN_066,Z029
ENT_06054,SYN_066,Z029
ENT_06055,SYN_066,Z029
ENT_06056,SYN_066,Z029
ENT_06057,SYN_066,Z043
ENT_06058,SYN_066,Z029
ENT_06059,SYN_066,Z029
ENT_06060,SYN_066,Z044
ENT_06061,SYN_067,Z002
ENT_06062,SYN_067,Z002
ENT_06063,SYN_067,Z002
ENT_06064,SYN_067,Z002
ENT_06065,SYN_067,Z054
ENT_06066,SYN_067,Z021
ENT_06067,SYN_067,Z021
ENT_06068,SYN_067,Z021
ENT_06069,SYN_067,Z054
ENT_06070,SYN_067,Z021
ENT_06071,SYN_067,Z021
ENT_06072,SYN_067,Z002
ENT_06073,SYN_067,Z054
ENT_06074,SYN_067,Z002
ENT_06075,SYN_067,Z021
ENT_06076,SYN_067,Z002
ENT_06077,SYN_067,Z054
ENT_06078,SYN_067,Z002
ENT_06079,SYN_067,Z002
ENT_06080,SYN_067,Z002
ENT_06081,SYN_067,Z002
ENT_06082,SYN_067,Z021
ENT_06083,SYN_067,Z021
ENT_06084,SYN_067,Z054
ENT_06085,SYN_067,Z054
ENT_06086,SYN_067,Z002
ENT_06087,SYN_067,Z054
ENT_06088,SYN_067,Z021
ENT_06089,SYN_067,Z054
ENT_06090,SYN_067,Z002
ENT_06091,SYN_067,Z021
ENT_06092,SYN_067,Z002
ENT_06093,SYN_067,Z054
ENT_06094,SYN_067,Z002
ENT_06095,SYN_067,Z021
ENT_06096,SYN_067,Z021
ENT_06097,SYN_067,Z021
ENT_06098,SYN_067,Z002
ENT_06099,SYN_067,Z002
ENT_06100,SYN_067,Z021
ENT_06101,SYN_067,Z054
ENT_06102,SYN_067,Z021
ENT_06103,SYN_067,Z054
ENT_06104,SYN_067,Z021
ENT_06105,SYN_067,Z002
ENT_06106,SYN_067,Z021
ENT_06107,SYN_067,Z054
ENT_06108,SYN_067,Z021
ENT_06109,SYN_067,Z054
ENT_06110,SYN_067,Z054
ENT_06111,SYN_067,Z054
ENT_06112,SYN_067,Z021
ENT_06113,SYN_067,Z002
ENT_06114,SYN_067,Z021
ENT_06115,SYN_067,Z002
ENT_06116,SYN_067,Z002
ENT_06117,SYN_067,Z054
ENT_06118,SYN_067,Z054
ENT_06119,SYN_067,Z054
ENT_06120,SYN_067,Z002
ENT_06121,SYN_067,Z021
ENT_06122,SYN_067,Z002
ENT_06123,SYN_067,Z002
ENT_06124,SYN_067,Z054
ENT_06125,SYN_067,Z002
ENT_06126,SYN_067,Z002
ENT_06127,SYN_067,Z054
ENT_06128,SYN_067,Z021
ENT_06129,SYN_067,Z002
ENT_06130,SYN_067,Z002
ENT_06131,SYN_067,Z054
ENT_06132,SYN_067,Z002
ENT_06133,SYN_067,Z054
ENT_06134,SYN_067,Z021
ENT_06135,SYN_067,Z002
ENT_06136,SYN_067,Z002
ENT_06137,SYN_067,Z054
ENT_06138,SYN_067,Z021
ENT_06139,SYN_067,Z002
ENT_06140,SYN_067,Z002
ENT_06141,SYN_067,Z054
ENT_06142,SYN_067,Z002
ENT_06143,SYN_067,Z021
ENT_06144,SYN_067,Z002
ENT_06145,SYN_067,Z002
ENT_06146,SYN_067,Z002
ENT_06147,SYN_067,Z054
ENT_06148,SYN_067,Z002
ENT_06149,SYN_067,Z021
ENT_06150,SYN_067,Z054
ENT_06151,SYN_067,Z021
ENT_06152,SYN_067,Z002
ENT_06153,SYN_067,Z002
ENT_06154,SYN_067,Z021
ENT_06155,SYN_067,Z054
ENT_06156,SYN_067,Z002
ENT_06157,SYN_067,Z002
ENT_06158,SYN_067,Z021
ENT_06159,SYN_067,Z002
ENT_06160,SYN_067,Z021
ENT_06161,SYN_067,Z021
ENT_06162,SYN_067,Z021
ENT_06163,SYN_067,Z021
ENT_06164,SYN_067,Z021
ENT_06165,SYN_067,Z002
ENT_06166,SYN_067,Z002
ENT_06167,SYN_067,Z021
ENT_06168,SYN_067,Z054
ENT_06169,SYN_067,Z002
ENT_06170,SYN_067,Z021
ENT_06171,SYN_067,Z021
ENT_06172,SYN_067,Z054
ENT_06173,SYN_067,Z021
ENT_06174,SYN_067,Z054
ENT_06175,SYN_067,Z054
ENT_06176,SYN_067,Z021
ENT_06177,SYN_067,Z002
ENT_06178,SYN_067,Z021
ENT_06179,SYN_067,Z002
ENT_06180,SYN_067,Z021
ENT_06181,SYN_067,Z054
ENT_06182,SYN_067,Z002
ENT_06183,SYN_067,Z054
ENT_06184,SYN_067,Z054
ENT_06185,SYN_067,Z002
ENT_06186,SYN_067,Z054
ENT_06187,SYN_067,Z021
ENT_06188,SYN_067,Z054
ENT_06189,SYN_067,Z002
ENT_06190,SYN_067,Z002
ENT_06191,SYN_067,Z021
ENT_06192,SYN_067,Z002
ENT_06193,SYN_067,Z002
ENT_06194,SYN_067,Z021
ENT_06195,SYN_067,Z054
ENT_06196,SYN_067,Z021
ENT_06197,SYN_067,Z054
ENT_06198,SYN_068,Z015
ENT_06199,SYN_068,Z016
ENT_06200,SYN_068,Z015
ENT_06201,SYN_068,Z015
ENT_06202,SYN_068,Z015
ENT_06203,SYN_068,Z015
ENT_06204,SYN_068,Z016
ENT_06205,SYN_068,Z016
ENT_06206,SYN_068,Z016
ENT_06207,SYN_068,Z015
ENT_06208,SYN_068,Z015
ENT_06209,SYN_068,Z015
ENT_06210,SYN_068,Z016
ENT_06211,SYN_068,Z015
ENT_06212,SYN_068,Z015
ENT_06213,SYN_068,Z016
ENT_06214,SYN_068,Z016
ENT_06215,SYN_068,Z015
ENT_06216,SYN_068,Z015
ENT_06217,SYN_068,Z016
ENT_06218,SYN_068,Z016
ENT_06219,SYN_068,Z015
ENT_06220,SYN_068,Z016
ENT_06221,SYN_068,Z015
ENT_06222,SYN_068,Z016
ENT_06223,SYN_068,Z016
ENT_06224,SYN_068,Z016
ENT_06225,SYN_068,Z016
ENT_06226,SYN_068,Z016
ENT_06227,SYN_068,Z016
ENT_06228,SYN_068,Z015
ENT_06229,SYN_068,Z015
ENT_06230,SYN_068,Z016
ENT_06231,SYN_068,Z016
ENT_06232,SYN_068,Z015
ENT_06233,SYN_068,Z015
ENT_06234,SYN_069,Z015
ENT_06235,SYN_069,Z015
ENT_06236,SYN_069,Z015
ENT_06237,SYN_069,Z015
ENT_06238,SYN_069,Z016
ENT_06239,SYN_069,Z015
ENT_06240,SYN_069,Z016
ENT_06241,SYN_069,Z015
ENT_06242,SYN_069,Z016
ENT_06243,SYN_069,Z016
ENT_06244,SYN_069,Z016
ENT_06245,SYN_069,Z016
ENT_06246,SYN_069,Z015
ENT_06247,SYN_069,Z016
ENT_06248,SYN_069,Z015
ENT_06249,SYN_069,Z016
ENT_06250,SYN_069,Z016
ENT_06251,SYN_069,Z016
ENT_06252,SYN_069,Z016
ENT_06253,SYN_069,Z016
ENT_06254,SYN_069,Z015
ENT_06255,SYN_069,Z015
ENT_06256,SYN_069,Z016
ENT_06257,SYN_069,Z016
ENT_06258,SYN_069,Z015
ENT_06259,SYN_069,Z016
ENT_06260,SYN_069,Z015
ENT_06261,SYN_069,Z016
ENT_06262,SYN_069,Z016
ENT_06263,SYN_069,Z016
ENT_06264,SYN_069,Z016
ENT_06265,SYN_069,Z016
ENT_06266,SYN_069,Z016
ENT_06267,SYN_069,Z016
ENT_06268,SYN_069,Z016
ENT_06269,SYN_069,Z016
ENT_06270,SYN_069,Z016
ENT_06271,SYN_069,Z015
ENT_06272,SYN_069,Z016
ENT_06273,SYN_069,Z016
ENT_06274,SYN_069,Z015
ENT_06275,SYN_069,Z016
ENT_06276,SYN_069,Z016
ENT_06277,SYN_069,Z016
ENT_06278,SYN_069,Z016
ENT_06279,SYN_069,Z016
ENT_06280,SYN_069,Z015
ENT_06281,SYN_069,Z015
ENT_06282,SYN_069,Z016
ENT_06283,SYN_069,Z015
ENT_06284,SYN_069,Z016
ENT_06285,SYN_069,Z016
ENT_06286,SYN_069,Z015
ENT_06287,SYN_069,Z015
ENT_06288,SYN_069,Z015
ENT_06289,SYN_069,Z016
ENT_06290,SYN_069,Z015
ENT_06291,SYN_069,Z016
ENT_06292,SYN_069,Z016
ENT_06293,SYN_069,Z015
ENT_06294,SYN_069,Z015
ENT_06295,SYN_069,Z015
ENT_06296,SYN_069,Z015
ENT_06297,SYN_069,Z015
ENT_06298,SYN_069,Z015
ENT_06299,SYN_069,Z015
ENT_06300,SYN_069,Z016
ENT_06301,SYN_069,Z016
ENT_06302,SYN_069,Z016
ENT_06303,SYN_069,Z015
ENT_06304,SYN_069,Z016
ENT_06305,SYN_069,Z016
ENT_06306,SYN_069,Z015
ENT_06307,SYN_069,Z015
ENT_06308,SYN_069,Z015
ENT_06309,SYN_069,Z015
ENT_06310,SYN_069,Z016
ENT_06311,SYN_069,Z015
ENT_06312,SYN_069,Z016
ENT_06313,SYN_069,Z015
ENT_06314,SYN_069,Z016
ENT_06315,SYN_069,Z015
ENT_06316,SYN_069,Z016
ENT_06317,SYN_069,Z016
ENT_06318,SYN_069,Z015
ENT_06319,SYN_069,Z016
ENT_06320,SYN_069,Z016
ENT_06321,SYN_069,Z015
ENT_06322,SYN_069,Z015
ENT_06323,SYN_069,Z015
ENT_06324,SYN_069,Z016
ENT_06325,SYN_069,Z015
ENT_06326,SYN_069,Z016
ENT_06327,SYN_069,Z016
ENT_06328,SYN_069,Z015
ENT_06329,SYN_069,Z015
ENT_06330,SYN_070,Z022
ENT_06331,SYN_070,Z022
ENT_06332,SYN_070,Z022
ENT_06333,SYN_070,Z022
ENT_06334,SYN_070,Z022
ENT_06335,SYN_070,Z022
ENT_06336,SYN_070,Z022
ENT_06337,SYN_070,Z022
ENT_06338,SYN_070,Z022
ENT_06339,SYN_070,Z022
ENT_06340,SYN_070,Z022
ENT_06341,SYN_070,Z022
ENT_06342,SYN_070,Z022
ENT_06343,SYN_070,Z022
ENT_06344,SYN_070,Z022
ENT_06345,SYN_070,Z022
ENT_06346,SYN_070,Z022
ENT_06347,SYN_070,Z022
ENT_06348,SYN_070,Z022
ENT_06349,SYN_070,Z022
ENT_06350,SYN_070,Z022
ENT_06351,SYN_071,Z002
ENT_06352,SYN_071,Z002
ENT_06353,SYN_071,Z002
ENT_06354,SYN_071,Z002
ENT_06355,SYN_071,Z002
ENT_06356,SYN_071,Z002
ENT_06357,SYN_071,Z002
ENT_06358,SYN_071,Z002
ENT_06359,SYN_071,Z002
ENT_06360,SYN_071,Z002
ENT_06361,SYN_071,Z002
ENT_06362,SYN_071,Z002
ENT_06363,SYN_071,Z002
ENT_06364,SYN_071,Z002
ENT_06365,SYN_071,Z002
ENT_06366,SYN_071,Z002
ENT_06367,SYN_071,Z002
ENT_06368,SYN_071,Z002
ENT_06369,SYN_071,Z002
ENT_06370,SYN_071,Z002
ENT_06371,SYN_071,Z002
ENT_06372,SYN_071,Z002
ENT_06373,SYN_071,Z002
ENT_06374,SYN_071,Z002
ENT_06375,SYN_071,Z002
ENT_06376,SYN_071,Z002
ENT_06377,SYN_071,Z002
ENT_06378,SYN_071,Z002
ENT_06379,SYN_071,Z002
ENT_06380,SYN_071,Z002
ENT_06381,SYN_071,Z002
ENT_06382,SYN_071,Z002
ENT_06383,SYN_071,Z002
ENT_06384,SYN_071,Z002
ENT_06385,SYN_071,Z002
ENT_06386,SYN_071,Z002
ENT_06387,SYN_071,Z002
ENT_06388,SYN_071,Z002
ENT_06389,SYN_071,Z002
ENT_06390,SYN_071,Z002
ENT_06391,SYN_071,Z002
ENT_06392,SYN_071,Z002
ENT_06393,SYN_071,Z002
ENT_06394,SYN_071,Z002
ENT_06395,SYN_071,Z002
ENT_06396,SYN_071,Z002
ENT_06397,SYN_071,Z002
ENT_06398,SYN_071,Z002
ENT_06399,SYN_071,Z002
ENT_06400,SYN_071,Z002
ENT_06401,SYN_071,Z002
ENT_06402,SYN_071,Z002
ENT_06403,SYN_071,Z002
ENT_06404,SYN_071,Z002
ENT_06405,SYN_071,Z002
ENT_06406,SYN_071,Z002
ENT_06407,SYN_071,Z002
ENT_06408,SYN_071,Z002
ENT_06409,SYN_071,Z002
ENT_06410,SYN_071,Z002
ENT_06411,SYN_071,Z002
ENT_06412,SYN_071,Z002
ENT_06413,SYN_071,Z002
ENT_06414,SYN_071,Z002
ENT_06415,SYN_071,Z002
ENT_06416,SYN_071,Z002
ENT_06417,SYN_071,Z002
ENT_06418,SYN_071,Z002
ENT_06419,SYN_071,Z002
ENT_06420,SYN_071,Z002
ENT_06421,SYN_071,Z002
ENT_06422,SYN_071,Z002
ENT_06423,SYN_071,Z002
ENT_06424,SYN_071,Z002
ENT_06425,SYN_071,Z002
ENT_06426,SYN_071,Z002
ENT_06427,SYN_071,Z002
ENT_06428,SYN_071,Z002
ENT_06429,SYN_071,Z002
ENT_06430,SYN_071,Z002
ENT_06431,SYN_071,Z002
ENT_06432,SYN_071,Z002
ENT_06433,SYN_071,Z002
ENT_06434,SYN_071,Z002
ENT_06435,SYN_071,Z002
ENT_06436,SYN_071,Z002
ENT_06437,SYN_071,Z002
ENT_06438,SYN_071,Z002
ENT_06439,SYN_071,Z002
ENT_06440,SYN_071,Z002
ENT_06441,SYN_071,Z002
ENT_06442,SYN_071,Z002
ENT_06443,SYN_071,Z002
ENT_06444,SYN_071,Z002
ENT_06445,SYN_071,Z002
ENT_06446,SYN_071,Z002
ENT_06447,SYN_071,Z002
ENT_06448,SYN_071,Z002
ENT_06449,SYN_071,Z002
ENT_06450,SYN_071,Z002
ENT_06451,SYN_071,Z002
ENT_06452,SYN_071,Z002
ENT_06453,SYN_071,Z002
ENT_06454,SYN_071,Z002
ENT_06455,SYN_071,Z002
ENT_06456,SYN_071,Z002
ENT_06457,SYN_071,Z002
ENT_06458,SYN_071,Z002
ENT_06459,SYN_071,Z002
ENT_06460,SYN_071,Z002
ENT_06461,SYN_071,Z002
ENT_06462,SYN_071,Z002
ENT_06463,SYN_071,Z002
ENT_06464,SYN_071,Z002
ENT_06465,SYN_071,Z002
ENT_06466,SYN_071,Z002
ENT_06467,SYN_072,Z058
ENT_06468,SYN_072,Z030
ENT_06469,SYN_072,Z030
ENT_06470,SYN_072,Z030
ENT_06471,SYN_072,Z058
ENT_06472,SYN_072,Z058
ENT_06473,SYN_072,Z030
ENT_06474,SYN_072,Z058
ENT_06475,SYN_072,Z030
ENT_06476,SYN_072,Z058
ENT_06477,SYN_072,Z058
ENT_06478,SYN_072,Z058
ENT_06479,SYN_072,Z030
ENT_06480,SYN_072,Z058
ENT_06481,SYN_072,Z058
ENT_06482,SYN_072,Z058
ENT_06483,SYN_072,Z058
ENT_06484,SYN_072,Z058
ENT_06485,SYN_072,Z030
ENT_06486,SYN_072,Z058
ENT_06487,SYN_072,Z030
ENT_06488,SYN_072,Z030
ENT_06489,SYN_072,Z030
ENT_06490,SYN_072,Z058
ENT_06491,SYN_072,Z058
ENT_06492,SYN_072,Z058
ENT_06493,SYN_072,Z030
ENT_06494,SYN_072,Z058
ENT_06495,SYN_072,Z058
ENT_06496,SYN_072,Z058
ENT_06497,SYN_072,Z030
ENT_06498,SYN_072,Z058
ENT_06499,SYN_072,Z058
ENT_06500,SYN_072,Z058
ENT_06501,SYN_072,Z030
ENT_06502,SYN_072,Z058
ENT_06503,SYN_072,Z030
ENT_06504,SYN_072,Z058
ENT_06505,SYN_072,Z030
ENT_06506,SYN_072,Z058
ENT_06507,SYN_072,Z058
ENT_06508,SYN_072,Z058
ENT_06509,SYN_072,Z058
ENT_06510,SYN_072,Z058
ENT_06511,SYN_072,Z058
ENT_06512,SYN_072,Z030
ENT_06513,SYN_072,Z030
ENT_06514,SYN_072,Z030
ENT_06515,SYN_072,Z058
ENT_06516,SYN_072,Z030
ENT_06517,SYN_072,Z030
ENT_06518,SYN_072,Z030
ENT_06519,SYN_072,Z030
ENT_06520,SYN_072,Z058
ENT_06521,SYN_072,Z058
ENT_06522,SYN_072,Z058
ENT_06523,SYN_072,Z058
ENT_06524,SYN_072,Z030
ENT_06525,SYN_072,Z058
ENT_06526,SYN_072,Z058
ENT_06527,SYN_072,Z058
ENT_06528,SYN_072,Z058
ENT_06529,SYN_072,Z058
ENT_06530,SYN_072,Z058
ENT_06531,SYN_072,Z030
ENT_06532,SYN_072,Z030
ENT_06533,SYN_072,Z030
ENT_06534,SYN_072,Z030
ENT_06535,SYN_072,Z058
ENT_06536,SYN_072,Z058
ENT_06537,SYN_072,Z058
ENT_06538,SYN_072,Z058
ENT_06539,SYN_072,Z058
ENT_06540,SYN_072,Z058
ENT_06541,SYN_072,Z058
ENT_06542,SYN_072,Z030
ENT_06543,SYN_072,Z030
ENT_06544,SYN_072,Z058
ENT_06545,SYN_072,Z030
ENT_06546,SYN_072,Z058
ENT_06547,SYN_072,Z030
ENT_06548,SYN_072,Z058
ENT_06549,SYN_072,Z030
ENT_06550,SYN_072,Z058
ENT_06551,SYN_072,Z030
ENT_06552,SYN_072,Z058
ENT_06553,SYN_073,Z058
ENT_06554,SYN_073,Z058
ENT_06555,SYN_073,Z058
ENT_06556,SYN_073,Z049
ENT_06557,SYN_073,Z049
ENT_06558,SYN_073,Z049
ENT_06559,SYN_073,Z058
ENT_06560,SYN_073,Z049
ENT_06561,SYN_073,Z058
ENT_06562,SYN_073,Z049
ENT_06563,SYN_073,Z049
ENT_06564,SYN_073,Z058
ENT_06565,SYN_073,Z049
ENT_06566,SYN_073,Z049
ENT_06567,SYN_073,Z049
ENT_06568,SYN_073,Z049
ENT_06569,SYN_073,Z049
ENT_06570,SYN_073,Z058
ENT_06571,SYN_073,Z058
ENT_06572,SYN_073,Z058
ENT_06573,SYN_073,Z049
ENT_06574,SYN_073,Z049
ENT_06575,SYN_073,Z049
ENT_06576,SYN_073,Z058
ENT_06577,SYN_073,Z058
ENT_06578,SYN_073,Z058
ENT_06579,SYN_073,Z058
ENT_06580,SYN_073,Z058
ENT_06581,SYN_073,Z049
ENT_06582,SYN_073,Z049
ENT_06583,SYN_073,Z058
ENT_06584,SYN_073,Z058
ENT_06585,SYN_073,Z049
ENT_06586,SYN_073,Z049
ENT_06587,SYN_073,Z049
ENT_06588,SYN_073,Z049
ENT_06589,SYN_073,Z058
ENT_06590,SYN_073,Z049
ENT_06591,SYN_073,Z049
ENT_06592,SYN_073,Z049
ENT_06593,SYN_073,Z058
ENT_06594,SYN_073,Z058
ENT_06595,SYN_073,Z058
ENT_06596,SYN_073,Z049
ENT_06597,SYN_073,Z058
ENT_06598,SYN_073,Z058
ENT_06599,SYN_073,Z049
ENT_06600,SYN_073,Z049
ENT_06601,SYN_073,Z049
ENT_06602,SYN_073,Z049
ENT_06603,SYN_073,Z049
ENT_06604,SYN_073,Z049
ENT_06605,SYN_073,Z049
ENT_06606,SYN_073,Z049
ENT_06607,SYN_073,Z058
ENT_06608,SYN_073,Z049
ENT_06609,SYN_073,Z049
ENT_06610,SYN_073,Z049
ENT_06611,SYN_073,Z058
ENT_06612,SYN_073,Z049
ENT_06613,SYN_073,Z058
ENT_06614,SYN_073,Z049
ENT_06615,SYN_073,Z049
ENT_06616,SYN_073,Z049
ENT_06617,SYN_073,Z049
ENT_06618,SYN_073,Z049
ENT_06619,SYN_073,Z058
ENT_06620,SYN_073,Z058
ENT_06621,SYN_073,Z058
ENT_06622,SYN_073,Z058
ENT_06623,SYN_073,Z058
ENT_06624,SYN_073,Z058
ENT_06625,SYN_073,Z049
ENT_06626,SYN_073,Z058
ENT_06627,SYN_073,Z058
ENT_06628,SYN_073,Z049
ENT_06629,SYN_073,Z058
ENT_06630,SYN_073,Z058
ENT_06631,SYN_073,Z049
ENT_06632,SYN_073,Z058
ENT_06633,SYN_073,Z058
ENT_06634,SYN_073,Z058
ENT_06635,SYN_073,Z058
ENT_06636,SYN_073,Z058
ENT_06637,SYN_073,Z049
ENT_06638,SYN_073,Z058
ENT_06639,SYN_073,Z058
ENT_06640,SYN_073,Z049
ENT_06641,SYN_073,Z058
ENT_06642,SYN_073,Z058
ENT_06643,SYN_073,Z058
ENT_06644,SYN_073,Z058
ENT_06645,SYN_073,Z049
ENT_06646,SYN_073,Z058
ENT_06647,SYN_073,Z058
ENT_06648,SYN_073,Z049
ENT_06649,SYN_073,Z049
ENT_06650,SYN_073,Z049
ENT_06651,SYN_073,Z058
ENT_06652,SYN_073,Z049
ENT_06653,SYN_073,Z058
ENT_06654,SYN_073,Z058
ENT_06655,SYN_073,Z049
ENT_06656,SYN_073,Z058
ENT_06657,SYN_073,Z049
ENT_06658,SYN_073,Z049
ENT_06659,SYN_073,Z058
ENT_06660,SYN_073,Z058
ENT_06661,SYN_073,Z058
ENT_06662,SYN_073,Z049
ENT_06663,SYN_073,Z058
ENT_06664,SYN_073,Z049
ENT_06665,SYN_073,Z049
ENT_06666,SYN_073,Z049
ENT_06667,SYN_073,Z049
ENT_06668,SYN_073,Z058
ENT_06669,SYN_073,Z049
ENT_06670,SYN_073,Z049
ENT_06671,SYN_073,Z049
ENT_06672,SYN_073,Z058
ENT_06673,SYN_073,Z058
ENT_06674,SYN_073,Z049
ENT_06675,SYN_073,Z058
ENT_06676,SYN_073,Z058
ENT_06677,SYN_073,Z049
ENT_06678,SYN_073,Z058
ENT_06679,SYN_073,Z049
ENT_06680,SYN_073,Z058
ENT_06681,SYN_073,Z049
ENT_06682,SYN_073,Z049
ENT_06683,SYN_073,Z049
ENT_06684,SYN_073,Z049
ENT_06685,SYN_073,Z058
ENT_06686,SYN_073,Z058
ENT_06687,SYN_073,Z058
ENT_06688,SYN_073,Z049
ENT_06689,SYN_073,Z049
ENT_06690,SYN_073,Z058
ENT_06691,SYN_073,Z058
ENT_06692,SYN_073,Z058
ENT_06693,SYN_073,Z058
ENT_06694,SYN_073,Z049
ENT_06695,SYN_073,Z049
ENT_06696,SYN_073,Z058
ENT_06697,SYN_073,Z049
ENT_06698,SYN_073,Z049
ENT_06699,SYN_073,Z058
ENT_06700,SYN_073,Z058
ENT_06701,SYN_073,Z049
ENT_06702,SYN_073,Z049
ENT_06703,SYN_073,Z058
ENT_06704,SYN_073,Z049
ENT_06705,SYN_073,Z058
ENT_06706,SYN_073,Z058
ENT_06707,SYN_073,Z049
ENT_06708,SYN_073,Z058
ENT_06709,SYN_073,Z058
ENT_06710,SYN_073,Z058
ENT_06711,SYN_073,Z058
ENT_06712,SYN_073,Z049
ENT_06713,SYN_073,Z058
ENT_06714,SYN_073,Z049
ENT_06715,SYN_073,Z058
ENT_06716,SYN_073,Z058
ENT_06717,SYN_074,Z015
ENT_06718,SYN_074,Z014
ENT_06719,SYN_074,Z014
ENT_06720,SYN_074,Z015
ENT_06721,SYN_074,Z015
ENT_06722,SYN_074,Z015
ENT_06723,SYN_074,Z014
ENT_06724,SYN_074,Z014
ENT_06725,SYN_074,Z015
ENT_06726,SYN_074,Z014
ENT_06727,SYN_074,Z015
ENT_06728,SYN_074,Z014
ENT_06729,SYN_074,Z015
ENT_06730,SYN_074,Z014
ENT_06731,SYN_074,Z015
ENT_06732,SYN_074,Z015
ENT_06733,SYN_074,Z015
ENT_06734,SYN_074,Z014
ENT_06735,SYN_074,Z015
ENT_06736,SYN_074,Z015
ENT_06737,SYN_074,Z015
ENT_06738,SYN_074,Z015
ENT_06739,SYN_074,Z015
ENT_06740,SYN_074,Z015
ENT_06741,SYN_074,Z014
ENT_06742,SYN_074,Z015
ENT_06743,SYN_074,Z015
ENT_06744,SYN_074,Z015
ENT_06745,SYN_074,Z015
ENT_06746,SYN_074,Z014
ENT_06747,SYN_074,Z014
ENT_06748,SYN_074,Z015
ENT_06749,SYN_074,Z015
ENT_06750,SYN_074,Z015
ENT_06751,SYN_074,Z015
ENT_06752,SYN_074,Z015
ENT_06753,SYN_074,Z015
ENT_06754,SYN_074,Z014
ENT_06755,SYN_074,Z015
ENT_06756,SYN_074,Z015
ENT_06757,SYN_074,Z014
ENT_06758,SYN_074,Z014
ENT_06759,SYN_074,Z014
ENT_06760,SYN_074,Z014
ENT_06761,SYN_074,Z015
ENT_06762,SYN_074,Z015
ENT_06763,SYN_074,Z014
ENT_06764,SYN_074,Z015
ENT_06765,SYN_074,Z014
ENT_06766,SYN_074,Z014
ENT_06767,SYN_074,Z015
ENT_06768,SYN_074,Z015
ENT_06769,SYN_074,Z015
ENT_06770,SYN_074,Z014
ENT_06771,SYN_074,Z015
ENT_06772,SYN_074,Z015
ENT_06773,SYN_074,Z014
ENT_06774,SYN_074,Z015
ENT_06775,SYN_074,Z015
ENT_06776,SYN_074,Z014
ENT_06777,SYN_074,Z015
ENT_06778,SYN_074,Z014
ENT_06779,SYN_075,Z016
ENT_06780,SYN_075,Z016
ENT_06781,SYN_075,Z016
ENT_06782,SYN_075,Z016
ENT_06783,SYN_075,Z016
ENT_06784,SYN_075,Z016
ENT_06785,SYN_075,Z016
ENT_06786,SYN_075,Z016
ENT_06787,SYN_075,Z016
ENT_06788,SYN_075,Z016
ENT_06789,SYN_075,Z016
ENT_06790,SYN_075,Z016
ENT_06791,SYN_075,Z016
ENT_06792,SYN_075,Z016
ENT_06793,SYN_075,Z016
ENT_06794,SYN_075,Z016
ENT_06795,SYN_075,Z016
ENT_06796,SYN_075,Z016
ENT_06797,SYN_075,Z016
ENT_06798,SYN_075,Z016
ENT_06799,SYN_075,Z016
ENT_06800,SYN_075,Z016
ENT_06801,SYN_075,Z016
ENT_06802,SYN_075,Z016
ENT_06803,SYN_075,Z016
ENT_06804,SYN_075,Z016
ENT_06805,SYN_075,Z016
ENT_06806,SYN_075,Z016
ENT_06807,SYN_075,Z016
ENT_06808,SYN_075,Z016
ENT_06809,SYN_075,Z016
ENT_06810,SYN_075,Z016
ENT_06811,SYN_075,Z016
ENT_06812,SYN_075,Z016
ENT_06813,SYN_075,Z016
ENT_06814,SYN_075,Z016
ENT_06815,SYN_075,Z016
ENT_06816,SYN_075,Z016
ENT_06817,SYN_075,Z016
ENT_06818,SYN_075,Z016
ENT_06819,SYN_075,Z016
ENT_06820,SYN_075,Z016
ENT_06821,SYN_075,Z016
ENT_06822,SYN_075,Z016
ENT_06823,SYN_075,Z016
ENT_06824,SYN_075,Z016
ENT_06825,SYN_075,Z016
ENT_06826,SYN_075,Z016
ENT_06827,SYN_075,Z016
ENT_06828,SYN_075,Z016
ENT_06829,SYN_075,Z016
ENT_06830,SYN_075,Z016
ENT_06831,SYN_075,Z016
ENT_06832,SYN_075,Z016
ENT_06833,SYN_075,Z016
ENT_06834,SYN_075,Z016
ENT_06835,SYN_075,Z016
ENT_06836,SYN_075,Z016
ENT_06837,SYN_075,Z016
ENT_06838,SYN_075,Z016
ENT_06839,SYN_075,Z016
ENT_06840,SYN_075,Z016
ENT_06841,SYN_075,Z016
ENT_06842,SYN_075,Z016
ENT_06843,SYN_075,Z016
ENT_06844,SYN_075,Z016
ENT_06845,SYN_075,Z016
ENT_06846,SYN_075,Z016
ENT_06847,SYN_075,Z016
ENT_06848,SYN_075,Z016
ENT_06849,SYN_075,Z016
ENT_06850,SYN_075,Z016
ENT_06851,SYN_075,Z016
ENT_06852,SYN_075,Z016
ENT_06853,SYN_075,Z016
ENT_06854,SYN_075,Z016
ENT_06855,SYN_075,Z016
ENT_06856,SYN_075,Z016
ENT_06857,SYN_075,Z016
ENT_06858,SYN_075,Z016
ENT_06859,SYN_075,Z016
ENT_06860,SYN_075,Z016
ENT_06861,SYN_075,Z016
ENT_06862,SYN_075,Z016
ENT_06863,SYN_075,Z016
ENT_06864,SYN_075,Z016
ENT_06865,SYN_075,Z016
ENT_06866,SYN_075,Z016
ENT_06867,SYN_075,Z016
ENT_06868,SYN_075,Z016
ENT_06869,SYN_075,Z016
ENT_06870,SYN_075,Z016
ENT_06871,SYN_075,Z016
ENT_06872,SYN_075,Z016
ENT_06873,SYN_075,Z016
ENT_06874,SYN_075,Z016
ENT_06875,SYN_075,Z016
ENT_06876,SYN_075,Z016
ENT_06877,SYN_075,Z016
ENT_06878,SYN_075,Z016
ENT_06879,SYN_075,Z016
ENT_06880,SYN_075,Z016
ENT_06881,SYN_075,Z016
ENT_06882,SYN_075,Z016
ENT_06883,SYN_075,Z016
ENT_06884,SYN_075,Z016
ENT_06885,SYN_075,Z016
ENT_06886,SYN_075,Z016
ENT_06887,SYN_075,Z016
ENT_06888,SYN_075,Z016
ENT_06889,SYN_076,Z036
ENT_06890,SYN_076,Z036
ENT_06891,SYN_076,Z036
ENT_06892,SYN_076,Z036
ENT_06893,SYN_076,Z036
ENT_06894,SYN_076,Z036
ENT_06895,SYN_076,Z036
ENT_06896,SYN_076,Z036
ENT_06897,SYN_076,Z036
ENT_06898,SYN_076,Z036
ENT_06899,SYN_076,Z036
ENT_06900,SYN_076,Z036
ENT_06901,SYN_076,Z036
ENT_06902,SYN_076,Z036
ENT_06903,SYN_076,Z036
ENT_06904,SYN_076,Z036
ENT_06905,SYN_076,Z036
ENT_06906,SYN_076,Z036
ENT_06907,SYN_076,Z036
ENT_06908,SYN_076,Z036
ENT_06909,SYN_076,Z036
ENT_06910,SYN_076,Z036
ENT_06911,SYN_076,Z036
ENT_06912,SYN_076,Z036
ENT_06913,SYN_076,Z036
ENT_06914,SYN_076,Z036
ENT_06915,SYN_076,Z036
ENT_06916,SYN_076,Z036
ENT_06917,SYN_076,Z036
ENT_06918,SYN_076,Z036
ENT_06919,SYN_076,Z036
ENT_06920,SYN_076,Z036
ENT_06921,SYN_076,Z036
ENT_06922,SYN_076,Z036
ENT_06923,SYN_076,Z036
ENT_06924,SYN_076,Z036
ENT_06925,SYN_076,Z036
ENT_06926,SYN_076,Z036
ENT_06927,SYN_076,Z036
ENT_06928,SYN_076,Z036
ENT_06929,SYN_076,Z036
ENT_06930,SYN_076,Z036
ENT_06931,SYN_076,Z036
ENT_06932,SYN_076,Z036
ENT_06933,SYN_076,Z036
ENT_06934,SYN_076,Z036
ENT_06935,SYN_076,Z036
ENT_06936,SYN_076,Z036
ENT_06937,SYN_076,Z036
ENT_06938,SYN_076,Z036
ENT_06939,SYN_076,Z036
ENT_06940,SYN_076,Z036
ENT_06941,SYN_076,Z036
ENT_06942,SYN_076,Z036
ENT_06943,SYN_076,Z036
ENT_06944,SYN_076,Z036
ENT_06945,SYN_076,Z036
ENT_06946,SYN_076,Z036
ENT_06947,SYN_076,Z036
ENT_06948,SYN_076,Z036
ENT_06949,SYN_076,Z036
ENT_06950,SYN_076,Z036
ENT_06951,SYN_076,Z036
ENT_06952,SYN_076,Z036
ENT_06953,SYN_076,Z036
ENT_06954,SYN_076,Z036
ENT_06955,SYN_076,Z036
ENT_06956,SYN_076,Z036
ENT_06957,SYN_076,Z036
ENT_06958,SYN_076,Z036
ENT_06959,SYN_076,Z036
ENT_06960,SYN_076,Z036
ENT_06961,SYN_076,Z036
ENT_06962,SYN_076,Z036
ENT_06963,SYN_076,Z036
ENT_06964,SYN_076,Z036
ENT_06965,SYN_076,Z036
ENT_06966,SYN_076,Z036
ENT_06967,SYN_076,Z036
ENT_06968,SYN_076,Z036
ENT_06969,SYN_076,Z036
ENT_06970,SYN_076,Z036
ENT_06971,SYN_076,Z036
ENT_06972,SYN_076,Z036
ENT_06973,SYN_076,Z036
ENT_06974,SYN_076,Z036
ENT_06975,SYN_076,Z036
ENT_06976,SYN_076,Z036
ENT_06977,SYN_076,Z036
ENT_06978,SYN_076,Z036
ENT_06979,SYN_076,Z036
ENT_06980,SYN_076,Z036
ENT_06981,SYN_076,Z036
ENT_06982,SYN_076,Z036
ENT_06983,SYN_076,Z036
ENT_06984,SYN_076,Z036
ENT_06985,SYN_076,Z036
ENT_06986,SYN_076,Z036
ENT_06987,SYN_076,Z036
ENT_06988,SYN_076,Z036
ENT_06989,SYN_076,Z036
ENT_06990,SYN_076,Z036
ENT_06991,SYN_076,Z036
ENT_06992,SYN_076,Z036
ENT_06993,SYN_076,Z036
ENT_06994,SYN_076,Z036
ENT_06995,SYN_076,Z036
ENT_06996,SYN_076,Z036
ENT_06997,SYN_076,Z036
ENT_06998,SYN_076,Z036
ENT_06999,SYN_076,Z036
ENT_07000,SYN_076,Z036
ENT_07001,SYN_076,Z036
ENT_07002,SYN_076,Z036
ENT_07003,SYN_076,Z036
ENT_07004,SYN_076,Z036
ENT_07005,SYN_076,Z036
ENT_07006,SYN_076,Z036
ENT_07007,SYN_076,Z036
ENT_07008,SYN_076,Z036
ENT_07009,SYN_076,Z036
ENT_07010,SYN_076,Z036
ENT_07011,SYN_076,Z036
ENT_07012,SYN_076,Z036
ENT_07013,SYN_076,Z036
ENT_07014,SYN_076,Z036
ENT_07015,SYN_076,Z036
ENT_07016,SYN_076,Z036
ENT_07017,SYN_076,Z036
ENT_07018,SYN_076,Z036
ENT_07019,SYN_076,Z036
ENT_07020,SYN_076,Z036
ENT_07021,SYN_076,Z036
ENT_07022,SYN_076,Z036
ENT_07023,SYN_076,Z036
ENT_07024,SYN_076,Z036
ENT_07025,SYN_076,Z036
ENT_07026,SYN_077,Z041
ENT_07027,SYN_077,Z041
ENT_07028,SYN_077,Z007
ENT_07029,SYN_077,Z007
ENT_07030,SYN_077,Z007
ENT_07031,SYN_077,Z007
ENT_07032,SYN_077,Z007
ENT_07033,SYN_077,Z007
ENT_07034,SYN_077,Z041
ENT_07035,SYN_077,Z007
ENT_07036,SYN_077,Z041
ENT_07037,SYN_077,Z007
ENT_07038,SYN_077,Z041
ENT_07039,SYN_077,Z007
ENT_07040,SYN_077,Z041
ENT_07041,SYN_077,Z007
ENT_07042,SYN_077,Z041
ENT_07043,SYN_077,Z041
ENT_07044,SYN_077,Z041
ENT_07045,SYN_077,Z007
ENT_07046,SYN_077,Z041
ENT_07047,SYN_077,Z041
ENT_07048,SYN_077,Z007
ENT_07049,SYN_077,Z007
ENT_07050,SYN_077,Z007
ENT_07051,SYN_077,Z041
ENT_07052,SYN_077,Z041
ENT_07053,SYN_077,Z007
ENT_07054,SYN_077,Z041
ENT_07055,SYN_077,Z007
ENT_07056,SYN_077,Z007
ENT_07057,SYN_077,Z041
ENT_07058,SYN_077,Z041
ENT_07059,SYN_077,Z007
ENT_07060,SYN_077,Z041
ENT_07061,SYN_077,Z041
ENT_07062,SYN_077,Z007
ENT_07063,SYN_077,Z041
ENT_07064,SYN_077,Z041
ENT_07065,SYN_077,Z041
ENT_07066,SYN_077,Z007
ENT_07067,SYN_077,Z041
ENT_07068,SYN_077,Z041
ENT_07069,SYN_077,Z041
ENT_07070,SYN_077,Z007
ENT_07071,SYN_077,Z007
ENT_07072,SYN_077,Z007
ENT_07073,SYN_077,Z007
ENT_07074,SYN_077,Z041
ENT_07075,SYN_077,Z041
ENT_07076,SYN_077,Z007
ENT_07077,SYN_077,Z041
ENT_07078,SYN_077,Z007
ENT_07079,SYN_077,Z007
ENT_07080,SYN_077,Z041
ENT_07081,SYN_077,Z007
ENT_07082,SYN_077,Z041
ENT_07083,SYN_077,Z041
ENT_07084,SYN_077,Z041
ENT_07085,SYN_077,Z041
ENT_07086,SYN_077,Z041
ENT_07087,SYN_077,Z007
ENT_07088,SYN_077,Z007
ENT_07089,SYN_078,Z004
ENT_07090,SYN_078,Z055
ENT_07091,SYN_078,Z055
ENT_07092,SYN_078,Z004
ENT_07093,SYN_078,Z055
ENT_07094,SYN_078,Z004
ENT_07095,SYN_078,Z004
ENT_07096,SYN_078,Z055
ENT_07097,SYN_078,Z055
ENT_07098,SYN_078,Z055
ENT_07099,SYN_078,Z004
ENT_07100,SYN_078,Z055
ENT_07101,SYN_078,Z055
ENT_07102,SYN_078,Z004
ENT_07103,SYN_078,Z004
ENT_07104,SYN_078,Z004
ENT_07105,SYN_078,Z004
ENT_07106,SYN_078,Z055
ENT_07107,SYN_078,Z004
ENT_07108,SYN_078,Z055
ENT_07109,SYN_078,Z055
ENT_07110,SYN_078,Z004
ENT_07111,SYN_078,Z004
ENT_07112,SYN_078,Z004
ENT_07113,SYN_078,Z055
ENT_07114,SYN_078,Z004
ENT_07115,SYN_078,Z004
ENT_07116,SYN_078,Z004
ENT_07117,SYN_078,Z004
ENT_07118,SYN_078,Z055
ENT_07119,SYN_078,Z004
ENT_07120,SYN_078,Z055
ENT_07121,SYN_078,Z055
ENT_07122,SYN_078,Z055
ENT_07123,SYN_078,Z055
ENT_07124,SYN_078,Z004
ENT_07125,SYN_078,Z055
ENT_07126,SYN_078,Z055
ENT_07127,SYN_078,Z004
ENT_07128,SYN_078,Z004
ENT_07129,SYN_078,Z055
ENT_07130,SYN_078,Z004
ENT_07131,SYN_078,Z055
ENT_07132,SYN_078,Z055
ENT_07133,SYN_078,Z004
ENT_07134,SYN_078,Z055
ENT_07135,SYN_078,Z004
ENT_07136,SYN_078,Z004
ENT_07137,SYN_078,Z004
ENT_07138,SYN_078,Z004
ENT_07139,SYN_078,Z004
ENT_07140,SYN_078,Z004
ENT_07141,SYN_078,Z055
ENT_07142,SYN_078,Z055
ENT_07143,SYN_078,Z004
ENT_07144,SYN_078,Z055
ENT_07145,SYN_078,Z055
ENT_07146,SYN_078,Z055
ENT_07147,SYN_078,Z055
ENT_07148,SYN_078,Z055
ENT_07149,SYN_078,Z055
ENT_07150,SYN_078,Z004
ENT_07151,SYN_078,Z055
ENT_07152,SYN_078,Z004
ENT_07153,SYN_078,Z004
ENT_07154,SYN_078,Z055
ENT_07155,SYN_078,Z055
ENT_07156,SYN_078,Z004
ENT_07157,SYN_078,Z004
ENT_07158,SYN_078,Z004
ENT_07159,SYN_078,Z055
ENT_07160,SYN_078,Z004
ENT_07161,SYN_078,Z004
ENT_07162,SYN_078,Z055
ENT_07163,SYN_078,Z004
ENT_07164,SYN_078,Z004
ENT_07165,SYN_078,Z004
ENT_07166,SYN_078,Z055
ENT_07167,SYN_078,Z055
ENT_07168,SYN_078,Z055
ENT_07169,SYN_078,Z055
ENT_07170,SYN_078,Z004
ENT_07171,SYN_078,Z055
ENT_07172,SYN_078,Z004
ENT_07173,SYN_078,Z055
ENT_07174,SYN_078,Z055
ENT_07175,SYN_078,Z055
ENT_07176,SYN_078,Z004
ENT_07177,SYN_078,Z055
ENT_07178,SYN_078,Z055
ENT_07179,SYN_078,Z055
ENT_07180,SYN_078,Z055
ENT_07181,SYN_078,Z004
ENT_07182,SYN_078,Z004
ENT_07183,SYN_078,Z055
ENT_07184,SYN_078,Z004
ENT_07185,SYN_078,Z055
ENT_07186,SYN_078,Z004
ENT_07187,SYN_078,Z004
ENT_07188,SYN_078,Z004
ENT_07189,SYN_078,Z004
ENT_07190,SYN_078,Z004
ENT_07191,SYN_078,Z055
ENT_07192,SYN_078,Z055
ENT_07193,SYN_078,Z055
ENT_07194,SYN_078,Z004
ENT_07195,SYN_078,Z055
ENT_07196,SYN_078,Z004
ENT_07197,SYN_079,Z047
ENT_07198,SYN_079,Z046
ENT_07199,SYN_079,Z047
ENT_07200,SYN_079,Z066
ENT_07201,SYN_079,Z047
ENT_07202,SYN_079,Z047
ENT_07203,SYN_079,Z047
ENT_07204,SYN_079,Z047
ENT_07205,SYN_079,Z066
ENT_07206,SYN_079,Z047
ENT_07207,SYN_079,Z066
ENT_07208,SYN_079,Z046
ENT_07209,SYN_079,Z047
ENT_07210,SYN_079,Z046
ENT_07211,SYN_079,Z047
ENT_07212,SYN_079,Z066
ENT_07213,SYN_079,Z047
ENT_07214,SYN_079,Z047
ENT_07215,SYN_079,Z047
ENT_07216,SYN_079,Z047
ENT_07217,SYN_079,Z046
ENT_07218,SYN_079,Z047
ENT_07219,SYN_079,Z046
ENT_07220,SYN_079,Z066
ENT_07221,SYN_079,Z066
ENT_07222,SYN_079,Z046
ENT_07223,SYN_079,Z046
ENT_07224,SYN_079,Z066
ENT_07225,SYN_079,Z046
ENT_07226,SYN_079,Z046
ENT_07227,SYN_079,Z066
ENT_07228,SYN_079,Z066
ENT_07229,SYN_079,Z047
ENT_07230,SYN_079,Z066
ENT_07231,SYN_079,Z046
ENT_07232,SYN_079,Z046
ENT_07233,SYN_079,Z066
ENT_07234,SYN_079,Z046
ENT_07235,SYN_079,Z046
ENT_07236,SYN_079,Z046
ENT_07237,SYN_079,Z046
ENT_07238,SYN_079,Z066
ENT_07239,SYN_079,Z046
ENT_07240,SYN_079,Z066
ENT_07241,SYN_079,Z046
ENT_07242,SYN_079,Z047
ENT_07243,SYN_079,Z066
ENT_07244,SYN_079,Z066
ENT_07245,SYN_079,Z066
ENT_07246,SYN_079,Z046
ENT_07247,SYN_079,Z066
ENT_07248,SYN_079,Z066
ENT_07249,SYN_079,Z047
ENT_07250,SYN_079,Z047
ENT_07251,SYN_079,Z046
ENT_07252,SYN_079,Z046
ENT_07253,SYN_079,Z046
ENT_07254,SYN_079,Z046
ENT_07255,SYN_079,Z066
ENT_07256,SYN_079,Z047
ENT_07257,SYN_079,Z046
ENT_07258,SYN_079,Z046
ENT_07259,SYN_079,Z047
ENT_07260,SYN_079,Z066
ENT_07261,SYN_079,Z047
ENT_07262,SYN_079,Z066
ENT_07263,SYN_079,Z047
ENT_07264,SYN_079,Z047
ENT_07265,SYN_079,Z046
ENT_07266,SYN_079,Z066
ENT_07267,SYN_079,Z046
ENT_07268,SYN_079,Z046
ENT_07269,SYN_079,Z047
ENT_07270,SYN_079,Z046
ENT_07271,SYN_079,Z047
ENT_07272,SYN_079,Z066
ENT_07273,SYN_079,Z047
ENT_07274,SYN_079,Z066
ENT_07275,SYN_079,Z066
ENT_07276,SYN_079,Z047
ENT_07277,SYN_079,Z046
ENT_07278,SYN_079,Z046
ENT_07279,SYN_079,Z066
ENT_07280,SYN_079,Z047
ENT_07281,SYN_079,Z046
ENT_07282,SYN_079,Z046
ENT_07283,SYN_079,Z066
ENT_07284,SYN_079,Z066
ENT_07285,SYN_079,Z046
ENT_07286,SYN_079,Z047
ENT_07287,SYN_079,Z066
ENT_07288,SYN_079,Z047
ENT_07289,SYN_079,Z047
ENT_07290,SYN_079,Z046
ENT_07291,SYN_079,Z066
ENT_07292,SYN_079,Z046
ENT_07293,SYN_079,Z047
ENT_07294,SYN_079,Z046
ENT_07295,SYN_079,Z066
ENT_07296,SYN_079,Z047
ENT_07297,SYN_079,Z047
ENT_07298,SYN_079,Z046
ENT_07299,SYN_079,Z066
ENT_07300,SYN_079,Z047
ENT_07301,SYN_079,Z047
ENT_07302,SYN_079,Z066
ENT_07303,SYN_079,Z066
ENT_07304,SYN_079,Z046
ENT_07305,SYN_079,Z047
ENT_07306,SYN_079,Z046
ENT_07307,SYN_079,Z046
ENT_07308,SYN_079,Z047
ENT_07309,SYN_079,Z046
ENT_07310,SYN_079,Z047
ENT_07311,SYN_079,Z047
ENT_07312,SYN_079,Z066
ENT_07313,SYN_079,Z047
ENT_07314,SYN_079,Z047
ENT_07315,SYN_079,Z047
ENT_07316,SYN_079,Z066
ENT_07317,SYN_079,Z046
ENT_07318,SYN_079,Z046
ENT_07319,SYN_079,Z066
ENT_07320,SYN_079,Z047
ENT_07321,SYN_079,Z047
ENT_07322,SYN_079,Z046
ENT_07323,SYN_079,Z047
ENT_07324,SYN_079,Z066
ENT_07325,SYN_079,Z066
ENT_07326,SYN_079,Z066
ENT_07327,SYN_079,Z046
ENT_07328,SYN_079,Z046
ENT_07329,SYN_079,Z047
ENT_07330,SYN_079,Z046
ENT_07331,SYN_079,Z047
ENT_07332,SYN_079,Z047
ENT_07333,SYN_079,Z066
ENT_07334,SYN_079,Z047
ENT_07335,SYN_079,Z066
ENT_07336,SYN_079,Z047
ENT_07337,SYN_079,Z047
ENT_07338,SYN_079,Z046
ENT_07339,SYN_079,Z047
ENT_07340,SYN_080,Z033
ENT_07341,SYN_080,Z033
ENT_07342,SYN_080,Z033
ENT_07343,SYN_080,Z033
ENT_07344,SYN_080,Z033
ENT_07345,SYN_080,Z033
ENT_07346,SYN_080,Z033
ENT_07347,SYN_080,Z033
ENT_07348,SYN_080,Z033
ENT_07349,SYN_080,Z033
ENT_07350,SYN_080,Z033
ENT_07351,SYN_080,Z033
ENT_07352,SYN_080,Z033
ENT_07353,SYN_080,Z033
ENT_07354,SYN_080,Z033
ENT_07355,SYN_080,Z033
ENT_07356,SYN_080,Z033
ENT_07357,SYN_080,Z033
ENT_07358,SYN_080,Z033
ENT_07359,SYN_080,Z033
ENT_07360,SYN_080,Z033
ENT_07361,SYN_080,Z033
ENT_07362,SYN_080,Z033
ENT_07363,SYN_080,Z033
ENT_07364,SYN_080,Z033
ENT_07365,SYN_080,Z033
ENT_07366,SYN_080,Z033
ENT_07367,SYN_080,Z033
ENT_07368,SYN_080,Z033
ENT_07369,SYN_080,Z033
ENT_07370,SYN_080,Z033
ENT_07371,SYN_080,Z033
ENT_07372,SYN_080,Z033
ENT_07373,SYN_081,Z015
ENT_07374,SYN_081,Z013
ENT_07375,SYN_081,Z013
ENT_07376,SYN_081,Z015
ENT_07377,SYN_081,Z013
ENT_07378,SYN_081,Z015
ENT_07379,SYN_081,Z013
ENT_07380,SYN_081,Z015
ENT_07381,SYN_081,Z013
ENT_07382,SYN_081,Z015
ENT_07383,SYN_081,Z015
ENT_07384,SYN_081,Z015
ENT_07385,SYN_081,Z015
ENT_07386,SYN_081,Z013
ENT_07387,SYN_081,Z013
ENT_07388,SYN_081,Z015
ENT_07389,SYN_081,Z013
ENT_07390,SYN_081,Z013
ENT_07391,SYN_081,Z013
ENT_07392,SYN_081,Z013
ENT_07393,SYN_081,Z013
ENT_07394,SYN_081,Z015
ENT_07395,SYN_081,Z013
ENT_07396,SYN_081,Z015
ENT_07397,SYN_081,Z015
ENT_07398,SYN_081,Z015
ENT_07399,SYN_081,Z013
ENT_07400,SYN_081,Z013
ENT_07401,SYN_081,Z013
ENT_07402,SYN_081,Z013
ENT_07403,SYN_081,Z015
ENT_07404,SYN_081,Z015
ENT_07405,SYN_081,Z015
ENT_07406,SYN_081,Z015
ENT_07407,SYN_081,Z015
ENT_07408,SYN_081,Z013
ENT_07409,SYN_081,Z013
ENT_07410,SYN_081,Z013
ENT_07411,SYN_081,Z013
ENT_07412,SYN_081,Z013
ENT_07413,SYN_081,Z013
ENT_07414,SYN_081,Z013
ENT_07415,SYN_081,Z013
ENT_07416,SYN_081,Z015
ENT_07417,SYN_081,Z013
ENT_07418,SYN_081,Z015
ENT_07419,SYN_081,Z015
ENT_07420,SYN_081,Z013
ENT_07421,SYN_081,Z015
ENT_07422,SYN_081,Z013
ENT_07423,SYN_081,Z015
ENT_07424,SYN_081,Z013
ENT_07425,SYN_081,Z013
ENT_07426,SYN_081,Z013
ENT_07427,SYN_081,Z015
ENT_07428,SYN_081,Z015
ENT_07429,SYN_081,Z015
ENT_07430,SYN_081,Z015
ENT_07431,SYN_081,Z015
ENT_07432,SYN_081,Z013
ENT_07433,SYN_081,Z013
ENT_07434,SYN_081,Z015
ENT_07435,SYN_081,Z015
ENT_07436,SYN_081,Z015
ENT_07437,SYN_081,Z013
ENT_07438,SYN_081,Z013
ENT_07439,SYN_081,Z013
ENT_07440,SYN_081,Z015
ENT_07441,SYN_081,Z013
ENT_07442,SYN_081,Z013
ENT_07443,SYN_081,Z013
ENT_07444,SYN_081,Z013
ENT_07445,SYN_081,Z015
ENT_07446,SYN_081,Z015
ENT_07447,SYN_081,Z015
ENT_07448,SYN_081,Z013
ENT_07449,SYN_081,Z015
ENT_07450,SYN_081,Z013
ENT_07451,SYN_081,Z015
ENT_07452,SYN_081,Z015
ENT_07453,SYN_081,Z013
ENT_07454,SYN_081,Z015
ENT_07455,SYN_081,Z013
ENT_07456,SYN_081,Z015
ENT_07457,SYN_081,Z015
ENT_07458,SYN_081,Z015
ENT_07459,SYN_081,Z015
ENT_07460,SYN_081,Z013
ENT_07461,SYN_081,Z015
ENT_07462,SYN_081,Z015
ENT_07463,SYN_081,Z015
ENT_07464,SYN_081,Z013
ENT_07465,SYN_081,Z015
ENT_07466,SYN_081,Z015
ENT_07467,SYN_081,Z013
ENT_07468,SYN_081,Z015
ENT_07469,SYN_081,Z013
ENT_07470,SYN_081,Z015
ENT_07471,SYN_081,Z015
ENT_07472,SYN_081,Z015
ENT_07473,SYN_081,Z013
ENT_07474,SYN_081,Z013
ENT_07475,SYN_081,Z013
ENT_07476,SYN_081,Z013
ENT_07477,SYN_081,Z013
ENT_07478,SYN_081,Z013
ENT_07479,SYN_081,Z013
ENT_07480,SYN_081,Z015
ENT_07481,SYN_081,Z013
ENT_07482,SYN_081,Z015
ENT_07483,SYN_081,Z013
ENT_07484,SYN_081,Z013
ENT_07485,SYN_081,Z015
ENT_07486,SYN_081,Z013
ENT_07487,SYN_081,Z013
ENT_07488,SYN_081,Z013
ENT_07489,SYN_081,Z015
ENT_07490,SYN_081,Z015
ENT_07491,SYN_081,Z013
ENT_07492,SYN_081,Z015
ENT_07493,SYN_081,Z015
ENT_07494,SYN_081,Z015
ENT_07495,SYN_081,Z013
ENT_07496,SYN_081,Z013
ENT_07497,SYN_081,Z015
ENT_07498,SYN_081,Z015
ENT_07499,SYN_081,Z013
ENT_07500,SYN_081,Z015
ENT_07501,SYN_081,Z015
ENT_07502,SYN_081,Z013
ENT_07503,SYN_081,Z015
ENT_07504,SYN_081,Z015
ENT_07505,SYN_081,Z015
ENT_07506,SYN_081,Z015
ENT_07507,SYN_081,Z015
ENT_07508,SYN_081,Z015
ENT_07509,SYN_081,Z015
ENT_07510,SYN_081,Z015
ENT_07511,SYN_081,Z013
ENT_07512,SYN_081,Z015
ENT_07513,SYN_081,Z013
ENT_07514,SYN_081,Z015
ENT_07515,SYN_081,Z015
ENT_07516,SYN_081,Z015
ENT_07517,SYN_081,Z015
ENT_07518,SYN_081,Z015
ENT_07519,SYN_081,Z015
ENT_07520,SYN_081,Z015
ENT_07521,SYN_081,Z013
ENT_07522,SYN_081,Z013
ENT_07523,SYN_081,Z015
ENT_07524,SYN_081,Z015
ENT_07525,SYN_081,Z013
ENT_07526,SYN_081,Z013
ENT_07527,SYN_081,Z015
ENT_07528,SYN_081,Z015
ENT_07529,SYN_081,Z015
ENT_07530,SYN_081,Z015
ENT_07531,SYN_081,Z015
ENT_07532,SYN_081,Z015
ENT_07533,SYN_081,Z013
ENT_07534,SYN_081,Z015
ENT_07535,SYN_082,Z025
ENT_07536,SYN_082,Z025
ENT_07537,SYN_082,Z025
ENT_07538,SYN_082,Z025
ENT_07539,SYN_082,Z025
ENT_07540,SYN_082,Z025
ENT_07541,SYN_082,Z025
ENT_07542,SYN_082,Z025
ENT_07543,SYN_082,Z025
ENT_07544,SYN_082,Z025
ENT_07545,SYN_082,Z025
ENT_07546,SYN_082,Z025
ENT_07547,SYN_082,Z025
ENT_07548,SYN_082,Z025
ENT_07549,SYN_082,Z025
ENT_07550,SYN_082,Z025
ENT_07551,SYN_082,Z025
ENT_07552,SYN_082,Z025
ENT_07553,SYN_082,Z025
ENT_07554,SYN_082,Z025
ENT_07555,SYN_082,Z025
ENT_07556,SYN_082,Z025
ENT_07557,SYN_082,Z025
ENT_07558,SYN_082,Z025
ENT_07559,SYN_082,Z025
ENT_07560,SYN_082,Z025
ENT_07561,SYN_082,Z025
ENT_07562,SYN_082,Z025
ENT_07563,SYN_082,Z025
ENT_07564,SYN_082,Z025
ENT_07565,SYN_082,Z025
ENT_07566,SYN_082,Z025
ENT_07567,SYN_082,Z025
ENT_07568,SYN_082,Z025
ENT_07569,SYN_082,Z025
ENT_07570,SYN_082,Z025
ENT_07571,SYN_082,Z025
ENT_07572,SYN_082,Z025
ENT_07573,SYN_082,Z025
ENT_07574,SYN_082,Z025
ENT_07575,SYN_082,Z025
ENT_07576,SYN_082,Z025
ENT_07577,SYN_082,Z025
ENT_07578,SYN_082,Z025
ENT_07579,SYN_082,Z025
ENT_07580,SYN_082,Z025
ENT_07581,SYN_082,Z025
ENT_07582,SYN_082,Z025
ENT_07583,SYN_082,Z025
ENT_07584,SYN_082,Z025
ENT_07585,SYN_082,Z025
ENT_07586,SYN_082,Z025
ENT_07587,SYN_082,Z025
ENT_07588,SYN_082,Z025
ENT_07589,SYN_082,Z025
ENT_07590,SYN_083,Z073
ENT_07591,SYN_083,Z073
ENT_07592,SYN_083,Z073
ENT_07593,SYN_083,Z073
ENT_07594,SYN_083,Z073
ENT_07595,SYN_083,Z073
ENT_07596,SYN_083,Z073
ENT_07597,SYN_083,Z073
ENT_07598,SYN_083,Z073
ENT_07599,SYN_083,Z073
ENT_07600,SYN_083,Z073
ENT_07601,SYN_083,Z073
ENT_07602,SYN_083,Z073
ENT_07603,SYN_083,Z073
ENT_07604,SYN_083,Z073
ENT_07605,SYN_083,Z073
ENT_07606,SYN_083,Z073
ENT_07607,SYN_083,Z073
ENT_07608,SYN_083,Z073
ENT_07609,SYN_083,Z073
ENT_07610,SYN_083,Z073
ENT_07611,SYN_084,Z009
ENT_07612,SYN_084,Z009
ENT_07613,SYN_084,Z009
ENT_07614,SYN_084,Z009
ENT_07615,SYN_084,Z009
ENT_07616,SYN_084,Z009
ENT_07617,SYN_084,Z009
ENT_07618,SYN_084,Z009
ENT_07619,SYN_084,Z009
ENT_07620,SYN_084,Z009
ENT_07621,SYN_084,Z009
ENT_07622,SYN_084,Z009
ENT_07623,SYN_084,Z009
ENT_07624,SYN_084,Z009
ENT_07625,SYN_084,Z009
ENT_07626,SYN_084,Z009
ENT_07627,SYN_084,Z009
ENT_07628,SYN_084,Z009
ENT_07629,SYN_084,Z009
ENT_07630,SYN_084,Z009
ENT_07631,SYN_084,Z009
ENT_07632,SYN_084,Z009
ENT_07633,SYN_084,Z009
ENT_07634,SYN_084,Z009
ENT_07635,SYN_084,Z009
ENT_07636,SYN_084,Z009
ENT_07637,SYN_084,Z009
ENT_07638,SYN_084,Z009
ENT_07639,SYN_084,Z009
ENT_07640,SYN_084,Z009
ENT_07641,SYN_084,Z009
ENT_07642,SYN_084,Z009
ENT_07643,SYN_084,Z009
ENT_07644,SYN_084,Z009
ENT_07645,SYN_084,Z009
ENT_07646,SYN_084,Z009
ENT_07647,SYN_084,Z009
ENT_07648,SYN_084,Z009
ENT_07649,SYN_084,Z009
ENT_07650,SYN_084,Z009
ENT_07651,SYN_084,Z009
ENT_07652,SYN_084,Z009
ENT_07653,SYN_084,Z009
ENT_07654,SYN_084,Z009
ENT_07655,SYN_084,Z009
ENT_07656,SYN_085,Z046
ENT_07657,SYN_085,Z046
ENT_07658,SYN_085,Z001
ENT_07659,SYN_085,Z046
ENT_07660,SYN_085,Z001
ENT_07661,SYN_085,Z046
ENT_07662,SYN_085,Z046
ENT_07663,SYN_085,Z046
ENT_07664,SYN_085,Z001
ENT_07665,SYN_085,Z035
ENT_07666,SYN_085,Z046
ENT_07667,SYN_085,Z035
ENT_07668,SYN_085,Z046
ENT_07669,SYN_085,Z001
ENT_07670,SYN_085,Z035
ENT_07671,SYN_085,Z046
ENT_07672,SYN_085,Z035
ENT_07673,SYN_085,Z035
ENT_07674,SYN_085,Z046
ENT_07675,SYN_085,Z046
ENT_07676,SYN_085,Z046
ENT_07677,SYN_085,Z001
ENT_07678,SYN_085,Z046
ENT_07679,SYN_085,Z046
ENT_07680,SYN_085,Z035
ENT_07681,SYN_085,Z046
ENT_07682,SYN_085,Z046
ENT_07683,SYN_085,Z001
ENT_07684,SYN_085,Z001
ENT_07685,SYN_085,Z001
ENT_07686,SYN_085,Z046
ENT_07687,SYN_085,Z046
ENT_07688,SYN_085,Z035
ENT_07689,SYN_085,Z035
ENT_07690,SYN_085,Z035
ENT_07691,SYN_085,Z035
ENT_07692,SYN_085,Z046
ENT_07693,SYN_085,Z001
ENT_07694,SYN_085,Z046
ENT_07695,SYN_085,Z046
ENT_07696,SYN_085,Z046
ENT_07697,SYN_085,Z046
ENT_07698,SYN_085,Z001
ENT_07699,SYN_085,Z046
ENT_07700,SYN_085,Z046
ENT_07701,SYN_085,Z035
ENT_07702,SYN_085,Z001
ENT_07703,SYN_085,Z046
ENT_07704,SYN_085,Z035
ENT_07705,SYN_085,Z001
ENT_07706,SYN_085,Z035
ENT_07707,SYN_085,Z046
ENT_07708,SYN_085,Z046
ENT_07709,SYN_085,Z046
ENT_07710,SYN_085,Z035
ENT_07711,SYN_085,Z001
ENT_07712,SYN_085,Z046
ENT_07713,SYN_085,Z046
ENT_07714,SYN_085,Z046
ENT_07715,SYN_085,Z035
ENT_07716,SYN_085,Z035
ENT_07717,SYN_085,Z035
ENT_07718,SYN_085,Z046
ENT_07719,SYN_085,Z035
ENT_07720,SYN_085,Z046
ENT_07721,SYN_085,Z046
ENT_07722,SYN_085,Z046
ENT_07723,SYN_085,Z035
ENT_07724,SYN_085,Z046
ENT_07725,SYN_085,Z001
ENT_07726,SYN_085,Z035
ENT_07727,SYN_085,Z046
ENT_07728,SYN_085,Z046
ENT_07729,SYN_085,Z001
ENT_07730,SYN_085,Z035
ENT_07731,SYN_085,Z046
ENT_07732,SYN_085,Z035
ENT_07733,SYN_085,Z035
ENT_07734,SYN_085,Z046
ENT_07735,SYN_085,Z001
ENT_07736,SYN_085,Z046
ENT_07737,SYN_085,Z035
ENT_07738,SYN_085,Z035
ENT_07739,SYN_085,Z046
ENT_07740,SYN_085,Z001
ENT_07741,SYN_085,Z001
ENT_07742,SYN_085,Z001
ENT_07743,SYN_085,Z001
ENT_07744,SYN_085,Z035
ENT_07745,SYN_085,Z035
ENT_07746,SYN_085,Z035
ENT_07747,SYN_085,Z035
ENT_07748,SYN_085,Z035
ENT_07749,SYN_085,Z001
ENT_07750,SYN_085,Z001
ENT_07751,SYN_085,Z035
ENT_07752,SYN_085,Z035
ENT_07753,SYN_085,Z001
ENT_07754,SYN_085,Z035
ENT_07755,SYN_085,Z001
ENT_07756,SYN_085,Z046
ENT_07757,SYN_085,Z046
ENT_07758,SYN_085,Z035
ENT_07759,SYN_085,Z001
ENT_07760,SYN_085,Z035
ENT_07761,SYN_085,Z035
ENT_07762,SYN_085,Z035
ENT_07763,SYN_085,Z001
ENT_07764,SYN_085,Z035
ENT_07765,SYN_085,Z001
ENT_07766,SYN_085,Z035
ENT_07767,SYN_085,Z035
ENT_07768,SYN_085,Z035
ENT_07769,SYN_085,Z001
ENT_07770,SYN_085,Z001
ENT_07771,SYN_085,Z035
ENT_07772,SYN_085,Z046
ENT_07773,SYN_085,Z035
ENT_07774,SYN_085,Z046
ENT_07775,SYN_085,Z001
ENT_07776,SYN_085,Z001
ENT_07777,SYN_085,Z001
ENT_07778,SYN_085,Z035
ENT_07779,SYN_085,Z035
ENT_07780,SYN_085,Z035
ENT_07781,SYN_085,Z035
ENT_07782,SYN_085,Z035
ENT_07783,SYN_085,Z035
ENT_07784,SYN_085,Z046
ENT_07785,SYN_085,Z035
ENT_07786,SYN_086,Z015
ENT_07787,SYN_086,Z015
ENT_07788,SYN_086,Z015
ENT_07789,SYN_086,Z015
ENT_07790,SYN_086,Z013
ENT_07791,SYN_086,Z013
ENT_07792,SYN_086,Z013
ENT_07793,SYN_086,Z015
ENT_07794,SYN_086,Z015
ENT_07795,SYN_086,Z015
ENT_07796,SYN_086,Z013
ENT_07797,SYN_086,Z015
ENT_07798,SYN_086,Z015
ENT_07799,SYN_086,Z015
ENT_07800,SYN_086,Z015
ENT_07801,SYN_086,Z015
ENT_07802,SYN_086,Z013
ENT_07803,SYN_086,Z013
ENT_07804,SYN_086,Z013
ENT_07805,SYN_086,Z015
ENT_07806,SYN_086,Z013
ENT_07807,SYN_086,Z015
ENT_07808,SYN_086,Z015
ENT_07809,SYN_086,Z013
ENT_07810,SYN_086,Z015
ENT_07811,SYN_086,Z013
ENT_07812,SYN_086,Z015
ENT_07813,SYN_086,Z015
ENT_07814,SYN_086,Z015
ENT_07815,SYN_086,Z013
ENT_07816,SYN_086,Z013
ENT_07817,SYN_086,Z013
ENT_07818,SYN_086,Z013
ENT_07819,SYN_086,Z013
ENT_07820,SYN_086,Z015
ENT_07821,SYN_086,Z015
ENT_07822,SYN_086,Z015
ENT_07823,SYN_086,Z015
ENT_07824,SYN_086,Z013
ENT_07825,SYN_086,Z013
ENT_07826,SYN_086,Z013
ENT_07827,SYN_086,Z015
ENT_07828,SYN_086,Z013
ENT_07829,SYN_086,Z013
ENT_07830,SYN_086,Z015
ENT_07831,SYN_086,Z015
ENT_07832,SYN_086,Z015
ENT_07833,SYN_086,Z015
ENT_07834,SYN_086,Z015
ENT_07835,SYN_086,Z013
ENT_07836,SYN_086,Z013
ENT_07837,SYN_086,Z013
ENT_07838,SYN_086,Z013
ENT_07839,SYN_086,Z013
ENT_07840,SYN_086,Z015
ENT_07841,SYN_086,Z013
ENT_07842,SYN_086,Z013
ENT_07843,SYN_086,Z013
ENT_07844,SYN_086,Z015
ENT_07845,SYN_086,Z015
ENT_07846,SYN_086,Z013
ENT_07847,SYN_086,Z013
ENT_07848,SYN_086,Z015
ENT_07849,SYN_086,Z015
ENT_07850,SYN_086,Z013
ENT_07851,SYN_086,Z013
ENT_07852,SYN_086,Z013
ENT_07853,SYN_086,Z015
ENT_07854,SYN_086,Z013
ENT_07855,SYN_086,Z013
ENT_07856,SYN_086,Z015
ENT_07857,SYN_086,Z015
ENT_07858,SYN_086,Z013
ENT_07859,SYN_086,Z015
ENT_07860,SYN_086,Z013
ENT_07861,SYN_086,Z015
ENT_07862,SYN_086,Z015
ENT_07863,SYN_086,Z013
ENT_07864,SYN_086,Z013
ENT_07865,SYN_086,Z015
ENT_07866,SYN_086,Z015
ENT_07867,SYN_086,Z013
ENT_07868,SYN_086,Z015
ENT_07869,SYN_086,Z015
ENT_07870,SYN_086,Z015
ENT_07871,SYN_086,Z013
ENT_07872,SYN_086,Z013
ENT_07873,SYN_086,Z015
ENT_07874,SYN_086,Z015
ENT_07875,SYN_086,Z013
ENT_07876,SYN_086,Z015
ENT_07877,SYN_086,Z013
ENT_07878,SYN_086,Z013
ENT_07879,SYN_086,Z013
ENT_07880,SYN_087,Z015
ENT_07881,SYN_087,Z015
ENT_07882,SYN_087,Z013
ENT_07883,SYN_087,Z015
ENT_07884,SYN_087,Z013
ENT_07885,SYN_087,Z013
ENT_07886,SYN_087,Z015
ENT_07887,SYN_087,Z013
ENT_07888,SYN_087,Z013
ENT_07889,SYN_087,Z013
ENT_07890,SYN_087,Z013
ENT_07891,SYN_087,Z015
ENT_07892,SYN_087,Z015
ENT_07893,SYN_087,Z015
ENT_07894,SYN_087,Z015
ENT_07895,SYN_087,Z013
ENT_07896,SYN_087,Z015
ENT_07897,SYN_087,Z015
ENT_07898,SYN_087,Z015
ENT_07899,SYN_087,Z015
ENT_07900,SYN_087,Z015
ENT_07901,SYN_087,Z015
ENT_07902,SYN_087,Z015
ENT_07903,SYN_087,Z013
ENT_07904,SYN_087,Z015
ENT_07905,SYN_087,Z013
ENT_07906,SYN_087,Z015
ENT_07907,SYN_087,Z013
ENT_07908,SYN_087,Z013
ENT_07909,SYN_087,Z013
ENT_07910,SYN_087,Z015
ENT_07911,SYN_087,Z013
ENT_07912,SYN_087,Z013
ENT_07913,SYN_087,Z015
ENT_07914,SYN_087,Z015
ENT_07915,SYN_087,Z015
ENT_07916,SYN_087,Z015
ENT_07917,SYN_087,Z015
ENT_07918,SYN_087,Z013
ENT_07919,SYN_087,Z015
ENT_07920,SYN_087,Z015
ENT_07921,SYN_087,Z013
ENT_07922,SYN_087,Z015
ENT_07923,SYN_087,Z013
ENT_07924,SYN_087,Z013
ENT_07925,SYN_087,Z015
ENT_07926,SYN_087,Z015
ENT_07927,SYN_087,Z015
ENT_07928,SYN_087,Z015
ENT_07929,SYN_087,Z013
ENT_07930,SYN_087,Z013
ENT_07931,SYN_087,Z015
ENT_07932,SYN_087,Z015
ENT_07933,SYN_087,Z015
ENT_07934,SYN_087,Z013
ENT_07935,SYN_087,Z013
ENT_07936,SYN_087,Z015
ENT_07937,SYN_087,Z015
ENT_07938,SYN_087,Z015
ENT_07939,SYN_087,Z013
ENT_07940,SYN_087,Z013
ENT_07941,SYN_087,Z013
ENT_07942,SYN_087,Z013
ENT_07943,SYN_088,Z062
ENT_07944,SYN_088,Z046
ENT_07945,SYN_088,Z046
ENT_07946,SYN_088,Z062
ENT_07947,SYN_088,Z046
ENT_07948,SYN_088,Z046
ENT_07949,SYN_088,Z046
ENT_07950,SYN_088,Z062
ENT_07951,SYN_088,Z046
ENT_07952,SYN_088,Z046
ENT_07953,SYN_088,Z062
ENT_07954,SYN_088,Z062
ENT_07955,SYN_088,Z062
ENT_07956,SYN_088,Z046
ENT_07957,SYN_088,Z046
ENT_07958,SYN_088,Z046
ENT_07959,SYN_088,Z046
ENT_07960,SYN_088,Z062
ENT_07961,SYN_088,Z062
ENT_07962,SYN_088,Z046
ENT_07963,SYN_088,Z062
ENT_07964,SYN_088,Z046
ENT_07965,SYN_088,Z062
ENT_07966,SYN_088,Z046
ENT_07967,SYN_088,Z046
ENT_07968,SYN_088,Z046
ENT_07969,SYN_088,Z046
ENT_07970,SYN_088,Z046
ENT_07971,SYN_088,Z062
ENT_07972,SYN_088,Z046
ENT_07973,SYN_088,Z046
ENT_07974,SYN_088,Z046
ENT_07975,SYN_088,Z062
ENT_07976,SYN_088,Z062
ENT_07977,SYN_088,Z062
ENT_07978,SYN_088,Z046
ENT_07979,SYN_088,Z062
ENT_07980,SYN_088,Z046
ENT_07981,SYN_088,Z046
ENT_07982,SYN_088,Z046
ENT_07983,SYN_088,Z046
ENT_07984,SYN_088,Z062
ENT_07985,SYN_088,Z046
ENT_07986,SYN_088,Z062
ENT_07987,SYN_088,Z062
ENT_07988,SYN_088,Z046
ENT_07989,SYN_088,Z062
ENT_07990,SYN_088,Z046
ENT_07991,SYN_088,Z046
ENT_07992,SYN_088,Z046
ENT_07993,SYN_088,Z062
ENT_07994,SYN_088,Z062
ENT_07995,SYN_088,Z062
ENT_07996,SYN_088,Z062
ENT_07997,SYN_088,Z062
ENT_07998,SYN_088,Z046
ENT_07999,SYN_088,Z062
ENT_08000,SYN_088,Z046
ENT_08001,SYN_088,Z046
ENT_08002,SYN_088,Z046
ENT_08003,SYN_088,Z062
ENT_08004,SYN_088,Z046
ENT_08005,SYN_088,Z062
ENT_08006,SYN_088,Z062
ENT_08007,SYN_088,Z062
ENT_08008,SYN_088,Z046
ENT_08009,SYN_088,Z062
ENT_08010,SYN_088,Z062
ENT_08011,SYN_088,Z062
ENT_08012,SYN_088,Z046
ENT_08013,SYN_088,Z046
ENT_08014,SYN_088,Z062
ENT_08015,SYN_088,Z046
ENT_08016,SYN_088,Z046
ENT_08017,SYN_088,Z046
ENT_08018,SYN_088,Z046
ENT_08019,SYN_088,Z062
ENT_08020,SYN_088,Z062
ENT_08021,SYN_088,Z046
ENT_08022,SYN_088,Z062
ENT_08023,SYN_088,Z062
ENT_08024,SYN_088,Z062
ENT_08025,SYN_088,Z062
ENT_08026,SYN_088,Z046
ENT_08027,SYN_088,Z046
ENT_08028,SYN_088,Z046
ENT_08029,SYN_088,Z046
ENT_08030,SYN_088,Z062
ENT_08031,SYN_088,Z046
ENT_08032,SYN_088,Z062
ENT_08033,SYN_088,Z046
ENT_08034,SYN_088,Z062
ENT_08035,SYN_088,Z062
ENT_08036,SYN_088,Z046
ENT_08037,SYN_088,Z062
ENT_08038,SYN_088,Z062
ENT_08039,SYN_088,Z062
ENT_08040,SYN_088,Z062
ENT_08041,SYN_088,Z046
ENT_08042,SYN_088,Z046
ENT_08043,SYN_088,Z062
ENT_08044,SYN_088,Z062
ENT_08045,SYN_088,Z062
ENT_08046,SYN_088,Z046
ENT_08047,SYN_088,Z062
ENT_08048,SYN_088,Z062
ENT_08049,SYN_088,Z062
ENT_08050,SYN_088,Z062
ENT_08051,SYN_088,Z062
ENT_08052,SYN_088,Z046
ENT_08053,SYN_088,Z046
ENT_08054,SYN_088,Z046
ENT_08055,SYN_088,Z046
ENT_08056,SYN_088,Z062
ENT_08057,SYN_088,Z062
ENT_08058,SYN_088,Z062
ENT_08059,SYN_088,Z062
ENT_08060,SYN_088,Z062
ENT_08061,SYN_088,Z046
ENT_08062,SYN_088,Z046
ENT_08063,SYN_088,Z046
ENT_08064,SYN_088,Z046
ENT_08065,SYN_089,Z056
ENT_08066,SYN_089,Z056
ENT_08067,SYN_089,Z073
ENT_08068,SYN_089,Z073
ENT_08069,SYN_089,Z073
ENT_08070,SYN_089,Z073
ENT_08071,SYN_089,Z073
ENT_08072,SYN_089,Z056
ENT_08073,SYN_089,Z022
ENT_08074,SYN_089,Z022
ENT_08075,SYN_089,Z056
ENT_08076,SYN_089,Z073
ENT_08077,SYN_089,Z056
ENT_08078,SYN_089,Z056
ENT_08079,SYN_089,Z056
ENT_08080,SYN_089,Z022
ENT_08081,SYN_089,Z056
ENT_08082,SYN_089,Z056
ENT_08083,SYN_089,Z022
ENT_08084,SYN_089,Z022
ENT_08085,SYN_089,Z073
ENT_08086,SYN_089,Z056
ENT_08087,SYN_089,Z073
ENT_08088,SYN_089,Z022
ENT_08089,SYN_089,Z073
ENT_08090,SYN_089,Z073
ENT_08091,SYN_089,Z022
ENT_08092,SYN_089,Z022
ENT_08093,SYN_089,Z056
ENT_08094,SYN_089,Z022
ENT_08095,SYN_089,Z073
ENT_08096,SYN_089,Z022
ENT_08097,SYN_089,Z022
ENT_08098,SYN_089,Z073
ENT_08099,SYN_089,Z022
ENT_08100,SYN_089,Z022
ENT_08101,SYN_089,Z073
ENT_08102,SYN_089,Z056
ENT_08103,SYN_089,Z073
ENT_08104,SYN_089,Z022
ENT_08105,SYN_089,Z073
ENT_08106,SYN_089,Z056
ENT_08107,SYN_089,Z056
ENT_08108,SYN_089,Z056
ENT_08109,SYN_089,Z056
ENT_08110,SYN_089,Z056
ENT_08111,SYN_089,Z056
ENT_08112,SYN_089,Z022
ENT_08113,SYN_089,Z022
ENT_08114,SYN_089,Z056
ENT_08115,SYN_089,Z056
ENT_08116,SYN_089,Z073
ENT_08117,SYN_089,Z056
ENT_08118,SYN_089,Z073
ENT_08119,SYN_089,Z073
ENT_08120,SYN_089,Z022
ENT_08121,SYN_089,Z056
ENT_08122,SYN_089,Z073
ENT_08123,SYN_089,Z073
ENT_08124,SYN_089,Z022
ENT_08125,SYN_089,Z056
ENT_08126,SYN_089,Z056
ENT_08127,SYN_089,Z056
ENT_08128,SYN_089,Z022
ENT_08129,SYN_089,Z056
ENT_08130,SYN_089,Z022
ENT_08131,SYN_089,Z056
ENT_08132,SYN_089,Z022
ENT_08133,SYN_089,Z056
ENT_08134,SYN_089,Z056
ENT_08135,SYN_089,Z022
ENT_08136,SYN_089,Z056
ENT_08137,SYN_089,Z073
ENT_08138,SYN_089,Z056
ENT_08139,SYN_089,Z056
ENT_08140,SYN_089,Z073
ENT_08141,SYN_089,Z056
ENT_08142,SYN_089,Z056
ENT_08143,SYN_090,Z015
ENT_08144,SYN_090,Z015
ENT_08145,SYN_090,Z015
ENT_08146,SYN_090,Z015
ENT_08147,SYN_090,Z015
ENT_08148,SYN_090,Z015
ENT_08149,SYN_090,Z015
ENT_08150,SYN_090,Z015
ENT_08151,SYN_090,Z015
ENT_08152,SYN_090,Z015
ENT_08153,SYN_090,Z015
ENT_08154,SYN_090,Z015
ENT_08155,SYN_090,Z015
ENT_08156,SYN_090,Z015
ENT_08157,SYN_090,Z015
ENT_08158,SYN_090,Z015
ENT_08159,SYN_090,Z015
ENT_08160,SYN_090,Z015
ENT_08161,SYN_090,Z015
ENT_08162,SYN_090,Z015
ENT_08163,SYN_090,Z015
ENT_08164,SYN_090,Z015
ENT_08165,SYN_090,Z015
ENT_08166,SYN_090,Z015
ENT_08167,SYN_090,Z015
ENT_08168,SYN_090,Z015
ENT_08169,SYN_090,Z015
ENT_08170,SYN_090,Z015
ENT_08171,SYN_090,Z015
ENT_08172,SYN_090,Z015
ENT_08173,SYN_090,Z015
ENT_08174,SYN_090,Z015
ENT_08175,SYN_090,Z015
ENT_08176,SYN_090,Z015
ENT_08177,SYN_090,Z015
ENT_08178,SYN_090,Z015
ENT_08179,SYN_090,Z015
ENT_08180,SYN_090,Z015
ENT_08181,SYN_090,Z015
ENT_08182,SYN_090,Z015
ENT_08183,SYN_090,Z015
ENT_08184,SYN_090,Z015
ENT_08185,SYN_090,Z015
ENT_08186,SYN_090,Z015
ENT_08187,SYN_090,Z015
ENT_08188,SYN_090,Z015
ENT_08189,SYN_090,Z015
ENT_08190,SYN_090,Z015
ENT_08191,SYN_090,Z015
ENT_08192,SYN_090,Z015
ENT_08193,SYN_090,Z015
ENT_08194,SYN_090,Z015
ENT_08195,SYN_090,Z015
ENT_08196,SYN_090,Z015
ENT_08197,SYN_090,Z015
ENT_08198,SYN_090,Z015
ENT_08199,SYN_090,Z015
ENT_08200,SYN_090,Z015
ENT_08201,SYN_090,Z015
ENT_08202,SYN_090,Z015
ENT_08203,SYN_090,Z015
ENT_08204,SYN_090,Z015
ENT_08205,SYN_090,Z015
ENT_08206,SYN_091,Z035
ENT_08207,SYN_091,Z035
ENT_08208,SYN_091,Z026
ENT_08209,SYN_091,Z035
ENT_08210,SYN_091,Z026
ENT_08211,SYN_091,Z035
ENT_08212,SYN_091,Z026
ENT_08213,SYN_091,Z035
ENT_08214,SYN_091,Z035
ENT_08215,SYN_091,Z026
ENT_08216,SYN_091,Z035
ENT_08217,SYN_091,Z026
ENT_08218,SYN_091,Z035
ENT_08219,SYN_091,Z026
ENT_08220,SYN_091,Z026
ENT_08221,SYN_091,Z026
ENT_08222,SYN_091,Z035
ENT_08223,SYN_091,Z026
ENT_08224,SYN_091,Z035
ENT_08225,SYN_091,Z035
ENT_08226,SYN_091,Z026
ENT_08227,SYN_091,Z026
ENT_08228,SYN_091,Z026
ENT_08229,SYN_091,Z026
ENT_08230,SYN_091,Z035
ENT_08231,SYN_091,Z035
ENT_08232,SYN_091,Z026
ENT_08233,SYN_091,Z026
ENT_08234,SYN_091,Z026
ENT_08235,SYN_091,Z035
ENT_08236,SYN_091,Z035
ENT_08237,SYN_091,Z035
ENT_08238,SYN_091,Z026
ENT_08239,SYN_091,Z035
ENT_08240,SYN_091,Z035
ENT_08241,SYN_091,Z035
ENT_08242,SYN_091,Z035
ENT_08243,SYN_091,Z026
ENT_08244,SYN_091,Z026
ENT_08245,SYN_091,Z026
ENT_08246,SYN_091,Z035
ENT_08247,SYN_091,Z035
ENT_08248,SYN_091,Z035
ENT_08249,SYN_091,Z026
ENT_08250,SYN_091,Z035
ENT_08251,SYN_091,Z026
ENT_08252,SYN_091,Z035
ENT_08253,SYN_091,Z035
ENT_08254,SYN_091,Z035
ENT_08255,SYN_091,Z026
ENT_08256,SYN_091,Z035
ENT_08257,SYN_091,Z035
ENT_08258,SYN_091,Z035
ENT_08259,SYN_091,Z035
ENT_08260,SYN_091,Z035
ENT_08261,SYN_091,Z035
ENT_08262,SYN_091,Z035
ENT_08263,SYN_091,Z035
ENT_08264,SYN_091,Z026
ENT_08265,SYN_091,Z026
ENT_08266,SYN_091,Z026
ENT_08267,SYN_091,Z026
ENT_08268,SYN_091,Z035
ENT_08269,SYN_091,Z035
ENT_08270,SYN_091,Z035
ENT_08271,SYN_091,Z035
ENT_08272,SYN_091,Z026
ENT_08273,SYN_091,Z026
ENT_08274,SYN_091,Z026
ENT_08275,SYN_091,Z026
ENT_08276,SYN_091,Z026
ENT_08277,SYN_091,Z026
ENT_08278,SYN_091,Z026
ENT_08279,SYN_091,Z026
ENT_08280,SYN_091,Z035
ENT_08281,SYN_091,Z035
ENT_08282,SYN_091,Z026
ENT_08283,SYN_091,Z035
ENT_08284,SYN_091,Z026
ENT_08285,SYN_091,Z026
ENT_08286,SYN_091,Z035
ENT_08287,SYN_091,Z035
ENT_08288,SYN_091,Z026
ENT_08289,SYN_091,Z026
ENT_08290,SYN_091,Z026
ENT_08291,SYN_091,Z026
ENT_08292,SYN_091,Z035
ENT_08293,SYN_091,Z035
ENT_08294,SYN_091,Z026
ENT_08295,SYN_091,Z035
ENT_08296,SYN_091,Z035
ENT_08297,SYN_091,Z026
ENT_08298,SYN_091,Z035
ENT_08299,SYN_091,Z026
ENT_08300,SYN_091,Z035
ENT_08301,SYN_091,Z035
ENT_08302,SYN_091,Z035
ENT_08303,SYN_091,Z035
ENT_08304,SYN_091,Z035
ENT_08305,SYN_091,Z035
ENT_08306,SYN_091,Z026
ENT_08307,SYN_091,Z026
ENT_08308,SYN_091,Z035
ENT_08309,SYN_091,Z026
ENT_08310,SYN_091,Z026
ENT_08311,SYN_091,Z026
ENT_08312,SYN_091,Z026
ENT_08313,SYN_091,Z026
ENT_08314,SYN_091,Z026
ENT_08315,SYN_091,Z026
ENT_08316,SYN_091,Z035
ENT_08317,SYN_091,Z026
ENT_08318,SYN_091,Z035
ENT_08319,SYN_091,Z026
ENT_08320,SYN_091,Z026
ENT_08321,SYN_091,Z026
ENT_08322,SYN_091,Z026
ENT_08323,SYN_091,Z026
ENT_08324,SYN_091,Z035
ENT_08325,SYN_091,Z035
ENT_08326,SYN_091,Z035
ENT_08327,SYN_091,Z026
ENT_08328,SYN_091,Z026
ENT_08329,SYN_091,Z026
ENT_08330,SYN_091,Z035
ENT_08331,SYN_091,Z026
ENT_08332,SYN_091,Z026
ENT_08333,SYN_091,Z026
ENT_08334,SYN_091,Z035
ENT_08335,SYN_091,Z026
ENT_08336,SYN_091,Z026
ENT_08337,SYN_091,Z035
ENT_08338,SYN_091,Z026
ENT_08339,SYN_091,Z026
ENT_08340,SYN_091,Z035
ENT_08341,SYN_091,Z026
ENT_08342,SYN_091,Z026
ENT_08343,SYN_091,Z026
ENT_08344,SYN_091,Z026
ENT_08345,SYN_091,Z035
ENT_08346,SYN_091,Z026
ENT_08347,SYN_091,Z035
ENT_08348,SYN_091,Z026
ENT_08349,SYN_091,Z026
ENT_08350,SYN_091,Z035
ENT_08351,SYN_091,Z035
ENT_08352,SYN_091,Z035
ENT_08353,SYN_091,Z026
ENT_08354,SYN_091,Z026
ENT_08355,SYN_091,Z026
ENT_08356,SYN_091,Z035
ENT_08357,SYN_091,Z026
ENT_08358,SYN_091,Z026
ENT_08359,SYN_091,Z026
ENT_08360,SYN_091,Z026
ENT_08361,SYN_091,Z026
ENT_08362,SYN_091,Z035
ENT_08363,SYN_091,Z026
ENT_08364,SYN_091,Z035
ENT_08365,SYN_091,Z026
ENT_08366,SYN_091,Z035
ENT_08367,SYN_092,Z064
ENT_08368,SYN_092,Z050
ENT_08369,SYN_092,Z064
ENT_08370,SYN_092,Z050
ENT_08371,SYN_092,Z050
ENT_08372,SYN_092,Z064
ENT_08373,SYN_092,Z064
ENT_08374,SYN_092,Z050
ENT_08375,SYN_092,Z050
ENT_08376,SYN_092,Z064
ENT_08377,SYN_092,Z050
ENT_08378,SYN_092,Z064
ENT_08379,SYN_092,Z064
ENT_08380,SYN_092,Z050
ENT_08381,SYN_092,Z050
ENT_08382,SYN_092,Z050
ENT_08383,SYN_092,Z050
ENT_08384,SYN_092,Z050
ENT_08385,SYN_092,Z064
ENT_08386,SYN_092,Z050
ENT_08387,SYN_092,Z050
ENT_08388,SYN_092,Z064
ENT_08389,SYN_092,Z064
ENT_08390,SYN_092,Z050
ENT_08391,SYN_092,Z050
ENT_08392,SYN_092,Z064
ENT_08393,SYN_092,Z050
ENT_08394,SYN_092,Z064
ENT_08395,SYN_092,Z064
ENT_08396,SYN_092,Z050
ENT_08397,SYN_092,Z050
ENT_08398,SYN_092,Z050
ENT_08399,SYN_092,Z064
ENT_08400,SYN_092,Z050
ENT_08401,SYN_092,Z064
ENT_08402,SYN_092,Z064
ENT_08403,SYN_092,Z064
ENT_08404,SYN_092,Z064
ENT_08405,SYN_092,Z050
ENT_08406,SYN_092,Z050
ENT_08407,SYN_092,Z050
ENT_08408,SYN_092,Z064
ENT_08409,SYN_092,Z064
ENT_08410,SYN_092,Z064
ENT_08411,SYN_092,Z064
ENT_08412,SYN_092,Z064
ENT_08413,SYN_092,Z064
ENT_08414,SYN_092,Z050
ENT_08415,SYN_092,Z064
ENT_08416,SYN_092,Z050
ENT_08417,SYN_092,Z050
ENT_08418,SYN_092,Z064
ENT_08419,SYN_092,Z050
ENT_08420,SYN_092,Z050
ENT_08421,SYN_092,Z064
ENT_08422,SYN_092,Z050
ENT_08423,SYN_092,Z064
ENT_08424,SYN_092,Z050
ENT_08425,SYN_092,Z064
ENT_08426,SYN_092,Z050
ENT_08427,SYN_092,Z064
ENT_08428,SYN_092,Z050
ENT_08429,SYN_092,Z064
ENT_08430,SYN_092,Z050
ENT_08431,SYN_092,Z050
ENT_08432,SYN_092,Z050
ENT_08433,SYN_092,Z050
ENT_08434,SYN_092,Z064
ENT_08435,SYN_092,Z064
ENT_08436,SYN_092,Z050
ENT_08437,SYN_092,Z050
ENT_08438,SYN_092,Z064
ENT_08439,SYN_092,Z050
ENT_08440,SYN_092,Z064
ENT_08441,SYN_092,Z064
ENT_08442,SYN_092,Z050
ENT_08443,SYN_092,Z064
ENT_08444,SYN_092,Z064
ENT_08445,SYN_092,Z050
ENT_08446,SYN_092,Z050
ENT_08447,SYN_092,Z064
ENT_08448,SYN_092,Z050
ENT_08449,SYN_092,Z050
ENT_08450,SYN_092,Z050
ENT_08451,SYN_092,Z050
ENT_08452,SYN_092,Z064
ENT_08453,SYN_092,Z050
ENT_08454,SYN_092,Z050
ENT_08455,SYN_092,Z050
ENT_08456,SYN_092,Z050
ENT_08457,SYN_092,Z050
ENT_08458,SYN_092,Z050
ENT_08459,SYN_092,Z064
ENT_08460,SYN_092,Z050
ENT_08461,SYN_092,Z064
ENT_08462,SYN_092,Z050
ENT_08463,SYN_092,Z064
ENT_08464,SYN_092,Z050
ENT_08465,SYN_092,Z050
ENT_08466,SYN_092,Z064
ENT_08467,SYN_092,Z064
ENT_08468,SYN_092,Z050
ENT_08469,SYN_092,Z050
ENT_08470,SYN_092,Z064
ENT_08471,SYN_092,Z050
ENT_08472,SYN_092,Z050
ENT_08473,SYN_092,Z050
ENT_08474,SYN_092,Z050
ENT_08475,SYN_092,Z064
ENT_08476,SYN_092,Z064
ENT_08477,SYN_092,Z050
ENT_08478,SYN_092,Z064
ENT_08479,SYN_092,Z064
ENT_08480,SYN_092,Z064
ENT_08481,SYN_092,Z064
ENT_08482,SYN_092,Z064
ENT_08483,SYN_092,Z050
ENT_08484,SYN_092,Z064
ENT_08485,SYN_092,Z064
ENT_08486,SYN_092,Z064
ENT_08487,SYN_092,Z064
ENT_08488,SYN_092,Z050
ENT_08489,SYN_092,Z050
ENT_08490,SYN_092,Z050
ENT_08491,SYN_092,Z050
ENT_08492,SYN_092,Z064
ENT_08493,SYN_092,Z050
ENT_08494,SYN_092,Z064
ENT_08495,SYN_092,Z064
ENT_08496,SYN_092,Z064
ENT_08497,SYN_092,Z050
ENT_08498,SYN_093,Z055
ENT_08499,SYN_093,Z055
ENT_08500,SYN_093,Z055
ENT_08501,SYN_093,Z001
ENT_08502,SYN_093,Z055
ENT_08503,SYN_093,Z069
ENT_08504,SYN_093,Z055
ENT_08505,SYN_093,Z001
ENT_08506,SYN_093,Z055
ENT_08507,SYN_093,Z055
ENT_08508,SYN_093,Z001
ENT_08509,SYN_093,Z069
ENT_08510,SYN_093,Z001
ENT_08511,SYN_093,Z069
ENT_08512,SYN_093,Z001
ENT_08513,SYN_093,Z001
ENT_08514,SYN_093,Z069
ENT_08515,SYN_093,Z069
ENT_08516,SYN_093,Z055
ENT_08517,SYN_093,Z055
ENT_08518,SYN_093,Z069
ENT_08519,SYN_093,Z069
ENT_08520,SYN_093,Z055
ENT_08521,SYN_093,Z069
ENT_08522,SYN_094,Z014
ENT_08523,SYN_094,Z014
ENT_08524,SYN_094,Z014
ENT_08525,SYN_094,Z014
ENT_08526,SYN_094,Z014
ENT_08527,SYN_094,Z014
ENT_08528,SYN_094,Z014
ENT_08529,SYN_094,Z014
ENT_08530,SYN_094,Z014
ENT_08531,SYN_094,Z014
ENT_08532,SYN_094,Z014
ENT_08533,SYN_094,Z014
ENT_08534,SYN_094,Z014
ENT_08535,SYN_094,Z014
ENT_08536,SYN_094,Z014
ENT_08537,SYN_094,Z014
ENT_08538,SYN_094,Z014
ENT_08539,SYN_094,Z014
ENT_08540,SYN_094,Z014
ENT_08541,SYN_094,Z014
ENT_08542,SYN_094,Z014
ENT_08543,SYN_094,Z014
ENT_08544,SYN_094,Z014
ENT_08545,SYN_094,Z014
ENT_08546,SYN_094,Z014
ENT_08547,SYN_094,Z014
ENT_08548,SYN_094,Z014
ENT_08549,SYN_094,Z014
ENT_08550,SYN_094,Z014
ENT_08551,SYN_094,Z014
ENT_08552,SYN_094,Z014
ENT_08553,SYN_094,Z014
ENT_08554,SYN_094,Z014
ENT_08555,SYN_094,Z014
ENT_08556,SYN_094,Z014
ENT_08557,SYN_094,Z014
ENT_08558,SYN_094,Z014
ENT_08559,SYN_094,Z014
ENT_08560,SYN_094,Z014
ENT_08561,SYN_094,Z014
ENT_08562,SYN_094,Z014
ENT_08563,SYN_094,Z014
ENT_08564,SYN_094,Z014
ENT_08565,SYN_094,Z014
ENT_08566,SYN_094,Z014
ENT_08567,SYN_094,Z014
ENT_08568,SYN_094,Z014
ENT_08569,SYN_094,Z014
ENT_08570,SYN_094,Z014
ENT_08571,SYN_094,Z014
ENT_08572,SYN_094,Z014
ENT_08573,SYN_094,Z014
ENT_08574,SYN_094,Z014
ENT_08575,SYN_094,Z014
ENT_08576,SYN_094,Z014
ENT_08577,SYN_094,Z014
ENT_08578,SYN_094,Z014
ENT_08579,SYN_094,Z014
ENT_08580,SYN_094,Z014
ENT_08581,SYN_094,Z014
ENT_08582,SYN_094,Z014
ENT_08583,SYN_094,Z014
ENT_08584,SYN_094,Z014
ENT_08585,SYN_094,Z014
ENT_08586,SYN_094,Z014
ENT_08587,SYN_094,Z014
ENT_08588,SYN_094,Z014
ENT_08589,SYN_094,Z014
ENT_08590,SYN_094,Z014
ENT_08591,SYN_094,Z014
ENT_08592,SYN_094,Z014
ENT_08593,SYN_094,Z014
ENT_08594,SYN_094,Z014
ENT_08595,SYN_094,Z014
ENT_08596,SYN_094,Z014
ENT_08597,SYN_094,Z014
ENT_08598,SYN_094,Z014
ENT_08599,SYN_094,Z014
ENT_08600,SYN_094,Z014
ENT_08601,SYN_094,Z014
ENT_08602,SYN_094,Z014
ENT_08603,SYN_094,Z014
ENT_08604,SYN_094,Z014
ENT_08605,SYN_094,Z014
ENT_08606,SYN_094,Z014
ENT_08607,SYN_094,Z014
ENT_08608,SYN_094,Z014
ENT_08609,SYN_094,Z014
ENT_08610,SYN_095,Z052
ENT_08611,SYN_095,Z069
ENT_08612,SYN_095,Z021
ENT_08613,SYN_095,Z021
ENT_08614,SYN_095,Z069
ENT_08615,SYN_095,Z021
ENT_08616,SYN_095,Z052
ENT_08617,SYN_095,Z052
ENT_08618,SYN_095,Z052
ENT_08619,SYN_095,Z021
ENT_08620,SYN_095,Z021
ENT_08621,SYN_095,Z021
ENT_08622,SYN_095,Z069
ENT_08623,SYN_095,Z021
ENT_08624,SYN_095,Z052
ENT_08625,SYN_095,Z021
ENT_08626,SYN_095,Z021
ENT_08627,SYN_095,Z021
ENT_08628,SYN_095,Z069
ENT_08629,SYN_095,Z069
ENT_08630,SYN_095,Z069
ENT_08631,SYN_095,Z052
ENT_08632,SYN_095,Z069
ENT_08633,SYN_095,Z021
ENT_08634,SYN_095,Z069
ENT_08635,SYN_095,Z069
ENT_08636,SYN_095,Z052
ENT_08637,SYN_095,Z069
ENT_08638,SYN_095,Z021
ENT_08639,SYN_095,Z052
ENT_08640,SYN_095,Z021
ENT_08641,SYN_095,Z069
ENT_08642,SYN_095,Z052
ENT_08643,SYN_095,Z052
ENT_08644,SYN_095,Z021
ENT_08645,SYN_095,Z069
ENT_08646,SYN_095,Z069
ENT_08647,SYN_095,Z021
ENT_08648,SYN_095,Z052
ENT_08649,SYN_095,Z052
ENT_08650,SYN_095,Z069
ENT_08651,SYN_095,Z069
ENT_08652,SYN_095,Z021
ENT_08653,SYN_095,Z052
ENT_08654,SYN_095,Z069
ENT_08655,SYN_095,Z021
ENT_08656,SYN_095,Z069
ENT_08657,SYN_095,Z021
ENT_08658,SYN_095,Z069
ENT_08659,SYN_095,Z021
ENT_08660,SYN_095,Z021
ENT_08661,SYN_095,Z021
ENT_08662,SYN_095,Z052
ENT_08663,SYN_095,Z021
ENT_08664,SYN_095,Z052
ENT_08665,SYN_095,Z069
ENT_08666,SYN_095,Z069
ENT_08667,SYN_095,Z052
ENT_08668,SYN_095,Z069
ENT_08669,SYN_095,Z052
ENT_08670,SYN_095,Z021
ENT_08671,SYN_095,Z069
ENT_08672,SYN_095,Z069
ENT_08673,SYN_095,Z069
ENT_08674,SYN_095,Z052
ENT_08675,SYN_095,Z021
ENT_08676,SYN_095,Z052
ENT_08677,SYN_095,Z052
ENT_08678,SYN_095,Z021
ENT_08679,SYN_095,Z021
ENT_08680,SYN_095,Z021
ENT_08681,SYN_095,Z021
ENT_08682,SYN_095,Z069
ENT_08683,SYN_095,Z052
ENT_08684,SYN_095,Z069
ENT_08685,SYN_095,Z052
ENT_08686,SYN_095,Z052
ENT_08687,SYN_095,Z052
ENT_08688,SYN_095,Z069
ENT_08689,SYN_095,Z021
ENT_08690,SYN_095,Z052
ENT_08691,SYN_095,Z052
ENT_08692,SYN_095,Z052
ENT_08693,SYN_095,Z069
ENT_08694,SYN_095,Z021
ENT_08695,SYN_095,Z052
ENT_08696,SYN_095,Z069
ENT_08697,SYN_095,Z021
ENT_08698,SYN_095,Z052
ENT_08699,SYN_095,Z069
ENT_08700,SYN_095,Z021
ENT_08701,SYN_095,Z052
ENT_08702,SYN_096,Z024
ENT_08703,SYN_096,Z062
ENT_08704,SYN_096,Z062
ENT_08705,SYN_096,Z024
ENT_08706,SYN_096,Z067
ENT_08707,SYN_096,Z062
ENT_08708,SYN_096,Z067
ENT_08709,SYN_096,Z024
ENT_08710,SYN_096,Z062
ENT_08711,SYN_096,Z067
ENT_08712,SYN_096,Z067
ENT_08713,SYN_096,Z062
ENT_08714,SYN_096,Z062
ENT_08715,SYN_096,Z024
ENT_08716,SYN_096,Z062
ENT_08717,SYN_096,Z062
ENT_08718,SYN_096,Z067
ENT_08719,SYN_096,Z024
ENT_08720,SYN_096,Z062
ENT_08721,SYN_096,Z062
ENT_08722,SYN_096,Z062
ENT_08723,SYN_096,Z024
ENT_08724,SYN_096,Z024
ENT_08725,SYN_096,Z067
ENT_08726,SYN_096,Z067
ENT_08727,SYN_096,Z067
ENT_08728,SYN_096,Z024
ENT_08729,SYN_096,Z024
ENT_08730,SYN_096,Z062
ENT_08731,SYN_096,Z062
ENT_08732,SYN_096,Z062
ENT_08733,SYN_096,Z024
ENT_08734,SYN_096,Z062
ENT_08735,SYN_096,Z024
ENT_08736,SYN_096,Z067
ENT_08737,SYN_096,Z024
ENT_08738,SYN_096,Z067
ENT_08739,SYN_096,Z024
ENT_08740,SYN_096,Z062
ENT_08741,SYN_096,Z024
ENT_08742,SYN_096,Z067
ENT_08743,SYN_096,Z062
ENT_08744,SYN_096,Z067
ENT_08745,SYN_096,Z062
ENT_08746,SYN_096,Z062
ENT_08747,SYN_096,Z067
ENT_08748,SYN_096,Z024
ENT_08749,SYN_096,Z062
ENT_08750,SYN_096,Z062
ENT_08751,SYN_096,Z024
ENT_08752,SYN_096,Z062
ENT_08753,SYN_096,Z024
ENT_08754,SYN_096,Z067
ENT_08755,SYN_096,Z067
ENT_08756,SYN_096,Z024
ENT_08757,SYN_096,Z062
ENT_08758,SYN_096,Z062
ENT_08759,SYN_096,Z067
ENT_08760,SYN_096,Z062
ENT_08761,SYN_096,Z024
ENT_08762,SYN_096,Z062
ENT_08763,SYN_096,Z062
ENT_08764,SYN_096,Z024
ENT_08765,SYN_096,Z067
ENT_08766,SYN_096,Z067
ENT_08767,SYN_096,Z062
ENT_08768,SYN_096,Z067
ENT_08769,SYN_096,Z062
ENT_08770,SYN_096,Z024
ENT_08771,SYN_096,Z024
ENT_08772,SYN_096,Z062
ENT_08773,SYN_096,Z067
ENT_08774,SYN_096,Z062
ENT_08775,SYN_096,Z067
ENT_08776,SYN_096,Z024
ENT_08777,SYN_096,Z024
ENT_08778,SYN_096,Z067
ENT_08779,SYN_096,Z067
ENT_08780,SYN_096,Z067
ENT_08781,SYN_096,Z024
ENT_08782,SYN_096,Z067
ENT_08783,SYN_096,Z062
ENT_08784,SYN_096,Z067
ENT_08785,SYN_096,Z067
ENT_08786,SYN_096,Z024
ENT_08787,SYN_096,Z062
ENT_08788,SYN_096,Z024
ENT_08789,SYN_096,Z067
ENT_08790,SYN_096,Z024
ENT_08791,SYN_096,Z067
ENT_08792,SYN_096,Z062
ENT_08793,SYN_096,Z024
ENT_08794,SYN_096,Z062
ENT_08795,SYN_096,Z067
ENT_08796,SYN_096,Z024
ENT_08797,SYN_096,Z062
ENT_08798,SYN_096,Z062
ENT_08799,SYN_096,Z024
ENT_08800,SYN_096,Z067
ENT_08801,SYN_096,Z062
ENT_08802,SYN_096,Z024
ENT_08803,SYN_096,Z024
ENT_08804,SYN_096,Z024
ENT_08805,SYN_096,Z024
ENT_08806,SYN_096,Z062
ENT_08807,SYN_096,Z062
ENT_08808,SYN_096,Z062
ENT_08809,SYN_096,Z062
ENT_08810,SYN_096,Z067
ENT_08811,SYN_096,Z067
ENT_08812,SYN_096,Z024
ENT_08813,SYN_096,Z024
ENT_08814,SYN_096,Z062
ENT_08815,SYN_096,Z024
ENT_08816,SYN_096,Z024
ENT_08817,SYN_096,Z067
ENT_08818,SYN_096,Z062
ENT_08819,SYN_096,Z062
ENT_08820,SYN_096,Z062
ENT_08821,SYN_096,Z024
ENT_08822,SYN_096,Z062
ENT_08823,SYN_096,Z062
ENT_08824,SYN_096,Z067
ENT_08825,SYN_096,Z024
ENT_08826,SYN_096,Z024
ENT_08827,SYN_096,Z067
ENT_08828,SYN_096,Z024
ENT_08829,SYN_096,Z067
ENT_08830,SYN_096,Z067
ENT_08831,SYN_096,Z067
ENT_08832,SYN_096,Z062
ENT_08833,SYN_096,Z062
ENT_08834,SYN_096,Z024
ENT_08835,SYN_096,Z062
ENT_08836,SYN_096,Z062
ENT_08837,SYN_096,Z062
ENT_08838,SYN_096,Z024
ENT_08839,SYN_096,Z067
ENT_08840,SYN_096,Z062
ENT_08841,SYN_096,Z067
ENT_08842,SYN_096,Z062
ENT_08843,SYN_096,Z062
ENT_08844,SYN_096,Z024
ENT_08845,SYN_096,Z024
ENT_08846,SYN_096,Z062
ENT_08847,SYN_096,Z067
ENT_08848,SYN_096,Z067
ENT_08849,SYN_096,Z024
ENT_08850,SYN_096,Z067
ENT_08851,SYN_096,Z024
ENT_08852,SYN_096,Z067
ENT_08853,SYN_096,Z067
ENT_08854,SYN_096,Z024
ENT_08855,SYN_096,Z067
ENT_08856,SYN_096,Z062
ENT_08857,SYN_096,Z062
ENT_08858,SYN_096,Z024
ENT_08859,SYN_096,Z024
ENT_08860,SYN_096,Z062
ENT_08861,SYN_096,Z024
ENT_08862,SYN_096,Z024
ENT_08863,SYN_097,Z023
ENT_08864,SYN_097,Z023
ENT_08865,SYN_097,Z023
ENT_08866,SYN_097,Z023
ENT_08867,SYN_097,Z023
ENT_08868,SYN_097,Z023
ENT_08869,SYN_097,Z023
ENT_08870,SYN_097,Z023
ENT_08871,SYN_097,Z023
ENT_08872,SYN_097,Z023
ENT_08873,SYN_097,Z023
ENT_08874,SYN_097,Z023
ENT_08875,SYN_097,Z023
ENT_08876,SYN_097,Z023
ENT_08877,SYN_097,Z023
ENT_08878,SYN_097,Z023
ENT_08879,SYN_097,Z023
ENT_08880,SYN_097,Z023
ENT_08881,SYN_097,Z023
ENT_08882,SYN_097,Z023
ENT_08883,SYN_097,Z023
ENT_08884,SYN_097,Z023
ENT_08885,SYN_097,Z023
ENT_08886,SYN_097,Z023
ENT_08887,SYN_097,Z023
ENT_08888,SYN_097,Z023
ENT_08889,SYN_097,Z023
ENT_08890,SYN_097,Z023
ENT_08891,SYN_097,Z023
ENT_08892,SYN_097,Z023
ENT_08893,SYN_097,Z023
ENT_08894,SYN_097,Z023
ENT_08895,SYN_097,Z023
ENT_08896,SYN_097,Z023
ENT_08897,SYN_097,Z023
ENT_08898,SYN_097,Z023
ENT_08899,SYN_097,Z023
ENT_08900,SYN_097,Z023
ENT_08901,SYN_097,Z023
ENT_08902,SYN_097,Z023
ENT_08903,SYN_097,Z023
ENT_08904,SYN_097,Z023
ENT_08905,SYN_097,Z023
ENT_08906,SYN_097,Z023
ENT_08907,SYN_097,Z023
ENT_08908,SYN_097,Z023
ENT_08909,SYN_097,Z023
ENT_08910,SYN_097,Z023
ENT_08911,SYN_097,Z023
ENT_08912,SYN_097,Z023
ENT_08913,SYN_097,Z023
ENT_08914,SYN_097,Z023
ENT_08915,SYN_097,Z023
ENT_08916,SYN_097,Z023
ENT_08917,SYN_097,Z023
ENT_08918,SYN_097,Z023
ENT_08919,SYN_097,Z023
ENT_08920,SYN_097,Z023
ENT_08921,SYN_097,Z023
ENT_08922,SYN_097,Z023
ENT_08923,SYN_097,Z023
ENT_08924,SYN_097,Z023
ENT_08925,SYN_097,Z023
ENT_08926,SYN_097,Z023
ENT_08927,SYN_097,Z023
ENT_08928,SYN_097,Z023
ENT_08929,SYN_097,Z023
ENT_08930,SYN_097,Z023
ENT_08931,SYN_097,Z023
ENT_08932,SYN_097,Z023
ENT_08933,SYN_097,Z023
ENT_08934,SYN_097,Z023
ENT_08935,SYN_097,Z023
ENT_08936,SYN_097,Z023
ENT_08937,SYN_097,Z023
ENT_08938,SYN_097,Z023
ENT_08939,SYN_097,Z023
ENT_08940,SYN_097,Z023
ENT_08941,SYN_097,Z023
ENT_08942,SYN_097,Z023
ENT_08943,SYN_097,Z023
ENT_08944,SYN_097,Z023
ENT_08945,SYN_097,Z023
ENT_08946,SYN_097,Z023
ENT_08947,SYN_097,Z023
ENT_08948,SYN_097,Z023
ENT_08949,SYN_097,Z023
ENT_08950,SYN_097,Z023
ENT_08951,SYN_097,Z023
ENT_08952,SYN_097,Z023
ENT_08953,SYN_097,Z023
ENT_08954,SYN_097,Z023
ENT_08955,SYN_097,Z023
ENT_08956,SYN_097,Z023
ENT_08957,SYN_097,Z023
ENT_08958,SYN_097,Z023
ENT_08959,SYN_097,Z023
ENT_08960,SYN_097,Z023
ENT_08961,SYN_097,Z023
ENT_08962,SYN_097,Z023
ENT_08963,SYN_097,Z023
ENT_08964,SYN_097,Z023
ENT_08965,SYN_097,Z023
ENT_08966,SYN_097,Z023
ENT_08967,SYN_097,Z023
ENT_08968,SYN_097,Z023
ENT_08969,SYN_097,Z023
ENT_08970,SYN_097,Z023
ENT_08971,SYN_097,Z023
ENT_08972,SYN_097,Z023
ENT_08973,SYN_097,Z023
ENT_08974,SYN_097,Z023
ENT_08975,SYN_097,Z023
ENT_08976,SYN_097,Z023
ENT_08977,SYN_097,Z023
ENT_08978,SYN_097,Z023
ENT_08979,SYN_097,Z023
ENT_08980,SYN_097,Z023
ENT_08981,SYN_097,Z023
ENT_08982,SYN_097,Z023
ENT_08983,SYN_097,Z023
ENT_08984,SYN_097,Z023
ENT_08985,SYN_097,Z023
ENT_08986,SYN_097,Z023
ENT_08987,SYN_097,Z023
ENT_08988,SYN_097,Z023
ENT_08989,SYN_097,Z023
ENT_08990,SYN_097,Z023
ENT_08991,SYN_097,Z023
ENT_08992,SYN_097,Z023
ENT_08993,SYN_097,Z023
ENT_08994,SYN_097,Z023
ENT_08995,SYN_097,Z023
ENT_08996,SYN_097,Z023
ENT_08997,SYN_097,Z023
ENT_08998,SYN_097,Z023
ENT_08999,SYN_097,Z023
ENT_09000,SYN_097,Z023
ENT_09001,SYN_097,Z023
ENT_09002,SYN_097,Z023
ENT_09003,SYN_097,Z023
ENT_09004,SYN_097,Z023
ENT_09005,SYN_097,Z023
ENT_09006,SYN_097,Z023
ENT_09007,SYN_097,Z023
ENT_09008,SYN_097,Z023
ENT_09009,SYN_097,Z023
ENT_09010,SYN_097,Z023
ENT_09011,SYN_097,Z023
ENT_09012,SYN_097,Z023
ENT_09013,SYN_098,Z059
ENT_09014,SYN_098,Z059
ENT_09015,SYN_098,Z059
ENT_09016,SYN_098,Z059
ENT_09017,SYN_098,Z059
ENT_09018,SYN_098,Z059
ENT_09019,SYN_098,Z059
ENT_09020,SYN_098,Z059
ENT_09021,SYN_098,Z059
ENT_09022,SYN_098,Z059
ENT_09023,SYN_098,Z059
ENT_09024,SYN_098,Z059
ENT_09025,SYN_098,Z059
ENT_09026,SYN_098,Z059
ENT_09027,SYN_098,Z059
ENT_09028,SYN_098,Z059
ENT_09029,SYN_098,Z059
ENT_09030,SYN_099,Z011
ENT_09031,SYN_099,Z011
ENT_09032,SYN_099,Z011
ENT_09033,SYN_099,Z011
ENT_09034,SYN_099,Z011
ENT_09035,SYN_099,Z011
ENT_09036,SYN_099,Z011
ENT_09037,SYN_099,Z011
ENT_09038,SYN_099,Z011
ENT_09039,SYN_099,Z011
ENT_09040,SYN_099,Z011
ENT_09041,SYN_099,Z011
ENT_09042,SYN_099,Z011
ENT_09043,SYN_099,Z011
ENT_09044,SYN_099,Z011
ENT_09045,SYN_099,Z011
ENT_09046,SYN_099,Z011
ENT_09047,SYN_099,Z011
ENT_09048,SYN_099,Z011
ENT_09049,SYN_100,Z016
ENT_09050,SYN_100,Z016
ENT_09051,SYN_100,Z016
ENT_09052,SYN_100,Z016
ENT_09053,SYN_100,Z016
ENT_09054,SYN_100,Z016
ENT_09055,SYN_100,Z016
ENT_09056,SYN_100,Z016
ENT_09057,SYN_100,Z016
ENT_09058,SYN_100,Z016
ENT_09059,SYN_100,Z016
ENT_09060,SYN_100,Z016
ENT_09061,SYN_100,Z016
ENT_09062,SYN_100,Z016
ENT_09063,SYN_100,Z016
ENT_09064,SYN_100,Z016
ENT_09065,SYN_100,Z016
ENT_09066,SYN_100,Z016
ENT_09067,SYN_100,Z016
ENT_09068,SYN_100,Z016
ENT_09069,SYN_100,Z016
ENT_09070,SYN_100,Z016
ENT_09071,SYN_100,Z016
ENT_09072,SYN_100,Z016
ENT_09073,SYN_100,Z016
ENT_09074,SYN_100,Z016
ENT_09075,SYN_100,Z016
ENT_09076,SYN_100,Z016
ENT_09077,SYN_100,Z016
ENT_09078,SYN_100,Z016
ENT_09079,SYN_100,Z016
ENT_09080,SYN_100,Z016
ENT_09081,SYN_100,Z016
ENT_09082,SYN_100,Z016
ENT_09083,SYN_100,Z016
ENT_09084,SYN_100,Z016
ENT_09085,SYN_100,Z016
ENT_09086,SYN_100,Z016
ENT_09087,SYN_100,Z016
ENT_09088,SYN_100,Z016
ENT_09089,SYN_100,Z016
ENT_09090,SYN_100,Z016
ENT_09091,SYN_100,Z016
ENT_09092,SYN_100,Z016
ENT_09093,SYN_100,Z016
ENT_09094,SYN_100,Z016
ENT_09095,SYN_100,Z016
ENT_09096,SYN_100,Z016
ENT_09097,SYN_100,Z016
ENT_09098,SYN_100,Z016
ENT_09099,SYN_100,Z016
ENT_09100,SYN_100,Z016
ENT_09101,SYN_100,Z016
ENT_09102,SYN_100,Z016
ENT_09103,SYN_100,Z016
ENT_09104,SYN_100,Z016
ENT_09105,SYN_100,Z016
ENT_09106,SYN_100,Z016
ENT_09107,SYN_100,Z016
ENT_09108,SYN_100,Z016
ENT_09109,SYN_100,Z016
ENT_09110,SYN_100,Z016
ENT_09111,SYN_100,Z016
ENT_09112,SYN_100,Z016
ENT_09113,SYN_100,Z016
ENT_09114,SYN_100,Z016
ENT_09115,SYN_100,Z016
ENT_09116,SYN_100,Z016
ENT_09117,SYN_100,Z016
ENT_09118,SYN_100,Z016
ENT_09119,SYN_100,Z016
ENT_09120,SYN_100,Z016
ENT_09121,SYN_100,Z016
ENT_09122,SYN_100,Z016
ENT_09123,SYN_100,Z016
ENT_09124,SYN_100,Z016
ENT_09125,SYN_100,Z016
ENT_09126,SYN_100,Z016
ENT_09127,SYN_100,Z016
ENT_09128,SYN_100,Z016
ENT_09129,SYN_100,Z016
ENT_09130,SYN_100,Z016
ENT_09131,SYN_100,Z016
ENT_09132,SYN_100,Z016
ENT_09133,SYN_100,Z016
ENT_09134,SYN_100,Z016
ENT_09135,SYN_100,Z016
ENT_09136,SYN_100,Z016
ENT_09137,SYN_100,Z016
ENT_09138,SYN_100,Z016
ENT_09139,SYN_100,Z016
ENT_09140,SYN_100,Z016
ENT_09141,SYN_100,Z016
ENT_09142,SYN_100,Z016
ENT_09143,SYN_100,Z016
ENT_09144,SYN_100,Z016
ENT_09145,SYN_100,Z016
ENT_09146,SYN_100,Z016
ENT_09147,SYN_100,Z016
ENT_09148,SYN_100,Z016
ENT_09149,SYN_100,Z016
ENT_09150,SYN_100,Z016
ENT_09151,SYN_100,Z016
ENT_09152,SYN_100,Z016
ENT_09153,SYN_100,Z016
ENT_09154,SYN_100,Z016
ENT_09155,SYN_100,Z016
ENT_09156,SYN_100,Z016
ENT_09157,SYN_100,Z016
ENT_09158,SYN_100,Z016
ENT_09159,SYN_100,Z016
ENT_09160,SYN_100,Z016
ENT_09161,SYN_100,Z016
ENT_09162,SYN_100,Z016
ENT_09163,SYN_100,Z016
ENT_09164,SYN_100,Z016
ENT_09165,SYN_100,Z016
ENT_09166,SYN_100,Z016
ENT_09167,SYN_100,Z016
ENT_09168,SYN_100,Z016
ENT_09169,SYN_100,Z016
ENT_09170,SYN_100,Z016
ENT_09171,SYN_100,Z016
ENT_09172,SYN_100,Z016
ENT_09173,SYN_100,Z016
ENT_09174,SYN_100,Z016
ENT_09175,SYN_100,Z016
ENT_09176,SYN_100,Z016
ENT_09177,SYN_100,Z016
ENT_09178,SYN_100,Z016
ENT_09179,SYN_100,Z016
ENT_09180,SYN_100,Z016
ENT_09181,SYN_100,Z016
ENT_09182,SYN_100,Z016
ENT_09183,SYN_100,Z016
ENT_09184,SYN_100,Z016
ENT_09185,SYN_100,Z016
ENT_09186,SYN_100,Z016
ENT_09187,SYN_100,Z016
ENT_09188,SYN_100,Z016
ENT_09189,SYN_100,Z016
ENT_09190,SYN_100,Z016
ENT_09191,SYN_100,Z016
ENT_09192,SYN_101,Z015
ENT_09193,SYN_101,Z015
ENT_09194,SYN_101,Z015
ENT_09195,SYN_101,Z015
ENT_09196,SYN_101,Z015
ENT_09197,SYN_101,Z015
ENT_09198,SYN_101,Z015
ENT_09199,SYN_101,Z015
ENT_09200,SYN_101,Z015
ENT_09201,SYN_101,Z015
ENT_09202,SYN_101,Z015
ENT_09203,SYN_101,Z015
ENT_09204,SYN_101,Z015
ENT_09205,SYN_101,Z015
ENT_09206,SYN_101,Z015
ENT_09207,SYN_101,Z015
ENT_09208,SYN_101,Z015
ENT_09209,SYN_101,Z015
ENT_09210,SYN_101,Z015
ENT_09211,SYN_101,Z015
ENT_09212,SYN_101,Z015
ENT_09213,SYN_101,Z015
ENT_09214,SYN_101,Z015
ENT_09215,SYN_101,Z015
ENT_09216,SYN_101,Z015
ENT_09217,SYN_101,Z015
ENT_09218,SYN_101,Z015
ENT_09219,SYN_101,Z015
ENT_09220,SYN_101,Z015
ENT_09221,SYN_101,Z015
ENT_09222,SYN_101,Z015
ENT_09223,SYN_101,Z015
ENT_09224,SYN_101,Z015
ENT_09225,SYN_101,Z015
ENT_09226,SYN_101,Z015
ENT_09227,SYN_101,Z015
ENT_09228,SYN_101,Z015
ENT_09229,SYN_101,Z015
ENT_09230,SYN_101,Z015
ENT_09231,SYN_101,Z015
ENT_09232,SYN_101,Z015
ENT_09233,SYN_101,Z015
ENT_09234,SYN_101,Z015
ENT_09235,SYN_101,Z015
ENT_09236,SYN_101,Z015
ENT_09237,SYN_101,Z015
ENT_09238,SYN_101,Z015
ENT_09239,SYN_101,Z015
ENT_09240,SYN_101,Z015
ENT_09241,SYN_101,Z015
ENT_09242,SYN_101,Z015
ENT_09243,SYN_101,Z015
ENT_09244,SYN_101,Z015
ENT_09245,SYN_101,Z015
ENT_09246,SYN_101,Z015
ENT_09247,SYN_101,Z015
ENT_09248,SYN_101,Z015
ENT_09249,SYN_101,Z015
ENT_09250,SYN_101,Z015
ENT_09251,SYN_101,Z015
ENT_09252,SYN_101,Z015
ENT_09253,SYN_101,Z015
ENT_09254,SYN_101,Z015
ENT_09255,SYN_101,Z015
ENT_09256,SYN_101,Z015
ENT_09257,SYN_101,Z015
ENT_09258,SYN_101,Z015
ENT_09259,SYN_101,Z015
ENT_09260,SYN_102,Z030
ENT_09261,SYN_102,Z030
ENT_09262,SYN_102,Z030
ENT_09263,SYN_102,Z030
ENT_09264,SYN_102,Z030
ENT_09265,SYN_102,Z030
ENT_09266,SYN_102,Z030
ENT_09267,SYN_102,Z004
ENT_09268,SYN_102,Z004
ENT_09269,SYN_102,Z030
ENT_09270,SYN_102,Z030
ENT_09271,SYN_102,Z004
ENT_09272,SYN_102,Z004
ENT_09273,SYN_102,Z004
ENT_09274,SYN_102,Z030
ENT_09275,SYN_102,Z004
ENT_09276,SYN_102,Z004
ENT_09277,SYN_102,Z030
ENT_09278,SYN_102,Z030
ENT_09279,SYN_102,Z030
ENT_09280,SYN_102,Z030
ENT_09281,SYN_102,Z030
ENT_09282,SYN_102,Z030
ENT_09283,SYN_102,Z030
ENT_09284,SYN_102,Z030
ENT_09285,SYN_102,Z030
ENT_09286,SYN_102,Z030
ENT_09287,SYN_102,Z030
ENT_09288,SYN_102,Z004
ENT_09289,SYN_102,Z030
ENT_09290,SYN_102,Z004
ENT_09291,SYN_102,Z030
ENT_09292,SYN_102,Z030
ENT_09293,SYN_102,Z004
ENT_09294,SYN_102,Z030
ENT_09295,SYN_102,Z004
ENT_09296,SYN_102,Z004
ENT_09297,SYN_102,Z030
ENT_09298,SYN_102,Z030
ENT_09299,SYN_102,Z030
ENT_09300,SYN_102,Z030
ENT_09301,SYN_102,Z004
ENT_09302,SYN_102,Z030
ENT_09303,SYN_102,Z004
ENT_09304,SYN_102,Z030
ENT_09305,SYN_102,Z004
ENT_09306,SYN_102,Z004
ENT_09307,SYN_102,Z004
ENT_09308,SYN_102,Z030
ENT_09309,SYN_102,Z004
ENT_09310,SYN_102,Z004
ENT_09311,SYN_102,Z030
ENT_09312,SYN_102,Z030
ENT_09313,SYN_102,Z030
ENT_09314,SYN_102,Z004
ENT_09315,SYN_102,Z030
ENT_09316,SYN_102,Z030
ENT_09317,SYN_102,Z004
ENT_09318,SYN_102,Z004
ENT_09319,SYN_102,Z030
ENT_09320,SYN_102,Z004
ENT_09321,SYN_102,Z004
ENT_09322,SYN_102,Z004
ENT_09323,SYN_102,Z030
ENT_09324,SYN_102,Z030
ENT_09325,SYN_102,Z004
ENT_09326,SYN_102,Z004
ENT_09327,SYN_102,Z030
ENT_09328,SYN_102,Z004
ENT_09329,SYN_102,Z004
ENT_09330,SYN_102,Z004
ENT_09331,SYN_103,Z009
ENT_09332,SYN_103,Z065
ENT_09333,SYN_103,Z009
ENT_09334,SYN_103,Z065
ENT_09335,SYN_103,Z009
ENT_09336,SYN_103,Z065
ENT_09337,SYN_103,Z065
ENT_09338,SYN_103,Z009
ENT_09339,SYN_103,Z065
ENT_09340,SYN_103,Z065
ENT_09341,SYN_103,Z065
ENT_09342,SYN_103,Z009
ENT_09343,SYN_103,Z009
ENT_09344,SYN_103,Z009
ENT_09345,SYN_103,Z009
ENT_09346,SYN_103,Z009
ENT_09347,SYN_103,Z065
ENT_09348,SYN_103,Z065
ENT_09349,SYN_103,Z065
ENT_09350,SYN_103,Z009
ENT_09351,SYN_103,Z009
ENT_09352,SYN_103,Z009
ENT_09353,SYN_103,Z065
ENT_09354,SYN_103,Z065
ENT_09355,SYN_103,Z065
ENT_09356,SYN_103,Z009
ENT_09357,SYN_103,Z009
ENT_09358,SYN_103,Z065
ENT_09359,SYN_103,Z065
ENT_09360,SYN_103,Z009
ENT_09361,SYN_103,Z065
ENT_09362,SYN_103,Z065
ENT_09363,SYN_103,Z065
ENT_09364,SYN_103,Z065
ENT_09365,SYN_103,Z009
ENT_09366,SYN_103,Z065
ENT_09367,SYN_103,Z065
ENT_09368,SYN_103,Z065
ENT_09369,SYN_103,Z009
ENT_09370,SYN_103,Z065
ENT_09371,SYN_103,Z009
ENT_09372,SYN_103,Z065
ENT_09373,SYN_103,Z009
ENT_09374,SYN_103,Z065
ENT_09375,SYN_103,Z009
ENT_09376,SYN_103,Z009
ENT_09377,SYN_103,Z065
ENT_09378,SYN_103,Z009
ENT_09379,SYN_103,Z065
ENT_09380,SYN_103,Z065
ENT_09381,SYN_103,Z009
ENT_09382,SYN_103,Z009
ENT_09383,SYN_103,Z065
ENT_09384,SYN_103,Z065
ENT_09385,SYN_103,Z065
ENT_09386,SYN_103,Z065
ENT_09387,SYN_103,Z009
ENT_09388,SYN_103,Z009
ENT_09389,SYN_103,Z009
ENT_09390,SYN_103,Z065
ENT_09391,SYN_103,Z009
ENT_09392,SYN_103,Z065
ENT_09393,SYN_103,Z009
ENT_09394,SYN_103,Z065
ENT_09395,SYN_103,Z009
ENT_09396,SYN_103,Z009
ENT_09397,SYN_103,Z065
ENT_09398,SYN_103,Z065
ENT_09399,SYN_103,Z009
ENT_09400,SYN_103,Z065
ENT_09401,SYN_103,Z065
ENT_09402,SYN_103,Z009
ENT_09403,SYN_103,Z009
ENT_09404,SYN_103,Z065
ENT_09405,SYN_103,Z009
ENT_09406,SYN_103,Z065
ENT_09407,SYN_103,Z065
ENT_09408,SYN_103,Z009
ENT_09409,SYN_103,Z065
ENT_09410,SYN_103,Z009
ENT_09411,SYN_103,Z065
ENT_09412,SYN_103,Z009
ENT_09413,SYN_103,Z009
ENT_09414,SYN_103,Z065
ENT_09415,SYN_103,Z065
ENT_09416,SYN_103,Z009
ENT_09417,SYN_103,Z065
ENT_09418,SYN_103,Z065
ENT_09419,SYN_103,Z065
ENT_09420,SYN_103,Z065
ENT_09421,SYN_103,Z065
ENT_09422,SYN_103,Z009
ENT_09423,SYN_103,Z065
ENT_09424,SYN_103,Z009
ENT_09425,SYN_103,Z009
ENT_09426,SYN_103,Z009
ENT_09427,SYN_103,Z065
ENT_09428,SYN_103,Z065
ENT_09429,SYN_103,Z009
ENT_09430,SYN_103,Z009
ENT_09431,SYN_103,Z065
ENT_09432,SYN_103,Z009
ENT_09433,SYN_103,Z009
ENT_09434,SYN_103,Z065
ENT_09435,SYN_103,Z009
ENT_09436,SYN_103,Z065
ENT_09437,SYN_103,Z009
ENT_09438,SYN_103,Z009
ENT_09439,SYN_103,Z065
ENT_09440,SYN_103,Z065
ENT_09441,SYN_103,Z065
ENT_09442,SYN_103,Z065
ENT_09443,SYN_103,Z009
ENT_09444,SYN_103,Z009
ENT_09445,SYN_103,Z009
ENT_09446,SYN_103,Z009
ENT_09447,SYN_103,Z009
ENT_09448,SYN_103,Z065
ENT_09449,SYN_103,Z065
ENT_09450,SYN_104,Z072
ENT_09451,SYN_104,Z072
ENT_09452,SYN_104,Z044
ENT_09453,SYN_104,Z074
ENT_09454,SYN_104,Z044
ENT_09455,SYN_104,Z044
ENT_09456,SYN_104,Z044
ENT_09457,SYN_104,Z044
ENT_09458,SYN_104,Z072
ENT_09459,SYN_104,Z072
ENT_09460,SYN_104,Z074
ENT_09461,SYN_104,Z074
ENT_09462,SYN_104,Z072
ENT_09463,SYN_104,Z072
ENT_09464,SYN_104,Z072
ENT_09465,SYN_104,Z044
ENT_09466,SYN_104,Z044
ENT_09467,SYN_104,Z044
ENT_09468,SYN_104,Z074
ENT_09469,SYN_104,Z074
ENT_09470,SYN_104,Z072
ENT_09471,SYN_104,Z072
ENT_09472,SYN_104,Z074
ENT_09473,SYN_104,Z072
ENT_09474,SYN_104,Z072
ENT_09475,SYN_104,Z072
ENT_09476,SYN_104,Z074
ENT_09477,SYN_104,Z072
ENT_09478,SYN_104,Z072
ENT_09479,SYN_104,Z074
ENT_09480,SYN_104,Z072
ENT_09481,SYN_104,Z072
ENT_09482,SYN_104,Z072
ENT_09483,SYN_104,Z072
ENT_09484,SYN_104,Z044
ENT_09485,SYN_104,Z044
ENT_09486,SYN_104,Z074
ENT_09487,SYN_104,Z044
ENT_09488,SYN_104,Z072
ENT_09489,SYN_104,Z072
ENT_09490,SYN_104,Z074
ENT_09491,SYN_104,Z074
ENT_09492,SYN_104,Z072
ENT_09493,SYN_104,Z072
ENT_09494,SYN_104,Z074
ENT_09495,SYN_104,Z074
ENT_09496,SYN_104,Z074
ENT_09497,SYN_104,Z044
ENT_09498,SYN_104,Z072
ENT_09499,SYN_104,Z074
ENT_09500,SYN_104,Z072
ENT_09501,SYN_104,Z044
ENT_09502,SYN_104,Z074
ENT_09503,SYN_104,Z044
ENT_09504,SYN_104,Z044
ENT_09505,SYN_104,Z044
ENT_09506,SYN_104,Z074
ENT_09507,SYN_104,Z072
ENT_09508,SYN_104,Z074
ENT_09509,SYN_104,Z072
ENT_09510,SYN_104,Z072
ENT_09511,SYN_104,Z044
ENT_09512,SYN_104,Z074
ENT_09513,SYN_104,Z074
ENT_09514,SYN_104,Z072
ENT_09515,SYN_104,Z072
ENT_09516,SYN_104,Z074
ENT_09517,SYN_104,Z072
ENT_09518,SYN_104,Z074
ENT_09519,SYN_104,Z072
ENT_09520,SYN_104,Z072
ENT_09521,SYN_104,Z072
ENT_09522,SYN_104,Z072
ENT_09523,SYN_104,Z044
ENT_09524,SYN_105,Z064
ENT_09525,SYN_105,Z036
ENT_09526,SYN_105,Z036
ENT_09527,SYN_105,Z036
ENT_09528,SYN_105,Z036
ENT_09529,SYN_105,Z064
ENT_09530,SYN_105,Z064
ENT_09531,SYN_105,Z036
ENT_09532,SYN_105,Z036
ENT_09533,SYN_105,Z036
ENT_09534,SYN_105,Z036
ENT_09535,SYN_105,Z064
ENT_09536,SYN_105,Z064
ENT_09537,SYN_105,Z036
ENT_09538,SYN_105,Z064
ENT_09539,SYN_105,Z064
ENT_09540,SYN_105,Z036
ENT_09541,SYN_105,Z036
ENT_09542,SYN_105,Z064
ENT_09543,SYN_105,Z064
ENT_09544,SYN_105,Z036
ENT_09545,SYN_105,Z036
ENT_09546,SYN_105,Z036
ENT_09547,SYN_105,Z064
ENT_09548,SYN_105,Z064
ENT_09549,SYN_105,Z036
ENT_09550,SYN_105,Z064
ENT_09551,SYN_105,Z064
ENT_09552,SYN_105,Z036
ENT_09553,SYN_105,Z064
ENT_09554,SYN_105,Z036
ENT_09555,SYN_105,Z064
ENT_09556,SYN_105,Z036
ENT_09557,SYN_105,Z036
ENT_09558,SYN_105,Z036
ENT_09559,SYN_105,Z064
ENT_09560,SYN_105,Z036
ENT_09561,SYN_105,Z036
ENT_09562,SYN_105,Z036
ENT_09563,SYN_105,Z064
ENT_09564,SYN_105,Z036
ENT_09565,SYN_105,Z064
ENT_09566,SYN_105,Z036
ENT_09567,SYN_105,Z036
ENT_09568,SYN_105,Z064
ENT_09569,SYN_105,Z064
ENT_09570,SYN_105,Z036
ENT_09571,SYN_105,Z064
ENT_09572,SYN_105,Z064
ENT_09573,SYN_105,Z036
ENT_09574,SYN_105,Z064
ENT_09575,SYN_105,Z036
ENT_09576,SYN_105,Z064
ENT_09577,SYN_105,Z064
ENT_09578,SYN_105,Z064
ENT_09579,SYN_105,Z064
ENT_09580,SYN_105,Z036
ENT_09581,SYN_105,Z064
ENT_09582,SYN_105,Z064
ENT_09583,SYN_105,Z064
ENT_09584,SYN_105,Z064
ENT_09585,SYN_105,Z064
ENT_09586,SYN_105,Z064
ENT_09587,SYN_105,Z064
ENT_09588,SYN_105,Z064
ENT_09589,SYN_105,Z036
ENT_09590,SYN_105,Z036
ENT_09591,SYN_105,Z064
ENT_09592,SYN_105,Z064
ENT_09593,SYN_105,Z064
ENT_09594,SYN_105,Z036
ENT_09595,SYN_105,Z064
ENT_09596,SYN_105,Z036
ENT_09597,SYN_105,Z036
ENT_09598,SYN_105,Z036
ENT_09599,SYN_105,Z036
ENT_09600,SYN_105,Z036
ENT_09601,SYN_105,Z036
ENT_09602,SYN_105,Z064
ENT_09603,SYN_105,Z064
ENT_09604,SYN_105,Z064
ENT_09605,SYN_105,Z064
ENT_09606,SYN_105,Z036
ENT_09607,SYN_105,Z064
ENT_09608,SYN_105,Z036
ENT_09609,SYN_105,Z036
ENT_09610,SYN_105,Z064
ENT_09611,SYN_105,Z036
ENT_09612,SYN_105,Z036
ENT_09613,SYN_105,Z064
ENT_09614,SYN_105,Z064
ENT_09615,SYN_105,Z036
ENT_09616,SYN_105,Z036
ENT_09617,SYN_105,Z064
ENT_09618,SYN_105,Z064
ENT_09619,SYN_105,Z036
ENT_09620,SYN_105,Z064
ENT_09621,SYN_105,Z036
ENT_09622,SYN_105,Z064
ENT_09623,SYN_105,Z064
ENT_09624,SYN_105,Z036
ENT_09625,SYN_105,Z036
ENT_09626,SYN_105,Z064
ENT_09627,SYN_105,Z036
ENT_09628,SYN_105,Z064
ENT_09629,SYN_105,Z064
ENT_09630,SYN_105,Z064
ENT_09631,SYN_105,Z064
ENT_09632,SYN_105,Z036
ENT_09633,SYN_105,Z036
ENT_09634,SYN_105,Z064
ENT_09635,SYN_105,Z036
ENT_09636,SYN_105,Z064
ENT_09637,SYN_105,Z064
ENT_09638,SYN_105,Z064
ENT_09639,SYN_105,Z064
ENT_09640,SYN_105,Z064
ENT_09641,SYN_105,Z036
ENT_09642,SYN_105,Z036
ENT_09643,SYN_105,Z064
ENT_09644,SYN_105,Z036
ENT_09645,SYN_105,Z036
ENT_09646,SYN_105,Z036
ENT_09647,SYN_105,Z036
ENT_09648,SYN_105,Z064
ENT_09649,SYN_105,Z064
ENT_09650,SYN_105,Z064
ENT_09651,SYN_105,Z064
ENT_09652,SYN_105,Z064
ENT_09653,SYN_105,Z036
ENT_09654,SYN_105,Z036
ENT_09655,SYN_105,Z064
ENT_09656,SYN_105,Z036
ENT_09657,SYN_105,Z064
ENT_09658,SYN_105,Z064
ENT_09659,SYN_105,Z036
ENT_09660,SYN_105,Z036
ENT_09661,SYN_105,Z064
ENT_09662,SYN_105,Z064
ENT_09663,SYN_105,Z064
ENT_09664,SYN_105,Z036
ENT_09665,SYN_105,Z064
ENT_09666,SYN_105,Z036
ENT_09667,SYN_105,Z036
ENT_09668,SYN_105,Z064
ENT_09669,SYN_105,Z064
ENT_09670,SYN_105,Z036
ENT_09671,SYN_105,Z064
ENT_09672,SYN_105,Z064
ENT_09673,SYN_105,Z064
ENT_09674,SYN_105,Z064
ENT_09675,SYN_105,Z064
ENT_09676,SYN_105,Z064
ENT_09677,SYN_105,Z036
ENT_09678,SYN_105,Z036
ENT_09679,SYN_105,Z064
ENT_09680,SYN_105,Z036
ENT_09681,SYN_105,Z064
ENT_09682,SYN_106,Z059
ENT_09683,SYN_106,Z069
ENT_09684,SYN_106,Z069
ENT_09685,SYN_106,Z032
ENT_09686,SYN_106,Z069
ENT_09687,SYN_106,Z069
ENT_09688,SYN_106,Z059
ENT_09689,SYN_106,Z069
ENT_09690,SYN_106,Z032
ENT_09691,SYN_106,Z059
ENT_09692,SYN_106,Z059
ENT_09693,SYN_106,Z069
ENT_09694,SYN_106,Z032
ENT_09695,SYN_106,Z059
ENT_09696,SYN_106,Z032
ENT_09697,SYN_106,Z032
ENT_09698,SYN_106,Z059
ENT_09699,SYN_106,Z069
ENT_09700,SYN_106,Z032
ENT_09701,SYN_106,Z069
ENT_09702,SYN_106,Z059
ENT_09703,SYN_106,Z032
ENT_09704,SYN_106,Z059
ENT_09705,SYN_106,Z069
ENT_09706,SYN_106,Z032
ENT_09707,SYN_106,Z032
ENT_09708,SYN_106,Z032
ENT_09709,SYN_106,Z032
ENT_09710,SYN_106,Z069
ENT_09711,SYN_106,Z069
ENT_09712,SYN_106,Z032
ENT_09713,SYN_106,Z059
ENT_09714,SYN_106,Z059
ENT_09715,SYN_106,Z059
ENT_09716,SYN_106,Z069
ENT_09717,SYN_106,Z069
ENT_09718,SYN_106,Z032
ENT_09719,SYN_106,Z059
ENT_09720,SYN_106,Z069
ENT_09721,SYN_106,Z032
ENT_09722,SYN_106,Z032
ENT_09723,SYN_106,Z032
ENT_09724,SYN_106,Z069
ENT_09725,SYN_106,Z059
ENT_09726,SYN_106,Z032
ENT_09727,SYN_106,Z059
ENT_09728,SYN_106,Z069
ENT_09729,SYN_106,Z069
ENT_09730,SYN_106,Z069
ENT_09731,SYN_106,Z069
ENT_09732,SYN_106,Z032
ENT_09733,SYN_106,Z059
ENT_09734,SYN_106,Z059
ENT_09735,SYN_106,Z032
ENT_09736,SYN_106,Z069
ENT_09737,SYN_106,Z032
ENT_09738,SYN_106,Z032
ENT_09739,SYN_106,Z032
ENT_09740,SYN_106,Z069
ENT_09741,SYN_106,Z059
ENT_09742,SYN_106,Z059
ENT_09743,SYN_106,Z059
ENT_09744,SYN_106,Z069
ENT_09745,SYN_106,Z059
ENT_09746,SYN_106,Z032
ENT_09747,SYN_107,Z030
ENT_09748,SYN_107,Z030
ENT_09749,SYN_107,Z030
ENT_09750,SYN_107,Z030
ENT_09751,SYN_107,Z030
ENT_09752,SYN_107,Z030
ENT_09753,SYN_107,Z030
ENT_09754,SYN_107,Z030
ENT_09755,SYN_107,Z030
ENT_09756,SYN_107,Z030
ENT_09757,SYN_107,Z030
ENT_09758,SYN_107,Z030
ENT_09759,SYN_107,Z030
ENT_09760,SYN_107,Z030
ENT_09761,SYN_107,Z030
ENT_09762,SYN_107,Z030
ENT_09763,SYN_107,Z030
ENT_09764,SYN_107,Z030
ENT_09765,SYN_107,Z030
ENT_09766,SYN_107,Z030
ENT_09767,SYN_107,Z030
ENT_09768,SYN_107,Z030
ENT_09769,SYN_107,Z030
ENT_09770,SYN_107,Z030
ENT_09771,SYN_107,Z030
ENT_09772,SYN_107,Z030
ENT_09773,SYN_107,Z030
ENT_09774,SYN_107,Z030
ENT_09775,SYN_107,Z030
ENT_09776,SYN_107,Z030
ENT_09777,SYN_107,Z030
ENT_09778,SYN_107,Z030
ENT_09779,SYN_107,Z030
ENT_09780,SYN_107,Z030
ENT_09781,SYN_107,Z030
ENT_09782,SYN_107,Z030
ENT_09783,SYN_108,Z020
ENT_09784,SYN_108,Z051
ENT_09785,SYN_108,Z020
ENT_09786,SYN_108,Z051
ENT_09787,SYN_108,Z020
ENT_09788,SYN_108,Z040
ENT_09789,SYN_108,Z051
ENT_09790,SYN_108,Z020
ENT_09791,SYN_108,Z051
ENT_09792,SYN_108,Z020
ENT_09793,SYN_108,Z020
ENT_09794,SYN_108,Z051
ENT_09795,SYN_108,Z040
ENT_09796,SYN_108,Z051
ENT_09797,SYN_108,Z040
ENT_09798,SYN_108,Z051
ENT_09799,SYN_108,Z051
ENT_09800,SYN_108,Z040
ENT_09801,SYN_108,Z040
ENT_09802,SYN_108,Z020
ENT_09803,SYN_108,Z051
ENT_09804,SYN_108,Z020
ENT_09805,SYN_108,Z051
ENT_09806,SYN_108,Z040
ENT_09807,SYN_108,Z040
ENT_09808,SYN_108,Z040
ENT_09809,SYN_108,Z051
ENT_09810,SYN_108,Z051
ENT_09811,SYN_108,Z020
ENT_09812,SYN_108,Z020
ENT_09813,SYN_108,Z020
ENT_09814,SYN_108,Z040
ENT_09815,SYN_108,Z020
ENT_09816,SYN_108,Z020
ENT_09817,SYN_108,Z040
ENT_09818,SYN_108,Z051
ENT_09819,SYN_108,Z020
ENT_09820,SYN_108,Z040
ENT_09821,SYN_108,Z020
ENT_09822,SYN_108,Z051
ENT_09823,SYN_108,Z040
ENT_09824,SYN_108,Z051
ENT_09825,SYN_108,Z040
ENT_09826,SYN_108,Z040
ENT_09827,SYN_108,Z020
ENT_09828,SYN_108,Z020
ENT_09829,SYN_108,Z040
ENT_09830,SYN_108,Z040
ENT_09831,SYN_108,Z040
ENT_09832,SYN_108,Z040
ENT_09833,SYN_108,Z020
ENT_09834,SYN_108,Z020
ENT_09835,SYN_108,Z051
ENT_09836,SYN_108,Z051
ENT_09837,SYN_108,Z020
ENT_09838,SYN_108,Z040
ENT_09839,SYN_108,Z040
ENT_09840,SYN_108,Z051
ENT_09841,SYN_108,Z020
ENT_09842,SYN_108,Z020
ENT_09843,SYN_108,Z020
ENT_09844,SYN_108,Z020
ENT_09845,SYN_108,Z040
ENT_09846,SYN_108,Z020
ENT_09847,SYN_108,Z040
ENT_09848,SYN_108,Z040
ENT_09849,SYN_108,Z040
ENT_09850,SYN_108,Z040
ENT_09851,SYN_108,Z051
ENT_09852,SYN_108,Z051
ENT_09853,SYN_108,Z020
ENT_09854,SYN_108,Z051
ENT_09855,SYN_108,Z020
ENT_09856,SYN_108,Z051
ENT_09857,SYN_108,Z020
ENT_09858,SYN_108,Z051
ENT_09859,SYN_109,Z011
ENT_09860,SYN_109,Z011
ENT_09861,SYN_109,Z011
ENT_09862,SYN_109,Z011
ENT_09863,SYN_109,Z011
ENT_09864,SYN_109,Z011
ENT_09865,SYN_109,Z011
ENT_09866,SYN_109,Z011
ENT_09867,SYN_109,Z011
ENT_09868,SYN_109,Z011
ENT_09869,SYN_109,Z011
ENT_09870,SYN_109,Z011
ENT_09871,SYN_109,Z011
ENT_09872,SYN_109,Z011
ENT_09873,SYN_109,Z011
ENT_09874,SYN_109,Z011
ENT_09875,SYN_109,Z011
ENT_09876,SYN_109,Z011
ENT_09877,SYN_109,Z011
ENT_09878,SYN_109,Z011
ENT_09879,SYN_109,Z011
ENT_09880,SYN_109,Z011
ENT_09881,SYN_109,Z011
ENT_09882,SYN_109,Z011
ENT_09883,SYN_109,Z011
ENT_09884,SYN_109,Z011
ENT_09885,SYN_109,Z011
ENT_09886,SYN_109,Z011
ENT_09887,SYN_109,Z011
ENT_09888,SYN_109,Z011
ENT_09889,SYN_109,Z011
ENT_09890,SYN_109,Z011
ENT_09891,SYN_109,Z011
ENT_09892,SYN_109,Z011
ENT_09893,SYN_109,Z011
ENT_09894,SYN_109,Z011
ENT_09895,SYN_109,Z011
ENT_09896,SYN_109,Z011
ENT_09897,SYN_109,Z011
ENT_09898,SYN_109,Z011
ENT_09899,SYN_109,Z011
ENT_09900,SYN_109,Z011
ENT_09901,SYN_109,Z011
ENT_09902,SYN_109,Z011
ENT_09903,SYN_109,Z011
ENT_09904,SYN_109,Z011
ENT_09905,SYN_109,Z011
ENT_09906,SYN_109,Z011
ENT_09907,SYN_109,Z011
ENT_09908,SYN_109,Z011
ENT_09909,SYN_109,Z011
ENT_09910,SYN_109,Z011
ENT_09911,SYN_109,Z011
ENT_09912,SYN_109,Z011
ENT_09913,SYN_109,Z011
ENT_09914,SYN_109,Z011
ENT_09915,SYN_109,Z011
ENT_09916,SYN_109,Z011
ENT_09917,SYN_109,Z011
ENT_09918,SYN_109,Z011
ENT_09919,SYN_109,Z011
ENT_09920,SYN_109,Z011
ENT_09921,SYN_109,Z011
ENT_09922,SYN_109,Z011
ENT_09923,SYN_109,Z011
ENT_09924,SYN_109,Z011
ENT_09925,SYN_109,Z011
ENT_09926,SYN_109,Z011
ENT_09927,SYN_109,Z011
ENT_09928,SYN_109,Z011
ENT_09929,SYN_109,Z011
ENT_09930,SYN_109,Z011
ENT_09931,SYN_109,Z011
ENT_09932,SYN_109,Z011
ENT_09933,SYN_109,Z011
ENT_09934,SYN_109,Z011
ENT_09935,SYN_109,Z011
ENT_09936,SYN_109,Z011
ENT_09937,SYN_109,Z011
ENT_09938,SYN_109,Z011
ENT_09939,SYN_109,Z011
ENT_09940,SYN_109,Z011
ENT_09941,SYN_109,Z011
ENT_09942,SYN_109,Z011
ENT_09943,SYN_109,Z011
ENT_09944,SYN_109,Z011
ENT_09945,SYN_109,Z011
ENT_09946,SYN_109,Z011
ENT_09947,SYN_110,Z027
ENT_09948,SYN_110,Z036
ENT_09949,SYN_110,Z036
ENT_09950,SYN_110,Z036
ENT_09951,SYN_110,Z023
ENT_09952,SYN_110,Z023
ENT_09953,SYN_110,Z023
ENT_09954,SYN_110,Z023
ENT_09955,SYN_110,Z036
ENT_09956,SYN_110,Z023
ENT_09957,SYN_110,Z027
ENT_09958,SYN_110,Z027
ENT_09959,SYN_110,Z036
ENT_09960,SYN_110,Z023
ENT_09961,SYN_110,Z036
ENT_09962,SYN_110,Z036
ENT_09963,SYN_110,Z023
ENT_09964,SYN_110,Z023
ENT_09965,SYN_110,Z027
ENT_09966,SYN_110,Z036
ENT_09967,SYN_110,Z036
ENT_09968,SYN_110,Z023
ENT_09969,SYN_110,Z036
ENT_09970,SYN_110,Z027
ENT_09971,SYN_110,Z027
ENT_09972,SYN_111,Z007
ENT_09973,SYN_111,Z007
ENT_09974,SYN_111,Z007
ENT_09975,SYN_111,Z007
ENT_09976,SYN_111,Z007
ENT_09977,SYN_111,Z007
ENT_09978,SYN_111,Z007
ENT_09979,SYN_111,Z007
ENT_09980,SYN_111,Z007
ENT_09981,SYN_111,Z007
ENT_09982,SYN_111,Z007
ENT_09983,SYN_111,Z007
ENT_09984,SYN_111,Z007
ENT_09985,SYN_111,Z007
ENT_09986,SYN_111,Z007
ENT_09987,SYN_111,Z007
ENT_09988,SYN_111,Z007
ENT_09989,SYN_111,Z007
ENT_09990,SYN_111,Z007
ENT_09991,SYN_111,Z007
ENT_09992,SYN_111,Z007
ENT_09993,SYN_111,Z007
ENT_09994,SYN_111,Z007
ENT_09995,SYN_111,Z007
ENT_09996,SYN_111,Z007
ENT_09997,SYN_111,Z007
ENT_09998,SYN_111,Z007
ENT_09999,SYN_111,Z007
ENT_10000,SYN_111,Z007
ENT_10001,SYN_111,Z007
ENT_10002,SYN_111,Z007
ENT_10003,SYN_111,Z007
ENT_10004,SYN_111,Z007
ENT_10005,SYN_111,Z007
ENT_10006,SYN_111,Z007
ENT_10007,SYN_111,Z007
ENT_10008,SYN_111,Z007
ENT_10009,SYN_111,Z007
ENT_10010,SYN_111,Z007
ENT_10011,SYN_111,Z007
ENT_10012,SYN_111,Z007
ENT_10013,SYN_111,Z007
ENT_10014,SYN_111,Z007
ENT_10015,SYN_111,Z007
ENT_10016,SYN_111,Z007
ENT_10017,SYN_111,Z007
ENT_10018,SYN_111,Z007
ENT_10019,SYN_111,Z007
ENT_10020,SYN_111,Z007
ENT_10021,SYN_111,Z007
ENT_10022,SYN_111,Z007
ENT_10023,SYN_111,Z007
ENT_10024,SYN_111,Z007
ENT_10025,SYN_111,Z007
ENT_10026,SYN_111,Z007
ENT_10027,SYN_111,Z007
ENT_10028,SYN_111,Z007
ENT_10029,SYN_111,Z007
ENT_10030,SYN_111,Z007
ENT_10031,SYN_111,Z007
ENT_10032,SYN_111,Z007
ENT_10033,SYN_111,Z007
ENT_10034,SYN_111,Z007
ENT_10035,SYN_111,Z007
ENT_10036,SYN_111,Z007
ENT_10037,SYN_111,Z007
ENT_10038,SYN_111,Z007
ENT_10039,SYN_111,Z007
ENT_10040,SYN_111,Z007
ENT_10041,SYN_111,Z007
ENT_10042,SYN_111,Z007
ENT_10043,SYN_111,Z007
ENT_10044,SYN_111,Z007
ENT_10045,SYN_111,Z007
ENT_10046,SYN_111,Z007
ENT_10047,SYN_111,Z007
ENT_10048,SYN_111,Z007
ENT_10049,SYN_111,Z007
ENT_10050,SYN_111,Z007
ENT_10051,SYN_111,Z007
ENT_10052,SYN_111,Z007
ENT_10053,SYN_111,Z007
ENT_10054,SYN_111,Z007
ENT_10055,SYN_111,Z007
ENT_10056,SYN_111,Z007
ENT_10057,SYN_111,Z007
ENT_10058,SYN_111,Z007
ENT_10059,SYN_111,Z007
ENT_10060,SYN_111,Z007
ENT_10061,SYN_111,Z007
ENT_10062,SYN_112,Z011
ENT_10063,SYN_112,Z015
ENT_10064,SYN_112,Z015
ENT_10065,SYN_112,Z015
ENT_10066,SYN_112,Z011
ENT_10067,SYN_112,Z015
ENT_10068,SYN_112,Z015
ENT_10069,SYN_112,Z015
ENT_10070,SYN_112,Z015
ENT_10071,SYN_112,Z011
ENT_10072,SYN_112,Z015
ENT_10073,SYN_112,Z015
ENT_10074,SYN_112,Z015
ENT_10075,SYN_112,Z015
ENT_10076,SYN_112,Z011
ENT_10077,SYN_112,Z011
ENT_10078,SYN_112,Z015
ENT_10079,SYN_112,Z011
ENT_10080,SYN_112,Z015
ENT_10081,SYN_112,Z011
ENT_10082,SYN_112,Z015
ENT_10083,SYN_112,Z011
ENT_10084,SYN_112,Z015
ENT_10085,SYN_112,Z011
ENT_10086,SYN_112,Z011
ENT_10087,SYN_112,Z015
ENT_10088,SYN_112,Z015
ENT_10089,SYN_112,Z011
ENT_10090,SYN_112,Z015
ENT_10091,SYN_112,Z015
ENT_10092,SYN_112,Z011
ENT_10093,SYN_112,Z011
ENT_10094,SYN_112,Z015
ENT_10095,SYN_112,Z011
ENT_10096,SYN_112,Z015
ENT_10097,SYN_112,Z015
ENT_10098,SYN_112,Z011
ENT_10099,SYN_112,Z011
ENT_10100,SYN_112,Z015
ENT_10101,SYN_112,Z011
ENT_10102,SYN_112,Z011
ENT_10103,SYN_112,Z011
ENT_10104,SYN_112,Z015
ENT_10105,SYN_112,Z011
ENT_10106,SYN_112,Z011
ENT_10107,SYN_112,Z011
ENT_10108,SYN_112,Z015
ENT_10109,SYN_112,Z015
ENT_10110,SYN_112,Z015
ENT_10111,SYN_112,Z015
ENT_10112,SYN_112,Z011
ENT_10113,SYN_112,Z011
ENT_10114,SYN_112,Z011
ENT_10115,SYN_112,Z015
ENT_10116,SYN_112,Z011
ENT_10117,SYN_112,Z011
ENT_10118,SYN_112,Z015
ENT_10119,SYN_112,Z015
ENT_10120,SYN_112,Z015
ENT_10121,SYN_112,Z011
ENT_10122,SYN_112,Z011
ENT_10123,SYN_112,Z011
ENT_10124,SYN_112,Z011
ENT_10125,SYN_112,Z011
ENT_10126,SYN_112,Z015
ENT_10127,SYN_112,Z011
ENT_10128,SYN_112,Z015
ENT_10129,SYN_112,Z011
ENT_10130,SYN_113,Z014
ENT_10131,SYN_113,Z014
ENT_10132,SYN_113,Z014
ENT_10133,SYN_113,Z014
ENT_10134,SYN_113,Z014
ENT_10135,SYN_113,Z016
ENT_10136,SYN_113,Z016
ENT_10137,SYN_113,Z014
ENT_10138,SYN_113,Z016
ENT_10139,SYN_113,Z016
ENT_10140,SYN_113,Z014
ENT_10141,SYN_113,Z016
ENT_10142,SYN_113,Z016
ENT_10143,SYN_113,Z016
ENT_10144,SYN_113,Z016
ENT_10145,SYN_113,Z016
ENT_10146,SYN_113,Z016
ENT_10147,SYN_113,Z014
ENT_10148,SYN_113,Z016
ENT_10149,SYN_113,Z014
ENT_10150,SYN_113,Z014
ENT_10151,SYN_113,Z014
ENT_10152,SYN_113,Z014
ENT_10153,SYN_113,Z014
ENT_10154,SYN_113,Z014
ENT_10155,SYN_113,Z014
ENT_10156,SYN_113,Z016
ENT_10157,SYN_113,Z016
ENT_10158,SYN_113,Z016
ENT_10159,SYN_113,Z016
ENT_10160,SYN_113,Z014
ENT_10161,SYN_113,Z016
ENT_10162,SYN_113,Z016
ENT_10163,SYN_113,Z014
ENT_10164,SYN_113,Z016
ENT_10165,SYN_113,Z014
ENT_10166,SYN_113,Z016
ENT_10167,SYN_113,Z016
ENT_10168,SYN_113,Z014
ENT_10169,SYN_113,Z014
ENT_10170,SYN_113,Z014
ENT_10171,SYN_113,Z016
ENT_10172,SYN_113,Z014
ENT_10173,SYN_113,Z014
ENT_10174,SYN_113,Z016
ENT_10175,SYN_113,Z016
ENT_10176,SYN_113,Z014
ENT_10177,SYN_113,Z016
ENT_10178,SYN_113,Z016
ENT_10179,SYN_113,Z014
ENT_10180,SYN_113,Z016
ENT_10181,SYN_113,Z014
ENT_10182,SYN_113,Z016
ENT_10183,SYN_113,Z014
ENT_10184,SYN_113,Z016
ENT_10185,SYN_113,Z016
ENT_10186,SYN_113,Z014
ENT_10187,SYN_113,Z016
ENT_10188,SYN_113,Z014
ENT_10189,SYN_113,Z016
ENT_10190,SYN_113,Z014
ENT_10191,SYN_113,Z016
ENT_10192,SYN_113,Z016
ENT_10193,SYN_113,Z016
ENT_10194,SYN_113,Z016
ENT_10195,SYN_113,Z016
ENT_10196,SYN_113,Z016
ENT_10197,SYN_113,Z016
ENT_10198,SYN_113,Z014
ENT_10199,SYN_113,Z014
ENT_10200,SYN_113,Z014
ENT_10201,SYN_113,Z016
ENT_10202,SYN_113,Z014
ENT_10203,SYN_113,Z016
ENT_10204,SYN_113,Z016
ENT_10205,SYN_113,Z016
ENT_10206,SYN_113,Z014
ENT_10207,SYN_113,Z014
ENT_10208,SYN_113,Z014
ENT_10209,SYN_113,Z016
ENT_10210,SYN_113,Z016
ENT_10211,SYN_114,Z019
ENT_10212,SYN_114,Z072
ENT_10213,SYN_114,Z022
ENT_10214,SYN_114,Z022
ENT_10215,SYN_114,Z019
ENT_10216,SYN_114,Z072
ENT_10217,SYN_114,Z022
ENT_10218,SYN_114,Z019
ENT_10219,SYN_114,Z019
ENT_10220,SYN_114,Z072
ENT_10221,SYN_114,Z019
ENT_10222,SYN_114,Z072
ENT_10223,SYN_114,Z022
ENT_10224,SYN_114,Z072
ENT_10225,SYN_114,Z022
ENT_10226,SYN_114,Z072
ENT_10227,SYN_114,Z022
ENT_10228,SYN_114,Z072
ENT_10229,SYN_114,Z022
ENT_10230,SYN_114,Z072
ENT_10231,SYN_114,Z019
ENT_10232,SYN_114,Z072
ENT_10233,SYN_114,Z072
ENT_10234,SYN_114,Z072
ENT_10235,SYN_114,Z019
ENT_10236,SYN_114,Z072
ENT_10237,SYN_114,Z019
ENT_10238,SYN_114,Z072
ENT_10239,SYN_114,Z019
ENT_10240,SYN_114,Z019
ENT_10241,SYN_114,Z019
ENT_10242,SYN_114,Z022
ENT_10243,SYN_114,Z019
ENT_10244,SYN_114,Z072
ENT_10245,SYN_114,Z072
ENT_10246,SYN_114,Z022
ENT_10247,SYN_114,Z072
ENT_10248,SYN_114,Z072
ENT_10249,SYN_114,Z022
ENT_10250,SYN_114,Z022
ENT_10251,SYN_114,Z019
ENT_10252,SYN_114,Z019
ENT_10253,SYN_114,Z022
ENT_10254,SYN_114,Z019
ENT_10255,SYN_114,Z072
ENT_10256,SYN_114,Z072
ENT_10257,SYN_114,Z022
ENT_10258,SYN_114,Z072
ENT_10259,SYN_114,Z072
ENT_10260,SYN_114,Z019
ENT_10261,SYN_114,Z022
ENT_10262,SYN_114,Z022
ENT_10263,SYN_114,Z072
ENT_10264,SYN_114,Z072
ENT_10265,SYN_114,Z072
ENT_10266,SYN_114,Z072
ENT_10267,SYN_114,Z019
ENT_10268,SYN_114,Z022
ENT_10269,SYN_114,Z072
ENT_10270,SYN_114,Z072
ENT_10271,SYN_114,Z019
ENT_10272,SYN_114,Z022
ENT_10273,SYN_114,Z072
ENT_10274,SYN_114,Z072
ENT_10275,SYN_114,Z072
ENT_10276,SYN_114,Z022
ENT_10277,SYN_114,Z072
ENT_10278,SYN_114,Z019
ENT_10279,SYN_114,Z072
ENT_10280,SYN_114,Z072
ENT_10281,SYN_114,Z022
ENT_10282,SYN_114,Z072
ENT_10283,SYN_114,Z019
ENT_10284,SYN_114,Z019
ENT_10285,SYN_114,Z019
ENT_10286,SYN_114,Z019
ENT_10287,SYN_114,Z072
ENT_10288,SYN_114,Z022
ENT_10289,SYN_114,Z022
ENT_10290,SYN_114,Z019
ENT_10291,SYN_114,Z072
ENT_10292,SYN_114,Z019
ENT_10293,SYN_114,Z022
ENT_10294,SYN_114,Z022
ENT_10295,SYN_114,Z072
ENT_10296,SYN_114,Z072
ENT_10297,SYN_114,Z022
ENT_10298,SYN_114,Z072
ENT_10299,SYN_114,Z019
ENT_10300,SYN_114,Z072
ENT_10301,SYN_114,Z072
ENT_10302,SYN_114,Z072
ENT_10303,SYN_114,Z072
ENT_10304,SYN_114,Z072
ENT_10305,SYN_114,Z019
ENT_10306,SYN_114,Z022
ENT_10307,SYN_114,Z072
ENT_10308,SYN_114,Z019
ENT_10309,SYN_114,Z019
ENT_10310,SYN_114,Z022
ENT_10311,SYN_114,Z072
ENT_10312,SYN_114,Z072
ENT_10313,SYN_114,Z072
ENT_10314,SYN_114,Z022
ENT_10315,SYN_114,Z022
ENT_10316,SYN_114,Z072
ENT_10317,SYN_114,Z072
ENT_10318,SYN_114,Z022
ENT_10319,SYN_114,Z019
ENT_10320,SYN_114,Z019
ENT_10321,SYN_114,Z072
ENT_10322,SYN_114,Z072
ENT_10323,SYN_114,Z072
ENT_10324,SYN_114,Z072
ENT_10325,SYN_115,Z075
ENT_10326,SYN_115,Z038
ENT_10327,SYN_115,Z075
ENT_10328,SYN_115,Z038
ENT_10329,SYN_115,Z075
ENT_10330,SYN_115,Z075
ENT_10331,SYN_115,Z075
ENT_10332,SYN_115,Z075
ENT_10333,SYN_115,Z038
ENT_10334,SYN_115,Z038
ENT_10335,SYN_115,Z038
ENT_10336,SYN_115,Z038
ENT_10337,SYN_115,Z038
ENT_10338,SYN_115,Z075
ENT_10339,SYN_115,Z075
ENT_10340,SYN_115,Z075
ENT_10341,SYN_115,Z038
ENT_10342,SYN_115,Z038
ENT_10343,SYN_115,Z075
ENT_10344,SYN_115,Z038
ENT_10345,SYN_115,Z038
ENT_10346,SYN_115,Z075
ENT_10347,SYN_115,Z075
ENT_10348,SYN_115,Z038
ENT_10349,SYN_115,Z075
ENT_10350,SYN_115,Z038
ENT_10351,SYN_115,Z075
ENT_10352,SYN_115,Z075
ENT_10353,SYN_115,Z075
ENT_10354,SYN_115,Z038
ENT_10355,SYN_115,Z038
ENT_10356,SYN_115,Z075
ENT_10357,SYN_115,Z075
ENT_10358,SYN_115,Z038
ENT_10359,SYN_115,Z038
ENT_10360,SYN_115,Z075
ENT_10361,SYN_115,Z075
ENT_10362,SYN_115,Z038
ENT_10363,SYN_115,Z038
ENT_10364,SYN_115,Z038
ENT_10365,SYN_115,Z075
ENT_10366,SYN_115,Z075
ENT_10367,SYN_115,Z075
ENT_10368,SYN_115,Z038
ENT_10369,SYN_115,Z075
ENT_10370,SYN_115,Z075
ENT_10371,SYN_115,Z038
ENT_10372,SYN_115,Z075
ENT_10373,SYN_115,Z075
ENT_10374,SYN_115,Z075
ENT_10375,SYN_115,Z038
ENT_10376,SYN_115,Z038
ENT_10377,SYN_115,Z075
ENT_10378,SYN_115,Z038
ENT_10379,SYN_115,Z075
ENT_10380,SYN_115,Z038
ENT_10381,SYN_115,Z075
ENT_10382,SYN_115,Z038
ENT_10383,SYN_115,Z038
ENT_10384,SYN_115,Z038
ENT_10385,SYN_115,Z038
ENT_10386,SYN_115,Z038
ENT_10387,SYN_115,Z075
ENT_10388,SYN_115,Z075
ENT_10389,SYN_115,Z038
ENT_10390,SYN_115,Z075
ENT_10391,SYN_115,Z075
ENT_10392,SYN_115,Z038
ENT_10393,SYN_115,Z075
ENT_10394,SYN_115,Z038
ENT_10395,SYN_115,Z038
ENT_10396,SYN_115,Z038
ENT_10397,SYN_115,Z075
ENT_10398,SYN_115,Z075
ENT_10399,SYN_115,Z038
ENT_10400,SYN_115,Z075
ENT_10401,SYN_115,Z075
ENT_10402,SYN_115,Z038
ENT_10403,SYN_115,Z075
ENT_10404,SYN_115,Z038
ENT_10405,SYN_115,Z075
ENT_10406,SYN_115,Z038
ENT_10407,SYN_115,Z075
ENT_10408,SYN_115,Z075
ENT_10409,SYN_115,Z038
ENT_10410,SYN_115,Z038
ENT_10411,SYN_115,Z038
ENT_10412,SYN_115,Z038
ENT_10413,SYN_115,Z038
ENT_10414,SYN_115,Z038
ENT_10415,SYN_115,Z038
ENT_10416,SYN_115,Z075
ENT_10417,SYN_115,Z075
ENT_10418,SYN_115,Z038
ENT_10419,SYN_115,Z038
ENT_10420,SYN_115,Z075
ENT_10421,SYN_115,Z075
ENT_10422,SYN_115,Z038
ENT_10423,SYN_115,Z075
ENT_10424,SYN_115,Z038
ENT_10425,SYN_115,Z038
ENT_10426,SYN_115,Z075
ENT_10427,SYN_115,Z075
ENT_10428,SYN_115,Z075
ENT_10429,SYN_115,Z038
ENT_10430,SYN_115,Z075
ENT_10431,SYN_115,Z038
ENT_10432,SYN_115,Z038
ENT_10433,SYN_115,Z075
ENT_10434,SYN_115,Z075
ENT_10435,SYN_115,Z038
ENT_10436,SYN_115,Z075
ENT_10437,SYN_115,Z075
ENT_10438,SYN_115,Z038
ENT_10439,SYN_115,Z038
ENT_10440,SYN_115,Z075
ENT_10441,SYN_115,Z038
ENT_10442,SYN_115,Z038
ENT_10443,SYN_115,Z075
ENT_10444,SYN_115,Z075
ENT_10445,SYN_115,Z038
ENT_10446,SYN_115,Z075
ENT_10447,SYN_115,Z075
ENT_10448,SYN_115,Z038
ENT_10449,SYN_115,Z038
ENT_10450,SYN_115,Z038
ENT_10451,SYN_115,Z038
ENT_10452,SYN_115,Z038
ENT_10453,SYN_115,Z038
ENT_10454,SYN_115,Z075
ENT_10455,SYN_115,Z075
ENT_10456,SYN_115,Z038
ENT_10457,SYN_115,Z075
ENT_10458,SYN_115,Z038
ENT_10459,SYN_115,Z038
ENT_10460,SYN_115,Z075
ENT_10461,SYN_115,Z038
ENT_10462,SYN_115,Z038
ENT_10463,SYN_115,Z075
ENT_10464,SYN_115,Z075
ENT_10465,SYN_115,Z038
ENT_10466,SYN_115,Z075
ENT_10467,SYN_115,Z075
ENT_10468,SYN_115,Z075
ENT_10469,SYN_115,Z075
ENT_10470,SYN_115,Z075
ENT_10471,SYN_115,Z038
ENT_10472,SYN_115,Z075
ENT_10473,SYN_115,Z075
ENT_10474,SYN_115,Z038
ENT_10475,SYN_115,Z038
ENT_10476,SYN_115,Z038
ENT_10477,SYN_115,Z075
ENT_10478,SYN_115,Z038
ENT_10479,SYN_115,Z075
ENT_10480,SYN_115,Z075
ENT_10481,SYN_115,Z038
ENT_10482,SYN_115,Z075
ENT_10483,SYN_115,Z038
ENT_10484,SYN_115,Z038
ENT_10485,SYN_116,Z045
ENT_10486,SYN_116,Z060
ENT_10487,SYN_116,Z045
ENT_10488,SYN_116,Z060
ENT_10489,SYN_116,Z045
ENT_10490,SYN_116,Z060
ENT_10491,SYN_116,Z060
ENT_10492,SYN_116,Z060
ENT_10493,SYN_116,Z045
ENT_10494,SYN_116,Z045
ENT_10495,SYN_116,Z060
ENT_10496,SYN_116,Z060
ENT_10497,SYN_116,Z060
ENT_10498,SYN_116,Z060
ENT_10499,SYN_116,Z060
ENT_10500,SYN_116,Z060
ENT_10501,SYN_116,Z045
ENT_10502,SYN_116,Z045
ENT_10503,SYN_116,Z060
ENT_10504,SYN_116,Z045
ENT_10505,SYN_116,Z045
ENT_10506,SYN_116,Z060
ENT_10507,SYN_116,Z045
ENT_10508,SYN_116,Z060
ENT_10509,SYN_116,Z045
ENT_10510,SYN_116,Z045
ENT_10511,SYN_116,Z060
ENT_10512,SYN_116,Z045
ENT_10513,SYN_116,Z060
ENT_10514,SYN_116,Z045
ENT_10515,SYN_116,Z045
ENT_10516,SYN_116,Z060
ENT_10517,SYN_116,Z060
ENT_10518,SYN_116,Z045
ENT_10519,SYN_116,Z060
ENT_10520,SYN_116,Z060
ENT_10521,SYN_116,Z060
ENT_10522,SYN_116,Z060
ENT_10523,SYN_116,Z060
ENT_10524,SYN_116,Z060
ENT_10525,SYN_116,Z045
ENT_10526,SYN_116,Z060
ENT_10527,SYN_116,Z045
ENT_10528,SYN_116,Z060
ENT_10529,SYN_116,Z045
ENT_10530,SYN_116,Z060
ENT_10531,SYN_116,Z060
ENT_10532,SYN_116,Z060
ENT_10533,SYN_116,Z060
ENT_10534,SYN_116,Z045
ENT_10535,SYN_116,Z060
ENT_10536,SYN_116,Z060
ENT_10537,SYN_116,Z045
ENT_10538,SYN_116,Z045
ENT_10539,SYN_116,Z045
ENT_10540,SYN_116,Z060
ENT_10541,SYN_116,Z060
ENT_10542,SYN_116,Z060
ENT_10543,SYN_116,Z060
ENT_10544,SYN_116,Z045
ENT_10545,SYN_116,Z045
ENT_10546,SYN_116,Z060
ENT_10547,SYN_116,Z060
ENT_10548,SYN_116,Z060
ENT_10549,SYN_116,Z045
ENT_10550,SYN_116,Z060
ENT_10551,SYN_116,Z060
ENT_10552,SYN_116,Z045
ENT_10553,SYN_116,Z045
ENT_10554,SYN_116,Z060
ENT_10555,SYN_116,Z045
ENT_10556,SYN_116,Z045
ENT_10557,SYN_116,Z060
ENT_10558,SYN_116,Z045
ENT_10559,SYN_116,Z060
ENT_10560,SYN_116,Z060
ENT_10561,SYN_116,Z060
ENT_10562,SYN_116,Z045
ENT_10563,SYN_116,Z060
ENT_10564,SYN_116,Z060
ENT_10565,SYN_116,Z045
ENT_10566,SYN_116,Z045
ENT_10567,SYN_116,Z060
ENT_10568,SYN_116,Z060
ENT_10569,SYN_116,Z060
ENT_10570,SYN_116,Z060
ENT_10571,SYN_116,Z045
ENT_10572,SYN_116,Z045
ENT_10573,SYN_116,Z045
ENT_10574,SYN_116,Z060
ENT_10575,SYN_116,Z060
ENT_10576,SYN_116,Z045
ENT_10577,SYN_116,Z045
ENT_10578,SYN_116,Z045
ENT_10579,SYN_116,Z060
ENT_10580,SYN_116,Z060
ENT_10581,SYN_116,Z045
ENT_10582,SYN_116,Z060
ENT_10583,SYN_116,Z060
ENT_10584,SYN_116,Z045
ENT_10585,SYN_116,Z060
ENT_10586,SYN_116,Z060
ENT_10587,SYN_116,Z045
ENT_10588,SYN_117,Z047
ENT_10589,SYN_117,Z047
ENT_10590,SYN_117,Z035
ENT_10591,SYN_117,Z030
ENT_10592,SYN_117,Z047
ENT_10593,SYN_117,Z035
ENT_10594,SYN_117,Z035
ENT_10595,SYN_117,Z047
ENT_10596,SYN_117,Z047
ENT_10597,SYN_117,Z030
ENT_10598,SYN_117,Z047
ENT_10599,SYN_117,Z047
ENT_10600,SYN_117,Z030
ENT_10601,SYN_117,Z047
ENT_10602,SYN_117,Z047
ENT_10603,SYN_117,Z047
ENT_10604,SYN_117,Z047
ENT_10605,SYN_117,Z047
ENT_10606,SYN_117,Z047
ENT_10607,SYN_117,Z047
ENT_10608,SYN_117,Z035
ENT_10609,SYN_117,Z047
ENT_10610,SYN_117,Z047
ENT_10611,SYN_117,Z030
ENT_10612,SYN_117,Z047
ENT_10613,SYN_117,Z047
ENT_10614,SYN_117,Z030
ENT_10615,SYN_117,Z047
ENT_10616,SYN_117,Z047
ENT_10617,SYN_117,Z035
ENT_10618,SYN_117,Z030
ENT_10619,SYN_117,Z047
ENT_10620,SYN_117,Z047
ENT_10621,SYN_117,Z047
ENT_10622,SYN_117,Z030
ENT_10623,SYN_117,Z047
ENT_10624,SYN_117,Z047
ENT_10625,SYN_117,Z030
ENT_10626,SYN_117,Z030
ENT_10627,SYN_117,Z047
ENT_10628,SYN_117,Z030
ENT_10629,SYN_117,Z035
ENT_10630,SYN_117,Z030
ENT_10631,SYN_117,Z047
ENT_10632,SYN_117,Z035
ENT_10633,SYN_117,Z035
ENT_10634,SYN_117,Z030
ENT_10635,SYN_117,Z047
ENT_10636,SYN_117,Z047
ENT_10637,SYN_117,Z047
ENT_10638,SYN_118,Z058
ENT_10639,SYN_118,Z074
ENT_10640,SYN_118,Z074
ENT_10641,SYN_118,Z058
ENT_10642,SYN_118,Z074
ENT_10643,SYN_118,Z074
ENT_10644,SYN_118,Z058
ENT_10645,SYN_118,Z074
ENT_10646,SYN_118,Z058
ENT_10647,SYN_118,Z058
ENT_10648,SYN_118,Z058
ENT_10649,SYN_118,Z058
ENT_10650,SYN_118,Z074
ENT_10651,SYN_118,Z057
ENT_10652,SYN_118,Z057
ENT_10653,SYN_118,Z057
ENT_10654,SYN_118,Z058
ENT_10655,SYN_118,Z074
ENT_10656,SYN_118,Z074
ENT_10657,SYN_118,Z057
ENT_10658,SYN_118,Z057
ENT_10659,SYN_118,Z058
ENT_10660,SYN_118,Z057
ENT_10661,SYN_118,Z074
ENT_10662,SYN_118,Z057
ENT_10663,SYN_118,Z058
ENT_10664,SYN_118,Z058
ENT_10665,SYN_118,Z057
ENT_10666,SYN_119,Z056
ENT_10667,SYN_119,Z056
ENT_10668,SYN_119,Z056
ENT_10669,SYN_119,Z056
ENT_10670,SYN_119,Z056
ENT_10671,SYN_119,Z056
ENT_10672,SYN_119,Z056
ENT_10673,SYN_119,Z056
ENT_10674,SYN_119,Z056
ENT_10675,SYN_119,Z056
ENT_10676,SYN_119,Z056
ENT_10677,SYN_119,Z056
ENT_10678,SYN_119,Z056
ENT_10679,SYN_119,Z056
ENT_10680,SYN_119,Z056
ENT_10681,SYN_119,Z056
ENT_10682,SYN_119,Z056
ENT_10683,SYN_119,Z056
ENT_10684,SYN_119,Z056
ENT_10685,SYN_119,Z056
ENT_10686,SYN_119,Z056
ENT_10687,SYN_119,Z056
ENT_10688,SYN_119,Z056
ENT_10689,SYN_119,Z056
ENT_10690,SYN_119,Z056
ENT_10691,SYN_119,Z056
ENT_10692,SYN_120,Z041
ENT_10693,SYN_120,Z074
ENT_10694,SYN_120,Z074
ENT_10695,SYN_120,Z041
ENT_10696,SYN_120,Z041
ENT_10697,SYN_120,Z022
ENT_10698,SYN_120,Z074
ENT_10699,SYN_120,Z074
ENT_10700,SYN_120,Z022
ENT_10701,SYN_120,Z074
ENT_10702,SYN_120,Z074
ENT_10703,SYN_120,Z041
ENT_10704,SYN_120,Z074
ENT_10705,SYN_120,Z074
ENT_10706,SYN_120,Z041
ENT_10707,SYN_120,Z041
ENT_10708,SYN_120,Z074
ENT_10709,SYN_120,Z022
ENT_10710,SYN_120,Z041
ENT_10711,SYN_120,Z022
ENT_10712,SYN_120,Z022
ENT_10713,SYN_120,Z041
ENT_10714,SYN_120,Z022
ENT_10715,SYN_120,Z022
ENT_10716,SYN_120,Z074
ENT_10717,SYN_120,Z041
ENT_10718,SYN_120,Z022
ENT_10719,SYN_120,Z022
ENT_10720,SYN_120,Z074
ENT_10721,SYN_120,Z041
ENT_10722,SYN_120,Z022
ENT_10723,SYN_120,Z074
ENT_10724,SYN_120,Z022
ENT_10725,SYN_120,Z041
ENT_10726,SYN_120,Z041
ENT_10727,SYN_120,Z074
ENT_10728,SYN_120,Z022
ENT_10729,SYN_120,Z022
ENT_10730,SYN_120,Z022
ENT_10731,SYN_120,Z041
ENT_10732,SYN_120,Z041
ENT_10733,SYN_120,Z041
ENT_10734,SYN_120,Z074
ENT_10735,SYN_120,Z022
ENT_10736,SYN_120,Z022
ENT_10737,SYN_120,Z041
ENT_10738,SYN_120,Z022
ENT_10739,SYN_120,Z041
ENT_10740,SYN_120,Z022
ENT_10741,SYN_120,Z074
ENT_10742,SYN_120,Z041
ENT_10743,SYN_120,Z022
ENT_10744,SYN_120,Z022
ENT_10745,SYN_120,Z074
ENT_10746,SYN_120,Z022
ENT_10747,SYN_120,Z041
ENT_10748,SYN_120,Z041
ENT_10749,SYN_120,Z041
ENT_10750,SYN_120,Z041
ENT_10751,SYN_120,Z074
ENT_10752,SYN_120,Z074
ENT_10753,SYN_120,Z074
ENT_10754,SYN_120,Z074
ENT_10755,SYN_120,Z022
ENT_10756,SYN_120,Z074
ENT_10757,SYN_120,Z041
ENT_10758,SYN_120,Z022
ENT_10759,SYN_120,Z041
ENT_10760,SYN_120,Z041
ENT_10761,SYN_120,Z074
ENT_10762,SYN_120,Z022
ENT_10763,SYN_120,Z041
ENT_10764,SYN_120,Z041
ENT_10765,SYN_120,Z041
ENT_10766,SYN_120,Z041
ENT_10767,SYN_120,Z041
ENT_10768,SYN_120,Z022
ENT_10769,SYN_120,Z022
ENT_10770,SYN_120,Z074
ENT_10771,SYN_120,Z074
ENT_10772,SYN_120,Z022
ENT_10773,SYN_120,Z041
ENT_10774,SYN_120,Z074
ENT_10775,SYN_120,Z074
ENT_10776,SYN_120,Z041
ENT_10777,SYN_120,Z041
ENT_10778,SYN_120,Z022
ENT_10779,SYN_120,Z022
ENT_10780,SYN_120,Z022
ENT_10781,SYN_120,Z041
ENT_10782,SYN_120,Z022
ENT_10783,SYN_120,Z022
ENT_10784,SYN_120,Z022
ENT_10785,SYN_120,Z022
ENT_10786,SYN_120,Z074
ENT_10787,SYN_120,Z074
ENT_10788,SYN_120,Z074
ENT_10789,SYN_120,Z022
ENT_10790,SYN_120,Z022
ENT_10791,SYN_120,Z041
ENT_10792,SYN_120,Z041
ENT_10793,SYN_120,Z041
