account_id,type,first_seen,times_flagged
AC000001,mule,2026-09-07T07:40:00,5
AC000002,mule,2026-09-26T06:39:00,10
AC000003,mule,2026-09-15T01:40:00,3
AC000004,mule,2026-09-29T03:50:00,9
AC000005,mule,2026-09-16T04:48:00,8
AC000006,mule,2026-09-18T13:17:00,8
AC000007,mule,2026-09-29T04:05:00,12
AC000008,mule,2026-09-17T14:41:00,5
AC000009,mule,2026-09-20T11:56:00,5
AC000010,mule,2026-09-06T05:08:00,3
AC000011,mule,2026-09-23T02:30:00,2
AC000012,mule,2026-09-21T22:38:00,10
AC000013,mule,2026-09-08T07:49:00,12
AC000014,mule,2026-09-13T02:27:00,9
AC000015,mule,2026-09-21T20:11:00,9
AC000016,mule,2026-09-13T00:43:00,3
AC000017,mule,2026-09-18T05:10:00,6
AC000018,mule,2026-09-10T20:03:00,4
AC000019,mule,2026-09-08T03:08:00,7
AC000020,mule,2026-09-05T07:54:00,14
AC000021,mule,2026-09-09T20:17:00,7
AC000022,mule,2026-09-29T16:45:00,8
AC000023,mule,2026-09-11T19:43:00,6
AC000024,mule,2026-09-27T01:24:00,11
AC000025,mule,2026-09-10T07:33:00,12
AC000026,mule,2026-09-30T02:08:00,7
AC000027,mule,2026-09-13T09:28:00,4
AC000028,mule,2026-10-01T04:40:00,14
AC000029,mule,2026-09-21T00:15:00,3
AC000030,mule,2026-09-20T21:53:00,10
AC000031,mule,2026-09-24T12:41:00,11
AC000032,mule,2026-09-26T15:47:00,6
AC000033,mule,2026-09-07T03:57:00,7
AC000034,mule,2026-09-02T10:16:00,7
AC000035,mule,2026-09-29T04:37:00,9
AC000036,mule,2026-09-21T10:34:00,7
AC000037,mule,2026-09-15T09:02:00,9
AC000038,mule,2026-09-24T21:34:00,6
AC000039,mule,2026-09-27T11:13:00,8
AC000040,mule,2026-09-14T18:53:00,4
AC000041,mule,2026-09-08T07:47:00,6
AC000042,mule,2026-09-10T16:05:00,6
AC000043,mule,2026-09-19T23:40:00,7
AC000044,mule,2026-09-17T09:00:00,4
AC000045,mule,2026-09-01T07:13:00,3
AC000046,mule,2026-09-21T20:17:00,6
AC000047,mule,2026-09-04T14:34:00,9
AC000048,mule,2026-09-21T10:17:00,11
AC000049,mule,2026-09-12T07:46:00,12
AC000050,mule,2026-09-06T17:43:00,9
AC000051,mule,2026-09-13T07:44:00,9
AC000052,mule,2026-09-10T10:18:00,7
AC000053,mule,2026-09-04T20:43:00,6
AC000054,mule,2026-09-08T02:39:00,8
AC000055,mule,2026-09-09T14:02:00,6
AC000056,mule,2026-09-01T11:43:00,5
AC000057,mule,2026-09-17T05:46:00,5
AC000058,mule,2026-09-30T18:25:00,10
AC000059,mule,2026-09-17T15:03:00,4
AC000060,mule,2026-09-21T22:53:00,7
AC000061,mule,2026-09-17T14:49:00,8
AC000062,mule,2026-09-11T21:44:00,7
AC000063,mule,2026-09-04T02:26:00,7
AC000064,mule,2026-09-03T17:36:00,8
AC000065,mule,2026-09-07T23:00:00,4
AC000066,mule,2026-09-15T12:59:00,9
AC000067,mule,2026-09-11T06:45:00,5
AC000068,mule,2026-09-17T02:28:00,6
AC000069,mule,2026-09-29T21:11:00,4
AC000070,mule,2026-09-26T06:26:00,8
AC000071,mule,2026-09-05T07:35:00,6
AC000072,mule,2026-09-21T01:56:00,5
AC000073,mule,2026-09-17T17:13:00,6
AC000074,mule,2026-09-28T04:42:00,7
AC000075,mule,2026-09-19T04:07:00,7
AC000076,mule,2026-09-13T14:08:00,11
AC000077,mule,2026-09-29T05:39:00,5
AC000078,mule,2026-09-17T18:29:00,7
AC000079,mule,2026-09-11T19:27:00,7
AC000080,mule,2026-09-30T15:32:00,5
AC000081,victim,2026-09-06T07:36:00,0
AC000082,beneficiary,2026-09-06T07:36:00,0
AC000083,victim,2026-09-11T20:07:00,0
AC000084,mule,2026-09-11T20:07:00,0
AC000085,beneficiary,2026-09-11T20:29:00,0
AC000086,victim,2026-09-08T07:49:00,0
AC000087,mule,2026-09-08T08:00:00,0
AC000088,beneficiary,2026-09-08T08:25:00,0
AC000089,victim,2026-09-17T17:00:00,0
AC000090,beneficiary,2026-09-17T17:00:00,0
AC000091,victim,2026-09-08T15:39:00,0
AC000092,mule,2026-09-08T15:39:00,0
AC000093,mule,2026-09-08T16:01:00,0
AC000094,beneficiary,2026-09-08T16:06:00,0
AC000095,victim,2026-09-11T16:10:00,0
AC000096,mule,2026-09-11T16:10:00,0
AC000097,beneficiary,2026-09-11T16:16:00,0
AC000098,victim,2026-09-25T18:42:00,0
AC000099,mule,2026-09-25T18:42:00,0
AC000100,beneficiary,2026-09-25T18:54:00,0
AC000101,victim,2026-09-20T11:06:00,0
AC000102,mule,2026-09-20T11:06:00,0
AC000103,beneficiary,2026-09-20T11:20:00,0
AC000104,victim,2026-09-06T07:50:00,0
AC000105,mule,2026-09-06T07:50:00,0
AC000106,mule,2026-09-06T08:20:00,0
AC000107,beneficiary,2026-09-06T08:44:00,0
AC000108,victim,2026-09-25T19:08:00,0
AC000109,mule,2026-09-25T19:08:00,0
AC000110,mule,2026-09-25T19:11:00,0
AC000111,beneficiary,2026-09-25T19:37:00,0
AC000112,victim,2026-09-22T21:08:00,0
AC000113,mule,2026-09-22T21:08:00,0
AC000114,mule,2026-09-22T21:27:00,0
AC000115,beneficiary,2026-09-22T21:56:00,0
AC000116,victim,2026-09-02T04:58:00,0
AC000117,mule,2026-09-02T04:58:00,0
AC000118,mule,2026-09-02T05:00:00,0
AC000119,mule,2026-09-02T05:28:00,0
AC000120,mule,2026-09-02T05:30:00,0
AC000121,beneficiary,2026-09-02T05:45:00,0
AC000122,victim,2026-09-17T08:59:00,0
AC000123,mule,2026-09-17T08:59:00,0
AC000124,beneficiary,2026-09-17T09:25:00,0
AC000125,victim,2026-09-21T10:01:00,0
AC000126,beneficiary,2026-09-21T10:01:00,0
AC000127,victim,2026-09-03T22:02:00,0
AC000128,mule,2026-09-03T22:02:00,0
AC000129,beneficiary,2026-09-03T22:10:00,0
AC000130,victim,2026-09-15T12:32:00,0
AC000131,mule,2026-09-15T12:32:00,0
AC000132,victim,2026-09-12T10:55:00,0
AC000133,beneficiary,2026-09-12T10:55:00,0
AC000134,victim,2026-09-30T15:03:00,0
AC000135,mule,2026-09-30T15:03:00,0
AC000136,victim,2026-09-12T08:49:00,0
AC000137,beneficiary,2026-09-12T08:49:00,0
AC000138,victim,2026-09-13T06:52:00,0
AC000139,mule,2026-09-13T06:52:00,0
AC000140,beneficiary,2026-09-13T07:11:00,0
AC000141,victim,2026-09-03T06:09:00,0
AC000142,mule,2026-09-03T06:09:00,0
AC000143,mule,2026-09-03T06:17:00,0
AC000144,beneficiary,2026-09-03T06:34:00,0
AC000145,victim,2026-09-20T19:26:00,0
AC000146,mule,2026-09-20T19:26:00,0
AC000147,mule,2026-09-20T19:55:00,0
AC000148,beneficiary,2026-09-20T20:01:00,0
AC000149,victim,2026-09-20T00:20:00,0
AC000150,mule,2026-09-20T00:20:00,0
AC000151,mule,2026-09-20T00:33:00,0
AC000152,beneficiary,2026-09-20T00:58:00,0
AC000153,victim,2026-09-10T00:56:00,0
AC000154,mule,2026-09-10T00:56:00,0
AC000155,beneficiary,2026-09-10T01:26:00,0
AC000156,victim,2026-09-09T09:02:00,0
AC000157,mule,2026-09-09T09:02:00,0
AC000158,mule,2026-09-09T09:13:00,0
AC000159,beneficiary,2026-09-09T09:29:00,0
AC000160,victim,2026-09-10T05:12:00,0
AC000161,beneficiary,2026-09-10T05:12:00,0
AC000162,victim,2026-09-16T02:16:00,0
AC000163,mule,2026-09-16T02:16:00,0
AC000164,mule,2026-09-16T02:29:00,0
AC000165,mule,2026-09-16T02:57:00,0
AC000166,beneficiary,2026-09-16T03:06:00,0
AC000167,victim,2026-09-24T12:20:00,0
AC000168,mule,2026-09-24T12:20:00,0
AC000169,victim,2026-09-29T01:40:00,0
AC000170,mule,2026-09-29T01:40:00,0
AC000171,mule,2026-09-29T01:58:00,0
AC000172,beneficiary,2026-09-29T02:10:00,0
AC000173,victim,2026-09-24T19:44:00,0
AC000174,beneficiary,2026-09-24T19:44:00,0
AC000175,victim,2026-09-29T03:10:00,0
AC000176,mule,2026-09-29T03:10:00,0
AC000177,mule,2026-09-29T03:15:00,0
AC000178,mule,2026-09-29T03:39:00,0
AC000179,beneficiary,2026-09-29T03:47:00,0
AC000180,victim,2026-09-04T22:00:00,0
AC000181,beneficiary,2026-09-04T22:00:00,0
AC000182,victim,2026-09-20T08:54:00,0
AC000183,mule,2026-09-20T08:54:00,0
AC000184,beneficiary,2026-09-20T09:18:00,0
AC000185,victim,2026-09-28T16:54:00,0
AC000186,beneficiary,2026-09-28T16:54:00,0
AC000187,victim,2026-09-25T13:24:00,0
AC000188,mule,2026-09-25T13:24:00,0
AC000189,mule,2026-09-25T13:24:00,0
AC000190,beneficiary,2026-09-25T13:28:00,0
AC000191,victim,2026-09-12T17:32:00,0
AC000192,mule,2026-09-12T17:32:00,0
AC000193,beneficiary,2026-09-12T17:33:00,0
AC000194,victim,2026-09-22T19:15:00,0
AC000195,mule,2026-09-22T19:15:00,0
AC000196,beneficiary,2026-09-22T19:23:00,0
AC000197,victim,2026-09-27T10:55:00,0
AC000198,mule,2026-09-27T10:55:00,0
AC000199,mule,2026-09-27T11:40:00,0
AC000200,mule,2026-09-27T11:58:00,0
AC000201,victim,2026-09-08T05:06:00,0
AC000202,mule,2026-09-08T05:06:00,0
AC000203,mule,2026-09-08T05:26:00,0
AC000204,mule,2026-09-08T05:55:00,0
AC000205,beneficiary,2026-09-08T06:21:00,0
AC000206,victim,2026-09-18T11:57:00,0
AC000207,mule,2026-09-18T11:57:00,0
AC000208,beneficiary,2026-09-18T12:02:00,0
AC000209,victim,2026-09-05T03:30:00,0
AC000210,mule,2026-09-05T03:30:00,0
AC000211,mule,2026-09-05T03:37:00,0
AC000212,beneficiary,2026-09-05T03:52:00,0
AC000213,victim,2026-09-26T10:32:00,0
AC000214,mule,2026-09-26T10:32:00,0
AC000215,mule,2026-09-26T10:49:00,0
AC000216,beneficiary,2026-09-26T11:03:00,0
AC000217,victim,2026-09-23T06:52:00,0
AC000218,mule,2026-09-23T06:52:00,0
AC000219,mule,2026-09-23T07:18:00,0
AC000220,beneficiary,2026-09-23T07:29:00,0
AC000221,victim,2026-09-23T14:10:00,0
AC000222,mule,2026-09-23T14:10:00,0
AC000223,beneficiary,2026-09-23T14:24:00,0
AC000224,victim,2026-09-29T21:31:00,0
AC000225,beneficiary,2026-09-29T21:31:00,0
AC000226,victim,2026-09-11T12:30:00,0
AC000227,mule,2026-09-11T12:30:00,0
AC000228,beneficiary,2026-09-11T12:39:00,0
AC000229,victim,2026-09-04T22:40:00,0
AC000230,mule,2026-09-04T22:40:00,0
AC000231,mule,2026-09-04T22:45:00,0
AC000232,beneficiary,2026-09-04T23:07:00,0
AC000233,victim,2026-09-28T02:12:00,0
AC000234,beneficiary,2026-09-28T02:12:00,0
AC000235,victim,2026-09-27T03:43:00,0
AC000236,beneficiary,2026-09-27T03:43:00,0
AC000237,victim,2026-09-20T21:53:00,0
AC000238,beneficiary,2026-09-20T22:23:00,0
AC000239,victim,2026-09-09T12:14:00,0
AC000240,mule,2026-09-09T12:14:00,0
AC000241,mule,2026-09-09T12:27:00,0
AC000242,beneficiary,2026-09-09T12:30:00,0
AC000243,victim,2026-09-15T23:06:00,0
AC000244,mule,2026-09-15T23:06:00,0
AC000245,mule,2026-09-15T23:06:00,0
AC000246,mule,2026-09-15T23:12:00,0
AC000247,mule,2026-09-15T23:27:00,0
AC000248,beneficiary,2026-09-15T23:33:00,0
AC000249,victim,2026-09-08T10:59:00,0
AC000250,mule,2026-09-08T10:59:00,0
AC000251,beneficiary,2026-09-08T11:01:00,0
AC000252,victim,2026-09-24T09:49:00,0
AC000253,mule,2026-09-24T09:49:00,0
AC000254,mule,2026-09-24T09:56:00,0
AC000255,mule,2026-09-24T10:08:00,0
AC000256,beneficiary,2026-09-24T10:24:00,0
AC000257,victim,2026-09-27T15:25:00,0
AC000258,mule,2026-09-27T15:25:00,0
AC000259,beneficiary,2026-09-27T15:36:00,0
AC000260,victim,2026-09-03T05:40:00,0
AC000261,mule,2026-09-03T05:40:00,0
AC000262,mule,2026-09-03T05:52:00,0
AC000263,mule,2026-09-03T06:17:00,0
AC000264,beneficiary,2026-09-03T06:18:00,0
AC000265,victim,2026-09-19T21:48:00,0
AC000266,mule,2026-09-19T21:48:00,0
AC000267,mule,2026-09-19T21:56:00,0
AC000268,beneficiary,2026-09-19T22:08:00,0
AC000269,victim,2026-09-29T23:23:00,0
AC000270,mule,2026-09-29T23:23:00,0
AC000271,beneficiary,2026-09-29T23:26:00,0
AC000272,victim,2026-09-20T20:25:00,0
AC000273,mule,2026-09-20T20:25:00,0
AC000274,mule,2026-09-20T20:46:00,0
AC000275,mule,2026-09-20T20:48:00,0
AC000276,mule,2026-09-20T20:55:00,0
AC000277,beneficiary,2026-09-20T20:59:00,0
AC000278,victim,2026-09-21T08:29:00,0
AC000279,mule,2026-09-21T08:29:00,0
AC000280,beneficiary,2026-09-21T08:42:00,0
AC000281,victim,2026-09-14T17:10:00,0
AC000282,mule,2026-09-14T17:10:00,0
AC000283,mule,2026-09-14T17:10:00,0
AC000284,beneficiary,2026-09-14T17:33:00,0
AC000285,victim,2026-09-29T12:10:00,0
AC000286,mule,2026-09-29T12:10:00,0
AC000287,beneficiary,2026-09-29T12:30:00,0
AC000288,victim,2026-09-09T05:50:00,0
AC000289,mule,2026-09-09T05:50:00,0
AC000290,mule,2026-09-09T06:01:00,0
AC000291,mule,2026-09-09T06:09:00,0
AC000292,beneficiary,2026-09-09T06:18:00,0
AC000293,victim,2026-09-01T21:12:00,0
AC000294,mule,2026-09-01T21:12:00,0
AC000295,beneficiary,2026-09-01T21:33:00,0
AC000296,victim,2026-09-16T04:16:00,0
AC000297,mule,2026-09-16T04:16:00,0
AC000298,mule,2026-09-16T04:45:00,0
AC000299,victim,2026-09-25T20:02:00,0
AC000300,beneficiary,2026-09-25T20:02:00,0
AC000301,victim,2026-09-21T10:17:00,0
AC000302,beneficiary,2026-09-21T10:40:00,0
AC000303,victim,2026-09-06T23:32:00,0
AC000304,mule,2026-09-06T23:32:00,0
AC000305,beneficiary,2026-09-06T23:58:00,0
AC000306,victim,2026-09-02T10:09:00,0
AC000307,mule,2026-09-02T10:09:00,0
AC000308,victim,2026-09-28T06:26:00,0
AC000309,mule,2026-09-28T06:26:00,0
AC000310,mule,2026-09-28T06:45:00,0
AC000311,beneficiary,2026-09-28T07:14:00,0
AC000312,victim,2026-09-21T10:29:00,0
AC000313,mule,2026-09-21T10:29:00,0
AC000314,beneficiary,2026-09-21T10:31:00,0
AC000315,victim,2026-09-05T18:19:00,0
AC000316,mule,2026-09-05T18:19:00,0
AC000317,mule,2026-09-05T18:32:00,0
AC000318,mule,2026-09-05T18:45:00,0
AC000319,beneficiary,2026-09-05T18:57:00,0
AC000320,victim,2026-09-05T09:38:00,0
AC000321,beneficiary,2026-09-05T10:03:00,0
AC000322,victim,2026-09-28T13:48:00,0
AC000323,mule,2026-09-28T13:48:00,0
AC000324,mule,2026-09-28T13:54:00,0
AC000325,beneficiary,2026-09-28T14:01:00,0
AC000326,victim,2026-09-29T04:11:00,0
AC000327,mule,2026-09-29T04:11:00,0
AC000328,beneficiary,2026-09-29T04:59:00,0
AC000329,victim,2026-09-30T01:35:00,0
AC000330,beneficiary,2026-09-30T01:35:00,0
AC000331,victim,2026-09-08T07:56:00,0
AC000332,beneficiary,2026-09-08T07:56:00,0
AC000333,victim,2026-09-06T10:19:00,0
AC000334,beneficiary,2026-09-06T10:19:00,0
AC000335,victim,2026-09-01T14:23:00,0
AC000336,beneficiary,2026-09-01T14:23:00,0
AC000337,victim,2026-09-18T13:17:00,0
AC000338,mule,2026-09-18T13:30:00,0
AC000339,beneficiary,2026-09-18T13:32:00,0
AC000340,victim,2026-09-09T01:43:00,0
AC000341,mule,2026-09-09T01:43:00,0
AC000342,mule,2026-09-09T01:46:00,0
AC000343,beneficiary,2026-09-09T01:58:00,0
AC000344,victim,2026-09-10T01:47:00,0
AC000345,mule,2026-09-10T01:47:00,0
AC000346,mule,2026-09-10T02:07:00,0
AC000347,beneficiary,2026-09-10T02:11:00,0
AC000348,victim,2026-09-27T14:56:00,0
AC000349,mule,2026-09-27T14:56:00,0
AC000350,mule,2026-09-27T15:15:00,0
AC000351,beneficiary,2026-09-27T15:35:00,0
AC000352,victim,2026-09-15T09:02:00,0
AC000353,victim,2026-09-03T02:48:00,0
AC000354,beneficiary,2026-09-03T02:48:00,0
AC000355,victim,2026-09-09T02:28:00,0
AC000356,mule,2026-09-09T02:28:00,0
AC000357,beneficiary,2026-09-09T02:44:00,0
AC000358,victim,2026-09-16T06:06:00,0
AC000359,mule,2026-09-16T06:06:00,0
AC000360,beneficiary,2026-09-16T06:29:00,0
AC000361,victim,2026-09-15T08:08:00,0
AC000362,mule,2026-09-15T08:08:00,0
AC000363,beneficiary,2026-09-15T08:29:00,0
AC000364,victim,2026-09-09T23:43:00,0
AC000365,beneficiary,2026-09-09T23:59:00,0
AC000366,victim,2026-09-21T04:03:00,0
AC000367,mule,2026-09-21T04:03:00,0
AC000368,mule,2026-09-21T04:10:00,0
AC000369,beneficiary,2026-09-21T04:34:00,0
AC000370,victim,2026-09-21T07:14:00,0
AC000371,mule,2026-09-21T07:14:00,0
AC000372,beneficiary,2026-09-21T07:27:00,0
AC000373,victim,2026-09-24T17:30:00,0
AC000374,beneficiary,2026-09-24T17:30:00,0
AC000375,victim,2026-09-02T11:07:00,0
AC000376,mule,2026-09-02T11:07:00,0
AC000377,mule,2026-09-02T11:14:00,0
AC000378,beneficiary,2026-09-02T11:51:00,0
AC000379,victim,2026-09-21T15:59:00,0
AC000380,mule,2026-09-21T15:59:00,0
AC000381,beneficiary,2026-09-21T16:25:00,0
AC000382,victim,2026-09-30T07:54:00,0
AC000383,mule,2026-09-30T07:54:00,0
AC000384,beneficiary,2026-09-30T08:09:00,0
AC000385,victim,2026-09-20T05:00:00,0
AC000386,mule,2026-09-20T05:00:00,0
AC000387,mule,2026-09-20T05:02:00,0
AC000388,beneficiary,2026-09-20T05:17:00,0
AC000389,victim,2026-09-05T23:13:00,0
AC000390,beneficiary,2026-09-05T23:13:00,0
AC000391,victim,2026-09-04T02:55:00,0
AC000392,mule,2026-09-04T02:55:00,0
AC000393,mule,2026-09-04T03:20:00,0
AC000394,beneficiary,2026-09-04T03:30:00,0
AC000395,victim,2026-10-01T02:14:00,0
AC000396,beneficiary,2026-10-01T02:14:00,0
AC000397,victim,2026-09-24T21:11:00,0
AC000398,mule,2026-09-24T21:11:00,0
AC000399,mule,2026-09-24T21:24:00,0
AC000400,mule,2026-09-24T21:43:00,0
AC000401,beneficiary,2026-09-24T21:56:00,0
AC000402,victim,2026-09-04T15:57:00,0
AC000403,beneficiary,2026-09-04T15:57:00,0
AC000404,victim,2026-09-27T01:34:00,0
AC000405,mule,2026-09-27T01:34:00,0
AC000406,beneficiary,2026-09-27T02:04:00,0
AC000407,victim,2026-09-06T09:54:00,0
AC000408,mule,2026-09-06T09:54:00,0
AC000409,mule,2026-09-06T10:23:00,0
AC000410,beneficiary,2026-09-06T10:31:00,0
AC000411,victim,2026-09-09T02:35:00,0
AC000412,mule,2026-09-09T02:35:00,0
AC000413,mule,2026-09-09T02:45:00,0
AC000414,mule,2026-09-09T03:02:00,0
AC000415,beneficiary,2026-09-09T03:29:00,0
AC000416,victim,2026-09-23T17:36:00,0
AC000417,mule,2026-09-23T17:36:00,0
AC000418,mule,2026-09-23T17:53:00,0
AC000419,beneficiary,2026-09-23T17:55:00,0
AC000420,victim,2026-09-30T11:36:00,0
AC000421,mule,2026-09-30T11:36:00,0
AC000422,mule,2026-09-30T11:47:00,0
AC000423,mule,2026-09-30T12:11:00,0
AC000424,beneficiary,2026-09-30T12:15:00,0
AC000425,victim,2026-09-11T12:16:00,0
AC000426,mule,2026-09-11T12:16:00,0
AC000427,beneficiary,2026-09-11T12:24:00,0
AC000428,victim,2026-09-28T04:24:00,0
AC000429,mule,2026-09-28T04:24:00,0
AC000430,mule,2026-09-28T04:42:00,0
AC000431,victim,2026-09-14T10:23:00,0
AC000432,beneficiary,2026-09-14T10:23:00,0
AC000433,victim,2026-09-10T12:50:00,0
AC000434,mule,2026-09-10T12:50:00,0
AC000435,beneficiary,2026-09-10T13:12:00,0
AC000436,victim,2026-09-22T11:30:00,0
AC000437,mule,2026-09-22T11:30:00,0
AC000438,mule,2026-09-22T11:33:00,0
AC000439,beneficiary,2026-09-22T11:45:00,0
AC000440,victim,2026-09-24T16:13:00,0
AC000441,mule,2026-09-24T16:13:00,0
AC000442,mule,2026-09-24T16:15:00,0
AC000443,beneficiary,2026-09-24T16:45:00,0
AC000444,victim,2026-09-20T20:41:00,0
AC000445,mule,2026-09-20T20:41:00,0
AC000446,beneficiary,2026-09-20T20:52:00,0
AC000447,victim,2026-09-13T23:31:00,0
AC000448,beneficiary,2026-09-13T23:31:00,0
AC000449,victim,2026-09-03T01:58:00,0
AC000450,beneficiary,2026-09-03T01:58:00,0
AC000451,victim,2026-09-15T17:55:00,0
AC000452,mule,2026-09-15T17:55:00,0
AC000453,mule,2026-09-15T18:04:00,0
AC000454,beneficiary,2026-09-15T18:20:00,0
AC000455,victim,2026-09-29T21:19:00,0
AC000456,mule,2026-09-29T21:19:00,0
AC000457,beneficiary,2026-09-29T21:39:00,0
AC000458,victim,2026-09-02T16:29:00,0
AC000459,mule,2026-09-02T16:29:00,0
AC000460,beneficiary,2026-09-02T16:42:00,0
AC000461,victim,2026-09-07T12:49:00,0
AC000462,mule,2026-09-07T12:49:00,0
AC000463,beneficiary,2026-09-07T13:04:00,0
AC000464,victim,2026-09-30T12:39:00,0
AC000465,mule,2026-09-30T12:39:00,0
AC000466,beneficiary,2026-09-30T12:46:00,0
AC000467,victim,2026-09-13T16:41:00,0
AC000468,mule,2026-09-13T16:41:00,0
AC000469,mule,2026-09-13T16:53:00,0
AC000470,beneficiary,2026-09-13T17:23:00,0
AC000471,victim,2026-09-13T14:08:00,0
AC000472,victim,2026-09-22T17:59:00,0
AC000473,mule,2026-09-22T17:59:00,0
AC000474,mule,2026-09-22T18:28:00,0
AC000475,beneficiary,2026-09-22T18:57:00,0
AC000476,victim,2026-09-02T22:44:00,0
AC000477,beneficiary,2026-09-02T22:44:00,0
AC000478,victim,2026-09-28T16:23:00,0
AC000479,mule,2026-09-28T16:23:00,0
AC000480,beneficiary,2026-09-28T16:43:00,0
AC000481,victim,2026-09-09T17:22:00,0
AC000482,mule,2026-09-09T17:22:00,0
AC000483,mule,2026-09-09T17:46:00,0
AC000484,mule,2026-09-09T18:13:00,0
AC000485,victim,2026-09-16T06:02:00,0
AC000486,mule,2026-09-16T06:02:00,0
AC000487,mule,2026-09-16T06:10:00,0
AC000488,mule,2026-09-16T06:11:00,0
AC000489,mule,2026-09-16T06:16:00,0
AC000490,beneficiary,2026-09-16T06:45:00,0
AC000491,victim,2026-09-28T19:37:00,0
AC000492,mule,2026-09-28T19:37:00,0
AC000493,beneficiary,2026-09-28T20:02:00,0
AC000494,victim,2026-09-04T01:27:00,0
AC000495,beneficiary,2026-09-04T01:27:00,0
AC000496,victim,2026-09-24T11:27:00,0
AC000497,mule,2026-09-24T11:27:00,0
AC000498,beneficiary,2026-09-24T11:40:00,0
AC000499,victim,2026-09-11T04:00:00,0
AC000500,mule,2026-09-11T04:00:00,0
AC000501,beneficiary,2026-09-11T04:02:00,0
AC000502,victim,2026-09-20T09:08:00,0
AC000503,mule,2026-09-20T09:08:00,0
AC000504,beneficiary,2026-09-20T09:37:00,0
AC000505,victim,2026-09-11T09:14:00,0
AC000506,mule,2026-09-11T09:14:00,0
AC000507,mule,2026-09-11T09:37:00,0
AC000508,beneficiary,2026-09-11T10:03:00,0
AC000509,victim,2026-09-29T05:39:00,0
AC000510,beneficiary,2026-09-29T05:40:00,0
AC000511,victim,2026-09-07T15:03:00,0
AC000512,beneficiary,2026-09-07T15:03:00,0
AC000513,victim,2026-09-11T07:26:00,0
AC000514,beneficiary,2026-09-11T07:54:00,0
AC000515,victim,2026-09-08T00:59:00,0
AC000516,mule,2026-09-08T00:59:00,0
AC000517,beneficiary,2026-09-08T01:14:00,0
AC000518,victim,2026-09-12T07:15:00,0
AC000519,mule,2026-09-12T07:15:00,0
AC000520,mule,2026-09-12T07:44:00,0
AC000521,victim,2026-09-15T01:09:00,0
AC000522,mule,2026-09-15T01:09:00,0
AC000523,mule,2026-09-15T01:12:00,0
AC000524,beneficiary,2026-09-15T01:34:00,0
AC000525,victim,2026-09-17T14:49:00,0
AC000526,mule,2026-09-17T15:13:00,0
AC000527,mule,2026-09-17T15:24:00,0
AC000528,beneficiary,2026-09-17T15:42:00,0
AC000529,victim,2026-09-27T04:21:00,0
AC000530,mule,2026-09-27T04:21:00,0
AC000531,mule,2026-09-27T04:42:00,0
AC000532,mule,2026-09-27T05:08:00,0
AC000533,beneficiary,2026-09-27T05:28:00,0
AC000534,victim,2026-09-25T02:17:00,0
AC000535,beneficiary,2026-09-25T02:17:00,0
AC000536,victim,2026-09-22T00:05:00,0
AC000537,mule,2026-09-22T00:05:00,0
AC000538,mule,2026-09-22T00:34:00,0
AC000539,beneficiary,2026-09-22T00:34:00,0
AC000540,victim,2026-09-20T20:18:00,0
AC000541,beneficiary,2026-09-20T20:18:00,0
AC000542,victim,2026-09-22T03:20:00,0
AC000543,mule,2026-09-22T03:20:00,0
AC000544,mule,2026-09-22T03:47:00,0
AC000545,victim,2026-09-16T07:50:00,0
AC000546,beneficiary,2026-09-16T07:50:00,0
AC000547,victim,2026-09-09T09:54:00,0
AC000548,beneficiary,2026-09-09T09:54:00,0
AC000549,victim,2026-09-25T20:26:00,0
AC000550,mule,2026-09-25T20:26:00,0
AC000551,mule,2026-09-25T20:48:00,0
AC000552,beneficiary,2026-09-25T21:25:00,0
AC000553,victim,2026-09-23T13:52:00,0
AC000554,mule,2026-09-23T13:52:00,0
AC000555,mule,2026-09-23T14:05:00,0
AC000556,beneficiary,2026-09-23T14:35:00,0
AC000557,victim,2026-09-01T11:40:00,0
AC000558,mule,2026-09-01T11:40:00,0
AC000559,victim,2026-09-18T18:46:00,0
AC000560,mule,2026-09-18T18:46:00,0
AC000561,mule,2026-09-18T18:48:00,0
AC000562,mule,2026-09-18T18:53:00,0
AC000563,beneficiary,2026-09-18T19:01:00,0
AC000564,victim,2026-09-12T16:55:00,0
AC000565,mule,2026-09-12T16:55:00,0
AC000566,mule,2026-09-12T17:09:00,0
AC000567,mule,2026-09-12T17:09:00,0
AC000568,mule,2026-09-12T17:28:00,0
AC000569,beneficiary,2026-09-12T17:38:00,0
AC000570,victim,2026-09-14T12:20:00,0
AC000571,mule,2026-09-14T12:20:00,0
AC000572,mule,2026-09-14T12:28:00,0
AC000573,beneficiary,2026-09-14T12:57:00,0
AC000574,victim,2026-09-04T09:32:00,0
AC000575,beneficiary,2026-09-04T09:32:00,0
AC000576,victim,2026-09-23T01:27:00,0
AC000577,mule,2026-09-23T01:27:00,0
AC000578,mule,2026-09-23T01:54:00,0
AC000579,beneficiary,2026-09-23T02:19:00,0
AC000580,victim,2026-09-30T14:32:00,0
AC000581,beneficiary,2026-09-30T14:40:00,0
AC000582,victim,2026-09-08T02:39:00,0
AC000583,victim,2026-09-21T20:11:00,0
AC000584,mule,2026-09-21T20:11:00,0
AC000585,beneficiary,2026-09-21T20:32:00,0
AC000586,victim,2026-09-11T19:14:00,0
AC000587,mule,2026-09-11T19:14:00,0
AC000588,victim,2026-09-04T02:20:00,0
AC000589,mule,2026-09-04T02:20:00,0
AC000590,beneficiary,2026-09-04T02:42:00,0
AC000591,victim,2026-09-14T18:53:00,0
AC000592,beneficiary,2026-09-14T18:56:00,0
AC000593,victim,2026-09-25T16:57:00,0
AC000594,beneficiary,2026-09-25T16:57:00,0
AC000595,victim,2026-09-07T11:07:00,0
AC000596,mule,2026-09-07T11:07:00,0
AC000597,mule,2026-09-07T11:22:00,0
AC000598,mule,2026-09-07T11:35:00,0
AC000599,beneficiary,2026-09-07T11:37:00,0
AC000600,victim,2026-09-26T06:26:00,0
AC000601,mule,2026-09-26T06:52:00,0
AC000602,mule,2026-09-26T07:16:00,0
AC000603,beneficiary,2026-09-26T07:30:00,0
AC000604,victim,2026-09-21T05:34:00,0
AC000605,beneficiary,2026-09-21T05:34:00,0
AC000606,victim,2026-09-10T16:02:00,0
AC000607,mule,2026-09-10T16:02:00,0
AC000608,mule,2026-09-10T16:21:00,0
AC000609,beneficiary,2026-09-10T16:43:00,0
AC000610,victim,2026-09-07T06:56:00,0
AC000611,mule,2026-09-07T06:56:00,0
AC000612,mule,2026-09-07T07:20:00,0
AC000613,beneficiary,2026-09-07T07:38:00,0
AC000614,victim,2026-09-21T22:38:00,0
AC000615,mule,2026-09-21T23:01:00,0
AC000616,mule,2026-09-21T23:23:00,0
AC000617,mule,2026-09-21T23:48:00,0
AC000618,beneficiary,2026-09-22T00:01:00,0
AC000619,victim,2026-09-03T08:10:00,0
AC000620,beneficiary,2026-09-03T08:10:00,0
AC000621,victim,2026-09-14T23:43:00,0
AC000622,beneficiary,2026-09-14T23:43:00,0
AC000623,victim,2026-09-11T21:44:00,0
AC000624,victim,2026-09-06T17:43:00,0
AC000625,mule,2026-09-06T18:13:00,0
AC000626,beneficiary,2026-09-06T18:37:00,0
AC000627,victim,2026-09-10T22:42:00,0
AC000628,mule,2026-09-10T22:42:00,0
AC000629,beneficiary,2026-09-10T22:44:00,0
AC000630,victim,2026-09-05T02:01:00,0
AC000631,mule,2026-09-05T02:01:00,0
AC000632,beneficiary,2026-09-05T02:23:00,0
AC000633,victim,2026-09-03T17:36:00,0
AC000634,beneficiary,2026-09-03T17:56:00,0
AC000635,victim,2026-09-09T02:42:00,0
AC000636,beneficiary,2026-09-09T02:42:00,0
AC000637,victim,2026-09-20T03:45:00,0
AC000638,beneficiary,2026-09-20T03:45:00,0
AC000639,victim,2026-09-25T15:52:00,0
AC000640,mule,2026-09-25T15:52:00,0
AC000641,victim,2026-09-09T05:51:00,0
AC000642,beneficiary,2026-09-09T05:51:00,0
AC000643,victim,2026-09-13T11:33:00,0
AC000644,mule,2026-09-13T11:33:00,0
AC000645,beneficiary,2026-09-13T11:41:00,0
AC000646,victim,2026-09-17T23:36:00,0
AC000647,mule,2026-09-17T23:36:00,0
AC000648,beneficiary,2026-09-17T23:57:00,0
AC000649,victim,2026-09-09T09:28:00,0
AC000650,mule,2026-09-09T09:28:00,0
AC000651,mule,2026-09-09T09:35:00,0
AC000652,beneficiary,2026-09-09T09:45:00,0
AC000653,victim,2026-09-03T08:09:00,0
AC000654,mule,2026-09-03T08:09:00,0
AC000655,beneficiary,2026-09-03T08:33:00,0
AC000656,victim,2026-09-22T08:43:00,0
AC000657,mule,2026-09-22T08:43:00,0
AC000658,mule,2026-09-22T09:07:00,0
AC000659,beneficiary,2026-09-22T09:24:00,0
AC000660,victim,2026-09-01T07:35:00,0
AC000661,mule,2026-09-01T07:35:00,0
AC000662,mule,2026-09-01T07:42:00,0
AC000663,beneficiary,2026-09-01T07:43:00,0
AC000664,victim,2026-09-27T16:21:00,0
AC000665,beneficiary,2026-09-27T16:21:00,0
AC000666,victim,2026-09-19T03:12:00,0
AC000667,mule,2026-09-19T03:12:00,0
AC000668,mule,2026-09-19T03:14:00,0
AC000669,mule,2026-09-19T03:38:00,0
AC000670,beneficiary,2026-09-19T03:43:00,0
AC000671,victim,2026-09-05T08:45:00,0
AC000672,beneficiary,2026-09-05T08:45:00,0
AC000673,victim,2026-09-13T02:10:00,0
AC000674,mule,2026-09-13T02:10:00,0
AC000675,mule,2026-09-13T02:52:00,0
AC000676,beneficiary,2026-09-13T02:53:00,0
AC000677,victim,2026-09-02T05:48:00,0
AC000678,mule,2026-09-02T05:48:00,0
AC000679,beneficiary,2026-09-02T05:50:00,0
AC000680,victim,2026-09-09T02:45:00,0
AC000681,mule,2026-09-09T02:45:00,0
AC000682,victim,2026-09-18T16:21:00,0
AC000683,mule,2026-09-18T16:21:00,0
AC000684,mule,2026-09-18T16:46:00,0
AC000685,beneficiary,2026-09-18T17:11:00,0
AC000686,victim,2026-09-09T10:24:00,0
AC000687,mule,2026-09-09T10:24:00,0
AC000688,mule,2026-09-09T11:08:00,0
AC000689,beneficiary,2026-09-09T11:23:00,0
AC000690,victim,2026-09-17T13:53:00,0
AC000691,mule,2026-09-17T13:53:00,0
AC000692,mule,2026-09-17T14:11:00,0
AC000693,mule,2026-09-17T14:36:00,0
AC000694,victim,2026-09-03T23:03:00,0
AC000695,mule,2026-09-03T23:03:00,0
AC000696,mule,2026-09-03T23:07:00,0
AC000697,mule,2026-09-03T23:34:00,0
AC000698,mule,2026-09-03T23:45:00,0
AC000699,beneficiary,2026-09-03T23:55:00,0
AC000700,victim,2026-09-29T04:20:00,0
AC000701,mule,2026-09-29T04:20:00,0
AC000702,mule,2026-09-29T04:25:00,0
AC000703,beneficiary,2026-09-29T04:47:00,0
AC000704,victim,2026-09-29T01:47:00,0
AC000705,mule,2026-09-29T01:47:00,0
AC000706,mule,2026-09-29T01:51:00,0
AC000707,beneficiary,2026-09-29T01:58:00,0
AC000708,victim,2026-09-04T08:02:00,0
AC000709,beneficiary,2026-09-04T08:02:00,0
AC000710,victim,2026-09-26T02:24:00,0
AC000711,mule,2026-09-26T02:24:00,0
AC000712,mule,2026-09-26T02:42:00,0
AC000713,mule,2026-09-26T02:44:00,0
AC000714,beneficiary,2026-09-26T02:54:00,0
AC000715,victim,2026-09-16T15:07:00,0
AC000716,mule,2026-09-16T15:07:00,0
AC000717,beneficiary,2026-09-16T15:12:00,0
AC000718,victim,2026-09-13T07:44:00,0
AC000719,victim,2026-09-29T16:45:00,0
AC000720,victim,2026-09-13T07:27:00,0
AC000721,mule,2026-09-13T07:27:00,0
AC000722,beneficiary,2026-09-13T07:55:00,0
AC000723,victim,2026-09-05T15:37:00,0
AC000724,mule,2026-09-05T15:37:00,0
AC000725,mule,2026-09-05T15:55:00,0
AC000726,beneficiary,2026-09-05T16:21:00,0
AC000727,victim,2026-09-02T19:55:00,0
AC000728,beneficiary,2026-09-02T19:55:00,0
AC000729,victim,2026-09-21T01:33:00,0
AC000730,mule,2026-09-21T01:33:00,0
AC000731,victim,2026-09-20T08:18:00,0
AC000732,beneficiary,2026-09-20T08:18:00,0
AC000733,victim,2026-09-19T22:48:00,0
AC000734,mule,2026-09-19T22:48:00,0
AC000735,mule,2026-09-19T23:19:00,0
AC000736,victim,2026-09-05T17:16:00,0
AC000737,mule,2026-09-05T17:16:00,0
AC000738,mule,2026-09-05T17:30:00,0
AC000739,beneficiary,2026-09-05T17:43:00,0
AC000740,victim,2026-09-15T09:49:00,0
AC000741,beneficiary,2026-09-15T09:49:00,0
AC000742,victim,2026-09-10T07:28:00,0
AC000743,mule,2026-09-10T07:28:00,0
AC000744,mule,2026-09-10T07:48:00,0
AC000745,mule,2026-09-10T07:55:00,0
AC000746,beneficiary,2026-09-10T08:09:00,0
AC000747,victim,2026-09-08T15:56:00,0
AC000748,beneficiary,2026-09-08T15:56:00,0
AC000749,victim,2026-09-11T10:24:00,0
AC000750,mule,2026-09-11T10:24:00,0
AC000751,beneficiary,2026-09-11T10:46:00,0
AC000752,victim,2026-09-19T07:47:00,0
AC000753,mule,2026-09-19T07:47:00,0
AC000754,mule,2026-09-19T08:17:00,0
AC000755,beneficiary,2026-09-19T08:36:00,0
AC000756,victim,2026-09-30T21:34:00,0
AC000757,beneficiary,2026-09-30T21:34:00,0
AC000758,victim,2026-09-02T09:48:00,0
AC000759,mule,2026-09-02T09:48:00,0
AC000760,beneficiary,2026-09-02T10:00:00,0
AC000761,victim,2026-09-17T13:34:00,0
AC000762,mule,2026-09-17T13:34:00,0
AC000763,beneficiary,2026-09-17T14:02:00,0
AC000764,victim,2026-09-17T10:03:00,0
AC000765,mule,2026-09-17T10:03:00,0
AC000766,mule,2026-09-17T10:13:00,0
AC000767,beneficiary,2026-09-17T10:22:00,0
AC000768,victim,2026-09-06T16:52:00,0
AC000769,mule,2026-09-06T16:52:00,0
AC000770,beneficiary,2026-09-06T17:19:00,0
AC000771,victim,2026-09-04T22:16:00,0
AC000772,mule,2026-09-04T22:16:00,0
AC000773,beneficiary,2026-09-04T22:17:00,0
AC000774,victim,2026-09-30T01:56:00,0
AC000775,mule,2026-09-30T01:56:00,0
AC000776,beneficiary,2026-09-30T02:31:00,0
AC000777,victim,2026-09-12T13:46:00,0
AC000778,mule,2026-09-12T13:46:00,0
AC000779,beneficiary,2026-09-12T13:58:00,0
AC000780,victim,2026-09-20T23:40:00,0
AC000781,mule,2026-09-20T23:40:00,0
AC000782,mule,2026-09-20T23:46:00,0
AC000783,beneficiary,2026-09-21T00:38:00,0
AC000784,victim,2026-09-03T10:23:00,0
AC000785,beneficiary,2026-09-03T10:23:00,0
AC000786,victim,2026-09-29T22:28:00,0
AC000787,mule,2026-09-29T22:28:00,0
AC000788,beneficiary,2026-09-29T22:49:00,0
AC000789,victim,2026-09-23T21:39:00,0
AC000790,beneficiary,2026-09-23T21:39:00,0
AC000791,victim,2026-09-23T03:00:00,0
AC000792,beneficiary,2026-09-23T03:29:00,0
AC000793,victim,2026-09-12T21:30:00,0
AC000794,mule,2026-09-12T21:30:00,0
AC000795,beneficiary,2026-09-12T21:31:00,0
AC000796,victim,2026-09-01T16:33:00,0
AC000797,mule,2026-09-01T16:33:00,0
AC000798,beneficiary,2026-09-01T16:47:00,0
AC000799,victim,2026-09-18T19:18:00,0
AC000800,mule,2026-09-18T19:18:00,0
AC000801,mule,2026-09-18T19:23:00,0
AC000802,mule,2026-09-18T19:46:00,0
AC000803,beneficiary,2026-09-18T20:28:00,0
AC000804,victim,2026-09-03T08:12:00,0
AC000805,mule,2026-09-03T08:12:00,0
AC000806,mule,2026-09-03T08:34:00,0
AC000807,mule,2026-09-03T08:55:00,0
AC000808,beneficiary,2026-09-03T09:17:00,0
AC000809,victim,2026-09-03T17:36:00,0
AC000810,mule,2026-09-03T17:36:00,0
AC000811,mule,2026-09-03T18:03:00,0
AC000812,beneficiary,2026-09-03T18:05:00,0
AC000813,victim,2026-09-04T20:06:00,0
AC000814,victim,2026-09-22T00:18:00,0
AC000815,beneficiary,2026-09-22T00:18:00,0
AC000816,victim,2026-09-21T20:17:00,0
AC000817,victim,2026-09-07T15:24:00,0
AC000818,mule,2026-09-07T15:24:00,0
AC000819,mule,2026-09-07T15:30:00,0
AC000820,beneficiary,2026-09-07T15:42:00,0
AC000821,victim,2026-09-06T20:35:00,0
AC000822,mule,2026-09-06T20:35:00,0
AC000823,mule,2026-09-06T20:51:00,0
AC000824,beneficiary,2026-09-06T20:51:00,0
AC000825,victim,2026-09-18T21:09:00,0
AC000826,mule,2026-09-18T21:09:00,0
AC000827,beneficiary,2026-09-18T21:28:00,0
AC000828,victim,2026-09-24T13:33:00,0
AC000829,mule,2026-09-24T13:33:00,0
AC000830,beneficiary,2026-09-24T14:02:00,0
AC000831,victim,2026-09-15T22:07:00,0
AC000832,mule,2026-09-15T22:07:00,0
AC000833,beneficiary,2026-09-15T22:37:00,0
AC000834,victim,2026-09-07T20:44:00,0
AC000835,mule,2026-09-07T20:44:00,0
AC000836,beneficiary,2026-09-07T21:09:00,0
AC000837,victim,2026-09-05T21:56:00,0
AC000838,mule,2026-09-05T21:56:00,0
AC000839,mule,2026-09-05T22:08:00,0
AC000840,mule,2026-09-05T22:33:00,0
AC000841,beneficiary,2026-09-05T22:34:00,0
AC000842,victim,2026-09-11T12:21:00,0
AC000843,mule,2026-09-11T12:21:00,0
AC000844,mule,2026-09-11T12:27:00,0
AC000845,mule,2026-09-11T12:32:00,0
AC000846,beneficiary,2026-09-11T12:37:00,0
AC000847,victim,2026-09-08T07:05:00,0
AC000848,mule,2026-09-08T07:05:00,0
AC000849,mule,2026-09-08T07:29:00,0
AC000850,victim,2026-09-25T16:35:00,0
AC000851,mule,2026-09-25T16:35:00,0
AC000852,beneficiary,2026-09-25T16:41:00,0
AC000853,victim,2026-09-01T15:36:00,0
AC000854,mule,2026-09-01T15:36:00,0
AC000855,beneficiary,2026-09-01T15:56:00,0
AC000856,victim,2026-09-24T18:33:00,0
AC000857,mule,2026-09-24T18:33:00,0
AC000858,beneficiary,2026-09-24T18:42:00,0
AC000859,victim,2026-09-20T13:20:00,0
AC000860,mule,2026-09-20T13:20:00,0
AC000861,mule,2026-09-20T13:50:00,0
AC000862,beneficiary,2026-09-20T13:54:00,0
AC000863,victim,2026-09-13T00:30:00,0
AC000864,mule,2026-09-13T00:30:00,0
AC000865,beneficiary,2026-09-13T01:00:00,0
AC000866,victim,2026-09-14T10:34:00,0
AC000867,beneficiary,2026-09-14T10:34:00,0
AC000868,victim,2026-09-19T01:04:00,0
AC000869,beneficiary,2026-09-19T01:04:00,0
AC000870,victim,2026-09-28T09:42:00,0
AC000871,mule,2026-09-28T09:42:00,0
AC000872,mule,2026-09-28T09:51:00,0
AC000873,beneficiary,2026-09-28T10:19:00,0
AC000874,victim,2026-09-27T01:38:00,0
AC000875,mule,2026-09-27T01:38:00,0
AC000876,mule,2026-09-27T01:40:00,0
AC000877,beneficiary,2026-09-27T01:48:00,0
AC000878,victim,2026-09-10T01:21:00,0
AC000879,mule,2026-09-10T01:21:00,0
AC000880,beneficiary,2026-09-10T01:42:00,0
AC000881,victim,2026-09-30T09:57:00,0
AC000882,mule,2026-09-30T09:57:00,0
AC000883,mule,2026-09-30T10:20:00,0
AC000884,beneficiary,2026-09-30T10:34:00,0
AC000885,victim,2026-09-25T18:18:00,0
AC000886,mule,2026-09-25T18:18:00,0
AC000887,beneficiary,2026-09-25T18:46:00,0
AC000888,victim,2026-09-26T08:29:00,0
AC000889,mule,2026-09-26T08:29:00,0
AC000890,beneficiary,2026-09-26T08:33:00,0
AC000891,victim,2026-09-29T04:41:00,0
AC000892,mule,2026-09-29T04:41:00,0
AC000893,beneficiary,2026-09-29T04:46:00,0
AC000894,victim,2026-09-10T15:51:00,0
AC000895,mule,2026-09-10T15:51:00,0
AC000896,victim,2026-09-17T21:00:00,0
AC000897,mule,2026-09-17T21:00:00,0
AC000898,mule,2026-09-17T21:29:00,0
AC000899,beneficiary,2026-09-17T21:40:00,0
AC000900,victim,2026-09-14T00:43:00,0
AC000901,beneficiary,2026-09-14T00:43:00,0
AC000902,victim,2026-09-23T00:59:00,0
AC000903,beneficiary,2026-09-23T00:59:00,0
AC000904,victim,2026-09-27T07:04:00,0
AC000905,beneficiary,2026-09-27T07:04:00,0
AC000906,victim,2026-09-23T04:06:00,0
AC000907,mule,2026-09-23T04:06:00,0
AC000908,mule,2026-09-23T04:31:00,0
AC000909,beneficiary,2026-09-23T04:47:00,0
AC000910,victim,2026-09-02T00:05:00,0
AC000911,mule,2026-09-02T00:05:00,0
AC000912,beneficiary,2026-09-02T00:24:00,0
AC000913,victim,2026-09-28T17:09:00,0
AC000914,mule,2026-09-28T17:09:00,0
AC000915,mule,2026-09-28T17:20:00,0
AC000916,beneficiary,2026-09-28T17:33:00,0
AC000917,victim,2026-09-22T23:09:00,0
AC000918,mule,2026-09-22T23:09:00,0
AC000919,mule,2026-09-22T23:26:00,0
AC000920,mule,2026-09-22T23:26:00,0
AC000921,beneficiary,2026-09-22T23:29:00,0
AC000922,victim,2026-09-25T15:34:00,0
AC000923,mule,2026-09-25T15:34:00,0
AC000924,mule,2026-09-25T15:55:00,0
AC000925,mule,2026-09-25T16:08:00,0
AC000926,beneficiary,2026-09-25T16:25:00,0
AC000927,victim,2026-09-08T14:43:00,0
AC000928,mule,2026-09-08T14:43:00,0
AC000929,mule,2026-09-08T14:53:00,0
AC000930,mule,2026-09-08T15:23:00,0
AC000931,beneficiary,2026-09-08T15:49:00,0
AC000932,victim,2026-09-18T17:47:00,0
AC000933,mule,2026-09-18T17:47:00,0
AC000934,beneficiary,2026-09-18T18:06:00,0
AC000935,victim,2026-09-14T06:23:00,0
AC000936,mule,2026-09-14T06:23:00,0
AC000937,mule,2026-09-14T06:45:00,0
AC000938,beneficiary,2026-09-14T07:06:00,0
AC000939,victim,2026-09-27T22:09:00,0
AC000940,mule,2026-09-27T22:09:00,0
AC000941,beneficiary,2026-09-27T22:11:00,0
AC000942,victim,2026-09-27T09:57:00,0
AC000943,mule,2026-09-27T09:57:00,0
AC000944,beneficiary,2026-09-27T10:00:00,0
AC000945,victim,2026-09-23T06:15:00,0
AC000946,mule,2026-09-23T06:15:00,0
AC000947,beneficiary,2026-09-23T06:43:00,0
AC000948,victim,2026-09-25T15:04:00,0
AC000949,beneficiary,2026-09-25T15:04:00,0
AC000950,victim,2026-09-13T11:54:00,0
AC000951,mule,2026-09-13T11:54:00,0
AC000952,beneficiary,2026-09-13T12:01:00,0
AC000953,victim,2026-09-04T19:43:00,0
AC000954,beneficiary,2026-09-04T19:43:00,0
AC000955,victim,2026-09-09T13:44:00,0
AC000956,mule,2026-09-09T13:44:00,0
AC000957,beneficiary,2026-09-09T14:17:00,0
AC000958,victim,2026-09-10T20:11:00,0
AC000959,beneficiary,2026-09-10T20:11:00,0
AC000960,victim,2026-09-17T21:41:00,0
AC000961,mule,2026-09-17T21:41:00,0
AC000962,mule,2026-09-17T22:03:00,0
AC000963,mule,2026-09-17T22:15:00,0
AC000964,beneficiary,2026-09-17T22:33:00,0
AC000965,victim,2026-09-07T21:18:00,0
AC000966,mule,2026-09-07T21:18:00,0
AC000967,beneficiary,2026-09-07T21:33:00,0
AC000968,victim,2026-09-08T16:24:00,0
AC000969,mule,2026-09-08T16:24:00,0
AC000970,beneficiary,2026-09-08T16:44:00,0
AC000971,victim,2026-09-28T19:27:00,0
AC000972,beneficiary,2026-09-28T19:27:00,0
AC000973,victim,2026-09-18T14:13:00,0
AC000974,beneficiary,2026-09-18T14:13:00,0
AC000975,victim,2026-09-15T16:06:00,0
AC000976,mule,2026-09-15T16:06:00,0
AC000977,mule,2026-09-15T16:14:00,0
AC000978,mule,2026-09-15T16:44:00,0
AC000979,mule,2026-09-15T17:00:00,0
AC000980,beneficiary,2026-09-15T17:05:00,0
AC000981,victim,2026-09-22T18:50:00,0
AC000982,beneficiary,2026-09-22T18:50:00,0
AC000983,victim,2026-09-14T04:23:00,0
AC000984,beneficiary,2026-09-14T04:23:00,0
AC000985,victim,2026-09-13T15:32:00,0
AC000986,beneficiary,2026-09-13T15:32:00,0
AC000987,victim,2026-09-25T01:45:00,0
AC000988,mule,2026-09-25T01:45:00,0
AC000989,mule,2026-09-25T01:52:00,0
AC000990,beneficiary,2026-09-25T02:03:00,0
AC000991,victim,2026-09-23T15:19:00,0
AC000992,beneficiary,2026-09-23T15:19:00,0
AC000993,victim,2026-09-21T03:26:00,0
AC000994,beneficiary,2026-09-21T03:26:00,0
AC000995,victim,2026-09-29T03:47:00,0
AC000996,mule,2026-09-29T03:47:00,0
AC000997,mule,2026-09-29T04:12:00,0
AC000998,beneficiary,2026-09-29T04:39:00,0
AC000999,victim,2026-09-15T20:13:00,0
AC001000,mule,2026-09-15T20:13:00,0
AC001001,beneficiary,2026-09-15T20:13:00,0
AC001002,victim,2026-09-23T17:07:00,0
AC001003,mule,2026-09-23T17:07:00,0
AC001004,beneficiary,2026-09-23T17:32:00,0
AC001005,victim,2026-09-09T12:21:00,0
AC001006,mule,2026-09-09T12:21:00,0
AC001007,mule,2026-09-09T12:24:00,0
AC001008,beneficiary,2026-09-09T12:38:00,0
AC001009,victim,2026-09-15T10:54:00,0
AC001010,beneficiary,2026-09-15T10:54:00,0
AC001011,victim,2026-09-11T03:52:00,0
AC001012,mule,2026-09-11T03:52:00,0
AC001013,beneficiary,2026-09-11T03:57:00,0
AC001014,victim,2026-09-05T07:44:00,0
AC001015,mule,2026-09-05T08:16:00,0
AC001016,beneficiary,2026-09-05T08:23:00,0
AC001017,victim,2026-09-07T09:09:00,0
AC001018,mule,2026-09-07T09:09:00,0
AC001019,beneficiary,2026-09-07T09:26:00,0
AC001020,victim,2026-09-26T11:41:00,0
AC001021,mule,2026-09-26T11:41:00,0
AC001022,mule,2026-09-26T11:50:00,0
AC001023,beneficiary,2026-09-26T12:04:00,0
AC001024,victim,2026-09-15T20:17:00,0
AC001025,mule,2026-09-15T20:17:00,0
AC001026,mule,2026-09-15T20:38:00,0
AC001027,beneficiary,2026-09-15T20:42:00,0
AC001028,victim,2026-09-09T09:07:00,0
AC001029,mule,2026-09-09T09:07:00,0
AC001030,beneficiary,2026-09-09T09:10:00,0
AC001031,victim,2026-09-04T11:24:00,0
AC001032,mule,2026-09-04T11:24:00,0
AC001033,mule,2026-09-04T11:52:00,0
AC001034,beneficiary,2026-09-04T12:12:00,0
AC001035,victim,2026-09-15T01:56:00,0
AC001036,victim,2026-09-06T01:14:00,0
AC001037,mule,2026-09-06T01:14:00,0
AC001038,beneficiary,2026-09-06T01:19:00,0
AC001039,victim,2026-09-16T00:36:00,0
AC001040,mule,2026-09-16T00:36:00,0
AC001041,mule,2026-09-16T00:59:00,0
AC001042,beneficiary,2026-09-16T01:17:00,0
AC001043,victim,2026-09-28T08:43:00,0
AC001044,mule,2026-09-28T08:43:00,0
AC001045,mule,2026-09-28T08:52:00,0
AC001046,beneficiary,2026-09-28T08:59:00,0
AC001047,victim,2026-09-22T04:50:00,0
AC001048,beneficiary,2026-09-22T04:50:00,0
AC001049,victim,2026-09-04T18:19:00,0
AC001050,beneficiary,2026-09-04T18:19:00,0
AC001051,victim,2026-09-17T02:01:00,0
AC001052,mule,2026-09-17T02:01:00,0
AC001053,mule,2026-09-17T02:08:00,0
AC001054,victim,2026-09-19T03:07:00,0
AC001055,beneficiary,2026-09-19T03:07:00,0
AC001056,victim,2026-09-19T10:01:00,0
AC001057,mule,2026-09-19T10:01:00,0
AC001058,beneficiary,2026-09-19T10:25:00,0
AC001059,victim,2026-09-25T02:37:00,0
AC001060,beneficiary,2026-09-25T02:37:00,0
AC001061,victim,2026-09-17T02:26:00,0
AC001062,mule,2026-09-17T02:26:00,0
AC001063,mule,2026-09-17T02:26:00,0
AC001064,mule,2026-09-17T02:37:00,0
AC001065,beneficiary,2026-09-17T02:51:00,0
AC001066,victim,2026-09-07T23:18:00,0
AC001067,mule,2026-09-07T23:18:00,0
AC001068,beneficiary,2026-09-07T23:21:00,0
AC001069,victim,2026-09-26T05:26:00,0
AC001070,mule,2026-09-26T05:26:00,0
AC001071,mule,2026-09-26T05:48:00,0
AC001072,mule,2026-09-26T06:16:00,0
AC001073,mule,2026-09-26T06:17:00,0
AC001074,victim,2026-09-18T20:11:00,0
AC001075,beneficiary,2026-09-18T20:11:00,0
AC001076,victim,2026-09-25T08:15:00,0
AC001077,mule,2026-09-25T08:15:00,0
AC001078,mule,2026-09-25T08:20:00,0
AC001079,beneficiary,2026-09-25T08:31:00,0
AC001080,victim,2026-09-11T12:23:00,0
AC001081,mule,2026-09-11T12:23:00,0
AC001082,mule,2026-09-11T12:25:00,0
AC001083,mule,2026-09-11T12:46:00,0
AC001084,beneficiary,2026-09-11T13:04:00,0
AC001085,victim,2026-09-10T10:58:00,0
AC001086,beneficiary,2026-09-10T10:58:00,0
AC001087,victim,2026-09-06T15:18:00,0
AC001088,beneficiary,2026-09-06T15:18:00,0
AC001089,victim,2026-09-13T17:03:00,0
AC001090,beneficiary,2026-09-13T17:03:00,0
AC001091,victim,2026-09-17T14:24:00,0
AC001092,beneficiary,2026-09-17T14:24:00,0
AC001093,victim,2026-09-10T01:05:00,0
AC001094,mule,2026-09-10T01:05:00,0
AC001095,mule,2026-09-10T01:05:00,0
AC001096,beneficiary,2026-09-10T01:12:00,0
AC001097,victim,2026-09-12T11:33:00,0
AC001098,mule,2026-09-12T11:33:00,0
AC001099,beneficiary,2026-09-12T11:59:00,0
AC001100,victim,2026-09-03T00:52:00,0
AC001101,mule,2026-09-03T00:52:00,0
AC001102,mule,2026-09-03T01:22:00,0
AC001103,mule,2026-09-03T01:36:00,0
AC001104,beneficiary,2026-09-03T02:00:00,0
AC001105,victim,2026-09-05T08:47:00,0
AC001106,mule,2026-09-05T08:47:00,0
AC001107,beneficiary,2026-09-05T09:17:00,0
AC001108,victim,2026-09-30T18:25:00,0
AC001109,victim,2026-09-18T11:37:00,0
AC001110,mule,2026-09-18T11:37:00,0
AC001111,beneficiary,2026-09-18T12:06:00,0
AC001112,victim,2026-09-21T13:25:00,0
AC001113,beneficiary,2026-09-21T13:25:00,0
AC001114,victim,2026-09-01T12:16:00,0
AC001115,beneficiary,2026-09-01T12:16:00,0
AC001116,victim,2026-09-13T21:46:00,0
AC001117,beneficiary,2026-09-13T21:46:00,0
AC001118,victim,2026-09-03T11:33:00,0
AC001119,beneficiary,2026-09-03T11:33:00,0
AC001120,victim,2026-09-18T00:34:00,0
AC001121,mule,2026-09-18T00:34:00,0
AC001122,mule,2026-09-18T00:36:00,0
AC001123,mule,2026-09-18T00:39:00,0
AC001124,beneficiary,2026-09-18T00:52:00,0
AC001125,victim,2026-09-14T07:41:00,0
AC001126,mule,2026-09-14T07:41:00,0
AC001127,beneficiary,2026-09-14T07:59:00,0
AC001128,victim,2026-09-14T11:17:00,0
AC001129,beneficiary,2026-09-14T11:40:00,0
AC001130,victim,2026-09-14T01:36:00,0
AC001131,mule,2026-09-14T01:36:00,0
AC001132,beneficiary,2026-09-14T01:53:00,0
AC001133,victim,2026-09-23T01:18:00,0
AC001134,mule,2026-09-23T01:18:00,0
AC001135,mule,2026-09-23T01:22:00,0
AC001136,mule,2026-09-23T01:39:00,0
AC001137,mule,2026-09-23T02:05:00,0
AC001138,beneficiary,2026-09-23T02:06:00,0
AC001139,victim,2026-09-04T06:19:00,0
AC001140,mule,2026-09-04T06:19:00,0
AC001141,mule,2026-09-04T06:31:00,0
AC001142,beneficiary,2026-09-04T06:43:00,0
AC001143,victim,2026-09-18T03:52:00,0
AC001144,mule,2026-09-18T03:52:00,0
AC001145,beneficiary,2026-09-18T03:57:00,0
AC001146,victim,2026-09-09T21:45:00,0
AC001147,mule,2026-09-09T21:45:00,0
AC001148,mule,2026-09-09T21:49:00,0
AC001149,beneficiary,2026-09-09T22:19:00,0
AC001150,victim,2026-09-28T07:07:00,0
AC001151,mule,2026-09-28T07:07:00,0
AC001152,victim,2026-09-06T14:30:00,0
AC001153,mule,2026-09-06T14:30:00,0
AC001154,beneficiary,2026-09-06T14:30:00,0
AC001155,victim,2026-09-29T03:50:00,0
AC001156,mule,2026-09-29T04:07:00,0
AC001157,beneficiary,2026-09-29T04:29:00,0
AC001158,victim,2026-09-22T13:28:00,0
AC001159,mule,2026-09-22T13:28:00,0
AC001160,beneficiary,2026-09-22T13:50:00,0
AC001161,victim,2026-09-16T06:48:00,0
AC001162,beneficiary,2026-09-16T06:51:00,0
AC001163,victim,2026-09-06T02:51:00,0
AC001164,beneficiary,2026-09-06T02:51:00,0
AC001165,victim,2026-09-18T17:13:00,0
AC001166,mule,2026-09-18T17:13:00,0
AC001167,beneficiary,2026-09-18T17:31:00,0
AC001168,victim,2026-09-27T09:10:00,0
AC001169,mule,2026-09-27T09:10:00,0
AC001170,beneficiary,2026-09-27T09:13:00,0
AC001171,victim,2026-09-04T01:09:00,0
AC001172,beneficiary,2026-09-04T01:09:00,0
AC001173,victim,2026-09-27T13:15:00,0
AC001174,beneficiary,2026-09-27T13:15:00,0
AC001175,victim,2026-09-05T07:31:00,0
AC001176,mule,2026-09-05T07:31:00,0
AC001177,beneficiary,2026-09-05T08:58:00,0
AC001178,victim,2026-09-09T03:24:00,0
AC001179,beneficiary,2026-09-09T03:24:00,0
AC001180,victim,2026-09-30T18:12:00,0
AC001181,mule,2026-09-30T18:12:00,0
AC001182,beneficiary,2026-09-30T18:16:00,0
AC001183,victim,2026-09-21T17:34:00,0
AC001184,beneficiary,2026-09-21T17:34:00,0
AC001185,victim,2026-09-27T11:31:00,0
AC001186,beneficiary,2026-09-27T11:31:00,0
AC001187,victim,2026-09-22T09:50:00,0
AC001188,mule,2026-09-22T09:50:00,0
AC001189,mule,2026-09-22T09:52:00,0
AC001190,mule,2026-09-22T10:15:00,0
AC001191,mule,2026-09-22T10:32:00,0
AC001192,beneficiary,2026-09-22T11:00:00,0
AC001193,victim,2026-09-14T09:53:00,0
AC001194,mule,2026-09-14T09:53:00,0
AC001195,mule,2026-09-14T10:16:00,0
AC001196,mule,2026-09-14T10:52:00,0
AC001197,beneficiary,2026-09-14T11:13:00,0
AC001198,victim,2026-09-12T17:18:00,0
AC001199,mule,2026-09-12T17:18:00,0
AC001200,mule,2026-09-12T17:26:00,0
AC001201,mule,2026-09-12T17:45:00,0
AC001202,beneficiary,2026-09-12T18:08:00,0
AC001203,victim,2026-09-05T02:11:00,0
AC001204,mule,2026-09-05T02:11:00,0
AC001205,mule,2026-09-05T02:35:00,0
AC001206,beneficiary,2026-09-05T02:42:00,0
AC001207,victim,2026-09-19T09:32:00,0
AC001208,mule,2026-09-19T09:32:00,0
AC001209,mule,2026-09-19T09:56:00,0
AC001210,beneficiary,2026-09-19T10:18:00,0
AC001211,victim,2026-09-05T16:20:00,0
AC001212,mule,2026-09-05T16:20:00,0
AC001213,beneficiary,2026-09-05T16:40:00,0
AC001214,victim,2026-09-24T21:55:00,0
AC001215,mule,2026-09-24T21:55:00,0
AC001216,mule,2026-09-24T22:16:00,0
AC001217,victim,2026-09-05T10:25:00,0
AC001218,mule,2026-09-05T10:25:00,0
AC001219,mule,2026-09-05T10:31:00,0
AC001220,beneficiary,2026-09-05T10:34:00,0
AC001221,victim,2026-09-09T15:15:00,0
AC001222,mule,2026-09-09T15:15:00,0
AC001223,beneficiary,2026-09-09T15:17:00,0
AC001224,victim,2026-09-13T20:52:00,0
AC001225,mule,2026-09-13T20:52:00,0
AC001226,beneficiary,2026-09-13T20:53:00,0
AC001227,victim,2026-09-06T04:26:00,0
AC001228,mule,2026-09-06T04:26:00,0
AC001229,mule,2026-09-06T04:46:00,0
AC001230,victim,2026-09-19T00:30:00,0
AC001231,mule,2026-09-19T00:30:00,0
AC001232,beneficiary,2026-09-19T00:48:00,0
AC001233,victim,2026-09-23T04:32:00,0
AC001234,mule,2026-09-23T04:32:00,0
AC001235,victim,2026-09-03T00:57:00,0
AC001236,mule,2026-09-03T00:57:00,0
AC001237,beneficiary,2026-09-03T01:25:00,0
AC001238,victim,2026-09-02T09:42:00,0
AC001239,mule,2026-09-02T10:02:00,0
AC001240,beneficiary,2026-09-02T10:32:00,0
AC001241,victim,2026-09-25T01:23:00,0
AC001242,beneficiary,2026-09-25T01:23:00,0
AC001243,victim,2026-09-03T08:01:00,0
AC001244,beneficiary,2026-09-03T08:01:00,0
AC001245,victim,2026-09-06T02:08:00,0
AC001246,victim,2026-09-15T21:15:00,0
AC001247,mule,2026-09-15T21:15:00,0
AC001248,beneficiary,2026-09-15T21:18:00,0
AC001249,victim,2026-09-07T07:40:00,0
AC001250,mule,2026-09-07T07:40:00,0
AC001251,victim,2026-09-30T08:51:00,0
AC001252,mule,2026-09-30T08:51:00,0
AC001253,mule,2026-09-30T09:21:00,0
AC001254,beneficiary,2026-09-30T09:22:00,0
AC001255,victim,2026-09-06T14:20:00,0
AC001256,mule,2026-09-06T14:20:00,0
AC001257,mule,2026-09-06T14:37:00,0
AC001258,beneficiary,2026-09-06T14:57:00,0
AC001259,victim,2026-09-03T05:05:00,0
AC001260,mule,2026-09-03T05:05:00,0
AC001261,beneficiary,2026-09-03T05:13:00,0
AC001262,victim,2026-09-24T16:24:00,0
AC001263,mule,2026-09-24T16:24:00,0
AC001264,beneficiary,2026-09-24T16:42:00,0
AC001265,victim,2026-09-10T08:24:00,0
AC001266,mule,2026-09-10T08:24:00,0
AC001267,beneficiary,2026-09-10T08:39:00,0
AC001268,victim,2026-09-10T02:04:00,0
AC001269,beneficiary,2026-09-10T02:04:00,0
AC001270,victim,2026-09-11T06:08:00,0
AC001271,mule,2026-09-11T06:08:00,0
AC001272,mule,2026-09-11T06:28:00,0
AC001273,victim,2026-09-12T12:41:00,0
AC001274,mule,2026-09-12T12:41:00,0
AC001275,beneficiary,2026-09-12T12:59:00,0
AC001276,victim,2026-09-20T14:58:00,0
AC001277,mule,2026-09-20T14:58:00,0
AC001278,beneficiary,2026-09-20T15:20:00,0
AC001279,victim,2026-09-30T17:23:00,0
AC001280,mule,2026-09-30T17:23:00,0
AC001281,mule,2026-09-30T17:28:00,0
AC001282,beneficiary,2026-09-30T17:51:00,0
AC001283,victim,2026-09-01T07:29:00,0
AC001284,mule,2026-09-01T07:29:00,0
AC001285,beneficiary,2026-09-01T07:38:00,0
AC001286,victim,2026-09-17T19:34:00,0
AC001287,mule,2026-09-17T19:34:00,0
AC001288,beneficiary,2026-09-17T19:53:00,0
AC001289,victim,2026-09-23T00:38:00,0
AC001290,mule,2026-09-23T00:38:00,0
AC001291,beneficiary,2026-09-23T00:46:00,0
AC001292,victim,2026-09-25T12:01:00,0
AC001293,mule,2026-09-25T12:01:00,0
AC001294,beneficiary,2026-09-25T12:31:00,0
AC001295,victim,2026-09-06T08:21:00,0
AC001296,mule,2026-09-06T08:21:00,0
AC001297,mule,2026-09-06T08:37:00,0
AC001298,beneficiary,2026-09-06T08:58:00,0
AC001299,victim,2026-09-24T21:33:00,0
AC001300,mule,2026-09-24T21:33:00,0
AC001301,mule,2026-09-24T21:58:00,0
AC001302,beneficiary,2026-09-24T22:19:00,0
AC001303,victim,2026-09-03T09:41:00,0
AC001304,mule,2026-09-03T09:41:00,0
AC001305,mule,2026-09-03T09:46:00,0
AC001306,mule,2026-09-03T09:55:00,0
AC001307,beneficiary,2026-09-03T10:21:00,0
AC001308,victim,2026-09-26T20:23:00,0
AC001309,mule,2026-09-26T20:23:00,0
AC001310,mule,2026-09-26T20:37:00,0
AC001311,beneficiary,2026-09-26T20:40:00,0
AC001312,victim,2026-09-16T07:50:00,0
AC001313,mule,2026-09-16T07:50:00,0
AC001314,beneficiary,2026-09-16T08:14:00,0
AC001315,victim,2026-09-15T06:30:00,0
AC001316,beneficiary,2026-09-15T06:30:00,0
AC001317,victim,2026-09-25T18:05:00,0
AC001318,mule,2026-09-25T18:05:00,0
AC001319,beneficiary,2026-09-25T18:15:00,0
AC001320,victim,2026-09-17T05:46:00,0
AC001321,mule,2026-09-17T06:09:00,0
AC001322,mule,2026-09-17T06:18:00,0
AC001323,mule,2026-09-17T06:46:00,0
AC001324,beneficiary,2026-09-17T06:59:00,0
AC001325,victim,2026-09-18T08:26:00,0
AC001326,mule,2026-09-18T08:26:00,0
AC001327,beneficiary,2026-09-18T08:34:00,0
AC001328,victim,2026-09-27T21:12:00,0
AC001329,mule,2026-09-27T21:12:00,0
AC001330,mule,2026-09-27T21:19:00,0
AC001331,mule,2026-09-27T21:23:00,0
AC001332,mule,2026-09-27T21:43:00,0
AC001333,beneficiary,2026-09-27T22:04:00,0
AC001334,victim,2026-09-23T02:49:00,0
AC001335,mule,2026-09-23T02:49:00,0
AC001336,mule,2026-09-23T03:11:00,0
AC001337,beneficiary,2026-09-23T03:34:00,0
AC001338,victim,2026-09-20T08:13:00,0
AC001339,mule,2026-09-20T08:13:00,0
AC001340,mule,2026-09-20T08:33:00,0
AC001341,mule,2026-09-20T08:57:00,0
AC001342,beneficiary,2026-09-20T09:16:00,0
AC001343,victim,2026-09-07T18:58:00,0
AC001344,mule,2026-09-07T18:58:00,0
AC001345,mule,2026-09-07T19:22:00,0
AC001346,mule,2026-09-07T20:07:00,0
AC001347,beneficiary,2026-09-07T20:32:00,0
AC001348,victim,2026-09-07T13:50:00,0
AC001349,mule,2026-09-07T13:50:00,0
AC001350,mule,2026-09-07T14:00:00,0
AC001351,mule,2026-09-07T14:00:00,0
AC001352,mule,2026-09-07T14:27:00,0
AC001353,beneficiary,2026-09-07T14:36:00,0
AC001354,victim,2026-09-10T04:28:00,0
AC001355,beneficiary,2026-09-10T04:28:00,0
AC001356,victim,2026-09-27T23:49:00,0
AC001357,mule,2026-09-28T00:16:00,0
AC001358,beneficiary,2026-09-28T00:27:00,0
AC001359,victim,2026-09-14T01:51:00,0
AC001360,mule,2026-09-14T01:51:00,0
AC001361,beneficiary,2026-09-14T01:54:00,0
AC001362,victim,2026-09-17T09:33:00,0
AC001363,mule,2026-09-17T09:33:00,0
AC001364,beneficiary,2026-09-17T09:46:00,0
AC001365,victim,2026-09-03T02:21:00,0
AC001366,beneficiary,2026-09-03T02:35:00,0
AC001367,victim,2026-09-17T23:20:00,0
AC001368,mule,2026-09-17T23:20:00,0
AC001369,mule,2026-09-17T23:23:00,0
AC001370,beneficiary,2026-09-17T23:56:00,0
AC001371,victim,2026-09-06T20:05:00,0
AC001372,mule,2026-09-06T20:05:00,0
AC001373,mule,2026-09-06T20:29:00,0
AC001374,mule,2026-09-06T20:54:00,0
AC001375,beneficiary,2026-09-06T21:15:00,0
AC001376,victim,2026-09-29T20:20:00,0
AC001377,mule,2026-09-29T20:20:00,0
AC001378,beneficiary,2026-09-29T20:46:00,0
AC001379,victim,2026-09-04T17:34:00,0
AC001380,mule,2026-09-04T17:34:00,0
AC001381,beneficiary,2026-09-04T17:55:00,0
AC001382,victim,2026-09-18T17:01:00,0
AC001383,mule,2026-09-18T17:01:00,0
AC001384,beneficiary,2026-09-18T17:02:00,0
AC001385,victim,2026-09-23T10:25:00,0
AC001386,mule,2026-09-23T10:25:00,0
AC001387,mule,2026-09-23T10:42:00,0
AC001388,mule,2026-09-23T11:09:00,0
AC001389,beneficiary,2026-09-23T11:21:00,0
AC001390,victim,2026-09-17T22:13:00,0
AC001391,mule,2026-09-17T22:13:00,0
AC001392,beneficiary,2026-09-17T22:33:00,0
AC001393,victim,2026-09-30T17:52:00,0
AC001394,mule,2026-09-30T17:52:00,0
AC001395,victim,2026-09-13T09:13:00,0
AC001396,mule,2026-09-13T09:25:00,0
AC001397,beneficiary,2026-09-13T09:38:00,0
AC001398,victim,2026-09-25T15:16:00,0
AC001399,beneficiary,2026-09-25T15:28:00,0
AC001400,victim,2026-09-22T21:07:00,0
AC001401,mule,2026-09-22T21:07:00,0
AC001402,beneficiary,2026-09-22T21:27:00,0
AC001403,victim,2026-09-21T21:02:00,0
AC001404,beneficiary,2026-09-21T21:02:00,0
AC001405,victim,2026-09-20T23:44:00,0
AC001406,beneficiary,2026-09-20T23:44:00,0
AC001407,victim,2026-09-30T02:25:00,0
AC001408,mule,2026-09-30T02:25:00,0
AC001409,beneficiary,2026-09-30T02:45:00,0
AC001410,victim,2026-09-22T08:59:00,0
AC001411,mule,2026-09-22T08:59:00,0
AC001412,mule,2026-09-22T09:27:00,0
AC001413,beneficiary,2026-09-22T09:56:00,0
AC001414,victim,2026-09-19T18:33:00,0
AC001415,mule,2026-09-19T18:33:00,0
AC001416,beneficiary,2026-09-19T18:56:00,0
AC001417,victim,2026-09-16T05:40:00,0
AC001418,mule,2026-09-16T05:40:00,0
AC001419,mule,2026-09-16T05:43:00,0
AC001420,mule,2026-09-16T05:51:00,0
AC001421,beneficiary,2026-09-16T06:18:00,0
AC001422,victim,2026-09-17T18:29:00,0
AC001423,mule,2026-09-17T18:30:00,0
AC001424,beneficiary,2026-09-17T18:55:00,0
AC001425,victim,2026-09-21T09:13:00,0
AC001426,mule,2026-09-21T09:13:00,0
AC001427,mule,2026-09-21T09:42:00,0
AC001428,beneficiary,2026-09-21T10:11:00,0
AC001429,victim,2026-09-04T21:29:00,0
AC001430,mule,2026-09-04T21:29:00,0
AC001431,mule,2026-09-04T21:55:00,0
AC001432,mule,2026-09-04T22:23:00,0
AC001433,mule,2026-09-04T22:45:00,0
AC001434,beneficiary,2026-09-04T22:56:00,0
AC001435,victim,2026-09-07T10:38:00,0
AC001436,beneficiary,2026-09-07T10:38:00,0
AC001437,victim,2026-09-21T19:08:00,0
AC001438,mule,2026-09-21T19:08:00,0
AC001439,mule,2026-09-21T19:26:00,0
AC001440,mule,2026-09-21T19:32:00,0
AC001441,beneficiary,2026-09-21T19:37:00,0
AC001442,victim,2026-09-22T07:05:00,0
AC001443,victim,2026-09-21T01:18:00,0
AC001444,beneficiary,2026-09-21T01:18:00,0
AC001445,victim,2026-09-28T13:27:00,0
AC001446,mule,2026-09-28T13:27:00,0
AC001447,victim,2026-09-15T23:04:00,0
AC001448,mule,2026-09-15T23:04:00,0
AC001449,beneficiary,2026-09-15T23:28:00,0
AC001450,victim,2026-09-01T11:51:00,0
AC001451,mule,2026-09-01T11:51:00,0
AC001452,beneficiary,2026-09-01T12:03:00,0
AC001453,victim,2026-09-07T06:05:00,0
AC001454,mule,2026-09-07T06:05:00,0
AC001455,mule,2026-09-07T06:13:00,0
AC001456,beneficiary,2026-09-07T06:39:00,0
AC001457,victim,2026-09-15T14:39:00,0
AC001458,mule,2026-09-15T14:40:00,0
AC001459,beneficiary,2026-09-15T14:55:00,0
AC001460,victim,2026-09-23T07:58:00,0
AC001461,beneficiary,2026-09-23T07:58:00,0
AC001462,victim,2026-09-24T09:40:00,0
AC001463,beneficiary,2026-09-24T09:40:00,0
AC001464,victim,2026-09-02T10:21:00,0
AC001465,mule,2026-09-02T10:21:00,0
AC001466,mule,2026-09-02T10:50:00,0
AC001467,beneficiary,2026-09-02T11:08:00,0
AC001468,victim,2026-09-07T03:15:00,0
AC001469,mule,2026-09-07T03:15:00,0
AC001470,mule,2026-09-07T03:40:00,0
AC001471,victim,2026-09-14T05:13:00,0
AC001472,mule,2026-09-14T05:13:00,0
AC001473,mule,2026-09-14T05:26:00,0
AC001474,beneficiary,2026-09-14T05:45:00,0
AC001475,victim,2026-09-20T12:06:00,0
AC001476,mule,2026-09-20T12:06:00,0
AC001477,victim,2026-09-25T03:05:00,0
AC001478,mule,2026-09-25T03:05:00,0
AC001479,beneficiary,2026-09-25T03:34:00,0
AC001480,victim,2026-09-03T07:15:00,0
AC001481,mule,2026-09-03T07:15:00,0
AC001482,beneficiary,2026-09-03T07:29:00,0
AC001483,victim,2026-09-03T07:26:00,0
AC001484,mule,2026-09-03T07:26:00,0
AC001485,mule,2026-09-03T07:44:00,0
AC001486,mule,2026-09-03T07:58:00,0
AC001487,beneficiary,2026-09-03T08:27:00,0
AC001488,victim,2026-09-01T20:31:00,0
AC001489,mule,2026-09-01T20:31:00,0
AC001490,beneficiary,2026-09-01T20:58:00,0
AC001491,victim,2026-09-06T08:14:00,0
AC001492,mule,2026-09-06T08:14:00,0
AC001493,beneficiary,2026-09-06T08:34:00,0
AC001494,victim,2026-09-08T04:29:00,0
AC001495,mule,2026-09-08T04:47:00,0
AC001496,victim,2026-09-02T22:25:00,0
AC001497,mule,2026-09-02T22:25:00,0
AC001498,mule,2026-09-02T22:48:00,0
AC001499,mule,2026-09-02T22:49:00,0
AC001500,beneficiary,2026-09-02T22:59:00,0
AC001501,victim,2026-09-21T02:28:00,0
AC001502,mule,2026-09-21T02:28:00,0
AC001503,beneficiary,2026-09-21T02:43:00,0
AC001504,victim,2026-09-14T14:27:00,0
AC001505,mule,2026-09-14T14:27:00,0
AC001506,mule,2026-09-14T14:52:00,0
AC001507,beneficiary,2026-09-14T15:01:00,0
AC001508,victim,2026-09-15T01:40:00,0
AC001509,mule,2026-09-15T01:51:00,0
AC001510,mule,2026-09-15T01:56:00,0
AC001511,beneficiary,2026-09-15T02:24:00,0
AC001512,victim,2026-09-17T10:01:00,0
AC001513,mule,2026-09-17T10:01:00,0
AC001514,mule,2026-09-17T10:28:00,0
AC001515,mule,2026-09-17T10:57:00,0
AC001516,beneficiary,2026-09-17T11:27:00,0
AC001517,victim,2026-09-17T17:00:00,0
AC001518,mule,2026-09-17T17:00:00,0
AC001519,mule,2026-09-17T17:15:00,0
AC001520,beneficiary,2026-09-17T17:26:00,0
AC001521,victim,2026-09-16T18:48:00,0
AC001522,beneficiary,2026-09-16T19:10:00,0
AC001523,victim,2026-09-19T21:04:00,0
AC001524,mule,2026-09-19T21:04:00,0
AC001525,mule,2026-09-19T21:04:00,0
AC001526,beneficiary,2026-09-19T21:16:00,0
AC001527,victim,2026-09-24T21:44:00,0
AC001528,mule,2026-09-24T21:44:00,0
AC001529,beneficiary,2026-09-24T22:06:00,0
AC001530,victim,2026-09-10T14:03:00,0
AC001531,mule,2026-09-10T14:03:00,0
AC001532,beneficiary,2026-09-10T14:31:00,0
AC001533,victim,2026-09-24T22:29:00,0
AC001534,beneficiary,2026-09-24T22:38:00,0
AC001535,victim,2026-09-20T11:45:00,0
AC001536,mule,2026-09-20T11:53:00,0
AC001537,mule,2026-09-20T12:17:00,0
AC001538,mule,2026-09-20T12:35:00,0
AC001539,beneficiary,2026-09-20T12:42:00,0
AC001540,victim,2026-09-21T22:13:00,0
AC001541,mule,2026-09-21T22:13:00,0
AC001542,mule,2026-09-21T22:54:00,0
AC001543,mule,2026-09-21T23:08:00,0
AC001544,beneficiary,2026-09-21T23:24:00,0
AC001545,victim,2026-09-23T12:42:00,0
AC001546,beneficiary,2026-09-23T12:42:00,0
AC001547,victim,2026-09-02T17:36:00,0
AC001548,mule,2026-09-02T17:36:00,0
AC001549,victim,2026-09-07T17:15:00,0
AC001550,mule,2026-09-07T17:15:00,0
AC001551,mule,2026-09-07T17:21:00,0
AC001552,beneficiary,2026-09-07T17:36:00,0
AC001553,victim,2026-09-18T10:07:00,0
AC001554,mule,2026-09-18T10:07:00,0
AC001555,mule,2026-09-18T10:23:00,0
AC001556,beneficiary,2026-09-18T10:44:00,0
AC001557,victim,2026-09-21T09:58:00,0
AC001558,beneficiary,2026-09-21T09:58:00,0
AC001559,victim,2026-09-27T12:04:00,0
AC001560,mule,2026-09-27T12:04:00,0
AC001561,mule,2026-09-27T12:19:00,0
AC001562,beneficiary,2026-09-27T12:48:00,0
AC001563,victim,2026-09-15T19:59:00,0
AC001564,beneficiary,2026-09-15T19:59:00,0
AC001565,victim,2026-09-05T09:25:00,0
AC001566,mule,2026-09-05T09:25:00,0
AC001567,mule,2026-09-05T09:29:00,0
AC001568,mule,2026-09-05T09:31:00,0
AC001569,beneficiary,2026-09-05T09:49:00,0
AC001570,victim,2026-09-03T14:39:00,0
AC001571,beneficiary,2026-09-03T14:39:00,0
AC001572,victim,2026-09-23T06:50:00,0
AC001573,beneficiary,2026-09-23T06:50:00,0
AC001574,victim,2026-09-15T02:43:00,0
AC001575,mule,2026-09-15T02:43:00,0
AC001576,beneficiary,2026-09-15T02:59:00,0
AC001577,victim,2026-09-21T19:25:00,0
AC001578,mule,2026-09-21T19:25:00,0
AC001579,beneficiary,2026-09-21T19:44:00,0
AC001580,victim,2026-09-30T00:32:00,0
AC001581,mule,2026-09-30T00:32:00,0
AC001582,mule,2026-09-30T00:37:00,0
AC001583,mule,2026-09-30T00:49:00,0
AC001584,mule,2026-09-30T01:12:00,0
AC001585,beneficiary,2026-09-30T01:18:00,0
AC001586,victim,2026-09-10T20:03:00,0
AC001587,mule,2026-09-10T20:23:00,0
AC001588,mule,2026-09-10T20:23:00,0
AC001589,beneficiary,2026-09-10T20:36:00,0
AC001590,victim,2026-09-17T07:33:00,0
AC001591,mule,2026-09-17T07:33:00,0
AC001592,beneficiary,2026-09-17T07:59:00,0
AC001593,victim,2026-09-09T23:10:00,0
AC001594,mule,2026-09-09T23:10:00,0
AC001595,mule,2026-09-09T23:32:00,0
AC001596,beneficiary,2026-09-10T00:18:00,0
AC001597,victim,2026-09-13T01:34:00,0
AC001598,mule,2026-09-13T01:34:00,0
AC001599,mule,2026-09-13T01:55:00,0
AC001600,beneficiary,2026-09-13T02:17:00,0
AC001601,victim,2026-09-13T17:19:00,0
AC001602,mule,2026-09-13T17:19:00,0
AC001603,mule,2026-09-13T17:35:00,0
AC001604,beneficiary,2026-09-13T17:42:00,0
AC001605,victim,2026-09-11T12:26:00,0
AC001606,beneficiary,2026-09-11T12:26:00,0
AC001607,victim,2026-09-29T18:05:00,0
AC001608,victim,2026-09-29T10:43:00,0
AC001609,mule,2026-09-29T10:43:00,0
AC001610,mule,2026-09-29T10:46:00,0
AC001611,beneficiary,2026-09-29T11:15:00,0
AC001612,victim,2026-09-04T05:51:00,0
AC001613,mule,2026-09-04T06:03:00,0
AC001614,mule,2026-09-04T06:16:00,0
AC001615,beneficiary,2026-09-04T06:41:00,0
AC001616,victim,2026-09-21T21:58:00,0
AC001617,victim,2026-09-29T12:08:00,0
AC001618,mule,2026-09-29T12:08:00,0
AC001619,beneficiary,2026-09-29T12:09:00,0
AC001620,victim,2026-09-07T23:00:00,0
AC001621,mule,2026-09-07T23:00:00,0
AC001622,beneficiary,2026-09-07T23:26:00,0
AC001623,victim,2026-09-22T12:31:00,0
AC001624,mule,2026-09-22T12:31:00,0
AC001625,mule,2026-09-22T12:50:00,0
AC001626,mule,2026-09-22T12:55:00,0
AC001627,beneficiary,2026-09-22T13:20:00,0
AC001628,victim,2026-09-16T08:06:00,0
AC001629,mule,2026-09-16T08:06:00,0
AC001630,beneficiary,2026-09-16T08:06:00,0
AC001631,victim,2026-09-11T05:08:00,0
AC001632,mule,2026-09-11T05:08:00,0
AC001633,mule,2026-09-11T05:15:00,0
AC001634,beneficiary,2026-09-11T05:20:00,0
AC001635,victim,2026-09-18T04:42:00,0
AC001636,mule,2026-09-18T04:42:00,0
AC001637,mule,2026-09-18T05:35:00,0
AC001638,mule,2026-09-18T05:47:00,0
AC001639,beneficiary,2026-09-18T06:00:00,0
AC001640,victim,2026-09-07T00:07:00,0
AC001641,mule,2026-09-07T00:07:00,0
AC001642,mule,2026-09-07T00:09:00,0
AC001643,mule,2026-09-07T00:28:00,0
AC001644,beneficiary,2026-09-07T00:40:00,0
AC001645,victim,2026-09-22T19:28:00,0
AC001646,mule,2026-09-22T19:28:00,0
AC001647,mule,2026-09-22T19:53:00,0
AC001648,beneficiary,2026-09-22T20:21:00,0
AC001649,victim,2026-09-07T08:43:00,0
AC001650,mule,2026-09-07T08:43:00,0
AC001651,beneficiary,2026-09-07T08:50:00,0
AC001652,victim,2026-09-13T16:12:00,0
AC001653,mule,2026-09-13T16:12:00,0
AC001654,mule,2026-09-13T16:20:00,0
AC001655,beneficiary,2026-09-13T16:22:00,0
AC001656,victim,2026-09-10T08:47:00,0
AC001657,mule,2026-09-10T08:47:00,0
AC001658,mule,2026-09-10T08:56:00,0
AC001659,beneficiary,2026-09-10T09:15:00,0
AC001660,victim,2026-10-01T01:46:00,0
AC001661,mule,2026-10-01T01:46:00,0
AC001662,mule,2026-10-01T02:10:00,0
AC001663,beneficiary,2026-10-01T02:17:00,0
AC001664,victim,2026-09-16T18:05:00,0
AC001665,mule,2026-09-16T18:05:00,0
AC001666,beneficiary,2026-09-16T18:35:00,0
AC001667,victim,2026-09-17T09:23:00,0
AC001668,mule,2026-09-17T09:23:00,0
AC001669,beneficiary,2026-09-17T09:47:00,0
AC001670,victim,2026-09-27T02:36:00,0
AC001671,mule,2026-09-27T02:36:00,0
AC001672,mule,2026-09-27T02:38:00,0
AC001673,beneficiary,2026-09-27T02:41:00,0
AC001674,victim,2026-09-28T17:02:00,0
AC001675,beneficiary,2026-09-28T17:02:00,0
AC001676,victim,2026-09-18T00:39:00,0
AC001677,beneficiary,2026-09-18T00:39:00,0
AC001678,victim,2026-09-18T22:53:00,0
AC001679,beneficiary,2026-09-18T22:53:00,0
AC001680,victim,2026-09-10T10:18:00,0
AC001681,mule,2026-09-10T10:37:00,0
AC001682,mule,2026-09-10T11:06:00,0
AC001683,beneficiary,2026-09-10T11:24:00,0
AC001684,victim,2026-09-29T08:43:00,0
AC001685,mule,2026-09-29T08:43:00,0
AC001686,mule,2026-09-29T08:48:00,0
AC001687,beneficiary,2026-09-29T09:18:00,0
AC001688,victim,2026-09-11T03:18:00,0
AC001689,beneficiary,2026-09-11T03:18:00,0
AC001690,victim,2026-09-03T06:45:00,0
AC001691,beneficiary,2026-09-03T06:45:00,0
AC001692,victim,2026-09-06T11:15:00,0
AC001693,mule,2026-09-06T11:15:00,0
AC001694,mule,2026-09-06T11:51:00,0
AC001695,mule,2026-09-06T12:05:00,0
AC001696,beneficiary,2026-09-06T12:13:00,0
AC001697,victim,2026-09-01T18:14:00,0
AC001698,mule,2026-09-01T18:14:00,0
AC001699,beneficiary,2026-09-01T18:20:00,0
AC001700,victim,2026-09-05T22:16:00,0
AC001701,beneficiary,2026-09-05T22:17:00,0
AC001702,victim,2026-09-16T14:13:00,0
AC001703,beneficiary,2026-09-16T14:13:00,0
AC001704,victim,2026-09-26T19:54:00,0
AC001705,mule,2026-09-26T19:54:00,0
AC001706,mule,2026-09-26T20:06:00,0
AC001707,beneficiary,2026-09-26T20:12:00,0
AC001708,victim,2026-10-01T04:40:00,0
AC001709,beneficiary,2026-10-01T04:53:00,0
AC001710,victim,2026-09-18T22:25:00,0
AC001711,beneficiary,2026-09-18T22:25:00,0
AC001712,victim,2026-09-21T16:19:00,0
AC001713,mule,2026-09-21T16:19:00,0
AC001714,mule,2026-09-21T16:35:00,0
AC001715,beneficiary,2026-09-21T16:54:00,0
AC001716,victim,2026-09-10T10:39:00,0
AC001717,mule,2026-09-10T10:39:00,0
AC001718,mule,2026-09-10T10:46:00,0
AC001719,beneficiary,2026-09-10T10:56:00,0
AC001720,victim,2026-09-16T07:50:00,0
AC001721,mule,2026-09-16T07:50:00,0
AC001722,beneficiary,2026-09-16T08:19:00,0
AC001723,victim,2026-09-04T04:34:00,0
AC001724,victim,2026-09-22T12:10:00,0
AC001725,mule,2026-09-22T12:10:00,0
AC001726,mule,2026-09-22T12:23:00,0
AC001727,mule,2026-09-22T12:32:00,0
AC001728,beneficiary,2026-09-22T13:02:00,0
AC001729,victim,2026-09-24T05:54:00,0
AC001730,mule,2026-09-24T06:07:00,0
AC001731,beneficiary,2026-09-24T06:36:00,0
AC001732,victim,2026-09-23T03:12:00,0
AC001733,beneficiary,2026-09-23T03:12:00,0
AC001734,victim,2026-09-19T15:52:00,0
AC001735,mule,2026-09-19T15:52:00,0
AC001736,mule,2026-09-19T16:07:00,0
AC001737,mule,2026-09-19T16:25:00,0
AC001738,beneficiary,2026-09-19T16:26:00,0
AC001739,victim,2026-09-23T11:42:00,0
AC001740,mule,2026-09-23T11:42:00,0
AC001741,beneficiary,2026-09-23T12:05:00,0
AC001742,victim,2026-09-07T22:57:00,0
AC001743,victim,2026-09-20T16:15:00,0
AC001744,mule,2026-09-20T16:15:00,0
AC001745,mule,2026-09-20T16:38:00,0
AC001746,victim,2026-09-01T13:00:00,0
AC001747,mule,2026-09-01T13:16:00,0
AC001748,beneficiary,2026-09-01T13:39:00,0
AC001749,victim,2026-09-27T01:24:00,0
AC001750,beneficiary,2026-09-27T01:49:00,0
AC001751,victim,2026-09-06T22:11:00,0
AC001752,mule,2026-09-06T22:26:00,0
AC001753,victim,2026-09-23T08:45:00,0
AC001754,mule,2026-09-23T08:45:00,0
AC001755,mule,2026-09-23T08:56:00,0
AC001756,mule,2026-09-23T09:22:00,0
AC001757,mule,2026-09-23T09:43:00,0
AC001758,beneficiary,2026-09-23T09:44:00,0
AC001759,victim,2026-09-13T23:15:00,0
AC001760,mule,2026-09-13T23:15:00,0
AC001761,beneficiary,2026-09-13T23:36:00,0
AC001762,victim,2026-09-16T01:33:00,0
AC001763,mule,2026-09-16T01:33:00,0
AC001764,beneficiary,2026-09-16T01:52:00,0
AC001765,victim,2026-09-24T22:02:00,0
AC001766,mule,2026-09-24T22:02:00,0
AC001767,beneficiary,2026-09-24T22:04:00,0
AC001768,victim,2026-09-10T21:10:00,0
AC001769,mule,2026-09-10T21:10:00,0
AC001770,beneficiary,2026-09-10T21:32:00,0
AC001771,victim,2026-09-06T20:27:00,0
AC001772,beneficiary,2026-09-06T20:54:00,0
AC001773,victim,2026-09-21T03:16:00,0
AC001774,beneficiary,2026-09-21T03:19:00,0
AC001775,victim,2026-09-27T12:08:00,0
AC001776,mule,2026-09-27T12:08:00,0
AC001777,beneficiary,2026-09-27T12:14:00,0
AC001778,victim,2026-09-19T05:47:00,0
AC001779,mule,2026-09-19T05:47:00,0
AC001780,beneficiary,2026-09-19T06:13:00,0
AC001781,victim,2026-09-06T20:51:00,0
AC001782,mule,2026-09-06T20:51:00,0
AC001783,beneficiary,2026-09-06T20:57:00,0
AC001784,victim,2026-09-11T11:50:00,0
AC001785,mule,2026-09-11T11:50:00,0
AC001786,beneficiary,2026-09-11T11:59:00,0
AC001787,victim,2026-09-14T03:09:00,0
AC001788,mule,2026-09-14T03:09:00,0
AC001789,mule,2026-09-14T03:21:00,0
AC001790,beneficiary,2026-09-14T03:45:00,0
AC001791,victim,2026-09-07T20:11:00,0
AC001792,mule,2026-09-07T20:11:00,0
AC001793,mule,2026-09-07T20:31:00,0
AC001794,mule,2026-09-07T20:58:00,0
AC001795,mule,2026-09-07T21:25:00,0
AC001796,beneficiary,2026-09-07T21:38:00,0
AC001797,victim,2026-09-20T23:50:00,0
AC001798,victim,2026-10-01T05:16:00,0
AC001799,mule,2026-10-01T05:16:00,0
AC001800,beneficiary,2026-10-01T05:36:00,0
AC001801,victim,2026-09-27T07:27:00,0
AC001802,mule,2026-09-27T07:27:00,0
AC001803,mule,2026-09-27T07:52:00,0
AC001804,beneficiary,2026-09-27T08:12:00,0
AC001805,victim,2026-09-19T04:07:00,0
AC001806,beneficiary,2026-09-19T04:24:00,0
AC001807,victim,2026-09-03T00:45:00,0
AC001808,beneficiary,2026-09-03T00:45:00,0
AC001809,victim,2026-09-09T01:26:00,0
AC001810,beneficiary,2026-09-09T01:26:00,0
AC001811,victim,2026-09-17T06:36:00,0
AC001812,beneficiary,2026-09-17T06:36:00,0
AC001813,victim,2026-09-26T09:00:00,0
AC001814,mule,2026-09-26T09:00:00,0
AC001815,victim,2026-09-20T14:35:00,0
AC001816,victim,2026-09-15T15:32:00,0
AC001817,mule,2026-09-15T15:32:00,0
AC001818,beneficiary,2026-09-15T15:39:00,0
AC001819,victim,2026-09-13T16:27:00,0
AC001820,mule,2026-09-13T16:34:00,0
AC001821,mule,2026-09-13T16:59:00,0
AC001822,beneficiary,2026-09-13T17:22:00,0
AC001823,victim,2026-09-05T18:12:00,0
AC001824,mule,2026-09-05T18:12:00,0
AC001825,beneficiary,2026-09-05T18:24:00,0
AC001826,victim,2026-10-01T04:14:00,0
AC001827,mule,2026-10-01T04:14:00,0
AC001828,mule,2026-10-01T04:22:00,0
AC001829,beneficiary,2026-10-01T04:42:00,0
AC001830,victim,2026-09-20T17:14:00,0
AC001831,mule,2026-09-20T17:14:00,0
AC001832,mule,2026-09-20T17:16:00,0
AC001833,mule,2026-09-20T17:26:00,0
AC001834,beneficiary,2026-09-20T17:28:00,0
AC001835,victim,2026-09-24T09:37:00,0
AC001836,mule,2026-09-24T09:37:00,0
AC001837,mule,2026-09-24T09:58:00,0
AC001838,beneficiary,2026-09-24T10:17:00,0
AC001839,victim,2026-09-28T23:24:00,0
AC001840,mule,2026-09-28T23:24:00,0
AC001841,beneficiary,2026-09-28T23:45:00,0
AC001842,victim,2026-09-16T15:08:00,0
AC001843,beneficiary,2026-09-16T15:08:00,0
AC001844,victim,2026-09-24T17:05:00,0
AC001845,beneficiary,2026-09-24T17:24:00,0
AC001846,victim,2026-09-23T15:26:00,0
AC001847,mule,2026-09-23T15:26:00,0
AC001848,mule,2026-09-23T15:30:00,0
AC001849,mule,2026-09-23T15:45:00,0
AC001850,beneficiary,2026-09-23T16:06:00,0
AC001851,victim,2026-10-01T02:49:00,0
AC001852,mule,2026-10-01T02:49:00,0
AC001853,beneficiary,2026-10-01T03:02:00,0
AC001854,victim,2026-09-02T16:31:00,0
AC001855,mule,2026-09-02T16:31:00,0
AC001856,mule,2026-09-02T16:39:00,0
AC001857,mule,2026-09-02T16:56:00,0
AC001858,beneficiary,2026-09-02T17:18:00,0
AC001859,victim,2026-09-08T07:53:00,0
AC001860,mule,2026-09-08T07:53:00,0
AC001861,beneficiary,2026-09-08T08:00:00,0
AC001862,victim,2026-09-20T18:31:00,0
AC001863,beneficiary,2026-09-20T18:31:00,0
AC001864,victim,2026-09-10T06:43:00,0
AC001865,mule,2026-09-10T06:43:00,0
AC001866,mule,2026-09-10T07:02:00,0
AC001867,mule,2026-09-10T07:29:00,0
AC001868,victim,2026-09-15T04:43:00,0
AC001869,mule,2026-09-15T04:43:00,0
AC001870,beneficiary,2026-09-15T04:44:00,0
AC001871,victim,2026-09-09T12:31:00,0
AC001872,beneficiary,2026-09-09T12:31:00,0
AC001873,victim,2026-09-17T19:07:00,0
AC001874,beneficiary,2026-09-17T19:28:00,0
AC001875,victim,2026-09-10T19:24:00,0
AC001876,mule,2026-09-10T19:24:00,0
AC001877,beneficiary,2026-09-10T19:53:00,0
AC001878,victim,2026-09-09T23:23:00,0
AC001879,mule,2026-09-09T23:23:00,0
AC001880,mule,2026-09-09T23:47:00,0
AC001881,beneficiary,2026-09-10T00:01:00,0
AC001882,victim,2026-09-07T02:49:00,0
AC001883,beneficiary,2026-09-07T02:49:00,0
AC001884,victim,2026-09-08T18:47:00,0
AC001885,mule,2026-09-08T18:47:00,0
AC001886,beneficiary,2026-09-08T18:59:00,0
AC001887,victim,2026-09-25T03:31:00,0
AC001888,beneficiary,2026-09-25T03:31:00,0
AC001889,victim,2026-09-13T21:23:00,0
AC001890,mule,2026-09-13T21:23:00,0
AC001891,beneficiary,2026-09-13T21:30:00,0
AC001892,victim,2026-09-07T07:56:00,0
AC001893,mule,2026-09-07T07:56:00,0
AC001894,mule,2026-09-07T07:57:00,0
AC001895,mule,2026-09-07T08:04:00,0
AC001896,beneficiary,2026-09-07T08:04:00,0
AC001897,victim,2026-09-11T06:59:00,0
AC001898,mule,2026-09-11T06:59:00,0
AC001899,beneficiary,2026-09-11T07:24:00,0
AC001900,victim,2026-09-09T20:17:00,0
AC001901,mule,2026-09-09T20:45:00,0
AC001902,victim,2026-09-01T18:52:00,0
AC001903,beneficiary,2026-09-01T19:16:00,0
AC001904,victim,2026-09-25T22:24:00,0
AC001905,beneficiary,2026-09-25T22:24:00,0
AC001906,victim,2026-09-13T10:08:00,0
AC001907,beneficiary,2026-09-13T10:08:00,0
AC001908,victim,2026-09-18T18:56:00,0
AC001909,mule,2026-09-18T18:56:00,0
AC001910,mule,2026-09-18T19:25:00,0
AC001911,mule,2026-09-18T19:47:00,0
AC001912,victim,2026-09-20T18:10:00,0
AC001913,mule,2026-09-20T18:10:00,0
AC001914,beneficiary,2026-09-20T18:14:00,0
AC001915,victim,2026-09-04T17:24:00,0
AC001916,mule,2026-09-04T17:24:00,0
AC001917,mule,2026-09-04T17:28:00,0
AC001918,mule,2026-09-04T17:53:00,0
AC001919,mule,2026-09-04T17:56:00,0
AC001920,victim,2026-09-30T05:20:00,0
AC001921,mule,2026-09-30T05:20:00,0
AC001922,mule,2026-09-30T05:32:00,0
AC001923,beneficiary,2026-09-30T05:49:00,0
AC001924,victim,2026-09-11T05:34:00,0
AC001925,beneficiary,2026-09-11T05:45:00,0
AC001926,victim,2026-09-26T08:23:00,0
AC001927,mule,2026-09-26T08:23:00,0
AC001928,victim,2026-09-04T14:34:00,0
AC001929,victim,2026-09-22T15:06:00,0
AC001930,mule,2026-09-22T15:06:00,0
AC001931,mule,2026-09-22T15:29:00,0
AC001932,beneficiary,2026-09-22T15:49:00,0
AC001933,victim,2026-09-20T12:42:00,0
AC001934,mule,2026-09-20T12:42:00,0
AC001935,mule,2026-09-20T13:11:00,0
AC001936,mule,2026-09-20T13:24:00,0
AC001937,beneficiary,2026-09-20T13:26:00,0
AC001938,victim,2026-09-28T18:54:00,0
AC001939,mule,2026-09-28T18:54:00,0
AC001940,beneficiary,2026-09-28T19:14:00,0
AC001941,victim,2026-09-28T16:50:00,0
AC001942,mule,2026-09-28T16:50:00,0
AC001943,beneficiary,2026-09-28T17:07:00,0
AC001944,victim,2026-09-03T07:53:00,0
AC001945,mule,2026-09-03T07:53:00,0
AC001946,beneficiary,2026-09-03T07:53:00,0
AC001947,victim,2026-09-16T07:53:00,0
AC001948,beneficiary,2026-09-16T07:53:00,0
AC001949,victim,2026-09-22T07:50:00,0
AC001950,mule,2026-09-22T07:50:00,0
AC001951,beneficiary,2026-09-22T08:15:00,0
AC001952,victim,2026-09-03T01:42:00,0
AC001953,mule,2026-09-03T01:42:00,0
AC001954,beneficiary,2026-09-03T02:01:00,0
AC001955,victim,2026-09-23T22:56:00,0
AC001956,mule,2026-09-23T22:56:00,0
AC001957,victim,2026-09-30T20:17:00,0
AC001958,mule,2026-09-30T20:17:00,0
AC001959,mule,2026-09-30T20:28:00,0
AC001960,mule,2026-09-30T20:55:00,0
AC001961,beneficiary,2026-09-30T21:11:00,0
AC001962,victim,2026-09-26T18:32:00,0
AC001963,mule,2026-09-26T18:32:00,0
AC001964,beneficiary,2026-09-26T18:37:00,0
AC001965,victim,2026-09-06T05:11:00,0
AC001966,mule,2026-09-06T05:35:00,0
AC001967,mule,2026-09-06T05:45:00,0
AC001968,beneficiary,2026-09-06T06:04:00,0
AC001969,victim,2026-09-30T09:17:00,0
AC001970,mule,2026-09-30T09:17:00,0
AC001971,victim,2026-09-20T11:56:00,0
AC001972,victim,2026-09-13T01:23:00,0
AC001973,beneficiary,2026-09-13T01:23:00,0
AC001974,victim,2026-09-22T21:22:00,0
AC001975,mule,2026-09-22T21:22:00,0
AC001976,mule,2026-09-22T21:51:00,0
AC001977,beneficiary,2026-09-22T22:27:00,0
AC001978,victim,2026-09-19T17:52:00,0
AC001979,beneficiary,2026-09-19T17:52:00,0
AC001980,victim,2026-09-20T08:56:00,0
AC001981,mule,2026-09-20T08:56:00,0
AC001982,mule,2026-09-20T09:02:00,0
AC001983,beneficiary,2026-09-20T09:20:00,0
AC001984,victim,2026-09-22T00:04:00,0
AC001985,mule,2026-09-22T00:04:00,0
AC001986,beneficiary,2026-09-22T00:21:00,0
AC001987,victim,2026-09-08T15:39:00,0
AC001988,mule,2026-09-08T15:39:00,0
AC001989,beneficiary,2026-09-08T16:00:00,0
AC001990,victim,2026-09-05T23:14:00,0
AC001991,mule,2026-09-05T23:30:00,0
AC001992,mule,2026-09-05T23:57:00,0
AC001993,beneficiary,2026-09-06T00:21:00,0
AC001994,victim,2026-09-19T06:19:00,0
AC001995,beneficiary,2026-09-19T06:19:00,0
AC001996,victim,2026-09-02T17:41:00,0
AC001997,mule,2026-09-02T17:41:00,0
AC001998,beneficiary,2026-09-02T18:07:00,0
AC001999,victim,2026-09-27T13:10:00,0
AC002000,mule,2026-09-27T13:10:00,0
AC002001,beneficiary,2026-09-27T13:15:00,0
AC002002,victim,2026-09-29T19:11:00,0
AC002003,mule,2026-09-29T19:11:00,0
AC002004,victim,2026-09-21T21:34:00,0
AC002005,mule,2026-09-21T21:34:00,0
AC002006,beneficiary,2026-09-21T21:41:00,0
AC002007,victim,2026-09-07T19:02:00,0
AC002008,victim,2026-09-10T17:09:00,0
AC002009,mule,2026-09-10T17:09:00,0
AC002010,mule,2026-09-10T17:22:00,0
AC002011,mule,2026-09-10T17:42:00,0
AC002012,beneficiary,2026-09-10T17:55:00,0
AC002013,victim,2026-09-28T20:37:00,0
AC002014,mule,2026-09-28T20:37:00,0
AC002015,beneficiary,2026-09-28T20:52:00,0
AC002016,victim,2026-09-08T04:24:00,0
AC002017,beneficiary,2026-09-08T04:24:00,0
AC002018,victim,2026-09-17T02:42:00,0
AC002019,mule,2026-09-17T02:42:00,0
AC002020,beneficiary,2026-09-17T02:57:00,0
AC002021,victim,2026-09-15T10:20:00,0
AC002022,mule,2026-09-15T10:20:00,0
AC002023,mule,2026-09-15T10:48:00,0
AC002024,beneficiary,2026-09-15T11:11:00,0
AC002025,victim,2026-09-21T16:52:00,0
AC002026,mule,2026-09-21T16:52:00,0
AC002027,beneficiary,2026-09-21T17:01:00,0
AC002028,victim,2026-09-18T03:57:00,0
AC002029,mule,2026-09-18T03:57:00,0
AC002030,beneficiary,2026-09-18T04:07:00,0
AC002031,victim,2026-09-10T21:45:00,0
AC002032,beneficiary,2026-09-10T21:45:00,0
AC002033,victim,2026-09-10T06:25:00,0
AC002034,mule,2026-09-10T06:25:00,0
AC002035,mule,2026-09-10T06:38:00,0
AC002036,beneficiary,2026-09-10T06:45:00,0
AC002037,victim,2026-09-03T00:43:00,0
AC002038,beneficiary,2026-09-03T00:43:00,0
AC002039,victim,2026-09-23T17:22:00,0
AC002040,mule,2026-09-23T17:22:00,0
AC002041,mule,2026-09-23T17:36:00,0
AC002042,mule,2026-09-23T18:06:00,0
AC002043,victim,2026-09-09T22:47:00,0
AC002044,beneficiary,2026-09-09T22:47:00,0
AC002045,victim,2026-09-29T03:17:00,0
AC002046,mule,2026-09-29T03:17:00,0
AC002047,mule,2026-09-29T03:48:00,0
AC002048,mule,2026-09-29T04:16:00,0
AC002049,beneficiary,2026-09-29T04:37:00,0
AC002050,victim,2026-09-05T00:26:00,0
AC002051,mule,2026-09-05T00:26:00,0
AC002052,mule,2026-09-05T00:49:00,0
AC002053,victim,2026-09-25T06:19:00,0
AC002054,mule,2026-09-25T06:19:00,0
AC002055,beneficiary,2026-09-25T06:39:00,0
AC002056,victim,2026-09-09T19:17:00,0
AC002057,mule,2026-09-09T19:17:00,0
AC002058,mule,2026-09-09T19:26:00,0
AC002059,beneficiary,2026-09-09T19:54:00,0
AC002060,victim,2026-09-17T06:25:00,0
AC002061,mule,2026-09-17T06:31:00,0
AC002062,victim,2026-09-23T17:09:00,0
AC002063,beneficiary,2026-09-23T17:09:00,0
AC002064,victim,2026-09-04T05:55:00,0
AC002065,mule,2026-09-04T05:55:00,0
AC002066,mule,2026-09-04T06:14:00,0
AC002067,beneficiary,2026-09-04T06:17:00,0
AC002068,victim,2026-09-28T09:19:00,0
AC002069,beneficiary,2026-09-28T09:19:00,0
AC002070,victim,2026-09-09T18:37:00,0
AC002071,mule,2026-09-09T18:37:00,0
AC002072,beneficiary,2026-09-09T18:58:00,0
AC002073,victim,2026-09-27T18:57:00,0
AC002074,mule,2026-09-27T18:57:00,0
AC002075,beneficiary,2026-09-27T18:58:00,0
AC002076,victim,2026-09-16T12:38:00,0
AC002077,mule,2026-09-16T12:38:00,0
AC002078,beneficiary,2026-09-16T12:46:00,0
AC002079,victim,2026-09-23T07:02:00,0
AC002080,mule,2026-09-23T07:02:00,0
AC002081,mule,2026-09-23T07:22:00,0
AC002082,beneficiary,2026-09-23T07:35:00,0
AC002083,victim,2026-09-10T15:20:00,0
AC002084,mule,2026-09-10T15:20:00,0
AC002085,mule,2026-09-10T15:50:00,0
AC002086,mule,2026-09-10T16:11:00,0
AC002087,beneficiary,2026-09-10T16:39:00,0
AC002088,victim,2026-09-27T14:59:00,0
AC002089,beneficiary,2026-09-27T14:59:00,0
AC002090,victim,2026-09-14T10:31:00,0
AC002091,mule,2026-09-14T10:31:00,0
AC002092,victim,2026-09-01T06:42:00,0
AC002093,mule,2026-09-01T06:42:00,0
AC002094,mule,2026-09-01T06:51:00,0
AC002095,beneficiary,2026-09-01T07:13:00,0
AC002096,victim,2026-09-12T13:40:00,0
AC002097,mule,2026-09-12T13:40:00,0
AC002098,mule,2026-09-12T13:43:00,0
AC002099,mule,2026-09-12T14:02:00,0
AC002100,beneficiary,2026-09-12T14:15:00,0
AC002101,victim,2026-09-27T00:56:00,0
AC002102,mule,2026-09-27T00:56:00,0
AC002103,beneficiary,2026-09-27T01:38:00,0
AC002104,victim,2026-09-02T10:51:00,0
AC002105,beneficiary,2026-09-02T10:51:00,0
AC002106,victim,2026-09-03T16:28:00,0
AC002107,mule,2026-09-03T16:28:00,0
AC002108,mule,2026-09-03T16:42:00,0
AC002109,mule,2026-09-03T16:44:00,0
AC002110,beneficiary,2026-09-03T17:04:00,0
AC002111,victim,2026-09-03T15:54:00,0
AC002112,beneficiary,2026-09-03T15:54:00,0
AC002113,victim,2026-09-01T13:02:00,0
AC002114,mule,2026-09-01T13:02:00,0
AC002115,mule,2026-09-01T13:04:00,0
AC002116,mule,2026-09-01T13:32:00,0
AC002117,beneficiary,2026-09-01T14:05:00,0
AC002118,victim,2026-09-13T02:17:00,0
AC002119,beneficiary,2026-09-13T02:17:00,0
AC002120,victim,2026-09-10T08:50:00,0
AC002121,mule,2026-09-10T08:50:00,0
AC002122,beneficiary,2026-09-10T08:53:00,0
AC002123,victim,2026-09-22T01:15:00,0
AC002124,mule,2026-09-22T01:46:00,0
AC002125,beneficiary,2026-09-22T02:09:00,0
AC002126,victim,2026-10-01T02:26:00,0
AC002127,mule,2026-10-01T02:26:00,0
AC002128,mule,2026-10-01T02:53:00,0
AC002129,beneficiary,2026-10-01T03:17:00,0
AC002130,victim,2026-10-01T05:42:00,0
AC002131,beneficiary,2026-10-01T05:42:00,0
AC002132,victim,2026-09-11T19:04:00,0
AC002133,mule,2026-09-11T19:04:00,0
AC002134,mule,2026-09-11T19:19:00,0
AC002135,victim,2026-09-02T22:52:00,0
AC002136,mule,2026-09-02T22:52:00,0
AC002137,beneficiary,2026-09-02T23:18:00,0
AC002138,victim,2026-09-23T14:24:00,0
AC002139,mule,2026-09-23T14:24:00,0
AC002140,mule,2026-09-23T14:29:00,0
AC002141,victim,2026-09-16T18:08:00,0
AC002142,mule,2026-09-16T18:08:00,0
AC002143,beneficiary,2026-09-16T18:14:00,0
AC002144,victim,2026-09-24T18:58:00,0
AC002145,mule,2026-09-24T18:58:00,0
AC002146,victim,2026-09-12T05:40:00,0
AC002147,mule,2026-09-12T05:40:00,0
AC002148,mule,2026-09-12T05:59:00,0
AC002149,beneficiary,2026-09-12T06:27:00,0
AC002150,victim,2026-09-07T14:08:00,0
AC002151,mule,2026-09-07T14:08:00,0
AC002152,beneficiary,2026-09-07T14:29:00,0
AC002153,victim,2026-09-13T13:28:00,0
AC002154,mule,2026-09-13T13:28:00,0
AC002155,beneficiary,2026-09-13T13:35:00,0
AC002156,victim,2026-09-02T01:45:00,0
AC002157,mule,2026-09-02T01:45:00,0
AC002158,beneficiary,2026-09-02T01:57:00,0
AC002159,victim,2026-09-12T02:08:00,0
AC002160,beneficiary,2026-09-12T02:08:00,0
AC002161,victim,2026-09-09T11:15:00,0
AC002162,mule,2026-09-09T11:15:00,0
AC002163,mule,2026-09-09T11:35:00,0
AC002164,beneficiary,2026-09-09T11:39:00,0
AC002165,victim,2026-09-11T06:36:00,0
AC002166,mule,2026-09-11T06:36:00,0
AC002167,mule,2026-09-11T06:45:00,0
AC002168,mule,2026-09-11T06:53:00,0
AC002169,victim,2026-09-10T20:12:00,0
AC002170,mule,2026-09-10T20:12:00,0
AC002171,mule,2026-09-10T20:16:00,0
AC002172,beneficiary,2026-09-10T20:38:00,0
AC002173,victim,2026-09-03T23:13:00,0
AC002174,mule,2026-09-03T23:13:00,0
AC002175,beneficiary,2026-09-03T23:40:00,0
AC002176,victim,2026-09-25T21:30:00,0
AC002177,mule,2026-09-25T21:30:00,0
AC002178,beneficiary,2026-09-25T21:59:00,0
AC002179,victim,2026-09-06T05:17:00,0
AC002180,mule,2026-09-06T05:17:00,0
AC002181,beneficiary,2026-09-06T05:47:00,0
AC002182,victim,2026-09-13T17:42:00,0
AC002183,mule,2026-09-13T17:42:00,0
AC002184,mule,2026-09-13T18:11:00,0
AC002185,mule,2026-09-13T18:36:00,0
AC002186,beneficiary,2026-09-13T18:54:00,0
AC002187,victim,2026-09-23T02:30:00,0
AC002188,mule,2026-09-23T02:38:00,0
AC002189,mule,2026-09-23T02:52:00,0
AC002190,beneficiary,2026-09-23T03:17:00,0
AC002191,victim,2026-10-01T00:59:00,0
AC002192,mule,2026-10-01T00:59:00,0
AC002193,victim,2026-09-04T18:37:00,0
AC002194,beneficiary,2026-09-04T18:37:00,0
AC002195,victim,2026-09-07T18:16:00,0
AC002196,mule,2026-09-07T18:16:00,0
AC002197,mule,2026-09-07T18:26:00,0
AC002198,mule,2026-09-07T18:37:00,0
AC002199,mule,2026-09-07T18:46:00,0
AC002200,beneficiary,2026-09-07T18:47:00,0
AC002201,victim,2026-09-27T17:08:00,0
AC002202,mule,2026-09-27T17:08:00,0
AC002203,beneficiary,2026-09-27T17:09:00,0
AC002204,victim,2026-09-20T06:39:00,0
AC002205,beneficiary,2026-09-20T06:39:00,0
AC002206,victim,2026-09-11T18:11:00,0
AC002207,mule,2026-09-11T18:11:00,0
AC002208,mule,2026-09-11T18:33:00,0
AC002209,mule,2026-09-11T19:03:00,0
AC002210,mule,2026-09-11T19:14:00,0
AC002211,beneficiary,2026-09-11T19:34:00,0
AC002212,victim,2026-09-07T12:53:00,0
AC002213,mule,2026-09-07T12:53:00,0
AC002214,beneficiary,2026-09-07T12:55:00,0
AC002215,victim,2026-09-13T05:40:00,0
AC002216,mule,2026-09-13T06:08:00,0
AC002217,beneficiary,2026-09-13T06:24:00,0
AC002218,victim,2026-09-28T04:03:00,0
AC002219,mule,2026-09-28T04:03:00,0
AC002220,mule,2026-09-28T04:14:00,0
AC002221,beneficiary,2026-09-28T04:34:00,0
AC002222,victim,2026-09-05T01:31:00,0
AC002223,mule,2026-09-05T01:31:00,0
AC002224,mule,2026-09-05T01:52:00,0
AC002225,beneficiary,2026-09-05T02:06:00,0
AC002226,victim,2026-09-24T19:26:00,0
AC002227,mule,2026-09-24T19:26:00,0
AC002228,mule,2026-09-24T19:39:00,0
AC002229,beneficiary,2026-09-24T19:49:00,0
AC002230,victim,2026-09-14T05:04:00,0
AC002231,mule,2026-09-14T05:04:00,0
AC002232,mule,2026-09-14T05:18:00,0
AC002233,mule,2026-09-14T05:27:00,0
AC002234,beneficiary,2026-09-14T05:51:00,0
AC002235,victim,2026-09-25T19:38:00,0
AC002236,beneficiary,2026-09-25T19:38:00,0
AC002237,victim,2026-09-14T16:09:00,0
AC002238,mule,2026-09-14T16:09:00,0
AC002239,beneficiary,2026-09-14T16:32:00,0
AC002240,victim,2026-09-21T21:18:00,0
AC002241,mule,2026-09-21T21:18:00,0
AC002242,mule,2026-09-21T21:46:00,0
AC002243,mule,2026-09-21T22:15:00,0
AC002244,mule,2026-09-21T22:32:00,0
AC002245,beneficiary,2026-09-21T22:52:00,0
AC002246,victim,2026-09-09T18:22:00,0
AC002247,mule,2026-09-09T18:22:00,0
AC002248,beneficiary,2026-09-09T18:50:00,0
AC002249,victim,2026-09-03T00:23:00,0
AC002250,mule,2026-09-03T00:23:00,0
AC002251,mule,2026-09-03T00:30:00,0
AC002252,beneficiary,2026-09-03T00:51:00,0
AC002253,victim,2026-09-25T23:33:00,0
AC002254,mule,2026-09-25T23:33:00,0
AC002255,mule,2026-09-26T00:03:00,0
AC002256,beneficiary,2026-09-26T00:17:00,0
AC002257,victim,2026-09-07T01:52:00,0
AC002258,mule,2026-09-07T01:52:00,0
AC002259,beneficiary,2026-09-07T01:52:00,0
AC002260,victim,2026-09-20T14:25:00,0
AC002261,mule,2026-09-20T14:25:00,0
AC002262,beneficiary,2026-09-20T14:48:00,0
AC002263,victim,2026-09-06T06:29:00,0
AC002264,beneficiary,2026-09-06T06:29:00,0
AC002265,victim,2026-09-24T20:30:00,0
AC002266,beneficiary,2026-09-24T20:30:00,0
AC002267,victim,2026-09-20T01:32:00,0
AC002268,mule,2026-09-20T01:32:00,0
AC002269,mule,2026-09-20T01:32:00,0
AC002270,mule,2026-09-20T01:56:00,0
AC002271,beneficiary,2026-09-20T02:30:00,0
AC002272,victim,2026-09-05T02:45:00,0
AC002273,mule,2026-09-05T02:45:00,0
AC002274,mule,2026-09-05T03:53:00,0
AC002275,beneficiary,2026-09-05T04:12:00,0
AC002276,victim,2026-09-22T16:53:00,0
AC002277,beneficiary,2026-09-22T17:10:00,0
AC002278,victim,2026-09-11T10:44:00,0
AC002279,mule,2026-09-11T10:44:00,0
AC002280,beneficiary,2026-09-11T10:59:00,0
AC002281,victim,2026-09-28T06:09:00,0
AC002282,mule,2026-09-28T06:09:00,0
AC002283,beneficiary,2026-09-28T06:35:00,0
AC002284,victim,2026-09-02T21:52:00,0
AC002285,mule,2026-09-02T21:52:00,0
AC002286,mule,2026-09-02T22:00:00,0
AC002287,beneficiary,2026-09-02T22:25:00,0
AC002288,victim,2026-09-04T22:56:00,0
AC002289,beneficiary,2026-09-04T22:56:00,0
AC002290,victim,2026-09-03T00:39:00,0
AC002291,beneficiary,2026-09-03T00:39:00,0
AC002292,victim,2026-09-13T14:07:00,0
AC002293,mule,2026-09-13T14:07:00,0
AC002294,mule,2026-09-13T14:25:00,0
AC002295,mule,2026-09-13T14:41:00,0
AC002296,mule,2026-09-13T15:11:00,0
AC002297,beneficiary,2026-09-13T15:19:00,0
AC002298,victim,2026-09-15T17:00:00,0
AC002299,beneficiary,2026-09-15T17:00:00,0
AC002300,victim,2026-09-22T13:56:00,0
AC002301,mule,2026-09-22T13:56:00,0
AC002302,beneficiary,2026-09-22T14:24:00,0
AC002303,victim,2026-09-12T20:15:00,0
AC002304,mule,2026-09-12T20:15:00,0
AC002305,mule,2026-09-12T20:25:00,0
AC002306,beneficiary,2026-09-12T20:28:00,0
AC002307,victim,2026-09-22T19:05:00,0
AC002308,beneficiary,2026-09-22T19:05:00,0
AC002309,victim,2026-09-15T23:10:00,0
AC002310,beneficiary,2026-09-15T23:10:00,0
AC002311,victim,2026-09-18T10:07:00,0
AC002312,mule,2026-09-18T10:07:00,0
AC002313,mule,2026-09-18T10:23:00,0
AC002314,beneficiary,2026-09-18T10:51:00,0
AC002315,victim,2026-09-06T17:20:00,0
AC002316,mule,2026-09-06T17:20:00,0
AC002317,beneficiary,2026-09-06T17:47:00,0
AC002318,victim,2026-09-01T17:39:00,0
AC002319,mule,2026-09-01T17:39:00,0
AC002320,beneficiary,2026-09-01T17:39:00,0
AC002321,victim,2026-09-23T00:54:00,0
AC002322,mule,2026-09-23T00:54:00,0
AC002323,beneficiary,2026-09-23T00:55:00,0
AC002324,victim,2026-09-26T01:55:00,0
AC002325,beneficiary,2026-09-26T02:17:00,0
AC002326,victim,2026-09-05T16:28:00,0
AC002327,mule,2026-09-05T16:28:00,0
AC002328,mule,2026-09-05T16:51:00,0
AC002329,beneficiary,2026-09-05T17:12:00,0
AC002330,victim,2026-09-07T23:07:00,0
AC002331,beneficiary,2026-09-07T23:07:00,0
AC002332,victim,2026-09-06T14:34:00,0
AC002333,mule,2026-09-06T14:34:00,0
AC002334,mule,2026-09-06T14:41:00,0
AC002335,mule,2026-09-06T14:59:00,0
AC002336,beneficiary,2026-09-06T15:24:00,0
AC002337,victim,2026-09-15T09:08:00,0
AC002338,mule,2026-09-15T09:08:00,0
AC002339,mule,2026-09-15T09:12:00,0
AC002340,beneficiary,2026-09-15T09:38:00,0
AC002341,victim,2026-09-27T14:05:00,0
AC002342,mule,2026-09-27T14:05:00,0
AC002343,mule,2026-09-27T14:43:00,0
AC002344,mule,2026-09-27T14:49:00,0
AC002345,beneficiary,2026-09-27T15:14:00,0
AC002346,victim,2026-09-24T18:44:00,0
AC002347,beneficiary,2026-09-24T18:44:00,0
AC002348,victim,2026-09-08T11:23:00,0
AC002349,mule,2026-09-08T11:23:00,0
AC002350,beneficiary,2026-09-08T11:51:00,0
AC002351,victim,2026-09-21T01:06:00,0
AC002352,beneficiary,2026-09-21T01:06:00,0
AC002353,victim,2026-09-06T03:48:00,0
AC002354,mule,2026-09-06T03:48:00,0
AC002355,beneficiary,2026-09-06T04:00:00,0
AC002356,victim,2026-09-05T08:44:00,0
AC002357,mule,2026-09-05T08:44:00,0
AC002358,victim,2026-09-12T09:18:00,0
AC002359,beneficiary,2026-09-12T09:29:00,0
AC002360,victim,2026-09-18T21:20:00,0
AC002361,beneficiary,2026-09-18T21:20:00,0
AC002362,victim,2026-09-27T22:32:00,0
AC002363,beneficiary,2026-09-27T22:32:00,0
AC002364,victim,2026-09-24T00:04:00,0
AC002365,mule,2026-09-24T00:04:00,0
AC002366,beneficiary,2026-09-24T00:06:00,0
AC002367,victim,2026-09-09T10:04:00,0
AC002368,mule,2026-09-09T10:04:00,0
AC002369,mule,2026-09-09T10:07:00,0
AC002370,mule,2026-09-09T10:18:00,0
AC002371,beneficiary,2026-09-09T10:30:00,0
AC002372,victim,2026-09-15T00:54:00,0
AC002373,beneficiary,2026-09-15T00:54:00,0
AC002374,victim,2026-09-25T10:46:00,0
AC002375,beneficiary,2026-09-25T10:54:00,0
AC002376,victim,2026-09-17T22:58:00,0
AC002377,mule,2026-09-17T22:58:00,0
AC002378,mule,2026-09-17T23:11:00,0
AC002379,mule,2026-09-17T23:35:00,0
AC002380,beneficiary,2026-09-17T23:40:00,0
AC002381,victim,2026-09-25T10:17:00,0
AC002382,victim,2026-09-25T01:51:00,0
AC002383,mule,2026-09-25T01:51:00,0
AC002384,beneficiary,2026-09-25T01:52:00,0
AC002385,victim,2026-09-19T11:42:00,0
AC002386,mule,2026-09-19T11:42:00,0
AC002387,mule,2026-09-19T12:02:00,0
AC002388,mule,2026-09-19T12:15:00,0
AC002389,beneficiary,2026-09-19T12:33:00,0
AC002390,victim,2026-09-13T18:08:00,0
AC002391,mule,2026-09-13T18:08:00,0
AC002392,mule,2026-09-13T18:27:00,0
AC002393,mule,2026-09-13T18:48:00,0
AC002394,victim,2026-09-16T00:33:00,0
AC002395,mule,2026-09-16T00:33:00,0
AC002396,beneficiary,2026-09-16T00:52:00,0
AC002397,victim,2026-09-21T11:23:00,0
AC002398,mule,2026-09-21T11:23:00,0
AC002399,mule,2026-09-21T11:40:00,0
AC002400,mule,2026-09-21T12:18:00,0
AC002401,victim,2026-09-27T20:54:00,0
AC002402,mule,2026-09-27T20:54:00,0
AC002403,beneficiary,2026-09-27T21:07:00,0
AC002404,victim,2026-09-05T15:55:00,0
AC002405,beneficiary,2026-09-05T15:55:00,0
AC002406,victim,2026-09-20T06:45:00,0
AC002407,mule,2026-09-20T06:45:00,0
AC002408,mule,2026-09-20T07:06:00,0
AC002409,beneficiary,2026-09-20T07:23:00,0
AC002410,victim,2026-09-19T10:57:00,0
AC002411,mule,2026-09-19T10:57:00,0
AC002412,mule,2026-09-19T11:17:00,0
AC002413,beneficiary,2026-09-19T11:20:00,0
AC002414,victim,2026-09-04T21:56:00,0
AC002415,mule,2026-09-04T21:56:00,0
AC002416,beneficiary,2026-09-04T22:01:00,0
AC002417,victim,2026-09-22T02:00:00,0
AC002418,mule,2026-09-22T02:00:00,0
AC002419,beneficiary,2026-09-22T02:22:00,0
AC002420,victim,2026-09-21T10:35:00,0
AC002421,mule,2026-09-21T10:35:00,0
AC002422,beneficiary,2026-09-21T10:38:00,0
AC002423,victim,2026-09-19T17:50:00,0
AC002424,beneficiary,2026-09-19T18:20:00,0
AC002425,victim,2026-09-03T23:18:00,0
AC002426,mule,2026-09-03T23:18:00,0
AC002427,mule,2026-09-03T23:29:00,0
AC002428,mule,2026-09-03T23:45:00,0
AC002429,beneficiary,2026-09-03T23:48:00,0
AC002430,victim,2026-09-10T19:28:00,0
AC002431,mule,2026-09-10T19:28:00,0
AC002432,mule,2026-09-10T19:30:00,0
AC002433,beneficiary,2026-09-10T19:45:00,0
AC002434,victim,2026-09-07T14:56:00,0
AC002435,beneficiary,2026-09-07T15:14:00,0
AC002436,victim,2026-09-07T02:24:00,0
AC002437,mule,2026-09-07T02:24:00,0
AC002438,victim,2026-09-19T17:17:00,0
AC002439,beneficiary,2026-09-19T17:17:00,0
AC002440,victim,2026-09-30T18:12:00,0
AC002441,mule,2026-09-30T18:12:00,0
AC002442,beneficiary,2026-09-30T18:50:00,0
AC002443,victim,2026-09-30T07:33:00,0
AC002444,beneficiary,2026-09-30T07:33:00,0
AC002445,victim,2026-09-25T17:20:00,0
AC002446,mule,2026-09-25T17:20:00,0
AC002447,beneficiary,2026-09-25T17:27:00,0
AC002448,victim,2026-09-03T01:56:00,0
AC002449,mule,2026-09-03T02:19:00,0
AC002450,victim,2026-09-10T04:32:00,0
AC002451,beneficiary,2026-09-10T04:35:00,0
AC002452,victim,2026-09-22T00:21:00,0
AC002453,mule,2026-09-22T00:21:00,0
AC002454,beneficiary,2026-09-22T00:36:00,0
AC002455,victim,2026-09-26T19:03:00,0
AC002456,beneficiary,2026-09-26T19:18:00,0
AC002457,victim,2026-09-16T20:01:00,0
AC002458,mule,2026-09-16T20:01:00,0
AC002459,beneficiary,2026-09-16T20:25:00,0
AC002460,victim,2026-09-10T19:41:00,0
AC002461,beneficiary,2026-09-10T19:41:00,0
AC002462,victim,2026-09-28T08:08:00,0
AC002463,beneficiary,2026-09-28T08:08:00,0
AC002464,victim,2026-09-21T17:12:00,0
AC002465,mule,2026-09-21T17:12:00,0
AC002466,mule,2026-09-21T17:25:00,0
AC002467,mule,2026-09-21T17:37:00,0
AC002468,mule,2026-09-21T17:48:00,0
AC002469,victim,2026-09-26T15:33:00,0
AC002470,mule,2026-09-26T15:33:00,0
AC002471,beneficiary,2026-09-26T15:52:00,0
AC002472,victim,2026-09-23T09:58:00,0
AC002473,beneficiary,2026-09-23T10:18:00,0
AC002474,victim,2026-09-20T01:57:00,0
AC002475,mule,2026-09-20T01:57:00,0
AC002476,beneficiary,2026-09-20T02:14:00,0
AC002477,victim,2026-09-15T12:55:00,0
AC002478,beneficiary,2026-09-15T12:55:00,0
AC002479,victim,2026-09-02T07:16:00,0
AC002480,mule,2026-09-02T07:16:00,0
AC002481,mule,2026-09-02T07:28:00,0
AC002482,beneficiary,2026-09-02T07:54:00,0
AC002483,victim,2026-09-14T02:43:00,0
AC002484,mule,2026-09-14T03:00:00,0
AC002485,mule,2026-09-14T03:25:00,0
AC002486,beneficiary,2026-09-14T03:39:00,0
AC002487,victim,2026-09-30T17:36:00,0
AC002488,mule,2026-09-30T17:36:00,0
AC002489,beneficiary,2026-09-30T17:48:00,0
AC002490,victim,2026-09-10T08:48:00,0
AC002491,beneficiary,2026-09-10T08:48:00,0
AC002492,victim,2026-09-16T03:40:00,0
AC002493,beneficiary,2026-09-16T03:40:00,0
AC002494,victim,2026-09-06T20:28:00,0
AC002495,mule,2026-09-06T20:28:00,0
AC002496,mule,2026-09-06T20:55:00,0
AC002497,beneficiary,2026-09-06T21:09:00,0
AC002498,victim,2026-09-24T18:09:00,0
AC002499,beneficiary,2026-09-24T18:09:00,0
AC002500,victim,2026-09-17T15:03:00,0
AC002501,mule,2026-09-17T15:03:00,0
AC002502,beneficiary,2026-09-17T15:16:00,0
AC002503,victim,2026-09-05T02:14:00,0
AC002504,beneficiary,2026-09-05T02:14:00,0
AC002505,victim,2026-09-07T15:09:00,0
AC002506,mule,2026-09-07T15:09:00,0
AC002507,beneficiary,2026-09-07T15:15:00,0
AC002508,victim,2026-09-09T12:22:00,0
AC002509,victim,2026-09-02T13:07:00,0
AC002510,mule,2026-09-02T13:07:00,0
AC002511,mule,2026-09-02T14:00:00,0
AC002512,mule,2026-09-02T14:00:00,0
AC002513,beneficiary,2026-09-02T14:02:00,0
AC002514,victim,2026-09-01T06:47:00,0
AC002515,mule,2026-09-01T06:47:00,0
AC002516,beneficiary,2026-09-01T06:55:00,0
AC002517,victim,2026-09-10T04:23:00,0
AC002518,mule,2026-09-10T04:23:00,0
AC002519,mule,2026-09-10T04:53:00,0
AC002520,beneficiary,2026-09-10T04:55:00,0
AC002521,victim,2026-09-28T03:17:00,0
AC002522,mule,2026-09-28T03:17:00,0
AC002523,mule,2026-09-28T03:25:00,0
AC002524,mule,2026-09-28T03:36:00,0
AC002525,beneficiary,2026-09-28T04:05:00,0
AC002526,victim,2026-09-08T14:49:00,0
AC002527,mule,2026-09-08T14:49:00,0
AC002528,beneficiary,2026-09-08T15:04:00,0
AC002529,victim,2026-09-13T23:04:00,0
AC002530,mule,2026-09-13T23:04:00,0
AC002531,beneficiary,2026-09-13T23:09:00,0
AC002532,victim,2026-09-20T15:52:00,0
AC002533,mule,2026-09-20T16:18:00,0
AC002534,beneficiary,2026-09-20T16:40:00,0
AC002535,victim,2026-09-10T02:51:00,0
AC002536,beneficiary,2026-09-10T02:51:00,0
AC002537,victim,2026-09-17T18:07:00,0
AC002538,mule,2026-09-17T18:07:00,0
AC002539,mule,2026-09-17T18:23:00,0
AC002540,beneficiary,2026-09-17T18:26:00,0
AC002541,victim,2026-09-03T11:25:00,0
AC002542,mule,2026-09-03T11:25:00,0
AC002543,mule,2026-09-03T11:38:00,0
AC002544,beneficiary,2026-09-03T12:04:00,0
AC002545,victim,2026-09-19T01:20:00,0
AC002546,mule,2026-09-19T01:20:00,0
AC002547,beneficiary,2026-09-19T01:31:00,0
AC002548,victim,2026-09-24T22:39:00,0
AC002549,beneficiary,2026-09-24T22:39:00,0
AC002550,victim,2026-09-21T22:17:00,0
AC002551,mule,2026-09-21T22:17:00,0
AC002552,mule,2026-09-21T22:25:00,0
AC002553,victim,2026-09-28T16:58:00,0
AC002554,mule,2026-09-28T16:58:00,0
AC002555,beneficiary,2026-09-28T17:28:00,0
AC002556,victim,2026-09-20T08:21:00,0
AC002557,mule,2026-09-20T08:28:00,0
AC002558,victim,2026-09-05T17:40:00,0
AC002559,beneficiary,2026-09-05T17:40:00,0
AC002560,victim,2026-09-25T00:59:00,0
AC002561,mule,2026-09-25T00:59:00,0
AC002562,mule,2026-09-25T01:12:00,0
AC002563,beneficiary,2026-09-25T01:17:00,0
AC002564,victim,2026-09-16T21:47:00,0
AC002565,mule,2026-09-16T21:47:00,0
AC002566,beneficiary,2026-09-16T21:48:00,0
AC002567,victim,2026-09-19T12:20:00,0
AC002568,mule,2026-09-19T12:20:00,0
AC002569,beneficiary,2026-09-19T12:30:00,0
AC002570,victim,2026-09-23T21:04:00,0
AC002571,beneficiary,2026-09-23T21:04:00,0
AC002572,victim,2026-09-09T21:18:00,0
AC002573,mule,2026-09-09T21:18:00,0
AC002574,beneficiary,2026-09-09T21:35:00,0
AC002575,victim,2026-09-17T08:26:00,0
AC002576,beneficiary,2026-09-17T08:45:00,0
AC002577,victim,2026-09-23T18:07:00,0
AC002578,beneficiary,2026-09-23T18:07:00,0
AC002579,victim,2026-09-20T02:46:00,0
AC002580,mule,2026-09-20T02:46:00,0
AC002581,mule,2026-09-20T02:51:00,0
AC002582,mule,2026-09-20T03:19:00,0
AC002583,beneficiary,2026-09-20T03:41:00,0
AC002584,victim,2026-09-07T08:54:00,0
AC002585,victim,2026-09-30T14:28:00,0
AC002586,mule,2026-09-30T14:28:00,0
AC002587,beneficiary,2026-09-30T14:54:00,0
AC002588,victim,2026-09-03T20:51:00,0
AC002589,victim,2026-09-19T06:48:00,0
AC002590,mule,2026-09-19T06:48:00,0
AC002591,mule,2026-09-19T07:09:00,0
AC002592,beneficiary,2026-09-19T07:27:00,0
AC002593,victim,2026-09-29T04:29:00,0
AC002594,mule,2026-09-29T04:29:00,0
AC002595,beneficiary,2026-09-29T04:52:00,0
AC002596,victim,2026-09-27T08:57:00,0
AC002597,mule,2026-09-27T08:57:00,0
AC002598,mule,2026-09-27T09:01:00,0
AC002599,beneficiary,2026-09-27T09:10:00,0
AC002600,victim,2026-09-30T01:24:00,0
AC002601,mule,2026-09-30T01:24:00,0
AC002602,victim,2026-09-18T18:15:00,0
AC002603,mule,2026-09-18T18:15:00,0
AC002604,mule,2026-09-18T18:42:00,0
AC002605,mule,2026-09-18T18:48:00,0
AC002606,beneficiary,2026-09-18T19:13:00,0
AC002607,victim,2026-09-25T17:11:00,0
AC002608,beneficiary,2026-09-25T17:29:00,0
AC002609,victim,2026-09-26T11:37:00,0
AC002610,beneficiary,2026-09-26T11:37:00,0
AC002611,victim,2026-09-28T03:40:00,0
AC002612,mule,2026-09-28T03:40:00,0
AC002613,beneficiary,2026-09-28T03:50:00,0
AC002614,victim,2026-09-19T15:32:00,0
AC002615,mule,2026-09-19T15:32:00,0
AC002616,beneficiary,2026-09-19T15:47:00,0
AC002617,victim,2026-09-15T05:27:00,0
AC002618,mule,2026-09-15T05:27:00,0
AC002619,victim,2026-09-18T03:02:00,0
AC002620,beneficiary,2026-09-18T03:02:00,0
AC002621,victim,2026-09-01T23:01:00,0
AC002622,beneficiary,2026-09-01T23:01:00,0
AC002623,victim,2026-09-19T13:02:00,0
AC002624,mule,2026-09-19T13:02:00,0
AC002625,mule,2026-09-19T13:21:00,0
AC002626,beneficiary,2026-09-19T13:34:00,0
AC002627,victim,2026-09-23T11:15:00,0
AC002628,mule,2026-09-23T11:15:00,0
AC002629,beneficiary,2026-09-23T11:27:00,0
AC002630,victim,2026-09-04T06:38:00,0
AC002631,mule,2026-09-04T06:38:00,0
AC002632,mule,2026-09-04T07:01:00,0
AC002633,beneficiary,2026-09-04T07:23:00,0
AC002634,victim,2026-09-05T04:29:00,0
AC002635,mule,2026-09-05T04:29:00,0
AC002636,beneficiary,2026-09-05T04:30:00,0
AC002637,victim,2026-09-21T02:10:00,0
AC002638,mule,2026-09-21T02:10:00,0
AC002639,beneficiary,2026-09-21T02:34:00,0
AC002640,victim,2026-09-16T18:50:00,0
AC002641,mule,2026-09-16T18:50:00,0
AC002642,mule,2026-09-16T19:18:00,0
AC002643,beneficiary,2026-09-16T19:22:00,0
AC002644,victim,2026-09-12T10:27:00,0
AC002645,beneficiary,2026-09-12T10:27:00,0
AC002646,victim,2026-09-08T23:35:00,0
AC002647,beneficiary,2026-09-08T23:35:00,0
AC002648,victim,2026-09-11T11:14:00,0
AC002649,victim,2026-09-16T22:59:00,0
AC002650,mule,2026-09-16T22:59:00,0
AC002651,mule,2026-09-16T23:27:00,0
AC002652,beneficiary,2026-09-16T23:36:00,0
AC002653,victim,2026-09-19T22:14:00,0
AC002654,mule,2026-09-19T22:14:00,0
AC002655,mule,2026-09-19T22:34:00,0
AC002656,beneficiary,2026-09-19T22:46:00,0
AC002657,victim,2026-09-07T07:23:00,0
AC002658,mule,2026-09-07T07:23:00,0
AC002659,beneficiary,2026-09-07T07:29:00,0
AC002660,victim,2026-09-07T16:22:00,0
AC002661,mule,2026-09-07T16:22:00,0
AC002662,mule,2026-09-07T16:41:00,0
AC002663,beneficiary,2026-09-07T17:10:00,0
AC002664,victim,2026-09-30T10:24:00,0
AC002665,mule,2026-09-30T10:24:00,0
AC002666,beneficiary,2026-09-30T10:34:00,0
AC002667,victim,2026-09-02T20:33:00,0
AC002668,victim,2026-09-17T18:25:00,0
AC002669,mule,2026-09-17T18:25:00,0
AC002670,beneficiary,2026-09-17T18:47:00,0
AC002671,victim,2026-09-19T21:28:00,0
AC002672,mule,2026-09-19T21:28:00,0
AC002673,mule,2026-09-19T21:50:00,0
AC002674,beneficiary,2026-09-19T22:18:00,0
AC002675,victim,2026-09-09T00:11:00,0
AC002676,mule,2026-09-09T00:11:00,0
AC002677,mule,2026-09-09T00:22:00,0
AC002678,mule,2026-09-09T00:27:00,0
AC002679,beneficiary,2026-09-09T00:42:00,0
AC002680,victim,2026-09-10T05:19:00,0
AC002681,beneficiary,2026-09-10T05:19:00,0
AC002682,victim,2026-09-24T22:27:00,0
AC002683,mule,2026-09-24T22:27:00,0
AC002684,mule,2026-09-24T22:28:00,0
AC002685,mule,2026-09-24T22:36:00,0
AC002686,beneficiary,2026-09-24T22:46:00,0
AC002687,victim,2026-09-01T17:39:00,0
AC002688,mule,2026-09-01T17:39:00,0
AC002689,beneficiary,2026-09-01T17:54:00,0
AC002690,victim,2026-09-07T06:33:00,0
AC002691,mule,2026-09-07T06:33:00,0
AC002692,mule,2026-09-07T07:11:00,0
AC002693,mule,2026-09-07T07:40:00,0
AC002694,victim,2026-09-05T05:26:00,0
AC002695,mule,2026-09-05T05:26:00,0
AC002696,beneficiary,2026-09-05T05:36:00,0
AC002697,victim,2026-09-07T13:30:00,0
AC002698,victim,2026-09-29T17:09:00,0
AC002699,mule,2026-09-29T17:09:00,0
AC002700,mule,2026-09-29T17:31:00,0
AC002701,mule,2026-09-29T17:36:00,0
AC002702,beneficiary,2026-09-29T17:57:00,0
AC002703,victim,2026-09-06T21:27:00,0
AC002704,mule,2026-09-06T21:27:00,0
AC002705,beneficiary,2026-09-06T21:51:00,0
AC002706,victim,2026-09-12T04:59:00,0
AC002707,mule,2026-09-12T04:59:00,0
AC002708,mule,2026-09-12T05:20:00,0
AC002709,mule,2026-09-12T05:36:00,0
AC002710,victim,2026-09-27T03:43:00,0
AC002711,mule,2026-09-27T03:43:00,0
AC002712,beneficiary,2026-09-27T04:08:00,0
AC002713,victim,2026-09-19T21:32:00,0
AC002714,mule,2026-09-19T21:32:00,0
AC002715,mule,2026-09-19T21:59:00,0
AC002716,mule,2026-09-19T22:27:00,0
AC002717,beneficiary,2026-09-19T22:31:00,0
AC002718,victim,2026-09-09T02:43:00,0
AC002719,mule,2026-09-09T02:43:00,0
AC002720,beneficiary,2026-09-09T02:43:00,0
AC002721,victim,2026-09-13T21:17:00,0
AC002722,mule,2026-09-13T21:17:00,0
AC002723,beneficiary,2026-09-13T21:32:00,0
AC002724,victim,2026-09-22T22:41:00,0
AC002725,mule,2026-09-22T22:41:00,0
AC002726,mule,2026-09-22T22:56:00,0
AC002727,beneficiary,2026-09-22T22:56:00,0
AC002728,victim,2026-09-16T18:34:00,0
AC002729,mule,2026-09-16T18:34:00,0
AC002730,mule,2026-09-16T19:02:00,0
AC002731,beneficiary,2026-09-16T19:12:00,0
AC002732,victim,2026-09-10T02:18:00,0
AC002733,beneficiary,2026-09-10T02:18:00,0
AC002734,victim,2026-09-24T12:06:00,0
AC002735,mule,2026-09-24T12:06:00,0
AC002736,mule,2026-09-24T12:08:00,0
AC002737,victim,2026-09-30T01:28:00,0
AC002738,mule,2026-09-30T01:28:00,0
AC002739,mule,2026-09-30T01:43:00,0
AC002740,beneficiary,2026-09-30T02:13:00,0
AC002741,victim,2026-09-04T00:09:00,0
AC002742,mule,2026-09-04T00:09:00,0
AC002743,beneficiary,2026-09-04T00:21:00,0
AC002744,victim,2026-09-20T10:18:00,0
AC002745,mule,2026-09-20T10:18:00,0
AC002746,beneficiary,2026-09-20T10:22:00,0
AC002747,victim,2026-09-28T20:30:00,0
AC002748,beneficiary,2026-09-28T20:30:00,0
AC002749,victim,2026-09-18T07:37:00,0
AC002750,mule,2026-09-18T07:37:00,0
AC002751,beneficiary,2026-09-18T07:49:00,0
AC002752,victim,2026-09-07T06:02:00,0
AC002753,beneficiary,2026-09-07T06:02:00,0
AC002754,victim,2026-09-16T21:16:00,0
AC002755,mule,2026-09-16T21:16:00,0
AC002756,mule,2026-09-16T21:32:00,0
AC002757,beneficiary,2026-09-16T21:44:00,0
AC002758,victim,2026-09-26T15:08:00,0
AC002759,beneficiary,2026-09-26T15:08:00,0
AC002760,victim,2026-09-19T06:19:00,0
AC002761,mule,2026-09-19T06:19:00,0
AC002762,beneficiary,2026-09-19T06:40:00,0
AC002763,victim,2026-09-04T22:03:00,0
AC002764,beneficiary,2026-09-04T22:03:00,0
AC002765,victim,2026-09-08T12:36:00,0
AC002766,mule,2026-09-08T12:36:00,0
AC002767,mule,2026-09-08T12:46:00,0
AC002768,beneficiary,2026-09-08T13:06:00,0
AC002769,victim,2026-09-10T08:36:00,0
AC002770,mule,2026-09-10T08:36:00,0
AC002771,mule,2026-09-10T08:37:00,0
AC002772,beneficiary,2026-09-10T09:05:00,0
AC002773,victim,2026-09-18T22:25:00,0
AC002774,mule,2026-09-18T22:25:00,0
AC002775,beneficiary,2026-09-18T22:30:00,0
AC002776,victim,2026-09-02T16:04:00,0
AC002777,mule,2026-09-02T16:04:00,0
AC002778,beneficiary,2026-09-02T16:13:00,0
AC002779,victim,2026-09-18T05:13:00,0
AC002780,mule,2026-09-18T05:13:00,0
AC002781,beneficiary,2026-09-18T05:22:00,0
AC002782,victim,2026-09-05T04:02:00,0
AC002783,mule,2026-09-05T04:02:00,0
AC002784,victim,2026-09-20T00:28:00,0
AC002785,mule,2026-09-20T00:28:00,0
AC002786,mule,2026-09-20T00:49:00,0
AC002787,mule,2026-09-20T01:17:00,0
AC002788,beneficiary,2026-09-20T01:40:00,0
AC002789,victim,2026-09-03T06:11:00,0
AC002790,mule,2026-09-03T06:11:00,0
AC002791,beneficiary,2026-09-03T06:33:00,0
AC002792,victim,2026-09-26T07:51:00,0
AC002793,mule,2026-09-26T07:51:00,0
AC002794,mule,2026-09-26T08:02:00,0
AC002795,mule,2026-09-26T08:14:00,0
AC002796,beneficiary,2026-09-26T08:25:00,0
AC002797,victim,2026-09-16T09:30:00,0
AC002798,mule,2026-09-16T09:30:00,0
AC002799,mule,2026-09-16T09:57:00,0
AC002800,beneficiary,2026-09-16T10:07:00,0
AC002801,victim,2026-09-06T08:12:00,0
AC002802,mule,2026-09-06T08:12:00,0
AC002803,beneficiary,2026-09-06T08:30:00,0
AC002804,victim,2026-09-26T05:03:00,0
AC002805,mule,2026-09-26T05:03:00,0
AC002806,mule,2026-09-26T05:10:00,0
AC002807,mule,2026-09-26T05:32:00,0
AC002808,mule,2026-09-26T05:52:00,0
AC002809,beneficiary,2026-09-26T06:14:00,0
AC002810,victim,2026-09-10T18:33:00,0
AC002811,mule,2026-09-10T18:42:00,0
AC002812,victim,2026-09-16T20:49:00,0
AC002813,mule,2026-09-16T20:49:00,0
AC002814,mule,2026-09-16T21:08:00,0
AC002815,beneficiary,2026-09-16T21:26:00,0
AC002816,victim,2026-09-25T18:45:00,0
AC002817,mule,2026-09-25T18:45:00,0
AC002818,mule,2026-09-25T19:13:00,0
AC002819,mule,2026-09-25T19:34:00,0
AC002820,beneficiary,2026-09-25T19:46:00,0
AC002821,victim,2026-09-29T23:32:00,0
AC002822,mule,2026-09-29T23:32:00,0
AC002823,victim,2026-09-02T12:50:00,0
AC002824,beneficiary,2026-09-02T12:50:00,0
AC002825,victim,2026-09-27T21:41:00,0
AC002826,mule,2026-09-27T21:41:00,0
AC002827,mule,2026-09-27T21:55:00,0
AC002828,mule,2026-09-27T21:56:00,0
AC002829,beneficiary,2026-09-27T22:09:00,0
AC002830,victim,2026-09-09T06:55:00,0
AC002831,mule,2026-09-09T06:55:00,0
AC002832,beneficiary,2026-09-09T07:05:00,0
AC002833,victim,2026-09-17T22:30:00,0
AC002834,mule,2026-09-17T22:30:00,0
AC002835,mule,2026-09-17T22:52:00,0
AC002836,mule,2026-09-17T22:55:00,0
AC002837,beneficiary,2026-09-17T23:03:00,0
AC002838,victim,2026-09-07T12:12:00,0
AC002839,beneficiary,2026-09-07T12:33:00,0
AC002840,victim,2026-09-03T01:25:00,0
AC002841,beneficiary,2026-09-03T01:25:00,0
AC002842,victim,2026-09-13T08:25:00,0
AC002843,mule,2026-09-13T08:25:00,0
AC002844,beneficiary,2026-09-13T08:29:00,0
AC002845,victim,2026-09-09T02:19:00,0
AC002846,beneficiary,2026-09-09T02:19:00,0
AC002847,victim,2026-09-29T18:47:00,0
AC002848,mule,2026-09-29T18:47:00,0
AC002849,beneficiary,2026-09-29T19:00:00,0
AC002850,victim,2026-09-21T17:19:00,0
AC002851,mule,2026-09-21T17:19:00,0
AC002852,mule,2026-09-21T17:44:00,0
AC002853,beneficiary,2026-09-21T18:08:00,0
AC002854,victim,2026-09-05T02:40:00,0
AC002855,mule,2026-09-05T02:40:00,0
AC002856,beneficiary,2026-09-05T02:48:00,0
AC002857,victim,2026-09-24T12:37:00,0
AC002858,mule,2026-09-24T12:37:00,0
AC002859,mule,2026-09-24T12:54:00,0
AC002860,mule,2026-09-24T12:56:00,0
AC002861,beneficiary,2026-09-24T13:13:00,0
AC002862,victim,2026-09-12T03:30:00,0
AC002863,mule,2026-09-12T03:30:00,0
AC002864,mule,2026-09-12T03:40:00,0
AC002865,mule,2026-09-12T03:59:00,0
AC002866,beneficiary,2026-09-12T04:05:00,0
AC002867,victim,2026-09-27T17:25:00,0
AC002868,mule,2026-09-27T17:25:00,0
AC002869,beneficiary,2026-09-27T17:53:00,0
AC002870,victim,2026-09-13T13:43:00,0
AC002871,mule,2026-09-13T13:43:00,0
AC002872,beneficiary,2026-09-13T14:02:00,0
AC002873,victim,2026-09-23T18:43:00,0
AC002874,mule,2026-09-23T18:43:00,0
AC002875,mule,2026-09-23T18:59:00,0
AC002876,mule,2026-09-23T19:00:00,0
AC002877,mule,2026-09-23T19:15:00,0
AC002878,victim,2026-09-13T11:10:00,0
AC002879,mule,2026-09-13T11:10:00,0
AC002880,mule,2026-09-13T11:16:00,0
AC002881,victim,2026-09-26T09:36:00,0
AC002882,mule,2026-09-26T09:46:00,0
AC002883,beneficiary,2026-09-26T10:16:00,0
AC002884,victim,2026-09-23T09:07:00,0
AC002885,mule,2026-09-23T09:07:00,0
AC002886,mule,2026-09-23T09:14:00,0
AC002887,beneficiary,2026-09-23T09:19:00,0
AC002888,victim,2026-09-10T23:04:00,0
AC002889,mule,2026-09-10T23:04:00,0
AC002890,beneficiary,2026-09-10T23:18:00,0
AC002891,victim,2026-09-23T14:52:00,0
AC002892,mule,2026-09-23T14:52:00,0
AC002893,beneficiary,2026-09-23T15:07:00,0
AC002894,victim,2026-09-11T04:02:00,0
AC002895,mule,2026-09-11T04:02:00,0
AC002896,mule,2026-09-11T04:24:00,0
AC002897,beneficiary,2026-09-11T04:36:00,0
AC002898,victim,2026-09-17T14:41:00,0
AC002899,mule,2026-09-17T14:41:00,0
AC002900,mule,2026-09-17T15:06:00,0
AC002901,beneficiary,2026-09-17T15:35:00,0
AC002902,victim,2026-09-17T20:12:00,0
AC002903,mule,2026-09-17T20:12:00,0
AC002904,beneficiary,2026-09-17T20:17:00,0
AC002905,victim,2026-09-13T22:12:00,0
AC002906,mule,2026-09-13T22:12:00,0
AC002907,mule,2026-09-13T22:28:00,0
AC002908,beneficiary,2026-09-13T22:30:00,0
AC002909,victim,2026-09-28T16:14:00,0
AC002910,mule,2026-09-28T16:14:00,0
AC002911,beneficiary,2026-09-28T16:39:00,0
AC002912,victim,2026-09-12T10:18:00,0
AC002913,mule,2026-09-12T10:18:00,0
AC002914,beneficiary,2026-09-12T10:34:00,0
AC002915,victim,2026-09-28T23:09:00,0
AC002916,mule,2026-09-28T23:09:00,0
AC002917,mule,2026-09-28T23:23:00,0
AC002918,beneficiary,2026-09-28T23:45:00,0
AC002919,victim,2026-09-19T05:27:00,0
AC002920,mule,2026-09-19T05:27:00,0
AC002921,mule,2026-09-19T05:43:00,0
AC002922,mule,2026-09-19T06:13:00,0
AC002923,beneficiary,2026-09-19T06:31:00,0
AC002924,victim,2026-09-14T19:58:00,0
AC002925,mule,2026-09-14T19:58:00,0
AC002926,mule,2026-09-14T20:13:00,0
AC002927,beneficiary,2026-09-14T20:37:00,0
AC002928,victim,2026-09-21T05:32:00,0
AC002929,mule,2026-09-21T05:32:00,0
AC002930,mule,2026-09-21T05:46:00,0
AC002931,beneficiary,2026-09-21T06:00:00,0
AC002932,victim,2026-09-30T23:43:00,0
AC002933,mule,2026-09-30T23:43:00,0
AC002934,mule,2026-10-01T00:11:00,0
AC002935,victim,2026-09-19T14:38:00,0
AC002936,mule,2026-09-19T14:38:00,0
AC002937,mule,2026-09-19T14:48:00,0
AC002938,beneficiary,2026-09-19T15:13:00,0
AC002939,victim,2026-09-24T06:37:00,0
AC002940,mule,2026-09-24T06:37:00,0
AC002941,beneficiary,2026-09-24T06:59:00,0
AC002942,victim,2026-09-03T03:45:00,0
AC002943,mule,2026-09-03T03:45:00,0
AC002944,beneficiary,2026-09-03T03:51:00,0
AC002945,victim,2026-09-02T22:55:00,0
AC002946,mule,2026-09-02T22:55:00,0
AC002947,beneficiary,2026-09-02T23:24:00,0
AC002948,victim,2026-09-22T14:11:00,0
AC002949,mule,2026-09-22T14:11:00,0
AC002950,mule,2026-09-22T14:39:00,0
AC002951,mule,2026-09-22T14:49:00,0
AC002952,mule,2026-09-22T15:15:00,0
AC002953,beneficiary,2026-09-22T15:39:00,0
AC002954,victim,2026-09-03T14:01:00,0
AC002955,mule,2026-09-03T14:01:00,0
AC002956,beneficiary,2026-09-03T14:18:00,0
AC002957,victim,2026-09-19T10:44:00,0
AC002958,mule,2026-09-19T10:44:00,0
AC002959,beneficiary,2026-09-19T10:51:00,0
AC002960,victim,2026-09-02T15:25:00,0
AC002961,mule,2026-09-02T15:25:00,0
AC002962,beneficiary,2026-09-02T15:40:00,0
AC002963,victim,2026-09-08T11:52:00,0
AC002964,mule,2026-09-08T11:52:00,0
AC002965,mule,2026-09-08T11:59:00,0
AC002966,beneficiary,2026-09-08T12:01:00,0
AC002967,victim,2026-09-17T12:12:00,0
AC002968,beneficiary,2026-09-17T12:12:00,0
AC002969,victim,2026-09-08T23:36:00,0
AC002970,mule,2026-09-08T23:36:00,0
AC002971,beneficiary,2026-09-08T23:45:00,0
AC002972,victim,2026-09-24T16:23:00,0
AC002973,beneficiary,2026-09-24T16:23:00,0
AC002974,victim,2026-09-15T04:40:00,0
AC002975,mule,2026-09-15T04:40:00,0
AC002976,beneficiary,2026-09-15T04:47:00,0
AC002977,victim,2026-09-07T23:18:00,0
AC002978,beneficiary,2026-09-07T23:18:00,0
AC002979,victim,2026-09-30T13:45:00,0
AC002980,mule,2026-09-30T13:45:00,0
AC002981,beneficiary,2026-09-30T13:51:00,0
AC002982,victim,2026-09-18T23:30:00,0
AC002983,mule,2026-09-18T23:30:00,0
AC002984,mule,2026-09-18T23:42:00,0
AC002985,mule,2026-09-19T00:08:00,0
AC002986,beneficiary,2026-09-19T00:30:00,0
AC002987,victim,2026-09-07T23:50:00,0
AC002988,mule,2026-09-07T23:50:00,0
AC002989,mule,2026-09-08T00:05:00,0
AC002990,beneficiary,2026-09-08T00:28:00,0
AC002991,victim,2026-09-24T01:18:00,0
AC002992,mule,2026-09-24T01:18:00,0
AC002993,beneficiary,2026-09-24T01:39:00,0
AC002994,victim,2026-09-25T18:30:00,0
AC002995,mule,2026-09-25T18:30:00,0
AC002996,mule,2026-09-25T18:43:00,0
AC002997,mule,2026-09-25T19:11:00,0
AC002998,beneficiary,2026-09-25T19:40:00,0
AC002999,victim,2026-09-27T15:02:00,0
AC003000,beneficiary,2026-09-27T15:03:00,0
AC003001,victim,2026-09-20T05:12:00,0
AC003002,mule,2026-09-20T05:12:00,0
AC003003,mule,2026-09-20T05:32:00,0
AC003004,beneficiary,2026-09-20T05:53:00,0
AC003005,victim,2026-09-26T18:29:00,0
AC003006,mule,2026-09-26T18:29:00,0
AC003007,beneficiary,2026-09-26T19:28:00,0
AC003008,victim,2026-09-15T08:02:00,0
AC003009,mule,2026-09-15T08:29:00,0
AC003010,beneficiary,2026-09-15T09:09:00,0
AC003011,victim,2026-09-05T10:31:00,0
AC003012,mule,2026-09-05T10:31:00,0
AC003013,mule,2026-09-05T10:48:00,0
AC003014,mule,2026-09-05T11:17:00,0
AC003015,beneficiary,2026-09-05T11:22:00,0
AC003016,victim,2026-09-05T23:07:00,0
AC003017,mule,2026-09-05T23:07:00,0
AC003018,beneficiary,2026-09-05T23:26:00,0
AC003019,victim,2026-09-18T00:54:00,0
AC003020,beneficiary,2026-09-18T00:54:00,0
AC003021,victim,2026-09-15T14:14:00,0
AC003022,beneficiary,2026-09-15T14:14:00,0
AC003023,victim,2026-09-06T16:48:00,0
AC003024,mule,2026-09-06T16:48:00,0
AC003025,mule,2026-09-06T17:14:00,0
AC003026,victim,2026-09-25T09:57:00,0
AC003027,mule,2026-09-25T09:57:00,0
AC003028,victim,2026-09-06T09:50:00,0
AC003029,mule,2026-09-06T09:50:00,0
AC003030,mule,2026-09-06T09:53:00,0
AC003031,mule,2026-09-06T10:11:00,0
AC003032,beneficiary,2026-09-06T10:19:00,0
AC003033,victim,2026-10-01T04:36:00,0
AC003034,mule,2026-10-01T04:36:00,0
AC003035,beneficiary,2026-10-01T04:37:00,0
AC003036,victim,2026-09-01T10:22:00,0
AC003037,beneficiary,2026-09-01T10:22:00,0
AC003038,victim,2026-09-04T23:34:00,0
AC003039,mule,2026-09-04T23:34:00,0
AC003040,beneficiary,2026-09-04T23:52:00,0
AC003041,victim,2026-09-24T10:42:00,0
AC003042,beneficiary,2026-09-24T10:42:00,0
AC003043,victim,2026-09-20T19:22:00,0
AC003044,mule,2026-09-20T19:22:00,0
AC003045,beneficiary,2026-09-20T19:38:00,0
AC003046,victim,2026-09-20T08:59:00,0
AC003047,beneficiary,2026-09-20T09:11:00,0
AC003048,victim,2026-09-03T08:51:00,0
AC003049,mule,2026-09-03T08:51:00,0
AC003050,beneficiary,2026-09-03T08:59:00,0
AC003051,victim,2026-09-07T19:42:00,0
AC003052,mule,2026-09-07T19:42:00,0
AC003053,mule,2026-09-07T19:55:00,0
AC003054,beneficiary,2026-09-07T20:16:00,0
AC003055,victim,2026-09-13T17:10:00,0
AC003056,mule,2026-09-13T17:15:00,0
AC003057,beneficiary,2026-09-13T17:41:00,0
AC003058,victim,2026-09-01T21:02:00,0
AC003059,mule,2026-09-01T21:02:00,0
AC003060,beneficiary,2026-09-01T21:13:00,0
AC003061,victim,2026-09-21T04:33:00,0
AC003062,mule,2026-09-21T04:33:00,0
AC003063,beneficiary,2026-09-21T04:45:00,0
AC003064,victim,2026-10-01T05:01:00,0
AC003065,mule,2026-10-01T05:01:00,0
AC003066,mule,2026-10-01T05:03:00,0
AC003067,mule,2026-10-01T05:12:00,0
AC003068,mule,2026-10-01T05:36:00,0
AC003069,beneficiary,2026-10-01T05:52:00,0
AC003070,victim,2026-09-06T04:28:00,0
AC003071,mule,2026-09-06T04:28:00,0
AC003072,mule,2026-09-06T04:36:00,0
AC003073,victim,2026-09-25T11:37:00,0
AC003074,mule,2026-09-25T11:37:00,0
AC003075,beneficiary,2026-09-25T11:54:00,0
AC003076,victim,2026-09-04T13:18:00,0
AC003077,mule,2026-09-04T13:18:00,0
AC003078,beneficiary,2026-09-04T13:25:00,0
AC003079,victim,2026-09-10T18:22:00,0
AC003080,mule,2026-09-10T18:22:00,0
AC003081,beneficiary,2026-09-10T18:24:00,0
AC003082,victim,2026-09-01T12:56:00,0
AC003083,mule,2026-09-01T12:56:00,0
AC003084,beneficiary,2026-09-01T12:59:00,0
AC003085,victim,2026-09-02T11:22:00,0
AC003086,mule,2026-09-02T11:22:00,0
AC003087,beneficiary,2026-09-02T11:28:00,0
AC003088,victim,2026-09-04T00:55:00,0
AC003089,mule,2026-09-04T00:55:00,0
AC003090,mule,2026-09-04T00:58:00,0
AC003091,mule,2026-09-04T01:22:00,0
AC003092,beneficiary,2026-09-04T01:35:00,0
AC003093,victim,2026-09-20T09:08:00,0
AC003094,beneficiary,2026-09-20T09:08:00,0
AC003095,victim,2026-09-26T12:12:00,0
AC003096,mule,2026-09-26T12:12:00,0
AC003097,beneficiary,2026-09-26T12:17:00,0
AC003098,victim,2026-09-02T03:52:00,0
AC003099,mule,2026-09-02T03:52:00,0
AC003100,beneficiary,2026-09-02T04:09:00,0
AC003101,victim,2026-09-26T17:44:00,0
AC003102,victim,2026-09-12T05:46:00,0
AC003103,beneficiary,2026-09-12T05:46:00,0
AC003104,victim,2026-09-10T14:14:00,0
AC003105,mule,2026-09-10T14:14:00,0
AC003106,mule,2026-09-10T14:30:00,0
AC003107,mule,2026-09-10T14:32:00,0
AC003108,beneficiary,2026-09-10T14:49:00,0
AC003109,victim,2026-09-02T08:26:00,0
AC003110,mule,2026-09-02T08:26:00,0
AC003111,victim,2026-09-02T10:13:00,0
AC003112,mule,2026-09-02T10:13:00,0
AC003113,beneficiary,2026-09-02T10:16:00,0
AC003114,victim,2026-09-23T14:27:00,0
AC003115,mule,2026-09-23T14:27:00,0
AC003116,mule,2026-09-23T14:51:00,0
AC003117,beneficiary,2026-09-23T15:16:00,0
AC003118,victim,2026-09-13T03:23:00,0
AC003119,mule,2026-09-13T03:23:00,0
AC003120,beneficiary,2026-09-13T03:25:00,0
AC003121,victim,2026-09-24T12:53:00,0
AC003122,mule,2026-09-24T12:53:00,0
AC003123,mule,2026-09-24T13:04:00,0
AC003124,mule,2026-09-24T13:29:00,0
AC003125,beneficiary,2026-09-24T13:46:00,0
AC003126,victim,2026-09-02T00:33:00,0
AC003127,mule,2026-09-02T00:58:00,0
AC003128,beneficiary,2026-09-02T01:25:00,0
AC003129,victim,2026-09-09T07:49:00,0
AC003130,mule,2026-09-09T07:49:00,0
AC003131,beneficiary,2026-09-09T07:56:00,0
AC003132,victim,2026-09-07T16:33:00,0
AC003133,mule,2026-09-07T16:33:00,0
AC003134,beneficiary,2026-09-07T16:49:00,0
AC003135,victim,2026-09-20T20:38:00,0
AC003136,mule,2026-09-20T20:38:00,0
AC003137,beneficiary,2026-09-20T20:46:00,0
AC003138,victim,2026-09-14T11:25:00,0
AC003139,mule,2026-09-14T11:25:00,0
AC003140,mule,2026-09-14T11:48:00,0
AC003141,mule,2026-09-14T12:09:00,0
AC003142,beneficiary,2026-09-14T12:39:00,0
AC003143,victim,2026-09-24T05:49:00,0
AC003144,mule,2026-09-24T06:06:00,0
AC003145,beneficiary,2026-09-24T06:14:00,0
AC003146,victim,2026-09-30T08:02:00,0
AC003147,mule,2026-09-30T08:02:00,0
AC003148,mule,2026-09-30T08:08:00,0
AC003149,beneficiary,2026-09-30T08:34:00,0
AC003150,victim,2026-09-05T13:18:00,0
AC003151,mule,2026-09-05T13:18:00,0
AC003152,beneficiary,2026-09-05T13:43:00,0
AC003153,victim,2026-09-15T22:49:00,0
AC003154,mule,2026-09-15T22:49:00,0
AC003155,beneficiary,2026-09-15T23:12:00,0
AC003156,victim,2026-09-26T09:31:00,0
AC003157,mule,2026-09-26T09:31:00,0
AC003158,beneficiary,2026-09-26T09:37:00,0
AC003159,victim,2026-09-01T20:19:00,0
AC003160,mule,2026-09-01T20:19:00,0
AC003161,beneficiary,2026-09-01T20:41:00,0
AC003162,victim,2026-09-29T00:00:00,0
AC003163,mule,2026-09-29T00:02:00,0
AC003164,victim,2026-09-10T02:40:00,0
AC003165,mule,2026-09-10T02:40:00,0
AC003166,victim,2026-09-14T15:04:00,0
AC003167,mule,2026-09-14T15:04:00,0
AC003168,beneficiary,2026-09-14T15:05:00,0
AC003169,victim,2026-09-05T14:50:00,0
AC003170,mule,2026-09-05T14:50:00,0
AC003171,beneficiary,2026-09-05T14:50:00,0
AC003172,victim,2026-09-02T11:47:00,0
AC003173,beneficiary,2026-09-02T11:50:00,0
AC003174,victim,2026-09-23T08:10:00,0
AC003175,beneficiary,2026-09-23T08:10:00,0
AC003176,victim,2026-09-25T06:30:00,0
AC003177,mule,2026-09-25T06:30:00,0
AC003178,beneficiary,2026-09-25T06:45:00,0
AC003179,victim,2026-09-02T01:43:00,0
AC003180,mule,2026-09-02T01:43:00,0
AC003181,beneficiary,2026-09-02T02:01:00,0
AC003182,victim,2026-09-27T07:38:00,0
AC003183,mule,2026-09-27T07:38:00,0
AC003184,mule,2026-09-27T08:05:00,0
AC003185,victim,2026-09-07T22:29:00,0
AC003186,mule,2026-09-07T22:29:00,0
AC003187,beneficiary,2026-09-07T22:53:00,0
AC003188,victim,2026-09-20T19:32:00,0
AC003189,mule,2026-09-20T19:32:00,0
AC003190,beneficiary,2026-09-20T19:54:00,0
AC003191,victim,2026-09-30T11:09:00,0
AC003192,beneficiary,2026-09-30T11:09:00,0
AC003193,victim,2026-09-30T20:10:00,0
AC003194,mule,2026-09-30T20:10:00,0
AC003195,mule,2026-09-30T20:27:00,0
AC003196,beneficiary,2026-09-30T20:36:00,0
AC003197,victim,2026-09-02T14:42:00,0
AC003198,mule,2026-09-02T14:42:00,0
AC003199,mule,2026-09-02T14:53:00,0
AC003200,mule,2026-09-02T15:01:00,0
AC003201,beneficiary,2026-09-02T15:13:00,0
AC003202,victim,2026-09-07T21:09:00,0
AC003203,mule,2026-09-07T21:09:00,0
AC003204,beneficiary,2026-09-07T21:38:00,0
AC003205,victim,2026-09-29T17:48:00,0
AC003206,mule,2026-09-29T17:48:00,0
AC003207,beneficiary,2026-09-29T18:08:00,0
AC003208,victim,2026-09-10T01:10:00,0
AC003209,beneficiary,2026-09-10T01:10:00,0
AC003210,victim,2026-09-15T21:02:00,0
AC003211,mule,2026-09-15T21:02:00,0
AC003212,beneficiary,2026-09-15T21:29:00,0
AC003213,victim,2026-09-13T23:36:00,0
AC003214,mule,2026-09-13T23:36:00,0
AC003215,beneficiary,2026-09-13T23:55:00,0
AC003216,victim,2026-09-16T22:20:00,0
AC003217,mule,2026-09-16T22:20:00,0
AC003218,beneficiary,2026-09-16T22:35:00,0
AC003219,victim,2026-09-25T12:45:00,0
AC003220,beneficiary,2026-09-25T12:45:00,0
AC003221,victim,2026-09-16T22:32:00,0
AC003222,mule,2026-09-16T22:32:00,0
AC003223,victim,2026-09-23T19:29:00,0
AC003224,mule,2026-09-23T19:29:00,0
AC003225,mule,2026-09-23T19:35:00,0
AC003226,beneficiary,2026-09-23T20:03:00,0
AC003227,victim,2026-09-24T11:20:00,0
AC003228,mule,2026-09-24T11:20:00,0
AC003229,mule,2026-09-24T11:21:00,0
AC003230,mule,2026-09-24T11:42:00,0
AC003231,beneficiary,2026-09-24T11:54:00,0
AC003232,victim,2026-09-01T21:18:00,0
AC003233,mule,2026-09-01T21:18:00,0
AC003234,victim,2026-09-11T19:00:00,0
AC003235,mule,2026-09-11T19:00:00,0
AC003236,beneficiary,2026-09-11T19:05:00,0
AC003237,victim,2026-09-30T05:23:00,0
AC003238,beneficiary,2026-09-30T05:23:00,0
AC003239,victim,2026-09-01T22:53:00,0
AC003240,mule,2026-09-01T22:53:00,0
AC003241,mule,2026-09-01T22:55:00,0
AC003242,beneficiary,2026-09-01T23:15:00,0
AC003243,victim,2026-09-06T00:34:00,0
AC003244,mule,2026-09-06T00:34:00,0
AC003245,mule,2026-09-06T00:40:00,0
AC003246,beneficiary,2026-09-06T00:54:00,0
AC003247,victim,2026-09-07T00:34:00,0
AC003248,mule,2026-09-07T00:34:00,0
AC003249,beneficiary,2026-09-07T00:56:00,0
AC003250,victim,2026-09-07T03:58:00,0
AC003251,mule,2026-09-07T03:58:00,0
AC003252,beneficiary,2026-09-07T04:17:00,0
AC003253,victim,2026-09-05T10:07:00,0
AC003254,mule,2026-09-05T10:07:00,0
AC003255,beneficiary,2026-09-05T10:19:00,0
AC003256,victim,2026-09-04T03:20:00,0
AC003257,mule,2026-09-04T03:20:00,0
AC003258,mule,2026-09-04T03:32:00,0
AC003259,beneficiary,2026-09-04T03:50:00,0
AC003260,victim,2026-09-02T23:42:00,0
AC003261,beneficiary,2026-09-02T23:42:00,0
AC003262,victim,2026-09-19T00:09:00,0
AC003263,mule,2026-09-19T00:09:00,0
AC003264,mule,2026-09-19T00:32:00,0
AC003265,beneficiary,2026-09-19T00:37:00,0
AC003266,victim,2026-09-29T01:47:00,0
AC003267,mule,2026-09-29T01:47:00,0
AC003268,mule,2026-09-29T02:17:00,0
AC003269,mule,2026-09-29T02:40:00,0
AC003270,mule,2026-09-29T03:06:00,0
AC003271,beneficiary,2026-09-29T03:12:00,0
AC003272,victim,2026-09-09T08:18:00,0
AC003273,mule,2026-09-09T08:18:00,0
AC003274,beneficiary,2026-09-09T08:23:00,0
AC003275,victim,2026-09-06T02:00:00,0
AC003276,mule,2026-09-06T02:00:00,0
AC003277,beneficiary,2026-09-06T02:30:00,0
AC003278,victim,2026-09-14T07:48:00,0
AC003279,mule,2026-09-14T07:48:00,0
AC003280,beneficiary,2026-09-14T08:08:00,0
AC003281,victim,2026-09-24T23:39:00,0
AC003282,mule,2026-09-24T23:39:00,0
AC003283,beneficiary,2026-09-24T23:40:00,0
AC003284,victim,2026-09-10T10:57:00,0
AC003285,mule,2026-09-10T10:57:00,0
AC003286,mule,2026-09-10T11:16:00,0
AC003287,mule,2026-09-10T11:31:00,0
AC003288,mule,2026-09-10T11:44:00,0
AC003289,beneficiary,2026-09-10T11:45:00,0
AC003290,victim,2026-09-22T00:45:00,0
AC003291,mule,2026-09-22T00:45:00,0
AC003292,beneficiary,2026-09-22T01:01:00,0
AC003293,victim,2026-09-25T05:23:00,0
AC003294,mule,2026-09-25T05:23:00,0
AC003295,beneficiary,2026-09-25T05:27:00,0
AC003296,victim,2026-09-25T18:38:00,0
AC003297,mule,2026-09-25T18:38:00,0
AC003298,mule,2026-09-25T18:42:00,0
AC003299,beneficiary,2026-09-25T18:58:00,0
AC003300,victim,2026-09-14T08:36:00,0
AC003301,beneficiary,2026-09-14T08:36:00,0
AC003302,victim,2026-09-03T01:02:00,0
AC003303,mule,2026-09-03T01:02:00,0
AC003304,victim,2026-09-02T18:54:00,0
AC003305,mule,2026-09-02T18:54:00,0
AC003306,mule,2026-09-02T19:11:00,0
AC003307,mule,2026-09-02T19:20:00,0
AC003308,beneficiary,2026-09-02T19:36:00,0
AC003309,victim,2026-09-14T13:40:00,0
AC003310,mule,2026-09-14T14:07:00,0
AC003311,mule,2026-09-14T14:16:00,0
AC003312,beneficiary,2026-09-14T14:18:00,0
AC003313,victim,2026-09-01T13:44:00,0
AC003314,victim,2026-09-22T07:55:00,0
AC003315,mule,2026-09-22T07:55:00,0
AC003316,mule,2026-09-22T08:10:00,0
AC003317,beneficiary,2026-09-22T08:12:00,0
AC003318,victim,2026-09-07T10:11:00,0
AC003319,mule,2026-09-07T10:11:00,0
AC003320,mule,2026-09-07T10:21:00,0
AC003321,mule,2026-09-07T10:37:00,0
AC003322,beneficiary,2026-09-07T10:58:00,0
AC003323,victim,2026-09-22T01:20:00,0
AC003324,mule,2026-09-22T01:20:00,0
AC003325,beneficiary,2026-09-22T01:43:00,0
AC003326,victim,2026-09-29T05:32:00,0
AC003327,beneficiary,2026-09-29T05:32:00,0
AC003328,victim,2026-09-26T07:27:00,0
AC003329,beneficiary,2026-09-26T07:27:00,0
AC003330,victim,2026-09-20T06:25:00,0
AC003331,mule,2026-09-20T06:25:00,0
AC003332,mule,2026-09-20T06:48:00,0
AC003333,mule,2026-09-20T07:13:00,0
AC003334,mule,2026-09-20T07:43:00,0
AC003335,beneficiary,2026-09-20T07:51:00,0
AC003336,victim,2026-09-21T05:16:00,0
AC003337,mule,2026-09-21T05:16:00,0
AC003338,beneficiary,2026-09-21T05:39:00,0
AC003339,victim,2026-09-24T20:49:00,0
AC003340,victim,2026-09-13T07:47:00,0
AC003341,mule,2026-09-13T07:47:00,0
AC003342,beneficiary,2026-09-13T08:03:00,0
AC003343,victim,2026-09-03T02:10:00,0
AC003344,mule,2026-09-03T02:10:00,0
AC003345,beneficiary,2026-09-03T02:17:00,0
AC003346,victim,2026-09-05T12:12:00,0
AC003347,mule,2026-09-05T12:12:00,0
AC003348,mule,2026-09-05T12:36:00,0
AC003349,beneficiary,2026-09-05T12:38:00,0
AC003350,victim,2026-09-10T19:49:00,0
AC003351,beneficiary,2026-09-10T19:49:00,0
AC003352,victim,2026-09-22T04:49:00,0
AC003353,victim,2026-09-06T18:07:00,0
AC003354,beneficiary,2026-09-06T18:07:00,0
AC003355,victim,2026-09-18T13:22:00,0
AC003356,mule,2026-09-18T13:36:00,0
AC003357,mule,2026-09-18T13:39:00,0
AC003358,victim,2026-09-08T01:58:00,0
AC003359,beneficiary,2026-09-08T02:04:00,0
AC003360,victim,2026-09-28T09:12:00,0
AC003361,mule,2026-09-28T09:12:00,0
AC003362,mule,2026-09-28T09:38:00,0
AC003363,victim,2026-09-10T21:34:00,0
AC003364,mule,2026-09-10T21:34:00,0
AC003365,victim,2026-09-13T21:34:00,0
AC003366,mule,2026-09-13T21:34:00,0
AC003367,mule,2026-09-13T21:48:00,0
AC003368,mule,2026-09-13T22:15:00,0
AC003369,beneficiary,2026-09-13T22:19:00,0
AC003370,victim,2026-09-14T05:47:00,0
AC003371,beneficiary,2026-09-14T05:47:00,0
AC003372,victim,2026-09-15T06:42:00,0
AC003373,mule,2026-09-15T06:42:00,0
AC003374,mule,2026-09-15T07:06:00,0
AC003375,beneficiary,2026-09-15T07:19:00,0
AC003376,victim,2026-09-26T12:08:00,0
AC003377,victim,2026-09-23T12:06:00,0
AC003378,beneficiary,2026-09-23T12:06:00,0
AC003379,victim,2026-09-06T04:09:00,0
AC003380,beneficiary,2026-09-06T04:10:00,0
AC003381,victim,2026-09-17T16:26:00,0
AC003382,mule,2026-09-17T16:26:00,0
AC003383,mule,2026-09-17T16:51:00,0
AC003384,beneficiary,2026-09-17T17:26:00,0
AC003385,victim,2026-09-26T19:02:00,0
AC003386,beneficiary,2026-09-26T19:02:00,0
AC003387,victim,2026-09-08T00:39:00,0
AC003388,mule,2026-09-08T01:05:00,0
AC003389,beneficiary,2026-09-08T01:32:00,0
AC003390,victim,2026-09-23T08:27:00,0
AC003391,beneficiary,2026-09-23T08:45:00,0
AC003392,victim,2026-09-12T14:17:00,0
AC003393,mule,2026-09-12T14:36:00,0
AC003394,beneficiary,2026-09-12T14:45:00,0
AC003395,victim,2026-09-20T02:49:00,0
AC003396,beneficiary,2026-09-20T03:19:00,0
AC003397,victim,2026-09-15T22:03:00,0
AC003398,mule,2026-09-15T22:03:00,0
AC003399,beneficiary,2026-09-15T22:33:00,0
AC003400,victim,2026-09-08T18:22:00,0
AC003401,mule,2026-09-08T18:22:00,0
AC003402,mule,2026-09-08T18:23:00,0
AC003403,victim,2026-09-26T02:06:00,0
AC003404,mule,2026-09-26T02:06:00,0
AC003405,beneficiary,2026-09-26T02:30:00,0
AC003406,victim,2026-09-14T10:30:00,0
AC003407,beneficiary,2026-09-14T10:30:00,0
AC003408,victim,2026-09-17T10:54:00,0
AC003409,mule,2026-09-17T10:54:00,0
AC003410,mule,2026-09-17T11:12:00,0
AC003411,mule,2026-09-17T11:23:00,0
AC003412,victim,2026-09-26T21:24:00,0
AC003413,mule,2026-09-26T21:24:00,0
AC003414,mule,2026-09-26T21:48:00,0
AC003415,mule,2026-09-26T22:04:00,0
AC003416,beneficiary,2026-09-26T22:22:00,0
AC003417,victim,2026-09-22T23:09:00,0
AC003418,beneficiary,2026-09-22T23:09:00,0
AC003419,victim,2026-09-23T17:58:00,0
AC003420,beneficiary,2026-09-23T17:58:00,0
AC003421,victim,2026-09-30T10:20:00,0
AC003422,mule,2026-09-30T10:20:00,0
AC003423,beneficiary,2026-09-30T10:48:00,0
AC003424,victim,2026-09-21T20:51:00,0
AC003425,beneficiary,2026-09-21T21:00:00,0
AC003426,victim,2026-09-13T08:27:00,0
AC003427,mule,2026-09-13T08:27:00,0
AC003428,beneficiary,2026-09-13T08:55:00,0
AC003429,victim,2026-09-29T14:44:00,0
AC003430,beneficiary,2026-09-29T15:02:00,0
AC003431,victim,2026-09-19T19:14:00,0
AC003432,beneficiary,2026-09-19T19:14:00,0
AC003433,victim,2026-09-02T05:57:00,0
AC003434,mule,2026-09-02T05:57:00,0
AC003435,beneficiary,2026-09-02T06:12:00,0
AC003436,victim,2026-09-27T01:33:00,0
AC003437,beneficiary,2026-09-27T01:33:00,0
AC003438,victim,2026-09-27T08:07:00,0
AC003439,mule,2026-09-27T08:07:00,0
AC003440,mule,2026-09-27T08:36:00,0
AC003441,victim,2026-09-29T18:24:00,0
AC003442,mule,2026-09-29T18:24:00,0
AC003443,mule,2026-09-29T18:45:00,0
AC003444,mule,2026-09-29T19:03:00,0
AC003445,beneficiary,2026-09-29T19:20:00,0
AC003446,victim,2026-09-03T11:50:00,0
AC003447,mule,2026-09-03T11:50:00,0
AC003448,mule,2026-09-03T12:20:00,0
AC003449,mule,2026-09-03T12:32:00,0
AC003450,victim,2026-09-24T16:09:00,0
AC003451,mule,2026-09-24T16:09:00,0
AC003452,victim,2026-09-18T09:03:00,0
AC003453,mule,2026-09-18T09:03:00,0
AC003454,mule,2026-09-18T09:22:00,0
AC003455,mule,2026-09-18T09:35:00,0
AC003456,mule,2026-09-18T09:48:00,0
AC003457,beneficiary,2026-09-18T10:14:00,0
AC003458,victim,2026-09-15T18:21:00,0
AC003459,mule,2026-09-15T18:21:00,0
AC003460,mule,2026-09-15T18:21:00,0
AC003461,mule,2026-09-15T18:48:00,0
AC003462,mule,2026-09-15T19:00:00,0
AC003463,beneficiary,2026-09-15T19:27:00,0
AC003464,victim,2026-09-03T16:39:00,0
AC003465,mule,2026-09-03T16:39:00,0
AC003466,beneficiary,2026-09-03T16:42:00,0
AC003467,victim,2026-09-29T03:51:00,0
AC003468,beneficiary,2026-09-29T04:25:00,0
AC003469,victim,2026-09-19T06:37:00,0
AC003470,mule,2026-09-19T06:37:00,0
AC003471,mule,2026-09-19T07:04:00,0
AC003472,beneficiary,2026-09-19T07:23:00,0
AC003473,victim,2026-09-08T17:15:00,0
AC003474,mule,2026-09-08T17:15:00,0
AC003475,beneficiary,2026-09-08T17:52:00,0
AC003476,victim,2026-09-17T04:40:00,0
AC003477,mule,2026-09-17T04:40:00,0
AC003478,beneficiary,2026-09-17T04:45:00,0
AC003479,victim,2026-09-12T19:56:00,0
AC003480,mule,2026-09-12T19:56:00,0
AC003481,mule,2026-09-12T20:06:00,0
AC003482,victim,2026-09-21T18:20:00,0
AC003483,beneficiary,2026-09-21T18:20:00,0
AC003484,victim,2026-09-04T13:29:00,0
AC003485,mule,2026-09-04T13:29:00,0
AC003486,beneficiary,2026-09-04T13:30:00,0
AC003487,victim,2026-09-28T23:03:00,0
AC003488,mule,2026-09-28T23:03:00,0
AC003489,mule,2026-09-28T23:29:00,0
AC003490,mule,2026-09-28T23:57:00,0
AC003491,victim,2026-09-20T14:11:00,0
AC003492,mule,2026-09-20T14:11:00,0
AC003493,beneficiary,2026-09-20T14:40:00,0
AC003494,victim,2026-09-29T10:42:00,0
AC003495,mule,2026-09-29T10:42:00,0
AC003496,mule,2026-09-29T10:45:00,0
AC003497,beneficiary,2026-09-29T11:05:00,0
AC003498,victim,2026-09-18T19:36:00,0
AC003499,mule,2026-09-18T19:36:00,0
AC003500,mule,2026-09-18T19:40:00,0
AC003501,beneficiary,2026-09-18T19:50:00,0
AC003502,victim,2026-09-28T11:24:00,0
AC003503,mule,2026-09-28T11:24:00,0
AC003504,beneficiary,2026-09-28T11:28:00,0
AC003505,victim,2026-09-08T02:52:00,0
AC003506,beneficiary,2026-09-08T03:22:00,0
AC003507,victim,2026-09-01T22:16:00,0
AC003508,beneficiary,2026-09-01T22:16:00,0
AC003509,victim,2026-09-24T08:47:00,0
AC003510,mule,2026-09-24T08:47:00,0
AC003511,beneficiary,2026-09-24T09:04:00,0
AC003512,victim,2026-09-14T10:03:00,0
AC003513,mule,2026-09-14T10:03:00,0
AC003514,mule,2026-09-14T10:21:00,0
AC003515,beneficiary,2026-09-14T10:29:00,0
AC003516,victim,2026-09-02T20:05:00,0
AC003517,beneficiary,2026-09-02T20:05:00,0
AC003518,victim,2026-09-18T12:10:00,0
AC003519,beneficiary,2026-09-18T12:23:00,0
AC003520,victim,2026-09-14T20:41:00,0
AC003521,mule,2026-09-14T20:41:00,0
AC003522,mule,2026-09-14T21:11:00,0
AC003523,mule,2026-09-14T21:11:00,0
AC003524,mule,2026-09-14T21:14:00,0
AC003525,beneficiary,2026-09-14T21:43:00,0
AC003526,victim,2026-09-10T10:58:00,0
AC003527,beneficiary,2026-09-10T10:58:00,0
AC003528,victim,2026-09-26T15:31:00,0
AC003529,mule,2026-09-26T15:31:00,0
AC003530,mule,2026-09-26T15:46:00,0
AC003531,beneficiary,2026-09-26T16:01:00,0
AC003532,victim,2026-09-05T05:00:00,0
AC003533,mule,2026-09-05T05:00:00,0
AC003534,beneficiary,2026-09-05T05:30:00,0
AC003535,victim,2026-09-16T12:34:00,0
AC003536,mule,2026-09-16T12:34:00,0
AC003537,mule,2026-09-16T12:48:00,0
AC003538,beneficiary,2026-09-16T13:09:00,0
AC003539,victim,2026-09-05T10:22:00,0
AC003540,mule,2026-09-05T10:22:00,0
AC003541,mule,2026-09-05T10:27:00,0
AC003542,mule,2026-09-05T10:42:00,0
AC003543,victim,2026-09-23T08:57:00,0
AC003544,mule,2026-09-23T08:57:00,0
AC003545,mule,2026-09-23T09:01:00,0
AC003546,mule,2026-09-23T09:05:00,0
AC003547,beneficiary,2026-09-23T09:16:00,0
AC003548,victim,2026-09-19T21:50:00,0
AC003549,mule,2026-09-19T21:50:00,0
AC003550,mule,2026-09-19T22:16:00,0
AC003551,mule,2026-09-19T22:43:00,0
AC003552,beneficiary,2026-09-19T22:59:00,0
AC003553,victim,2026-09-24T18:23:00,0
AC003554,mule,2026-09-24T18:23:00,0
AC003555,beneficiary,2026-09-24T18:30:00,0
AC003556,victim,2026-09-17T05:51:00,0
AC003557,victim,2026-09-03T05:38:00,0
AC003558,victim,2026-09-30T23:57:00,0
AC003559,mule,2026-09-30T23:57:00,0
AC003560,beneficiary,2026-10-01T00:07:00,0
AC003561,victim,2026-09-20T00:09:00,0
AC003562,mule,2026-09-20T00:09:00,0
AC003563,mule,2026-09-20T00:24:00,0
AC003564,beneficiary,2026-09-20T00:47:00,0
AC003565,victim,2026-09-04T11:14:00,0
AC003566,beneficiary,2026-09-04T11:38:00,0
AC003567,victim,2026-09-16T14:31:00,0
AC003568,mule,2026-09-16T14:31:00,0
AC003569,victim,2026-09-10T03:14:00,0
AC003570,beneficiary,2026-09-10T03:14:00,0
AC003571,victim,2026-09-03T15:58:00,0
AC003572,mule,2026-09-03T15:58:00,0
AC003573,mule,2026-09-03T16:10:00,0
AC003574,beneficiary,2026-09-03T16:25:00,0
AC003575,victim,2026-09-15T08:01:00,0
AC003576,beneficiary,2026-09-15T08:01:00,0
AC003577,victim,2026-09-02T02:51:00,0
AC003578,mule,2026-09-02T02:51:00,0
AC003579,victim,2026-09-05T00:49:00,0
AC003580,mule,2026-09-05T00:49:00,0
AC003581,mule,2026-09-05T00:54:00,0
AC003582,beneficiary,2026-09-05T01:19:00,0
AC003583,victim,2026-09-16T14:22:00,0
AC003584,mule,2026-09-16T14:22:00,0
AC003585,beneficiary,2026-09-16T14:42:00,0
AC003586,victim,2026-09-09T22:54:00,0
AC003587,beneficiary,2026-09-09T22:54:00,0
AC003588,victim,2026-09-14T08:24:00,0
AC003589,mule,2026-09-14T08:27:00,0
AC003590,mule,2026-09-14T08:31:00,0
AC003591,beneficiary,2026-09-14T08:44:00,0
AC003592,victim,2026-10-01T00:16:00,0
AC003593,mule,2026-10-01T00:16:00,0
AC003594,beneficiary,2026-10-01T00:27:00,0
AC003595,victim,2026-09-03T22:47:00,0
AC003596,beneficiary,2026-09-03T22:47:00,0
AC003597,victim,2026-09-22T23:33:00,0
AC003598,mule,2026-09-22T23:33:00,0
AC003599,mule,2026-09-22T23:48:00,0
AC003600,mule,2026-09-22T23:52:00,0
AC003601,beneficiary,2026-09-23T00:10:00,0
AC003602,victim,2026-09-16T11:00:00,0
AC003603,mule,2026-09-16T11:00:00,0
AC003604,victim,2026-09-09T14:43:00,0
AC003605,mule,2026-09-09T14:43:00,0
AC003606,mule,2026-09-09T15:05:00,0
AC003607,mule,2026-09-09T15:12:00,0
AC003608,beneficiary,2026-09-09T15:33:00,0
AC003609,victim,2026-09-26T13:03:00,0
AC003610,mule,2026-09-26T13:03:00,0
AC003611,victim,2026-09-16T10:54:00,0
AC003612,mule,2026-09-16T10:54:00,0
AC003613,beneficiary,2026-09-16T11:35:00,0
AC003614,victim,2026-09-22T01:47:00,0
AC003615,beneficiary,2026-09-22T02:01:00,0
AC003616,victim,2026-09-01T12:41:00,0
AC003617,mule,2026-09-01T12:41:00,0
AC003618,beneficiary,2026-09-01T12:46:00,0
AC003619,victim,2026-09-01T10:40:00,0
AC003620,beneficiary,2026-09-01T10:40:00,0
AC003621,victim,2026-09-28T00:50:00,0
AC003622,mule,2026-09-28T00:50:00,0
AC003623,beneficiary,2026-09-28T01:05:00,0
AC003624,victim,2026-09-25T14:20:00,0
AC003625,mule,2026-09-25T14:20:00,0
AC003626,mule,2026-09-25T14:39:00,0
AC003627,mule,2026-09-25T14:57:00,0
AC003628,beneficiary,2026-09-25T15:22:00,0
AC003629,victim,2026-09-08T15:30:00,0
AC003630,mule,2026-09-08T15:30:00,0
AC003631,beneficiary,2026-09-08T15:49:00,0
AC003632,victim,2026-09-13T22:28:00,0
AC003633,mule,2026-09-13T22:28:00,0
AC003634,mule,2026-09-13T23:09:00,0
AC003635,beneficiary,2026-09-13T23:30:00,0
AC003636,victim,2026-09-08T01:02:00,0
AC003637,beneficiary,2026-09-08T01:02:00,0
AC003638,victim,2026-09-03T03:15:00,0
AC003639,mule,2026-09-03T03:15:00,0
AC003640,beneficiary,2026-09-03T03:43:00,0
AC003641,victim,2026-09-22T01:04:00,0
AC003642,mule,2026-09-22T01:04:00,0
AC003643,mule,2026-09-22T01:07:00,0
AC003644,beneficiary,2026-09-22T01:09:00,0
AC003645,victim,2026-09-03T02:38:00,0
AC003646,mule,2026-09-03T02:38:00,0
AC003647,mule,2026-09-03T02:44:00,0
AC003648,beneficiary,2026-09-03T02:44:00,0
AC003649,victim,2026-09-06T15:27:00,0
AC003650,mule,2026-09-06T15:27:00,0
AC003651,beneficiary,2026-09-06T15:38:00,0
AC003652,victim,2026-09-19T04:21:00,0
AC003653,mule,2026-09-19T04:21:00,0
AC003654,beneficiary,2026-09-19T04:22:00,0
AC003655,victim,2026-09-15T04:25:00,0
AC003656,mule,2026-09-15T04:25:00,0
AC003657,beneficiary,2026-09-15T04:34:00,0
AC003658,victim,2026-09-12T21:19:00,0
AC003659,mule,2026-09-12T21:19:00,0
AC003660,beneficiary,2026-09-12T21:42:00,0
AC003661,victim,2026-09-25T13:03:00,0
AC003662,beneficiary,2026-09-25T13:03:00,0
AC003663,victim,2026-09-27T05:34:00,0
AC003664,beneficiary,2026-09-27T05:34:00,0
AC003665,victim,2026-09-25T10:40:00,0
AC003666,mule,2026-09-25T10:40:00,0
AC003667,mule,2026-09-25T10:46:00,0
AC003668,victim,2026-09-26T21:43:00,0
AC003669,mule,2026-09-26T21:43:00,0
AC003670,mule,2026-09-26T21:55:00,0
AC003671,beneficiary,2026-09-26T22:25:00,0
AC003672,victim,2026-09-28T07:30:00,0
AC003673,beneficiary,2026-09-28T07:30:00,0
AC003674,victim,2026-09-01T14:39:00,0
AC003675,mule,2026-09-01T14:39:00,0
AC003676,beneficiary,2026-09-01T15:05:00,0
AC003677,victim,2026-09-09T12:29:00,0
AC003678,mule,2026-09-09T12:29:00,0
AC003679,beneficiary,2026-09-09T12:37:00,0
AC003680,victim,2026-09-30T20:41:00,0
AC003681,mule,2026-09-30T20:41:00,0
AC003682,mule,2026-09-30T21:09:00,0
AC003683,beneficiary,2026-09-30T21:35:00,0
AC003684,victim,2026-09-11T12:51:00,0
AC003685,mule,2026-09-11T12:51:00,0
AC003686,beneficiary,2026-09-11T13:12:00,0
AC003687,victim,2026-09-05T10:54:00,0
AC003688,mule,2026-09-05T10:54:00,0
AC003689,mule,2026-09-05T11:05:00,0
AC003690,beneficiary,2026-09-05T11:10:00,0
AC003691,victim,2026-09-08T16:41:00,0
AC003692,mule,2026-09-08T16:41:00,0
AC003693,beneficiary,2026-09-08T17:09:00,0
AC003694,victim,2026-09-10T02:58:00,0
AC003695,mule,2026-09-10T02:58:00,0
AC003696,beneficiary,2026-09-10T02:59:00,0
AC003697,victim,2026-09-16T01:30:00,0
AC003698,mule,2026-09-16T01:45:00,0
AC003699,beneficiary,2026-09-16T01:47:00,0
AC003700,victim,2026-09-06T20:48:00,0
AC003701,beneficiary,2026-09-06T20:48:00,0
AC003702,victim,2026-09-24T19:54:00,0
AC003703,mule,2026-09-24T19:54:00,0
AC003704,beneficiary,2026-09-24T19:59:00,0
AC003705,victim,2026-09-08T00:02:00,0
AC003706,mule,2026-09-08T00:02:00,0
AC003707,mule,2026-09-08T00:21:00,0
AC003708,victim,2026-09-20T16:12:00,0
AC003709,mule,2026-09-20T16:12:00,0
AC003710,victim,2026-09-01T21:27:00,0
AC003711,beneficiary,2026-09-01T21:27:00,0
AC003712,victim,2026-09-29T22:25:00,0
AC003713,mule,2026-09-29T22:25:00,0
AC003714,mule,2026-09-29T22:49:00,0
AC003715,mule,2026-09-29T22:59:00,0
AC003716,beneficiary,2026-09-29T23:03:00,0
AC003717,victim,2026-09-06T01:55:00,0
AC003718,beneficiary,2026-09-06T01:55:00,0
AC003719,victim,2026-09-19T16:23:00,0
AC003720,mule,2026-09-19T16:23:00,0
AC003721,mule,2026-09-19T16:42:00,0
AC003722,beneficiary,2026-09-19T17:02:00,0
AC003723,victim,2026-09-23T15:09:00,0
AC003724,beneficiary,2026-09-23T15:16:00,0
AC003725,victim,2026-09-03T20:37:00,0
AC003726,mule,2026-09-03T20:37:00,0
AC003727,beneficiary,2026-09-03T21:03:00,0
AC003728,victim,2026-09-27T03:08:00,0
AC003729,mule,2026-09-27T03:08:00,0
AC003730,mule,2026-09-27T03:19:00,0
AC003731,mule,2026-09-27T04:06:00,0
AC003732,beneficiary,2026-09-27T04:14:00,0
AC003733,victim,2026-09-23T20:28:00,0
AC003734,beneficiary,2026-09-23T20:28:00,0
AC003735,victim,2026-09-30T22:11:00,0
AC003736,beneficiary,2026-09-30T22:11:00,0
AC003737,victim,2026-09-19T14:45:00,0
AC003738,mule,2026-09-19T14:45:00,0
AC003739,mule,2026-09-19T14:57:00,0
AC003740,beneficiary,2026-09-19T15:13:00,0
AC003741,victim,2026-09-07T06:01:00,0
AC003742,mule,2026-09-07T06:01:00,0
AC003743,beneficiary,2026-09-07T06:11:00,0
AC003744,victim,2026-09-15T07:15:00,0
AC003745,beneficiary,2026-09-15T07:15:00,0
AC003746,victim,2026-09-03T07:53:00,0
AC003747,mule,2026-09-03T07:53:00,0
AC003748,beneficiary,2026-09-03T07:53:00,0
AC003749,victim,2026-09-03T12:32:00,0
AC003750,mule,2026-09-03T12:32:00,0
AC003751,beneficiary,2026-09-03T12:46:00,0
AC003752,victim,2026-09-05T07:14:00,0
AC003753,mule,2026-09-05T07:14:00,0
AC003754,mule,2026-09-05T07:27:00,0
AC003755,beneficiary,2026-09-05T07:48:00,0
AC003756,victim,2026-09-21T08:06:00,0
AC003757,mule,2026-09-21T08:06:00,0
AC003758,mule,2026-09-21T08:17:00,0
AC003759,mule,2026-09-21T08:29:00,0
AC003760,beneficiary,2026-09-21T08:30:00,0
AC003761,victim,2026-09-10T15:24:00,0
AC003762,mule,2026-09-10T15:24:00,0
AC003763,beneficiary,2026-09-10T15:51:00,0
AC003764,victim,2026-09-16T06:53:00,0
AC003765,mule,2026-09-16T06:53:00,0
AC003766,mule,2026-09-16T07:15:00,0
AC003767,mule,2026-09-16T07:40:00,0
AC003768,mule,2026-09-16T07:52:00,0
AC003769,beneficiary,2026-09-16T07:59:00,0
AC003770,victim,2026-10-01T04:02:00,0
AC003771,beneficiary,2026-10-01T04:02:00,0
AC003772,victim,2026-09-25T12:22:00,0
AC003773,beneficiary,2026-09-25T12:25:00,0
AC003774,victim,2026-09-16T02:58:00,0
AC003775,mule,2026-09-16T02:58:00,0
AC003776,mule,2026-09-16T03:18:00,0
AC003777,beneficiary,2026-09-16T03:33:00,0
AC003778,victim,2026-09-18T14:42:00,0
AC003779,mule,2026-09-18T14:42:00,0
AC003780,mule,2026-09-18T15:00:00,0
AC003781,mule,2026-09-18T15:10:00,0
AC003782,beneficiary,2026-09-18T15:22:00,0
AC003783,victim,2026-09-20T19:56:00,0
AC003784,mule,2026-09-20T19:56:00,0
AC003785,mule,2026-09-20T19:58:00,0
AC003786,beneficiary,2026-09-20T20:15:00,0
AC003787,victim,2026-09-18T03:12:00,0
AC003788,mule,2026-09-18T03:12:00,0
AC003789,beneficiary,2026-09-18T03:18:00,0
AC003790,victim,2026-09-19T18:05:00,0
AC003791,mule,2026-09-19T18:05:00,0
AC003792,mule,2026-09-19T18:26:00,0
AC003793,beneficiary,2026-09-19T18:39:00,0
AC003794,victim,2026-09-03T12:44:00,0
AC003795,mule,2026-09-03T12:44:00,0
AC003796,mule,2026-09-03T12:59:00,0
AC003797,beneficiary,2026-09-03T13:01:00,0
AC003798,victim,2026-09-03T09:15:00,0
AC003799,mule,2026-09-03T09:15:00,0
AC003800,mule,2026-09-03T09:23:00,0
AC003801,mule,2026-09-03T09:28:00,0
AC003802,mule,2026-09-03T09:51:00,0
AC003803,beneficiary,2026-09-03T09:55:00,0
AC003804,victim,2026-09-10T13:16:00,0
AC003805,mule,2026-09-10T13:16:00,0
AC003806,beneficiary,2026-09-10T13:24:00,0
AC003807,victim,2026-09-21T03:54:00,0
AC003808,mule,2026-09-21T03:54:00,0
AC003809,beneficiary,2026-09-21T04:05:00,0
AC003810,victim,2026-09-11T18:07:00,0
AC003811,mule,2026-09-11T18:07:00,0
AC003812,mule,2026-09-11T18:07:00,0
AC003813,victim,2026-09-08T16:29:00,0
AC003814,mule,2026-09-08T16:29:00,0
AC003815,beneficiary,2026-09-08T16:30:00,0
AC003816,victim,2026-09-22T22:13:00,0
AC003817,mule,2026-09-22T22:13:00,0
AC003818,beneficiary,2026-09-22T22:32:00,0
AC003819,victim,2026-09-29T20:57:00,0
AC003820,mule,2026-09-29T20:57:00,0
AC003821,mule,2026-09-29T20:59:00,0
AC003822,mule,2026-09-29T21:18:00,0
AC003823,beneficiary,2026-09-29T21:36:00,0
AC003824,victim,2026-09-21T19:00:00,0
AC003825,mule,2026-09-21T19:00:00,0
AC003826,victim,2026-09-29T04:51:00,0
AC003827,mule,2026-09-29T04:51:00,0
AC003828,beneficiary,2026-09-29T05:18:00,0
AC003829,victim,2026-09-17T09:42:00,0
AC003830,mule,2026-09-17T09:42:00,0
AC003831,beneficiary,2026-09-17T10:10:00,0
AC003832,victim,2026-09-21T22:19:00,0
AC003833,beneficiary,2026-09-21T22:19:00,0
AC003834,victim,2026-09-28T03:38:00,0
AC003835,mule,2026-09-28T03:38:00,0
AC003836,mule,2026-09-28T03:38:00,0
AC003837,beneficiary,2026-09-28T03:47:00,0
AC003838,victim,2026-09-13T13:57:00,0
AC003839,victim,2026-09-21T15:32:00,0
AC003840,beneficiary,2026-09-21T15:32:00,0
AC003841,victim,2026-09-21T20:05:00,0
AC003842,mule,2026-09-21T20:05:00,0
AC003843,mule,2026-09-21T20:10:00,0
AC003844,victim,2026-09-08T10:12:00,0
AC003845,beneficiary,2026-09-08T10:41:00,0
AC003846,victim,2026-09-22T08:01:00,0
AC003847,mule,2026-09-22T08:01:00,0
AC003848,beneficiary,2026-09-22T08:24:00,0
AC003849,victim,2026-09-02T11:33:00,0
AC003850,beneficiary,2026-09-02T11:33:00,0
AC003851,victim,2026-09-08T09:31:00,0
AC003852,mule,2026-09-08T09:31:00,0
AC003853,beneficiary,2026-09-08T09:34:00,0
AC003854,victim,2026-09-25T23:34:00,0
AC003855,mule,2026-09-25T23:34:00,0
AC003856,beneficiary,2026-09-25T23:46:00,0
AC003857,victim,2026-09-27T04:36:00,0
AC003858,mule,2026-09-27T04:36:00,0
AC003859,mule,2026-09-27T04:51:00,0
AC003860,beneficiary,2026-09-27T05:07:00,0
AC003861,victim,2026-09-06T15:42:00,0
AC003862,beneficiary,2026-09-06T15:42:00,0
AC003863,victim,2026-09-09T13:54:00,0
AC003864,beneficiary,2026-09-09T14:13:00,0
AC003865,victim,2026-09-06T08:14:00,0
AC003866,mule,2026-09-06T08:14:00,0
AC003867,beneficiary,2026-09-06T08:38:00,0
AC003868,victim,2026-09-26T06:15:00,0
AC003869,beneficiary,2026-09-26T06:15:00,0
AC003870,victim,2026-09-08T14:10:00,0
AC003871,mule,2026-09-08T14:10:00,0
AC003872,victim,2026-09-26T10:11:00,0
AC003873,mule,2026-09-26T10:11:00,0
AC003874,mule,2026-09-26T10:52:00,0
AC003875,mule,2026-09-26T11:06:00,0
AC003876,beneficiary,2026-09-26T11:33:00,0
AC003877,victim,2026-09-11T00:16:00,0
AC003878,mule,2026-09-11T00:16:00,0
AC003879,beneficiary,2026-09-11T00:36:00,0
AC003880,victim,2026-09-01T06:53:00,0
AC003881,beneficiary,2026-09-01T06:53:00,0
AC003882,victim,2026-09-11T10:27:00,0
AC003883,mule,2026-09-11T10:27:00,0
AC003884,beneficiary,2026-09-11T10:50:00,0
AC003885,victim,2026-09-29T21:11:00,0
AC003886,beneficiary,2026-09-29T21:27:00,0
AC003887,victim,2026-09-06T13:33:00,0
AC003888,mule,2026-09-06T13:46:00,0
AC003889,mule,2026-09-06T13:55:00,0
AC003890,beneficiary,2026-09-06T14:00:00,0
AC003891,victim,2026-09-29T02:04:00,0
AC003892,mule,2026-09-29T02:04:00,0
AC003893,beneficiary,2026-09-29T02:18:00,0
AC003894,victim,2026-09-01T15:51:00,0
AC003895,beneficiary,2026-09-01T15:51:00,0
AC003896,victim,2026-09-15T02:36:00,0
AC003897,mule,2026-09-15T02:36:00,0
AC003898,mule,2026-09-15T02:51:00,0
AC003899,beneficiary,2026-09-15T03:08:00,0
AC003900,victim,2026-09-04T16:12:00,0
AC003901,mule,2026-09-04T16:12:00,0
AC003902,mule,2026-09-04T16:46:00,0
AC003903,mule,2026-09-04T17:02:00,0
AC003904,beneficiary,2026-09-04T17:25:00,0
AC003905,victim,2026-09-24T16:15:00,0
AC003906,mule,2026-09-24T16:15:00,0
AC003907,beneficiary,2026-09-24T16:18:00,0
AC003908,victim,2026-09-26T00:35:00,0
AC003909,mule,2026-09-26T00:35:00,0
AC003910,victim,2026-09-26T07:54:00,0
AC003911,mule,2026-09-26T07:54:00,0
AC003912,mule,2026-09-26T08:02:00,0
AC003913,victim,2026-09-19T00:23:00,0
AC003914,mule,2026-09-19T00:23:00,0
AC003915,beneficiary,2026-09-19T00:23:00,0
AC003916,victim,2026-09-20T21:51:00,0
AC003917,mule,2026-09-20T21:51:00,0
AC003918,mule,2026-09-20T22:06:00,0
AC003919,beneficiary,2026-09-20T22:22:00,0
AC003920,victim,2026-09-13T14:25:00,0
AC003921,mule,2026-09-13T14:25:00,0
AC003922,mule,2026-09-13T14:44:00,0
AC003923,beneficiary,2026-09-13T14:52:00,0
AC003924,victim,2026-09-06T13:36:00,0
AC003925,mule,2026-09-06T13:36:00,0
AC003926,mule,2026-09-06T13:40:00,0
AC003927,beneficiary,2026-09-06T14:04:00,0
AC003928,victim,2026-09-14T16:06:00,0
AC003929,mule,2026-09-14T16:06:00,0
AC003930,beneficiary,2026-09-14T16:21:00,0
AC003931,victim,2026-09-25T13:40:00,0
AC003932,mule,2026-09-25T13:40:00,0
AC003933,beneficiary,2026-09-25T13:42:00,0
AC003934,victim,2026-09-07T01:30:00,0
AC003935,mule,2026-09-07T01:30:00,0
AC003936,beneficiary,2026-09-07T01:54:00,0
AC003937,victim,2026-09-30T11:49:00,0
AC003938,mule,2026-09-30T11:49:00,0
AC003939,mule,2026-09-30T11:59:00,0
AC003940,beneficiary,2026-09-30T12:04:00,0
AC003941,victim,2026-09-24T02:42:00,0
AC003942,mule,2026-09-24T02:42:00,0
AC003943,victim,2026-09-11T17:34:00,0
AC003944,mule,2026-09-11T17:34:00,0
AC003945,mule,2026-09-11T17:43:00,0
AC003946,victim,2026-09-10T11:55:00,0
AC003947,beneficiary,2026-09-10T11:55:00,0
AC003948,victim,2026-09-10T09:35:00,0
AC003949,beneficiary,2026-09-10T09:35:00,0
AC003950,victim,2026-09-25T23:26:00,0
AC003951,mule,2026-09-25T23:26:00,0
AC003952,beneficiary,2026-09-25T23:43:00,0
AC003953,victim,2026-09-10T22:19:00,0
AC003954,mule,2026-09-10T22:19:00,0
AC003955,victim,2026-09-23T20:22:00,0
AC003956,mule,2026-09-23T20:22:00,0
AC003957,mule,2026-09-23T20:51:00,0
AC003958,beneficiary,2026-09-23T21:03:00,0
AC003959,victim,2026-09-16T18:57:00,0
AC003960,mule,2026-09-16T18:57:00,0
AC003961,mule,2026-09-16T19:22:00,0
AC003962,mule,2026-09-16T19:25:00,0
AC003963,mule,2026-09-16T19:42:00,0
AC003964,beneficiary,2026-09-16T20:00:00,0
AC003965,victim,2026-09-14T08:00:00,0
AC003966,mule,2026-09-14T08:00:00,0
AC003967,mule,2026-09-14T08:30:00,0
AC003968,mule,2026-09-14T09:00:00,0
AC003969,beneficiary,2026-09-14T09:14:00,0
AC003970,victim,2026-09-06T07:25:00,0
AC003971,victim,2026-09-04T23:30:00,0
AC003972,mule,2026-09-04T23:30:00,0
AC003973,mule,2026-09-04T23:46:00,0
AC003974,beneficiary,2026-09-04T23:54:00,0
AC003975,victim,2026-09-25T01:39:00,0
AC003976,mule,2026-09-25T01:39:00,0
AC003977,beneficiary,2026-09-25T01:59:00,0
AC003978,victim,2026-09-25T18:28:00,0
AC003979,mule,2026-09-25T18:28:00,0
AC003980,mule,2026-09-25T18:56:00,0
AC003981,beneficiary,2026-09-25T19:15:00,0
AC003982,victim,2026-09-27T21:11:00,0
AC003983,mule,2026-09-27T21:34:00,0
AC003984,beneficiary,2026-09-27T21:48:00,0
AC003985,victim,2026-09-27T10:47:00,0
AC003986,victim,2026-09-27T08:55:00,0
AC003987,mule,2026-09-27T08:55:00,0
AC003988,beneficiary,2026-09-27T09:20:00,0
AC003989,victim,2026-09-10T15:38:00,0
AC003990,mule,2026-09-10T15:38:00,0
AC003991,mule,2026-09-10T16:03:00,0
AC003992,beneficiary,2026-09-10T16:27:00,0
AC003993,victim,2026-09-17T07:49:00,0
AC003994,mule,2026-09-17T07:49:00,0
AC003995,beneficiary,2026-09-17T08:09:00,0
AC003996,victim,2026-09-16T11:09:00,0
AC003997,beneficiary,2026-09-16T11:09:00,0
AC003998,victim,2026-09-29T04:02:00,0
AC003999,beneficiary,2026-09-29T04:02:00,0
AC004000,victim,2026-09-16T20:46:00,0
AC004001,beneficiary,2026-09-16T20:46:00,0
AC004002,victim,2026-09-22T06:26:00,0
AC004003,mule,2026-09-22T06:26:00,0
AC004004,beneficiary,2026-09-22T06:52:00,0
AC004005,victim,2026-09-07T09:51:00,0
AC004006,beneficiary,2026-09-07T09:51:00,0
AC004007,victim,2026-09-13T13:33:00,0
AC004008,beneficiary,2026-09-13T13:33:00,0
AC004009,victim,2026-09-13T02:07:00,0
AC004010,mule,2026-09-13T02:07:00,0
AC004011,beneficiary,2026-09-13T02:24:00,0
AC004012,victim,2026-09-25T17:14:00,0
AC004013,mule,2026-09-25T17:14:00,0
AC004014,mule,2026-09-25T17:47:00,0
AC004015,beneficiary,2026-09-25T18:11:00,0
AC004016,victim,2026-09-04T05:00:00,0
AC004017,beneficiary,2026-09-04T05:00:00,0
AC004018,victim,2026-09-21T16:58:00,0
AC004019,mule,2026-09-21T16:58:00,0
AC004020,beneficiary,2026-09-21T16:58:00,0
AC004021,victim,2026-09-07T07:32:00,0
AC004022,mule,2026-09-07T07:32:00,0
AC004023,victim,2026-09-07T08:18:00,0
AC004024,mule,2026-09-07T08:40:00,0
AC004025,victim,2026-09-15T08:07:00,0
AC004026,beneficiary,2026-09-15T08:07:00,0
AC004027,victim,2026-09-27T09:19:00,0
AC004028,mule,2026-09-27T09:19:00,0
AC004029,mule,2026-09-27T09:21:00,0
AC004030,beneficiary,2026-09-27T09:46:00,0
AC004031,victim,2026-09-03T14:22:00,0
AC004032,mule,2026-09-03T14:22:00,0
AC004033,beneficiary,2026-09-03T14:35:00,0
AC004034,victim,2026-09-03T19:15:00,0
AC004035,mule,2026-09-03T19:15:00,0
AC004036,beneficiary,2026-09-03T19:39:00,0
AC004037,victim,2026-09-27T19:13:00,0
AC004038,mule,2026-09-27T19:13:00,0
AC004039,victim,2026-09-05T07:43:00,0
AC004040,mule,2026-09-05T07:43:00,0
AC004041,mule,2026-09-05T08:14:00,0
AC004042,beneficiary,2026-09-05T08:37:00,0
AC004043,victim,2026-09-13T23:06:00,0
AC004044,beneficiary,2026-09-13T23:23:00,0
AC004045,victim,2026-09-14T14:10:00,0
AC004046,mule,2026-09-14T14:10:00,0
AC004047,mule,2026-09-14T14:35:00,0
AC004048,beneficiary,2026-09-14T14:43:00,0
AC004049,victim,2026-09-10T17:27:00,0
AC004050,mule,2026-09-10T17:27:00,0
AC004051,beneficiary,2026-09-10T17:34:00,0
AC004052,victim,2026-09-17T14:13:00,0
AC004053,mule,2026-09-17T14:13:00,0
AC004054,beneficiary,2026-09-17T14:27:00,0
AC004055,victim,2026-09-23T01:09:00,0
AC004056,mule,2026-09-23T01:09:00,0
AC004057,mule,2026-09-23T01:13:00,0
AC004058,mule,2026-09-23T01:14:00,0
AC004059,mule,2026-09-23T01:22:00,0
AC004060,beneficiary,2026-09-23T01:22:00,0
AC004061,victim,2026-09-07T04:40:00,0
AC004062,beneficiary,2026-09-07T04:58:00,0
AC004063,victim,2026-09-13T13:22:00,0
AC004064,mule,2026-09-13T13:22:00,0
AC004065,mule,2026-09-13T13:29:00,0
AC004066,mule,2026-09-13T13:42:00,0
AC004067,beneficiary,2026-09-13T14:09:00,0
AC004068,victim,2026-09-10T17:20:00,0
AC004069,victim,2026-09-01T11:16:00,0
AC004070,mule,2026-09-01T11:16:00,0
AC004071,mule,2026-09-01T11:40:00,0
AC004072,beneficiary,2026-09-01T11:43:00,0
AC004073,victim,2026-09-10T10:08:00,0
AC004074,mule,2026-09-10T10:08:00,0
AC004075,mule,2026-09-10T10:32:00,0
AC004076,mule,2026-09-10T10:51:00,0
AC004077,beneficiary,2026-09-10T11:08:00,0
AC004078,victim,2026-09-03T13:20:00,0
AC004079,mule,2026-09-03T13:20:00,0
AC004080,victim,2026-09-28T17:52:00,0
AC004081,mule,2026-09-28T17:52:00,0
AC004082,beneficiary,2026-09-28T17:56:00,0
AC004083,victim,2026-09-13T21:21:00,0
AC004084,mule,2026-09-13T21:21:00,0
AC004085,beneficiary,2026-09-13T21:33:00,0
AC004086,victim,2026-09-26T07:19:00,0
AC004087,beneficiary,2026-09-26T07:19:00,0
AC004088,victim,2026-09-01T07:13:00,0
AC004089,mule,2026-09-01T07:29:00,0
AC004090,beneficiary,2026-09-01T07:51:00,0
AC004091,victim,2026-09-16T22:13:00,0
AC004092,mule,2026-09-16T22:13:00,0
AC004093,beneficiary,2026-09-16T22:18:00,0
AC004094,victim,2026-09-29T20:19:00,0
AC004095,mule,2026-09-29T20:19:00,0
AC004096,victim,2026-09-05T03:07:00,0
AC004097,beneficiary,2026-09-05T03:07:00,0
AC004098,victim,2026-09-20T16:38:00,0
AC004099,beneficiary,2026-09-20T16:38:00,0
AC004100,victim,2026-09-11T11:05:00,0
AC004101,mule,2026-09-11T11:05:00,0
AC004102,mule,2026-09-11T11:33:00,0
AC004103,mule,2026-09-11T12:01:00,0
AC004104,beneficiary,2026-09-11T12:14:00,0
AC004105,victim,2026-09-17T21:42:00,0
AC004106,mule,2026-09-17T21:42:00,0
AC004107,beneficiary,2026-09-17T21:46:00,0
AC004108,victim,2026-09-06T23:51:00,0
AC004109,mule,2026-09-06T23:51:00,0
AC004110,beneficiary,2026-09-06T23:51:00,0
AC004111,victim,2026-09-21T08:42:00,0
AC004112,mule,2026-09-21T08:42:00,0
AC004113,beneficiary,2026-09-21T09:09:00,0
AC004114,victim,2026-09-01T22:25:00,0
AC004115,mule,2026-09-01T22:25:00,0
AC004116,mule,2026-09-01T22:34:00,0
AC004117,beneficiary,2026-09-01T22:38:00,0
AC004118,victim,2026-09-18T11:19:00,0
AC004119,beneficiary,2026-09-18T11:19:00,0
AC004120,victim,2026-09-09T01:56:00,0
AC004121,mule,2026-09-09T01:56:00,0
AC004122,mule,2026-09-09T02:21:00,0
AC004123,victim,2026-09-20T18:37:00,0
AC004124,beneficiary,2026-09-20T18:37:00,0
AC004125,victim,2026-09-13T20:48:00,0
AC004126,beneficiary,2026-09-13T20:48:00,0
AC004127,victim,2026-09-05T09:30:00,0
AC004128,mule,2026-09-05T09:30:00,0
AC004129,victim,2026-09-30T11:04:00,0
AC004130,beneficiary,2026-09-30T11:04:00,0
AC004131,victim,2026-09-28T18:09:00,0
AC004132,beneficiary,2026-09-28T18:09:00,0
AC004133,victim,2026-09-05T18:01:00,0
AC004134,mule,2026-09-05T18:29:00,0
AC004135,beneficiary,2026-09-05T18:33:00,0
AC004136,victim,2026-09-16T04:58:00,0
AC004137,mule,2026-09-16T04:58:00,0
AC004138,mule,2026-09-16T05:04:00,0
AC004139,beneficiary,2026-09-16T05:14:00,0
AC004140,victim,2026-09-22T17:11:00,0
AC004141,beneficiary,2026-09-22T17:11:00,0
AC004142,victim,2026-09-29T06:21:00,0
AC004143,beneficiary,2026-09-29T06:21:00,0
AC004144,victim,2026-09-03T02:02:00,0
AC004145,mule,2026-09-03T02:02:00,0
AC004146,beneficiary,2026-09-03T02:02:00,0
AC004147,victim,2026-09-02T16:22:00,0
AC004148,mule,2026-09-02T16:22:00,0
AC004149,mule,2026-09-02T16:49:00,0
AC004150,beneficiary,2026-09-02T17:13:00,0
AC004151,victim,2026-09-28T16:03:00,0
AC004152,mule,2026-09-28T16:03:00,0
AC004153,mule,2026-09-28T16:11:00,0
AC004154,beneficiary,2026-09-28T16:11:00,0
AC004155,victim,2026-09-07T17:08:00,0
AC004156,mule,2026-09-07T17:08:00,0
AC004157,mule,2026-09-07T17:34:00,0
AC004158,beneficiary,2026-09-07T18:00:00,0
AC004159,victim,2026-09-25T00:54:00,0
AC004160,mule,2026-09-25T00:54:00,0
AC004161,beneficiary,2026-09-25T01:16:00,0
AC004162,victim,2026-09-01T17:09:00,0
AC004163,mule,2026-09-01T17:09:00,0
AC004164,beneficiary,2026-09-01T17:34:00,0
AC004165,victim,2026-09-26T06:48:00,0
AC004166,mule,2026-09-26T06:48:00,0
AC004167,mule,2026-09-26T06:55:00,0
AC004168,mule,2026-09-26T07:24:00,0
AC004169,victim,2026-09-23T13:50:00,0
AC004170,mule,2026-09-23T13:50:00,0
AC004171,mule,2026-09-23T13:53:00,0
AC004172,beneficiary,2026-09-23T14:10:00,0
AC004173,victim,2026-09-07T08:20:00,0
AC004174,mule,2026-09-07T08:20:00,0
AC004175,beneficiary,2026-09-07T08:35:00,0
AC004176,victim,2026-09-08T05:40:00,0
AC004177,mule,2026-09-08T05:40:00,0
AC004178,beneficiary,2026-09-08T06:06:00,0
AC004179,victim,2026-09-10T12:21:00,0
AC004180,mule,2026-09-10T12:21:00,0
AC004181,mule,2026-09-10T12:33:00,0
AC004182,beneficiary,2026-09-10T12:48:00,0
AC004183,victim,2026-09-21T09:06:00,0
AC004184,mule,2026-09-21T09:06:00,0
AC004185,mule,2026-09-21T09:16:00,0
AC004186,beneficiary,2026-09-21T09:28:00,0
AC004187,victim,2026-09-09T17:05:00,0
AC004188,mule,2026-09-09T17:05:00,0
AC004189,mule,2026-09-09T17:19:00,0
AC004190,beneficiary,2026-09-09T17:23:00,0
AC004191,victim,2026-09-10T17:27:00,0
AC004192,mule,2026-09-10T17:27:00,0
AC004193,mule,2026-09-10T17:31:00,0
AC004194,mule,2026-09-10T17:37:00,0
AC004195,beneficiary,2026-09-10T18:03:00,0
AC004196,victim,2026-09-16T11:28:00,0
AC004197,beneficiary,2026-09-16T11:49:00,0
AC004198,victim,2026-09-15T13:16:00,0
AC004199,mule,2026-09-15T13:16:00,0
AC004200,beneficiary,2026-09-15T13:39:00,0
AC004201,victim,2026-09-27T22:49:00,0
AC004202,mule,2026-09-27T22:49:00,0
AC004203,beneficiary,2026-09-27T22:54:00,0
AC004204,victim,2026-09-07T22:48:00,0
AC004205,beneficiary,2026-09-07T22:48:00,0
AC004206,victim,2026-09-20T11:57:00,0
AC004207,mule,2026-09-20T11:57:00,0
AC004208,victim,2026-09-27T13:58:00,0
AC004209,mule,2026-09-27T13:58:00,0
AC004210,mule,2026-09-27T14:26:00,0
AC004211,victim,2026-09-21T18:09:00,0
AC004212,beneficiary,2026-09-21T18:09:00,0
AC004213,victim,2026-09-14T12:04:00,0
AC004214,beneficiary,2026-09-14T12:04:00,0
AC004215,victim,2026-09-08T12:39:00,0
AC004216,mule,2026-09-08T12:39:00,0
AC004217,mule,2026-09-08T13:08:00,0
AC004218,beneficiary,2026-09-08T13:38:00,0
AC004219,victim,2026-09-28T18:30:00,0
AC004220,mule,2026-09-28T18:30:00,0
AC004221,mule,2026-09-28T18:54:00,0
AC004222,beneficiary,2026-09-28T19:21:00,0
AC004223,victim,2026-09-20T18:50:00,0
AC004224,mule,2026-09-20T18:50:00,0
AC004225,beneficiary,2026-09-20T19:04:00,0
AC004226,victim,2026-09-28T00:22:00,0
AC004227,mule,2026-09-28T00:38:00,0
AC004228,beneficiary,2026-09-28T00:38:00,0
AC004229,victim,2026-09-05T22:48:00,0
AC004230,beneficiary,2026-09-05T22:48:00,0
AC004231,victim,2026-09-27T07:14:00,0
AC004232,beneficiary,2026-09-27T07:14:00,0
AC004233,victim,2026-09-17T12:30:00,0
AC004234,mule,2026-09-17T12:30:00,0
AC004235,beneficiary,2026-09-17T12:58:00,0
AC004236,victim,2026-09-02T18:28:00,0
AC004237,mule,2026-09-02T18:28:00,0
AC004238,beneficiary,2026-09-02T18:34:00,0
AC004239,victim,2026-09-01T13:54:00,0
AC004240,mule,2026-09-01T13:54:00,0
AC004241,mule,2026-09-01T14:17:00,0
AC004242,beneficiary,2026-09-01T14:43:00,0
AC004243,victim,2026-09-15T11:56:00,0
AC004244,mule,2026-09-15T11:56:00,0
AC004245,beneficiary,2026-09-15T12:26:00,0
AC004246,victim,2026-09-18T17:21:00,0
AC004247,mule,2026-09-18T17:21:00,0
AC004248,beneficiary,2026-09-18T17:39:00,0
AC004249,victim,2026-09-23T04:03:00,0
AC004250,mule,2026-09-23T04:03:00,0
AC004251,beneficiary,2026-09-23T04:16:00,0
AC004252,victim,2026-09-11T15:39:00,0
AC004253,mule,2026-09-11T15:39:00,0
AC004254,mule,2026-09-11T16:00:00,0
AC004255,victim,2026-09-05T19:37:00,0
AC004256,mule,2026-09-05T19:37:00,0
AC004257,beneficiary,2026-09-05T19:38:00,0
AC004258,victim,2026-09-12T16:30:00,0
AC004259,beneficiary,2026-09-12T16:30:00,0
AC004260,victim,2026-09-09T10:58:00,0
AC004261,mule,2026-09-09T10:58:00,0
AC004262,mule,2026-09-09T10:59:00,0
AC004263,beneficiary,2026-09-09T11:11:00,0
AC004264,victim,2026-09-29T08:29:00,0
AC004265,mule,2026-09-29T08:29:00,0
AC004266,mule,2026-09-29T08:46:00,0
AC004267,mule,2026-09-29T08:54:00,0
AC004268,beneficiary,2026-09-29T09:04:00,0
AC004269,victim,2026-09-22T23:54:00,0
AC004270,victim,2026-09-30T06:28:00,0
AC004271,mule,2026-09-30T06:28:00,0
AC004272,beneficiary,2026-09-30T06:40:00,0
AC004273,victim,2026-09-30T04:16:00,0
AC004274,mule,2026-09-30T04:16:00,0
AC004275,beneficiary,2026-09-30T04:33:00,0
AC004276,victim,2026-09-05T05:14:00,0
AC004277,mule,2026-09-05T05:14:00,0
AC004278,mule,2026-09-05T05:14:00,0
AC004279,mule,2026-09-05T05:34:00,0
AC004280,beneficiary,2026-09-05T06:12:00,0
AC004281,victim,2026-09-22T23:14:00,0
AC004282,beneficiary,2026-09-22T23:14:00,0
AC004283,victim,2026-09-29T10:19:00,0
AC004284,beneficiary,2026-09-29T10:19:00,0
AC004285,victim,2026-09-02T05:13:00,0
AC004286,mule,2026-09-02T05:13:00,0
AC004287,mule,2026-09-02T05:14:00,0
AC004288,beneficiary,2026-09-02T05:26:00,0
AC004289,victim,2026-09-25T04:13:00,0
AC004290,mule,2026-09-25T04:13:00,0
AC004291,beneficiary,2026-09-25T04:20:00,0
AC004292,victim,2026-09-10T06:31:00,0
AC004293,mule,2026-09-10T06:31:00,0
AC004294,beneficiary,2026-09-10T06:56:00,0
AC004295,victim,2026-09-06T13:02:00,0
AC004296,mule,2026-09-06T13:02:00,0
AC004297,mule,2026-09-06T13:23:00,0
AC004298,beneficiary,2026-09-06T13:38:00,0
AC004299,victim,2026-09-13T21:02:00,0
AC004300,mule,2026-09-13T21:02:00,0
AC004301,beneficiary,2026-09-13T21:12:00,0
AC004302,victim,2026-09-08T22:15:00,0
AC004303,beneficiary,2026-09-08T22:15:00,0
AC004304,victim,2026-09-10T04:29:00,0
AC004305,mule,2026-09-10T04:29:00,0
AC004306,mule,2026-09-10T04:47:00,0
AC004307,mule,2026-09-10T05:14:00,0
AC004308,mule,2026-09-10T05:25:00,0
AC004309,beneficiary,2026-09-10T05:49:00,0
AC004310,victim,2026-09-13T08:47:00,0
AC004311,beneficiary,2026-09-13T08:47:00,0
AC004312,victim,2026-09-13T22:13:00,0
AC004313,mule,2026-09-13T22:13:00,0
AC004314,mule,2026-09-13T22:39:00,0
AC004315,mule,2026-09-13T22:46:00,0
AC004316,victim,2026-09-13T04:05:00,0
AC004317,beneficiary,2026-09-13T04:07:00,0
AC004318,victim,2026-09-11T21:24:00,0
AC004319,mule,2026-09-11T21:24:00,0
AC004320,beneficiary,2026-09-11T21:33:00,0
AC004321,victim,2026-09-01T18:06:00,0
AC004322,victim,2026-09-21T11:11:00,0
AC004323,mule,2026-09-21T11:11:00,0
AC004324,beneficiary,2026-09-21T11:23:00,0
AC004325,victim,2026-09-09T13:55:00,0
AC004326,mule,2026-09-09T13:55:00,0
AC004327,mule,2026-09-09T14:10:00,0
AC004328,beneficiary,2026-09-09T14:29:00,0
AC004329,victim,2026-09-18T20:56:00,0
AC004330,mule,2026-09-18T20:56:00,0
AC004331,beneficiary,2026-09-18T21:17:00,0
AC004332,victim,2026-09-30T05:33:00,0
AC004333,beneficiary,2026-09-30T05:33:00,0
AC004334,victim,2026-09-02T14:29:00,0
AC004335,mule,2026-09-02T14:29:00,0
AC004336,beneficiary,2026-09-02T14:30:00,0
AC004337,victim,2026-09-25T16:00:00,0
AC004338,beneficiary,2026-09-25T16:00:00,0
AC004339,victim,2026-09-25T13:09:00,0
AC004340,mule,2026-09-25T13:09:00,0
AC004341,beneficiary,2026-09-25T13:27:00,0
AC004342,victim,2026-09-28T15:00:00,0
AC004343,mule,2026-09-28T15:00:00,0
AC004344,beneficiary,2026-09-28T15:18:00,0
AC004345,victim,2026-09-28T21:17:00,0
AC004346,mule,2026-09-28T21:17:00,0
AC004347,mule,2026-09-28T21:46:00,0
AC004348,mule,2026-09-28T21:53:00,0
AC004349,beneficiary,2026-09-28T22:18:00,0
AC004350,victim,2026-09-06T10:24:00,0
AC004351,beneficiary,2026-09-06T10:52:00,0
AC004352,victim,2026-09-28T12:21:00,0
AC004353,beneficiary,2026-09-28T12:27:00,0
AC004354,victim,2026-09-28T14:03:00,0
AC004355,mule,2026-09-28T14:03:00,0
AC004356,beneficiary,2026-09-28T14:27:00,0
AC004357,victim,2026-09-27T14:55:00,0
AC004358,beneficiary,2026-09-27T14:55:00,0
AC004359,victim,2026-09-06T08:41:00,0
AC004360,beneficiary,2026-09-06T08:41:00,0
AC004361,victim,2026-09-29T16:33:00,0
AC004362,mule,2026-09-29T16:33:00,0
AC004363,beneficiary,2026-09-29T16:58:00,0
AC004364,victim,2026-09-18T14:41:00,0
AC004365,mule,2026-09-18T14:41:00,0
AC004366,beneficiary,2026-09-18T15:02:00,0
AC004367,victim,2026-09-11T00:46:00,0
AC004368,mule,2026-09-11T00:46:00,0
AC004369,mule,2026-09-11T01:16:00,0
AC004370,beneficiary,2026-09-11T01:30:00,0
AC004371,victim,2026-09-21T16:16:00,0
AC004372,mule,2026-09-21T16:16:00,0
AC004373,beneficiary,2026-09-21T16:26:00,0
AC004374,victim,2026-09-25T11:56:00,0
AC004375,mule,2026-09-25T11:56:00,0
AC004376,beneficiary,2026-09-25T12:03:00,0
AC004377,victim,2026-09-19T10:58:00,0
AC004378,beneficiary,2026-09-19T10:58:00,0
AC004379,victim,2026-09-19T19:22:00,0
AC004380,beneficiary,2026-09-19T19:22:00,0
AC004381,victim,2026-09-09T17:09:00,0
AC004382,mule,2026-09-09T17:09:00,0
AC004383,beneficiary,2026-09-09T17:34:00,0
AC004384,victim,2026-10-01T03:57:00,0
AC004385,mule,2026-10-01T03:57:00,0
AC004386,mule,2026-10-01T04:27:00,0
AC004387,beneficiary,2026-10-01T04:51:00,0
AC004388,victim,2026-09-01T19:29:00,0
AC004389,mule,2026-09-01T19:29:00,0
AC004390,beneficiary,2026-09-01T19:34:00,0
AC004391,victim,2026-09-09T21:05:00,0
AC004392,beneficiary,2026-09-09T21:05:00,0
AC004393,victim,2026-09-22T11:26:00,0
AC004394,beneficiary,2026-09-22T11:26:00,0
AC004395,victim,2026-09-02T00:13:00,0
AC004396,mule,2026-09-02T00:13:00,0
AC004397,beneficiary,2026-09-02T00:41:00,0
AC004398,victim,2026-09-07T09:55:00,0
AC004399,mule,2026-09-07T09:55:00,0
AC004400,victim,2026-09-29T13:48:00,0
AC004401,mule,2026-09-29T13:48:00,0
AC004402,beneficiary,2026-09-29T14:18:00,0
AC004403,victim,2026-09-29T19:53:00,0
AC004404,mule,2026-09-29T19:53:00,0
AC004405,mule,2026-09-29T20:22:00,0
AC004406,beneficiary,2026-09-29T20:37:00,0
AC004407,victim,2026-09-08T16:26:00,0
AC004408,beneficiary,2026-09-08T16:26:00,0
AC004409,victim,2026-09-30T11:37:00,0
AC004410,mule,2026-09-30T11:37:00,0
AC004411,mule,2026-09-30T11:48:00,0
AC004412,beneficiary,2026-09-30T11:50:00,0
AC004413,victim,2026-09-10T01:13:00,0
AC004414,mule,2026-09-10T01:13:00,0
AC004415,beneficiary,2026-09-10T01:36:00,0
AC004416,victim,2026-09-23T16:54:00,0
AC004417,mule,2026-09-23T16:54:00,0
AC004418,mule,2026-09-23T17:11:00,0
AC004419,mule,2026-09-23T17:35:00,0
AC004420,beneficiary,2026-09-23T17:37:00,0
AC004421,victim,2026-09-26T14:47:00,0
AC004422,mule,2026-09-26T14:47:00,0
AC004423,beneficiary,2026-09-26T15:17:00,0
AC004424,victim,2026-09-26T15:51:00,0
AC004425,beneficiary,2026-09-26T15:51:00,0
AC004426,victim,2026-09-29T10:16:00,0
AC004427,beneficiary,2026-09-29T10:16:00,0
AC004428,victim,2026-09-12T10:30:00,0
AC004429,mule,2026-09-12T10:30:00,0
AC004430,beneficiary,2026-09-12T10:33:00,0
AC004431,victim,2026-09-02T08:21:00,0
AC004432,mule,2026-09-02T08:21:00,0
AC004433,beneficiary,2026-09-02T08:26:00,0
AC004434,victim,2026-09-25T13:27:00,0
AC004435,mule,2026-09-25T13:27:00,0
AC004436,victim,2026-09-07T06:20:00,0
AC004437,mule,2026-09-07T06:20:00,0
AC004438,beneficiary,2026-09-07T06:34:00,0
AC004439,victim,2026-09-26T15:54:00,0
AC004440,mule,2026-09-26T15:54:00,0
AC004441,mule,2026-09-26T16:15:00,0
AC004442,beneficiary,2026-09-26T16:34:00,0
AC004443,victim,2026-09-18T23:45:00,0
AC004444,mule,2026-09-18T23:45:00,0
AC004445,beneficiary,2026-09-18T23:53:00,0
AC004446,victim,2026-09-02T17:19:00,0
AC004447,mule,2026-09-02T17:19:00,0
AC004448,mule,2026-09-02T17:43:00,0
AC004449,beneficiary,2026-09-02T17:58:00,0
AC004450,victim,2026-09-07T12:16:00,0
AC004451,mule,2026-09-07T12:16:00,0
AC004452,beneficiary,2026-09-07T12:25:00,0
AC004453,victim,2026-09-07T06:28:00,0
AC004454,mule,2026-09-07T06:28:00,0
AC004455,beneficiary,2026-09-07T06:52:00,0
AC004456,victim,2026-09-07T03:42:00,0
AC004457,victim,2026-09-25T09:53:00,0
AC004458,mule,2026-09-25T09:53:00,0
AC004459,beneficiary,2026-09-25T10:30:00,0
AC004460,victim,2026-09-28T22:26:00,0
AC004461,beneficiary,2026-09-28T22:26:00,0
AC004462,victim,2026-09-19T02:37:00,0
AC004463,mule,2026-09-19T02:48:00,0
AC004464,beneficiary,2026-09-19T03:09:00,0
AC004465,victim,2026-09-16T05:46:00,0
AC004466,mule,2026-09-16T05:46:00,0
AC004467,mule,2026-09-16T05:46:00,0
AC004468,beneficiary,2026-09-16T06:05:00,0
AC004469,victim,2026-09-28T10:12:00,0
AC004470,mule,2026-09-28T10:12:00,0
AC004471,beneficiary,2026-09-28T10:27:00,0
AC004472,victim,2026-09-02T15:17:00,0
AC004473,mule,2026-09-02T15:17:00,0
AC004474,mule,2026-09-02T15:37:00,0
AC004475,victim,2026-09-01T10:46:00,0
AC004476,beneficiary,2026-09-01T10:46:00,0
AC004477,victim,2026-09-27T06:51:00,0
AC004478,mule,2026-09-27T06:51:00,0
AC004479,beneficiary,2026-09-27T07:00:00,0
AC004480,victim,2026-09-17T21:04:00,0
AC004481,mule,2026-09-17T21:04:00,0
AC004482,mule,2026-09-17T21:26:00,0
AC004483,mule,2026-09-17T21:36:00,0
AC004484,mule,2026-09-17T22:05:00,0
AC004485,beneficiary,2026-09-17T22:34:00,0
AC004486,victim,2026-09-26T10:49:00,0
AC004487,mule,2026-09-26T10:49:00,0
AC004488,beneficiary,2026-09-26T11:04:00,0
AC004489,victim,2026-09-23T00:23:00,0
AC004490,mule,2026-09-23T00:23:00,0
AC004491,mule,2026-09-23T00:23:00,0
AC004492,beneficiary,2026-09-23T00:28:00,0
AC004493,victim,2026-09-23T01:15:00,0
AC004494,beneficiary,2026-09-23T01:15:00,0
AC004495,victim,2026-09-19T05:12:00,0
AC004496,mule,2026-09-19T05:12:00,0
AC004497,beneficiary,2026-09-19T05:26:00,0
AC004498,victim,2026-09-12T02:17:00,0
AC004499,mule,2026-09-12T02:17:00,0
AC004500,beneficiary,2026-09-12T02:17:00,0
AC004501,victim,2026-09-23T18:16:00,0
AC004502,mule,2026-09-23T18:16:00,0
AC004503,mule,2026-09-23T18:44:00,0
AC004504,mule,2026-09-23T18:59:00,0
AC004505,mule,2026-09-23T19:26:00,0
AC004506,beneficiary,2026-09-23T19:34:00,0
AC004507,victim,2026-09-04T09:50:00,0
AC004508,beneficiary,2026-09-04T09:50:00,0
AC004509,victim,2026-09-29T17:07:00,0
AC004510,mule,2026-09-29T17:07:00,0
AC004511,mule,2026-09-29T17:21:00,0
AC004512,beneficiary,2026-09-29T17:23:00,0
AC004513,victim,2026-09-01T09:46:00,0
AC004514,mule,2026-09-01T10:11:00,0
AC004515,beneficiary,2026-09-01T10:21:00,0
AC004516,victim,2026-09-14T18:57:00,0
AC004517,mule,2026-09-14T18:57:00,0
AC004518,beneficiary,2026-09-14T19:18:00,0
AC004519,victim,2026-09-20T19:20:00,0
AC004520,beneficiary,2026-09-20T19:20:00,0
AC004521,victim,2026-09-27T08:36:00,0
AC004522,mule,2026-09-27T08:36:00,0
AC004523,mule,2026-09-27T09:14:00,0
AC004524,beneficiary,2026-09-27T09:40:00,0
AC004525,victim,2026-09-28T10:19:00,0
AC004526,mule,2026-09-28T10:19:00,0
AC004527,mule,2026-09-28T10:32:00,0
AC004528,mule,2026-09-28T10:36:00,0
AC004529,victim,2026-09-12T16:40:00,0
AC004530,mule,2026-09-12T16:40:00,0
AC004531,beneficiary,2026-09-12T16:54:00,0
AC004532,victim,2026-09-23T21:37:00,0
AC004533,mule,2026-09-23T21:37:00,0
AC004534,mule,2026-09-23T21:49:00,0
AC004535,mule,2026-09-23T22:35:00,0
AC004536,beneficiary,2026-09-23T22:39:00,0
AC004537,victim,2026-09-04T18:08:00,0
AC004538,mule,2026-09-04T18:08:00,0
AC004539,beneficiary,2026-09-04T18:22:00,0
AC004540,victim,2026-09-10T00:35:00,0
AC004541,mule,2026-09-10T00:35:00,0
AC004542,beneficiary,2026-09-10T01:02:00,0
AC004543,victim,2026-09-19T11:45:00,0
AC004544,mule,2026-09-19T11:45:00,0
AC004545,beneficiary,2026-09-19T11:56:00,0
AC004546,victim,2026-09-16T04:01:00,0
AC004547,mule,2026-09-16T04:09:00,0
AC004548,beneficiary,2026-09-16T04:23:00,0
AC004549,victim,2026-09-17T07:27:00,0
AC004550,mule,2026-09-17T07:27:00,0
AC004551,beneficiary,2026-09-17T07:55:00,0
AC004552,victim,2026-09-10T10:11:00,0
AC004553,mule,2026-09-10T10:37:00,0
AC004554,beneficiary,2026-09-10T11:04:00,0
AC004555,victim,2026-09-08T06:04:00,0
AC004556,mule,2026-09-08T06:04:00,0
AC004557,mule,2026-09-08T06:09:00,0
AC004558,mule,2026-09-08T06:19:00,0
AC004559,beneficiary,2026-09-08T07:06:00,0
AC004560,victim,2026-09-22T21:30:00,0
AC004561,mule,2026-09-22T21:30:00,0
AC004562,beneficiary,2026-09-22T21:38:00,0
AC004563,victim,2026-09-15T17:05:00,0
AC004564,mule,2026-09-15T17:05:00,0
AC004565,mule,2026-09-15T17:29:00,0
AC004566,beneficiary,2026-09-15T17:44:00,0
AC004567,victim,2026-09-27T20:24:00,0
AC004568,mule,2026-09-27T20:24:00,0
AC004569,mule,2026-09-27T20:37:00,0
AC004570,beneficiary,2026-09-27T20:56:00,0
AC004571,victim,2026-09-16T08:46:00,0
AC004572,mule,2026-09-16T08:46:00,0
AC004573,beneficiary,2026-09-16T09:13:00,0
AC004574,victim,2026-09-22T04:44:00,0
AC004575,mule,2026-09-22T04:44:00,0
AC004576,beneficiary,2026-09-22T05:10:00,0
AC004577,victim,2026-09-24T21:58:00,0
AC004578,beneficiary,2026-09-24T22:03:00,0
AC004579,victim,2026-09-29T14:09:00,0
AC004580,mule,2026-09-29T14:09:00,0
AC004581,beneficiary,2026-09-29T14:24:00,0
AC004582,victim,2026-09-10T23:20:00,0
AC004583,beneficiary,2026-09-10T23:20:00,0
AC004584,victim,2026-09-16T17:14:00,0
AC004585,mule,2026-09-16T17:14:00,0
AC004586,mule,2026-09-16T17:40:00,0
AC004587,mule,2026-09-16T18:09:00,0
AC004588,mule,2026-09-16T18:23:00,0
AC004589,beneficiary,2026-09-16T18:38:00,0
AC004590,victim,2026-09-02T21:13:00,0
AC004591,mule,2026-09-02T21:13:00,0
AC004592,victim,2026-09-20T09:32:00,0
AC004593,mule,2026-09-20T09:32:00,0
AC004594,mule,2026-09-20T09:48:00,0
AC004595,beneficiary,2026-09-20T10:16:00,0
AC004596,victim,2026-09-26T15:17:00,0
AC004597,mule,2026-09-26T15:17:00,0
AC004598,beneficiary,2026-09-26T15:43:00,0
AC004599,victim,2026-09-08T02:51:00,0
AC004600,mule,2026-09-08T02:51:00,0
AC004601,beneficiary,2026-09-08T02:56:00,0
AC004602,victim,2026-09-25T19:50:00,0
AC004603,beneficiary,2026-09-25T19:50:00,0
AC004604,victim,2026-09-02T22:01:00,0
AC004605,mule,2026-09-02T22:01:00,0
AC004606,beneficiary,2026-09-02T22:08:00,0
AC004607,victim,2026-09-21T02:56:00,0
AC004608,mule,2026-09-21T02:56:00,0
AC004609,victim,2026-09-16T15:32:00,0
AC004610,mule,2026-09-16T15:32:00,0
AC004611,beneficiary,2026-09-16T15:46:00,0
AC004612,victim,2026-09-15T17:39:00,0
AC004613,mule,2026-09-15T17:39:00,0
AC004614,beneficiary,2026-09-15T17:41:00,0
AC004615,victim,2026-09-25T16:58:00,0
AC004616,beneficiary,2026-09-25T16:58:00,0
AC004617,victim,2026-09-03T11:45:00,0
AC004618,mule,2026-09-03T11:45:00,0
AC004619,mule,2026-09-03T11:48:00,0
AC004620,mule,2026-09-03T12:00:00,0
AC004621,mule,2026-09-03T12:18:00,0
AC004622,beneficiary,2026-09-03T12:32:00,0
AC004623,victim,2026-09-13T05:42:00,0
AC004624,mule,2026-09-13T05:42:00,0
AC004625,mule,2026-09-13T05:42:00,0
AC004626,mule,2026-09-13T05:55:00,0
AC004627,beneficiary,2026-09-13T06:51:00,0
AC004628,victim,2026-09-21T20:48:00,0
AC004629,mule,2026-09-21T20:48:00,0
AC004630,mule,2026-09-21T21:09:00,0
AC004631,mule,2026-09-21T21:25:00,0
AC004632,mule,2026-09-21T21:49:00,0
AC004633,beneficiary,2026-09-21T21:53:00,0
AC004634,victim,2026-09-18T05:14:00,0
AC004635,mule,2026-09-18T05:14:00,0
AC004636,beneficiary,2026-09-18T05:22:00,0
AC004637,victim,2026-09-12T20:05:00,0
AC004638,mule,2026-09-12T20:05:00,0
AC004639,mule,2026-09-12T20:28:00,0
AC004640,mule,2026-09-12T20:48:00,0
AC004641,beneficiary,2026-09-12T21:03:00,0
AC004642,victim,2026-09-04T18:01:00,0
AC004643,mule,2026-09-04T18:01:00,0
AC004644,mule,2026-09-04T18:03:00,0
AC004645,beneficiary,2026-09-04T18:06:00,0
AC004646,victim,2026-09-10T12:09:00,0
AC004647,beneficiary,2026-09-10T12:27:00,0
AC004648,victim,2026-09-02T14:17:00,0
AC004649,beneficiary,2026-09-02T14:17:00,0
AC004650,victim,2026-09-01T07:38:00,0
AC004651,mule,2026-09-01T07:38:00,0
AC004652,beneficiary,2026-09-01T07:46:00,0
AC004653,victim,2026-09-03T01:16:00,0
AC004654,mule,2026-09-03T01:16:00,0
AC004655,mule,2026-09-03T01:29:00,0
AC004656,beneficiary,2026-09-03T01:44:00,0
AC004657,victim,2026-09-13T19:33:00,0
AC004658,mule,2026-09-13T19:33:00,0
AC004659,mule,2026-09-13T19:52:00,0
AC004660,beneficiary,2026-09-13T20:43:00,0
AC004661,victim,2026-09-07T02:04:00,0
AC004662,mule,2026-09-07T02:04:00,0
AC004663,beneficiary,2026-09-07T02:29:00,0
AC004664,victim,2026-09-21T05:08:00,0
AC004665,beneficiary,2026-09-21T05:08:00,0
AC004666,victim,2026-09-16T20:56:00,0
AC004667,mule,2026-09-16T20:56:00,0
AC004668,mule,2026-09-16T21:25:00,0
AC004669,mule,2026-09-16T21:37:00,0
AC004670,beneficiary,2026-09-16T21:54:00,0
AC004671,victim,2026-09-05T01:24:00,0
AC004672,mule,2026-09-05T01:24:00,0
AC004673,beneficiary,2026-09-05T01:30:00,0
AC004674,victim,2026-09-10T23:22:00,0
AC004675,mule,2026-09-10T23:40:00,0
AC004676,mule,2026-09-10T23:54:00,0
AC004677,mule,2026-09-11T00:07:00,0
AC004678,beneficiary,2026-09-11T00:08:00,0
AC004679,victim,2026-09-16T00:31:00,0
AC004680,mule,2026-09-16T00:31:00,0
AC004681,beneficiary,2026-09-16T00:46:00,0
AC004682,victim,2026-09-19T16:47:00,0
AC004683,mule,2026-09-19T16:47:00,0
AC004684,beneficiary,2026-09-19T16:57:00,0
AC004685,victim,2026-09-04T12:45:00,0
AC004686,beneficiary,2026-09-04T12:45:00,0
AC004687,victim,2026-09-20T21:34:00,0
AC004688,mule,2026-09-20T22:03:00,0
AC004689,victim,2026-09-28T01:09:00,0
AC004690,beneficiary,2026-09-28T01:09:00,0
AC004691,victim,2026-09-13T21:30:00,0
AC004692,mule,2026-09-13T21:30:00,0
AC004693,mule,2026-09-13T21:48:00,0
AC004694,beneficiary,2026-09-13T21:53:00,0
AC004695,victim,2026-09-12T21:38:00,0
AC004696,mule,2026-09-12T21:38:00,0
AC004697,beneficiary,2026-09-12T21:41:00,0
AC004698,victim,2026-09-12T19:36:00,0
AC004699,mule,2026-09-12T19:36:00,0
AC004700,mule,2026-09-12T19:40:00,0
AC004701,beneficiary,2026-09-12T19:56:00,0
AC004702,victim,2026-09-20T19:01:00,0
AC004703,mule,2026-09-20T19:01:00,0
AC004704,beneficiary,2026-09-20T19:24:00,0
AC004705,victim,2026-09-29T16:45:00,0
AC004706,mule,2026-09-29T16:45:00,0
AC004707,beneficiary,2026-09-29T16:56:00,0
AC004708,victim,2026-09-13T10:11:00,0
AC004709,beneficiary,2026-09-13T10:11:00,0
AC004710,victim,2026-09-11T05:23:00,0
AC004711,mule,2026-09-11T05:23:00,0
AC004712,mule,2026-09-11T05:28:00,0
AC004713,mule,2026-09-11T05:52:00,0
AC004714,mule,2026-09-11T06:04:00,0
AC004715,beneficiary,2026-09-11T06:25:00,0
AC004716,victim,2026-09-18T22:04:00,0
AC004717,beneficiary,2026-09-18T22:04:00,0
AC004718,victim,2026-09-10T04:38:00,0
AC004719,mule,2026-09-10T04:38:00,0
AC004720,mule,2026-09-10T05:08:00,0
AC004721,beneficiary,2026-09-10T05:18:00,0
AC004722,victim,2026-09-28T02:41:00,0
AC004723,mule,2026-09-28T02:41:00,0
AC004724,mule,2026-09-28T03:05:00,0
AC004725,mule,2026-09-28T03:16:00,0
AC004726,victim,2026-09-22T19:43:00,0
AC004727,mule,2026-09-22T19:43:00,0
AC004728,beneficiary,2026-09-22T19:48:00,0
AC004729,victim,2026-09-13T18:28:00,0
AC004730,mule,2026-09-13T18:28:00,0
AC004731,beneficiary,2026-09-13T18:37:00,0
AC004732,victim,2026-09-27T13:29:00,0
AC004733,mule,2026-09-27T13:29:00,0
AC004734,mule,2026-09-27T13:41:00,0
AC004735,beneficiary,2026-09-27T13:47:00,0
AC004736,victim,2026-09-04T21:17:00,0
AC004737,mule,2026-09-04T21:17:00,0
AC004738,beneficiary,2026-09-04T21:29:00,0
AC004739,victim,2026-09-11T04:36:00,0
AC004740,beneficiary,2026-09-11T04:39:00,0
AC004741,victim,2026-09-02T19:00:00,0
AC004742,beneficiary,2026-09-02T19:00:00,0
AC004743,victim,2026-09-13T16:52:00,0
AC004744,victim,2026-09-26T00:38:00,0
AC004745,mule,2026-09-26T00:56:00,0
AC004746,mule,2026-09-26T00:57:00,0
AC004747,beneficiary,2026-09-26T01:26:00,0
AC004748,victim,2026-09-04T13:01:00,0
AC004749,mule,2026-09-04T13:01:00,0
AC004750,beneficiary,2026-09-04T13:31:00,0
AC004751,victim,2026-09-20T14:43:00,0
AC004752,beneficiary,2026-09-20T14:43:00,0
AC004753,victim,2026-09-05T04:22:00,0
AC004754,beneficiary,2026-09-05T04:22:00,0
AC004755,victim,2026-09-01T10:42:00,0
AC004756,beneficiary,2026-09-01T10:42:00,0
AC004757,victim,2026-09-04T16:00:00,0
AC004758,mule,2026-09-04T16:00:00,0
AC004759,mule,2026-09-04T16:11:00,0
AC004760,beneficiary,2026-09-04T16:38:00,0
AC004761,victim,2026-10-01T04:17:00,0
AC004762,mule,2026-10-01T04:17:00,0
AC004763,victim,2026-09-28T09:52:00,0
AC004764,mule,2026-09-28T10:00:00,0
AC004765,beneficiary,2026-09-28T10:10:00,0
AC004766,victim,2026-09-22T11:35:00,0
AC004767,mule,2026-09-22T11:35:00,0
AC004768,beneficiary,2026-09-22T12:04:00,0
AC004769,victim,2026-09-16T18:10:00,0
AC004770,mule,2026-09-16T18:10:00,0
AC004771,beneficiary,2026-09-16T18:39:00,0
AC004772,victim,2026-09-18T23:40:00,0
AC004773,mule,2026-09-18T23:40:00,0
AC004774,mule,2026-09-18T23:40:00,0
AC004775,victim,2026-09-24T10:13:00,0
AC004776,mule,2026-09-24T10:27:00,0
AC004777,beneficiary,2026-09-24T10:27:00,0
AC004778,victim,2026-09-19T19:15:00,0
AC004779,mule,2026-09-19T19:15:00,0
AC004780,mule,2026-09-19T19:18:00,0
AC004781,mule,2026-09-19T19:39:00,0
AC004782,beneficiary,2026-09-19T19:43:00,0
AC004783,victim,2026-09-10T00:22:00,0
AC004784,mule,2026-09-10T00:22:00,0
AC004785,mule,2026-09-10T00:23:00,0
AC004786,beneficiary,2026-09-10T00:24:00,0
AC004787,victim,2026-09-10T02:09:00,0
AC004788,mule,2026-09-10T02:09:00,0
AC004789,mule,2026-09-10T02:29:00,0
AC004790,beneficiary,2026-09-10T02:29:00,0
AC004791,victim,2026-09-25T20:18:00,0
AC004792,mule,2026-09-25T20:18:00,0
AC004793,beneficiary,2026-09-25T20:21:00,0
AC004794,victim,2026-09-05T14:25:00,0
AC004795,mule,2026-09-05T14:25:00,0
AC004796,beneficiary,2026-09-05T14:50:00,0
AC004797,victim,2026-09-11T09:52:00,0
AC004798,beneficiary,2026-09-11T09:52:00,0
AC004799,victim,2026-09-07T21:22:00,0
AC004800,mule,2026-09-07T21:22:00,0
AC004801,beneficiary,2026-09-07T21:51:00,0
AC004802,victim,2026-09-28T05:00:00,0
AC004803,mule,2026-09-28T05:00:00,0
AC004804,mule,2026-09-28T05:05:00,0
AC004805,mule,2026-09-28T05:24:00,0
AC004806,mule,2026-09-28T05:25:00,0
AC004807,victim,2026-09-18T03:30:00,0
AC004808,mule,2026-09-18T03:30:00,0
AC004809,mule,2026-09-18T03:34:00,0
AC004810,beneficiary,2026-09-18T04:03:00,0
AC004811,victim,2026-09-14T00:13:00,0
AC004812,mule,2026-09-14T00:13:00,0
AC004813,mule,2026-09-14T00:32:00,0
AC004814,beneficiary,2026-09-14T00:59:00,0
AC004815,victim,2026-09-09T15:10:00,0
AC004816,mule,2026-09-09T15:10:00,0
AC004817,beneficiary,2026-09-09T15:19:00,0
AC004818,victim,2026-09-19T09:04:00,0
AC004819,mule,2026-09-19T09:04:00,0
AC004820,mule,2026-09-19T09:13:00,0
AC004821,beneficiary,2026-09-19T09:39:00,0
AC004822,victim,2026-09-11T08:04:00,0
AC004823,mule,2026-09-11T08:04:00,0
AC004824,mule,2026-09-11T08:13:00,0
AC004825,beneficiary,2026-09-11T08:20:00,0
AC004826,victim,2026-09-28T18:55:00,0
AC004827,mule,2026-09-28T18:55:00,0
AC004828,beneficiary,2026-09-28T19:17:00,0
AC004829,victim,2026-09-19T18:50:00,0
AC004830,beneficiary,2026-09-19T18:50:00,0
AC004831,victim,2026-09-19T06:46:00,0
AC004832,mule,2026-09-19T06:46:00,0
AC004833,beneficiary,2026-09-19T06:52:00,0
AC004834,victim,2026-09-20T06:33:00,0
AC004835,victim,2026-09-01T08:15:00,0
AC004836,beneficiary,2026-09-01T08:15:00,0
AC004837,victim,2026-09-14T00:40:00,0
AC004838,mule,2026-09-14T00:40:00,0
AC004839,victim,2026-09-07T11:19:00,0
AC004840,mule,2026-09-07T11:19:00,0
AC004841,mule,2026-09-07T11:33:00,0
AC004842,beneficiary,2026-09-07T11:50:00,0
AC004843,victim,2026-09-06T15:10:00,0
AC004844,beneficiary,2026-09-06T15:10:00,0
AC004845,victim,2026-09-03T21:48:00,0
AC004846,mule,2026-09-03T21:48:00,0
AC004847,mule,2026-09-03T22:41:00,0
AC004848,mule,2026-09-03T23:07:00,0
AC004849,beneficiary,2026-09-03T23:08:00,0
AC004850,victim,2026-09-21T08:33:00,0
AC004851,mule,2026-09-21T08:33:00,0
AC004852,mule,2026-09-21T08:53:00,0
AC004853,beneficiary,2026-09-21T09:00:00,0
AC004854,victim,2026-09-30T04:25:00,0
AC004855,mule,2026-09-30T04:25:00,0
AC004856,mule,2026-09-30T04:38:00,0
AC004857,mule,2026-09-30T04:40:00,0
AC004858,beneficiary,2026-09-30T04:44:00,0
AC004859,victim,2026-09-26T22:41:00,0
AC004860,mule,2026-09-26T22:41:00,0
AC004861,mule,2026-09-26T22:47:00,0
AC004862,beneficiary,2026-09-26T22:58:00,0
AC004863,victim,2026-09-23T20:46:00,0
AC004864,mule,2026-09-23T20:46:00,0
AC004865,beneficiary,2026-09-23T20:56:00,0
AC004866,victim,2026-09-20T17:27:00,0
AC004867,mule,2026-09-20T17:27:00,0
AC004868,beneficiary,2026-09-20T17:54:00,0
AC004869,victim,2026-09-12T13:52:00,0
AC004870,mule,2026-09-12T13:52:00,0
AC004871,mule,2026-09-12T14:16:00,0
AC004872,beneficiary,2026-09-12T14:29:00,0
AC004873,victim,2026-09-06T17:24:00,0
AC004874,mule,2026-09-06T17:24:00,0
AC004875,mule,2026-09-06T17:34:00,0
AC004876,mule,2026-09-06T17:52:00,0
AC004877,beneficiary,2026-09-06T18:05:00,0
AC004878,victim,2026-09-20T06:26:00,0
AC004879,mule,2026-09-20T06:26:00,0
AC004880,mule,2026-09-20T06:49:00,0
AC004881,mule,2026-09-20T07:08:00,0
AC004882,beneficiary,2026-09-20T07:14:00,0
AC004883,victim,2026-09-18T03:30:00,0
AC004884,beneficiary,2026-09-18T03:30:00,0
AC004885,victim,2026-09-27T01:34:00,0
AC004886,mule,2026-09-27T01:43:00,0
AC004887,beneficiary,2026-09-27T01:49:00,0
AC004888,victim,2026-09-08T08:27:00,0
AC004889,mule,2026-09-08T08:27:00,0
AC004890,beneficiary,2026-09-08T08:49:00,0
AC004891,victim,2026-09-20T15:40:00,0
AC004892,victim,2026-09-18T21:28:00,0
AC004893,mule,2026-09-18T21:28:00,0
AC004894,beneficiary,2026-09-18T21:52:00,0
AC004895,victim,2026-09-30T07:00:00,0
AC004896,beneficiary,2026-09-30T07:20:00,0
AC004897,victim,2026-09-13T23:45:00,0
AC004898,mule,2026-09-13T23:45:00,0
AC004899,beneficiary,2026-09-14T00:04:00,0
AC004900,victim,2026-09-19T01:37:00,0
AC004901,mule,2026-09-19T01:37:00,0
AC004902,mule,2026-09-19T01:53:00,0
AC004903,mule,2026-09-19T01:54:00,0
AC004904,beneficiary,2026-09-19T02:17:00,0
AC004905,victim,2026-09-24T09:55:00,0
AC004906,mule,2026-09-24T09:55:00,0
AC004907,mule,2026-09-24T10:05:00,0
AC004908,mule,2026-09-24T10:25:00,0
AC004909,beneficiary,2026-09-24T10:45:00,0
AC004910,victim,2026-09-19T14:31:00,0
AC004911,mule,2026-09-19T14:31:00,0
AC004912,beneficiary,2026-09-19T14:34:00,0
AC004913,victim,2026-09-25T05:45:00,0
AC004914,mule,2026-09-25T05:45:00,0
AC004915,victim,2026-09-18T18:56:00,0
AC004916,mule,2026-09-18T18:56:00,0
AC004917,mule,2026-09-18T19:12:00,0
AC004918,beneficiary,2026-09-18T19:40:00,0
AC004919,victim,2026-09-21T06:18:00,0
AC004920,mule,2026-09-21T06:18:00,0
AC004921,mule,2026-09-21T06:48:00,0
AC004922,mule,2026-09-21T07:06:00,0
AC004923,beneficiary,2026-09-21T07:18:00,0
AC004924,victim,2026-09-25T19:11:00,0
AC004925,mule,2026-09-25T19:11:00,0
AC004926,mule,2026-09-25T19:30:00,0
AC004927,beneficiary,2026-09-25T19:40:00,0
AC004928,victim,2026-09-12T20:34:00,0
AC004929,mule,2026-09-12T20:34:00,0
AC004930,mule,2026-09-12T20:56:00,0
AC004931,beneficiary,2026-09-12T21:00:00,0
AC004932,victim,2026-09-25T14:32:00,0
AC004933,beneficiary,2026-09-25T14:32:00,0
AC004934,victim,2026-09-06T12:39:00,0
AC004935,mule,2026-09-06T12:39:00,0
AC004936,beneficiary,2026-09-06T12:43:00,0
AC004937,victim,2026-09-04T13:56:00,0
AC004938,mule,2026-09-04T13:56:00,0
AC004939,mule,2026-09-04T14:05:00,0
AC004940,beneficiary,2026-09-04T14:33:00,0
AC004941,victim,2026-09-20T16:36:00,0
AC004942,beneficiary,2026-09-20T16:58:00,0
AC004943,victim,2026-09-18T10:28:00,0
AC004944,beneficiary,2026-09-18T10:28:00,0
AC004945,victim,2026-09-07T13:10:00,0
AC004946,mule,2026-09-07T13:10:00,0
AC004947,mule,2026-09-07T13:29:00,0
AC004948,beneficiary,2026-09-07T13:34:00,0
AC004949,victim,2026-09-14T04:45:00,0
AC004950,mule,2026-09-14T04:55:00,0
AC004951,victim,2026-09-27T06:34:00,0
AC004952,mule,2026-09-27T06:34:00,0
AC004953,beneficiary,2026-09-27T06:53:00,0
AC004954,victim,2026-09-05T07:29:00,0
AC004955,mule,2026-09-05T07:29:00,0
AC004956,mule,2026-09-05T07:44:00,0
AC004957,beneficiary,2026-09-05T07:56:00,0
AC004958,victim,2026-09-10T16:49:00,0
AC004959,beneficiary,2026-09-10T16:49:00,0
AC004960,victim,2026-09-08T19:48:00,0
AC004961,victim,2026-09-26T17:05:00,0
AC004962,beneficiary,2026-09-26T17:05:00,0
AC004963,victim,2026-09-15T19:49:00,0
AC004964,mule,2026-09-15T19:49:00,0
AC004965,mule,2026-09-15T20:13:00,0
AC004966,victim,2026-09-06T10:28:00,0
AC004967,mule,2026-09-06T10:28:00,0
AC004968,mule,2026-09-06T10:33:00,0
AC004969,victim,2026-09-11T06:58:00,0
AC004970,mule,2026-09-11T07:10:00,0
AC004971,mule,2026-09-11T07:30:00,0
AC004972,beneficiary,2026-09-11T07:55:00,0
AC004973,victim,2026-09-22T02:15:00,0
AC004974,mule,2026-09-22T02:15:00,0
AC004975,mule,2026-09-22T03:02:00,0
AC004976,beneficiary,2026-09-22T03:38:00,0
AC004977,victim,2026-09-15T06:52:00,0
AC004978,beneficiary,2026-09-15T06:52:00,0
AC004979,victim,2026-09-24T10:03:00,0
AC004980,mule,2026-09-24T10:03:00,0
AC004981,beneficiary,2026-09-24T10:07:00,0
AC004982,victim,2026-09-08T14:21:00,0
AC004983,beneficiary,2026-09-08T14:21:00,0
AC004984,victim,2026-09-21T14:50:00,0
AC004985,mule,2026-09-21T14:50:00,0
AC004986,mule,2026-09-21T15:00:00,0
AC004987,beneficiary,2026-09-21T15:29:00,0
AC004988,victim,2026-09-22T22:35:00,0
AC004989,beneficiary,2026-09-22T22:35:00,0
AC004990,victim,2026-09-25T11:18:00,0
AC004991,mule,2026-09-25T11:18:00,0
AC004992,mule,2026-09-25T11:47:00,0
AC004993,beneficiary,2026-09-25T12:01:00,0
AC004994,victim,2026-09-19T07:03:00,0
AC004995,mule,2026-09-19T07:03:00,0
AC004996,mule,2026-09-19T07:05:00,0
AC004997,beneficiary,2026-09-19T07:43:00,0
AC004998,victim,2026-09-29T18:15:00,0
AC004999,beneficiary,2026-09-29T18:15:00,0
AC005000,victim,2026-09-29T17:16:00,0
AC005001,mule,2026-09-29T17:16:00,0
AC005002,mule,2026-09-29T17:40:00,0
AC005003,beneficiary,2026-09-29T18:00:00,0
AC005004,victim,2026-09-18T17:54:00,0
AC005005,beneficiary,2026-09-18T17:54:00,0
AC005006,victim,2026-09-20T12:32:00,0
AC005007,mule,2026-09-20T12:32:00,0
AC005008,beneficiary,2026-09-20T12:47:00,0
AC005009,victim,2026-09-28T10:41:00,0
AC005010,mule,2026-09-28T10:41:00,0
AC005011,beneficiary,2026-09-28T11:04:00,0
AC005012,victim,2026-09-04T05:38:00,0
AC005013,mule,2026-09-04T05:38:00,0
AC005014,beneficiary,2026-09-04T05:55:00,0
AC005015,victim,2026-09-17T07:45:00,0
AC005016,mule,2026-09-17T07:45:00,0
AC005017,beneficiary,2026-09-17T08:11:00,0
AC005018,victim,2026-09-17T20:35:00,0
AC005019,mule,2026-09-17T20:35:00,0
AC005020,beneficiary,2026-09-17T21:03:00,0
AC005021,victim,2026-09-20T20:21:00,0
AC005022,mule,2026-09-20T20:21:00,0
AC005023,beneficiary,2026-09-20T20:45:00,0
AC005024,victim,2026-09-08T18:25:00,0
AC005025,mule,2026-09-08T18:25:00,0
AC005026,mule,2026-09-08T18:30:00,0
AC005027,beneficiary,2026-09-08T18:52:00,0
AC005028,victim,2026-09-29T20:54:00,0
AC005029,mule,2026-09-29T20:54:00,0
AC005030,mule,2026-09-29T20:56:00,0
AC005031,mule,2026-09-29T21:34:00,0
AC005032,beneficiary,2026-09-29T21:54:00,0
AC005033,victim,2026-09-07T14:07:00,0
AC005034,mule,2026-09-07T14:07:00,0
AC005035,beneficiary,2026-09-07T14:28:00,0
AC005036,victim,2026-09-06T07:58:00,0
AC005037,mule,2026-09-06T07:58:00,0
AC005038,beneficiary,2026-09-06T08:06:00,0
AC005039,victim,2026-09-16T21:40:00,0
AC005040,mule,2026-09-16T21:40:00,0
AC005041,mule,2026-09-16T21:56:00,0
AC005042,beneficiary,2026-09-16T22:17:00,0
AC005043,victim,2026-09-04T19:37:00,0
AC005044,mule,2026-09-04T19:37:00,0
AC005045,beneficiary,2026-09-04T19:47:00,0
AC005046,victim,2026-09-20T04:05:00,0
AC005047,beneficiary,2026-09-20T04:05:00,0
AC005048,victim,2026-09-08T20:10:00,0
AC005049,mule,2026-09-08T20:10:00,0
AC005050,beneficiary,2026-09-08T20:23:00,0
AC005051,victim,2026-09-03T22:40:00,0
AC005052,victim,2026-09-23T17:39:00,0
AC005053,mule,2026-09-23T18:02:00,0
AC005054,beneficiary,2026-09-23T18:06:00,0
AC005055,victim,2026-09-26T13:21:00,0
AC005056,mule,2026-09-26T13:21:00,0
AC005057,beneficiary,2026-09-26T13:48:00,0
AC005058,victim,2026-09-03T08:27:00,0
AC005059,mule,2026-09-03T08:27:00,0
AC005060,mule,2026-09-03T08:34:00,0
AC005061,beneficiary,2026-09-03T08:38:00,0
AC005062,victim,2026-09-14T13:49:00,0
AC005063,mule,2026-09-14T13:49:00,0
AC005064,mule,2026-09-14T14:17:00,0
AC005065,mule,2026-09-14T14:39:00,0
AC005066,mule,2026-09-14T14:46:00,0
AC005067,beneficiary,2026-09-14T14:57:00,0
AC005068,victim,2026-09-30T11:47:00,0
AC005069,beneficiary,2026-09-30T11:47:00,0
AC005070,victim,2026-09-04T04:09:00,0
AC005071,mule,2026-09-04T04:09:00,0
AC005072,mule,2026-09-04T04:35:00,0
AC005073,beneficiary,2026-09-04T04:54:00,0
AC005074,victim,2026-09-27T01:32:00,0
AC005075,mule,2026-09-27T01:32:00,0
AC005076,mule,2026-09-27T01:46:00,0
AC005077,beneficiary,2026-09-27T01:49:00,0
AC005078,victim,2026-09-04T22:26:00,0
AC005079,beneficiary,2026-09-04T22:26:00,0
AC005080,victim,2026-09-12T08:33:00,0
AC005081,mule,2026-09-12T08:33:00,0
AC005082,mule,2026-09-12T09:01:00,0
AC005083,beneficiary,2026-09-12T09:10:00,0
AC005084,victim,2026-09-13T15:18:00,0
AC005085,beneficiary,2026-09-13T15:18:00,0
AC005086,victim,2026-09-20T13:04:00,0
AC005087,beneficiary,2026-09-20T13:30:00,0
AC005088,victim,2026-09-05T19:49:00,0
AC005089,beneficiary,2026-09-05T19:49:00,0
AC005090,victim,2026-09-10T05:09:00,0
AC005091,mule,2026-09-10T05:09:00,0
AC005092,mule,2026-09-10T05:33:00,0
AC005093,beneficiary,2026-09-10T05:59:00,0
AC005094,victim,2026-09-22T10:50:00,0
AC005095,mule,2026-09-22T10:50:00,0
AC005096,beneficiary,2026-09-22T11:03:00,0
AC005097,victim,2026-09-22T19:36:00,0
AC005098,beneficiary,2026-09-22T19:36:00,0
AC005099,victim,2026-09-22T03:06:00,0
AC005100,mule,2026-09-22T03:34:00,0
AC005101,beneficiary,2026-09-22T03:59:00,0
AC005102,victim,2026-09-06T11:29:00,0
AC005103,mule,2026-09-06T11:29:00,0
AC005104,mule,2026-09-06T11:36:00,0
AC005105,beneficiary,2026-09-06T11:57:00,0
AC005106,victim,2026-09-19T12:47:00,0
AC005107,mule,2026-09-19T12:47:00,0
AC005108,beneficiary,2026-09-19T12:58:00,0
AC005109,victim,2026-09-08T19:10:00,0
AC005110,mule,2026-09-08T19:10:00,0
AC005111,beneficiary,2026-09-08T19:40:00,0
AC005112,victim,2026-09-14T18:14:00,0
AC005113,mule,2026-09-14T18:14:00,0
AC005114,beneficiary,2026-09-14T18:17:00,0
AC005115,victim,2026-09-20T10:23:00,0
AC005116,mule,2026-09-20T10:23:00,0
AC005117,beneficiary,2026-09-20T10:49:00,0
AC005118,victim,2026-09-01T09:15:00,0
AC005119,mule,2026-09-01T09:15:00,0
AC005120,beneficiary,2026-09-01T09:34:00,0
AC005121,victim,2026-09-06T10:05:00,0
AC005122,beneficiary,2026-09-06T10:05:00,0
AC005123,victim,2026-09-07T20:32:00,0
AC005124,mule,2026-09-07T20:32:00,0
AC005125,beneficiary,2026-09-07T20:48:00,0
AC005126,victim,2026-09-30T22:09:00,0
AC005127,mule,2026-09-30T22:09:00,0
AC005128,mule,2026-09-30T22:25:00,0
AC005129,beneficiary,2026-09-30T22:40:00,0
AC005130,victim,2026-09-19T20:58:00,0
AC005131,mule,2026-09-19T20:58:00,0
AC005132,beneficiary,2026-09-19T21:01:00,0
AC005133,victim,2026-09-19T19:34:00,0
AC005134,beneficiary,2026-09-19T19:34:00,0
AC005135,victim,2026-09-28T22:58:00,0
AC005136,mule,2026-09-28T22:58:00,0
AC005137,mule,2026-09-28T23:30:00,0
AC005138,beneficiary,2026-09-29T00:00:00,0
AC005139,victim,2026-09-09T19:55:00,0
AC005140,mule,2026-09-09T19:55:00,0
AC005141,mule,2026-09-09T20:17:00,0
AC005142,beneficiary,2026-09-09T20:47:00,0
AC005143,victim,2026-09-14T17:09:00,0
AC005144,mule,2026-09-14T17:09:00,0
AC005145,mule,2026-09-14T17:19:00,0
AC005146,mule,2026-09-14T17:45:00,0
AC005147,beneficiary,2026-09-14T18:14:00,0
AC005148,victim,2026-09-16T19:34:00,0
AC005149,mule,2026-09-16T19:56:00,0
AC005150,mule,2026-09-16T20:24:00,0
AC005151,beneficiary,2026-09-16T20:50:00,0
AC005152,victim,2026-09-06T18:43:00,0
AC005153,beneficiary,2026-09-06T18:43:00,0
AC005154,victim,2026-09-18T23:33:00,0
AC005155,mule,2026-09-18T23:33:00,0
AC005156,mule,2026-09-19T00:01:00,0
AC005157,mule,2026-09-19T00:17:00,0
AC005158,mule,2026-09-19T00:36:00,0
AC005159,beneficiary,2026-09-19T00:49:00,0
AC005160,victim,2026-09-30T04:44:00,0
AC005161,mule,2026-09-30T04:44:00,0
AC005162,mule,2026-09-30T05:13:00,0
AC005163,beneficiary,2026-09-30T05:35:00,0
AC005164,victim,2026-09-14T14:50:00,0
AC005165,mule,2026-09-14T14:50:00,0
AC005166,beneficiary,2026-09-14T14:55:00,0
AC005167,victim,2026-09-09T15:52:00,0
AC005168,mule,2026-09-09T15:52:00,0
AC005169,mule,2026-09-09T15:52:00,0
AC005170,beneficiary,2026-09-09T15:55:00,0
AC005171,victim,2026-09-02T15:39:00,0
AC005172,beneficiary,2026-09-02T15:39:00,0
AC005173,victim,2026-09-06T14:54:00,0
AC005174,beneficiary,2026-09-06T14:54:00,0
AC005175,victim,2026-09-25T18:53:00,0
AC005176,beneficiary,2026-09-25T19:19:00,0
AC005177,victim,2026-09-04T11:06:00,0
AC005178,mule,2026-09-04T11:06:00,0
AC005179,beneficiary,2026-09-04T11:25:00,0
AC005180,victim,2026-09-27T18:53:00,0
AC005181,mule,2026-09-27T18:53:00,0
AC005182,beneficiary,2026-09-27T19:11:00,0
AC005183,victim,2026-09-28T23:00:00,0
AC005184,mule,2026-09-28T23:00:00,0
AC005185,beneficiary,2026-09-28T23:09:00,0
AC005186,victim,2026-09-13T13:05:00,0
AC005187,mule,2026-09-13T13:05:00,0
AC005188,beneficiary,2026-09-13T13:26:00,0
AC005189,victim,2026-09-12T19:52:00,0
AC005190,mule,2026-09-12T19:52:00,0
AC005191,beneficiary,2026-09-12T20:03:00,0
AC005192,victim,2026-09-13T11:48:00,0
AC005193,mule,2026-09-13T11:48:00,0
AC005194,beneficiary,2026-09-13T11:59:00,0
AC005195,victim,2026-09-20T10:52:00,0
AC005196,beneficiary,2026-09-20T10:52:00,0
AC005197,victim,2026-09-10T09:59:00,0
AC005198,mule,2026-09-10T09:59:00,0
AC005199,mule,2026-09-10T10:09:00,0
AC005200,beneficiary,2026-09-10T10:25:00,0
AC005201,victim,2026-09-20T19:20:00,0
AC005202,mule,2026-09-20T19:20:00,0
AC005203,mule,2026-09-20T19:42:00,0
AC005204,beneficiary,2026-09-20T20:09:00,0
AC005205,victim,2026-09-21T15:22:00,0
AC005206,mule,2026-09-21T15:22:00,0
AC005207,mule,2026-09-21T15:33:00,0
AC005208,mule,2026-09-21T15:43:00,0
AC005209,beneficiary,2026-09-21T15:45:00,0
AC005210,victim,2026-09-14T04:17:00,0
AC005211,mule,2026-09-14T04:17:00,0
AC005212,mule,2026-09-14T04:27:00,0
AC005213,beneficiary,2026-09-14T04:56:00,0
AC005214,victim,2026-09-23T07:10:00,0
AC005215,mule,2026-09-23T07:10:00,0
AC005216,beneficiary,2026-09-23T07:32:00,0
AC005217,victim,2026-09-14T22:24:00,0
AC005218,beneficiary,2026-09-14T22:41:00,0
AC005219,victim,2026-09-24T19:01:00,0
AC005220,mule,2026-09-24T19:01:00,0
AC005221,beneficiary,2026-09-24T19:14:00,0
AC005222,victim,2026-09-21T05:48:00,0
AC005223,mule,2026-09-21T05:48:00,0
AC005224,beneficiary,2026-09-21T06:10:00,0
AC005225,victim,2026-09-18T21:01:00,0
AC005226,beneficiary,2026-09-18T21:24:00,0
AC005227,victim,2026-09-12T09:10:00,0
AC005228,mule,2026-09-12T09:16:00,0
AC005229,beneficiary,2026-09-12T09:51:00,0
AC005230,victim,2026-09-07T10:26:00,0
AC005231,mule,2026-09-07T10:26:00,0
AC005232,mule,2026-09-07T10:36:00,0
AC005233,beneficiary,2026-09-07T11:04:00,0
AC005234,victim,2026-09-24T02:47:00,0
AC005235,mule,2026-09-24T02:47:00,0
AC005236,mule,2026-09-24T02:53:00,0
AC005237,mule,2026-09-24T03:18:00,0
AC005238,mule,2026-09-24T03:45:00,0
AC005239,beneficiary,2026-09-24T04:10:00,0
AC005240,victim,2026-09-20T10:07:00,0
AC005241,mule,2026-09-20T10:07:00,0
AC005242,beneficiary,2026-09-20T10:21:00,0
AC005243,victim,2026-09-03T21:33:00,0
AC005244,mule,2026-09-03T21:33:00,0
AC005245,mule,2026-09-03T21:56:00,0
AC005246,beneficiary,2026-09-03T22:07:00,0
AC005247,victim,2026-10-01T01:06:00,0
AC005248,mule,2026-10-01T01:06:00,0
AC005249,mule,2026-10-01T01:11:00,0
AC005250,beneficiary,2026-10-01T01:15:00,0
AC005251,victim,2026-09-04T19:56:00,0
AC005252,mule,2026-09-04T19:56:00,0
AC005253,mule,2026-09-04T20:05:00,0
AC005254,beneficiary,2026-09-04T20:07:00,0
AC005255,victim,2026-09-24T02:44:00,0
AC005256,mule,2026-09-24T02:44:00,0
AC005257,mule,2026-09-24T02:46:00,0
AC005258,mule,2026-09-24T03:01:00,0
AC005259,beneficiary,2026-09-24T03:03:00,0
AC005260,victim,2026-09-26T04:04:00,0
AC005261,mule,2026-09-26T04:04:00,0
AC005262,beneficiary,2026-09-26T04:26:00,0
AC005263,victim,2026-09-11T18:55:00,0
AC005264,mule,2026-09-11T18:55:00,0
AC005265,beneficiary,2026-09-11T19:24:00,0
AC005266,victim,2026-09-04T07:16:00,0
AC005267,mule,2026-09-04T07:33:00,0
AC005268,beneficiary,2026-09-04T07:42:00,0
AC005269,victim,2026-09-24T00:30:00,0
AC005270,mule,2026-09-24T00:30:00,0
AC005271,beneficiary,2026-09-24T00:57:00,0
AC005272,victim,2026-09-08T19:50:00,0
AC005273,mule,2026-09-08T19:50:00,0
AC005274,beneficiary,2026-09-08T20:16:00,0
AC005275,victim,2026-09-17T22:16:00,0
AC005276,beneficiary,2026-09-17T22:32:00,0
AC005277,victim,2026-09-25T05:52:00,0
AC005278,mule,2026-09-25T05:52:00,0
AC005279,mule,2026-09-25T05:55:00,0
AC005280,beneficiary,2026-09-25T06:05:00,0
AC005281,victim,2026-09-18T07:43:00,0
AC005282,mule,2026-09-18T07:43:00,0
AC005283,mule,2026-09-18T08:10:00,0
AC005284,beneficiary,2026-09-18T08:21:00,0
AC005285,victim,2026-09-03T02:50:00,0
AC005286,beneficiary,2026-09-03T02:50:00,0
AC005287,victim,2026-09-28T22:23:00,0
AC005288,mule,2026-09-28T22:23:00,0
AC005289,beneficiary,2026-09-28T22:30:00,0
AC005290,victim,2026-09-14T17:00:00,0
AC005291,beneficiary,2026-09-14T17:00:00,0
AC005292,victim,2026-09-15T05:39:00,0
AC005293,mule,2026-09-15T05:39:00,0
AC005294,beneficiary,2026-09-15T05:41:00,0
AC005295,victim,2026-09-20T22:01:00,0
AC005296,mule,2026-09-20T22:01:00,0
AC005297,beneficiary,2026-09-20T22:10:00,0
AC005298,victim,2026-09-13T09:31:00,0
AC005299,beneficiary,2026-09-13T09:31:00,0
AC005300,victim,2026-09-18T15:43:00,0
AC005301,victim,2026-09-24T03:54:00,0
AC005302,mule,2026-09-24T04:05:00,0
AC005303,mule,2026-09-24T04:30:00,0
AC005304,beneficiary,2026-09-24T04:48:00,0
AC005305,victim,2026-09-07T13:59:00,0
AC005306,mule,2026-09-07T13:59:00,0
AC005307,victim,2026-09-23T16:51:00,0
AC005308,beneficiary,2026-09-23T16:51:00,0
AC005309,victim,2026-09-03T06:49:00,0
AC005310,beneficiary,2026-09-03T06:49:00,0
AC005311,victim,2026-09-13T04:20:00,0
AC005312,mule,2026-09-13T04:20:00,0
AC005313,mule,2026-09-13T04:48:00,0
AC005314,beneficiary,2026-09-13T05:18:00,0
AC005315,victim,2026-09-27T20:20:00,0
AC005316,mule,2026-09-27T20:20:00,0
AC005317,beneficiary,2026-09-27T20:42:00,0
AC005318,victim,2026-09-23T15:32:00,0
AC005319,mule,2026-09-23T15:32:00,0
AC005320,mule,2026-09-23T16:00:00,0
AC005321,victim,2026-09-05T16:42:00,0
AC005322,beneficiary,2026-09-05T16:57:00,0
AC005323,victim,2026-09-12T22:00:00,0
AC005324,mule,2026-09-12T22:00:00,0
AC005325,beneficiary,2026-09-12T22:17:00,0
AC005326,victim,2026-09-11T20:53:00,0
AC005327,mule,2026-09-11T20:53:00,0
AC005328,mule,2026-09-11T21:11:00,0
AC005329,beneficiary,2026-09-11T21:41:00,0
AC005330,victim,2026-09-01T14:32:00,0
AC005331,mule,2026-09-01T14:32:00,0
AC005332,mule,2026-09-01T14:44:00,0
AC005333,mule,2026-09-01T14:54:00,0
AC005334,beneficiary,2026-09-01T14:58:00,0
AC005335,victim,2026-09-06T07:00:00,0
AC005336,beneficiary,2026-09-06T07:00:00,0
AC005337,victim,2026-09-23T07:42:00,0
AC005338,mule,2026-09-23T07:50:00,0
AC005339,mule,2026-09-23T07:57:00,0
AC005340,beneficiary,2026-09-23T08:20:00,0
AC005341,victim,2026-09-15T22:07:00,0
AC005342,mule,2026-09-15T22:07:00,0
AC005343,mule,2026-09-15T22:36:00,0
AC005344,mule,2026-09-15T22:58:00,0
AC005345,beneficiary,2026-09-15T23:00:00,0
AC005346,victim,2026-09-30T22:03:00,0
AC005347,mule,2026-09-30T22:03:00,0
AC005348,beneficiary,2026-09-30T22:13:00,0
AC005349,victim,2026-09-29T01:47:00,0
AC005350,mule,2026-09-29T01:47:00,0
AC005351,beneficiary,2026-09-29T02:10:00,0
AC005352,victim,2026-09-02T23:06:00,0
AC005353,mule,2026-09-02T23:06:00,0
AC005354,mule,2026-09-02T23:10:00,0
AC005355,beneficiary,2026-09-02T23:14:00,0
AC005356,victim,2026-09-03T11:19:00,0
AC005357,mule,2026-09-03T11:19:00,0
AC005358,beneficiary,2026-09-03T11:20:00,0
AC005359,victim,2026-09-11T05:23:00,0
AC005360,mule,2026-09-11T05:23:00,0
AC005361,mule,2026-09-11T05:39:00,0
AC005362,beneficiary,2026-09-11T06:12:00,0
AC005363,victim,2026-09-13T09:59:00,0
AC005364,mule,2026-09-13T09:59:00,0
AC005365,mule,2026-09-13T10:19:00,0
AC005366,beneficiary,2026-09-13T10:31:00,0
AC005367,victim,2026-09-08T05:43:00,0
AC005368,beneficiary,2026-09-08T05:43:00,0
AC005369,victim,2026-09-16T17:34:00,0
AC005370,beneficiary,2026-09-16T17:46:00,0
AC005371,victim,2026-09-21T12:56:00,0
AC005372,beneficiary,2026-09-21T12:56:00,0
AC005373,victim,2026-09-04T08:50:00,0
AC005374,mule,2026-09-04T08:50:00,0
AC005375,mule,2026-09-04T08:59:00,0
AC005376,mule,2026-09-04T09:18:00,0
AC005377,mule,2026-09-04T09:39:00,0
AC005378,beneficiary,2026-09-04T09:47:00,0
AC005379,victim,2026-09-21T00:27:00,0
AC005380,mule,2026-09-21T00:27:00,0
AC005381,beneficiary,2026-09-21T00:37:00,0
AC005382,victim,2026-09-23T16:04:00,0
AC005383,mule,2026-09-23T16:04:00,0
AC005384,beneficiary,2026-09-23T16:09:00,0
AC005385,victim,2026-09-16T23:40:00,0
AC005386,mule,2026-09-16T23:40:00,0
AC005387,victim,2026-09-13T04:37:00,0
AC005388,beneficiary,2026-09-13T04:37:00,0
AC005389,victim,2026-09-30T17:57:00,0
AC005390,mule,2026-09-30T17:57:00,0
AC005391,mule,2026-09-30T18:07:00,0
AC005392,beneficiary,2026-09-30T18:26:00,0
AC005393,victim,2026-09-27T17:46:00,0
AC005394,mule,2026-09-27T17:46:00,0
AC005395,beneficiary,2026-09-27T17:57:00,0
AC005396,victim,2026-09-19T22:25:00,0
AC005397,mule,2026-09-19T22:25:00,0
AC005398,beneficiary,2026-09-19T22:45:00,0
AC005399,victim,2026-09-30T02:03:00,0
AC005400,mule,2026-09-30T02:03:00,0
AC005401,mule,2026-09-30T02:24:00,0
AC005402,mule,2026-09-30T02:49:00,0
AC005403,beneficiary,2026-09-30T02:52:00,0
AC005404,victim,2026-09-02T22:30:00,0
AC005405,mule,2026-09-02T22:30:00,0
AC005406,victim,2026-09-18T16:34:00,0
AC005407,mule,2026-09-18T16:34:00,0
AC005408,beneficiary,2026-09-18T16:49:00,0
AC005409,victim,2026-09-27T13:39:00,0
AC005410,mule,2026-09-27T13:39:00,0
AC005411,mule,2026-09-27T13:51:00,0
AC005412,mule,2026-09-27T13:57:00,0
AC005413,mule,2026-09-27T14:04:00,0
AC005414,beneficiary,2026-09-27T14:29:00,0
AC005415,victim,2026-09-13T13:00:00,0
AC005416,mule,2026-09-13T13:00:00,0
AC005417,beneficiary,2026-09-13T13:26:00,0
AC005418,victim,2026-09-15T08:20:00,0
AC005419,mule,2026-09-15T08:20:00,0
AC005420,beneficiary,2026-09-15T08:49:00,0
AC005421,victim,2026-09-01T18:01:00,0
AC005422,mule,2026-09-01T18:01:00,0
AC005423,beneficiary,2026-09-01T18:25:00,0
AC005424,victim,2026-09-20T03:22:00,0
AC005425,mule,2026-09-20T03:22:00,0
AC005426,beneficiary,2026-09-20T03:47:00,0
AC005427,victim,2026-09-08T19:35:00,0
AC005428,mule,2026-09-08T19:35:00,0
AC005429,victim,2026-09-19T04:41:00,0
AC005430,mule,2026-09-19T04:41:00,0
AC005431,mule,2026-09-19T04:49:00,0
AC005432,mule,2026-09-19T05:11:00,0
AC005433,beneficiary,2026-09-19T05:32:00,0
AC005434,victim,2026-09-16T20:13:00,0
AC005435,mule,2026-09-16T20:13:00,0
AC005436,beneficiary,2026-09-16T20:19:00,0
AC005437,victim,2026-09-21T11:34:00,0
AC005438,mule,2026-09-21T11:34:00,0
AC005439,mule,2026-09-21T11:51:00,0
AC005440,beneficiary,2026-09-21T12:21:00,0
AC005441,victim,2026-09-15T23:30:00,0
AC005442,beneficiary,2026-09-15T23:35:00,0
AC005443,victim,2026-09-03T08:28:00,0
AC005444,mule,2026-09-03T08:28:00,0
AC005445,mule,2026-09-03T08:41:00,0
AC005446,mule,2026-09-03T08:48:00,0
AC005447,victim,2026-09-14T01:57:00,0
AC005448,mule,2026-09-14T01:57:00,0
AC005449,victim,2026-09-12T22:23:00,0
AC005450,beneficiary,2026-09-12T22:44:00,0
AC005451,victim,2026-09-30T14:42:00,0
AC005452,mule,2026-09-30T14:42:00,0
AC005453,mule,2026-09-30T15:08:00,0
AC005454,beneficiary,2026-09-30T15:27:00,0
AC005455,victim,2026-09-27T15:03:00,0
AC005456,mule,2026-09-27T15:03:00,0
AC005457,beneficiary,2026-09-27T15:08:00,0
AC005458,victim,2026-09-09T01:43:00,0
AC005459,mule,2026-09-09T01:43:00,0
AC005460,mule,2026-09-09T01:56:00,0
AC005461,beneficiary,2026-09-09T02:12:00,0
AC005462,victim,2026-09-14T19:32:00,0
AC005463,mule,2026-09-14T19:43:00,0
AC005464,beneficiary,2026-09-14T20:08:00,0
AC005465,victim,2026-09-16T23:00:00,0
AC005466,beneficiary,2026-09-16T23:00:00,0
AC005467,victim,2026-09-16T06:54:00,0
AC005468,mule,2026-09-16T06:54:00,0
AC005469,mule,2026-09-16T07:09:00,0
AC005470,victim,2026-09-27T08:00:00,0
AC005471,beneficiary,2026-09-27T08:00:00,0
AC005472,victim,2026-09-29T23:26:00,0
AC005473,mule,2026-09-29T23:26:00,0
AC005474,beneficiary,2026-09-29T23:40:00,0
AC005475,victim,2026-09-01T16:15:00,0
AC005476,beneficiary,2026-09-01T16:15:00,0
AC005477,victim,2026-09-09T07:22:00,0
AC005478,mule,2026-09-09T07:22:00,0
AC005479,mule,2026-09-09T07:45:00,0
AC005480,beneficiary,2026-09-09T08:09:00,0
AC005481,victim,2026-09-27T22:46:00,0
AC005482,beneficiary,2026-09-27T22:46:00,0
AC005483,victim,2026-09-21T22:59:00,0
AC005484,mule,2026-09-21T22:59:00,0
AC005485,victim,2026-09-16T18:55:00,0
AC005486,mule,2026-09-16T18:55:00,0
AC005487,mule,2026-09-16T19:09:00,0
AC005488,mule,2026-09-16T19:30:00,0
AC005489,beneficiary,2026-09-16T19:40:00,0
AC005490,victim,2026-09-18T13:18:00,0
AC005491,beneficiary,2026-09-18T13:30:00,0
AC005492,victim,2026-09-21T09:43:00,0
AC005493,mule,2026-09-21T09:43:00,0
AC005494,beneficiary,2026-09-21T09:57:00,0
AC005495,victim,2026-09-21T11:00:00,0
AC005496,beneficiary,2026-09-21T11:00:00,0
AC005497,victim,2026-09-02T17:28:00,0
AC005498,mule,2026-09-02T17:28:00,0
AC005499,beneficiary,2026-09-02T17:33:00,0
AC005500,victim,2026-09-13T23:45:00,0
AC005501,mule,2026-09-13T23:45:00,0
AC005502,mule,2026-09-14T00:13:00,0
AC005503,mule,2026-09-14T00:43:00,0
AC005504,beneficiary,2026-09-14T00:51:00,0
AC005505,victim,2026-09-15T22:55:00,0
AC005506,mule,2026-09-15T23:05:00,0
AC005507,victim,2026-09-12T10:03:00,0
AC005508,mule,2026-09-12T10:03:00,0
AC005509,mule,2026-09-12T10:27:00,0
AC005510,mule,2026-09-12T10:38:00,0
AC005511,mule,2026-09-12T11:06:00,0
AC005512,beneficiary,2026-09-12T11:06:00,0
AC005513,victim,2026-09-26T14:32:00,0
AC005514,mule,2026-09-26T14:32:00,0
AC005515,mule,2026-09-26T14:47:00,0
AC005516,beneficiary,2026-09-26T15:17:00,0
AC005517,victim,2026-09-10T18:07:00,0
AC005518,mule,2026-09-10T18:07:00,0
AC005519,mule,2026-09-10T18:31:00,0
AC005520,beneficiary,2026-09-10T18:59:00,0
AC005521,victim,2026-09-27T11:26:00,0
AC005522,mule,2026-09-27T11:26:00,0
AC005523,beneficiary,2026-09-27T11:53:00,0
AC005524,victim,2026-09-23T10:39:00,0
AC005525,mule,2026-09-23T10:43:00,0
AC005526,victim,2026-09-07T12:10:00,0
AC005527,mule,2026-09-07T12:10:00,0
AC005528,beneficiary,2026-09-07T12:14:00,0
AC005529,victim,2026-09-12T18:11:00,0
AC005530,mule,2026-09-12T18:11:00,0
AC005531,victim,2026-09-24T08:31:00,0
AC005532,mule,2026-09-24T08:31:00,0
AC005533,mule,2026-09-24T08:37:00,0
AC005534,beneficiary,2026-09-24T08:57:00,0
AC005535,victim,2026-09-23T08:12:00,0
AC005536,mule,2026-09-23T08:12:00,0
AC005537,mule,2026-09-23T08:22:00,0
AC005538,beneficiary,2026-09-23T08:59:00,0
AC005539,victim,2026-09-06T16:09:00,0
AC005540,mule,2026-09-06T16:09:00,0
AC005541,beneficiary,2026-09-06T16:16:00,0
AC005542,victim,2026-09-28T06:08:00,0
AC005543,mule,2026-09-28T06:08:00,0
AC005544,victim,2026-09-15T08:21:00,0
AC005545,mule,2026-09-15T08:21:00,0
AC005546,beneficiary,2026-09-15T08:39:00,0
AC005547,victim,2026-09-21T17:00:00,0
AC005548,mule,2026-09-21T17:00:00,0
AC005549,mule,2026-09-21T17:15:00,0
AC005550,mule,2026-09-21T17:23:00,0
AC005551,beneficiary,2026-09-21T17:32:00,0
AC005552,victim,2026-09-17T17:17:00,0
AC005553,mule,2026-09-17T17:17:00,0
AC005554,mule,2026-09-17T17:41:00,0
AC005555,beneficiary,2026-09-17T17:57:00,0
AC005556,victim,2026-09-06T22:55:00,0
AC005557,mule,2026-09-06T22:55:00,0
AC005558,mule,2026-09-06T23:25:00,0
AC005559,mule,2026-09-06T23:48:00,0
AC005560,mule,2026-09-06T23:48:00,0
AC005561,beneficiary,2026-09-06T23:59:00,0
AC005562,victim,2026-09-07T13:11:00,0
AC005563,mule,2026-09-07T13:11:00,0
AC005564,beneficiary,2026-09-07T13:40:00,0
AC005565,victim,2026-09-16T08:43:00,0
AC005566,victim,2026-09-20T09:57:00,0
AC005567,mule,2026-09-20T10:01:00,0
AC005568,mule,2026-09-20T10:11:00,0
AC005569,mule,2026-09-20T10:20:00,0
AC005570,beneficiary,2026-09-20T10:37:00,0
AC005571,victim,2026-09-17T07:28:00,0
AC005572,beneficiary,2026-09-17T07:28:00,0
AC005573,victim,2026-09-16T00:22:00,0
AC005574,mule,2026-09-16T00:22:00,0
AC005575,mule,2026-09-16T00:41:00,0
AC005576,mule,2026-09-16T01:03:00,0
AC005577,beneficiary,2026-09-16T01:29:00,0
AC005578,victim,2026-09-16T00:51:00,0
AC005579,beneficiary,2026-09-16T00:51:00,0
AC005580,victim,2026-09-04T00:48:00,0
AC005581,mule,2026-09-04T00:48:00,0
AC005582,beneficiary,2026-09-04T00:56:00,0
AC005583,victim,2026-09-28T02:23:00,0
AC005584,mule,2026-09-28T02:23:00,0
AC005585,beneficiary,2026-09-28T02:40:00,0
AC005586,victim,2026-09-11T19:53:00,0
AC005587,mule,2026-09-11T19:53:00,0
AC005588,victim,2026-09-30T01:59:00,0
AC005589,beneficiary,2026-09-30T01:59:00,0
AC005590,victim,2026-09-03T10:38:00,0
AC005591,mule,2026-09-03T10:38:00,0
AC005592,beneficiary,2026-09-03T11:04:00,0
AC005593,victim,2026-09-30T02:33:00,0
AC005594,mule,2026-09-30T02:33:00,0
AC005595,mule,2026-09-30T02:53:00,0
AC005596,victim,2026-09-23T09:11:00,0
AC005597,beneficiary,2026-09-23T09:11:00,0
AC005598,victim,2026-09-04T08:41:00,0
AC005599,mule,2026-09-04T08:41:00,0
AC005600,mule,2026-09-04T09:08:00,0
AC005601,mule,2026-09-04T09:38:00,0
AC005602,beneficiary,2026-09-04T09:50:00,0
AC005603,victim,2026-09-07T08:30:00,0
AC005604,mule,2026-09-07T08:30:00,0
AC005605,mule,2026-09-07T09:00:00,0
AC005606,mule,2026-09-07T09:04:00,0
AC005607,beneficiary,2026-09-07T09:04:00,0
AC005608,victim,2026-09-24T01:11:00,0
AC005609,mule,2026-09-24T01:11:00,0
AC005610,mule,2026-09-24T01:39:00,0
AC005611,mule,2026-09-24T02:00:00,0
AC005612,beneficiary,2026-09-24T02:13:00,0
AC005613,victim,2026-09-20T06:07:00,0
AC005614,mule,2026-09-20T06:07:00,0
AC005615,mule,2026-09-20T06:11:00,0
AC005616,mule,2026-09-20T06:27:00,0
AC005617,mule,2026-09-20T06:33:00,0
AC005618,beneficiary,2026-09-20T07:01:00,0
AC005619,victim,2026-09-17T06:49:00,0
AC005620,mule,2026-09-17T06:49:00,0
AC005621,beneficiary,2026-09-17T07:18:00,0
AC005622,victim,2026-09-18T13:16:00,0
AC005623,beneficiary,2026-09-18T13:38:00,0
AC005624,victim,2026-09-17T06:09:00,0
AC005625,mule,2026-09-17T06:09:00,0
AC005626,beneficiary,2026-09-17T06:16:00,0
AC005627,victim,2026-09-29T20:49:00,0
AC005628,mule,2026-09-29T20:49:00,0
AC005629,mule,2026-09-29T20:58:00,0
AC005630,beneficiary,2026-09-29T21:26:00,0
AC005631,victim,2026-09-18T04:57:00,0
AC005632,mule,2026-09-18T04:57:00,0
AC005633,victim,2026-10-01T02:19:00,0
AC005634,victim,2026-09-22T22:48:00,0
AC005635,mule,2026-09-22T22:48:00,0
AC005636,beneficiary,2026-09-22T22:51:00,0
AC005637,victim,2026-09-08T05:52:00,0
AC005638,mule,2026-09-08T05:52:00,0
AC005639,beneficiary,2026-09-08T05:53:00,0
AC005640,victim,2026-09-24T08:05:00,0
AC005641,beneficiary,2026-09-24T08:05:00,0
AC005642,victim,2026-09-05T16:22:00,0
AC005643,mule,2026-09-05T16:22:00,0
AC005644,beneficiary,2026-09-05T16:47:00,0
AC005645,victim,2026-09-15T05:33:00,0
AC005646,mule,2026-09-15T05:33:00,0
AC005647,victim,2026-09-10T02:36:00,0
AC005648,mule,2026-09-10T02:36:00,0
AC005649,mule,2026-09-10T02:48:00,0
AC005650,mule,2026-09-10T02:52:00,0
AC005651,victim,2026-09-21T19:16:00,0
AC005652,mule,2026-09-21T19:32:00,0
AC005653,beneficiary,2026-09-21T19:35:00,0
AC005654,victim,2026-09-09T10:16:00,0
AC005655,beneficiary,2026-09-09T10:16:00,0
AC005656,victim,2026-09-20T04:41:00,0
AC005657,mule,2026-09-20T04:41:00,0
AC005658,beneficiary,2026-09-20T05:00:00,0
AC005659,victim,2026-09-26T12:33:00,0
AC005660,mule,2026-09-26T12:33:00,0
AC005661,mule,2026-09-26T12:45:00,0
AC005662,mule,2026-09-26T12:52:00,0
AC005663,mule,2026-09-26T12:54:00,0
AC005664,beneficiary,2026-09-26T13:01:00,0
AC005665,victim,2026-09-27T23:20:00,0
AC005666,beneficiary,2026-09-27T23:20:00,0
AC005667,victim,2026-09-24T01:37:00,0
AC005668,beneficiary,2026-09-24T01:37:00,0
AC005669,victim,2026-09-26T09:09:00,0
AC005670,beneficiary,2026-09-26T09:09:00,0
AC005671,victim,2026-09-30T01:56:00,0
AC005672,beneficiary,2026-09-30T01:56:00,0
AC005673,victim,2026-09-01T08:25:00,0
AC005674,beneficiary,2026-09-01T08:38:00,0
AC005675,victim,2026-09-22T03:06:00,0
AC005676,victim,2026-09-22T01:57:00,0
AC005677,mule,2026-09-22T01:57:00,0
AC005678,beneficiary,2026-09-22T02:38:00,0
AC005679,victim,2026-09-29T05:36:00,0
AC005680,mule,2026-09-29T05:36:00,0
AC005681,victim,2026-09-03T07:40:00,0
AC005682,mule,2026-09-03T07:40:00,0
AC005683,victim,2026-09-02T22:54:00,0
AC005684,beneficiary,2026-09-02T23:03:00,0
AC005685,victim,2026-09-04T09:44:00,0
AC005686,mule,2026-09-04T09:44:00,0
AC005687,beneficiary,2026-09-04T10:38:00,0
AC005688,victim,2026-09-10T05:28:00,0
AC005689,mule,2026-09-10T05:28:00,0
AC005690,beneficiary,2026-09-10T05:31:00,0
AC005691,victim,2026-09-14T07:03:00,0
AC005692,mule,2026-09-14T07:03:00,0
AC005693,mule,2026-09-14T07:21:00,0
AC005694,mule,2026-09-14T07:28:00,0
AC005695,beneficiary,2026-09-14T07:49:00,0
AC005696,victim,2026-09-23T02:20:00,0
AC005697,beneficiary,2026-09-23T02:20:00,0
AC005698,victim,2026-09-09T10:43:00,0
AC005699,mule,2026-09-09T10:43:00,0
AC005700,beneficiary,2026-09-09T10:55:00,0
AC005701,victim,2026-09-15T01:26:00,0
AC005702,mule,2026-09-15T01:26:00,0
AC005703,beneficiary,2026-09-15T01:48:00,0
AC005704,victim,2026-10-01T05:38:00,0
AC005705,mule,2026-10-01T05:38:00,0
AC005706,mule,2026-10-01T05:46:00,0
AC005707,beneficiary,2026-10-01T06:16:00,0
AC005708,victim,2026-09-17T19:24:00,0
AC005709,mule,2026-09-17T19:24:00,0
AC005710,mule,2026-09-17T19:50:00,0
AC005711,mule,2026-09-17T19:54:00,0
AC005712,beneficiary,2026-09-17T19:57:00,0
AC005713,victim,2026-09-28T05:12:00,0
AC005714,mule,2026-09-28T05:33:00,0
AC005715,beneficiary,2026-09-28T05:33:00,0
AC005716,victim,2026-09-19T08:12:00,0
AC005717,mule,2026-09-19T08:12:00,0
AC005718,mule,2026-09-19T08:38:00,0
AC005719,beneficiary,2026-09-19T08:57:00,0
AC005720,victim,2026-09-04T14:36:00,0
AC005721,mule,2026-09-04T14:36:00,0
AC005722,mule,2026-09-04T14:53:00,0
AC005723,mule,2026-09-04T15:23:00,0
AC005724,victim,2026-09-29T16:06:00,0
AC005725,mule,2026-09-29T16:06:00,0
AC005726,victim,2026-09-17T18:16:00,0
AC005727,mule,2026-09-17T18:16:00,0
AC005728,beneficiary,2026-09-17T18:20:00,0
AC005729,victim,2026-09-14T07:56:00,0
AC005730,mule,2026-09-14T08:22:00,0
AC005731,beneficiary,2026-09-14T08:35:00,0
AC005732,victim,2026-09-28T03:35:00,0
AC005733,mule,2026-09-28T03:35:00,0
AC005734,beneficiary,2026-09-28T03:35:00,0
AC005735,victim,2026-09-08T00:56:00,0
AC005736,beneficiary,2026-09-08T00:56:00,0
AC005737,victim,2026-09-09T17:42:00,0
AC005738,mule,2026-09-09T17:42:00,0
AC005739,mule,2026-09-09T17:50:00,0
AC005740,beneficiary,2026-09-09T17:58:00,0
AC005741,victim,2026-09-04T15:14:00,0
AC005742,victim,2026-09-28T06:37:00,0
AC005743,mule,2026-09-28T06:37:00,0
AC005744,mule,2026-09-28T07:01:00,0
AC005745,mule,2026-09-28T07:30:00,0
AC005746,mule,2026-09-28T07:41:00,0
AC005747,beneficiary,2026-09-28T07:41:00,0
AC005748,victim,2026-09-02T06:33:00,0
AC005749,mule,2026-09-02T06:33:00,0
AC005750,beneficiary,2026-09-02T06:42:00,0
AC005751,victim,2026-09-10T03:36:00,0
AC005752,mule,2026-09-10T03:36:00,0
AC005753,mule,2026-09-10T03:47:00,0
AC005754,beneficiary,2026-09-10T04:07:00,0
AC005755,victim,2026-09-22T00:07:00,0
AC005756,mule,2026-09-22T00:07:00,0
AC005757,mule,2026-09-22T00:11:00,0
AC005758,mule,2026-09-22T00:31:00,0
AC005759,beneficiary,2026-09-22T00:34:00,0
AC005760,victim,2026-09-03T04:55:00,0
AC005761,victim,2026-09-22T11:21:00,0
AC005762,victim,2026-09-14T11:25:00,0
AC005763,mule,2026-09-14T11:25:00,0
AC005764,beneficiary,2026-09-14T11:54:00,0
AC005765,victim,2026-09-10T18:39:00,0
AC005766,mule,2026-09-10T18:39:00,0
AC005767,beneficiary,2026-09-10T19:02:00,0
AC005768,victim,2026-09-25T17:23:00,0
AC005769,mule,2026-09-25T17:23:00,0
AC005770,mule,2026-09-25T17:28:00,0
AC005771,beneficiary,2026-09-25T17:28:00,0
AC005772,victim,2026-09-01T09:04:00,0
AC005773,mule,2026-09-01T09:04:00,0
AC005774,beneficiary,2026-09-01T09:24:00,0
AC005775,victim,2026-09-02T14:54:00,0
AC005776,mule,2026-09-02T14:54:00,0
AC005777,mule,2026-09-02T14:57:00,0
AC005778,beneficiary,2026-09-02T15:22:00,0
AC005779,victim,2026-09-18T06:18:00,0
AC005780,mule,2026-09-18T06:18:00,0
AC005781,mule,2026-09-18T06:30:00,0
AC005782,victim,2026-09-05T13:44:00,0
AC005783,mule,2026-09-05T13:44:00,0
AC005784,beneficiary,2026-09-05T14:14:00,0
AC005785,victim,2026-10-01T00:33:00,0
AC005786,beneficiary,2026-10-01T00:36:00,0
AC005787,victim,2026-09-03T10:25:00,0
AC005788,mule,2026-09-03T10:25:00,0
AC005789,mule,2026-09-03T10:39:00,0
AC005790,beneficiary,2026-09-03T10:46:00,0
AC005791,victim,2026-09-10T06:47:00,0
AC005792,victim,2026-09-25T23:25:00,0
AC005793,beneficiary,2026-09-25T23:25:00,0
AC005794,victim,2026-09-25T12:53:00,0
AC005795,mule,2026-09-25T12:53:00,0
AC005796,mule,2026-09-25T13:08:00,0
AC005797,mule,2026-09-25T13:21:00,0
AC005798,mule,2026-09-25T13:48:00,0
AC005799,beneficiary,2026-09-25T13:52:00,0
AC005800,victim,2026-09-28T09:16:00,0
AC005801,mule,2026-09-28T09:16:00,0
AC005802,mule,2026-09-28T09:27:00,0
AC005803,mule,2026-09-28T09:41:00,0
AC005804,victim,2026-09-22T12:53:00,0
AC005805,mule,2026-09-22T12:53:00,0
AC005806,mule,2026-09-22T13:03:00,0
AC005807,beneficiary,2026-09-22T13:21:00,0
AC005808,victim,2026-09-24T23:49:00,0
AC005809,beneficiary,2026-09-24T23:49:00,0
AC005810,victim,2026-09-27T13:04:00,0
AC005811,victim,2026-09-30T08:00:00,0
AC005812,mule,2026-09-30T08:00:00,0
AC005813,mule,2026-09-30T08:03:00,0
AC005814,beneficiary,2026-09-30T08:32:00,0
AC005815,victim,2026-09-17T07:18:00,0
AC005816,mule,2026-09-17T07:18:00,0
AC005817,beneficiary,2026-09-17T07:48:00,0
AC005818,victim,2026-09-27T02:55:00,0
AC005819,mule,2026-09-27T02:55:00,0
AC005820,beneficiary,2026-09-27T03:13:00,0
AC005821,victim,2026-09-13T20:40:00,0
AC005822,mule,2026-09-13T20:40:00,0
AC005823,mule,2026-09-13T21:08:00,0
AC005824,mule,2026-09-13T21:12:00,0
AC005825,beneficiary,2026-09-13T21:41:00,0
AC005826,victim,2026-09-13T01:01:00,0
AC005827,beneficiary,2026-09-13T01:01:00,0
AC005828,victim,2026-09-27T07:06:00,0
AC005829,mule,2026-09-27T07:06:00,0
AC005830,beneficiary,2026-09-27T07:30:00,0
AC005831,victim,2026-09-15T04:52:00,0
AC005832,beneficiary,2026-09-15T05:12:00,0
AC005833,victim,2026-09-29T18:12:00,0
AC005834,beneficiary,2026-09-29T18:12:00,0
AC005835,victim,2026-09-09T20:32:00,0
AC005836,mule,2026-09-09T20:32:00,0
AC005837,mule,2026-09-09T20:49:00,0
AC005838,beneficiary,2026-09-09T20:50:00,0
AC005839,victim,2026-09-16T07:33:00,0
AC005840,mule,2026-09-16T07:33:00,0
AC005841,mule,2026-09-16T07:41:00,0
AC005842,mule,2026-09-16T08:11:00,0
AC005843,beneficiary,2026-09-16T08:51:00,0
AC005844,victim,2026-09-08T00:31:00,0
AC005845,beneficiary,2026-09-08T00:33:00,0
AC005846,victim,2026-09-08T12:53:00,0
AC005847,beneficiary,2026-09-08T12:53:00,0
AC005848,victim,2026-09-19T16:36:00,0
AC005849,mule,2026-09-19T16:36:00,0
AC005850,beneficiary,2026-09-19T17:05:00,0
AC005851,victim,2026-09-01T10:46:00,0
AC005852,mule,2026-09-01T10:46:00,0
AC005853,mule,2026-09-01T11:16:00,0
AC005854,beneficiary,2026-09-01T11:17:00,0
AC005855,victim,2026-09-15T10:21:00,0
AC005856,beneficiary,2026-09-15T10:21:00,0
AC005857,victim,2026-09-02T13:55:00,0
AC005858,beneficiary,2026-09-02T13:55:00,0
AC005859,victim,2026-09-26T22:17:00,0
AC005860,mule,2026-09-26T22:17:00,0
AC005861,beneficiary,2026-09-26T22:29:00,0
AC005862,victim,2026-09-06T03:45:00,0
AC005863,beneficiary,2026-09-06T03:45:00,0
AC005864,victim,2026-09-06T11:04:00,0
AC005865,mule,2026-09-06T11:04:00,0
AC005866,beneficiary,2026-09-06T11:10:00,0
AC005867,victim,2026-09-18T10:47:00,0
AC005868,beneficiary,2026-09-18T10:47:00,0
AC005869,victim,2026-09-06T23:32:00,0
AC005870,beneficiary,2026-09-06T23:32:00,0
AC005871,victim,2026-09-25T21:26:00,0
AC005872,mule,2026-09-25T21:26:00,0
AC005873,victim,2026-09-26T10:28:00,0
AC005874,mule,2026-09-26T10:28:00,0
AC005875,beneficiary,2026-09-26T10:41:00,0
AC005876,victim,2026-09-02T03:14:00,0
AC005877,mule,2026-09-02T03:14:00,0
AC005878,mule,2026-09-02T03:34:00,0
AC005879,beneficiary,2026-09-02T03:44:00,0
AC005880,victim,2026-09-13T02:56:00,0
AC005881,beneficiary,2026-09-13T02:56:00,0
AC005882,victim,2026-09-07T17:24:00,0
AC005883,mule,2026-09-07T17:24:00,0
AC005884,beneficiary,2026-09-07T17:28:00,0
AC005885,victim,2026-09-30T13:18:00,0
AC005886,beneficiary,2026-09-30T13:18:00,0
AC005887,victim,2026-09-16T11:34:00,0
AC005888,beneficiary,2026-09-16T11:34:00,0
AC005889,victim,2026-09-09T22:31:00,0
AC005890,mule,2026-09-09T22:31:00,0
AC005891,beneficiary,2026-09-09T22:52:00,0
AC005892,victim,2026-09-26T13:42:00,0
AC005893,beneficiary,2026-09-26T13:42:00,0
AC005894,victim,2026-09-05T22:15:00,0
AC005895,mule,2026-09-05T22:15:00,0
AC005896,beneficiary,2026-09-05T22:35:00,0
AC005897,victim,2026-09-27T14:24:00,0
AC005898,mule,2026-09-27T14:24:00,0
AC005899,mule,2026-09-27T14:46:00,0
AC005900,victim,2026-09-23T20:09:00,0
AC005901,beneficiary,2026-09-23T20:09:00,0
AC005902,victim,2026-09-11T16:49:00,0
AC005903,victim,2026-10-01T00:17:00,0
AC005904,mule,2026-10-01T00:17:00,0
AC005905,mule,2026-10-01T00:36:00,0
AC005906,mule,2026-10-01T00:44:00,0
AC005907,beneficiary,2026-10-01T00:56:00,0
AC005908,victim,2026-09-21T07:28:00,0
AC005909,mule,2026-09-21T07:35:00,0
AC005910,beneficiary,2026-09-21T07:54:00,0
AC005911,victim,2026-09-25T12:48:00,0
AC005912,mule,2026-09-25T12:48:00,0
AC005913,beneficiary,2026-09-25T12:58:00,0
AC005914,victim,2026-09-19T01:03:00,0
AC005915,beneficiary,2026-09-19T01:03:00,0
AC005916,victim,2026-09-03T07:17:00,0
AC005917,mule,2026-09-03T07:17:00,0
AC005918,beneficiary,2026-09-03T07:17:00,0
AC005919,victim,2026-09-06T13:18:00,0
AC005920,mule,2026-09-06T13:18:00,0
AC005921,beneficiary,2026-09-06T13:45:00,0
AC005922,victim,2026-09-20T00:04:00,0
AC005923,mule,2026-09-20T00:04:00,0
AC005924,mule,2026-09-20T00:30:00,0
AC005925,beneficiary,2026-09-20T00:36:00,0
AC005926,victim,2026-09-08T07:09:00,0
AC005927,mule,2026-09-08T07:09:00,0
AC005928,mule,2026-09-08T07:13:00,0
AC005929,mule,2026-09-08T07:23:00,0
AC005930,beneficiary,2026-09-08T07:28:00,0
AC005931,victim,2026-09-28T23:01:00,0
AC005932,mule,2026-09-28T23:01:00,0
AC005933,mule,2026-09-28T23:01:00,0
AC005934,mule,2026-09-28T23:08:00,0
AC005935,beneficiary,2026-09-28T23:23:00,0
AC005936,victim,2026-09-03T09:47:00,0
AC005937,beneficiary,2026-09-03T09:47:00,0
AC005938,victim,2026-09-21T22:58:00,0
AC005939,mule,2026-09-21T22:58:00,0
AC005940,beneficiary,2026-09-21T23:08:00,0
AC005941,victim,2026-09-07T10:45:00,0
AC005942,beneficiary,2026-09-07T10:45:00,0
AC005943,victim,2026-09-18T09:39:00,0
AC005944,mule,2026-09-18T10:05:00,0
AC005945,mule,2026-09-18T10:21:00,0
AC005946,mule,2026-09-18T10:36:00,0
AC005947,beneficiary,2026-09-18T11:01:00,0
AC005948,victim,2026-09-12T04:08:00,0
AC005949,beneficiary,2026-09-12T04:08:00,0
AC005950,victim,2026-09-07T04:34:00,0
AC005951,beneficiary,2026-09-07T04:34:00,0
AC005952,victim,2026-09-30T18:33:00,0
AC005953,mule,2026-09-30T18:33:00,0
AC005954,beneficiary,2026-09-30T19:00:00,0
AC005955,victim,2026-09-23T14:53:00,0
AC005956,mule,2026-09-23T14:53:00,0
AC005957,beneficiary,2026-09-23T15:18:00,0
AC005958,victim,2026-09-11T19:01:00,0
AC005959,mule,2026-09-11T19:01:00,0
AC005960,mule,2026-09-11T19:10:00,0
AC005961,beneficiary,2026-09-11T19:10:00,0
AC005962,victim,2026-09-20T22:43:00,0
AC005963,mule,2026-09-20T22:43:00,0
AC005964,mule,2026-09-20T23:01:00,0
AC005965,mule,2026-09-20T23:17:00,0
AC005966,beneficiary,2026-09-20T23:43:00,0
AC005967,victim,2026-09-25T20:15:00,0
AC005968,beneficiary,2026-09-25T20:15:00,0
AC005969,victim,2026-09-21T02:45:00,0
AC005970,mule,2026-09-21T02:45:00,0
AC005971,beneficiary,2026-09-21T03:08:00,0
AC005972,victim,2026-09-18T11:39:00,0
AC005973,victim,2026-09-11T14:33:00,0
AC005974,mule,2026-09-11T14:33:00,0
AC005975,mule,2026-09-11T14:59:00,0
AC005976,beneficiary,2026-09-11T15:09:00,0
AC005977,victim,2026-09-12T20:11:00,0
AC005978,mule,2026-09-12T20:11:00,0
AC005979,beneficiary,2026-09-12T20:33:00,0
AC005980,victim,2026-09-02T06:44:00,0
AC005981,mule,2026-09-02T06:54:00,0
AC005982,beneficiary,2026-09-02T07:23:00,0
AC005983,victim,2026-09-22T22:39:00,0
AC005984,mule,2026-09-22T22:39:00,0
AC005985,beneficiary,2026-09-22T22:57:00,0
AC005986,victim,2026-09-18T13:11:00,0
AC005987,mule,2026-09-18T13:11:00,0
AC005988,mule,2026-09-18T13:40:00,0
AC005989,mule,2026-09-18T13:53:00,0
AC005990,beneficiary,2026-09-18T13:59:00,0
AC005991,victim,2026-09-21T04:05:00,0
AC005992,mule,2026-09-21T04:05:00,0
AC005993,beneficiary,2026-09-21T04:12:00,0
AC005994,victim,2026-09-26T12:22:00,0
AC005995,victim,2026-09-23T22:49:00,0
AC005996,beneficiary,2026-09-23T22:49:00,0
AC005997,victim,2026-09-02T23:42:00,0
AC005998,beneficiary,2026-09-02T23:42:00,0
AC005999,victim,2026-10-01T02:27:00,0
AC006000,beneficiary,2026-10-01T02:27:00,0
AC006001,victim,2026-09-22T07:22:00,0
AC006002,mule,2026-09-22T07:22:00,0
AC006003,mule,2026-09-22T07:32:00,0
AC006004,mule,2026-09-22T07:32:00,0
AC006005,beneficiary,2026-09-22T07:52:00,0
AC006006,victim,2026-09-04T15:09:00,0
AC006007,mule,2026-09-04T15:09:00,0
AC006008,mule,2026-09-04T15:14:00,0
AC006009,mule,2026-09-04T15:41:00,0
AC006010,mule,2026-09-04T16:10:00,0
AC006011,beneficiary,2026-09-04T16:38:00,0
AC006012,victim,2026-09-23T14:46:00,0
AC006013,mule,2026-09-23T14:46:00,0
AC006014,mule,2026-09-23T15:26:00,0
AC006015,beneficiary,2026-09-23T15:54:00,0
AC006016,victim,2026-09-09T02:12:00,0
AC006017,mule,2026-09-09T02:12:00,0
AC006018,mule,2026-09-09T02:21:00,0
AC006019,beneficiary,2026-09-09T02:26:00,0
AC006020,victim,2026-09-05T06:43:00,0
AC006021,mule,2026-09-05T06:43:00,0
AC006022,beneficiary,2026-09-05T07:04:00,0
AC006023,victim,2026-09-28T21:51:00,0
AC006024,mule,2026-09-28T21:51:00,0
AC006025,beneficiary,2026-09-28T22:11:00,0
AC006026,victim,2026-09-11T20:44:00,0
AC006027,mule,2026-09-11T20:44:00,0
AC006028,beneficiary,2026-09-11T20:50:00,0
AC006029,victim,2026-09-12T03:17:00,0
AC006030,mule,2026-09-12T03:17:00,0
AC006031,beneficiary,2026-09-12T03:21:00,0
AC006032,victim,2026-09-28T04:41:00,0
AC006033,mule,2026-09-28T04:41:00,0
AC006034,mule,2026-09-28T04:57:00,0
AC006035,beneficiary,2026-09-28T05:17:00,0
AC006036,victim,2026-09-27T10:50:00,0
AC006037,victim,2026-09-29T17:47:00,0
AC006038,mule,2026-09-29T17:47:00,0
AC006039,beneficiary,2026-09-29T18:16:00,0
AC006040,victim,2026-09-14T11:22:00,0
AC006041,victim,2026-09-22T20:33:00,0
AC006042,beneficiary,2026-09-22T20:33:00,0
AC006043,victim,2026-09-08T04:03:00,0
AC006044,mule,2026-09-08T04:03:00,0
AC006045,mule,2026-09-08T04:09:00,0
AC006046,beneficiary,2026-09-08T04:35:00,0
AC006047,victim,2026-09-09T19:18:00,0
AC006048,beneficiary,2026-09-09T19:18:00,0
AC006049,victim,2026-09-19T07:51:00,0
AC006050,mule,2026-09-19T07:51:00,0
AC006051,victim,2026-09-13T17:39:00,0
AC006052,mule,2026-09-13T17:39:00,0
AC006053,beneficiary,2026-09-13T17:44:00,0
AC006054,victim,2026-09-25T21:41:00,0
AC006055,beneficiary,2026-09-25T21:41:00,0
AC006056,victim,2026-09-25T03:00:00,0
AC006057,mule,2026-09-25T03:00:00,0
AC006058,beneficiary,2026-09-25T03:17:00,0
AC006059,victim,2026-09-02T08:08:00,0
AC006060,mule,2026-09-02T08:08:00,0
AC006061,mule,2026-09-02T08:32:00,0
AC006062,mule,2026-09-02T08:49:00,0
AC006063,beneficiary,2026-09-02T09:04:00,0
AC006064,victim,2026-09-12T20:53:00,0
AC006065,mule,2026-09-12T20:53:00,0
AC006066,mule,2026-09-12T21:06:00,0
AC006067,mule,2026-09-12T21:29:00,0
AC006068,beneficiary,2026-09-12T21:37:00,0
AC006069,victim,2026-09-27T10:08:00,0
AC006070,beneficiary,2026-09-27T10:22:00,0
AC006071,victim,2026-09-04T08:45:00,0
AC006072,mule,2026-09-04T08:45:00,0
AC006073,mule,2026-09-04T08:48:00,0
AC006074,mule,2026-09-04T08:48:00,0
AC006075,beneficiary,2026-09-04T08:50:00,0
AC006076,victim,2026-09-18T12:03:00,0
AC006077,mule,2026-09-18T12:03:00,0
AC006078,mule,2026-09-18T12:19:00,0
AC006079,beneficiary,2026-09-18T12:43:00,0
AC006080,victim,2026-09-13T15:51:00,0
AC006081,mule,2026-09-13T15:51:00,0
AC006082,beneficiary,2026-09-13T16:02:00,0
AC006083,victim,2026-09-07T12:22:00,0
AC006084,beneficiary,2026-09-07T12:22:00,0
AC006085,victim,2026-09-21T12:04:00,0
AC006086,beneficiary,2026-09-21T12:04:00,0
AC006087,victim,2026-09-10T01:32:00,0
AC006088,mule,2026-09-10T01:32:00,0
AC006089,mule,2026-09-10T01:34:00,0
AC006090,victim,2026-09-29T20:20:00,0
AC006091,mule,2026-09-29T20:20:00,0
AC006092,beneficiary,2026-09-29T20:43:00,0
AC006093,victim,2026-09-16T12:19:00,0
AC006094,beneficiary,2026-09-16T12:19:00,0
AC006095,victim,2026-09-05T02:20:00,0
AC006096,mule,2026-09-05T02:20:00,0
AC006097,mule,2026-09-05T02:30:00,0
AC006098,victim,2026-09-15T18:21:00,0
AC006099,mule,2026-09-15T18:21:00,0
AC006100,beneficiary,2026-09-15T18:47:00,0
AC006101,victim,2026-09-05T09:30:00,0
AC006102,beneficiary,2026-09-05T09:30:00,0
AC006103,victim,2026-09-19T16:24:00,0
AC006104,mule,2026-09-19T16:24:00,0
AC006105,beneficiary,2026-09-19T16:51:00,0
AC006106,victim,2026-09-25T21:48:00,0
AC006107,mule,2026-09-25T21:48:00,0
AC006108,mule,2026-09-25T22:05:00,0
AC006109,beneficiary,2026-09-25T22:32:00,0
AC006110,victim,2026-09-13T17:11:00,0
AC006111,mule,2026-09-13T17:11:00,0
AC006112,beneficiary,2026-09-13T17:21:00,0
AC006113,victim,2026-09-04T13:43:00,0
AC006114,mule,2026-09-04T13:43:00,0
AC006115,mule,2026-09-04T14:15:00,0
AC006116,mule,2026-09-04T14:27:00,0
AC006117,victim,2026-09-24T17:48:00,0
AC006118,beneficiary,2026-09-24T17:48:00,0
AC006119,victim,2026-09-26T18:00:00,0
AC006120,mule,2026-09-26T18:00:00,0
AC006121,mule,2026-09-26T18:07:00,0
AC006122,beneficiary,2026-09-26T18:36:00,0
AC006123,victim,2026-09-02T03:19:00,0
AC006124,mule,2026-09-02T03:19:00,0
AC006125,mule,2026-09-02T03:42:00,0
AC006126,beneficiary,2026-09-02T03:48:00,0
AC006127,victim,2026-09-01T21:09:00,0
AC006128,beneficiary,2026-09-01T21:09:00,0
AC006129,victim,2026-09-20T05:22:00,0
AC006130,beneficiary,2026-09-20T05:22:00,0
AC006131,victim,2026-09-21T01:20:00,0
AC006132,mule,2026-09-21T01:20:00,0
AC006133,mule,2026-09-21T01:49:00,0
AC006134,beneficiary,2026-09-21T02:00:00,0
AC006135,victim,2026-09-20T16:28:00,0
AC006136,mule,2026-09-20T16:28:00,0
AC006137,mule,2026-09-20T16:30:00,0
AC006138,beneficiary,2026-09-20T16:44:00,0
AC006139,victim,2026-09-04T00:38:00,0
AC006140,mule,2026-09-04T00:38:00,0
AC006141,beneficiary,2026-09-04T00:45:00,0
AC006142,victim,2026-09-12T05:48:00,0
AC006143,mule,2026-09-12T05:48:00,0
AC006144,beneficiary,2026-09-12T06:02:00,0
AC006145,victim,2026-09-13T14:50:00,0
AC006146,mule,2026-09-13T14:50:00,0
AC006147,mule,2026-09-13T14:54:00,0
AC006148,beneficiary,2026-09-13T15:00:00,0
AC006149,victim,2026-09-28T13:53:00,0
AC006150,mule,2026-09-28T13:53:00,0
AC006151,beneficiary,2026-09-28T14:00:00,0
AC006152,victim,2026-09-11T05:19:00,0
AC006153,mule,2026-09-11T05:19:00,0
AC006154,victim,2026-09-15T10:59:00,0
AC006155,mule,2026-09-15T10:59:00,0
AC006156,beneficiary,2026-09-15T11:00:00,0
AC006157,victim,2026-09-10T19:58:00,0
AC006158,mule,2026-09-10T19:58:00,0
AC006159,beneficiary,2026-09-10T20:22:00,0
AC006160,victim,2026-09-25T02:05:00,0
AC006161,mule,2026-09-25T02:05:00,0
AC006162,beneficiary,2026-09-25T02:23:00,0
AC006163,victim,2026-09-07T19:22:00,0
AC006164,mule,2026-09-07T19:22:00,0
AC006165,beneficiary,2026-09-07T19:39:00,0
AC006166,victim,2026-09-10T06:30:00,0
AC006167,mule,2026-09-10T06:30:00,0
AC006168,mule,2026-09-10T06:36:00,0
AC006169,mule,2026-09-10T06:40:00,0
AC006170,beneficiary,2026-09-10T06:58:00,0
AC006171,victim,2026-09-02T06:57:00,0
AC006172,mule,2026-09-02T06:57:00,0
AC006173,mule,2026-09-02T07:08:00,0
AC006174,beneficiary,2026-09-02T07:33:00,0
AC006175,victim,2026-09-30T19:15:00,0
AC006176,beneficiary,2026-09-30T19:15:00,0
AC006177,victim,2026-09-27T12:14:00,0
AC006178,beneficiary,2026-09-27T12:14:00,0
AC006179,victim,2026-09-07T22:09:00,0
AC006180,mule,2026-09-07T22:09:00,0
AC006181,mule,2026-09-07T22:19:00,0
AC006182,beneficiary,2026-09-07T22:31:00,0
AC006183,victim,2026-09-28T09:30:00,0
AC006184,mule,2026-09-28T09:30:00,0
AC006185,mule,2026-09-28T09:41:00,0
AC006186,beneficiary,2026-09-28T09:50:00,0
AC006187,victim,2026-09-08T01:25:00,0
AC006188,beneficiary,2026-09-08T01:25:00,0
AC006189,victim,2026-09-17T05:18:00,0
AC006190,mule,2026-09-17T05:18:00,0
AC006191,beneficiary,2026-09-17T05:44:00,0
AC006192,victim,2026-09-20T15:23:00,0
AC006193,beneficiary,2026-09-20T15:23:00,0
AC006194,victim,2026-09-08T06:29:00,0
AC006195,mule,2026-09-08T06:29:00,0
AC006196,beneficiary,2026-09-08T06:43:00,0
AC006197,victim,2026-09-29T07:13:00,0
AC006198,beneficiary,2026-09-29T07:13:00,0
AC006199,victim,2026-09-12T11:42:00,0
AC006200,mule,2026-09-12T11:42:00,0
AC006201,mule,2026-09-12T12:08:00,0
AC006202,beneficiary,2026-09-12T12:23:00,0
AC006203,victim,2026-09-27T07:25:00,0
AC006204,mule,2026-09-27T07:25:00,0
AC006205,beneficiary,2026-09-27T07:54:00,0
AC006206,victim,2026-09-24T02:49:00,0
AC006207,mule,2026-09-24T02:49:00,0
AC006208,victim,2026-09-08T01:37:00,0
AC006209,mule,2026-09-08T01:37:00,0
AC006210,beneficiary,2026-09-08T02:02:00,0
AC006211,victim,2026-09-09T07:07:00,0
AC006212,mule,2026-09-09T07:07:00,0
AC006213,mule,2026-09-09T07:19:00,0
AC006214,victim,2026-09-14T21:18:00,0
AC006215,mule,2026-09-14T21:18:00,0
AC006216,beneficiary,2026-09-14T21:32:00,0
AC006217,victim,2026-09-03T06:21:00,0
AC006218,mule,2026-09-03T06:21:00,0
AC006219,mule,2026-09-03T06:31:00,0
AC006220,mule,2026-09-03T06:44:00,0
AC006221,beneficiary,2026-09-03T07:15:00,0
AC006222,victim,2026-09-01T07:23:00,0
AC006223,mule,2026-09-01T07:23:00,0
AC006224,mule,2026-09-01T07:46:00,0
AC006225,mule,2026-09-01T07:46:00,0
AC006226,beneficiary,2026-09-01T08:11:00,0
AC006227,victim,2026-09-05T13:24:00,0
AC006228,mule,2026-09-05T13:24:00,0
AC006229,mule,2026-09-05T13:36:00,0
AC006230,beneficiary,2026-09-05T13:55:00,0
AC006231,victim,2026-09-28T05:50:00,0
AC006232,mule,2026-09-28T05:50:00,0
AC006233,beneficiary,2026-09-28T05:52:00,0
AC006234,victim,2026-09-10T12:49:00,0
AC006235,mule,2026-09-10T12:49:00,0
AC006236,victim,2026-09-03T03:58:00,0
AC006237,mule,2026-09-03T03:58:00,0
AC006238,beneficiary,2026-09-03T04:24:00,0
AC006239,victim,2026-09-08T06:45:00,0
AC006240,mule,2026-09-08T06:48:00,0
AC006241,mule,2026-09-08T07:16:00,0
AC006242,beneficiary,2026-09-08T07:41:00,0
AC006243,victim,2026-09-05T11:54:00,0
AC006244,beneficiary,2026-09-05T11:54:00,0
AC006245,victim,2026-09-29T05:17:00,0
AC006246,mule,2026-09-29T05:17:00,0
AC006247,beneficiary,2026-09-29T05:28:00,0
AC006248,victim,2026-09-28T13:23:00,0
AC006249,mule,2026-09-28T13:23:00,0
AC006250,mule,2026-09-28T13:45:00,0
AC006251,mule,2026-09-28T14:13:00,0
AC006252,mule,2026-09-28T14:31:00,0
AC006253,beneficiary,2026-09-28T14:32:00,0
AC006254,victim,2026-09-19T16:18:00,0
AC006255,beneficiary,2026-09-19T16:18:00,0
AC006256,victim,2026-09-12T22:20:00,0
AC006257,beneficiary,2026-09-12T22:20:00,0
AC006258,victim,2026-09-16T09:05:00,0
AC006259,mule,2026-09-16T09:05:00,0
AC006260,beneficiary,2026-09-16T09:27:00,0
AC006261,victim,2026-09-23T10:03:00,0
AC006262,beneficiary,2026-09-23T10:24:00,0
AC006263,victim,2026-09-29T18:57:00,0
AC006264,mule,2026-09-29T18:57:00,0
AC006265,beneficiary,2026-09-29T19:09:00,0
AC006266,victim,2026-09-29T22:08:00,0
AC006267,mule,2026-09-29T22:08:00,0
AC006268,beneficiary,2026-09-29T22:29:00,0
AC006269,victim,2026-09-05T02:37:00,0
AC006270,mule,2026-09-05T02:37:00,0
AC006271,mule,2026-09-05T03:00:00,0
AC006272,beneficiary,2026-09-05T03:24:00,0
AC006273,victim,2026-09-18T01:40:00,0
AC006274,mule,2026-09-18T01:40:00,0
AC006275,beneficiary,2026-09-18T02:34:00,0
AC006276,victim,2026-09-16T17:35:00,0
AC006277,mule,2026-09-16T17:35:00,0
AC006278,mule,2026-09-16T17:35:00,0
AC006279,beneficiary,2026-09-16T17:51:00,0
AC006280,victim,2026-09-29T17:41:00,0
AC006281,mule,2026-09-29T17:41:00,0
AC006282,beneficiary,2026-09-29T17:43:00,0
AC006283,victim,2026-09-11T17:09:00,0
AC006284,beneficiary,2026-09-11T17:09:00,0
AC006285,victim,2026-09-11T13:05:00,0
AC006286,mule,2026-09-11T13:05:00,0
AC006287,mule,2026-09-11T13:07:00,0
AC006288,mule,2026-09-11T13:32:00,0
AC006289,mule,2026-09-11T13:40:00,0
AC006290,beneficiary,2026-09-11T14:00:00,0
AC006291,victim,2026-09-25T09:53:00,0
AC006292,mule,2026-09-25T09:53:00,0
AC006293,beneficiary,2026-09-25T10:12:00,0
AC006294,victim,2026-09-16T21:31:00,0
AC006295,mule,2026-09-16T21:31:00,0
AC006296,mule,2026-09-16T21:44:00,0
AC006297,mule,2026-09-16T21:55:00,0
AC006298,beneficiary,2026-09-16T22:04:00,0
AC006299,victim,2026-09-23T17:34:00,0
AC006300,mule,2026-09-23T17:34:00,0
AC006301,beneficiary,2026-09-23T17:39:00,0
AC006302,victim,2026-09-12T14:33:00,0
AC006303,mule,2026-09-12T14:33:00,0
AC006304,beneficiary,2026-09-12T14:56:00,0
AC006305,victim,2026-09-03T06:20:00,0
AC006306,mule,2026-09-03T06:20:00,0
AC006307,mule,2026-09-03T06:35:00,0
AC006308,beneficiary,2026-09-03T06:58:00,0
AC006309,victim,2026-09-07T10:50:00,0
AC006310,beneficiary,2026-09-07T10:50:00,0
