complaint_id,actual_zone_id,actual_time,atm_id,recovered
CYB-2026-10000,Z005,2026-09-06T08:12:00,ATM-Z005-01,False
CYB-2026-10001,Z000,2026-09-11T21:07:00,ATM-Z000-06,True
CYB-2026-10002,Z012,2026-09-08T09:52:00,ATM-Z012-03,True
CYB-2026-10003,Z007,2026-09-17T17:36:00,ATM-Z007-03,True
CYB-2026-10004,Z017,2026-09-08T17:45:00,ATM-Z017-03,True
CYB-2026-10005,Z014,2026-09-11T16:39:00,ATM-Z014-02,False
CYB-2026-10006,Z010,2026-09-25T19:02:00,ATM-Z010-06,False
CYB-2026-10007,Z000,2026-09-20T12:21:00,ATM-Z000-03,True
CYB-2026-10008,Z016,2026-09-06T09:37:00,ATM-Z016-02,True
CYB-2026-10009,Z006,2026-09-25T19:52:00,ATM-Z006-05,True
CYB-2026-10010,Z004,2026-09-22T22:15:00,ATM-Z004-02,False
CYB-2026-10011,Z009,2026-09-02T06:56:00,ATM-Z009-01,False
CYB-2026-10012,Z007,2026-09-17T10:30:00,ATM-Z007-02,True
CYB-2026-10013,Z007,2026-09-21T10:31:00,ATM-Z007-04,True
CYB-2026-10014,Z015,2026-09-03T22:39:00,ATM-Z015-05,True
CYB-2026-10015,Z000,2026-09-15T13:13:00,ATM-Z000-01,True
CYB-2026-10016,Z006,2026-09-12T11:28:00,ATM-Z006-03,True
CYB-2026-10017,Z000,2026-09-30T16:06:00,ATM-Z000-02,True
CYB-2026-10018,Z000,2026-09-12T09:25:00,ATM-Z000-06,False
CYB-2026-10019,Z006,2026-09-13T07:23:00,ATM-Z006-01,True
CYB-2026-10020,Z004,2026-09-03T06:46:00,ATM-Z004-03,True
CYB-2026-10021,Z004,2026-09-20T20:42:00,ATM-Z004-02,True
CYB-2026-10022,Z006,2026-09-20T01:18:00,ATM-Z006-02,False
CYB-2026-10023,Z005,2026-09-10T01:42:00,ATM-Z005-01,True
CYB-2026-10024,Z009,2026-09-09T10:20:00,ATM-Z009-05,True
CYB-2026-10025,Z005,2026-09-10T05:50:00,ATM-Z005-05,True
CYB-2026-10026,Z015,2026-09-16T05:05:00,ATM-Z015-04,True
CYB-2026-10027,Z005,2026-09-24T13:03:00,ATM-Z005-01,False
CYB-2026-10028,Z003,2026-09-29T03:10:00,ATM-Z003-02,True
CYB-2026-10029,Z001,2026-09-24T20:20:00,ATM-Z001-05,True
CYB-2026-10030,Z015,2026-09-29T04:29:00,ATM-Z015-03,True
CYB-2026-10031,Z012,2026-09-04T22:38:00,ATM-Z012-04,True
CYB-2026-10032,Z006,2026-09-20T10:41:00,ATM-Z006-05,True
CYB-2026-10033,Z013,2026-09-28T17:19:00,ATM-Z013-04,True
CYB-2026-10034,Z012,2026-09-25T13:57:00,ATM-Z012-04,False
CYB-2026-10035,Z007,2026-09-12T17:37:00,ATM-Z007-05,False
CYB-2026-10036,Z005,2026-09-22T19:48:00,ATM-Z005-05,False
CYB-2026-10037,Z003,2026-09-27T13:43:00,ATM-Z003-06,True
CYB-2026-10038,Z015,2026-09-08T08:04:00,ATM-Z015-04,True
CYB-2026-10039,Z005,2026-09-18T12:44:00,ATM-Z005-05,False
CYB-2026-10040,Z004,2026-09-05T04:13:00,ATM-Z004-06,True
CYB-2026-10041,Z015,2026-09-26T12:18:00,ATM-Z015-06,False
CYB-2026-10042,Z005,2026-09-23T08:28:00,ATM-Z005-06,True
CYB-2026-10043,Z015,2026-09-23T14:27:00,ATM-Z015-04,True
CYB-2026-10044,Z010,2026-09-29T22:18:00,ATM-Z010-04,True
CYB-2026-10045,Z013,2026-09-11T13:22:00,ATM-Z013-02,True
CYB-2026-10046,Z009,2026-09-04T23:43:00,ATM-Z009-03,True
CYB-2026-10047,Z004,2026-09-28T02:33:00,ATM-Z004-02,True
CYB-2026-10048,Z016,2026-09-27T04:23:00,ATM-Z016-04,False
CYB-2026-10049,Z001,2026-09-20T23:17:00,ATM-Z001-06,True
CYB-2026-10050,Z009,2026-09-09T13:01:00,ATM-Z009-04,False
CYB-2026-10051,Z009,2026-09-16T00:05:00,ATM-Z009-06,True
CYB-2026-10052,Z005,2026-09-08T11:49:00,ATM-Z005-04,True
CYB-2026-10053,Z008,2026-09-24T10:50:00,ATM-Z008-06,False
CYB-2026-10054,Z012,2026-09-27T16:08:00,ATM-Z012-05,True
CYB-2026-10055,Z014,2026-09-03T07:43:00,ATM-Z014-04,False
CYB-2026-10056,Z015,2026-09-19T23:44:00,ATM-Z015-01,True
CYB-2026-10057,Z001,2026-09-30T00:38:00,ATM-Z001-01,False
CYB-2026-10058,Z002,2026-09-20T22:20:00,ATM-Z002-06,True
CYB-2026-10059,Z015,2026-09-21T08:58:00,ATM-Z015-04,True
CYB-2026-10060,Z010,2026-09-14T18:52:00,ATM-Z010-03,False
CYB-2026-10061,Z004,2026-09-29T12:49:00,ATM-Z004-03,True
CYB-2026-10062,Z007,2026-09-09T08:54:00,ATM-Z007-03,False
CYB-2026-10063,Z007,2026-09-01T22:05:00,ATM-Z007-05,True
CYB-2026-10064,Z010,2026-09-16T05:05:00,ATM-Z010-04,True
CYB-2026-10065,Z019,2026-09-25T20:30:00,ATM-Z019-01,True
CYB-2026-10066,Z005,2026-09-21T11:08:00,ATM-Z005-01,True
CYB-2026-10067,Z005,2026-09-07T00:36:00,ATM-Z005-03,True
CYB-2026-10068,Z000,2026-09-02T10:24:00,ATM-Z000-04,True
CYB-2026-10069,Z012,2026-09-28T08:11:00,ATM-Z012-06,False
CYB-2026-10070,Z005,2026-09-21T11:09:00,ATM-Z005-04,True
CYB-2026-10071,Z015,2026-09-05T19:46:00,ATM-Z015-06,True
CYB-2026-10072,Z003,2026-09-05T10:48:00,ATM-Z003-06,False
CYB-2026-10073,Z008,2026-09-28T15:15:00,ATM-Z008-04,True
CYB-2026-10074,Z010,2026-09-29T05:52:00,ATM-Z010-04,False
CYB-2026-10075,Z001,2026-09-30T02:09:00,ATM-Z001-05,True
CYB-2026-10076,Z003,2026-09-08T08:30:00,ATM-Z003-03,False
CYB-2026-10077,Z012,2026-09-06T10:47:00,ATM-Z012-04,True
CYB-2026-10078,Z000,2026-09-01T14:54:00,ATM-Z000-06,True
CYB-2026-10079,Z006,2026-09-18T13:57:00,ATM-Z006-04,False
CYB-2026-10080,Z003,2026-09-09T03:12:00,ATM-Z003-06,False
CYB-2026-10081,Z013,2026-09-10T02:35:00,ATM-Z013-06,True
CYB-2026-10082,Z012,2026-09-27T16:14:00,ATM-Z012-01,True
CYB-2026-10083,Z003,2026-09-15T09:41:00,ATM-Z003-05,True
CYB-2026-10084,Z014,2026-09-03T03:13:00,ATM-Z014-06,False
CYB-2026-10085,Z001,2026-09-09T03:16:00,ATM-Z001-06,True
CYB-2026-10086,Z009,2026-09-16T06:55:00,ATM-Z009-05,True
CYB-2026-10087,Z002,2026-09-15T08:48:00,ATM-Z002-03,True
CYB-2026-10088,Z007,2026-09-10T00:50:00,ATM-Z007-06,True
CYB-2026-10089,Z015,2026-09-21T05:05:00,ATM-Z015-03,True
CYB-2026-10090,Z001,2026-09-21T08:15:00,ATM-Z001-05,True
CYB-2026-10091,Z004,2026-09-24T17:40:00,ATM-Z004-02,True
CYB-2026-10092,Z009,2026-09-02T15:27:00,ATM-Z009-02,True
CYB-2026-10093,Z015,2026-09-21T17:26:00,ATM-Z015-01,False
CYB-2026-10094,Z015,2026-09-30T08:27:00,ATM-Z015-05,True
CYB-2026-10095,Z012,2026-09-20T05:39:00,ATM-Z012-02,True
CYB-2026-10096,Z014,2026-09-05T23:53:00,ATM-Z014-06,False
CYB-2026-10097,Z004,2026-09-04T04:14:00,ATM-Z004-03,True
CYB-2026-10098,Z003,2026-10-01T02:38:00,ATM-Z003-04,True
CYB-2026-10099,Z008,2026-09-24T23:58:00,ATM-Z008-03,True
CYB-2026-10100,Z000,2026-09-04T16:25:00,ATM-Z000-06,True
CYB-2026-10101,Z008,2026-09-27T04:09:00,ATM-Z008-03,True
CYB-2026-10102,Z006,2026-09-06T10:57:00,ATM-Z006-02,True
CYB-2026-10103,Z008,2026-09-09T04:13:00,ATM-Z008-02,True
CYB-2026-10104,Z006,2026-09-23T19:30:00,ATM-Z006-01,False
CYB-2026-10105,Z016,2026-09-30T13:20:00,ATM-Z016-02,False
CYB-2026-10106,Z001,2026-09-11T13:15:00,ATM-Z001-01,True
CYB-2026-10107,Z006,2026-09-28T04:53:00,ATM-Z006-04,True
CYB-2026-10108,Z010,2026-09-14T10:49:00,ATM-Z010-04,True
CYB-2026-10109,Z004,2026-09-10T15:50:00,ATM-Z004-05,False
CYB-2026-10110,Z018,2026-09-22T12:52:00,ATM-Z018-02,True
CYB-2026-10111,Z015,2026-09-24T18:09:00,ATM-Z015-05,False
CYB-2026-10112,Z002,2026-09-20T21:16:00,ATM-Z002-05,True
CYB-2026-10113,Z012,2026-09-14T00:02:00,ATM-Z012-05,True
CYB-2026-10114,Z010,2026-09-03T03:20:00,ATM-Z010-05,False
CYB-2026-10115,Z011,2026-09-15T18:36:00,ATM-Z011-04,True
CYB-2026-10116,Z005,2026-09-29T22:21:00,ATM-Z005-02,True
CYB-2026-10117,Z004,2026-09-02T17:48:00,ATM-Z004-06,True
CYB-2026-10118,Z010,2026-09-07T13:31:00,ATM-Z010-06,True
CYB-2026-10119,Z005,2026-09-30T13:08:00,ATM-Z005-03,True
CYB-2026-10120,Z012,2026-09-13T18:02:00,ATM-Z012-02,False
CYB-2026-10121,Z013,2026-09-13T14:29:00,ATM-Z013-01,False
CYB-2026-10122,Z002,2026-09-22T20:16:00,ATM-Z002-02,True
CYB-2026-10123,Z000,2026-09-02T23:03:00,ATM-Z000-01,False
CYB-2026-10124,Z010,2026-09-28T16:57:00,ATM-Z010-06,True
CYB-2026-10125,Z003,2026-09-09T18:50:00,ATM-Z003-04,False
CYB-2026-10126,Z003,2026-09-16T07:22:00,ATM-Z003-04,False
CYB-2026-10127,Z005,2026-09-28T20:46:00,ATM-Z005-01,True
CYB-2026-10128,Z003,2026-09-04T01:37:00,ATM-Z003-06,True
CYB-2026-10129,Z002,2026-09-24T12:03:00,ATM-Z002-03,True
CYB-2026-10130,Z001,2026-09-11T04:08:00,ATM-Z001-06,True
CYB-2026-10131,Z001,2026-09-20T10:03:00,ATM-Z001-05,True
CYB-2026-10132,Z004,2026-09-11T10:28:00,ATM-Z004-01,True
CYB-2026-10133,Z007,2026-09-29T07:54:00,ATM-Z007-02,True
CYB-2026-10134,Z002,2026-09-07T15:35:00,ATM-Z002-02,True
CYB-2026-10135,Z012,2026-09-11T08:40:00,ATM-Z012-03,True
CYB-2026-10136,Z001,2026-09-08T03:09:00,ATM-Z001-05,True
CYB-2026-10137,Z006,2026-09-12T09:08:00,ATM-Z006-02,True
CYB-2026-10138,Z009,2026-09-15T03:57:00,ATM-Z009-06,True
CYB-2026-10139,Z009,2026-09-17T16:21:00,ATM-Z009-02,True
CYB-2026-10140,Z008,2026-09-27T06:38:00,ATM-Z008-05,True
CYB-2026-10141,Z007,2026-09-25T02:41:00,ATM-Z007-02,False
CYB-2026-10142,Z013,2026-09-22T01:21:00,ATM-Z013-03,False
CYB-2026-10143,Z001,2026-09-20T20:33:00,ATM-Z001-04,False
CYB-2026-10144,Z007,2026-09-22T04:36:00,ATM-Z007-04,True
CYB-2026-10145,Z000,2026-09-16T08:35:00,ATM-Z000-05,True
CYB-2026-10146,Z009,2026-09-09T10:36:00,ATM-Z009-02,True
CYB-2026-10147,Z010,2026-09-25T22:29:00,ATM-Z010-03,True
CYB-2026-10148,Z008,2026-09-23T15:26:00,ATM-Z008-03,True
CYB-2026-10149,Z000,2026-09-01T12:02:00,ATM-Z000-05,True
CYB-2026-10150,Z008,2026-09-18T20:21:00,ATM-Z008-04,True
CYB-2026-10151,Z003,2026-09-12T19:24:00,ATM-Z003-02,True
CYB-2026-10152,Z002,2026-09-14T14:07:00,ATM-Z002-04,True
CYB-2026-10153,Z005,2026-09-04T10:04:00,ATM-Z005-04,False
CYB-2026-10154,Z010,2026-09-23T02:54:00,ATM-Z010-06,True
CYB-2026-10155,Z012,2026-09-30T15:45:00,ATM-Z012-06,True
CYB-2026-10156,Z010,2026-09-08T03:49:00,ATM-Z010-03,True
CYB-2026-10157,Z008,2026-09-21T21:37:00,ATM-Z008-05,True
CYB-2026-10158,Z015,2026-09-11T19:56:00,ATM-Z015-06,False
CYB-2026-10159,Z008,2026-09-04T04:58:00,ATM-Z008-05,False
CYB-2026-10160,Z000,2026-09-14T19:24:00,ATM-Z000-04,False
CYB-2026-10161,Z001,2026-09-25T17:04:00,ATM-Z001-03,True
CYB-2026-10162,Z007,2026-09-07T12:05:00,ATM-Z007-04,True
CYB-2026-10163,Z007,2026-09-26T08:40:00,ATM-Z007-03,True
CYB-2026-10164,Z019,2026-09-21T06:02:00,ATM-Z019-05,False
CYB-2026-10165,Z006,2026-09-10T16:58:00,ATM-Z006-03,True
CYB-2026-10166,Z005,2026-09-07T08:22:00,ATM-Z005-06,False
CYB-2026-10167,Z003,2026-09-22T02:15:00,ATM-Z003-03,True
CYB-2026-10168,Z000,2026-09-03T08:49:00,ATM-Z000-06,True
CYB-2026-10169,Z005,2026-09-14T23:52:00,ATM-Z005-04,True
CYB-2026-10170,Z005,2026-09-11T22:14:00,ATM-Z005-01,False
CYB-2026-10171,Z002,2026-09-06T21:44:00,ATM-Z002-02,True
CYB-2026-10172,Z001,2026-09-10T23:12:00,ATM-Z001-02,False
CYB-2026-10173,Z005,2026-09-05T02:56:00,ATM-Z005-06,True
CYB-2026-10174,Z004,2026-09-03T18:23:00,ATM-Z004-05,True
CYB-2026-10175,Z010,2026-09-09T03:14:00,ATM-Z010-03,True
CYB-2026-10176,Z012,2026-09-20T04:18:00,ATM-Z012-02,True
CYB-2026-10177,Z004,2026-09-25T16:41:00,ATM-Z004-03,True
CYB-2026-10178,Z016,2026-09-09T06:12:00,ATM-Z016-02,True
CYB-2026-10179,Z005,2026-09-13T12:00:00,ATM-Z005-04,True
CYB-2026-10180,Z005,2026-09-18T00:15:00,ATM-Z005-04,True
CYB-2026-10181,Z004,2026-09-09T10:09:00,ATM-Z004-02,False
CYB-2026-10182,Z010,2026-09-03T09:26:00,ATM-Z010-03,True
CYB-2026-10183,Z004,2026-09-22T10:33:00,ATM-Z004-06,True
CYB-2026-10184,Z016,2026-09-01T09:20:00,ATM-Z016-04,True
CYB-2026-10185,Z000,2026-09-27T16:41:00,ATM-Z000-02,False
CYB-2026-10186,Z003,2026-09-19T05:14:00,ATM-Z003-04,False
CYB-2026-10187,Z001,2026-09-05T09:37:00,ATM-Z001-05,False
CYB-2026-10188,Z002,2026-09-13T05:49:00,ATM-Z002-03,True
CYB-2026-10189,Z003,2026-09-02T06:51:00,ATM-Z003-01,True
CYB-2026-10190,Z015,2026-09-09T05:38:00,ATM-Z015-04,False
CYB-2026-10191,Z009,2026-09-18T20:00:00,ATM-Z009-05,True
CYB-2026-10192,Z009,2026-09-09T12:37:00,ATM-Z009-02,False
CYB-2026-10193,Z006,2026-09-17T15:31:00,ATM-Z006-06,False
CYB-2026-10194,Z009,2026-09-04T01:21:00,ATM-Z009-02,True
CYB-2026-10195,Z018,2026-09-29T05:46:00,ATM-Z018-01,False
CYB-2026-10196,Z010,2026-09-29T02:05:00,ATM-Z010-03,False
CYB-2026-10197,Z001,2026-09-04T08:16:00,ATM-Z001-04,True
CYB-2026-10198,Z009,2026-09-26T04:29:00,ATM-Z009-01,True
CYB-2026-10199,Z001,2026-09-16T15:50:00,ATM-Z001-06,True
CYB-2026-10200,Z012,2026-09-13T08:15:00,ATM-Z012-01,False
CYB-2026-10201,Z015,2026-09-29T17:14:00,ATM-Z015-04,True
CYB-2026-10202,Z001,2026-09-13T08:16:00,ATM-Z001-03,True
CYB-2026-10203,Z005,2026-09-05T16:53:00,ATM-Z005-01,True
CYB-2026-10204,Z000,2026-09-02T20:25:00,ATM-Z000-02,False
CYB-2026-10205,Z016,2026-09-21T02:08:00,ATM-Z016-06,True
CYB-2026-10206,Z018,2026-09-20T09:01:00,ATM-Z018-03,True
CYB-2026-10207,Z000,2026-09-20T01:48:00,ATM-Z000-03,False
CYB-2026-10208,Z008,2026-09-05T18:03:00,ATM-Z008-05,True
CYB-2026-10209,Z001,2026-09-15T10:08:00,ATM-Z001-01,True
CYB-2026-10210,Z008,2026-09-10T08:47:00,ATM-Z008-03,False
CYB-2026-10211,Z000,2026-09-08T16:12:00,ATM-Z000-06,False
CYB-2026-10212,Z001,2026-09-11T11:17:00,ATM-Z001-06,True
CYB-2026-10213,Z012,2026-09-19T08:59:00,ATM-Z012-03,False
CYB-2026-10214,Z019,2026-09-30T22:02:00,ATM-Z019-03,True
CYB-2026-10215,Z005,2026-09-02T10:39:00,ATM-Z005-05,True
CYB-2026-10216,Z008,2026-09-17T15:44:00,ATM-Z008-03,True
CYB-2026-10217,Z018,2026-09-17T10:46:00,ATM-Z018-04,True
CYB-2026-10218,Z013,2026-09-06T17:34:00,ATM-Z013-03,True
CYB-2026-10219,Z005,2026-09-04T23:13:00,ATM-Z005-01,False
CYB-2026-10220,Z008,2026-09-30T03:01:00,ATM-Z008-06,False
CYB-2026-10221,Z001,2026-09-12T14:47:00,ATM-Z001-05,True
CYB-2026-10222,Z002,2026-09-21T01:43:00,ATM-Z002-05,True
CYB-2026-10223,Z013,2026-09-03T11:06:00,ATM-Z013-06,False
CYB-2026-10224,Z000,2026-09-29T23:18:00,ATM-Z000-03,False
CYB-2026-10225,Z003,2026-09-23T22:10:00,ATM-Z003-01,True
CYB-2026-10226,Z005,2026-09-23T04:55:00,ATM-Z005-01,True
CYB-2026-10227,Z011,2026-09-12T22:11:00,ATM-Z011-06,False
CYB-2026-10228,Z005,2026-09-01T17:01:00,ATM-Z005-04,True
CYB-2026-10229,Z003,2026-09-18T22:44:00,ATM-Z003-01,True
CYB-2026-10230,Z008,2026-09-03T10:18:00,ATM-Z008-05,True
CYB-2026-10231,Z010,2026-09-03T18:56:00,ATM-Z010-04,True
CYB-2026-10232,Z019,2026-09-04T21:22:00,ATM-Z019-05,True
CYB-2026-10233,Z005,2026-09-22T01:15:00,ATM-Z005-06,True
CYB-2026-10234,Z001,2026-09-21T20:49:00,ATM-Z001-01,True
CYB-2026-10235,Z007,2026-09-07T16:18:00,ATM-Z007-06,True
CYB-2026-10236,Z005,2026-09-06T21:15:00,ATM-Z005-06,True
CYB-2026-10237,Z014,2026-09-18T22:02:00,ATM-Z014-04,True
CYB-2026-10238,Z005,2026-09-24T14:26:00,ATM-Z005-05,True
CYB-2026-10239,Z013,2026-09-15T23:05:00,ATM-Z013-05,False
CYB-2026-10240,Z007,2026-09-07T21:56:00,ATM-Z007-05,False
CYB-2026-10241,Z001,2026-09-05T23:51:00,ATM-Z001-03,False
CYB-2026-10242,Z007,2026-09-11T14:04:00,ATM-Z007-03,False
CYB-2026-10243,Z016,2026-09-08T08:53:00,ATM-Z016-05,False
CYB-2026-10244,Z019,2026-09-25T17:20:00,ATM-Z019-05,True
CYB-2026-10245,Z000,2026-09-01T16:25:00,ATM-Z000-05,True
CYB-2026-10246,Z000,2026-09-24T18:47:00,ATM-Z000-06,True
CYB-2026-10247,Z005,2026-09-20T14:20:00,ATM-Z005-05,False
CYB-2026-10248,Z004,2026-09-13T01:23:00,ATM-Z004-03,True
CYB-2026-10249,Z000,2026-09-14T11:13:00,ATM-Z000-05,False
CYB-2026-10250,Z000,2026-09-19T01:41:00,ATM-Z000-01,False
CYB-2026-10251,Z010,2026-09-28T11:40:00,ATM-Z010-03,False
CYB-2026-10252,Z011,2026-09-27T02:21:00,ATM-Z011-01,False
CYB-2026-10253,Z013,2026-09-10T01:46:00,ATM-Z013-03,False
CYB-2026-10254,Z005,2026-09-30T10:53:00,ATM-Z005-03,True
CYB-2026-10255,Z018,2026-09-25T19:55:00,ATM-Z018-05,False
CYB-2026-10256,Z000,2026-09-26T09:24:00,ATM-Z000-05,False
CYB-2026-10257,Z006,2026-09-29T05:05:00,ATM-Z006-03,True
CYB-2026-10258,Z008,2026-09-10T16:44:00,ATM-Z008-02,True
CYB-2026-10259,Z007,2026-09-17T22:37:00,ATM-Z007-02,False
CYB-2026-10260,Z001,2026-09-14T01:23:00,ATM-Z001-06,False
CYB-2026-10261,Z000,2026-09-23T01:22:00,ATM-Z000-02,True
CYB-2026-10262,Z000,2026-09-27T07:11:00,ATM-Z000-02,True
CYB-2026-10263,Z019,2026-09-23T05:22:00,ATM-Z019-04,True
CYB-2026-10264,Z017,2026-09-02T00:59:00,ATM-Z017-01,True
CYB-2026-10265,Z004,2026-09-28T19:01:00,ATM-Z004-01,True
CYB-2026-10266,Z002,2026-09-23T00:29:00,ATM-Z002-06,True
CYB-2026-10267,Z009,2026-09-25T17:58:00,ATM-Z009-01,True
CYB-2026-10268,Z015,2026-09-08T16:55:00,ATM-Z015-01,True
CYB-2026-10269,Z001,2026-09-18T18:38:00,ATM-Z001-06,True
CYB-2026-10270,Z002,2026-09-14T07:51:00,ATM-Z002-03,True
CYB-2026-10271,Z015,2026-09-27T23:51:00,ATM-Z015-02,True
CYB-2026-10272,Z008,2026-09-27T11:38:00,ATM-Z008-04,True
CYB-2026-10273,Z010,2026-09-23T07:11:00,ATM-Z010-04,True
CYB-2026-10274,Z010,2026-09-25T15:36:00,ATM-Z010-03,False
CYB-2026-10275,Z010,2026-09-13T12:29:00,ATM-Z010-02,True
CYB-2026-10276,Z011,2026-09-04T20:15:00,ATM-Z011-05,True
CYB-2026-10277,Z007,2026-09-09T16:26:00,ATM-Z007-03,True
CYB-2026-10278,Z002,2026-09-10T20:38:00,ATM-Z002-04,True
CYB-2026-10279,Z008,2026-09-18T00:05:00,ATM-Z008-04,True
CYB-2026-10280,Z006,2026-09-07T22:35:00,ATM-Z006-05,False
CYB-2026-10281,Z002,2026-09-08T16:55:00,ATM-Z002-04,False
CYB-2026-10282,Z005,2026-09-28T20:00:00,ATM-Z005-06,True
CYB-2026-10283,Z003,2026-09-18T14:34:00,ATM-Z003-02,True
CYB-2026-10284,Z002,2026-09-15T17:33:00,ATM-Z002-04,False
CYB-2026-10285,Z001,2026-09-22T19:18:00,ATM-Z001-03,False
CYB-2026-10286,Z001,2026-09-14T04:43:00,ATM-Z001-04,True
CYB-2026-10287,Z012,2026-09-13T16:41:00,ATM-Z012-06,True
CYB-2026-10288,Z007,2026-09-25T03:25:00,ATM-Z007-04,True
CYB-2026-10289,Z000,2026-09-23T16:07:00,ATM-Z000-02,True
CYB-2026-10290,Z007,2026-09-21T03:51:00,ATM-Z007-04,True
CYB-2026-10291,Z013,2026-09-29T05:05:00,ATM-Z013-06,True
CYB-2026-10292,Z006,2026-09-15T20:23:00,ATM-Z006-02,False
CYB-2026-10293,Z001,2026-09-23T17:50:00,ATM-Z001-04,False
CYB-2026-10294,Z007,2026-09-09T15:29:00,ATM-Z007-02,True
CYB-2026-10295,Z005,2026-09-15T11:17:00,ATM-Z005-03,True
CYB-2026-10296,Z000,2026-09-11T04:39:00,ATM-Z000-06,True
CYB-2026-10297,Z014,2026-09-05T08:50:00,ATM-Z014-06,True
CYB-2026-10298,Z005,2026-09-07T09:51:00,ATM-Z005-06,True
CYB-2026-10299,Z010,2026-09-26T13:14:00,ATM-Z010-03,True
CYB-2026-10300,Z004,2026-09-15T21:10:00,ATM-Z004-01,True
CYB-2026-10301,Z004,2026-09-09T10:08:00,ATM-Z004-01,True
CYB-2026-10302,Z001,2026-09-04T12:52:00,ATM-Z001-05,False
CYB-2026-10303,Z001,2026-09-15T02:30:00,ATM-Z001-06,True
CYB-2026-10304,Z005,2026-09-06T02:03:00,ATM-Z005-03,True
CYB-2026-10305,Z012,2026-09-16T01:59:00,ATM-Z012-01,True
CYB-2026-10306,Z016,2026-09-28T11:25:00,ATM-Z016-05,False
CYB-2026-10307,Z002,2026-09-22T05:30:00,ATM-Z002-05,True
CYB-2026-10308,Z001,2026-09-04T18:59:00,ATM-Z001-01,True
CYB-2026-10309,Z003,2026-09-17T04:37:00,ATM-Z003-06,False
CYB-2026-10310,Z002,2026-09-19T03:31:00,ATM-Z002-05,True
CYB-2026-10311,Z013,2026-09-19T10:52:00,ATM-Z013-05,True
CYB-2026-10312,Z005,2026-09-25T02:53:00,ATM-Z005-06,True
CYB-2026-10313,Z003,2026-09-17T03:12:00,ATM-Z003-06,False
CYB-2026-10314,Z013,2026-09-07T23:34:00,ATM-Z013-05,True
CYB-2026-10315,Z008,2026-09-26T06:43:00,ATM-Z008-03,True
CYB-2026-10316,Z005,2026-09-18T20:43:00,ATM-Z005-06,False
CYB-2026-10317,Z008,2026-09-25T09:27:00,ATM-Z008-01,True
CYB-2026-10318,Z003,2026-09-11T14:36:00,ATM-Z003-02,True
CYB-2026-10319,Z005,2026-09-10T11:37:00,ATM-Z005-01,True
CYB-2026-10320,Z013,2026-09-06T15:51:00,ATM-Z013-04,True
CYB-2026-10321,Z005,2026-09-13T17:22:00,ATM-Z005-02,False
CYB-2026-10322,Z002,2026-09-17T14:55:00,ATM-Z002-04,True
CYB-2026-10323,Z014,2026-09-10T02:32:00,ATM-Z014-04,True
CYB-2026-10324,Z015,2026-09-12T12:21:00,ATM-Z015-02,True
CYB-2026-10325,Z007,2026-09-03T02:49:00,ATM-Z007-04,True
CYB-2026-10326,Z015,2026-09-05T10:25:00,ATM-Z015-01,False
CYB-2026-10327,Z005,2026-09-30T19:08:00,ATM-Z005-05,True
CYB-2026-10328,Z005,2026-09-18T12:30:00,ATM-Z005-04,True
CYB-2026-10329,Z001,2026-09-21T14:09:00,ATM-Z001-04,True
CYB-2026-10330,Z010,2026-09-01T13:09:00,ATM-Z010-01,False
CYB-2026-10331,Z010,2026-09-13T22:40:00,ATM-Z010-05,False
CYB-2026-10332,Z018,2026-09-03T11:44:00,ATM-Z018-01,True
CYB-2026-10333,Z002,2026-09-18T04:07:00,ATM-Z002-05,True
CYB-2026-10334,Z005,2026-09-14T08:33:00,ATM-Z005-02,True
CYB-2026-10335,Z006,2026-09-14T12:20:00,ATM-Z006-01,True
CYB-2026-10336,Z005,2026-09-14T01:57:00,ATM-Z005-02,False
CYB-2026-10337,Z002,2026-09-23T03:40:00,ATM-Z002-06,True
CYB-2026-10338,Z008,2026-09-04T07:44:00,ATM-Z008-04,False
CYB-2026-10339,Z014,2026-09-18T03:59:00,ATM-Z014-04,True
CYB-2026-10340,Z004,2026-09-09T22:20:00,ATM-Z004-03,True
CYB-2026-10341,Z000,2026-09-28T07:38:00,ATM-Z000-05,True
CYB-2026-10342,Z008,2026-09-06T15:54:00,ATM-Z008-02,False
CYB-2026-10343,Z017,2026-09-29T05:37:00,ATM-Z017-05,False
CYB-2026-10344,Z005,2026-09-22T14:31:00,ATM-Z005-04,False
CYB-2026-10345,Z001,2026-09-16T07:26:00,ATM-Z001-05,False
CYB-2026-10346,Z001,2026-09-06T03:27:00,ATM-Z001-02,True
CYB-2026-10347,Z007,2026-09-18T19:08:00,ATM-Z007-06,False
CYB-2026-10348,Z000,2026-09-27T10:07:00,ATM-Z000-03,True
CYB-2026-10349,Z005,2026-09-04T01:51:00,ATM-Z005-05,False
CYB-2026-10350,Z013,2026-09-27T13:52:00,ATM-Z013-06,True
CYB-2026-10351,Z009,2026-09-05T10:57:00,ATM-Z009-04,True
CYB-2026-10352,Z004,2026-09-09T04:11:00,ATM-Z004-02,False
CYB-2026-10353,Z019,2026-09-30T18:52:00,ATM-Z019-04,True
CYB-2026-10354,Z013,2026-09-21T18:25:00,ATM-Z013-03,True
CYB-2026-10355,Z012,2026-09-27T11:57:00,ATM-Z012-06,True
CYB-2026-10356,Z009,2026-09-22T14:07:00,ATM-Z009-03,True
CYB-2026-10357,Z002,2026-09-14T12:36:00,ATM-Z002-01,True
CYB-2026-10358,Z003,2026-09-12T19:05:00,ATM-Z003-05,True
CYB-2026-10359,Z008,2026-09-05T03:20:00,ATM-Z008-01,False
CYB-2026-10360,Z015,2026-09-19T11:42:00,ATM-Z015-05,True
CYB-2026-10361,Z003,2026-09-05T17:03:00,ATM-Z003-06,True
CYB-2026-10362,Z004,2026-09-24T22:53:00,ATM-Z004-02,False
CYB-2026-10363,Z013,2026-09-05T11:29:00,ATM-Z013-02,True
CYB-2026-10364,Z005,2026-09-09T15:45:00,ATM-Z005-03,False
CYB-2026-10365,Z003,2026-09-13T21:20:00,ATM-Z003-04,False
CYB-2026-10366,Z007,2026-09-06T05:48:00,ATM-Z007-06,True
CYB-2026-10367,Z003,2026-09-19T01:26:00,ATM-Z003-02,False
CYB-2026-10368,Z001,2026-09-23T05:10:00,ATM-Z001-06,False
CYB-2026-10369,Z013,2026-09-03T02:23:00,ATM-Z013-02,False
CYB-2026-10370,Z006,2026-09-02T10:37:00,ATM-Z006-04,False
CYB-2026-10371,Z000,2026-09-25T01:50:00,ATM-Z000-01,True
CYB-2026-10372,Z003,2026-09-03T08:41:00,ATM-Z003-02,True
CYB-2026-10373,Z012,2026-09-06T02:24:00,ATM-Z012-06,True
CYB-2026-10374,Z004,2026-09-15T21:59:00,ATM-Z004-02,True
CYB-2026-10375,Z002,2026-09-07T08:15:00,ATM-Z002-06,False
CYB-2026-10376,Z006,2026-09-30T10:07:00,ATM-Z006-01,True
CYB-2026-10377,Z004,2026-09-06T16:03:00,ATM-Z004-04,False
CYB-2026-10378,Z005,2026-09-03T05:46:00,ATM-Z005-02,True
CYB-2026-10379,Z007,2026-09-24T18:03:00,ATM-Z007-01,False
CYB-2026-10380,Z014,2026-09-10T09:32:00,ATM-Z014-03,False
CYB-2026-10381,Z000,2026-09-10T02:19:00,ATM-Z000-04,False
CYB-2026-10382,Z009,2026-09-11T07:03:00,ATM-Z009-06,True
CYB-2026-10383,Z005,2026-09-12T13:57:00,ATM-Z005-06,True
CYB-2026-10384,Z000,2026-09-20T15:40:00,ATM-Z000-02,True
CYB-2026-10385,Z012,2026-09-30T18:28:00,ATM-Z012-06,True
CYB-2026-10386,Z000,2026-09-01T08:21:00,ATM-Z000-06,True
CYB-2026-10387,Z010,2026-09-17T20:08:00,ATM-Z010-02,True
CYB-2026-10388,Z001,2026-09-23T00:55:00,ATM-Z001-04,True
CYB-2026-10389,Z001,2026-09-25T13:08:00,ATM-Z001-01,False
CYB-2026-10390,Z002,2026-09-06T09:59:00,ATM-Z002-01,False
CYB-2026-10391,Z009,2026-09-24T22:53:00,ATM-Z009-02,True
CYB-2026-10392,Z018,2026-09-03T11:20:00,ATM-Z018-03,True
CYB-2026-10393,Z010,2026-09-26T20:55:00,ATM-Z010-06,True
CYB-2026-10394,Z010,2026-09-16T08:39:00,ATM-Z010-02,True
CYB-2026-10395,Z001,2026-09-15T06:46:00,ATM-Z001-03,False
CYB-2026-10396,Z003,2026-09-25T18:50:00,ATM-Z003-03,False
CYB-2026-10397,Z008,2026-09-17T09:32:00,ATM-Z008-03,False
CYB-2026-10398,Z012,2026-09-18T09:23:00,ATM-Z012-04,False
CYB-2026-10399,Z008,2026-09-27T22:36:00,ATM-Z008-05,True
CYB-2026-10400,Z012,2026-09-23T03:50:00,ATM-Z012-02,False
CYB-2026-10401,Z009,2026-09-20T11:15:00,ATM-Z009-01,True
CYB-2026-10402,Z003,2026-09-07T22:02:00,ATM-Z003-03,True
CYB-2026-10403,Z002,2026-09-07T14:40:00,ATM-Z002-04,True
CYB-2026-10404,Z002,2026-09-10T04:58:00,ATM-Z002-01,True
CYB-2026-10405,Z005,2026-09-28T00:43:00,ATM-Z005-05,False
CYB-2026-10406,Z004,2026-09-14T02:49:00,ATM-Z004-06,True
CYB-2026-10407,Z004,2026-09-17T10:27:00,ATM-Z004-03,True
CYB-2026-10408,Z012,2026-09-03T03:28:00,ATM-Z012-02,True
CYB-2026-10409,Z007,2026-09-18T01:15:00,ATM-Z007-05,True
CYB-2026-10410,Z015,2026-09-06T21:46:00,ATM-Z015-03,True
CYB-2026-10411,Z004,2026-09-29T20:55:00,ATM-Z004-03,True
CYB-2026-10412,Z017,2026-09-04T18:04:00,ATM-Z017-01,True
CYB-2026-10413,Z005,2026-09-18T17:50:00,ATM-Z005-02,True
CYB-2026-10414,Z015,2026-09-23T11:48:00,ATM-Z015-01,True
CYB-2026-10415,Z013,2026-09-17T22:49:00,ATM-Z013-06,False
CYB-2026-10416,Z004,2026-09-30T18:48:00,ATM-Z004-05,True
CYB-2026-10417,Z015,2026-09-13T11:53:00,ATM-Z015-02,True
CYB-2026-10418,Z000,2026-09-25T16:15:00,ATM-Z000-01,True
CYB-2026-10419,Z012,2026-09-22T22:02:00,ATM-Z012-04,False
CYB-2026-10420,Z010,2026-09-21T21:35:00,ATM-Z010-06,True
CYB-2026-10421,Z013,2026-09-21T00:15:00,ATM-Z013-04,True
CYB-2026-10422,Z000,2026-09-30T03:10:00,ATM-Z000-01,False
CYB-2026-10423,Z002,2026-09-22T10:37:00,ATM-Z002-05,False
CYB-2026-10424,Z002,2026-09-19T19:19:00,ATM-Z002-02,True
CYB-2026-10425,Z009,2026-09-16T09:23:00,ATM-Z009-02,True
CYB-2026-10426,Z004,2026-09-17T19:58:00,ATM-Z004-06,False
CYB-2026-10427,Z010,2026-09-21T12:00:00,ATM-Z010-04,True
CYB-2026-10428,Z002,2026-09-04T23:45:00,ATM-Z002-06,True
CYB-2026-10429,Z000,2026-09-07T10:56:00,ATM-Z000-05,True
CYB-2026-10430,Z002,2026-09-21T22:52:00,ATM-Z002-05,True
CYB-2026-10431,Z002,2026-09-22T07:36:00,ATM-Z002-01,False
CYB-2026-10432,Z008,2026-09-21T01:55:00,ATM-Z008-04,False
CYB-2026-10433,Z011,2026-09-28T14:45:00,ATM-Z011-01,False
CYB-2026-10434,Z019,2026-09-16T01:00:00,ATM-Z019-05,True
CYB-2026-10435,Z002,2026-09-01T12:47:00,ATM-Z002-04,True
CYB-2026-10436,Z015,2026-09-07T08:14:00,ATM-Z015-03,True
CYB-2026-10437,Z006,2026-09-15T15:37:00,ATM-Z006-03,True
CYB-2026-10438,Z010,2026-09-23T08:43:00,ATM-Z010-02,True
CYB-2026-10439,Z000,2026-09-24T09:55:00,ATM-Z000-06,False
CYB-2026-10440,Z019,2026-09-02T12:31:00,ATM-Z019-06,True
CYB-2026-10441,Z012,2026-09-07T04:02:00,ATM-Z012-02,False
CYB-2026-10442,Z015,2026-09-14T07:27:00,ATM-Z015-04,False
CYB-2026-10443,Z013,2026-09-20T12:58:00,ATM-Z013-04,True
CYB-2026-10444,Z016,2026-09-25T03:47:00,ATM-Z016-05,False
CYB-2026-10445,Z000,2026-09-03T08:01:00,ATM-Z000-02,True
CYB-2026-10446,Z003,2026-09-03T10:45:00,ATM-Z003-01,False
CYB-2026-10447,Z003,2026-09-01T21:26:00,ATM-Z003-02,False
CYB-2026-10448,Z006,2026-09-06T09:17:00,ATM-Z006-04,False
CYB-2026-10449,Z015,2026-09-08T06:22:00,ATM-Z015-05,True
CYB-2026-10450,Z003,2026-09-03T01:58:00,ATM-Z003-06,True
CYB-2026-10451,Z005,2026-09-21T03:18:00,ATM-Z005-06,True
CYB-2026-10452,Z004,2026-09-14T15:11:00,ATM-Z004-04,True
CYB-2026-10453,Z007,2026-09-15T03:45:00,ATM-Z007-02,True
CYB-2026-10454,Z001,2026-09-17T12:18:00,ATM-Z001-02,True
CYB-2026-10455,Z006,2026-09-17T17:29:00,ATM-Z006-02,True
CYB-2026-10456,Z008,2026-09-16T20:29:00,ATM-Z008-02,True
CYB-2026-10457,Z008,2026-09-19T22:41:00,ATM-Z008-01,True
CYB-2026-10458,Z001,2026-09-24T22:25:00,ATM-Z001-06,True
CYB-2026-10459,Z005,2026-09-10T15:11:00,ATM-Z005-06,True
CYB-2026-10460,Z004,2026-09-24T23:16:00,ATM-Z004-02,True
CYB-2026-10461,Z003,2026-09-20T13:32:00,ATM-Z003-05,True
CYB-2026-10462,Z018,2026-09-22T02:22:00,ATM-Z018-04,True
CYB-2026-10463,Z005,2026-09-23T13:04:00,ATM-Z005-06,False
CYB-2026-10464,Z015,2026-09-02T18:37:00,ATM-Z015-04,False
CYB-2026-10465,Z013,2026-09-07T18:23:00,ATM-Z013-03,True
CYB-2026-10466,Z009,2026-09-18T12:06:00,ATM-Z009-04,True
CYB-2026-10467,Z000,2026-09-21T10:21:00,ATM-Z000-02,True
CYB-2026-10468,Z013,2026-09-27T13:24:00,ATM-Z013-01,True
CYB-2026-10469,Z010,2026-09-15T20:29:00,ATM-Z010-05,True
CYB-2026-10470,Z003,2026-09-05T11:20:00,ATM-Z003-03,True
CYB-2026-10471,Z008,2026-09-03T15:08:00,ATM-Z008-04,True
CYB-2026-10472,Z000,2026-09-23T07:14:00,ATM-Z000-05,True
CYB-2026-10473,Z005,2026-09-15T03:34:00,ATM-Z005-05,True
CYB-2026-10474,Z012,2026-09-21T20:05:00,ATM-Z012-06,True
CYB-2026-10475,Z009,2026-09-30T02:50:00,ATM-Z009-06,True
CYB-2026-10476,Z002,2026-09-10T21:00:00,ATM-Z002-06,True
CYB-2026-10477,Z001,2026-09-17T08:14:00,ATM-Z001-06,True
CYB-2026-10478,Z003,2026-09-10T01:48:00,ATM-Z003-02,True
CYB-2026-10479,Z006,2026-09-13T02:51:00,ATM-Z006-03,True
CYB-2026-10480,Z015,2026-09-13T18:37:00,ATM-Z015-01,True
CYB-2026-10481,Z000,2026-09-11T12:43:00,ATM-Z000-04,True
CYB-2026-10482,Z010,2026-09-29T19:25:00,ATM-Z010-02,True
CYB-2026-10483,Z010,2026-09-29T11:46:00,ATM-Z010-03,True
CYB-2026-10484,Z019,2026-09-04T07:38:00,ATM-Z019-06,True
CYB-2026-10485,Z001,2026-09-21T22:33:00,ATM-Z001-03,True
CYB-2026-10486,Z008,2026-09-29T13:46:00,ATM-Z008-05,True
CYB-2026-10487,Z005,2026-09-07T23:40:00,ATM-Z005-03,False
CYB-2026-10488,Z008,2026-09-22T14:48:00,ATM-Z008-05,False
CYB-2026-10489,Z015,2026-09-16T08:21:00,ATM-Z015-02,False
CYB-2026-10490,Z005,2026-09-11T05:33:00,ATM-Z005-03,True
CYB-2026-10491,Z009,2026-09-18T07:05:00,ATM-Z009-02,False
CYB-2026-10492,Z008,2026-09-07T03:51:00,ATM-Z008-04,True
CYB-2026-10493,Z015,2026-09-22T21:08:00,ATM-Z015-03,False
CYB-2026-10494,Z003,2026-09-07T09:35:00,ATM-Z003-03,True
CYB-2026-10495,Z003,2026-09-13T16:53:00,ATM-Z003-01,True
CYB-2026-10496,Z012,2026-09-10T10:01:00,ATM-Z012-04,True
CYB-2026-10497,Z013,2026-10-01T03:11:00,ATM-Z013-04,True
CYB-2026-10498,Z008,2026-09-16T19:28:00,ATM-Z008-06,False
CYB-2026-10499,Z000,2026-09-17T10:11:00,ATM-Z000-02,False
CYB-2026-10500,Z002,2026-09-27T05:16:00,ATM-Z002-02,False
CYB-2026-10501,Z000,2026-09-28T17:52:00,ATM-Z000-05,False
CYB-2026-10502,Z000,2026-09-18T01:25:00,ATM-Z000-04,True
CYB-2026-10503,Z002,2026-09-18T23:35:00,ATM-Z002-06,True
CYB-2026-10504,Z008,2026-09-10T14:09:00,ATM-Z008-02,True
CYB-2026-10505,Z004,2026-09-29T10:22:00,ATM-Z004-06,True
CYB-2026-10506,Z001,2026-09-11T03:34:00,ATM-Z001-02,False
CYB-2026-10507,Z013,2026-09-03T07:18:00,ATM-Z013-04,False
CYB-2026-10508,Z002,2026-09-06T15:22:00,ATM-Z002-04,False
CYB-2026-10509,Z000,2026-09-01T19:10:00,ATM-Z000-06,True
CYB-2026-10510,Z000,2026-09-05T22:48:00,ATM-Z000-01,True
CYB-2026-10511,Z000,2026-09-16T14:48:00,ATM-Z000-01,True
CYB-2026-10512,Z008,2026-09-26T21:06:00,ATM-Z008-02,True
CYB-2026-10513,Z001,2026-10-01T05:11:00,ATM-Z001-05,True
CYB-2026-10514,Z015,2026-09-18T23:03:00,ATM-Z015-01,True
CYB-2026-10515,Z013,2026-09-21T17:18:00,ATM-Z013-02,True
CYB-2026-10516,Z009,2026-09-10T14:44:00,ATM-Z009-03,True
CYB-2026-10517,Z006,2026-09-16T09:22:00,ATM-Z006-02,True
CYB-2026-10518,Z001,2026-09-04T05:17:00,ATM-Z001-02,True
CYB-2026-10519,Z015,2026-09-22T15:03:00,ATM-Z015-02,True
CYB-2026-10520,Z015,2026-09-24T07:38:00,ATM-Z015-03,True
CYB-2026-10521,Z000,2026-09-23T03:34:00,ATM-Z000-06,True
CYB-2026-10522,Z015,2026-09-19T18:22:00,ATM-Z015-06,True
CYB-2026-10523,Z005,2026-09-23T12:10:00,ATM-Z005-03,True
CYB-2026-10524,Z005,2026-09-07T23:33:00,ATM-Z005-02,True
CYB-2026-10525,Z008,2026-09-20T17:57:00,ATM-Z008-06,True
CYB-2026-10526,Z003,2026-09-01T14:36:00,ATM-Z003-05,True
CYB-2026-10527,Z008,2026-09-27T02:38:00,ATM-Z008-01,False
CYB-2026-10528,Z008,2026-09-06T23:14:00,ATM-Z008-05,True
CYB-2026-10529,Z009,2026-09-23T10:12:00,ATM-Z009-05,False
CYB-2026-10530,Z013,2026-09-13T23:58:00,ATM-Z013-06,True
CYB-2026-10531,Z003,2026-09-16T02:40:00,ATM-Z003-05,False
CYB-2026-10532,Z006,2026-09-24T22:51:00,ATM-Z006-06,True
CYB-2026-10533,Z008,2026-09-10T22:17:00,ATM-Z008-06,True
CYB-2026-10534,Z001,2026-09-06T21:42:00,ATM-Z001-06,True
CYB-2026-10535,Z010,2026-09-21T04:00:00,ATM-Z010-02,True
CYB-2026-10536,Z007,2026-09-27T15:13:00,ATM-Z007-05,True
CYB-2026-10537,Z002,2026-09-19T06:29:00,ATM-Z002-05,True
CYB-2026-10538,Z012,2026-09-06T21:53:00,ATM-Z012-06,False
CYB-2026-10539,Z005,2026-09-11T12:27:00,ATM-Z005-04,True
CYB-2026-10540,Z010,2026-09-14T04:15:00,ATM-Z010-04,True
CYB-2026-10541,Z005,2026-09-07T21:56:00,ATM-Z005-05,True
CYB-2026-10542,Z013,2026-09-21T00:26:00,ATM-Z013-06,True
CYB-2026-10543,Z001,2026-10-01T06:11:00,ATM-Z001-02,False
CYB-2026-10544,Z013,2026-09-27T08:27:00,ATM-Z013-04,True
CYB-2026-10545,Z001,2026-09-19T04:38:00,ATM-Z001-04,True
CYB-2026-10546,Z001,2026-09-03T00:50:00,ATM-Z001-05,False
CYB-2026-10547,Z012,2026-09-09T02:14:00,ATM-Z012-04,True
CYB-2026-10548,Z010,2026-09-17T07:06:00,ATM-Z010-02,True
CYB-2026-10549,Z010,2026-09-26T10:00:00,ATM-Z010-01,True
CYB-2026-10550,Z005,2026-09-20T15:27:00,ATM-Z005-05,False
CYB-2026-10551,Z006,2026-09-15T16:17:00,ATM-Z006-06,False
CYB-2026-10552,Z008,2026-09-13T20:13:00,ATM-Z008-03,True
CYB-2026-10553,Z010,2026-09-05T18:47:00,ATM-Z010-06,True
CYB-2026-10554,Z005,2026-10-01T05:11:00,ATM-Z005-04,True
CYB-2026-10555,Z008,2026-09-20T19:39:00,ATM-Z008-01,True
CYB-2026-10556,Z008,2026-09-24T11:42:00,ATM-Z008-06,True
CYB-2026-10557,Z010,2026-09-29T00:27:00,ATM-Z010-04,False
CYB-2026-10558,Z000,2026-09-16T15:36:00,ATM-Z000-03,True
CYB-2026-10559,Z005,2026-09-24T17:47:00,ATM-Z005-03,False
CYB-2026-10560,Z015,2026-09-23T17:26:00,ATM-Z015-03,False
CYB-2026-10561,Z015,2026-10-01T03:37:00,ATM-Z015-04,True
CYB-2026-10562,Z009,2026-09-02T17:56:00,ATM-Z009-01,True
CYB-2026-10563,Z000,2026-09-08T08:40:00,ATM-Z000-03,False
CYB-2026-10564,Z000,2026-09-20T18:58:00,ATM-Z000-02,True
CYB-2026-10565,Z008,2026-09-10T08:13:00,ATM-Z008-01,True
CYB-2026-10566,Z012,2026-09-15T05:19:00,ATM-Z012-02,True
CYB-2026-10567,Z002,2026-09-09T12:54:00,ATM-Z002-02,False
CYB-2026-10568,Z008,2026-09-17T22:25:00,ATM-Z008-03,False
CYB-2026-10569,Z009,2026-09-10T21:03:00,ATM-Z009-06,False
CYB-2026-10570,Z004,2026-09-10T00:05:00,ATM-Z004-02,True
CYB-2026-10571,Z001,2026-09-07T03:32:00,ATM-Z001-05,True
CYB-2026-10572,Z001,2026-09-08T19:13:00,ATM-Z001-04,True
CYB-2026-10573,Z000,2026-09-25T03:54:00,ATM-Z000-03,False
CYB-2026-10574,Z006,2026-09-13T21:35:00,ATM-Z006-06,True
CYB-2026-10575,Z008,2026-09-07T11:08:00,ATM-Z008-05,True
CYB-2026-10576,Z015,2026-09-11T08:34:00,ATM-Z015-02,True
CYB-2026-10577,Z004,2026-09-09T21:25:00,ATM-Z004-06,True
CYB-2026-10578,Z005,2026-09-01T19:40:00,ATM-Z005-01,True
CYB-2026-10579,Z009,2026-09-25T23:18:00,ATM-Z009-02,False
CYB-2026-10580,Z012,2026-09-13T10:11:00,ATM-Z012-02,False
CYB-2026-10581,Z007,2026-09-18T20:22:00,ATM-Z007-01,True
CYB-2026-10582,Z008,2026-09-20T19:26:00,ATM-Z008-06,True
CYB-2026-10583,Z009,2026-09-04T20:12:00,ATM-Z009-06,True
CYB-2026-10584,Z013,2026-09-30T06:48:00,ATM-Z013-05,True
CYB-2026-10585,Z001,2026-09-11T06:38:00,ATM-Z001-02,False
CYB-2026-10586,Z006,2026-09-26T08:39:00,ATM-Z006-06,False
CYB-2026-10587,Z010,2026-09-04T15:31:00,ATM-Z010-04,False
CYB-2026-10588,Z001,2026-09-22T16:15:00,ATM-Z001-05,False
CYB-2026-10589,Z007,2026-09-20T14:20:00,ATM-Z007-02,True
CYB-2026-10590,Z013,2026-09-28T19:36:00,ATM-Z013-01,False
CYB-2026-10591,Z002,2026-09-28T19:37:00,ATM-Z002-01,True
CYB-2026-10592,Z015,2026-09-03T09:54:00,ATM-Z015-02,True
CYB-2026-10593,Z003,2026-09-16T08:54:00,ATM-Z003-01,False
CYB-2026-10594,Z005,2026-09-22T08:38:00,ATM-Z005-03,True
CYB-2026-10595,Z007,2026-09-03T02:58:00,ATM-Z007-05,True
CYB-2026-10596,Z001,2026-09-23T23:32:00,ATM-Z001-04,True
CYB-2026-10597,Z015,2026-09-30T22:11:00,ATM-Z015-06,False
CYB-2026-10598,Z002,2026-09-26T19:13:00,ATM-Z002-04,True
CYB-2026-10599,Z015,2026-09-06T07:01:00,ATM-Z015-02,True
CYB-2026-10600,Z006,2026-09-30T10:19:00,ATM-Z006-01,True
CYB-2026-10601,Z005,2026-09-20T12:31:00,ATM-Z005-04,True
CYB-2026-10602,Z009,2026-09-13T01:42:00,ATM-Z009-03,True
CYB-2026-10603,Z015,2026-09-22T23:56:00,ATM-Z015-03,False
CYB-2026-10604,Z005,2026-09-19T18:28:00,ATM-Z005-01,False
CYB-2026-10605,Z006,2026-09-20T10:23:00,ATM-Z006-01,True
CYB-2026-10606,Z000,2026-09-22T00:58:00,ATM-Z000-03,False
CYB-2026-10607,Z003,2026-09-08T16:42:00,ATM-Z003-01,True
CYB-2026-10608,Z003,2026-09-06T02:22:00,ATM-Z003-04,True
CYB-2026-10609,Z001,2026-09-19T06:42:00,ATM-Z001-01,True
CYB-2026-10610,Z015,2026-09-02T19:55:00,ATM-Z015-06,True
CYB-2026-10611,Z000,2026-09-27T13:47:00,ATM-Z000-01,True
CYB-2026-10612,Z008,2026-09-29T20:05:00,ATM-Z008-01,True
CYB-2026-10613,Z006,2026-09-21T22:40:00,ATM-Z006-06,False
CYB-2026-10614,Z002,2026-09-07T19:07:00,ATM-Z002-01,True
CYB-2026-10615,Z005,2026-09-10T18:17:00,ATM-Z005-02,True
CYB-2026-10616,Z006,2026-09-28T21:16:00,ATM-Z006-05,False
CYB-2026-10617,Z010,2026-09-08T04:32:00,ATM-Z010-03,True
CYB-2026-10618,Z001,2026-09-17T03:21:00,ATM-Z001-01,True
CYB-2026-10619,Z012,2026-09-15T11:52:00,ATM-Z012-03,True
CYB-2026-10620,Z013,2026-09-21T17:15:00,ATM-Z013-02,False
CYB-2026-10621,Z001,2026-09-18T04:30:00,ATM-Z001-01,True
CYB-2026-10622,Z013,2026-09-10T22:50:00,ATM-Z013-04,True
CYB-2026-10623,Z009,2026-09-10T07:56:00,ATM-Z009-01,True
CYB-2026-10624,Z012,2026-09-03T01:31:00,ATM-Z012-04,False
CYB-2026-10625,Z008,2026-09-23T22:07:00,ATM-Z008-04,False
CYB-2026-10626,Z000,2026-09-09T23:15:00,ATM-Z000-03,False
CYB-2026-10627,Z008,2026-09-29T06:47:00,ATM-Z008-02,False
CYB-2026-10628,Z009,2026-09-05T02:14:00,ATM-Z009-01,True
CYB-2026-10629,Z012,2026-09-25T07:10:00,ATM-Z012-05,True
CYB-2026-10630,Z005,2026-09-09T20:04:00,ATM-Z005-04,True
CYB-2026-10631,Z007,2026-09-17T08:03:00,ATM-Z007-05,False
CYB-2026-10632,Z007,2026-09-23T17:30:00,ATM-Z007-01,True
CYB-2026-10633,Z005,2026-09-04T07:11:00,ATM-Z005-03,True
CYB-2026-10634,Z005,2026-09-28T09:53:00,ATM-Z005-03,True
CYB-2026-10635,Z002,2026-09-09T18:58:00,ATM-Z002-05,True
CYB-2026-10636,Z007,2026-09-27T19:19:00,ATM-Z007-01,True
CYB-2026-10637,Z009,2026-09-16T13:21:00,ATM-Z009-05,True
CYB-2026-10638,Z010,2026-09-23T08:26:00,ATM-Z010-06,True
CYB-2026-10639,Z012,2026-09-10T18:46:00,ATM-Z012-03,True
CYB-2026-10640,Z000,2026-09-27T15:22:00,ATM-Z000-04,True
CYB-2026-10641,Z003,2026-09-14T10:54:00,ATM-Z003-03,False
CYB-2026-10642,Z002,2026-09-01T08:32:00,ATM-Z002-01,True
CYB-2026-10643,Z009,2026-09-12T15:10:00,ATM-Z009-03,True
CYB-2026-10644,Z009,2026-09-27T03:46:00,ATM-Z009-04,True
CYB-2026-10645,Z012,2026-09-02T11:19:00,ATM-Z012-05,True
CYB-2026-10646,Z008,2026-09-03T17:22:00,ATM-Z008-06,True
CYB-2026-10647,Z013,2026-09-03T17:18:00,ATM-Z013-02,True
CYB-2026-10648,Z009,2026-09-01T16:18:00,ATM-Z009-02,True
CYB-2026-10649,Z013,2026-09-13T02:47:00,ATM-Z013-05,True
CYB-2026-10650,Z010,2026-09-10T09:27:00,ATM-Z010-04,False
CYB-2026-10651,Z003,2026-09-22T04:28:00,ATM-Z003-04,True
CYB-2026-10652,Z006,2026-10-01T03:42:00,ATM-Z006-05,True
CYB-2026-10653,Z012,2026-10-01T06:01:00,ATM-Z012-01,True
CYB-2026-10654,Z006,2026-09-11T20:14:00,ATM-Z006-01,True
CYB-2026-10655,Z003,2026-09-02T23:46:00,ATM-Z003-05,False
CYB-2026-10656,Z003,2026-09-23T15:37:00,ATM-Z003-04,True
CYB-2026-10657,Z014,2026-09-16T18:49:00,ATM-Z014-01,True
CYB-2026-10658,Z006,2026-09-24T19:38:00,ATM-Z006-03,False
CYB-2026-10659,Z010,2026-09-12T07:22:00,ATM-Z010-03,False
CYB-2026-10660,Z000,2026-09-07T14:36:00,ATM-Z000-05,True
CYB-2026-10661,Z005,2026-09-13T13:56:00,ATM-Z005-05,True
CYB-2026-10662,Z007,2026-09-02T03:40:00,ATM-Z007-02,True
CYB-2026-10663,Z000,2026-09-12T02:32:00,ATM-Z000-01,False
CYB-2026-10664,Z008,2026-09-09T12:45:00,ATM-Z008-06,True
CYB-2026-10665,Z003,2026-09-11T08:37:00,ATM-Z003-02,True
CYB-2026-10666,Z010,2026-09-10T21:09:00,ATM-Z010-05,True
CYB-2026-10667,Z001,2026-09-04T00:15:00,ATM-Z001-01,True
CYB-2026-10668,Z002,2026-09-25T22:44:00,ATM-Z002-06,True
CYB-2026-10669,Z003,2026-09-06T06:25:00,ATM-Z003-02,True
CYB-2026-10670,Z002,2026-09-13T19:23:00,ATM-Z002-04,False
CYB-2026-10671,Z003,2026-09-23T04:51:00,ATM-Z003-06,False
CYB-2026-10672,Z002,2026-10-01T01:10:00,ATM-Z002-05,False
CYB-2026-10673,Z002,2026-09-04T18:48:00,ATM-Z002-06,True
CYB-2026-10674,Z003,2026-09-07T21:26:00,ATM-Z003-06,True
CYB-2026-10675,Z007,2026-09-27T18:01:00,ATM-Z007-05,True
CYB-2026-10676,Z000,2026-09-20T07:18:00,ATM-Z000-02,True
CYB-2026-10677,Z003,2026-09-11T20:50:00,ATM-Z003-04,True
CYB-2026-10678,Z000,2026-09-07T13:13:00,ATM-Z000-01,False
CYB-2026-10679,Z008,2026-09-13T08:06:00,ATM-Z008-03,False
CYB-2026-10680,Z003,2026-09-28T06:19:00,ATM-Z003-05,True
CYB-2026-10681,Z003,2026-09-05T02:43:00,ATM-Z003-04,True
CYB-2026-10682,Z012,2026-09-24T20:46:00,ATM-Z012-05,True
CYB-2026-10683,Z003,2026-09-14T08:22:00,ATM-Z003-02,False
CYB-2026-10684,Z002,2026-09-25T20:32:00,ATM-Z002-05,False
CYB-2026-10685,Z007,2026-09-14T17:38:00,ATM-Z007-02,True
CYB-2026-10686,Z007,2026-09-22T00:00:00,ATM-Z007-03,True
CYB-2026-10687,Z007,2026-09-09T21:39:00,ATM-Z007-05,False
CYB-2026-10688,Z015,2026-09-03T02:07:00,ATM-Z015-06,True
CYB-2026-10689,Z008,2026-09-26T00:59:00,ATM-Z008-03,True
CYB-2026-10690,Z001,2026-09-07T02:19:00,ATM-Z001-03,True
CYB-2026-10691,Z015,2026-09-20T16:27:00,ATM-Z015-02,True
CYB-2026-10692,Z005,2026-09-06T06:40:00,ATM-Z005-05,False
CYB-2026-10693,Z007,2026-09-24T21:21:00,ATM-Z007-02,True
CYB-2026-10694,Z002,2026-09-20T04:36:00,ATM-Z002-02,True
CYB-2026-10695,Z009,2026-09-05T04:37:00,ATM-Z009-03,True
CYB-2026-10696,Z012,2026-09-22T18:02:00,ATM-Z012-05,True
CYB-2026-10697,Z002,2026-09-11T11:30:00,ATM-Z002-02,True
CYB-2026-10698,Z015,2026-09-28T07:53:00,ATM-Z015-03,True
CYB-2026-10699,Z004,2026-09-02T23:07:00,ATM-Z004-05,True
CYB-2026-10700,Z005,2026-09-04T23:25:00,ATM-Z005-02,True
CYB-2026-10701,Z003,2026-09-03T00:55:00,ATM-Z003-03,False
CYB-2026-10702,Z004,2026-09-13T16:55:00,ATM-Z004-06,True
CYB-2026-10703,Z001,2026-09-15T17:14:00,ATM-Z001-03,False
CYB-2026-10704,Z012,2026-09-22T15:10:00,ATM-Z012-03,True
CYB-2026-10705,Z008,2026-09-12T22:29:00,ATM-Z008-06,True
CYB-2026-10706,Z019,2026-09-22T19:15:00,ATM-Z019-02,True
CYB-2026-10707,Z002,2026-09-15T23:40:00,ATM-Z002-01,False
CYB-2026-10708,Z015,2026-09-18T13:26:00,ATM-Z015-06,True
CYB-2026-10709,Z000,2026-09-06T18:23:00,ATM-Z000-04,True
CYB-2026-10710,Z016,2026-09-01T18:16:00,ATM-Z016-01,True
CYB-2026-10711,Z014,2026-09-23T01:29:00,ATM-Z014-04,True
CYB-2026-10712,Z000,2026-09-26T02:35:00,ATM-Z000-06,True
CYB-2026-10713,Z009,2026-09-05T17:32:00,ATM-Z009-01,False
CYB-2026-10714,Z012,2026-09-07T23:15:00,ATM-Z012-03,False
CYB-2026-10715,Z003,2026-09-06T16:23:00,ATM-Z003-06,True
CYB-2026-10716,Z008,2026-09-15T10:40:00,ATM-Z008-03,False
CYB-2026-10717,Z003,2026-09-27T16:03:00,ATM-Z003-04,False
CYB-2026-10718,Z000,2026-09-24T19:16:00,ATM-Z000-01,True
CYB-2026-10719,Z001,2026-09-08T12:09:00,ATM-Z001-05,True
CYB-2026-10720,Z012,2026-09-21T01:19:00,ATM-Z012-02,True
CYB-2026-10721,Z016,2026-09-06T04:13:00,ATM-Z016-02,True
CYB-2026-10722,Z000,2026-09-05T09:02:00,ATM-Z000-02,True
CYB-2026-10723,Z001,2026-09-12T10:14:00,ATM-Z001-04,True
CYB-2026-10724,Z013,2026-09-18T22:04:00,ATM-Z013-01,True
CYB-2026-10725,Z000,2026-09-27T23:08:00,ATM-Z000-01,True
CYB-2026-10726,Z006,2026-09-24T00:54:00,ATM-Z006-04,False
CYB-2026-10727,Z007,2026-09-09T13:21:00,ATM-Z007-06,True
CYB-2026-10728,Z003,2026-09-15T01:42:00,ATM-Z003-01,True
CYB-2026-10729,Z015,2026-09-25T11:18:00,ATM-Z015-01,True
CYB-2026-10730,Z008,2026-09-18T00:18:00,ATM-Z008-01,True
CYB-2026-10731,Z003,2026-09-25T10:32:00,ATM-Z003-04,True
CYB-2026-10732,Z004,2026-09-25T02:36:00,ATM-Z004-06,True
CYB-2026-10733,Z007,2026-09-19T14:53:00,ATM-Z007-02,True
CYB-2026-10734,Z015,2026-09-13T19:34:00,ATM-Z015-02,False
CYB-2026-10735,Z001,2026-09-16T01:12:00,ATM-Z001-03,True
CYB-2026-10736,Z008,2026-09-21T15:38:00,ATM-Z008-04,False
CYB-2026-10737,Z012,2026-09-27T21:24:00,ATM-Z012-04,True
CYB-2026-10738,Z001,2026-09-05T16:48:00,ATM-Z001-04,True
CYB-2026-10739,Z006,2026-09-20T08:32:00,ATM-Z006-02,True
CYB-2026-10740,Z004,2026-09-19T11:47:00,ATM-Z004-02,True
CYB-2026-10741,Z013,2026-09-04T23:06:00,ATM-Z013-05,True
CYB-2026-10742,Z006,2026-09-22T03:30:00,ATM-Z006-04,False
CYB-2026-10743,Z013,2026-09-21T11:07:00,ATM-Z013-06,False
CYB-2026-10744,Z005,2026-09-19T19:11:00,ATM-Z005-06,False
CYB-2026-10745,Z015,2026-09-04T01:22:00,ATM-Z015-02,True
CYB-2026-10746,Z015,2026-09-10T21:01:00,ATM-Z015-05,False
CYB-2026-10747,Z002,2026-09-07T15:51:00,ATM-Z002-06,False
CYB-2026-10748,Z000,2026-09-07T03:01:00,ATM-Z000-06,True
CYB-2026-10749,Z013,2026-09-19T18:10:00,ATM-Z013-03,True
CYB-2026-10750,Z008,2026-09-30T19:22:00,ATM-Z008-03,True
CYB-2026-10751,Z010,2026-09-30T08:16:00,ATM-Z010-01,False
CYB-2026-10752,Z013,2026-09-25T18:04:00,ATM-Z013-06,True
CYB-2026-10753,Z004,2026-09-03T02:36:00,ATM-Z004-03,True
CYB-2026-10754,Z000,2026-09-10T04:56:00,ATM-Z000-05,True
CYB-2026-10755,Z009,2026-09-22T01:25:00,ATM-Z009-02,True
CYB-2026-10756,Z000,2026-09-26T19:47:00,ATM-Z000-06,True
CYB-2026-10757,Z008,2026-09-16T21:07:00,ATM-Z008-06,True
CYB-2026-10758,Z019,2026-09-10T20:03:00,ATM-Z019-05,True
CYB-2026-10759,Z001,2026-09-28T08:46:00,ATM-Z001-03,True
CYB-2026-10760,Z008,2026-09-21T18:59:00,ATM-Z008-04,True
CYB-2026-10761,Z001,2026-09-26T18:01:00,ATM-Z001-06,True
CYB-2026-10762,Z003,2026-09-23T10:33:00,ATM-Z003-06,False
CYB-2026-10763,Z001,2026-09-20T02:25:00,ATM-Z001-02,True
CYB-2026-10764,Z002,2026-09-15T13:30:00,ATM-Z002-06,False
CYB-2026-10765,Z012,2026-09-02T08:26:00,ATM-Z012-03,True
CYB-2026-10766,Z014,2026-09-14T04:41:00,ATM-Z014-06,True
CYB-2026-10767,Z005,2026-09-30T18:42:00,ATM-Z005-05,True
CYB-2026-10768,Z000,2026-09-10T08:53:00,ATM-Z000-02,True
CYB-2026-10769,Z007,2026-09-16T03:56:00,ATM-Z007-01,False
CYB-2026-10770,Z007,2026-09-06T21:37:00,ATM-Z007-05,True
CYB-2026-10771,Z001,2026-09-24T18:30:00,ATM-Z001-02,True
CYB-2026-10772,Z012,2026-09-17T15:32:00,ATM-Z012-06,True
CYB-2026-10773,Z000,2026-09-05T02:40:00,ATM-Z000-01,False
CYB-2026-10774,Z005,2026-09-07T16:34:00,ATM-Z005-02,True
CYB-2026-10775,Z001,2026-09-09T12:51:00,ATM-Z001-01,True
CYB-2026-10776,Z009,2026-09-02T15:57:00,ATM-Z009-02,True
CYB-2026-10777,Z003,2026-09-01T07:27:00,ATM-Z003-06,True
CYB-2026-10778,Z012,2026-09-10T05:23:00,ATM-Z012-03,True
CYB-2026-10779,Z007,2026-09-28T04:31:00,ATM-Z007-02,True
CYB-2026-10780,Z005,2026-09-08T16:10:00,ATM-Z005-03,True
CYB-2026-10781,Z003,2026-09-13T23:46:00,ATM-Z003-05,False
CYB-2026-10782,Z002,2026-09-20T17:37:00,ATM-Z002-04,True
CYB-2026-10783,Z010,2026-09-10T04:09:00,ATM-Z010-05,True
CYB-2026-10784,Z004,2026-09-17T19:32:00,ATM-Z004-04,True
CYB-2026-10785,Z009,2026-09-03T12:45:00,ATM-Z009-04,True
CYB-2026-10786,Z005,2026-09-19T02:29:00,ATM-Z005-03,False
CYB-2026-10787,Z003,2026-09-24T23:24:00,ATM-Z003-01,True
CYB-2026-10788,Z015,2026-09-21T23:20:00,ATM-Z015-05,False
CYB-2026-10789,Z008,2026-09-28T18:05:00,ATM-Z008-03,True
CYB-2026-10790,Z009,2026-09-20T09:11:00,ATM-Z009-05,True
CYB-2026-10791,Z001,2026-09-05T18:21:00,ATM-Z001-04,True
CYB-2026-10792,Z012,2026-09-25T01:41:00,ATM-Z012-03,True
CYB-2026-10793,Z000,2026-09-16T22:25:00,ATM-Z000-05,True
CYB-2026-10794,Z001,2026-09-19T12:55:00,ATM-Z001-06,True
CYB-2026-10795,Z012,2026-09-23T21:36:00,ATM-Z012-02,True
CYB-2026-10796,Z000,2026-09-09T22:13:00,ATM-Z000-02,True
CYB-2026-10797,Z007,2026-09-17T09:01:00,ATM-Z007-06,True
CYB-2026-10798,Z002,2026-09-23T18:21:00,ATM-Z002-05,True
CYB-2026-10799,Z007,2026-09-20T04:58:00,ATM-Z007-03,False
CYB-2026-10800,Z000,2026-09-07T09:54:00,ATM-Z000-02,True
CYB-2026-10801,Z000,2026-09-30T15:08:00,ATM-Z000-05,True
CYB-2026-10802,Z005,2026-09-03T21:08:00,ATM-Z005-04,True
CYB-2026-10803,Z019,2026-09-19T08:06:00,ATM-Z019-05,False
CYB-2026-10804,Z000,2026-09-29T05:18:00,ATM-Z000-03,False
CYB-2026-10805,Z007,2026-09-27T10:14:00,ATM-Z007-02,False
CYB-2026-10806,Z000,2026-09-30T01:41:00,ATM-Z000-05,False
CYB-2026-10807,Z003,2026-09-18T20:19:00,ATM-Z003-04,False
CYB-2026-10808,Z002,2026-09-25T18:19:00,ATM-Z002-04,True
CYB-2026-10809,Z003,2026-09-26T11:49:00,ATM-Z003-01,True
CYB-2026-10810,Z007,2026-09-28T05:00:00,ATM-Z007-03,True
CYB-2026-10811,Z015,2026-09-19T16:35:00,ATM-Z015-01,False
CYB-2026-10812,Z000,2026-09-15T06:28:00,ATM-Z000-05,True
CYB-2026-10813,Z010,2026-09-18T03:38:00,ATM-Z010-02,True
CYB-2026-10814,Z010,2026-09-01T23:15:00,ATM-Z010-04,True
CYB-2026-10815,Z002,2026-09-19T15:47:00,ATM-Z002-04,False
CYB-2026-10816,Z005,2026-09-23T11:48:00,ATM-Z005-01,False
CYB-2026-10817,Z008,2026-09-04T07:47:00,ATM-Z008-04,True
CYB-2026-10818,Z006,2026-09-05T04:38:00,ATM-Z006-06,True
CYB-2026-10819,Z004,2026-09-21T02:52:00,ATM-Z004-05,False
CYB-2026-10820,Z006,2026-09-16T20:25:00,ATM-Z006-01,True
CYB-2026-10821,Z000,2026-09-12T11:30:00,ATM-Z000-05,False
CYB-2026-10822,Z000,2026-09-08T23:41:00,ATM-Z000-04,True
CYB-2026-10823,Z003,2026-09-11T11:58:00,ATM-Z003-06,True
CYB-2026-10824,Z011,2026-09-17T00:43:00,ATM-Z011-03,False
CYB-2026-10825,Z015,2026-09-20T00:33:00,ATM-Z015-03,True
CYB-2026-10826,Z017,2026-09-07T09:27:00,ATM-Z017-06,True
CYB-2026-10827,Z015,2026-09-07T17:58:00,ATM-Z015-06,True
CYB-2026-10828,Z006,2026-09-30T11:36:00,ATM-Z006-05,True
CYB-2026-10829,Z001,2026-09-02T20:47:00,ATM-Z001-02,True
CYB-2026-10830,Z004,2026-09-17T19:03:00,ATM-Z004-01,True
CYB-2026-10831,Z003,2026-09-19T22:43:00,ATM-Z003-04,True
CYB-2026-10832,Z007,2026-09-09T02:10:00,ATM-Z007-04,True
CYB-2026-10833,Z003,2026-09-10T05:55:00,ATM-Z003-03,False
CYB-2026-10834,Z008,2026-09-24T23:18:00,ATM-Z008-02,True
CYB-2026-10835,Z012,2026-09-01T18:48:00,ATM-Z012-04,True
CYB-2026-10836,Z003,2026-09-07T08:49:00,ATM-Z003-02,True
CYB-2026-10837,Z006,2026-09-05T06:09:00,ATM-Z006-05,False
CYB-2026-10838,Z000,2026-09-07T13:31:00,ATM-Z000-06,False
CYB-2026-10839,Z003,2026-09-29T18:49:00,ATM-Z003-05,True
CYB-2026-10840,Z004,2026-09-06T22:47:00,ATM-Z004-02,True
CYB-2026-10841,Z008,2026-09-12T08:56:00,ATM-Z008-05,True
CYB-2026-10842,Z001,2026-09-27T04:35:00,ATM-Z001-02,False
CYB-2026-10843,Z009,2026-09-19T23:09:00,ATM-Z009-04,True
CYB-2026-10844,Z015,2026-09-09T03:31:00,ATM-Z015-03,True
CYB-2026-10845,Z013,2026-09-13T22:10:00,ATM-Z013-01,False
CYB-2026-10846,Z009,2026-09-22T23:37:00,ATM-Z009-05,False
CYB-2026-10847,Z009,2026-09-16T21:07:00,ATM-Z009-05,True
CYB-2026-10848,Z007,2026-09-10T02:55:00,ATM-Z007-04,True
CYB-2026-10849,Z008,2026-09-24T13:46:00,ATM-Z008-01,True
CYB-2026-10850,Z006,2026-09-30T03:39:00,ATM-Z006-05,False
CYB-2026-10851,Z000,2026-09-04T00:57:00,ATM-Z000-01,False
CYB-2026-10852,Z001,2026-09-20T10:47:00,ATM-Z001-04,False
CYB-2026-10853,Z001,2026-09-28T21:10:00,ATM-Z001-03,False
CYB-2026-10854,Z001,2026-09-18T08:17:00,ATM-Z001-05,False
CYB-2026-10855,Z007,2026-09-07T06:16:00,ATM-Z007-03,True
CYB-2026-10856,Z007,2026-09-16T22:15:00,ATM-Z007-02,False
CYB-2026-10857,Z000,2026-09-26T15:25:00,ATM-Z000-03,True
CYB-2026-10858,Z000,2026-09-19T06:59:00,ATM-Z000-04,False
CYB-2026-10859,Z019,2026-09-04T22:15:00,ATM-Z019-05,True
CYB-2026-10860,Z007,2026-09-08T13:44:00,ATM-Z007-01,True
CYB-2026-10861,Z005,2026-09-10T09:47:00,ATM-Z005-02,True
CYB-2026-10862,Z005,2026-09-18T22:51:00,ATM-Z005-05,False
CYB-2026-10863,Z002,2026-09-02T16:51:00,ATM-Z002-02,True
CYB-2026-10864,Z000,2026-09-18T05:31:00,ATM-Z000-04,False
CYB-2026-10865,Z003,2026-09-05T04:30:00,ATM-Z003-04,True
CYB-2026-10866,Z007,2026-09-20T03:16:00,ATM-Z007-04,True
CYB-2026-10867,Z001,2026-09-03T06:45:00,ATM-Z001-03,True
CYB-2026-10868,Z009,2026-09-26T10:36:00,ATM-Z009-01,True
CYB-2026-10869,Z018,2026-09-16T10:37:00,ATM-Z018-06,True
CYB-2026-10870,Z008,2026-09-06T10:52:00,ATM-Z008-01,True
CYB-2026-10871,Z002,2026-09-26T08:00:00,ATM-Z002-02,True
CYB-2026-10872,Z008,2026-09-10T21:21:00,ATM-Z008-01,True
CYB-2026-10873,Z002,2026-09-16T22:56:00,ATM-Z002-04,True
CYB-2026-10874,Z008,2026-09-25T20:20:00,ATM-Z008-02,True
CYB-2026-10875,Z001,2026-09-29T23:56:00,ATM-Z001-06,False
CYB-2026-10876,Z001,2026-09-02T13:38:00,ATM-Z001-06,True
CYB-2026-10877,Z009,2026-09-27T22:39:00,ATM-Z009-04,True
CYB-2026-10878,Z000,2026-09-09T07:38:00,ATM-Z000-05,False
CYB-2026-10879,Z015,2026-09-18T01:17:00,ATM-Z015-04,True
CYB-2026-10880,Z006,2026-09-07T13:01:00,ATM-Z006-05,True
CYB-2026-10881,Z010,2026-09-03T02:38:00,ATM-Z010-01,False
CYB-2026-10882,Z006,2026-09-13T09:26:00,ATM-Z006-04,True
CYB-2026-10883,Z002,2026-09-09T02:55:00,ATM-Z002-01,True
CYB-2026-10884,Z005,2026-09-29T19:43:00,ATM-Z005-06,True
CYB-2026-10885,Z007,2026-09-21T20:57:00,ATM-Z007-01,True
CYB-2026-10886,Z013,2026-09-05T03:37:00,ATM-Z013-03,True
CYB-2026-10887,Z019,2026-09-24T14:19:00,ATM-Z019-03,True
CYB-2026-10888,Z008,2026-09-12T06:48:00,ATM-Z008-03,False
CYB-2026-10889,Z008,2026-09-27T19:34:00,ATM-Z008-02,True
CYB-2026-10890,Z012,2026-09-13T14:34:00,ATM-Z012-02,True
CYB-2026-10891,Z002,2026-09-23T19:38:00,ATM-Z002-03,False
CYB-2026-10892,Z010,2026-09-13T12:07:00,ATM-Z010-05,True
CYB-2026-10893,Z002,2026-09-26T13:44:00,ATM-Z002-05,True
CYB-2026-10894,Z008,2026-09-23T11:55:00,ATM-Z008-05,True
CYB-2026-10895,Z012,2026-09-11T00:20:00,ATM-Z012-03,False
CYB-2026-10896,Z005,2026-09-23T15:38:00,ATM-Z005-02,True
CYB-2026-10897,Z005,2026-09-11T05:42:00,ATM-Z005-01,True
CYB-2026-10898,Z016,2026-09-17T17:55:00,ATM-Z016-02,True
CYB-2026-10899,Z008,2026-09-17T21:31:00,ATM-Z008-02,False
CYB-2026-10900,Z015,2026-09-13T23:37:00,ATM-Z015-02,False
CYB-2026-10901,Z006,2026-09-28T17:25:00,ATM-Z006-02,True
CYB-2026-10902,Z005,2026-09-12T11:32:00,ATM-Z005-02,True
CYB-2026-10903,Z006,2026-09-29T00:04:00,ATM-Z006-03,True
CYB-2026-10904,Z015,2026-09-19T06:51:00,ATM-Z015-02,False
CYB-2026-10905,Z008,2026-09-14T21:57:00,ATM-Z008-02,False
CYB-2026-10906,Z003,2026-09-21T06:24:00,ATM-Z003-01,True
CYB-2026-10907,Z008,2026-10-01T01:44:00,ATM-Z008-05,True
CYB-2026-10908,Z008,2026-09-19T16:19:00,ATM-Z008-05,True
CYB-2026-10909,Z010,2026-09-24T07:38:00,ATM-Z010-04,False
CYB-2026-10910,Z004,2026-09-03T04:17:00,ATM-Z004-01,True
CYB-2026-10911,Z006,2026-09-03T00:22:00,ATM-Z006-05,True
CYB-2026-10912,Z008,2026-09-22T16:55:00,ATM-Z008-04,True
CYB-2026-10913,Z007,2026-09-03T15:34:00,ATM-Z007-05,True
CYB-2026-10914,Z000,2026-09-19T11:33:00,ATM-Z000-04,False
CYB-2026-10915,Z007,2026-09-02T16:23:00,ATM-Z007-05,True
CYB-2026-10916,Z003,2026-09-08T13:34:00,ATM-Z003-06,True
CYB-2026-10917,Z005,2026-09-17T12:23:00,ATM-Z005-05,False
CYB-2026-10918,Z004,2026-09-09T00:27:00,ATM-Z004-02,True
CYB-2026-10919,Z005,2026-09-24T16:54:00,ATM-Z005-04,True
CYB-2026-10920,Z013,2026-09-15T04:54:00,ATM-Z013-01,False
CYB-2026-10921,Z002,2026-09-07T23:42:00,ATM-Z002-04,True
CYB-2026-10922,Z002,2026-09-30T14:02:00,ATM-Z002-01,True
CYB-2026-10923,Z003,2026-09-19T01:53:00,ATM-Z003-01,True
CYB-2026-10924,Z008,2026-09-08T02:27:00,ATM-Z008-03,False
CYB-2026-10925,Z008,2026-09-24T02:36:00,ATM-Z008-06,True
CYB-2026-10926,Z008,2026-09-25T23:44:00,ATM-Z008-01,True
CYB-2026-10927,Z001,2026-09-27T15:19:00,ATM-Z001-03,True
CYB-2026-10928,Z013,2026-09-20T06:18:00,ATM-Z013-02,True
CYB-2026-10929,Z015,2026-09-26T21:10:00,ATM-Z015-02,True
CYB-2026-10930,Z009,2026-09-15T12:12:00,ATM-Z009-03,True
CYB-2026-10931,Z008,2026-09-05T12:21:00,ATM-Z008-04,True
CYB-2026-10932,Z007,2026-09-06T02:11:00,ATM-Z007-04,True
CYB-2026-10933,Z005,2026-09-18T01:14:00,ATM-Z005-03,True
CYB-2026-10934,Z003,2026-09-15T15:08:00,ATM-Z003-05,True
CYB-2026-10935,Z009,2026-09-06T18:37:00,ATM-Z009-03,True
CYB-2026-10936,Z001,2026-09-25T10:54:00,ATM-Z001-05,True
CYB-2026-10937,Z017,2026-09-06T13:32:00,ATM-Z017-05,False
CYB-2026-10938,Z012,2026-10-01T04:54:00,ATM-Z012-01,False
CYB-2026-10939,Z012,2026-09-01T10:51:00,ATM-Z012-05,True
CYB-2026-10940,Z004,2026-09-05T00:02:00,ATM-Z004-06,True
CYB-2026-10941,Z005,2026-09-24T11:22:00,ATM-Z005-04,True
CYB-2026-10942,Z009,2026-09-20T19:57:00,ATM-Z009-05,True
CYB-2026-10943,Z000,2026-09-20T09:37:00,ATM-Z000-06,False
CYB-2026-10944,Z004,2026-09-03T09:32:00,ATM-Z004-01,True
CYB-2026-10945,Z015,2026-09-07T21:47:00,ATM-Z015-06,False
CYB-2026-10946,Z007,2026-09-13T18:15:00,ATM-Z007-03,False
CYB-2026-10947,Z015,2026-09-01T23:06:00,ATM-Z015-03,False
CYB-2026-10948,Z004,2026-09-21T05:35:00,ATM-Z004-03,True
CYB-2026-10949,Z009,2026-10-01T07:19:00,ATM-Z009-01,True
CYB-2026-10950,Z010,2026-09-06T05:37:00,ATM-Z010-03,True
CYB-2026-10951,Z005,2026-09-25T12:26:00,ATM-Z005-04,True
CYB-2026-10952,Z005,2026-09-04T13:31:00,ATM-Z005-03,True
CYB-2026-10953,Z008,2026-09-10T19:50:00,ATM-Z008-02,True
CYB-2026-10954,Z005,2026-09-01T13:17:00,ATM-Z005-04,True
CYB-2026-10955,Z005,2026-09-02T12:01:00,ATM-Z005-02,False
CYB-2026-10956,Z007,2026-09-04T02:48:00,ATM-Z007-01,True
CYB-2026-10957,Z000,2026-09-20T09:22:00,ATM-Z000-03,True
CYB-2026-10958,Z001,2026-09-26T12:40:00,ATM-Z001-03,True
CYB-2026-10959,Z000,2026-09-02T04:43:00,ATM-Z000-06,True
CYB-2026-10960,Z001,2026-09-26T18:09:00,ATM-Z001-05,True
CYB-2026-10961,Z002,2026-09-12T06:11:00,ATM-Z002-02,False
CYB-2026-10962,Z015,2026-09-10T15:06:00,ATM-Z015-01,True
CYB-2026-10963,Z002,2026-09-02T09:16:00,ATM-Z002-06,True
CYB-2026-10964,Z010,2026-09-02T11:06:00,ATM-Z010-05,True
CYB-2026-10965,Z009,2026-09-23T15:36:00,ATM-Z009-05,False
CYB-2026-10966,Z005,2026-09-13T03:40:00,ATM-Z005-04,False
CYB-2026-10967,Z009,2026-09-24T16:24:00,ATM-Z009-05,True
CYB-2026-10968,Z016,2026-09-02T01:57:00,ATM-Z016-06,True
CYB-2026-10969,Z000,2026-09-09T08:28:00,ATM-Z000-02,False
CYB-2026-10970,Z003,2026-09-07T17:05:00,ATM-Z003-06,True
CYB-2026-10971,Z013,2026-09-20T20:57:00,ATM-Z013-03,True
CYB-2026-10972,Z008,2026-09-14T15:05:00,ATM-Z008-05,True
CYB-2026-10973,Z013,2026-09-24T06:39:00,ATM-Z013-06,True
CYB-2026-10974,Z002,2026-09-30T09:46:00,ATM-Z002-02,True
CYB-2026-10975,Z000,2026-09-05T14:17:00,ATM-Z000-02,False
CYB-2026-10976,Z001,2026-09-15T23:44:00,ATM-Z001-04,True
CYB-2026-10977,Z015,2026-09-26T10:47:00,ATM-Z015-02,True
CYB-2026-10978,Z013,2026-09-01T21:09:00,ATM-Z013-06,False
CYB-2026-10979,Z009,2026-09-29T00:35:00,ATM-Z009-05,False
CYB-2026-10980,Z007,2026-09-10T03:36:00,ATM-Z007-01,True
CYB-2026-10981,Z001,2026-09-14T15:42:00,ATM-Z001-06,False
CYB-2026-10982,Z000,2026-09-05T15:29:00,ATM-Z000-04,True
CYB-2026-10983,Z003,2026-09-02T12:33:00,ATM-Z003-02,True
CYB-2026-10984,Z000,2026-09-23T08:33:00,ATM-Z000-03,True
CYB-2026-10985,Z000,2026-09-25T06:52:00,ATM-Z000-06,True
CYB-2026-10986,Z014,2026-09-02T02:28:00,ATM-Z014-02,True
CYB-2026-10987,Z012,2026-09-27T08:58:00,ATM-Z012-06,True
CYB-2026-10988,Z006,2026-09-07T23:29:00,ATM-Z006-02,False
CYB-2026-10989,Z005,2026-09-20T20:57:00,ATM-Z005-04,True
CYB-2026-10990,Z001,2026-09-30T12:00:00,ATM-Z001-06,True
CYB-2026-10991,Z003,2026-09-30T22:34:00,ATM-Z003-05,True
CYB-2026-10992,Z006,2026-09-02T16:34:00,ATM-Z006-04,False
CYB-2026-10993,Z000,2026-09-07T22:02:00,ATM-Z000-03,True
CYB-2026-10994,Z003,2026-09-29T20:28:00,ATM-Z003-02,False
CYB-2026-10995,Z001,2026-09-10T01:31:00,ATM-Z001-06,True
CYB-2026-10996,Z005,2026-09-15T22:00:00,ATM-Z005-06,True
CYB-2026-10997,Z012,2026-09-14T00:22:00,ATM-Z012-06,False
CYB-2026-10998,Z018,2026-09-16T23:12:00,ATM-Z018-03,False
CYB-2026-10999,Z010,2026-09-25T13:21:00,ATM-Z010-06,True
CYB-2026-11000,Z006,2026-09-16T23:27:00,ATM-Z006-06,True
CYB-2026-11001,Z007,2026-09-23T20:33:00,ATM-Z007-02,True
CYB-2026-11002,Z015,2026-09-24T14:34:00,ATM-Z015-02,True
CYB-2026-11003,Z002,2026-09-01T22:22:00,ATM-Z002-04,False
CYB-2026-11004,Z015,2026-09-11T19:46:00,ATM-Z015-06,True
CYB-2026-11005,Z001,2026-09-30T05:57:00,ATM-Z001-05,True
CYB-2026-11006,Z011,2026-09-01T23:44:00,ATM-Z011-03,True
CYB-2026-11007,Z008,2026-09-06T02:51:00,ATM-Z008-05,True
CYB-2026-11008,Z019,2026-09-07T01:45:00,ATM-Z019-05,True
CYB-2026-11009,Z005,2026-09-07T04:55:00,ATM-Z005-01,True
CYB-2026-11010,Z008,2026-09-05T11:35:00,ATM-Z008-04,True
CYB-2026-11011,Z004,2026-09-04T04:45:00,ATM-Z004-05,False
CYB-2026-11012,Z005,2026-09-02T23:47:00,ATM-Z005-06,True
CYB-2026-11013,Z009,2026-09-19T03:16:00,ATM-Z009-04,False
CYB-2026-11014,Z008,2026-09-29T04:25:00,ATM-Z008-03,True
CYB-2026-11015,Z008,2026-09-09T08:56:00,ATM-Z008-02,True
CYB-2026-11016,Z017,2026-09-06T03:01:00,ATM-Z017-05,True
CYB-2026-11017,Z003,2026-09-14T11:09:00,ATM-Z003-04,False
CYB-2026-11018,Z006,2026-09-25T00:15:00,ATM-Z006-01,True
CYB-2026-11019,Z002,2026-09-10T12:15:00,ATM-Z002-01,True
CYB-2026-11020,Z005,2026-09-22T01:43:00,ATM-Z005-02,False
CYB-2026-11021,Z012,2026-09-25T06:28:00,ATM-Z012-04,True
CYB-2026-11022,Z015,2026-09-25T20:59:00,ATM-Z015-03,True
CYB-2026-11023,Z013,2026-09-14T08:56:00,ATM-Z013-02,True
CYB-2026-11024,Z002,2026-09-03T01:16:00,ATM-Z002-01,True
CYB-2026-11025,Z008,2026-09-02T20:49:00,ATM-Z008-04,True
CYB-2026-11026,Z007,2026-09-14T14:31:00,ATM-Z007-02,True
CYB-2026-11027,Z001,2026-09-01T14:27:00,ATM-Z001-02,False
CYB-2026-11028,Z012,2026-09-22T08:40:00,ATM-Z012-05,True
CYB-2026-11029,Z007,2026-09-07T11:40:00,ATM-Z007-06,True
CYB-2026-11030,Z000,2026-09-22T02:08:00,ATM-Z000-02,False
CYB-2026-11031,Z013,2026-09-29T05:59:00,ATM-Z013-06,True
CYB-2026-11032,Z013,2026-09-26T07:58:00,ATM-Z013-05,True
CYB-2026-11033,Z002,2026-09-20T09:18:00,ATM-Z002-05,True
CYB-2026-11034,Z010,2026-09-21T06:53:00,ATM-Z010-03,False
CYB-2026-11035,Z013,2026-09-24T21:10:00,ATM-Z013-02,False
CYB-2026-11036,Z002,2026-09-13T08:16:00,ATM-Z002-06,True
CYB-2026-11037,Z000,2026-09-03T02:53:00,ATM-Z000-02,True
CYB-2026-11038,Z010,2026-09-05T13:04:00,ATM-Z010-04,True
CYB-2026-11039,Z000,2026-09-10T19:55:00,ATM-Z000-01,True
CYB-2026-11040,Z001,2026-09-22T05:16:00,ATM-Z001-02,True
CYB-2026-11041,Z006,2026-09-06T18:29:00,ATM-Z006-03,True
CYB-2026-11042,Z007,2026-09-18T13:50:00,ATM-Z007-05,True
CYB-2026-11043,Z002,2026-09-08T02:15:00,ATM-Z002-02,True
CYB-2026-11044,Z017,2026-09-28T10:25:00,ATM-Z017-03,True
CYB-2026-11045,Z006,2026-09-10T22:47:00,ATM-Z006-04,False
CYB-2026-11046,Z015,2026-09-13T23:55:00,ATM-Z015-06,False
CYB-2026-11047,Z012,2026-09-14T06:24:00,ATM-Z012-06,True
CYB-2026-11048,Z004,2026-09-15T08:26:00,ATM-Z004-04,False
CYB-2026-11049,Z000,2026-09-26T12:58:00,ATM-Z000-03,True
CYB-2026-11050,Z011,2026-09-23T12:28:00,ATM-Z011-02,True
CYB-2026-11051,Z000,2026-09-06T04:19:00,ATM-Z000-01,True
CYB-2026-11052,Z009,2026-09-17T18:57:00,ATM-Z009-04,False
CYB-2026-11053,Z001,2026-09-26T19:43:00,ATM-Z001-04,True
CYB-2026-11054,Z007,2026-09-08T02:31:00,ATM-Z007-01,False
CYB-2026-11055,Z018,2026-09-23T09:59:00,ATM-Z018-03,True
CYB-2026-11056,Z002,2026-09-12T15:56:00,ATM-Z002-05,True
CYB-2026-11057,Z015,2026-09-20T04:10:00,ATM-Z015-03,False
CYB-2026-11058,Z014,2026-09-15T23:03:00,ATM-Z014-01,True
CYB-2026-11059,Z002,2026-09-08T22:06:00,ATM-Z002-06,True
CYB-2026-11060,Z003,2026-09-26T03:09:00,ATM-Z003-05,True
CYB-2026-11061,Z009,2026-09-14T11:07:00,ATM-Z009-02,True
CYB-2026-11062,Z015,2026-09-17T12:11:00,ATM-Z015-02,True
CYB-2026-11063,Z008,2026-09-26T23:40:00,ATM-Z008-06,True
CYB-2026-11064,Z010,2026-09-22T23:43:00,ATM-Z010-01,True
CYB-2026-11065,Z003,2026-09-23T18:25:00,ATM-Z003-04,True
CYB-2026-11066,Z000,2026-09-30T11:13:00,ATM-Z000-05,True
CYB-2026-11067,Z003,2026-09-21T21:39:00,ATM-Z003-05,True
CYB-2026-11068,Z004,2026-09-13T09:41:00,ATM-Z004-05,False
CYB-2026-11069,Z006,2026-09-29T15:32:00,ATM-Z006-02,False
CYB-2026-11070,Z005,2026-09-19T19:27:00,ATM-Z005-03,True
CYB-2026-11071,Z005,2026-09-02T06:37:00,ATM-Z005-06,False
CYB-2026-11072,Z002,2026-09-27T02:04:00,ATM-Z002-06,False
CYB-2026-11073,Z010,2026-09-27T09:24:00,ATM-Z010-05,False
CYB-2026-11074,Z008,2026-09-29T20:17:00,ATM-Z008-03,True
CYB-2026-11075,Z008,2026-09-03T13:33:00,ATM-Z008-06,True
CYB-2026-11076,Z009,2026-09-24T17:17:00,ATM-Z009-03,False
CYB-2026-11077,Z009,2026-09-18T12:58:00,ATM-Z009-01,True
CYB-2026-11078,Z009,2026-09-15T21:02:00,ATM-Z009-05,True
CYB-2026-11079,Z006,2026-09-03T17:47:00,ATM-Z006-03,True
CYB-2026-11080,Z000,2026-09-29T04:44:00,ATM-Z000-01,True
CYB-2026-11081,Z008,2026-09-19T07:56:00,ATM-Z008-06,True
CYB-2026-11082,Z009,2026-09-08T19:58:00,ATM-Z009-05,False
CYB-2026-11083,Z012,2026-09-17T05:23:00,ATM-Z012-01,False
CYB-2026-11084,Z008,2026-09-12T23:15:00,ATM-Z008-06,True
CYB-2026-11085,Z000,2026-09-21T18:46:00,ATM-Z000-05,True
CYB-2026-11086,Z008,2026-09-04T14:27:00,ATM-Z008-06,False
CYB-2026-11087,Z015,2026-09-29T02:21:00,ATM-Z015-05,False
CYB-2026-11088,Z006,2026-09-20T15:16:00,ATM-Z006-06,False
CYB-2026-11089,Z012,2026-09-29T11:56:00,ATM-Z012-06,False
CYB-2026-11090,Z012,2026-09-18T20:02:00,ATM-Z012-04,False
CYB-2026-11091,Z001,2026-09-28T12:03:00,ATM-Z001-02,True
CYB-2026-11092,Z001,2026-09-08T03:42:00,ATM-Z001-01,False
CYB-2026-11093,Z003,2026-09-01T22:43:00,ATM-Z003-04,False
CYB-2026-11094,Z000,2026-09-24T09:11:00,ATM-Z000-06,False
CYB-2026-11095,Z012,2026-09-14T11:30:00,ATM-Z012-03,True
CYB-2026-11096,Z000,2026-09-02T20:46:00,ATM-Z000-03,True
CYB-2026-11097,Z010,2026-09-18T12:44:00,ATM-Z010-06,True
CYB-2026-11098,Z002,2026-09-15T00:21:00,ATM-Z002-02,True
CYB-2026-11099,Z013,2026-09-10T11:21:00,ATM-Z013-05,False
CYB-2026-11100,Z015,2026-09-26T17:12:00,ATM-Z015-05,False
CYB-2026-11101,Z000,2026-09-05T05:47:00,ATM-Z000-01,True
CYB-2026-11102,Z002,2026-09-16T16:13:00,ATM-Z002-06,True
CYB-2026-11103,Z003,2026-09-05T12:17:00,ATM-Z003-03,True
CYB-2026-11104,Z001,2026-09-23T10:29:00,ATM-Z001-02,True
CYB-2026-11105,Z008,2026-09-19T23:21:00,ATM-Z008-01,True
CYB-2026-11106,Z005,2026-09-24T19:06:00,ATM-Z005-01,True
CYB-2026-11107,Z003,2026-09-17T06:01:00,ATM-Z003-02,True
CYB-2026-11108,Z005,2026-09-03T05:44:00,ATM-Z005-04,False
CYB-2026-11109,Z005,2026-10-01T00:40:00,ATM-Z005-05,True
CYB-2026-11110,Z006,2026-09-20T01:51:00,ATM-Z006-05,False
CYB-2026-11111,Z001,2026-09-04T11:54:00,ATM-Z001-04,False
CYB-2026-11112,Z005,2026-09-16T15:25:00,ATM-Z005-03,True
CYB-2026-11113,Z009,2026-09-10T03:29:00,ATM-Z009-05,False
CYB-2026-11114,Z008,2026-09-03T17:15:00,ATM-Z008-01,True
CYB-2026-11115,Z014,2026-09-15T08:36:00,ATM-Z014-04,False
CYB-2026-11116,Z005,2026-09-02T03:17:00,ATM-Z005-03,True
CYB-2026-11117,Z009,2026-09-05T05:15:00,ATM-Z009-01,False
CYB-2026-11118,Z002,2026-09-16T15:17:00,ATM-Z002-01,True
CYB-2026-11119,Z000,2026-09-09T23:20:00,ATM-Z000-01,False
CYB-2026-11120,Z008,2026-09-14T10:26:00,ATM-Z008-05,True
CYB-2026-11121,Z006,2026-10-01T00:36:00,ATM-Z006-03,True
CYB-2026-11122,Z017,2026-09-03T23:00:00,ATM-Z017-05,True
CYB-2026-11123,Z000,2026-09-23T00:57:00,ATM-Z000-04,True
CYB-2026-11124,Z006,2026-09-16T11:41:00,ATM-Z006-01,True
CYB-2026-11125,Z001,2026-09-09T17:03:00,ATM-Z001-01,True
CYB-2026-11126,Z013,2026-09-26T13:30:00,ATM-Z013-06,True
CYB-2026-11127,Z007,2026-09-16T12:32:00,ATM-Z007-01,True
CYB-2026-11128,Z003,2026-09-22T02:27:00,ATM-Z003-02,False
CYB-2026-11129,Z013,2026-09-01T13:21:00,ATM-Z013-05,True
CYB-2026-11130,Z000,2026-09-01T11:27:00,ATM-Z000-03,True
CYB-2026-11131,Z000,2026-09-28T01:20:00,ATM-Z000-03,True
CYB-2026-11132,Z003,2026-09-25T16:25:00,ATM-Z003-02,True
CYB-2026-11133,Z007,2026-09-08T16:25:00,ATM-Z007-01,False
CYB-2026-11134,Z008,2026-09-13T23:59:00,ATM-Z008-03,True
CYB-2026-11135,Z004,2026-09-08T01:23:00,ATM-Z004-02,True
CYB-2026-11136,Z005,2026-09-03T04:40:00,ATM-Z005-05,False
CYB-2026-11137,Z008,2026-09-22T02:28:00,ATM-Z008-03,True
CYB-2026-11138,Z012,2026-09-03T03:24:00,ATM-Z012-02,True
CYB-2026-11139,Z012,2026-09-06T16:37:00,ATM-Z012-01,True
CYB-2026-11140,Z000,2026-09-19T04:59:00,ATM-Z000-04,True
CYB-2026-11141,Z012,2026-09-15T04:53:00,ATM-Z012-01,False
CYB-2026-11142,Z005,2026-09-12T22:31:00,ATM-Z005-05,True
CYB-2026-11143,Z001,2026-09-25T14:01:00,ATM-Z001-06,False
CYB-2026-11144,Z009,2026-09-27T05:55:00,ATM-Z009-03,True
CYB-2026-11145,Z008,2026-09-25T12:54:00,ATM-Z008-04,True
CYB-2026-11146,Z008,2026-09-26T23:45:00,ATM-Z008-04,True
CYB-2026-11147,Z000,2026-09-28T08:07:00,ATM-Z000-03,False
CYB-2026-11148,Z001,2026-09-01T15:41:00,ATM-Z001-04,True
CYB-2026-11149,Z015,2026-09-09T13:37:00,ATM-Z015-01,True
CYB-2026-11150,Z002,2026-10-01T00:10:00,ATM-Z002-04,False
CYB-2026-11151,Z004,2026-09-11T13:38:00,ATM-Z004-03,True
CYB-2026-11152,Z008,2026-09-05T11:38:00,ATM-Z008-01,True
CYB-2026-11153,Z005,2026-09-08T17:35:00,ATM-Z005-06,True
CYB-2026-11154,Z014,2026-09-10T04:27:00,ATM-Z014-01,False
CYB-2026-11155,Z002,2026-09-16T03:18:00,ATM-Z002-02,True
CYB-2026-11156,Z000,2026-09-06T21:12:00,ATM-Z000-03,True
CYB-2026-11157,Z004,2026-09-24T21:02:00,ATM-Z004-06,True
CYB-2026-11158,Z005,2026-09-08T01:52:00,ATM-Z005-02,False
CYB-2026-11159,Z007,2026-09-20T17:36:00,ATM-Z007-02,True
CYB-2026-11160,Z017,2026-09-01T22:18:00,ATM-Z017-02,True
CYB-2026-11161,Z004,2026-09-29T23:53:00,ATM-Z004-06,True
CYB-2026-11162,Z005,2026-09-06T02:27:00,ATM-Z005-02,True
CYB-2026-11163,Z007,2026-09-19T17:23:00,ATM-Z007-05,False
CYB-2026-11164,Z008,2026-09-23T16:04:00,ATM-Z008-04,False
CYB-2026-11165,Z001,2026-09-03T21:45:00,ATM-Z001-01,True
CYB-2026-11166,Z009,2026-09-27T05:29:00,ATM-Z009-05,True
CYB-2026-11167,Z010,2026-09-23T20:38:00,ATM-Z010-06,False
CYB-2026-11168,Z010,2026-09-30T22:28:00,ATM-Z010-06,True
CYB-2026-11169,Z012,2026-09-19T15:23:00,ATM-Z012-05,True
CYB-2026-11170,Z004,2026-09-07T06:50:00,ATM-Z004-06,True
CYB-2026-11171,Z000,2026-09-15T07:48:00,ATM-Z000-02,False
CYB-2026-11172,Z018,2026-09-03T09:03:00,ATM-Z018-03,True
CYB-2026-11173,Z001,2026-09-03T13:31:00,ATM-Z001-05,True
CYB-2026-11174,Z009,2026-09-05T09:52:00,ATM-Z009-05,False
CYB-2026-11175,Z015,2026-09-21T09:13:00,ATM-Z015-05,False
CYB-2026-11176,Z015,2026-09-10T17:12:00,ATM-Z015-06,True
CYB-2026-11177,Z008,2026-09-16T09:20:00,ATM-Z008-01,True
CYB-2026-11178,Z000,2026-10-01T04:50:00,ATM-Z000-06,True
CYB-2026-11179,Z013,2026-09-25T12:56:00,ATM-Z013-04,True
CYB-2026-11180,Z007,2026-09-16T04:12:00,ATM-Z007-05,True
CYB-2026-11181,Z008,2026-09-18T18:34:00,ATM-Z008-04,True
CYB-2026-11182,Z010,2026-09-20T20:39:00,ATM-Z010-02,True
CYB-2026-11183,Z010,2026-09-18T03:58:00,ATM-Z010-04,False
CYB-2026-11184,Z008,2026-09-19T20:08:00,ATM-Z008-03,True
CYB-2026-11185,Z012,2026-09-03T13:06:00,ATM-Z012-02,True
CYB-2026-11186,Z003,2026-09-03T11:44:00,ATM-Z003-05,True
CYB-2026-11187,Z006,2026-09-10T14:24:00,ATM-Z006-03,True
CYB-2026-11188,Z002,2026-09-21T04:29:00,ATM-Z002-01,True
CYB-2026-11189,Z004,2026-09-11T18:47:00,ATM-Z004-01,True
CYB-2026-11190,Z008,2026-09-08T18:02:00,ATM-Z008-04,True
CYB-2026-11191,Z001,2026-09-22T23:01:00,ATM-Z001-02,True
CYB-2026-11192,Z008,2026-09-29T22:31:00,ATM-Z008-04,False
CYB-2026-11193,Z006,2026-09-21T20:42:00,ATM-Z006-04,True
CYB-2026-11194,Z001,2026-09-29T05:37:00,ATM-Z001-05,True
CYB-2026-11195,Z001,2026-09-17T10:38:00,ATM-Z001-03,False
CYB-2026-11196,Z012,2026-09-21T22:52:00,ATM-Z012-06,True
CYB-2026-11197,Z009,2026-09-28T06:48:00,ATM-Z009-05,True
CYB-2026-11198,Z002,2026-09-13T14:25:00,ATM-Z002-03,False
CYB-2026-11199,Z005,2026-09-21T16:12:00,ATM-Z005-04,False
CYB-2026-11200,Z004,2026-09-21T20:22:00,ATM-Z004-06,True
CYB-2026-11201,Z005,2026-09-08T11:22:00,ATM-Z005-04,False
CYB-2026-11202,Z006,2026-09-22T09:15:00,ATM-Z006-06,False
CYB-2026-11203,Z013,2026-09-02T11:57:00,ATM-Z013-03,True
CYB-2026-11204,Z005,2026-09-08T10:32:00,ATM-Z005-05,False
CYB-2026-11205,Z015,2026-09-26T00:03:00,ATM-Z015-01,True
CYB-2026-11206,Z006,2026-09-27T06:28:00,ATM-Z006-06,True
CYB-2026-11207,Z005,2026-09-06T16:12:00,ATM-Z005-02,False
CYB-2026-11208,Z006,2026-09-09T15:43:00,ATM-Z006-05,True
CYB-2026-11209,Z005,2026-09-06T09:02:00,ATM-Z005-05,True
CYB-2026-11210,Z001,2026-09-26T06:28:00,ATM-Z001-01,True
CYB-2026-11211,Z004,2026-09-08T14:56:00,ATM-Z004-05,True
CYB-2026-11212,Z016,2026-09-26T13:28:00,ATM-Z016-06,True
CYB-2026-11213,Z006,2026-09-11T01:21:00,ATM-Z006-04,True
CYB-2026-11214,Z001,2026-09-01T07:21:00,ATM-Z001-06,True
CYB-2026-11215,Z012,2026-09-11T11:24:00,ATM-Z012-01,True
CYB-2026-11216,Z007,2026-09-29T22:52:00,ATM-Z007-05,True
CYB-2026-11217,Z015,2026-09-06T16:08:00,ATM-Z015-05,True
CYB-2026-11218,Z005,2026-09-29T03:08:00,ATM-Z005-06,True
CYB-2026-11219,Z005,2026-09-01T16:14:00,ATM-Z005-05,True
CYB-2026-11220,Z012,2026-09-15T04:23:00,ATM-Z012-05,False
CYB-2026-11221,Z008,2026-09-04T18:24:00,ATM-Z008-05,False
CYB-2026-11222,Z001,2026-09-24T16:39:00,ATM-Z001-05,True
CYB-2026-11223,Z001,2026-09-26T01:26:00,ATM-Z001-03,True
CYB-2026-11224,Z001,2026-09-26T08:46:00,ATM-Z001-01,True
CYB-2026-11225,Z000,2026-09-19T00:43:00,ATM-Z000-06,True
CYB-2026-11226,Z003,2026-09-21T00:25:00,ATM-Z003-06,False
CYB-2026-11227,Z011,2026-09-13T15:28:00,ATM-Z011-01,True
CYB-2026-11228,Z005,2026-09-06T14:46:00,ATM-Z005-02,True
CYB-2026-11229,Z000,2026-09-14T16:57:00,ATM-Z000-03,False
CYB-2026-11230,Z005,2026-09-25T14:12:00,ATM-Z005-01,True
CYB-2026-11231,Z015,2026-09-07T02:58:00,ATM-Z015-04,True
CYB-2026-11232,Z012,2026-09-30T12:35:00,ATM-Z012-03,False
CYB-2026-11233,Z000,2026-09-24T03:26:00,ATM-Z000-04,True
CYB-2026-11234,Z008,2026-09-11T19:00:00,ATM-Z008-03,False
CYB-2026-11235,Z010,2026-09-10T12:25:00,ATM-Z010-04,False
CYB-2026-11236,Z001,2026-09-10T09:40:00,ATM-Z001-03,True
CYB-2026-11237,Z007,2026-09-26T01:22:00,ATM-Z007-04,True
CYB-2026-11238,Z005,2026-09-10T23:17:00,ATM-Z005-03,False
CYB-2026-11239,Z004,2026-09-23T21:58:00,ATM-Z004-06,True
CYB-2026-11240,Z002,2026-09-16T22:39:00,ATM-Z002-04,True
CYB-2026-11241,Z015,2026-09-14T11:11:00,ATM-Z015-05,False
CYB-2026-11242,Z009,2026-09-06T08:13:00,ATM-Z009-02,True
CYB-2026-11243,Z007,2026-09-05T02:26:00,ATM-Z007-02,True
CYB-2026-11244,Z008,2026-09-25T02:25:00,ATM-Z008-05,False
CYB-2026-11245,Z015,2026-09-25T19:47:00,ATM-Z015-05,True
CYB-2026-11246,Z008,2026-09-27T22:14:00,ATM-Z008-06,True
CYB-2026-11247,Z002,2026-09-27T10:58:00,ATM-Z002-02,True
CYB-2026-11248,Z002,2026-09-27T09:44:00,ATM-Z002-03,False
CYB-2026-11249,Z015,2026-09-10T19:14:00,ATM-Z015-04,True
CYB-2026-11250,Z004,2026-09-17T09:04:00,ATM-Z004-06,False
CYB-2026-11251,Z000,2026-09-16T11:39:00,ATM-Z000-03,False
CYB-2026-11252,Z000,2026-09-29T04:33:00,ATM-Z000-06,True
CYB-2026-11253,Z003,2026-09-16T20:58:00,ATM-Z003-01,True
CYB-2026-11254,Z003,2026-09-22T07:06:00,ATM-Z003-06,True
CYB-2026-11255,Z001,2026-09-07T10:12:00,ATM-Z001-03,True
CYB-2026-11256,Z018,2026-09-13T14:16:00,ATM-Z018-01,True
CYB-2026-11257,Z015,2026-09-13T03:08:00,ATM-Z015-06,False
CYB-2026-11258,Z002,2026-09-25T19:16:00,ATM-Z002-02,True
CYB-2026-11259,Z007,2026-09-04T05:27:00,ATM-Z007-04,False
CYB-2026-11260,Z008,2026-09-21T17:06:00,ATM-Z008-02,True
CYB-2026-11261,Z019,2026-09-07T09:14:00,ATM-Z019-06,True
CYB-2026-11262,Z007,2026-09-07T09:18:00,ATM-Z007-05,True
CYB-2026-11263,Z013,2026-09-15T08:54:00,ATM-Z013-02,True
CYB-2026-11264,Z006,2026-09-27T10:39:00,ATM-Z006-01,False
CYB-2026-11265,Z010,2026-09-03T15:06:00,ATM-Z010-04,True
CYB-2026-11266,Z005,2026-09-03T20:50:00,ATM-Z005-02,True
CYB-2026-11267,Z013,2026-09-27T19:47:00,ATM-Z013-04,False
CYB-2026-11268,Z007,2026-09-05T09:00:00,ATM-Z007-03,True
CYB-2026-11269,Z000,2026-09-13T23:24:00,ATM-Z000-02,True
CYB-2026-11270,Z008,2026-09-14T17:07:00,ATM-Z008-02,True
CYB-2026-11271,Z002,2026-09-10T17:37:00,ATM-Z002-06,False
CYB-2026-11272,Z009,2026-09-17T18:05:00,ATM-Z009-05,True
CYB-2026-11273,Z003,2026-09-23T01:51:00,ATM-Z003-04,False
CYB-2026-11274,Z010,2026-09-07T05:45:00,ATM-Z010-05,False
CYB-2026-11275,Z015,2026-09-13T14:15:00,ATM-Z015-03,True
CYB-2026-11276,Z002,2026-09-10T18:05:00,ATM-Z002-02,True
CYB-2026-11277,Z013,2026-09-01T11:52:00,ATM-Z013-02,False
CYB-2026-11278,Z017,2026-09-10T13:36:00,ATM-Z017-03,True
CYB-2026-11279,Z002,2026-09-03T14:06:00,ATM-Z002-01,True
CYB-2026-11280,Z005,2026-09-28T17:58:00,ATM-Z005-03,False
CYB-2026-11281,Z013,2026-09-13T22:10:00,ATM-Z013-06,False
CYB-2026-11282,Z001,2026-09-26T07:48:00,ATM-Z001-05,True
CYB-2026-11283,Z008,2026-09-01T08:54:00,ATM-Z008-04,True
CYB-2026-11284,Z006,2026-09-16T23:10:00,ATM-Z006-01,True
CYB-2026-11285,Z001,2026-09-29T20:33:00,ATM-Z001-04,True
CYB-2026-11286,Z001,2026-09-05T03:25:00,ATM-Z001-05,True
CYB-2026-11287,Z011,2026-09-20T17:13:00,ATM-Z011-06,True
CYB-2026-11288,Z000,2026-09-11T13:42:00,ATM-Z000-01,True
CYB-2026-11289,Z003,2026-09-17T22:13:00,ATM-Z003-02,True
CYB-2026-11290,Z012,2026-09-07T00:17:00,ATM-Z012-03,True
CYB-2026-11291,Z010,2026-09-21T09:36:00,ATM-Z010-01,True
CYB-2026-11292,Z009,2026-09-01T23:44:00,ATM-Z009-06,True
CYB-2026-11293,Z019,2026-09-18T11:51:00,ATM-Z019-02,True
CYB-2026-11294,Z010,2026-09-09T02:47:00,ATM-Z010-04,False
CYB-2026-11295,Z005,2026-09-20T19:06:00,ATM-Z005-06,False
CYB-2026-11296,Z000,2026-09-13T21:06:00,ATM-Z000-01,True
CYB-2026-11297,Z004,2026-09-05T10:01:00,ATM-Z004-02,True
CYB-2026-11298,Z001,2026-09-30T11:24:00,ATM-Z001-05,True
CYB-2026-11299,Z012,2026-09-28T18:17:00,ATM-Z012-01,True
CYB-2026-11300,Z015,2026-09-05T19:28:00,ATM-Z015-06,True
CYB-2026-11301,Z017,2026-09-16T05:57:00,ATM-Z017-04,True
CYB-2026-11302,Z003,2026-09-22T17:26:00,ATM-Z003-05,True
CYB-2026-11303,Z003,2026-09-29T06:59:00,ATM-Z003-02,True
CYB-2026-11304,Z004,2026-09-03T03:05:00,ATM-Z004-03,True
CYB-2026-11305,Z010,2026-09-02T18:02:00,ATM-Z010-01,True
CYB-2026-11306,Z008,2026-09-28T17:03:00,ATM-Z008-05,True
CYB-2026-11307,Z006,2026-09-07T18:46:00,ATM-Z006-01,True
CYB-2026-11308,Z001,2026-09-25T02:01:00,ATM-Z001-05,False
CYB-2026-11309,Z000,2026-09-01T17:48:00,ATM-Z000-04,True
CYB-2026-11310,Z008,2026-09-26T09:28:00,ATM-Z008-03,True
CYB-2026-11311,Z005,2026-09-23T15:31:00,ATM-Z005-04,True
CYB-2026-11312,Z000,2026-09-07T08:53:00,ATM-Z000-02,True
CYB-2026-11313,Z000,2026-09-08T06:23:00,ATM-Z000-04,False
CYB-2026-11314,Z015,2026-09-10T13:50:00,ATM-Z015-02,True
CYB-2026-11315,Z006,2026-09-21T10:40:00,ATM-Z006-04,True
CYB-2026-11316,Z007,2026-09-09T18:08:00,ATM-Z007-06,False
CYB-2026-11317,Z009,2026-09-10T21:09:00,ATM-Z009-02,False
CYB-2026-11318,Z001,2026-09-16T12:35:00,ATM-Z001-04,True
CYB-2026-11319,Z002,2026-09-15T14:23:00,ATM-Z002-02,True
CYB-2026-11320,Z001,2026-09-27T23:07:00,ATM-Z001-06,False
CYB-2026-11321,Z015,2026-09-07T23:33:00,ATM-Z015-01,True
CYB-2026-11322,Z001,2026-09-20T12:56:00,ATM-Z001-02,True
CYB-2026-11323,Z007,2026-09-27T15:16:00,ATM-Z007-05,False
CYB-2026-11324,Z014,2026-09-21T18:16:00,ATM-Z014-06,False
CYB-2026-11325,Z002,2026-09-14T12:32:00,ATM-Z002-01,True
CYB-2026-11326,Z007,2026-09-08T15:25:00,ATM-Z007-01,True
CYB-2026-11327,Z007,2026-09-28T20:20:00,ATM-Z007-01,False
CYB-2026-11328,Z010,2026-09-20T20:11:00,ATM-Z010-03,True
CYB-2026-11329,Z000,2026-09-28T00:51:00,ATM-Z000-05,False
CYB-2026-11330,Z009,2026-09-05T23:31:00,ATM-Z009-01,False
CYB-2026-11331,Z007,2026-09-27T07:30:00,ATM-Z007-01,True
CYB-2026-11332,Z004,2026-09-17T13:20:00,ATM-Z004-03,True
CYB-2026-11333,Z009,2026-09-02T18:53:00,ATM-Z009-02,True
CYB-2026-11334,Z001,2026-09-01T15:34:00,ATM-Z001-03,True
CYB-2026-11335,Z008,2026-09-15T13:39:00,ATM-Z008-02,False
CYB-2026-11336,Z001,2026-09-18T18:17:00,ATM-Z001-01,True
CYB-2026-11337,Z000,2026-09-23T04:20:00,ATM-Z000-05,True
CYB-2026-11338,Z015,2026-09-11T17:27:00,ATM-Z015-02,True
CYB-2026-11339,Z006,2026-09-05T20:34:00,ATM-Z006-02,True
CYB-2026-11340,Z005,2026-09-12T16:59:00,ATM-Z005-05,True
CYB-2026-11341,Z013,2026-09-09T12:14:00,ATM-Z013-04,True
CYB-2026-11342,Z017,2026-09-29T10:59:00,ATM-Z017-03,True
CYB-2026-11343,Z005,2026-09-23T00:12:00,ATM-Z005-03,True
CYB-2026-11344,Z000,2026-09-30T06:58:00,ATM-Z000-05,False
CYB-2026-11345,Z000,2026-09-30T05:02:00,ATM-Z000-02,False
CYB-2026-11346,Z001,2026-09-05T08:10:00,ATM-Z001-04,False
CYB-2026-11347,Z000,2026-09-22T23:40:00,ATM-Z000-03,True
CYB-2026-11348,Z013,2026-09-29T10:57:00,ATM-Z013-01,True
CYB-2026-11349,Z001,2026-09-02T07:40:00,ATM-Z001-02,True
CYB-2026-11350,Z006,2026-09-25T04:46:00,ATM-Z006-02,True
CYB-2026-11351,Z005,2026-09-10T07:10:00,ATM-Z005-04,True
CYB-2026-11352,Z003,2026-09-06T15:19:00,ATM-Z003-03,False
CYB-2026-11353,Z015,2026-09-13T21:31:00,ATM-Z015-03,True
CYB-2026-11354,Z003,2026-09-08T22:30:00,ATM-Z003-03,True
CYB-2026-11355,Z009,2026-09-10T06:32:00,ATM-Z009-05,True
CYB-2026-11356,Z001,2026-09-13T09:17:00,ATM-Z001-03,False
CYB-2026-11357,Z015,2026-09-14T00:19:00,ATM-Z015-05,True
CYB-2026-11358,Z008,2026-09-13T05:06:00,ATM-Z008-02,True
CYB-2026-11359,Z004,2026-09-12T00:00:00,ATM-Z004-06,False
CYB-2026-11360,Z003,2026-09-01T18:42:00,ATM-Z003-01,False
CYB-2026-11361,Z006,2026-09-21T12:28:00,ATM-Z006-01,True
CYB-2026-11362,Z004,2026-09-09T15:25:00,ATM-Z004-06,True
CYB-2026-11363,Z000,2026-09-18T22:04:00,ATM-Z000-06,True
CYB-2026-11364,Z003,2026-09-30T05:44:00,ATM-Z003-04,True
CYB-2026-11365,Z008,2026-09-02T15:40:00,ATM-Z008-05,False
CYB-2026-11366,Z006,2026-09-25T16:42:00,ATM-Z006-01,True
CYB-2026-11367,Z002,2026-09-25T13:43:00,ATM-Z002-03,True
CYB-2026-11368,Z001,2026-09-28T15:58:00,ATM-Z001-02,False
CYB-2026-11369,Z002,2026-09-29T00:11:00,ATM-Z002-06,False
CYB-2026-11370,Z005,2026-09-06T12:09:00,ATM-Z005-01,False
CYB-2026-11371,Z000,2026-09-28T12:54:00,ATM-Z000-04,False
CYB-2026-11372,Z005,2026-09-28T14:55:00,ATM-Z005-04,False
CYB-2026-11373,Z012,2026-09-27T15:09:00,ATM-Z012-04,True
CYB-2026-11374,Z005,2026-09-06T09:09:00,ATM-Z005-02,True
CYB-2026-11375,Z006,2026-09-29T17:28:00,ATM-Z006-02,True
CYB-2026-11376,Z013,2026-09-18T15:13:00,ATM-Z013-03,False
CYB-2026-11377,Z009,2026-09-11T01:50:00,ATM-Z009-02,True
CYB-2026-11378,Z001,2026-09-21T17:16:00,ATM-Z001-04,False
CYB-2026-11379,Z003,2026-09-25T12:26:00,ATM-Z003-05,True
CYB-2026-11380,Z001,2026-09-19T11:34:00,ATM-Z001-05,True
CYB-2026-11381,Z012,2026-09-19T19:48:00,ATM-Z012-06,False
CYB-2026-11382,Z008,2026-09-09T20:40:00,ATM-Z008-05,True
CYB-2026-11383,Z012,2026-10-01T05:14:00,ATM-Z012-03,True
CYB-2026-11384,Z007,2026-09-01T20:42:00,ATM-Z007-02,True
CYB-2026-11385,Z009,2026-09-09T21:06:00,ATM-Z009-06,True
CYB-2026-11386,Z009,2026-09-22T12:11:00,ATM-Z009-01,False
CYB-2026-11387,Z003,2026-09-02T01:04:00,ATM-Z003-06,True
CYB-2026-11388,Z000,2026-09-07T10:55:00,ATM-Z000-04,True
CYB-2026-11389,Z001,2026-09-29T14:46:00,ATM-Z001-04,True
CYB-2026-11390,Z000,2026-09-29T21:12:00,ATM-Z000-03,True
CYB-2026-11391,Z003,2026-09-08T16:41:00,ATM-Z003-04,True
CYB-2026-11392,Z018,2026-09-30T12:03:00,ATM-Z018-05,False
CYB-2026-11393,Z015,2026-09-10T03:13:00,ATM-Z015-05,False
CYB-2026-11394,Z002,2026-09-23T20:33:00,ATM-Z002-01,True
CYB-2026-11395,Z001,2026-09-26T15:41:00,ATM-Z001-03,False
CYB-2026-11396,Z000,2026-09-26T16:36:00,ATM-Z000-04,False
CYB-2026-11397,Z001,2026-09-29T10:19:00,ATM-Z001-01,False
CYB-2026-11398,Z013,2026-09-12T11:06:00,ATM-Z013-02,False
CYB-2026-11399,Z012,2026-09-02T09:21:00,ATM-Z012-06,False
CYB-2026-11400,Z007,2026-09-25T15:13:00,ATM-Z007-02,True
CYB-2026-11401,Z015,2026-09-07T06:44:00,ATM-Z015-05,True
CYB-2026-11402,Z002,2026-09-26T17:03:00,ATM-Z002-06,True
CYB-2026-11403,Z007,2026-09-19T00:10:00,ATM-Z007-01,True
CYB-2026-11404,Z008,2026-09-02T19:04:00,ATM-Z008-05,True
CYB-2026-11405,Z005,2026-09-07T13:04:00,ATM-Z005-04,True
CYB-2026-11406,Z004,2026-09-07T07:21:00,ATM-Z004-06,True
CYB-2026-11407,Z003,2026-09-07T04:23:00,ATM-Z003-01,True
CYB-2026-11408,Z007,2026-09-25T10:38:00,ATM-Z007-02,True
CYB-2026-11409,Z003,2026-09-28T23:04:00,ATM-Z003-01,True
CYB-2026-11410,Z006,2026-09-19T04:28:00,ATM-Z006-05,False
CYB-2026-11411,Z008,2026-09-16T07:57:00,ATM-Z008-04,False
CYB-2026-11412,Z006,2026-09-28T11:06:00,ATM-Z006-02,True
CYB-2026-11413,Z015,2026-09-02T16:20:00,ATM-Z015-03,True
CYB-2026-11414,Z000,2026-09-01T11:19:00,ATM-Z000-01,True
CYB-2026-11415,Z008,2026-09-27T07:25:00,ATM-Z008-06,True
CYB-2026-11416,Z012,2026-09-17T23:51:00,ATM-Z012-04,True
CYB-2026-11417,Z000,2026-09-26T11:50:00,ATM-Z000-01,True
CYB-2026-11418,Z005,2026-09-23T00:59:00,ATM-Z005-06,True
CYB-2026-11419,Z000,2026-09-23T01:59:00,ATM-Z000-02,True
CYB-2026-11420,Z004,2026-09-19T06:28:00,ATM-Z004-06,False
CYB-2026-11421,Z005,2026-09-12T02:58:00,ATM-Z005-03,False
CYB-2026-11422,Z014,2026-09-23T21:37:00,ATM-Z014-05,True
CYB-2026-11423,Z010,2026-09-04T09:59:00,ATM-Z010-02,True
CYB-2026-11424,Z012,2026-09-29T19:12:00,ATM-Z012-04,False
CYB-2026-11425,Z015,2026-09-01T10:50:00,ATM-Z015-06,True
CYB-2026-11426,Z001,2026-09-14T19:55:00,ATM-Z001-02,True
CYB-2026-11427,Z011,2026-09-20T19:48:00,ATM-Z011-04,True
CYB-2026-11428,Z009,2026-09-27T10:39:00,ATM-Z009-03,False
CYB-2026-11429,Z002,2026-09-28T12:02:00,ATM-Z002-05,True
CYB-2026-11430,Z005,2026-09-12T18:38:00,ATM-Z005-05,True
CYB-2026-11431,Z008,2026-09-23T23:48:00,ATM-Z008-05,False
CYB-2026-11432,Z005,2026-09-04T19:05:00,ATM-Z005-03,True
CYB-2026-11433,Z008,2026-09-10T01:50:00,ATM-Z008-02,True
CYB-2026-11434,Z010,2026-09-19T15:07:00,ATM-Z010-05,True
CYB-2026-11435,Z004,2026-09-16T05:02:00,ATM-Z004-03,False
CYB-2026-11436,Z008,2026-09-17T09:18:00,ATM-Z008-01,False
CYB-2026-11437,Z013,2026-09-10T11:20:00,ATM-Z013-05,False
CYB-2026-11438,Z002,2026-09-08T10:29:00,ATM-Z002-04,True
CYB-2026-11439,Z012,2026-09-22T22:34:00,ATM-Z012-03,True
CYB-2026-11440,Z003,2026-09-15T18:48:00,ATM-Z003-06,False
CYB-2026-11441,Z002,2026-09-27T23:31:00,ATM-Z002-05,True
CYB-2026-11442,Z006,2026-09-16T10:18:00,ATM-Z006-04,False
CYB-2026-11443,Z008,2026-09-22T06:04:00,ATM-Z008-05,True
CYB-2026-11444,Z013,2026-09-24T22:21:00,ATM-Z013-06,True
CYB-2026-11445,Z014,2026-09-29T14:30:00,ATM-Z014-04,True
CYB-2026-11446,Z013,2026-09-10T23:45:00,ATM-Z013-02,True
CYB-2026-11447,Z005,2026-09-16T19:54:00,ATM-Z005-06,True
CYB-2026-11448,Z018,2026-09-02T22:05:00,ATM-Z018-03,False
CYB-2026-11449,Z007,2026-09-20T10:55:00,ATM-Z007-03,True
CYB-2026-11450,Z000,2026-09-26T16:00:00,ATM-Z000-06,True
CYB-2026-11451,Z002,2026-09-08T03:24:00,ATM-Z002-02,True
CYB-2026-11452,Z001,2026-09-25T20:06:00,ATM-Z001-04,True
CYB-2026-11453,Z013,2026-09-02T22:40:00,ATM-Z013-03,True
CYB-2026-11454,Z012,2026-09-21T04:03:00,ATM-Z012-06,True
CYB-2026-11455,Z006,2026-09-16T16:30:00,ATM-Z006-03,True
CYB-2026-11456,Z002,2026-09-15T18:03:00,ATM-Z002-03,True
CYB-2026-11457,Z003,2026-09-25T17:36:00,ATM-Z003-02,True
CYB-2026-11458,Z008,2026-09-03T14:07:00,ATM-Z008-03,True
CYB-2026-11459,Z003,2026-09-13T07:51:00,ATM-Z003-05,True
CYB-2026-11460,Z003,2026-09-21T22:26:00,ATM-Z003-03,False
CYB-2026-11461,Z001,2026-09-18T05:56:00,ATM-Z001-03,True
CYB-2026-11462,Z015,2026-09-12T21:53:00,ATM-Z015-01,True
CYB-2026-11463,Z006,2026-09-04T18:22:00,ATM-Z006-06,True
CYB-2026-11464,Z000,2026-09-10T12:49:00,ATM-Z000-06,True
CYB-2026-11465,Z001,2026-09-02T14:35:00,ATM-Z001-04,True
CYB-2026-11466,Z001,2026-09-01T08:22:00,ATM-Z001-03,True
CYB-2026-11467,Z012,2026-09-03T01:48:00,ATM-Z012-03,False
CYB-2026-11468,Z009,2026-09-13T21:10:00,ATM-Z009-05,True
CYB-2026-11469,Z010,2026-09-07T03:29:00,ATM-Z010-06,False
CYB-2026-11470,Z005,2026-09-21T05:09:00,ATM-Z005-02,True
CYB-2026-11471,Z003,2026-09-16T22:35:00,ATM-Z003-03,False
CYB-2026-11472,Z005,2026-09-05T01:49:00,ATM-Z005-05,True
CYB-2026-11473,Z009,2026-09-11T00:19:00,ATM-Z009-03,False
CYB-2026-11474,Z000,2026-09-16T01:18:00,ATM-Z000-01,False
CYB-2026-11475,Z001,2026-09-19T17:22:00,ATM-Z001-02,True
CYB-2026-11476,Z000,2026-09-04T12:57:00,ATM-Z000-01,False
CYB-2026-11477,Z010,2026-09-20T22:36:00,ATM-Z010-01,False
CYB-2026-11478,Z006,2026-09-28T01:54:00,ATM-Z006-02,False
CYB-2026-11479,Z004,2026-09-13T22:02:00,ATM-Z004-01,False
CYB-2026-11480,Z006,2026-09-12T21:59:00,ATM-Z006-02,False
CYB-2026-11481,Z012,2026-09-12T20:26:00,ATM-Z012-03,True
CYB-2026-11482,Z015,2026-09-20T20:23:00,ATM-Z015-06,True
CYB-2026-11483,Z001,2026-09-29T17:09:00,ATM-Z001-03,True
CYB-2026-11484,Z003,2026-09-13T10:37:00,ATM-Z003-01,False
CYB-2026-11485,Z008,2026-09-11T07:01:00,ATM-Z008-03,False
CYB-2026-11486,Z005,2026-09-18T22:41:00,ATM-Z005-06,True
CYB-2026-11487,Z007,2026-09-10T07:53:00,ATM-Z007-02,False
CYB-2026-11488,Z007,2026-09-28T04:07:00,ATM-Z007-01,True
CYB-2026-11489,Z017,2026-09-22T19:58:00,ATM-Z017-05,True
CYB-2026-11490,Z015,2026-09-13T19:42:00,ATM-Z015-03,True
CYB-2026-11491,Z006,2026-09-27T15:23:00,ATM-Z006-03,True
CYB-2026-11492,Z005,2026-09-04T21:44:00,ATM-Z005-06,True
CYB-2026-11493,Z004,2026-09-11T05:39:00,ATM-Z004-05,False
CYB-2026-11494,Z013,2026-09-02T19:38:00,ATM-Z013-06,True
CYB-2026-11495,Z015,2026-09-13T17:52:00,ATM-Z015-01,False
CYB-2026-11496,Z009,2026-09-26T01:57:00,ATM-Z009-04,True
CYB-2026-11497,Z002,2026-09-04T14:00:00,ATM-Z002-02,True
CYB-2026-11498,Z003,2026-09-20T15:14:00,ATM-Z003-03,True
CYB-2026-11499,Z002,2026-09-05T04:49:00,ATM-Z002-03,True
CYB-2026-11500,Z014,2026-09-01T11:04:00,ATM-Z014-03,False
CYB-2026-11501,Z007,2026-09-04T17:20:00,ATM-Z007-04,True
CYB-2026-11502,Z001,2026-10-01T05:15:00,ATM-Z001-02,True
CYB-2026-11503,Z000,2026-09-28T11:11:00,ATM-Z000-03,True
CYB-2026-11504,Z001,2026-09-22T12:23:00,ATM-Z001-03,False
CYB-2026-11505,Z005,2026-09-16T19:10:00,ATM-Z005-06,False
CYB-2026-11506,Z008,2026-09-18T23:56:00,ATM-Z008-01,True
CYB-2026-11507,Z007,2026-09-24T11:20:00,ATM-Z007-05,False
CYB-2026-11508,Z008,2026-09-19T21:00:00,ATM-Z008-03,True
CYB-2026-11509,Z010,2026-09-10T00:56:00,ATM-Z010-03,True
CYB-2026-11510,Z017,2026-09-10T03:48:00,ATM-Z017-05,False
CYB-2026-11511,Z005,2026-09-25T21:25:00,ATM-Z005-02,True
CYB-2026-11512,Z010,2026-09-05T15:38:00,ATM-Z010-05,True
CYB-2026-11513,Z010,2026-09-11T10:42:00,ATM-Z010-05,True
CYB-2026-11514,Z001,2026-09-07T22:23:00,ATM-Z001-03,True
CYB-2026-11515,Z009,2026-09-28T06:53:00,ATM-Z009-02,True
CYB-2026-11516,Z002,2026-09-18T05:05:00,ATM-Z002-02,True
CYB-2026-11517,Z012,2026-09-14T01:28:00,ATM-Z012-01,True
CYB-2026-11518,Z000,2026-09-09T15:30:00,ATM-Z000-06,True
CYB-2026-11519,Z005,2026-09-19T10:19:00,ATM-Z005-01,False
CYB-2026-11520,Z005,2026-09-11T08:54:00,ATM-Z005-01,True
CYB-2026-11521,Z005,2026-09-28T19:37:00,ATM-Z005-02,False
CYB-2026-11522,Z003,2026-09-19T19:14:00,ATM-Z003-04,True
CYB-2026-11523,Z002,2026-09-19T07:32:00,ATM-Z002-01,False
CYB-2026-11524,Z001,2026-09-20T07:31:00,ATM-Z001-04,False
CYB-2026-11525,Z003,2026-09-01T08:40:00,ATM-Z003-03,True
CYB-2026-11526,Z001,2026-09-14T01:39:00,ATM-Z001-06,True
CYB-2026-11527,Z006,2026-09-07T12:33:00,ATM-Z006-04,False
CYB-2026-11528,Z014,2026-09-06T15:45:00,ATM-Z014-04,True
CYB-2026-11529,Z003,2026-09-03T23:47:00,ATM-Z003-04,True
CYB-2026-11530,Z012,2026-09-21T09:30:00,ATM-Z012-01,True
CYB-2026-11531,Z007,2026-09-30T06:11:00,ATM-Z007-02,True
CYB-2026-11532,Z017,2026-09-26T23:10:00,ATM-Z017-04,True
CYB-2026-11533,Z006,2026-09-23T21:03:00,ATM-Z006-04,True
CYB-2026-11534,Z015,2026-09-20T18:22:00,ATM-Z015-03,True
CYB-2026-11535,Z005,2026-09-12T15:02:00,ATM-Z005-05,False
CYB-2026-11536,Z004,2026-09-06T18:47:00,ATM-Z004-04,True
CYB-2026-11537,Z008,2026-09-20T08:00:00,ATM-Z008-04,True
CYB-2026-11538,Z005,2026-09-18T03:39:00,ATM-Z005-03,True
CYB-2026-11539,Z015,2026-09-27T02:36:00,ATM-Z015-02,True
CYB-2026-11540,Z000,2026-09-08T09:33:00,ATM-Z000-02,True
CYB-2026-11541,Z010,2026-09-20T16:26:00,ATM-Z010-05,True
CYB-2026-11542,Z004,2026-09-18T22:40:00,ATM-Z004-05,True
CYB-2026-11543,Z019,2026-09-30T07:29:00,ATM-Z019-05,True
CYB-2026-11544,Z008,2026-09-14T00:10:00,ATM-Z008-01,True
CYB-2026-11545,Z002,2026-09-19T03:38:00,ATM-Z002-01,True
CYB-2026-11546,Z007,2026-09-24T11:04:00,ATM-Z007-05,True
CYB-2026-11547,Z000,2026-09-19T15:02:00,ATM-Z000-06,False
CYB-2026-11548,Z013,2026-09-25T06:34:00,ATM-Z013-01,True
CYB-2026-11549,Z015,2026-09-18T20:07:00,ATM-Z015-05,True
CYB-2026-11550,Z015,2026-09-21T09:44:00,ATM-Z015-01,False
CYB-2026-11551,Z009,2026-09-25T22:37:00,ATM-Z009-05,True
CYB-2026-11552,Z000,2026-09-12T22:22:00,ATM-Z000-04,True
CYB-2026-11553,Z001,2026-09-25T15:26:00,ATM-Z001-04,True
CYB-2026-11554,Z005,2026-09-06T13:12:00,ATM-Z005-04,True
CYB-2026-11555,Z014,2026-09-04T15:00:00,ATM-Z014-05,True
CYB-2026-11556,Z001,2026-09-20T17:11:00,ATM-Z001-05,True
CYB-2026-11557,Z005,2026-09-18T10:40:00,ATM-Z005-02,True
CYB-2026-11558,Z003,2026-09-07T16:52:00,ATM-Z003-01,True
CYB-2026-11559,Z002,2026-09-14T05:44:00,ATM-Z002-02,True
CYB-2026-11560,Z012,2026-09-27T07:54:00,ATM-Z012-06,False
CYB-2026-11561,Z012,2026-09-05T09:44:00,ATM-Z012-02,True
CYB-2026-11562,Z001,2026-09-10T17:14:00,ATM-Z001-05,True
CYB-2026-11563,Z013,2026-09-08T20:32:00,ATM-Z013-03,False
CYB-2026-11564,Z001,2026-09-26T17:30:00,ATM-Z001-06,True
CYB-2026-11565,Z004,2026-09-15T21:03:00,ATM-Z004-01,True
CYB-2026-11566,Z010,2026-09-06T12:18:00,ATM-Z010-02,False
CYB-2026-11567,Z008,2026-09-11T09:16:00,ATM-Z008-04,True
CYB-2026-11568,Z008,2026-09-22T04:09:00,ATM-Z008-05,True
CYB-2026-11569,Z000,2026-09-15T07:36:00,ATM-Z000-04,True
CYB-2026-11570,Z002,2026-09-24T10:15:00,ATM-Z002-06,True
CYB-2026-11571,Z001,2026-09-08T14:26:00,ATM-Z001-05,True
CYB-2026-11572,Z018,2026-09-21T16:00:00,ATM-Z018-02,True
CYB-2026-11573,Z010,2026-09-22T23:47:00,ATM-Z010-02,True
CYB-2026-11574,Z003,2026-09-25T12:42:00,ATM-Z003-02,True
CYB-2026-11575,Z009,2026-09-19T10:10:00,ATM-Z009-03,True
CYB-2026-11576,Z001,2026-09-29T18:15:00,ATM-Z001-01,True
CYB-2026-11577,Z007,2026-09-29T18:58:00,ATM-Z007-01,True
CYB-2026-11578,Z001,2026-09-18T18:34:00,ATM-Z001-02,True
CYB-2026-11579,Z005,2026-09-20T13:17:00,ATM-Z005-03,True
CYB-2026-11580,Z001,2026-09-28T11:30:00,ATM-Z001-02,False
CYB-2026-11581,Z001,2026-09-04T06:34:00,ATM-Z001-03,True
CYB-2026-11582,Z005,2026-09-17T08:24:00,ATM-Z005-06,True
CYB-2026-11583,Z008,2026-09-17T22:51:00,ATM-Z008-06,False
CYB-2026-11584,Z001,2026-09-20T21:08:00,ATM-Z001-05,False
CYB-2026-11585,Z018,2026-09-08T19:55:00,ATM-Z018-06,True
CYB-2026-11586,Z002,2026-09-29T22:57:00,ATM-Z002-03,False
CYB-2026-11587,Z002,2026-09-07T14:54:00,ATM-Z002-06,True
CYB-2026-11588,Z004,2026-09-06T08:38:00,ATM-Z004-06,True
CYB-2026-11589,Z006,2026-09-16T22:32:00,ATM-Z006-05,False
CYB-2026-11590,Z013,2026-09-04T20:24:00,ATM-Z013-02,True
CYB-2026-11591,Z004,2026-09-20T04:27:00,ATM-Z004-04,True
CYB-2026-11592,Z008,2026-09-08T22:19:00,ATM-Z008-02,False
CYB-2026-11593,Z010,2026-09-03T23:25:00,ATM-Z010-03,True
CYB-2026-11594,Z006,2026-09-23T20:07:00,ATM-Z006-02,True
CYB-2026-11595,Z012,2026-09-26T15:00:00,ATM-Z012-02,True
CYB-2026-11596,Z003,2026-09-03T11:25:00,ATM-Z003-01,False
CYB-2026-11597,Z003,2026-09-14T17:28:00,ATM-Z003-04,True
CYB-2026-11598,Z014,2026-09-30T12:16:00,ATM-Z014-04,True
CYB-2026-11599,Z003,2026-09-04T05:29:00,ATM-Z003-05,True
CYB-2026-11600,Z015,2026-09-27T02:51:00,ATM-Z015-05,True
CYB-2026-11601,Z000,2026-09-04T22:40:00,ATM-Z000-06,True
CYB-2026-11602,Z012,2026-09-12T09:18:00,ATM-Z012-02,True
CYB-2026-11603,Z002,2026-09-13T15:47:00,ATM-Z002-06,True
CYB-2026-11604,Z010,2026-09-20T13:47:00,ATM-Z010-02,False
CYB-2026-11605,Z001,2026-09-05T20:07:00,ATM-Z001-02,False
CYB-2026-11606,Z013,2026-09-10T06:32:00,ATM-Z013-06,True
CYB-2026-11607,Z000,2026-09-22T11:26:00,ATM-Z000-06,False
CYB-2026-11608,Z000,2026-09-22T20:22:00,ATM-Z000-03,False
CYB-2026-11609,Z006,2026-09-22T05:07:00,ATM-Z006-04,True
CYB-2026-11610,Z015,2026-09-06T13:32:00,ATM-Z015-03,True
CYB-2026-11611,Z004,2026-09-19T13:59:00,ATM-Z004-03,True
CYB-2026-11612,Z005,2026-09-08T20:32:00,ATM-Z005-02,True
CYB-2026-11613,Z002,2026-09-14T18:52:00,ATM-Z002-01,True
CYB-2026-11614,Z012,2026-09-20T11:07:00,ATM-Z012-04,True
CYB-2026-11615,Z004,2026-09-01T09:50:00,ATM-Z004-06,True
CYB-2026-11616,Z010,2026-09-06T10:27:00,ATM-Z010-04,True
CYB-2026-11617,Z005,2026-09-07T21:05:00,ATM-Z005-06,True
CYB-2026-11618,Z007,2026-09-30T23:56:00,ATM-Z007-01,False
CYB-2026-11619,Z012,2026-09-19T21:49:00,ATM-Z012-04,True
CYB-2026-11620,Z014,2026-09-19T20:17:00,ATM-Z014-01,True
CYB-2026-11621,Z002,2026-09-29T00:22:00,ATM-Z002-04,True
CYB-2026-11622,Z002,2026-09-09T21:48:00,ATM-Z002-06,False
CYB-2026-11623,Z006,2026-09-14T21:22:00,ATM-Z006-02,False
CYB-2026-11624,Z003,2026-09-16T22:03:00,ATM-Z003-06,False
CYB-2026-11625,Z001,2026-09-06T19:07:00,ATM-Z001-03,False
CYB-2026-11626,Z008,2026-09-19T01:36:00,ATM-Z008-06,False
CYB-2026-11627,Z008,2026-09-30T06:03:00,ATM-Z008-04,True
CYB-2026-11628,Z005,2026-09-14T15:39:00,ATM-Z005-01,True
CYB-2026-11629,Z004,2026-09-09T16:34:00,ATM-Z004-02,True
CYB-2026-11630,Z005,2026-09-02T16:17:00,ATM-Z005-04,True
CYB-2026-11631,Z002,2026-09-06T15:16:00,ATM-Z002-04,True
CYB-2026-11632,Z013,2026-09-25T19:45:00,ATM-Z013-02,True
CYB-2026-11633,Z001,2026-09-04T11:58:00,ATM-Z001-04,True
CYB-2026-11634,Z015,2026-09-27T19:36:00,ATM-Z015-06,True
CYB-2026-11635,Z006,2026-09-29T00:12:00,ATM-Z006-02,True
CYB-2026-11636,Z005,2026-09-13T14:41:00,ATM-Z005-04,True
CYB-2026-11637,Z013,2026-09-12T20:27:00,ATM-Z013-03,True
CYB-2026-11638,Z015,2026-09-13T12:41:00,ATM-Z015-05,True
CYB-2026-11639,Z010,2026-09-20T11:24:00,ATM-Z010-01,True
CYB-2026-11640,Z013,2026-09-10T11:15:00,ATM-Z013-04,True
CYB-2026-11641,Z007,2026-09-20T20:14:00,ATM-Z007-02,True
CYB-2026-11642,Z008,2026-09-21T17:18:00,ATM-Z008-06,True
CYB-2026-11643,Z006,2026-09-14T06:19:00,ATM-Z006-06,True
CYB-2026-11644,Z004,2026-09-23T08:18:00,ATM-Z004-03,True
CYB-2026-11645,Z003,2026-09-14T23:12:00,ATM-Z003-01,True
CYB-2026-11646,Z005,2026-09-24T19:25:00,ATM-Z005-01,True
CYB-2026-11647,Z004,2026-09-21T07:25:00,ATM-Z004-04,False
CYB-2026-11648,Z004,2026-09-18T21:58:00,ATM-Z004-05,True
CYB-2026-11649,Z015,2026-09-12T12:17:00,ATM-Z015-04,False
CYB-2026-11650,Z011,2026-09-07T12:39:00,ATM-Z011-03,True
CYB-2026-11651,Z008,2026-09-24T04:57:00,ATM-Z008-02,False
CYB-2026-11652,Z015,2026-09-20T11:46:00,ATM-Z015-02,False
CYB-2026-11653,Z012,2026-09-03T22:44:00,ATM-Z012-02,True
CYB-2026-11654,Z001,2026-10-01T02:15:00,ATM-Z001-01,True
CYB-2026-11655,Z002,2026-09-04T20:48:00,ATM-Z002-01,True
CYB-2026-11656,Z009,2026-09-24T05:09:00,ATM-Z009-04,True
CYB-2026-11657,Z008,2026-09-26T04:53:00,ATM-Z008-06,False
CYB-2026-11658,Z007,2026-09-11T20:42:00,ATM-Z007-04,False
CYB-2026-11659,Z004,2026-09-04T08:20:00,ATM-Z004-03,True
CYB-2026-11660,Z001,2026-09-24T01:00:00,ATM-Z001-01,True
CYB-2026-11661,Z001,2026-09-08T20:42:00,ATM-Z001-01,False
CYB-2026-11662,Z004,2026-09-17T23:10:00,ATM-Z004-03,False
CYB-2026-11663,Z016,2026-09-25T06:34:00,ATM-Z016-02,True
CYB-2026-11664,Z012,2026-09-18T09:15:00,ATM-Z012-05,False
CYB-2026-11665,Z000,2026-09-03T03:28:00,ATM-Z000-03,True
CYB-2026-11666,Z002,2026-09-28T23:08:00,ATM-Z002-02,False
CYB-2026-11667,Z000,2026-09-14T17:15:00,ATM-Z000-02,False
CYB-2026-11668,Z002,2026-09-15T06:10:00,ATM-Z002-04,True
CYB-2026-11669,Z000,2026-09-20T22:46:00,ATM-Z000-05,True
CYB-2026-11670,Z003,2026-09-13T10:05:00,ATM-Z003-01,True
CYB-2026-11671,Z001,2026-09-18T16:06:00,ATM-Z001-04,True
CYB-2026-11672,Z015,2026-09-24T04:48:00,ATM-Z015-01,True
CYB-2026-11673,Z004,2026-09-07T15:20:00,ATM-Z004-03,True
CYB-2026-11674,Z012,2026-09-23T17:30:00,ATM-Z012-03,False
CYB-2026-11675,Z001,2026-09-03T07:02:00,ATM-Z001-05,False
CYB-2026-11676,Z004,2026-09-13T05:53:00,ATM-Z004-01,True
CYB-2026-11677,Z001,2026-09-27T21:10:00,ATM-Z001-02,False
CYB-2026-11678,Z010,2026-09-23T17:09:00,ATM-Z010-05,False
CYB-2026-11679,Z000,2026-09-05T17:27:00,ATM-Z000-01,False
CYB-2026-11680,Z000,2026-09-12T22:49:00,ATM-Z000-05,True
CYB-2026-11681,Z010,2026-09-11T22:17:00,ATM-Z010-06,True
CYB-2026-11682,Z005,2026-09-01T16:01:00,ATM-Z005-06,True
CYB-2026-11683,Z002,2026-09-06T07:40:00,ATM-Z002-06,False
CYB-2026-11684,Z007,2026-09-23T09:31:00,ATM-Z007-06,False
CYB-2026-11685,Z007,2026-09-16T01:02:00,ATM-Z007-03,True
CYB-2026-11686,Z000,2026-09-30T22:48:00,ATM-Z000-06,True
CYB-2026-11687,Z001,2026-09-29T02:24:00,ATM-Z001-01,True
CYB-2026-11688,Z004,2026-09-02T23:59:00,ATM-Z004-04,True
CYB-2026-11689,Z010,2026-09-03T12:06:00,ATM-Z010-05,False
CYB-2026-11690,Z003,2026-09-11T06:50:00,ATM-Z003-05,True
CYB-2026-11691,Z007,2026-09-13T12:02:00,ATM-Z007-04,True
CYB-2026-11692,Z006,2026-09-08T06:00:00,ATM-Z006-01,True
CYB-2026-11693,Z008,2026-09-16T19:00:00,ATM-Z008-03,True
CYB-2026-11694,Z000,2026-09-21T13:26:00,ATM-Z000-04,True
CYB-2026-11695,Z008,2026-09-04T12:34:00,ATM-Z008-04,False
CYB-2026-11696,Z015,2026-09-21T02:37:00,ATM-Z015-04,True
CYB-2026-11697,Z000,2026-09-23T16:47:00,ATM-Z000-06,False
CYB-2026-11698,Z001,2026-09-17T00:20:00,ATM-Z001-03,False
CYB-2026-11699,Z002,2026-09-13T05:23:00,ATM-Z002-01,False
CYB-2026-11700,Z008,2026-09-30T21:14:00,ATM-Z008-01,True
CYB-2026-11701,Z005,2026-09-27T18:25:00,ATM-Z005-06,True
CYB-2026-11702,Z006,2026-09-19T23:45:00,ATM-Z006-05,True
CYB-2026-11703,Z016,2026-09-30T04:13:00,ATM-Z016-03,True
CYB-2026-11704,Z007,2026-09-02T23:58:00,ATM-Z007-01,True
CYB-2026-11705,Z000,2026-09-18T17:03:00,ATM-Z000-01,True
CYB-2026-11706,Z002,2026-09-27T15:20:00,ATM-Z002-02,True
CYB-2026-11707,Z005,2026-09-13T14:14:00,ATM-Z005-03,False
CYB-2026-11708,Z000,2026-09-15T09:28:00,ATM-Z000-05,True
CYB-2026-11709,Z005,2026-09-01T18:53:00,ATM-Z005-03,False
CYB-2026-11710,Z005,2026-09-20T04:05:00,ATM-Z005-02,True
CYB-2026-11711,Z004,2026-09-08T20:16:00,ATM-Z004-03,True
CYB-2026-11712,Z002,2026-09-19T08:17:00,ATM-Z002-06,True
CYB-2026-11713,Z005,2026-09-16T20:57:00,ATM-Z005-01,True
CYB-2026-11714,Z005,2026-09-21T13:24:00,ATM-Z005-05,False
CYB-2026-11715,Z006,2026-09-16T00:25:00,ATM-Z006-03,True
CYB-2026-11716,Z007,2026-09-03T10:18:00,ATM-Z007-01,True
CYB-2026-11717,Z001,2026-09-14T03:03:00,ATM-Z001-06,True
CYB-2026-11718,Z008,2026-09-12T23:49:00,ATM-Z008-06,True
CYB-2026-11719,Z015,2026-09-30T15:54:00,ATM-Z015-04,True
CYB-2026-11720,Z005,2026-09-27T16:27:00,ATM-Z005-06,False
CYB-2026-11721,Z003,2026-09-09T03:58:00,ATM-Z003-03,True
CYB-2026-11722,Z012,2026-09-14T20:59:00,ATM-Z012-02,True
CYB-2026-11723,Z002,2026-09-16T23:26:00,ATM-Z002-02,False
CYB-2026-11724,Z010,2026-09-16T07:32:00,ATM-Z010-04,True
CYB-2026-11725,Z000,2026-09-27T08:45:00,ATM-Z000-05,True
CYB-2026-11726,Z001,2026-09-29T23:57:00,ATM-Z001-06,True
CYB-2026-11727,Z001,2026-09-01T17:00:00,ATM-Z001-02,False
CYB-2026-11728,Z005,2026-09-09T08:51:00,ATM-Z005-03,True
CYB-2026-11729,Z012,2026-09-27T23:08:00,ATM-Z012-03,False
CYB-2026-11730,Z003,2026-09-21T23:45:00,ATM-Z003-06,True
CYB-2026-11731,Z008,2026-09-16T20:39:00,ATM-Z008-05,False
CYB-2026-11732,Z005,2026-09-18T14:13:00,ATM-Z005-05,True
CYB-2026-11733,Z010,2026-09-21T10:32:00,ATM-Z010-05,False
CYB-2026-11734,Z003,2026-09-21T11:41:00,ATM-Z003-05,True
CYB-2026-11735,Z005,2026-09-02T18:42:00,ATM-Z005-05,True
CYB-2026-11736,Z003,2026-09-14T01:34:00,ATM-Z003-04,True
CYB-2026-11737,Z008,2026-09-16T01:11:00,ATM-Z008-05,True
CYB-2026-11738,Z008,2026-09-12T12:06:00,ATM-Z008-03,True
CYB-2026-11739,Z001,2026-09-26T16:05:00,ATM-Z001-05,True
CYB-2026-11740,Z007,2026-09-10T20:36:00,ATM-Z007-03,True
CYB-2026-11741,Z005,2026-09-27T12:14:00,ATM-Z005-06,False
CYB-2026-11742,Z012,2026-09-23T11:26:00,ATM-Z012-03,True
CYB-2026-11743,Z012,2026-09-07T12:49:00,ATM-Z012-06,True
CYB-2026-11744,Z008,2026-09-12T19:28:00,ATM-Z008-01,True
CYB-2026-11745,Z010,2026-09-24T11:54:00,ATM-Z010-02,False
CYB-2026-11746,Z007,2026-09-23T09:58:00,ATM-Z007-01,True
CYB-2026-11747,Z018,2026-09-06T16:45:00,ATM-Z018-05,True
CYB-2026-11748,Z014,2026-09-28T07:32:00,ATM-Z014-03,True
CYB-2026-11749,Z001,2026-09-15T08:45:00,ATM-Z001-03,True
CYB-2026-11750,Z015,2026-09-21T19:48:00,ATM-Z015-02,True
CYB-2026-11751,Z007,2026-09-17T19:24:00,ATM-Z007-06,False
CYB-2026-11752,Z003,2026-09-07T01:49:00,ATM-Z003-06,True
CYB-2026-11753,Z000,2026-09-07T14:22:00,ATM-Z000-06,True
CYB-2026-11754,Z001,2026-09-16T09:26:00,ATM-Z001-01,False
CYB-2026-11755,Z009,2026-09-20T13:10:00,ATM-Z009-04,True
CYB-2026-11756,Z001,2026-09-17T07:47:00,ATM-Z001-06,True
CYB-2026-11757,Z015,2026-09-16T04:01:00,ATM-Z015-02,True
CYB-2026-11758,Z000,2026-09-16T01:19:00,ATM-Z000-04,True
CYB-2026-11759,Z001,2026-09-04T01:06:00,ATM-Z001-03,True
CYB-2026-11760,Z016,2026-09-28T03:00:00,ATM-Z016-02,False
CYB-2026-11761,Z007,2026-09-11T21:09:00,ATM-Z007-04,True
CYB-2026-11762,Z001,2026-09-30T02:15:00,ATM-Z001-03,True
CYB-2026-11763,Z010,2026-09-03T11:19:00,ATM-Z010-05,True
CYB-2026-11764,Z008,2026-09-30T03:40:00,ATM-Z008-03,False
CYB-2026-11765,Z011,2026-09-23T10:00:00,ATM-Z011-06,True
CYB-2026-11766,Z013,2026-09-04T09:57:00,ATM-Z013-04,False
CYB-2026-11767,Z007,2026-09-07T09:26:00,ATM-Z007-05,True
CYB-2026-11768,Z008,2026-09-24T02:35:00,ATM-Z008-01,False
CYB-2026-11769,Z002,2026-09-20T09:23:00,ATM-Z002-04,True
CYB-2026-11770,Z001,2026-09-17T07:50:00,ATM-Z001-05,True
CYB-2026-11771,Z006,2026-09-18T13:47:00,ATM-Z006-06,False
CYB-2026-11772,Z004,2026-09-17T07:19:00,ATM-Z004-05,True
CYB-2026-11773,Z012,2026-09-29T22:14:00,ATM-Z012-05,True
CYB-2026-11774,Z006,2026-09-18T06:32:00,ATM-Z006-01,True
CYB-2026-11775,Z001,2026-10-01T02:33:00,ATM-Z001-02,False
CYB-2026-11776,Z007,2026-09-22T23:35:00,ATM-Z007-03,False
CYB-2026-11777,Z007,2026-09-08T06:44:00,ATM-Z007-03,True
CYB-2026-11778,Z001,2026-09-24T08:52:00,ATM-Z001-04,False
CYB-2026-11779,Z008,2026-09-05T17:31:00,ATM-Z008-02,True
CYB-2026-11780,Z012,2026-09-15T06:37:00,ATM-Z012-02,True
CYB-2026-11781,Z007,2026-09-10T03:20:00,ATM-Z007-03,True
CYB-2026-11782,Z015,2026-09-21T21:41:00,ATM-Z015-01,True
CYB-2026-11783,Z003,2026-09-09T10:42:00,ATM-Z003-05,True
CYB-2026-11784,Z005,2026-09-20T05:29:00,ATM-Z005-02,True
CYB-2026-11785,Z001,2026-09-26T14:07:00,ATM-Z001-04,True
CYB-2026-11786,Z000,2026-09-27T23:35:00,ATM-Z000-04,True
CYB-2026-11787,Z019,2026-09-24T02:13:00,ATM-Z019-06,True
CYB-2026-11788,Z010,2026-09-26T09:20:00,ATM-Z010-05,False
CYB-2026-11789,Z010,2026-09-30T02:16:00,ATM-Z010-06,False
CYB-2026-11790,Z012,2026-09-01T08:52:00,ATM-Z012-03,True
CYB-2026-11791,Z012,2026-09-22T03:34:00,ATM-Z012-04,False
CYB-2026-11792,Z005,2026-09-22T03:35:00,ATM-Z005-01,True
CYB-2026-11793,Z015,2026-09-29T06:47:00,ATM-Z015-01,True
CYB-2026-11794,Z012,2026-09-03T08:26:00,ATM-Z012-02,True
CYB-2026-11795,Z008,2026-09-03T01:43:00,ATM-Z008-03,True
CYB-2026-11796,Z010,2026-09-04T10:58:00,ATM-Z010-05,True
CYB-2026-11797,Z001,2026-09-10T05:50:00,ATM-Z001-02,True
CYB-2026-11798,Z010,2026-09-14T08:53:00,ATM-Z010-02,True
CYB-2026-11799,Z001,2026-09-23T03:08:00,ATM-Z001-06,True
CYB-2026-11800,Z012,2026-09-09T11:20:00,ATM-Z012-04,False
CYB-2026-11801,Z012,2026-09-15T02:09:00,ATM-Z012-05,False
CYB-2026-11802,Z015,2026-10-01T08:14:00,ATM-Z015-01,True
CYB-2026-11803,Z003,2026-09-17T21:04:00,ATM-Z003-04,True
CYB-2026-11804,Z006,2026-09-28T05:52:00,ATM-Z006-06,True
CYB-2026-11805,Z007,2026-09-19T09:05:00,ATM-Z007-01,True
CYB-2026-11806,Z007,2026-09-04T16:58:00,ATM-Z007-06,True
CYB-2026-11807,Z012,2026-09-29T17:13:00,ATM-Z012-02,True
CYB-2026-11808,Z000,2026-09-17T19:30:00,ATM-Z000-01,True
CYB-2026-11809,Z015,2026-09-14T09:45:00,ATM-Z015-03,True
CYB-2026-11810,Z013,2026-09-28T04:11:00,ATM-Z013-03,False
CYB-2026-11811,Z012,2026-09-08T02:18:00,ATM-Z012-05,True
CYB-2026-11812,Z004,2026-09-09T19:16:00,ATM-Z004-05,False
CYB-2026-11813,Z003,2026-09-04T15:19:00,ATM-Z003-03,True
CYB-2026-11814,Z002,2026-09-28T08:56:00,ATM-Z002-06,True
CYB-2026-11815,Z015,2026-09-02T08:41:00,ATM-Z015-02,True
CYB-2026-11816,Z010,2026-09-10T04:36:00,ATM-Z010-06,False
CYB-2026-11817,Z007,2026-09-22T01:30:00,ATM-Z007-01,True
CYB-2026-11818,Z010,2026-09-03T05:33:00,ATM-Z010-06,True
CYB-2026-11819,Z013,2026-09-22T11:56:00,ATM-Z013-06,True
CYB-2026-11820,Z002,2026-09-14T12:39:00,ATM-Z002-04,True
CYB-2026-11821,Z015,2026-09-10T19:08:00,ATM-Z015-05,False
CYB-2026-11822,Z008,2026-09-25T18:01:00,ATM-Z008-06,True
CYB-2026-11823,Z018,2026-09-01T10:05:00,ATM-Z018-05,False
CYB-2026-11824,Z012,2026-09-02T15:55:00,ATM-Z012-02,True
CYB-2026-11825,Z008,2026-09-18T06:54:00,ATM-Z008-01,True
CYB-2026-11826,Z001,2026-09-05T14:22:00,ATM-Z001-03,False
CYB-2026-11827,Z001,2026-10-01T01:02:00,ATM-Z001-06,True
CYB-2026-11828,Z009,2026-09-03T11:34:00,ATM-Z009-02,True
CYB-2026-11829,Z010,2026-09-10T07:38:00,ATM-Z010-02,True
CYB-2026-11830,Z008,2026-09-25T23:33:00,ATM-Z008-02,False
CYB-2026-11831,Z008,2026-09-25T17:36:00,ATM-Z008-03,True
CYB-2026-11832,Z017,2026-09-28T10:35:00,ATM-Z017-06,True
CYB-2026-11833,Z005,2026-09-22T13:36:00,ATM-Z005-02,False
CYB-2026-11834,Z005,2026-09-24T23:59:00,ATM-Z005-02,True
CYB-2026-11835,Z003,2026-09-27T13:27:00,ATM-Z003-06,True
CYB-2026-11836,Z013,2026-09-30T09:46:00,ATM-Z013-05,True
CYB-2026-11837,Z005,2026-09-17T08:03:00,ATM-Z005-06,False
CYB-2026-11838,Z001,2026-09-27T03:53:00,ATM-Z001-06,True
CYB-2026-11839,Z008,2026-09-13T22:15:00,ATM-Z008-06,True
CYB-2026-11840,Z018,2026-09-13T01:20:00,ATM-Z018-04,True
CYB-2026-11841,Z005,2026-09-27T07:57:00,ATM-Z005-04,True
CYB-2026-11842,Z006,2026-09-15T05:50:00,ATM-Z006-03,True
CYB-2026-11843,Z005,2026-09-29T18:49:00,ATM-Z005-03,False
CYB-2026-11844,Z012,2026-09-09T21:26:00,ATM-Z012-02,True
CYB-2026-11845,Z008,2026-09-16T10:37:00,ATM-Z008-06,True
CYB-2026-11846,Z011,2026-09-08T01:07:00,ATM-Z011-04,True
CYB-2026-11847,Z004,2026-09-08T13:12:00,ATM-Z004-04,True
CYB-2026-11848,Z015,2026-09-19T18:18:00,ATM-Z015-05,True
CYB-2026-11849,Z006,2026-09-01T11:54:00,ATM-Z006-05,True
CYB-2026-11850,Z005,2026-09-15T10:56:00,ATM-Z005-06,True
CYB-2026-11851,Z013,2026-09-02T14:09:00,ATM-Z013-06,False
CYB-2026-11852,Z003,2026-09-26T22:59:00,ATM-Z003-01,True
CYB-2026-11853,Z005,2026-09-06T04:26:00,ATM-Z005-04,True
CYB-2026-11854,Z004,2026-09-06T11:45:00,ATM-Z004-06,True
CYB-2026-11855,Z010,2026-09-18T11:20:00,ATM-Z010-01,True
CYB-2026-11856,Z010,2026-09-07T00:04:00,ATM-Z010-05,True
CYB-2026-11857,Z008,2026-09-25T22:04:00,ATM-Z008-02,True
CYB-2026-11858,Z012,2026-09-26T11:17:00,ATM-Z012-01,True
CYB-2026-11859,Z008,2026-09-02T04:50:00,ATM-Z008-04,True
CYB-2026-11860,Z012,2026-09-13T03:47:00,ATM-Z012-01,True
CYB-2026-11861,Z001,2026-09-07T17:53:00,ATM-Z001-04,True
CYB-2026-11862,Z003,2026-09-30T13:28:00,ATM-Z003-05,True
CYB-2026-11863,Z003,2026-09-16T11:40:00,ATM-Z003-02,True
CYB-2026-11864,Z012,2026-09-09T23:05:00,ATM-Z012-05,True
CYB-2026-11865,Z013,2026-09-26T14:31:00,ATM-Z013-06,True
CYB-2026-11866,Z001,2026-09-05T23:04:00,ATM-Z001-02,True
CYB-2026-11867,Z013,2026-09-27T15:06:00,ATM-Z013-06,True
CYB-2026-11868,Z002,2026-09-23T20:27:00,ATM-Z002-04,False
CYB-2026-11869,Z005,2026-09-11T17:46:00,ATM-Z005-04,False
CYB-2026-11870,Z015,2026-10-01T01:15:00,ATM-Z015-03,True
CYB-2026-11871,Z006,2026-09-21T09:32:00,ATM-Z006-06,True
CYB-2026-11872,Z008,2026-09-25T13:51:00,ATM-Z008-03,True
CYB-2026-11873,Z010,2026-09-19T01:53:00,ATM-Z010-04,False
CYB-2026-11874,Z001,2026-09-03T07:39:00,ATM-Z001-06,True
CYB-2026-11875,Z002,2026-09-06T13:58:00,ATM-Z002-01,False
CYB-2026-11876,Z001,2026-09-20T01:07:00,ATM-Z001-06,True
CYB-2026-11877,Z003,2026-09-08T08:21:00,ATM-Z003-04,True
CYB-2026-11878,Z009,2026-09-29T00:46:00,ATM-Z009-02,True
CYB-2026-11879,Z012,2026-09-03T11:13:00,ATM-Z012-05,True
CYB-2026-11880,Z009,2026-09-21T23:31:00,ATM-Z009-03,False
CYB-2026-11881,Z012,2026-09-07T11:19:00,ATM-Z012-06,True
CYB-2026-11882,Z013,2026-09-18T13:12:00,ATM-Z013-02,True
CYB-2026-11883,Z001,2026-09-12T04:21:00,ATM-Z001-04,False
CYB-2026-11884,Z005,2026-09-07T05:11:00,ATM-Z005-01,True
CYB-2026-11885,Z000,2026-09-30T19:29:00,ATM-Z000-02,True
CYB-2026-11886,Z002,2026-09-23T16:03:00,ATM-Z002-03,True
CYB-2026-11887,Z007,2026-09-11T20:51:00,ATM-Z007-05,True
CYB-2026-11888,Z007,2026-09-21T00:12:00,ATM-Z007-06,False
CYB-2026-11889,Z010,2026-09-25T20:45:00,ATM-Z010-04,True
CYB-2026-11890,Z010,2026-09-21T03:42:00,ATM-Z010-02,True
CYB-2026-11891,Z014,2026-09-18T11:53:00,ATM-Z014-04,False
CYB-2026-11892,Z014,2026-09-11T16:20:00,ATM-Z014-06,True
CYB-2026-11893,Z001,2026-09-12T21:08:00,ATM-Z001-05,True
CYB-2026-11894,Z014,2026-09-02T07:55:00,ATM-Z014-03,False
CYB-2026-11895,Z008,2026-09-23T00:23:00,ATM-Z008-05,True
CYB-2026-11896,Z005,2026-09-18T15:42:00,ATM-Z005-03,True
CYB-2026-11897,Z013,2026-09-21T04:31:00,ATM-Z013-04,True
CYB-2026-11898,Z000,2026-09-26T12:36:00,ATM-Z000-02,True
CYB-2026-11899,Z013,2026-09-23T23:06:00,ATM-Z013-05,True
CYB-2026-11900,Z001,2026-09-03T00:00:00,ATM-Z001-04,False
CYB-2026-11901,Z012,2026-10-01T03:00:00,ATM-Z012-04,True
CYB-2026-11902,Z002,2026-09-22T08:33:00,ATM-Z002-03,True
CYB-2026-11903,Z002,2026-09-04T17:03:00,ATM-Z002-01,False
CYB-2026-11904,Z002,2026-09-23T17:39:00,ATM-Z002-06,True
CYB-2026-11905,Z005,2026-09-09T03:11:00,ATM-Z005-01,False
CYB-2026-11906,Z000,2026-09-05T07:23:00,ATM-Z000-03,True
CYB-2026-11907,Z007,2026-09-28T22:35:00,ATM-Z007-02,True
CYB-2026-11908,Z001,2026-09-11T21:28:00,ATM-Z001-04,False
CYB-2026-11909,Z006,2026-09-12T04:01:00,ATM-Z006-02,False
CYB-2026-11910,Z008,2026-09-28T06:02:00,ATM-Z008-01,True
CYB-2026-11911,Z001,2026-09-27T11:10:00,ATM-Z001-02,False
CYB-2026-11912,Z006,2026-09-29T18:32:00,ATM-Z006-05,True
CYB-2026-11913,Z015,2026-09-14T12:26:00,ATM-Z015-01,False
CYB-2026-11914,Z013,2026-09-22T20:59:00,ATM-Z013-06,True
CYB-2026-11915,Z008,2026-09-08T05:25:00,ATM-Z008-06,True
CYB-2026-11916,Z002,2026-09-09T19:57:00,ATM-Z002-05,True
CYB-2026-11917,Z007,2026-09-19T09:05:00,ATM-Z007-04,True
CYB-2026-11918,Z003,2026-09-13T18:42:00,ATM-Z003-03,False
CYB-2026-11919,Z001,2026-09-25T22:01:00,ATM-Z001-05,True
CYB-2026-11920,Z003,2026-09-25T04:07:00,ATM-Z003-01,True
CYB-2026-11921,Z007,2026-09-02T09:24:00,ATM-Z007-03,True
CYB-2026-11922,Z015,2026-09-12T22:05:00,ATM-Z015-04,True
CYB-2026-11923,Z004,2026-09-27T10:43:00,ATM-Z004-06,False
CYB-2026-11924,Z007,2026-09-04T10:22:00,ATM-Z007-03,True
CYB-2026-11925,Z002,2026-09-18T13:19:00,ATM-Z002-02,False
CYB-2026-11926,Z000,2026-09-13T16:04:00,ATM-Z000-05,True
CYB-2026-11927,Z001,2026-09-07T13:13:00,ATM-Z001-02,True
CYB-2026-11928,Z010,2026-09-21T12:53:00,ATM-Z010-01,True
CYB-2026-11929,Z013,2026-09-10T02:06:00,ATM-Z013-02,False
CYB-2026-11930,Z010,2026-09-29T21:20:00,ATM-Z010-03,True
CYB-2026-11931,Z013,2026-09-16T12:57:00,ATM-Z013-05,True
CYB-2026-11932,Z006,2026-09-05T03:57:00,ATM-Z006-06,True
CYB-2026-11933,Z013,2026-09-15T19:27:00,ATM-Z013-05,True
CYB-2026-11934,Z005,2026-09-05T10:02:00,ATM-Z005-06,True
CYB-2026-11935,Z008,2026-09-19T17:33:00,ATM-Z008-06,True
CYB-2026-11936,Z005,2026-09-25T23:07:00,ATM-Z005-04,True
CYB-2026-11937,Z014,2026-09-13T18:27:00,ATM-Z014-05,True
CYB-2026-11938,Z005,2026-09-04T17:04:00,ATM-Z005-02,True
CYB-2026-11939,Z017,2026-09-24T18:42:00,ATM-Z017-04,False
CYB-2026-11940,Z008,2026-09-26T19:20:00,ATM-Z008-04,True
CYB-2026-11941,Z008,2026-09-02T04:35:00,ATM-Z008-01,True
CYB-2026-11942,Z001,2026-09-01T22:05:00,ATM-Z001-01,True
CYB-2026-11943,Z013,2026-09-20T05:54:00,ATM-Z013-05,False
CYB-2026-11944,Z006,2026-09-21T03:08:00,ATM-Z006-04,True
CYB-2026-11945,Z005,2026-09-20T17:21:00,ATM-Z005-03,True
CYB-2026-11946,Z006,2026-09-04T01:22:00,ATM-Z006-03,True
CYB-2026-11947,Z005,2026-09-12T06:35:00,ATM-Z005-03,False
CYB-2026-11948,Z006,2026-09-13T15:44:00,ATM-Z006-04,True
CYB-2026-11949,Z015,2026-09-28T14:44:00,ATM-Z015-05,False
CYB-2026-11950,Z004,2026-09-11T06:08:00,ATM-Z004-01,True
CYB-2026-11951,Z010,2026-09-15T11:07:00,ATM-Z010-06,True
CYB-2026-11952,Z000,2026-09-10T21:11:00,ATM-Z000-02,True
CYB-2026-11953,Z013,2026-09-25T03:10:00,ATM-Z013-03,True
CYB-2026-11954,Z000,2026-09-07T20:06:00,ATM-Z000-06,False
CYB-2026-11955,Z016,2026-09-10T08:38:00,ATM-Z016-02,False
CYB-2026-11956,Z002,2026-09-02T09:45:00,ATM-Z002-04,True
CYB-2026-11957,Z015,2026-09-30T19:44:00,ATM-Z015-01,True
CYB-2026-11958,Z010,2026-09-27T12:39:00,ATM-Z010-05,True
CYB-2026-11959,Z009,2026-09-08T00:01:00,ATM-Z009-05,False
CYB-2026-11960,Z009,2026-09-28T11:19:00,ATM-Z009-04,False
CYB-2026-11961,Z012,2026-09-08T02:09:00,ATM-Z012-06,True
CYB-2026-11962,Z004,2026-09-17T06:24:00,ATM-Z004-05,False
CYB-2026-11963,Z003,2026-09-20T15:25:00,ATM-Z003-06,True
CYB-2026-11964,Z005,2026-09-08T07:01:00,ATM-Z005-04,True
CYB-2026-11965,Z002,2026-09-29T07:48:00,ATM-Z002-01,False
CYB-2026-11966,Z008,2026-09-12T13:40:00,ATM-Z008-06,True
CYB-2026-11967,Z012,2026-09-27T08:26:00,ATM-Z012-05,True
CYB-2026-11968,Z013,2026-09-24T03:25:00,ATM-Z013-02,True
CYB-2026-11969,Z001,2026-09-08T02:25:00,ATM-Z001-05,True
CYB-2026-11970,Z008,2026-09-09T10:31:00,ATM-Z008-03,True
CYB-2026-11971,Z000,2026-09-14T22:00:00,ATM-Z000-02,False
CYB-2026-11972,Z003,2026-09-03T09:08:00,ATM-Z003-06,True
CYB-2026-11973,Z007,2026-09-01T08:38:00,ATM-Z007-03,True
CYB-2026-11974,Z015,2026-09-05T14:37:00,ATM-Z015-05,False
CYB-2026-11975,Z005,2026-09-28T06:16:00,ATM-Z005-05,True
CYB-2026-11976,Z002,2026-09-10T13:59:00,ATM-Z002-05,True
CYB-2026-11977,Z015,2026-09-03T05:08:00,ATM-Z015-05,True
CYB-2026-11978,Z012,2026-09-08T08:19:00,ATM-Z012-04,True
CYB-2026-11979,Z000,2026-09-05T12:03:00,ATM-Z000-06,True
CYB-2026-11980,Z005,2026-09-29T06:04:00,ATM-Z005-03,True
CYB-2026-11981,Z003,2026-09-28T15:10:00,ATM-Z003-04,False
CYB-2026-11982,Z017,2026-09-19T16:52:00,ATM-Z017-05,True
CYB-2026-11983,Z002,2026-09-12T22:44:00,ATM-Z002-01,True
CYB-2026-11984,Z000,2026-09-16T10:13:00,ATM-Z000-03,True
CYB-2026-11985,Z014,2026-09-23T10:46:00,ATM-Z014-03,True
CYB-2026-11986,Z000,2026-09-29T20:01:00,ATM-Z000-03,True
CYB-2026-11987,Z013,2026-09-29T22:47:00,ATM-Z013-05,True
CYB-2026-11988,Z015,2026-09-05T05:43:00,ATM-Z015-06,False
CYB-2026-11989,Z008,2026-09-18T03:30:00,ATM-Z008-02,False
CYB-2026-11990,Z005,2026-09-16T18:22:00,ATM-Z005-03,True
CYB-2026-11991,Z003,2026-09-29T18:04:00,ATM-Z003-05,True
CYB-2026-11992,Z010,2026-09-11T18:01:00,ATM-Z010-05,False
CYB-2026-11993,Z008,2026-09-11T14:34:00,ATM-Z008-01,True
CYB-2026-11994,Z018,2026-09-25T11:10:00,ATM-Z018-03,False
CYB-2026-11995,Z015,2026-09-17T00:30:00,ATM-Z015-05,False
CYB-2026-11996,Z001,2026-09-23T17:56:00,ATM-Z001-05,False
CYB-2026-11997,Z002,2026-09-12T15:36:00,ATM-Z002-04,True
CYB-2026-11998,Z015,2026-09-03T07:48:00,ATM-Z015-01,True
CYB-2026-11999,Z002,2026-09-07T10:59:00,ATM-Z002-02,False
