complaint_id,filed_time,fraud_type,amount,victim_district
CYB-2026-10000,2026-09-06T07:36:00,SIM-Swap,2000,Kolkata
CYB-2026-10001,2026-09-11T20:07:00,Loan-App Fraud,250000,Nagpur
CYB-2026-10002,2026-09-08T07:49:00,Investment Fraud,15000,Lucknow
CYB-2026-10003,2026-09-17T17:00:00,Job Fraud,15000,Mumbai City
CYB-2026-10004,2026-09-08T15:39:00,Investment Fraud,48000,Ahmedabad
CYB-2026-10005,2026-09-11T16:10:00,OTP Fraud,2000,Lucknow
CYB-2026-10006,2026-09-25T18:42:00,Job Fraud,25000,Surat
CYB-2026-10007,2026-09-20T11:06:00,SIM-Swap,5000,Patna
CYB-2026-10008,2026-09-06T07:50:00,Investment Fraud,25000,Bhopal
CYB-2026-10009,2026-09-25T19:08:00,Loan-App Fraud,250000,Central Delhi
CYB-2026-10010,2026-09-22T21:08:00,Loan-App Fraud,250000,Bengaluru Urban
CYB-2026-10011,2026-09-02T04:58:00,Investment Fraud,250000,Chennai
CYB-2026-10012,2026-09-17T08:59:00,Romance Scam,75000,Bhopal
CYB-2026-10013,2026-09-21T10:01:00,OTP Fraud,250000,Mumbai Suburban
CYB-2026-10014,2026-09-03T22:02:00,Romance Scam,8000,Patna
CYB-2026-10015,2026-09-15T12:32:00,OTP Fraud,2000,South Delhi
CYB-2026-10016,2026-09-12T10:55:00,Job Fraud,2000,Nagpur
CYB-2026-10017,2026-09-30T15:03:00,SIM-Swap,25000,Chandigarh
CYB-2026-10018,2026-09-12T08:49:00,OTP Fraud,48000,Jaipur
CYB-2026-10019,2026-09-13T06:52:00,Loan-App Fraud,5000,Mumbai Suburban
CYB-2026-10020,2026-09-03T06:09:00,Investment Fraud,2000,Lucknow
CYB-2026-10021,2026-09-20T19:26:00,Loan-App Fraud,8000,South Delhi
CYB-2026-10022,2026-09-20T00:20:00,Loan-App Fraud,2000,Bengaluru Urban
CYB-2026-10023,2026-09-10T00:56:00,SIM-Swap,75000,Lucknow
CYB-2026-10024,2026-09-09T09:02:00,Investment Fraud,25000,South Delhi
CYB-2026-10025,2026-09-10T05:12:00,SIM-Swap,48000,Bhopal
CYB-2026-10026,2026-09-16T02:16:00,Romance Scam,75000,Jaipur
CYB-2026-10027,2026-09-24T12:20:00,Loan-App Fraud,120000,Bengaluru Urban
CYB-2026-10028,2026-09-29T01:40:00,Romance Scam,5000,Chandigarh
CYB-2026-10029,2026-09-24T19:44:00,SIM-Swap,120000,South Delhi
CYB-2026-10030,2026-09-29T03:10:00,Romance Scam,250000,Bhopal
CYB-2026-10031,2026-09-04T22:00:00,Job Fraud,8000,Pune
CYB-2026-10032,2026-09-20T08:54:00,Loan-App Fraud,75000,Surat
CYB-2026-10033,2026-09-28T16:54:00,Job Fraud,15000,Kochi
CYB-2026-10034,2026-09-25T13:24:00,Job Fraud,2000,Patna
CYB-2026-10035,2026-09-12T17:32:00,Romance Scam,5000,Kochi
CYB-2026-10036,2026-09-22T19:15:00,Loan-App Fraud,5000,Surat
CYB-2026-10037,2026-09-27T10:55:00,Investment Fraud,75000,Patna
CYB-2026-10038,2026-09-08T05:06:00,Romance Scam,75000,Bengaluru Urban
CYB-2026-10039,2026-09-18T11:57:00,SIM-Swap,48000,Central Delhi
CYB-2026-10040,2026-09-05T03:30:00,Loan-App Fraud,15000,Bhopal
CYB-2026-10041,2026-09-26T10:32:00,Romance Scam,250000,Ahmedabad
CYB-2026-10042,2026-09-23T06:52:00,Loan-App Fraud,25000,Surat
CYB-2026-10043,2026-09-23T14:10:00,SIM-Swap,5000,Central Delhi
CYB-2026-10044,2026-09-29T21:31:00,Job Fraud,2000,Pune
CYB-2026-10045,2026-09-11T12:30:00,Job Fraud,250000,Patna
CYB-2026-10046,2026-09-04T22:40:00,Investment Fraud,8000,Chennai
CYB-2026-10047,2026-09-28T02:12:00,SIM-Swap,15000,Bhopal
CYB-2026-10048,2026-09-27T03:43:00,Job Fraud,25000,Chandigarh
CYB-2026-10049,2026-09-20T21:53:00,OTP Fraud,48000,Nagpur
CYB-2026-10050,2026-09-09T12:14:00,Investment Fraud,75000,Kochi
CYB-2026-10051,2026-09-15T23:06:00,Investment Fraud,5000,Patna
CYB-2026-10052,2026-09-08T10:59:00,Loan-App Fraud,25000,Indore
CYB-2026-10053,2026-09-24T09:49:00,Investment Fraud,25000,Bhopal
CYB-2026-10054,2026-09-27T15:25:00,Job Fraud,120000,Pune
CYB-2026-10055,2026-09-03T05:40:00,Romance Scam,48000,Kochi
CYB-2026-10056,2026-09-19T21:48:00,Loan-App Fraud,8000,Mumbai City
CYB-2026-10057,2026-09-29T23:23:00,Loan-App Fraud,25000,Chennai
CYB-2026-10058,2026-09-20T20:25:00,Investment Fraud,8000,Chennai
CYB-2026-10059,2026-09-21T08:29:00,OTP Fraud,48000,Surat
CYB-2026-10060,2026-09-14T17:10:00,Job Fraud,25000,Central Delhi
CYB-2026-10061,2026-09-29T12:10:00,Loan-App Fraud,25000,Pune
CYB-2026-10062,2026-09-09T05:50:00,Romance Scam,15000,Pune
CYB-2026-10063,2026-09-01T21:12:00,Romance Scam,25000,Indore
CYB-2026-10064,2026-09-16T04:16:00,Job Fraud,15000,Mumbai City
CYB-2026-10065,2026-09-25T20:02:00,SIM-Swap,75000,Surat
CYB-2026-10066,2026-09-21T10:17:00,Loan-App Fraud,120000,Chennai
CYB-2026-10067,2026-09-06T23:32:00,Loan-App Fraud,15000,Mumbai City
CYB-2026-10068,2026-09-02T10:09:00,OTP Fraud,8000,Central Delhi
CYB-2026-10069,2026-09-28T06:26:00,Job Fraud,5000,Chandigarh
CYB-2026-10070,2026-09-21T10:29:00,SIM-Swap,5000,Mumbai City
CYB-2026-10071,2026-09-05T18:19:00,Romance Scam,5000,Indore
CYB-2026-10072,2026-09-05T09:38:00,OTP Fraud,5000,Mumbai City
CYB-2026-10073,2026-09-28T13:48:00,Investment Fraud,25000,Ahmedabad
CYB-2026-10074,2026-09-29T04:11:00,Job Fraud,250000,Central Delhi
CYB-2026-10075,2026-09-30T01:35:00,SIM-Swap,2000,Mumbai City
CYB-2026-10076,2026-09-08T07:56:00,OTP Fraud,8000,Nagpur
CYB-2026-10077,2026-09-06T10:19:00,Job Fraud,48000,Bhopal
CYB-2026-10078,2026-09-01T14:23:00,OTP Fraud,15000,Jaipur
CYB-2026-10079,2026-09-18T13:17:00,Loan-App Fraud,250000,Chennai
CYB-2026-10080,2026-09-09T01:43:00,Investment Fraud,120000,Ahmedabad
CYB-2026-10081,2026-09-10T01:47:00,Job Fraud,48000,Ahmedabad
CYB-2026-10082,2026-09-27T14:56:00,Job Fraud,120000,Surat
CYB-2026-10083,2026-09-15T09:02:00,OTP Fraud,120000,Chandigarh
CYB-2026-10084,2026-09-03T02:48:00,SIM-Swap,120000,Surat
CYB-2026-10085,2026-09-09T02:28:00,SIM-Swap,2000,Chennai
CYB-2026-10086,2026-09-16T06:06:00,OTP Fraud,5000,Indore
CYB-2026-10087,2026-09-15T08:08:00,OTP Fraud,250000,Patna
CYB-2026-10088,2026-09-09T23:43:00,Romance Scam,15000,Pune
CYB-2026-10089,2026-09-21T04:03:00,Loan-App Fraud,2000,Bhopal
CYB-2026-10090,2026-09-21T07:14:00,Job Fraud,120000,Jaipur
CYB-2026-10091,2026-09-24T17:30:00,SIM-Swap,5000,Jaipur
CYB-2026-10092,2026-09-02T11:07:00,Investment Fraud,75000,South Delhi
CYB-2026-10093,2026-09-21T15:59:00,Romance Scam,2000,Mumbai City
CYB-2026-10094,2026-09-30T07:54:00,Romance Scam,120000,Mumbai City
CYB-2026-10095,2026-09-20T05:00:00,Job Fraud,8000,Mumbai City
CYB-2026-10096,2026-09-05T23:13:00,SIM-Swap,48000,Pune
CYB-2026-10097,2026-09-04T02:55:00,Loan-App Fraud,120000,South Delhi
CYB-2026-10098,2026-10-01T02:14:00,OTP Fraud,48000,Kolkata
CYB-2026-10099,2026-09-24T21:11:00,Investment Fraud,25000,Mumbai City
CYB-2026-10100,2026-09-04T15:57:00,OTP Fraud,75000,Ahmedabad
CYB-2026-10101,2026-09-27T01:34:00,Romance Scam,2000,Nagpur
CYB-2026-10102,2026-09-06T09:54:00,Loan-App Fraud,2000,Bengaluru Urban
CYB-2026-10103,2026-09-09T02:35:00,Romance Scam,120000,Mumbai City
CYB-2026-10104,2026-09-23T17:36:00,Loan-App Fraud,2000,Ahmedabad
CYB-2026-10105,2026-09-30T11:36:00,Investment Fraud,5000,Chandigarh
CYB-2026-10106,2026-09-11T12:16:00,SIM-Swap,48000,Guwahati
CYB-2026-10107,2026-09-28T04:24:00,Loan-App Fraud,8000,Bengaluru Urban
CYB-2026-10108,2026-09-14T10:23:00,Job Fraud,25000,Kochi
CYB-2026-10109,2026-09-10T12:50:00,Romance Scam,48000,Nagpur
CYB-2026-10110,2026-09-22T11:30:00,Loan-App Fraud,5000,Kolkata
CYB-2026-10111,2026-09-24T16:13:00,Romance Scam,120000,Kochi
CYB-2026-10112,2026-09-20T20:41:00,OTP Fraud,8000,Kolkata
CYB-2026-10113,2026-09-13T23:31:00,Job Fraud,5000,Pune
CYB-2026-10114,2026-09-03T01:58:00,Job Fraud,2000,South Delhi
CYB-2026-10115,2026-09-15T17:55:00,Job Fraud,8000,Patna
CYB-2026-10116,2026-09-29T21:19:00,SIM-Swap,2000,Nagpur
CYB-2026-10117,2026-09-02T16:29:00,Loan-App Fraud,5000,Hyderabad
CYB-2026-10118,2026-09-07T12:49:00,SIM-Swap,250000,Hyderabad
CYB-2026-10119,2026-09-30T12:39:00,SIM-Swap,25000,Nagpur
CYB-2026-10120,2026-09-13T16:41:00,Job Fraud,25000,Mumbai Suburban
CYB-2026-10121,2026-09-13T14:08:00,Job Fraud,250000,Kolkata
CYB-2026-10122,2026-09-22T17:59:00,Investment Fraud,5000,Pune
CYB-2026-10123,2026-09-02T22:44:00,SIM-Swap,8000,Bhopal
CYB-2026-10124,2026-09-28T16:23:00,Job Fraud,5000,Lucknow
CYB-2026-10125,2026-09-09T17:22:00,Investment Fraud,2000,Lucknow
CYB-2026-10126,2026-09-16T06:02:00,Investment Fraud,25000,Surat
CYB-2026-10127,2026-09-28T19:37:00,SIM-Swap,48000,Bhopal
CYB-2026-10128,2026-09-04T01:27:00,OTP Fraud,250000,Guwahati
CYB-2026-10129,2026-09-24T11:27:00,OTP Fraud,120000,South Delhi
CYB-2026-10130,2026-09-11T04:00:00,SIM-Swap,5000,South Delhi
CYB-2026-10131,2026-09-20T09:08:00,SIM-Swap,48000,Patna
CYB-2026-10132,2026-09-11T09:14:00,Loan-App Fraud,2000,Central Delhi
CYB-2026-10133,2026-09-29T05:39:00,Romance Scam,2000,Chennai
CYB-2026-10134,2026-09-07T15:03:00,OTP Fraud,250000,Jaipur
CYB-2026-10135,2026-09-11T07:26:00,Job Fraud,75000,Jaipur
CYB-2026-10136,2026-09-08T00:59:00,Romance Scam,25000,Patna
CYB-2026-10137,2026-09-12T07:15:00,Romance Scam,25000,Hyderabad
CYB-2026-10138,2026-09-15T01:09:00,Investment Fraud,2000,Hyderabad
CYB-2026-10139,2026-09-17T14:49:00,Investment Fraud,250000,Kochi
CYB-2026-10140,2026-09-27T04:21:00,Romance Scam,15000,Kochi
CYB-2026-10141,2026-09-25T02:17:00,OTP Fraud,2000,Mumbai City
CYB-2026-10142,2026-09-22T00:05:00,Job Fraud,48000,South Delhi
CYB-2026-10143,2026-09-20T20:18:00,SIM-Swap,8000,Mumbai Suburban
CYB-2026-10144,2026-09-22T03:20:00,Romance Scam,15000,Chennai
CYB-2026-10145,2026-09-16T07:50:00,SIM-Swap,5000,Guwahati
CYB-2026-10146,2026-09-09T09:54:00,OTP Fraud,48000,Central Delhi
CYB-2026-10147,2026-09-25T20:26:00,Romance Scam,48000,Patna
CYB-2026-10148,2026-09-23T13:52:00,Romance Scam,15000,Ahmedabad
CYB-2026-10149,2026-09-01T11:40:00,OTP Fraud,25000,Chandigarh
CYB-2026-10150,2026-09-18T18:46:00,Investment Fraud,2000,Jaipur
CYB-2026-10151,2026-09-12T16:55:00,Investment Fraud,15000,Kochi
CYB-2026-10152,2026-09-14T12:20:00,Investment Fraud,120000,Surat
CYB-2026-10153,2026-09-04T09:32:00,SIM-Swap,75000,Kochi
CYB-2026-10154,2026-09-23T01:27:00,Job Fraud,75000,Indore
CYB-2026-10155,2026-09-30T14:32:00,Job Fraud,75000,Lucknow
CYB-2026-10156,2026-09-08T02:39:00,Job Fraud,48000,Central Delhi
CYB-2026-10157,2026-09-21T20:11:00,Romance Scam,48000,Mumbai City
CYB-2026-10158,2026-09-11T19:14:00,Romance Scam,75000,Bengaluru Urban
CYB-2026-10159,2026-09-04T02:20:00,Investment Fraud,5000,Indore
CYB-2026-10160,2026-09-14T18:53:00,SIM-Swap,5000,Pune
CYB-2026-10161,2026-09-25T16:57:00,SIM-Swap,8000,Indore
CYB-2026-10162,2026-09-07T11:07:00,Romance Scam,15000,Patna
CYB-2026-10163,2026-09-26T06:26:00,Romance Scam,250000,Mumbai Suburban
CYB-2026-10164,2026-09-21T05:34:00,OTP Fraud,5000,Chennai
CYB-2026-10165,2026-09-10T16:02:00,Loan-App Fraud,2000,Surat
CYB-2026-10166,2026-09-07T06:56:00,Loan-App Fraud,15000,Pune
CYB-2026-10167,2026-09-21T22:38:00,Investment Fraud,120000,Lucknow
CYB-2026-10168,2026-09-03T08:10:00,OTP Fraud,5000,Chandigarh
CYB-2026-10169,2026-09-14T23:43:00,SIM-Swap,8000,Kolkata
CYB-2026-10170,2026-09-11T21:44:00,SIM-Swap,75000,Mumbai City
CYB-2026-10171,2026-09-06T17:43:00,Investment Fraud,75000,Pune
CYB-2026-10172,2026-09-10T22:42:00,SIM-Swap,8000,Bhopal
CYB-2026-10173,2026-09-05T02:01:00,SIM-Swap,15000,Indore
CYB-2026-10174,2026-09-03T17:36:00,SIM-Swap,15000,Kochi
CYB-2026-10175,2026-09-09T02:42:00,Job Fraud,120000,Mumbai City
CYB-2026-10176,2026-09-20T03:45:00,Job Fraud,75000,Patna
CYB-2026-10177,2026-09-25T15:52:00,Loan-App Fraud,48000,Patna
CYB-2026-10178,2026-09-09T05:51:00,SIM-Swap,5000,Central Delhi
CYB-2026-10179,2026-09-13T11:33:00,SIM-Swap,5000,Central Delhi
CYB-2026-10180,2026-09-17T23:36:00,Loan-App Fraud,8000,Kolkata
CYB-2026-10181,2026-09-09T09:28:00,Loan-App Fraud,2000,Indore
CYB-2026-10182,2026-09-03T08:09:00,Job Fraud,75000,Mumbai City
CYB-2026-10183,2026-09-22T08:43:00,Loan-App Fraud,48000,Surat
CYB-2026-10184,2026-09-01T07:35:00,Investment Fraud,75000,Jaipur
CYB-2026-10185,2026-09-27T16:21:00,OTP Fraud,5000,Guwahati
CYB-2026-10186,2026-09-19T03:12:00,Investment Fraud,48000,Lucknow
CYB-2026-10187,2026-09-05T08:45:00,OTP Fraud,8000,Jaipur
CYB-2026-10188,2026-09-13T02:10:00,Investment Fraud,8000,Central Delhi
CYB-2026-10189,2026-09-02T05:48:00,OTP Fraud,5000,Hyderabad
CYB-2026-10190,2026-09-09T02:45:00,Romance Scam,48000,Hyderabad
CYB-2026-10191,2026-09-18T16:21:00,Investment Fraud,8000,Bhopal
CYB-2026-10192,2026-09-09T10:24:00,Investment Fraud,2000,Lucknow
CYB-2026-10193,2026-09-17T13:53:00,Investment Fraud,2000,Ahmedabad
CYB-2026-10194,2026-09-03T23:03:00,Investment Fraud,2000,Pune
CYB-2026-10195,2026-09-29T04:20:00,Job Fraud,48000,Chennai
CYB-2026-10196,2026-09-29T01:47:00,Investment Fraud,15000,Surat
CYB-2026-10197,2026-09-04T08:02:00,SIM-Swap,48000,Kolkata
CYB-2026-10198,2026-09-26T02:24:00,Investment Fraud,75000,Mumbai Suburban
CYB-2026-10199,2026-09-16T15:07:00,OTP Fraud,120000,Central Delhi
CYB-2026-10200,2026-09-13T07:44:00,Job Fraud,25000,Jaipur
CYB-2026-10201,2026-09-29T16:45:00,SIM-Swap,120000,Hyderabad
CYB-2026-10202,2026-09-13T07:27:00,SIM-Swap,5000,Indore
CYB-2026-10203,2026-09-05T15:37:00,Loan-App Fraud,5000,Ahmedabad
CYB-2026-10204,2026-09-02T19:55:00,SIM-Swap,250000,Surat
CYB-2026-10205,2026-09-21T01:33:00,OTP Fraud,15000,Pune
CYB-2026-10206,2026-09-20T08:18:00,Job Fraud,5000,Bhopal
CYB-2026-10207,2026-09-19T22:48:00,Investment Fraud,25000,Patna
CYB-2026-10208,2026-09-05T17:16:00,Romance Scam,15000,Pune
CYB-2026-10209,2026-09-15T09:49:00,OTP Fraud,250000,Patna
CYB-2026-10210,2026-09-10T07:28:00,Investment Fraud,25000,Ahmedabad
CYB-2026-10211,2026-09-08T15:56:00,OTP Fraud,15000,Chennai
CYB-2026-10212,2026-09-11T10:24:00,OTP Fraud,25000,Nagpur
CYB-2026-10213,2026-09-19T07:47:00,Job Fraud,5000,Central Delhi
CYB-2026-10214,2026-09-30T21:34:00,SIM-Swap,25000,Hyderabad
CYB-2026-10215,2026-09-02T09:48:00,SIM-Swap,120000,Jaipur
CYB-2026-10216,2026-09-17T13:34:00,Romance Scam,250000,Jaipur
CYB-2026-10217,2026-09-17T10:03:00,Loan-App Fraud,15000,Jaipur
CYB-2026-10218,2026-09-06T16:52:00,Job Fraud,75000,Guwahati
CYB-2026-10219,2026-09-04T22:16:00,Loan-App Fraud,120000,Lucknow
CYB-2026-10220,2026-09-30T01:56:00,Romance Scam,75000,Patna
CYB-2026-10221,2026-09-12T13:46:00,SIM-Swap,15000,Ahmedabad
CYB-2026-10222,2026-09-20T23:40:00,Investment Fraud,8000,Lucknow
CYB-2026-10223,2026-09-03T10:23:00,Job Fraud,5000,Central Delhi
CYB-2026-10224,2026-09-29T22:28:00,SIM-Swap,2000,Jaipur
CYB-2026-10225,2026-09-23T21:39:00,OTP Fraud,15000,Nagpur
CYB-2026-10226,2026-09-23T03:00:00,Loan-App Fraud,48000,Chennai
CYB-2026-10227,2026-09-12T21:30:00,OTP Fraud,15000,Chandigarh
CYB-2026-10228,2026-09-01T16:33:00,OTP Fraud,8000,Bengaluru Urban
CYB-2026-10229,2026-09-18T19:18:00,Investment Fraud,120000,Bhopal
CYB-2026-10230,2026-09-03T08:12:00,Romance Scam,5000,Kolkata
CYB-2026-10231,2026-09-03T17:36:00,Job Fraud,2000,Bengaluru Urban
CYB-2026-10232,2026-09-04T20:06:00,Loan-App Fraud,120000,Chandigarh
CYB-2026-10233,2026-09-22T00:18:00,SIM-Swap,48000,Ahmedabad
CYB-2026-10234,2026-09-21T20:17:00,SIM-Swap,5000,Mumbai Suburban
CYB-2026-10235,2026-09-07T15:24:00,Romance Scam,75000,Mumbai Suburban
CYB-2026-10236,2026-09-06T20:35:00,Job Fraud,120000,Chandigarh
CYB-2026-10237,2026-09-18T21:09:00,OTP Fraud,48000,Guwahati
CYB-2026-10238,2026-09-24T13:33:00,SIM-Swap,25000,Indore
CYB-2026-10239,2026-09-15T22:07:00,SIM-Swap,5000,Ahmedabad
CYB-2026-10240,2026-09-07T20:44:00,Romance Scam,2000,South Delhi
CYB-2026-10241,2026-09-05T21:56:00,Romance Scam,250000,Chennai
CYB-2026-10242,2026-09-11T12:21:00,Romance Scam,48000,Surat
CYB-2026-10243,2026-09-08T07:05:00,Romance Scam,2000,Pune
CYB-2026-10244,2026-09-25T16:35:00,Job Fraud,75000,Mumbai City
CYB-2026-10245,2026-09-01T15:36:00,SIM-Swap,5000,Ahmedabad
CYB-2026-10246,2026-09-24T18:33:00,OTP Fraud,48000,Guwahati
CYB-2026-10247,2026-09-20T13:20:00,Loan-App Fraud,5000,Hyderabad
CYB-2026-10248,2026-09-13T00:30:00,Loan-App Fraud,75000,Patna
CYB-2026-10249,2026-09-14T10:34:00,OTP Fraud,25000,Nagpur
CYB-2026-10250,2026-09-19T01:04:00,SIM-Swap,250000,Jaipur
CYB-2026-10251,2026-09-28T09:42:00,Job Fraud,75000,Indore
CYB-2026-10252,2026-09-27T01:38:00,Loan-App Fraud,2000,Indore
CYB-2026-10253,2026-09-10T01:21:00,OTP Fraud,48000,Kochi
CYB-2026-10254,2026-09-30T09:57:00,Loan-App Fraud,75000,Kolkata
CYB-2026-10255,2026-09-25T18:18:00,Loan-App Fraud,15000,Kolkata
CYB-2026-10256,2026-09-26T08:29:00,OTP Fraud,25000,Indore
CYB-2026-10257,2026-09-29T04:41:00,Loan-App Fraud,8000,Guwahati
CYB-2026-10258,2026-09-10T15:51:00,OTP Fraud,250000,Ahmedabad
CYB-2026-10259,2026-09-17T21:00:00,Romance Scam,5000,Guwahati
CYB-2026-10260,2026-09-14T00:43:00,SIM-Swap,15000,Pune
CYB-2026-10261,2026-09-23T00:59:00,SIM-Swap,120000,Hyderabad
CYB-2026-10262,2026-09-27T07:04:00,OTP Fraud,8000,South Delhi
CYB-2026-10263,2026-09-23T04:06:00,Romance Scam,8000,Chennai
CYB-2026-10264,2026-09-02T00:05:00,OTP Fraud,15000,Guwahati
CYB-2026-10265,2026-09-28T17:09:00,Loan-App Fraud,250000,Central Delhi
CYB-2026-10266,2026-09-22T23:09:00,Investment Fraud,15000,Mumbai City
CYB-2026-10267,2026-09-25T15:34:00,Investment Fraud,75000,Surat
CYB-2026-10268,2026-09-08T14:43:00,Romance Scam,5000,Hyderabad
CYB-2026-10269,2026-09-18T17:47:00,SIM-Swap,75000,Nagpur
CYB-2026-10270,2026-09-14T06:23:00,Job Fraud,15000,South Delhi
CYB-2026-10271,2026-09-27T22:09:00,Romance Scam,15000,Guwahati
CYB-2026-10272,2026-09-27T09:57:00,Romance Scam,2000,Kolkata
CYB-2026-10273,2026-09-23T06:15:00,Job Fraud,15000,Lucknow
CYB-2026-10274,2026-09-25T15:04:00,Job Fraud,2000,Kolkata
CYB-2026-10275,2026-09-13T11:54:00,Job Fraud,8000,Hyderabad
CYB-2026-10276,2026-09-04T19:43:00,OTP Fraud,120000,Nagpur
CYB-2026-10277,2026-09-09T13:44:00,Romance Scam,250000,Kolkata
CYB-2026-10278,2026-09-10T20:11:00,OTP Fraud,75000,Surat
CYB-2026-10279,2026-09-17T21:41:00,Investment Fraud,8000,Kochi
CYB-2026-10280,2026-09-07T21:18:00,Loan-App Fraud,8000,Kochi
CYB-2026-10281,2026-09-08T16:24:00,OTP Fraud,2000,Hyderabad
CYB-2026-10282,2026-09-28T19:27:00,SIM-Swap,15000,Surat
CYB-2026-10283,2026-09-18T14:13:00,OTP Fraud,25000,Chandigarh
CYB-2026-10284,2026-09-15T16:06:00,Investment Fraud,25000,Kolkata
CYB-2026-10285,2026-09-22T18:50:00,OTP Fraud,250000,South Delhi
CYB-2026-10286,2026-09-14T04:23:00,SIM-Swap,120000,Pune
CYB-2026-10287,2026-09-13T15:32:00,Job Fraud,250000,Chandigarh
CYB-2026-10288,2026-09-25T01:45:00,Romance Scam,250000,Jaipur
CYB-2026-10289,2026-09-23T15:19:00,SIM-Swap,120000,Jaipur
CYB-2026-10290,2026-09-21T03:26:00,Job Fraud,75000,Chennai
CYB-2026-10291,2026-09-29T03:47:00,Job Fraud,25000,Jaipur
CYB-2026-10292,2026-09-15T20:13:00,Loan-App Fraud,2000,Pune
CYB-2026-10293,2026-09-23T17:07:00,OTP Fraud,15000,Lucknow
CYB-2026-10294,2026-09-09T12:21:00,Romance Scam,15000,Kolkata
CYB-2026-10295,2026-09-15T10:54:00,SIM-Swap,48000,Bengaluru Urban
CYB-2026-10296,2026-09-11T03:52:00,SIM-Swap,5000,Chennai
CYB-2026-10297,2026-09-05T07:44:00,Investment Fraud,15000,Bengaluru Urban
CYB-2026-10298,2026-09-07T09:09:00,SIM-Swap,25000,South Delhi
CYB-2026-10299,2026-09-26T11:41:00,Job Fraud,8000,Mumbai City
CYB-2026-10300,2026-09-15T20:17:00,Loan-App Fraud,5000,Indore
CYB-2026-10301,2026-09-09T09:07:00,Loan-App Fraud,2000,Hyderabad
CYB-2026-10302,2026-09-04T11:24:00,Job Fraud,2000,Hyderabad
CYB-2026-10303,2026-09-15T01:56:00,OTP Fraud,5000,Hyderabad
CYB-2026-10304,2026-09-06T01:14:00,SIM-Swap,48000,Chandigarh
CYB-2026-10305,2026-09-16T00:36:00,Job Fraud,48000,Bhopal
CYB-2026-10306,2026-09-28T08:43:00,Investment Fraud,2000,Guwahati
CYB-2026-10307,2026-09-22T04:50:00,OTP Fraud,48000,Pune
CYB-2026-10308,2026-09-04T18:19:00,SIM-Swap,48000,Kochi
CYB-2026-10309,2026-09-17T02:01:00,Investment Fraud,75000,Bhopal
CYB-2026-10310,2026-09-19T03:07:00,OTP Fraud,120000,Nagpur
CYB-2026-10311,2026-09-19T10:01:00,Job Fraud,25000,Mumbai City
CYB-2026-10312,2026-09-25T02:37:00,SIM-Swap,15000,Chennai
CYB-2026-10313,2026-09-17T02:26:00,Investment Fraud,15000,Lucknow
CYB-2026-10314,2026-09-07T23:18:00,Job Fraud,25000,Central Delhi
CYB-2026-10315,2026-09-26T05:26:00,Investment Fraud,120000,Nagpur
CYB-2026-10316,2026-09-18T20:11:00,SIM-Swap,15000,Patna
CYB-2026-10317,2026-09-25T08:15:00,Loan-App Fraud,25000,Lucknow
CYB-2026-10318,2026-09-11T12:23:00,Investment Fraud,8000,Lucknow
CYB-2026-10319,2026-09-10T10:58:00,SIM-Swap,8000,Jaipur
CYB-2026-10320,2026-09-06T15:18:00,SIM-Swap,8000,Lucknow
CYB-2026-10321,2026-09-13T17:03:00,SIM-Swap,8000,Hyderabad
CYB-2026-10322,2026-09-17T14:24:00,OTP Fraud,5000,Kochi
CYB-2026-10323,2026-09-10T01:05:00,Loan-App Fraud,15000,South Delhi
CYB-2026-10324,2026-09-12T11:33:00,Romance Scam,75000,Patna
CYB-2026-10325,2026-09-03T00:52:00,Romance Scam,250000,Patna
CYB-2026-10326,2026-09-05T08:47:00,Romance Scam,250000,Mumbai Suburban
CYB-2026-10327,2026-09-30T18:25:00,SIM-Swap,8000,Mumbai Suburban
CYB-2026-10328,2026-09-18T11:37:00,Loan-App Fraud,250000,Patna
CYB-2026-10329,2026-09-21T13:25:00,SIM-Swap,25000,Bengaluru Urban
CYB-2026-10330,2026-09-01T12:16:00,Job Fraud,120000,Chennai
CYB-2026-10331,2026-09-13T21:46:00,Job Fraud,250000,Hyderabad
CYB-2026-10332,2026-09-03T11:33:00,OTP Fraud,5000,Bhopal
CYB-2026-10333,2026-09-18T00:34:00,Investment Fraud,75000,Mumbai City
CYB-2026-10334,2026-09-14T07:41:00,SIM-Swap,75000,Nagpur
CYB-2026-10335,2026-09-14T11:17:00,Loan-App Fraud,15000,Central Delhi
CYB-2026-10336,2026-09-14T01:36:00,SIM-Swap,25000,Mumbai City
CYB-2026-10337,2026-09-23T01:18:00,Investment Fraud,120000,South Delhi
CYB-2026-10338,2026-09-04T06:19:00,Investment Fraud,8000,Kolkata
CYB-2026-10339,2026-09-18T03:52:00,Loan-App Fraud,120000,Jaipur
CYB-2026-10340,2026-09-09T21:45:00,Loan-App Fraud,48000,Kochi
CYB-2026-10341,2026-09-28T07:07:00,SIM-Swap,5000,Lucknow
CYB-2026-10342,2026-09-06T14:30:00,Romance Scam,25000,Pune
CYB-2026-10343,2026-09-29T03:50:00,Investment Fraud,48000,Indore
CYB-2026-10344,2026-09-22T13:28:00,SIM-Swap,5000,Chandigarh
CYB-2026-10345,2026-09-16T06:48:00,SIM-Swap,48000,Chandigarh
CYB-2026-10346,2026-09-06T02:51:00,SIM-Swap,48000,Indore
CYB-2026-10347,2026-09-18T17:13:00,Romance Scam,5000,Lucknow
CYB-2026-10348,2026-09-27T09:10:00,SIM-Swap,120000,Mumbai Suburban
CYB-2026-10349,2026-09-04T01:09:00,SIM-Swap,5000,Hyderabad
CYB-2026-10350,2026-09-27T13:15:00,Job Fraud,120000,Hyderabad
CYB-2026-10351,2026-09-05T07:31:00,Investment Fraud,2000,Nagpur
CYB-2026-10352,2026-09-09T03:24:00,SIM-Swap,120000,Pune
CYB-2026-10353,2026-09-30T18:12:00,OTP Fraud,2000,Pune
CYB-2026-10354,2026-09-21T17:34:00,Job Fraud,75000,Ahmedabad
CYB-2026-10355,2026-09-27T11:31:00,Job Fraud,48000,South Delhi
CYB-2026-10356,2026-09-22T09:50:00,Investment Fraud,250000,Mumbai City
CYB-2026-10357,2026-09-14T09:53:00,Investment Fraud,8000,South Delhi
CYB-2026-10358,2026-09-12T17:18:00,Investment Fraud,8000,Nagpur
CYB-2026-10359,2026-09-05T02:11:00,Investment Fraud,8000,Nagpur
CYB-2026-10360,2026-09-19T09:32:00,Romance Scam,120000,Jaipur
CYB-2026-10361,2026-09-05T16:20:00,OTP Fraud,250000,Ahmedabad
CYB-2026-10362,2026-09-24T21:55:00,Loan-App Fraud,48000,Bengaluru Urban
CYB-2026-10363,2026-09-05T10:25:00,Job Fraud,2000,Nagpur
CYB-2026-10364,2026-09-09T15:15:00,SIM-Swap,25000,Jaipur
CYB-2026-10365,2026-09-13T20:52:00,OTP Fraud,2000,Patna
CYB-2026-10366,2026-09-06T04:26:00,Romance Scam,8000,Indore
CYB-2026-10367,2026-09-19T00:30:00,OTP Fraud,25000,Pune
CYB-2026-10368,2026-09-23T04:32:00,SIM-Swap,5000,Surat
CYB-2026-10369,2026-09-03T00:57:00,Job Fraud,75000,Hyderabad
CYB-2026-10370,2026-09-02T09:42:00,Loan-App Fraud,15000,Kochi
CYB-2026-10371,2026-09-25T01:23:00,SIM-Swap,120000,Indore
CYB-2026-10372,2026-09-03T08:01:00,Job Fraud,15000,Pune
CYB-2026-10373,2026-09-06T02:08:00,OTP Fraud,5000,Kochi
CYB-2026-10374,2026-09-15T21:15:00,Loan-App Fraud,15000,South Delhi
CYB-2026-10375,2026-09-07T07:40:00,OTP Fraud,5000,Nagpur
CYB-2026-10376,2026-09-30T08:51:00,Loan-App Fraud,25000,Guwahati
CYB-2026-10377,2026-09-06T14:20:00,Loan-App Fraud,250000,Mumbai Suburban
CYB-2026-10378,2026-09-03T05:05:00,SIM-Swap,2000,Ahmedabad
CYB-2026-10379,2026-09-24T16:24:00,Romance Scam,5000,Mumbai City
CYB-2026-10380,2026-09-10T08:24:00,Romance Scam,75000,Chennai
CYB-2026-10381,2026-09-10T02:04:00,SIM-Swap,48000,Kolkata
CYB-2026-10382,2026-09-11T06:08:00,Investment Fraud,25000,Nagpur
CYB-2026-10383,2026-09-12T12:41:00,Loan-App Fraud,48000,Bhopal
CYB-2026-10384,2026-09-20T14:58:00,OTP Fraud,250000,Patna
CYB-2026-10385,2026-09-30T17:23:00,Loan-App Fraud,5000,Central Delhi
CYB-2026-10386,2026-09-01T07:29:00,SIM-Swap,5000,Patna
CYB-2026-10387,2026-09-17T19:34:00,Job Fraud,2000,Mumbai Suburban
CYB-2026-10388,2026-09-23T00:38:00,SIM-Swap,15000,Chennai
CYB-2026-10389,2026-09-25T12:01:00,SIM-Swap,25000,Chandigarh
CYB-2026-10390,2026-09-06T08:21:00,Investment Fraud,8000,Kochi
CYB-2026-10391,2026-09-24T21:33:00,Loan-App Fraud,48000,Bhopal
CYB-2026-10392,2026-09-03T09:41:00,Investment Fraud,8000,Ahmedabad
CYB-2026-10393,2026-09-26T20:23:00,Loan-App Fraud,2000,Lucknow
CYB-2026-10394,2026-09-16T07:50:00,Job Fraud,25000,Kochi
CYB-2026-10395,2026-09-15T06:30:00,OTP Fraud,2000,Patna
CYB-2026-10396,2026-09-25T18:05:00,OTP Fraud,120000,Mumbai City
CYB-2026-10397,2026-09-17T05:46:00,Investment Fraud,25000,Chandigarh
CYB-2026-10398,2026-09-18T08:26:00,Job Fraud,5000,Central Delhi
CYB-2026-10399,2026-09-27T21:12:00,Investment Fraud,25000,Kochi
CYB-2026-10400,2026-09-23T02:49:00,Job Fraud,75000,Kolkata
CYB-2026-10401,2026-09-20T08:13:00,Investment Fraud,48000,South Delhi
CYB-2026-10402,2026-09-07T18:58:00,Investment Fraud,2000,Pune
CYB-2026-10403,2026-09-07T13:50:00,Investment Fraud,120000,Nagpur
CYB-2026-10404,2026-09-10T04:28:00,OTP Fraud,5000,South Delhi
CYB-2026-10405,2026-09-27T23:49:00,Loan-App Fraud,15000,Bengaluru Urban
CYB-2026-10406,2026-09-14T01:51:00,Loan-App Fraud,8000,Indore
CYB-2026-10407,2026-09-17T09:33:00,Loan-App Fraud,75000,Bhopal
CYB-2026-10408,2026-09-03T02:21:00,Job Fraud,5000,Lucknow
CYB-2026-10409,2026-09-17T23:20:00,Romance Scam,8000,Central Delhi
CYB-2026-10410,2026-09-06T20:05:00,Romance Scam,15000,Bhopal
CYB-2026-10411,2026-09-29T20:20:00,Loan-App Fraud,8000,Central Delhi
CYB-2026-10412,2026-09-04T17:34:00,OTP Fraud,250000,Kochi
CYB-2026-10413,2026-09-18T17:01:00,OTP Fraud,120000,Lucknow
CYB-2026-10414,2026-09-23T10:25:00,Romance Scam,5000,Surat
CYB-2026-10415,2026-09-17T22:13:00,Loan-App Fraud,48000,Surat
CYB-2026-10416,2026-09-30T17:52:00,Loan-App Fraud,25000,Surat
CYB-2026-10417,2026-09-13T09:13:00,Romance Scam,2000,Kochi
CYB-2026-10418,2026-09-25T15:16:00,OTP Fraud,15000,Jaipur
CYB-2026-10419,2026-09-22T21:07:00,Job Fraud,75000,Hyderabad
CYB-2026-10420,2026-09-21T21:02:00,Job Fraud,250000,Bengaluru Urban
CYB-2026-10421,2026-09-20T23:44:00,Job Fraud,2000,Guwahati
CYB-2026-10422,2026-09-30T02:25:00,OTP Fraud,15000,Bhopal
CYB-2026-10423,2026-09-22T08:59:00,Investment Fraud,120000,Indore
CYB-2026-10424,2026-09-19T18:33:00,OTP Fraud,48000,Mumbai City
CYB-2026-10425,2026-09-16T05:40:00,Investment Fraud,75000,Chennai
CYB-2026-10426,2026-09-17T18:29:00,Loan-App Fraud,120000,Ahmedabad
CYB-2026-10427,2026-09-21T09:13:00,Loan-App Fraud,75000,Central Delhi
CYB-2026-10428,2026-09-04T21:29:00,Investment Fraud,120000,Kochi
CYB-2026-10429,2026-09-07T10:38:00,SIM-Swap,2000,Patna
CYB-2026-10430,2026-09-21T19:08:00,Investment Fraud,120000,Pune
CYB-2026-10431,2026-09-22T07:05:00,OTP Fraud,15000,Kolkata
CYB-2026-10432,2026-09-21T01:18:00,Job Fraud,120000,Kochi
CYB-2026-10433,2026-09-28T13:27:00,Loan-App Fraud,15000,Jaipur
CYB-2026-10434,2026-09-15T23:04:00,Loan-App Fraud,75000,Hyderabad
CYB-2026-10435,2026-09-01T11:51:00,OTP Fraud,25000,Guwahati
CYB-2026-10436,2026-09-07T06:05:00,Romance Scam,5000,Lucknow
CYB-2026-10437,2026-09-15T14:39:00,Loan-App Fraud,120000,Pune
CYB-2026-10438,2026-09-23T07:58:00,Job Fraud,120000,Kochi
CYB-2026-10439,2026-09-24T09:40:00,SIM-Swap,25000,Surat
CYB-2026-10440,2026-09-02T10:21:00,Investment Fraud,25000,Mumbai Suburban
CYB-2026-10441,2026-09-07T03:15:00,Job Fraud,15000,South Delhi
CYB-2026-10442,2026-09-14T05:13:00,Romance Scam,8000,Mumbai Suburban
CYB-2026-10443,2026-09-20T12:06:00,Job Fraud,5000,Bhopal
CYB-2026-10444,2026-09-25T03:05:00,SIM-Swap,5000,Jaipur
CYB-2026-10445,2026-09-03T07:15:00,OTP Fraud,250000,Mumbai Suburban
CYB-2026-10446,2026-09-03T07:26:00,Romance Scam,5000,Bhopal
CYB-2026-10447,2026-09-01T20:31:00,OTP Fraud,8000,Kochi
CYB-2026-10448,2026-09-06T08:14:00,Loan-App Fraud,2000,Hyderabad
CYB-2026-10449,2026-09-08T04:29:00,Loan-App Fraud,120000,Kochi
CYB-2026-10450,2026-09-02T22:25:00,Investment Fraud,120000,Patna
CYB-2026-10451,2026-09-21T02:28:00,SIM-Swap,2000,Bengaluru Urban
CYB-2026-10452,2026-09-14T14:27:00,Loan-App Fraud,75000,Bhopal
CYB-2026-10453,2026-09-15T01:40:00,Romance Scam,15000,Hyderabad
CYB-2026-10454,2026-09-17T10:01:00,Investment Fraud,2000,Indore
CYB-2026-10455,2026-09-17T17:00:00,Loan-App Fraud,8000,Jaipur
CYB-2026-10456,2026-09-16T18:48:00,Romance Scam,25000,Guwahati
CYB-2026-10457,2026-09-19T21:04:00,Romance Scam,120000,Guwahati
CYB-2026-10458,2026-09-24T21:44:00,SIM-Swap,25000,Bhopal
CYB-2026-10459,2026-09-10T14:03:00,SIM-Swap,250000,Nagpur
CYB-2026-10460,2026-09-24T22:29:00,Loan-App Fraud,250000,Jaipur
CYB-2026-10461,2026-09-20T11:45:00,Investment Fraud,250000,Mumbai Suburban
CYB-2026-10462,2026-09-21T22:13:00,Investment Fraud,5000,Pune
CYB-2026-10463,2026-09-23T12:42:00,SIM-Swap,75000,Bengaluru Urban
CYB-2026-10464,2026-09-02T17:36:00,Romance Scam,8000,Indore
CYB-2026-10465,2026-09-07T17:15:00,Loan-App Fraud,75000,South Delhi
CYB-2026-10466,2026-09-18T10:07:00,Investment Fraud,120000,Nagpur
CYB-2026-10467,2026-09-21T09:58:00,OTP Fraud,25000,Mumbai City
CYB-2026-10468,2026-09-27T12:04:00,Job Fraud,2000,Surat
CYB-2026-10469,2026-09-15T19:59:00,Job Fraud,75000,Surat
CYB-2026-10470,2026-09-05T09:25:00,Investment Fraud,5000,Mumbai Suburban
CYB-2026-10471,2026-09-03T14:39:00,OTP Fraud,15000,Chennai
CYB-2026-10472,2026-09-23T06:50:00,OTP Fraud,2000,Bhopal
CYB-2026-10473,2026-09-15T02:43:00,Loan-App Fraud,75000,Chandigarh
CYB-2026-10474,2026-09-21T19:25:00,Job Fraud,2000,Central Delhi
CYB-2026-10475,2026-09-30T00:32:00,Investment Fraud,15000,Surat
CYB-2026-10476,2026-09-10T20:03:00,Investment Fraud,120000,Nagpur
CYB-2026-10477,2026-09-17T07:33:00,OTP Fraud,75000,Nagpur
CYB-2026-10478,2026-09-09T23:10:00,Investment Fraud,5000,Nagpur
CYB-2026-10479,2026-09-13T01:34:00,Loan-App Fraud,15000,Guwahati
CYB-2026-10480,2026-09-13T17:19:00,Romance Scam,5000,Guwahati
CYB-2026-10481,2026-09-11T12:26:00,OTP Fraud,75000,Mumbai City
CYB-2026-10482,2026-09-29T18:05:00,Job Fraud,48000,Kolkata
CYB-2026-10483,2026-09-29T10:43:00,Job Fraud,120000,Mumbai Suburban
CYB-2026-10484,2026-09-04T05:51:00,Romance Scam,5000,South Delhi
CYB-2026-10485,2026-09-21T21:58:00,OTP Fraud,250000,Lucknow
CYB-2026-10486,2026-09-29T12:08:00,Romance Scam,120000,Bengaluru Urban
CYB-2026-10487,2026-09-07T23:00:00,Loan-App Fraud,120000,Jaipur
CYB-2026-10488,2026-09-22T12:31:00,Romance Scam,48000,Surat
CYB-2026-10489,2026-09-16T08:06:00,Romance Scam,75000,Hyderabad
CYB-2026-10490,2026-09-11T05:08:00,Loan-App Fraud,25000,Bengaluru Urban
CYB-2026-10491,2026-09-18T04:42:00,Investment Fraud,8000,Guwahati
CYB-2026-10492,2026-09-07T00:07:00,Investment Fraud,250000,Surat
CYB-2026-10493,2026-09-22T19:28:00,Romance Scam,25000,Surat
CYB-2026-10494,2026-09-07T08:43:00,OTP Fraud,5000,Jaipur
CYB-2026-10495,2026-09-13T16:12:00,Investment Fraud,75000,Central Delhi
CYB-2026-10496,2026-09-10T08:47:00,Job Fraud,48000,Hyderabad
CYB-2026-10497,2026-10-01T01:46:00,Job Fraud,2000,Kochi
CYB-2026-10498,2026-09-16T18:05:00,Romance Scam,5000,Lucknow
CYB-2026-10499,2026-09-17T09:23:00,SIM-Swap,48000,Chennai
CYB-2026-10500,2026-09-27T02:36:00,Investment Fraud,75000,Patna
CYB-2026-10501,2026-09-28T17:02:00,SIM-Swap,120000,Central Delhi
CYB-2026-10502,2026-09-18T00:39:00,OTP Fraud,250000,Central Delhi
CYB-2026-10503,2026-09-18T22:53:00,OTP Fraud,15000,Pune
CYB-2026-10504,2026-09-10T10:18:00,Investment Fraud,2000,Pune
CYB-2026-10505,2026-09-29T08:43:00,Loan-App Fraud,75000,Chandigarh
CYB-2026-10506,2026-09-11T03:18:00,SIM-Swap,120000,Bhopal
CYB-2026-10507,2026-09-03T06:45:00,Job Fraud,120000,Central Delhi
CYB-2026-10508,2026-09-06T11:15:00,Investment Fraud,8000,Lucknow
CYB-2026-10509,2026-09-01T18:14:00,SIM-Swap,25000,Pune
CYB-2026-10510,2026-09-05T22:16:00,SIM-Swap,75000,Jaipur
CYB-2026-10511,2026-09-16T14:13:00,OTP Fraud,15000,Mumbai City
CYB-2026-10512,2026-09-26T19:54:00,Investment Fraud,15000,Nagpur
CYB-2026-10513,2026-10-01T04:40:00,OTP Fraud,25000,Nagpur
CYB-2026-10514,2026-09-18T22:25:00,SIM-Swap,8000,Lucknow
CYB-2026-10515,2026-09-21T16:19:00,Job Fraud,75000,Guwahati
CYB-2026-10516,2026-09-10T10:39:00,Investment Fraud,8000,Patna
CYB-2026-10517,2026-09-16T07:50:00,Loan-App Fraud,48000,Chennai
CYB-2026-10518,2026-09-04T04:34:00,OTP Fraud,120000,Mumbai City
CYB-2026-10519,2026-09-22T12:10:00,Romance Scam,25000,Bengaluru Urban
CYB-2026-10520,2026-09-24T05:54:00,Romance Scam,75000,Pune
CYB-2026-10521,2026-09-23T03:12:00,Job Fraud,5000,Lucknow
CYB-2026-10522,2026-09-19T15:52:00,Romance Scam,75000,Patna
CYB-2026-10523,2026-09-23T11:42:00,SIM-Swap,48000,South Delhi
CYB-2026-10524,2026-09-07T22:57:00,SIM-Swap,25000,Chennai
CYB-2026-10525,2026-09-20T16:15:00,Loan-App Fraud,25000,Jaipur
CYB-2026-10526,2026-09-01T13:00:00,Investment Fraud,8000,Kochi
CYB-2026-10527,2026-09-27T01:24:00,Romance Scam,15000,Bengaluru Urban
CYB-2026-10528,2026-09-06T22:11:00,Romance Scam,25000,Mumbai City
CYB-2026-10529,2026-09-23T08:45:00,Investment Fraud,120000,Lucknow
CYB-2026-10530,2026-09-13T23:15:00,Job Fraud,15000,Ahmedabad
CYB-2026-10531,2026-09-16T01:33:00,OTP Fraud,120000,Chennai
CYB-2026-10532,2026-09-24T22:02:00,Loan-App Fraud,250000,South Delhi
CYB-2026-10533,2026-09-10T21:10:00,Loan-App Fraud,8000,Mumbai City
CYB-2026-10534,2026-09-06T20:27:00,SIM-Swap,8000,Indore
CYB-2026-10535,2026-09-21T03:16:00,Job Fraud,15000,Chennai
CYB-2026-10536,2026-09-27T12:08:00,Romance Scam,2000,Jaipur
CYB-2026-10537,2026-09-19T05:47:00,OTP Fraud,2000,Indore
CYB-2026-10538,2026-09-06T20:51:00,Job Fraud,25000,Surat
CYB-2026-10539,2026-09-11T11:50:00,SIM-Swap,2000,Bengaluru Urban
CYB-2026-10540,2026-09-14T03:09:00,Job Fraud,25000,Hyderabad
CYB-2026-10541,2026-09-07T20:11:00,Investment Fraud,15000,Hyderabad
CYB-2026-10542,2026-09-20T23:50:00,Job Fraud,8000,Patna
CYB-2026-10543,2026-10-01T05:16:00,SIM-Swap,5000,Chandigarh
CYB-2026-10544,2026-09-27T07:27:00,Job Fraud,120000,Kolkata
CYB-2026-10545,2026-09-19T04:07:00,OTP Fraud,250000,Indore
CYB-2026-10546,2026-09-03T00:45:00,OTP Fraud,8000,Surat
CYB-2026-10547,2026-09-09T01:26:00,Job Fraud,75000,Central Delhi
CYB-2026-10548,2026-09-17T06:36:00,Job Fraud,250000,Guwahati
CYB-2026-10549,2026-09-26T09:00:00,Job Fraud,15000,Surat
CYB-2026-10550,2026-09-20T14:35:00,SIM-Swap,8000,Indore
CYB-2026-10551,2026-09-15T15:32:00,Loan-App Fraud,75000,Patna
CYB-2026-10552,2026-09-13T16:27:00,Investment Fraud,8000,Chennai
CYB-2026-10553,2026-09-05T18:12:00,Job Fraud,2000,Bengaluru Urban
CYB-2026-10554,2026-10-01T04:14:00,Loan-App Fraud,8000,Pune
CYB-2026-10555,2026-09-20T17:14:00,Investment Fraud,250000,Chennai
CYB-2026-10556,2026-09-24T09:37:00,Romance Scam,8000,Kochi
CYB-2026-10557,2026-09-28T23:24:00,Job Fraud,2000,Nagpur
CYB-2026-10558,2026-09-16T15:08:00,OTP Fraud,15000,Indore
CYB-2026-10559,2026-09-24T17:05:00,SIM-Swap,2000,Chandigarh
CYB-2026-10560,2026-09-23T15:26:00,Romance Scam,15000,Mumbai City
CYB-2026-10561,2026-10-01T02:49:00,Romance Scam,120000,Bengaluru Urban
CYB-2026-10562,2026-09-02T16:31:00,Investment Fraud,8000,Hyderabad
CYB-2026-10563,2026-09-08T07:53:00,Loan-App Fraud,48000,Guwahati
CYB-2026-10564,2026-09-20T18:31:00,OTP Fraud,15000,Nagpur
CYB-2026-10565,2026-09-10T06:43:00,Romance Scam,120000,Mumbai Suburban
CYB-2026-10566,2026-09-15T04:43:00,Job Fraud,15000,Chennai
CYB-2026-10567,2026-09-09T12:31:00,OTP Fraud,2000,Central Delhi
CYB-2026-10568,2026-09-17T19:07:00,Romance Scam,48000,Jaipur
CYB-2026-10569,2026-09-10T19:24:00,Investment Fraud,75000,Mumbai City
CYB-2026-10570,2026-09-09T23:23:00,Loan-App Fraud,75000,Indore
CYB-2026-10571,2026-09-07T02:49:00,SIM-Swap,25000,South Delhi
CYB-2026-10572,2026-09-08T18:47:00,OTP Fraud,120000,Guwahati
CYB-2026-10573,2026-09-25T03:31:00,SIM-Swap,25000,Jaipur
CYB-2026-10574,2026-09-13T21:23:00,Loan-App Fraud,8000,Kolkata
CYB-2026-10575,2026-09-07T07:56:00,Investment Fraud,75000,Nagpur
CYB-2026-10576,2026-09-11T06:59:00,Romance Scam,48000,Kolkata
CYB-2026-10577,2026-09-09T20:17:00,Loan-App Fraud,120000,Bengaluru Urban
CYB-2026-10578,2026-09-01T18:52:00,SIM-Swap,5000,Patna
CYB-2026-10579,2026-09-25T22:24:00,OTP Fraud,48000,Mumbai City
CYB-2026-10580,2026-09-13T10:08:00,Job Fraud,250000,Mumbai Suburban
CYB-2026-10581,2026-09-18T18:56:00,Romance Scam,8000,Ahmedabad
CYB-2026-10582,2026-09-20T18:10:00,Loan-App Fraud,250000,Lucknow
CYB-2026-10583,2026-09-04T17:24:00,Investment Fraud,2000,Pune
CYB-2026-10584,2026-09-30T05:20:00,Job Fraud,48000,Pune
CYB-2026-10585,2026-09-11T05:34:00,SIM-Swap,5000,Chennai
CYB-2026-10586,2026-09-26T08:23:00,Loan-App Fraud,75000,Chennai
CYB-2026-10587,2026-09-04T14:34:00,Job Fraud,120000,Nagpur
CYB-2026-10588,2026-09-22T15:06:00,Loan-App Fraud,8000,Guwahati
CYB-2026-10589,2026-09-20T12:42:00,Romance Scam,120000,Indore
CYB-2026-10590,2026-09-28T18:54:00,Job Fraud,5000,Chandigarh
CYB-2026-10591,2026-09-28T16:50:00,Investment Fraud,48000,Central Delhi
CYB-2026-10592,2026-09-03T07:53:00,Romance Scam,2000,Lucknow
CYB-2026-10593,2026-09-16T07:53:00,OTP Fraud,75000,Guwahati
CYB-2026-10594,2026-09-22T07:50:00,Loan-App Fraud,5000,Mumbai City
CYB-2026-10595,2026-09-03T01:42:00,Romance Scam,75000,Chennai
CYB-2026-10596,2026-09-23T22:56:00,OTP Fraud,5000,Chandigarh
CYB-2026-10597,2026-09-30T20:17:00,Romance Scam,8000,Mumbai Suburban
CYB-2026-10598,2026-09-26T18:32:00,Loan-App Fraud,2000,Pune
CYB-2026-10599,2026-09-06T05:11:00,Romance Scam,5000,Bengaluru Urban
CYB-2026-10600,2026-09-30T09:17:00,Loan-App Fraud,15000,Lucknow
CYB-2026-10601,2026-09-20T11:56:00,SIM-Swap,25000,Kolkata
CYB-2026-10602,2026-09-13T01:23:00,SIM-Swap,8000,South Delhi
CYB-2026-10603,2026-09-22T21:22:00,Romance Scam,250000,Bengaluru Urban
CYB-2026-10604,2026-09-19T17:52:00,SIM-Swap,25000,Guwahati
CYB-2026-10605,2026-09-20T08:56:00,Loan-App Fraud,250000,Bengaluru Urban
CYB-2026-10606,2026-09-22T00:04:00,SIM-Swap,75000,Bhopal
CYB-2026-10607,2026-09-08T15:39:00,Job Fraud,250000,Bhopal
CYB-2026-10608,2026-09-05T23:14:00,Romance Scam,120000,Nagpur
CYB-2026-10609,2026-09-19T06:19:00,SIM-Swap,2000,Ahmedabad
CYB-2026-10610,2026-09-02T17:41:00,Romance Scam,2000,Central Delhi
CYB-2026-10611,2026-09-27T13:10:00,OTP Fraud,75000,Pune
CYB-2026-10612,2026-09-29T19:11:00,Romance Scam,25000,Indore
CYB-2026-10613,2026-09-21T21:34:00,Loan-App Fraud,48000,Bengaluru Urban
CYB-2026-10614,2026-09-07T19:02:00,OTP Fraud,2000,Surat
CYB-2026-10615,2026-09-10T17:09:00,Investment Fraud,75000,Mumbai Suburban
CYB-2026-10616,2026-09-28T20:37:00,SIM-Swap,2000,Mumbai Suburban
CYB-2026-10617,2026-09-08T04:24:00,Job Fraud,15000,Ahmedabad
CYB-2026-10618,2026-09-17T02:42:00,OTP Fraud,250000,Jaipur
CYB-2026-10619,2026-09-15T10:20:00,Job Fraud,8000,Hyderabad
CYB-2026-10620,2026-09-21T16:52:00,OTP Fraud,8000,South Delhi
CYB-2026-10621,2026-09-18T03:57:00,SIM-Swap,48000,Pune
CYB-2026-10622,2026-09-10T21:45:00,Job Fraud,250000,Hyderabad
CYB-2026-10623,2026-09-10T06:25:00,Investment Fraud,15000,South Delhi
CYB-2026-10624,2026-09-03T00:43:00,Job Fraud,48000,Central Delhi
CYB-2026-10625,2026-09-23T17:22:00,Investment Fraud,2000,Patna
CYB-2026-10626,2026-09-09T22:47:00,OTP Fraud,48000,Indore
CYB-2026-10627,2026-09-29T03:17:00,Investment Fraud,75000,Kolkata
CYB-2026-10628,2026-09-05T00:26:00,Investment Fraud,48000,Indore
CYB-2026-10629,2026-09-25T06:19:00,Job Fraud,250000,Lucknow
CYB-2026-10630,2026-09-09T19:17:00,Romance Scam,5000,Kolkata
CYB-2026-10631,2026-09-17T06:25:00,Romance Scam,25000,Mumbai Suburban
CYB-2026-10632,2026-09-23T17:09:00,Job Fraud,250000,Bhopal
CYB-2026-10633,2026-09-04T05:55:00,Loan-App Fraud,250000,Mumbai Suburban
CYB-2026-10634,2026-09-28T09:19:00,SIM-Swap,25000,Central Delhi
CYB-2026-10635,2026-09-09T18:37:00,Loan-App Fraud,48000,Chandigarh
CYB-2026-10636,2026-09-27T18:57:00,Romance Scam,2000,Kochi
CYB-2026-10637,2026-09-16T12:38:00,SIM-Swap,120000,Kochi
CYB-2026-10638,2026-09-23T07:02:00,Job Fraud,5000,Kolkata
CYB-2026-10639,2026-09-10T15:20:00,Investment Fraud,5000,Hyderabad
CYB-2026-10640,2026-09-27T14:59:00,OTP Fraud,250000,Lucknow
CYB-2026-10641,2026-09-14T10:31:00,Job Fraud,250000,Bengaluru Urban
CYB-2026-10642,2026-09-01T06:42:00,Investment Fraud,2000,Kolkata
CYB-2026-10643,2026-09-12T13:40:00,Investment Fraud,75000,Bhopal
CYB-2026-10644,2026-09-27T00:56:00,Investment Fraud,120000,Indore
CYB-2026-10645,2026-09-02T10:51:00,Job Fraud,75000,Mumbai City
CYB-2026-10646,2026-09-03T16:28:00,Investment Fraud,75000,Pune
CYB-2026-10647,2026-09-03T15:54:00,Job Fraud,15000,Guwahati
CYB-2026-10648,2026-09-01T13:02:00,Investment Fraud,120000,Nagpur
CYB-2026-10649,2026-09-13T02:17:00,Job Fraud,120000,Nagpur
CYB-2026-10650,2026-09-10T08:50:00,Job Fraud,120000,Kochi
CYB-2026-10651,2026-09-22T01:15:00,Investment Fraud,5000,Surat
CYB-2026-10652,2026-10-01T02:26:00,Loan-App Fraud,8000,Ahmedabad
CYB-2026-10653,2026-10-01T05:42:00,Job Fraud,250000,Kolkata
CYB-2026-10654,2026-09-11T19:04:00,Loan-App Fraud,5000,Mumbai Suburban
CYB-2026-10655,2026-09-02T22:52:00,OTP Fraud,5000,Chandigarh
CYB-2026-10656,2026-09-23T14:24:00,Investment Fraud,120000,Jaipur
CYB-2026-10657,2026-09-16T18:08:00,OTP Fraud,8000,Guwahati
CYB-2026-10658,2026-09-24T18:58:00,Loan-App Fraud,25000,Mumbai Suburban
CYB-2026-10659,2026-09-12T05:40:00,Job Fraud,250000,Nagpur
CYB-2026-10660,2026-09-07T14:08:00,OTP Fraud,15000,Indore
CYB-2026-10661,2026-09-13T13:28:00,Loan-App Fraud,2000,Mumbai Suburban
CYB-2026-10662,2026-09-02T01:45:00,Romance Scam,250000,Kochi
CYB-2026-10663,2026-09-12T02:08:00,OTP Fraud,15000,Mumbai City
CYB-2026-10664,2026-09-09T11:15:00,Romance Scam,25000,South Delhi
CYB-2026-10665,2026-09-11T06:36:00,Investment Fraud,120000,Jaipur
CYB-2026-10666,2026-09-10T20:12:00,Job Fraud,5000,Ahmedabad
CYB-2026-10667,2026-09-03T23:13:00,OTP Fraud,25000,Nagpur
CYB-2026-10668,2026-09-25T21:30:00,OTP Fraud,48000,Central Delhi
CYB-2026-10669,2026-09-06T05:17:00,OTP Fraud,250000,Patna
CYB-2026-10670,2026-09-13T17:42:00,Investment Fraud,5000,Chennai
CYB-2026-10671,2026-09-23T02:30:00,Investment Fraud,250000,Hyderabad
CYB-2026-10672,2026-10-01T00:59:00,OTP Fraud,2000,Bengaluru Urban
CYB-2026-10673,2026-09-04T18:37:00,OTP Fraud,250000,Chandigarh
CYB-2026-10674,2026-09-07T18:16:00,Investment Fraud,2000,Lucknow
CYB-2026-10675,2026-09-27T17:08:00,Job Fraud,48000,Hyderabad
CYB-2026-10676,2026-09-20T06:39:00,SIM-Swap,250000,Mumbai Suburban
CYB-2026-10677,2026-09-11T18:11:00,Investment Fraud,120000,Lucknow
CYB-2026-10678,2026-09-07T12:53:00,SIM-Swap,25000,Jaipur
CYB-2026-10679,2026-09-13T05:40:00,Romance Scam,250000,Kochi
CYB-2026-10680,2026-09-28T04:03:00,Investment Fraud,5000,South Delhi
CYB-2026-10681,2026-09-05T01:31:00,Job Fraud,8000,Central Delhi
CYB-2026-10682,2026-09-24T19:26:00,Job Fraud,250000,Surat
CYB-2026-10683,2026-09-14T05:04:00,Investment Fraud,8000,Mumbai Suburban
CYB-2026-10684,2026-09-25T19:38:00,OTP Fraud,250000,Hyderabad
CYB-2026-10685,2026-09-14T16:09:00,Romance Scam,5000,Mumbai Suburban
CYB-2026-10686,2026-09-21T21:18:00,Investment Fraud,250000,Mumbai City
CYB-2026-10687,2026-09-09T18:22:00,Romance Scam,120000,Jaipur
CYB-2026-10688,2026-09-03T00:23:00,Loan-App Fraud,75000,Kolkata
CYB-2026-10689,2026-09-25T23:33:00,Investment Fraud,120000,Jaipur
CYB-2026-10690,2026-09-07T01:52:00,SIM-Swap,120000,Kochi
CYB-2026-10691,2026-09-20T14:25:00,Romance Scam,75000,Kolkata
CYB-2026-10692,2026-09-06T06:29:00,SIM-Swap,48000,Pune
CYB-2026-10693,2026-09-24T20:30:00,OTP Fraud,15000,Ahmedabad
CYB-2026-10694,2026-09-20T01:32:00,Investment Fraud,15000,Indore
CYB-2026-10695,2026-09-05T02:45:00,Investment Fraud,5000,Mumbai City
CYB-2026-10696,2026-09-22T16:53:00,Job Fraud,75000,Jaipur
CYB-2026-10697,2026-09-11T10:44:00,Romance Scam,2000,Patna
CYB-2026-10698,2026-09-28T06:09:00,Romance Scam,15000,Mumbai City
CYB-2026-10699,2026-09-02T21:52:00,Loan-App Fraud,48000,Surat
CYB-2026-10700,2026-09-04T22:56:00,SIM-Swap,5000,Bhopal
CYB-2026-10701,2026-09-03T00:39:00,OTP Fraud,75000,Kochi
CYB-2026-10702,2026-09-13T14:07:00,Investment Fraud,250000,Lucknow
CYB-2026-10703,2026-09-15T17:00:00,OTP Fraud,75000,Bengaluru Urban
CYB-2026-10704,2026-09-22T13:56:00,Job Fraud,8000,Mumbai City
CYB-2026-10705,2026-09-12T20:15:00,Romance Scam,250000,Indore
CYB-2026-10706,2026-09-22T19:05:00,SIM-Swap,15000,Bengaluru Urban
CYB-2026-10707,2026-09-15T23:10:00,OTP Fraud,5000,South Delhi
CYB-2026-10708,2026-09-18T10:07:00,Romance Scam,75000,Kochi
CYB-2026-10709,2026-09-06T17:20:00,SIM-Swap,250000,Bhopal
CYB-2026-10710,2026-09-01T17:39:00,SIM-Swap,15000,Chandigarh
CYB-2026-10711,2026-09-23T00:54:00,SIM-Swap,75000,South Delhi
CYB-2026-10712,2026-09-26T01:55:00,SIM-Swap,5000,South Delhi
CYB-2026-10713,2026-09-05T16:28:00,Investment Fraud,250000,Kolkata
CYB-2026-10714,2026-09-07T23:07:00,Job Fraud,25000,Mumbai City
CYB-2026-10715,2026-09-06T14:34:00,Investment Fraud,48000,Chandigarh
CYB-2026-10716,2026-09-15T09:08:00,Loan-App Fraud,2000,Patna
CYB-2026-10717,2026-09-27T14:05:00,Investment Fraud,48000,Ahmedabad
CYB-2026-10718,2026-09-24T18:44:00,OTP Fraud,8000,Kochi
CYB-2026-10719,2026-09-08T11:23:00,OTP Fraud,75000,Kochi
CYB-2026-10720,2026-09-21T01:06:00,Job Fraud,75000,Kochi
CYB-2026-10721,2026-09-06T03:48:00,Job Fraud,75000,Bhopal
CYB-2026-10722,2026-09-05T08:44:00,OTP Fraud,25000,Pune
CYB-2026-10723,2026-09-12T09:18:00,SIM-Swap,8000,Indore
CYB-2026-10724,2026-09-18T21:20:00,OTP Fraud,8000,Lucknow
CYB-2026-10725,2026-09-27T22:32:00,SIM-Swap,2000,Chennai
CYB-2026-10726,2026-09-24T00:04:00,Loan-App Fraud,15000,South Delhi
CYB-2026-10727,2026-09-09T10:04:00,Romance Scam,8000,Patna
CYB-2026-10728,2026-09-15T00:54:00,OTP Fraud,75000,Kolkata
CYB-2026-10729,2026-09-25T10:46:00,Romance Scam,75000,Mumbai City
CYB-2026-10730,2026-09-17T22:58:00,Romance Scam,2000,Nagpur
CYB-2026-10731,2026-09-25T10:17:00,OTP Fraud,75000,Chennai
CYB-2026-10732,2026-09-25T01:51:00,Loan-App Fraud,120000,South Delhi
CYB-2026-10733,2026-09-19T11:42:00,Romance Scam,2000,Bengaluru Urban
CYB-2026-10734,2026-09-13T18:08:00,Romance Scam,8000,Kolkata
CYB-2026-10735,2026-09-16T00:33:00,SIM-Swap,15000,Mumbai City
CYB-2026-10736,2026-09-21T11:23:00,Investment Fraud,8000,Chandigarh
CYB-2026-10737,2026-09-27T20:54:00,Job Fraud,8000,Nagpur
CYB-2026-10738,2026-09-05T15:55:00,OTP Fraud,75000,Hyderabad
CYB-2026-10739,2026-09-20T06:45:00,Loan-App Fraud,25000,Lucknow
CYB-2026-10740,2026-09-19T10:57:00,Loan-App Fraud,25000,Central Delhi
CYB-2026-10741,2026-09-04T21:56:00,Job Fraud,75000,Central Delhi
CYB-2026-10742,2026-09-22T02:00:00,Loan-App Fraud,48000,Chennai
CYB-2026-10743,2026-09-21T10:35:00,Job Fraud,15000,Bengaluru Urban
CYB-2026-10744,2026-09-19T17:50:00,SIM-Swap,250000,Kochi
CYB-2026-10745,2026-09-03T23:18:00,Romance Scam,25000,Patna
CYB-2026-10746,2026-09-10T19:28:00,Romance Scam,25000,Mumbai Suburban
CYB-2026-10747,2026-09-07T14:56:00,OTP Fraud,8000,Guwahati
CYB-2026-10748,2026-09-07T02:24:00,SIM-Swap,8000,Nagpur
CYB-2026-10749,2026-09-19T17:17:00,Job Fraud,120000,Nagpur
CYB-2026-10750,2026-09-30T18:12:00,Romance Scam,8000,Guwahati
CYB-2026-10751,2026-09-30T07:33:00,Job Fraud,2000,Guwahati
CYB-2026-10752,2026-09-25T17:20:00,Job Fraud,5000,South Delhi
CYB-2026-10753,2026-09-03T01:56:00,Loan-App Fraud,25000,Indore
CYB-2026-10754,2026-09-10T04:32:00,OTP Fraud,120000,Mumbai Suburban
CYB-2026-10755,2026-09-22T00:21:00,Job Fraud,2000,Kolkata
CYB-2026-10756,2026-09-26T19:03:00,SIM-Swap,250000,Jaipur
CYB-2026-10757,2026-09-16T20:01:00,Romance Scam,250000,Bengaluru Urban
CYB-2026-10758,2026-09-10T19:41:00,Job Fraud,8000,Lucknow
CYB-2026-10759,2026-09-28T08:08:00,SIM-Swap,75000,Kolkata
CYB-2026-10760,2026-09-21T17:12:00,Investment Fraud,25000,Bhopal
CYB-2026-10761,2026-09-26T15:33:00,Investment Fraud,250000,Hyderabad
CYB-2026-10762,2026-09-23T09:58:00,SIM-Swap,15000,Kolkata
CYB-2026-10763,2026-09-20T01:57:00,SIM-Swap,8000,Pune
CYB-2026-10764,2026-09-15T12:55:00,OTP Fraud,48000,Chandigarh
CYB-2026-10765,2026-09-02T07:16:00,Job Fraud,8000,Mumbai Suburban
CYB-2026-10766,2026-09-14T02:43:00,Romance Scam,48000,Mumbai City
CYB-2026-10767,2026-09-30T17:36:00,Loan-App Fraud,48000,Chandigarh
CYB-2026-10768,2026-09-10T08:48:00,SIM-Swap,48000,Surat
CYB-2026-10769,2026-09-16T03:40:00,OTP Fraud,48000,Chennai
CYB-2026-10770,2026-09-06T20:28:00,Romance Scam,75000,Central Delhi
CYB-2026-10771,2026-09-24T18:09:00,SIM-Swap,5000,Bengaluru Urban
CYB-2026-10772,2026-09-17T15:03:00,Job Fraud,120000,Kolkata
CYB-2026-10773,2026-09-05T02:14:00,SIM-Swap,75000,Kochi
CYB-2026-10774,2026-09-07T15:09:00,Loan-App Fraud,120000,South Delhi
CYB-2026-10775,2026-09-09T12:22:00,SIM-Swap,48000,Mumbai Suburban
CYB-2026-10776,2026-09-02T13:07:00,Investment Fraud,120000,South Delhi
CYB-2026-10777,2026-09-01T06:47:00,SIM-Swap,25000,Kochi
CYB-2026-10778,2026-09-10T04:23:00,Job Fraud,8000,Chennai
CYB-2026-10779,2026-09-28T03:17:00,Romance Scam,250000,Guwahati
CYB-2026-10780,2026-09-08T14:49:00,Loan-App Fraud,75000,Lucknow
CYB-2026-10781,2026-09-13T23:04:00,OTP Fraud,250000,Lucknow
CYB-2026-10782,2026-09-20T15:52:00,Investment Fraud,2000,Indore
CYB-2026-10783,2026-09-10T02:51:00,Job Fraud,8000,Chennai
CYB-2026-10784,2026-09-17T18:07:00,Job Fraud,250000,Chennai
CYB-2026-10785,2026-09-03T11:25:00,Investment Fraud,75000,Jaipur
CYB-2026-10786,2026-09-19T01:20:00,Loan-App Fraud,8000,Bhopal
CYB-2026-10787,2026-09-24T22:39:00,OTP Fraud,25000,Guwahati
CYB-2026-10788,2026-09-21T22:17:00,Job Fraud,8000,Mumbai City
CYB-2026-10789,2026-09-28T16:58:00,SIM-Swap,48000,Chennai
CYB-2026-10790,2026-09-20T08:21:00,Investment Fraud,25000,Ahmedabad
CYB-2026-10791,2026-09-05T17:40:00,SIM-Swap,5000,Mumbai Suburban
CYB-2026-10792,2026-09-25T00:59:00,Job Fraud,2000,Patna
CYB-2026-10793,2026-09-16T21:47:00,SIM-Swap,48000,Chennai
CYB-2026-10794,2026-09-19T12:20:00,SIM-Swap,48000,Bengaluru Urban
CYB-2026-10795,2026-09-23T21:04:00,Job Fraud,8000,Patna
CYB-2026-10796,2026-09-09T21:18:00,OTP Fraud,25000,Guwahati
CYB-2026-10797,2026-09-17T08:26:00,Job Fraud,75000,Pune
CYB-2026-10798,2026-09-23T18:07:00,OTP Fraud,15000,Chennai
CYB-2026-10799,2026-09-20T02:46:00,Romance Scam,250000,Indore
CYB-2026-10800,2026-09-07T08:54:00,SIM-Swap,48000,Chennai
CYB-2026-10801,2026-09-30T14:28:00,SIM-Swap,250000,Chennai
CYB-2026-10802,2026-09-03T20:51:00,SIM-Swap,48000,Kochi
CYB-2026-10803,2026-09-19T06:48:00,Loan-App Fraud,15000,Chandigarh
CYB-2026-10804,2026-09-29T04:29:00,OTP Fraud,5000,Guwahati
CYB-2026-10805,2026-09-27T08:57:00,Romance Scam,75000,Bhopal
CYB-2026-10806,2026-09-30T01:24:00,SIM-Swap,5000,Lucknow
CYB-2026-10807,2026-09-18T18:15:00,Investment Fraud,25000,Central Delhi
CYB-2026-10808,2026-09-25T17:11:00,OTP Fraud,5000,Jaipur
CYB-2026-10809,2026-09-26T11:37:00,OTP Fraud,5000,Lucknow
CYB-2026-10810,2026-09-28T03:40:00,Romance Scam,5000,Guwahati
CYB-2026-10811,2026-09-19T15:32:00,Romance Scam,75000,Patna
CYB-2026-10812,2026-09-15T05:27:00,OTP Fraud,250000,Bengaluru Urban
CYB-2026-10813,2026-09-18T03:02:00,Job Fraud,2000,Hyderabad
CYB-2026-10814,2026-09-01T23:01:00,Job Fraud,2000,Patna
CYB-2026-10815,2026-09-19T13:02:00,Investment Fraud,2000,Pune
CYB-2026-10816,2026-09-23T11:15:00,Loan-App Fraud,25000,Nagpur
CYB-2026-10817,2026-09-04T06:38:00,Romance Scam,8000,Indore
CYB-2026-10818,2026-09-05T04:29:00,Loan-App Fraud,250000,Kochi
CYB-2026-10819,2026-09-21T02:10:00,Loan-App Fraud,48000,Chandigarh
CYB-2026-10820,2026-09-16T18:50:00,Loan-App Fraud,25000,Bengaluru Urban
CYB-2026-10821,2026-09-12T10:27:00,OTP Fraud,250000,Jaipur
CYB-2026-10822,2026-09-08T23:35:00,SIM-Swap,48000,Ahmedabad
CYB-2026-10823,2026-09-11T11:14:00,OTP Fraud,2000,Surat
CYB-2026-10824,2026-09-16T22:59:00,Investment Fraud,120000,Kochi
CYB-2026-10825,2026-09-19T22:14:00,Romance Scam,250000,Chennai
CYB-2026-10826,2026-09-07T07:23:00,Romance Scam,250000,Hyderabad
CYB-2026-10827,2026-09-07T16:22:00,Romance Scam,120000,Mumbai Suburban
CYB-2026-10828,2026-09-30T10:24:00,Loan-App Fraud,75000,Surat
CYB-2026-10829,2026-09-02T20:33:00,SIM-Swap,5000,Mumbai City
CYB-2026-10830,2026-09-17T18:25:00,OTP Fraud,48000,Surat
CYB-2026-10831,2026-09-19T21:28:00,Job Fraud,8000,Indore
CYB-2026-10832,2026-09-09T00:11:00,Romance Scam,2000,Surat
CYB-2026-10833,2026-09-10T05:19:00,OTP Fraud,48000,Jaipur
CYB-2026-10834,2026-09-24T22:27:00,Investment Fraud,2000,Kochi
CYB-2026-10835,2026-09-01T17:39:00,Job Fraud,2000,Jaipur
CYB-2026-10836,2026-09-07T06:33:00,Investment Fraud,48000,Kolkata
CYB-2026-10837,2026-09-05T05:26:00,Loan-App Fraud,5000,Central Delhi
CYB-2026-10838,2026-09-07T13:30:00,SIM-Swap,15000,Mumbai City
CYB-2026-10839,2026-09-29T17:09:00,Investment Fraud,250000,Hyderabad
CYB-2026-10840,2026-09-06T21:27:00,Loan-App Fraud,5000,Hyderabad
CYB-2026-10841,2026-09-12T04:59:00,Investment Fraud,250000,Central Delhi
CYB-2026-10842,2026-09-27T03:43:00,OTP Fraud,25000,Lucknow
CYB-2026-10843,2026-09-19T21:32:00,Investment Fraud,120000,Chandigarh
CYB-2026-10844,2026-09-09T02:43:00,Romance Scam,8000,Surat
CYB-2026-10845,2026-09-13T21:17:00,Job Fraud,15000,Hyderabad
CYB-2026-10846,2026-09-22T22:41:00,Investment Fraud,25000,Pune
CYB-2026-10847,2026-09-16T18:34:00,Investment Fraud,48000,Pune
CYB-2026-10848,2026-09-10T02:18:00,SIM-Swap,8000,Lucknow
CYB-2026-10849,2026-09-24T12:06:00,Investment Fraud,5000,Patna
CYB-2026-10850,2026-09-30T01:28:00,Loan-App Fraud,2000,Lucknow
CYB-2026-10851,2026-09-04T00:09:00,SIM-Swap,15000,Guwahati
CYB-2026-10852,2026-09-20T10:18:00,SIM-Swap,5000,Ahmedabad
CYB-2026-10853,2026-09-28T20:30:00,SIM-Swap,120000,Jaipur
CYB-2026-10854,2026-09-18T07:37:00,SIM-Swap,250000,Central Delhi
CYB-2026-10855,2026-09-07T06:02:00,SIM-Swap,120000,Mumbai City
CYB-2026-10856,2026-09-16T21:16:00,Romance Scam,5000,Kochi
CYB-2026-10857,2026-09-26T15:08:00,SIM-Swap,2000,South Delhi
CYB-2026-10858,2026-09-19T06:19:00,SIM-Swap,2000,Guwahati
CYB-2026-10859,2026-09-04T22:03:00,SIM-Swap,48000,Guwahati
CYB-2026-10860,2026-09-08T12:36:00,Romance Scam,15000,Nagpur
CYB-2026-10861,2026-09-10T08:36:00,Loan-App Fraud,25000,Hyderabad
CYB-2026-10862,2026-09-18T22:25:00,SIM-Swap,48000,Chandigarh
CYB-2026-10863,2026-09-02T16:04:00,OTP Fraud,2000,Central Delhi
CYB-2026-10864,2026-09-18T05:13:00,SIM-Swap,5000,Kolkata
CYB-2026-10865,2026-09-05T04:02:00,OTP Fraud,15000,Chandigarh
CYB-2026-10866,2026-09-20T00:28:00,Romance Scam,8000,Central Delhi
CYB-2026-10867,2026-09-03T06:11:00,SIM-Swap,75000,Indore
CYB-2026-10868,2026-09-26T07:51:00,Investment Fraud,250000,Pune
CYB-2026-10869,2026-09-16T09:30:00,Loan-App Fraud,48000,Chandigarh
CYB-2026-10870,2026-09-06T08:12:00,Romance Scam,250000,Indore
CYB-2026-10871,2026-09-26T05:03:00,Investment Fraud,75000,Guwahati
CYB-2026-10872,2026-09-10T18:33:00,Investment Fraud,250000,Mumbai Suburban
CYB-2026-10873,2026-09-16T20:49:00,Investment Fraud,75000,Ahmedabad
CYB-2026-10874,2026-09-25T18:45:00,Romance Scam,5000,Bhopal
CYB-2026-10875,2026-09-29T23:32:00,SIM-Swap,5000,Chandigarh
CYB-2026-10876,2026-09-02T12:50:00,SIM-Swap,250000,Chandigarh
CYB-2026-10877,2026-09-27T21:41:00,Investment Fraud,5000,Guwahati
CYB-2026-10878,2026-09-09T06:55:00,SIM-Swap,75000,South Delhi
CYB-2026-10879,2026-09-17T22:30:00,Romance Scam,75000,Central Delhi
CYB-2026-10880,2026-09-07T12:12:00,Loan-App Fraud,5000,Central Delhi
CYB-2026-10881,2026-09-03T01:25:00,Job Fraud,15000,Hyderabad
CYB-2026-10882,2026-09-13T08:25:00,SIM-Swap,250000,Central Delhi
CYB-2026-10883,2026-09-09T02:19:00,OTP Fraud,75000,Indore
CYB-2026-10884,2026-09-29T18:47:00,Loan-App Fraud,75000,Ahmedabad
CYB-2026-10885,2026-09-21T17:19:00,Romance Scam,15000,Pune
CYB-2026-10886,2026-09-05T02:40:00,Job Fraud,8000,South Delhi
CYB-2026-10887,2026-09-24T12:37:00,Romance Scam,120000,Patna
CYB-2026-10888,2026-09-12T03:30:00,Investment Fraud,15000,Ahmedabad
CYB-2026-10889,2026-09-27T17:25:00,Romance Scam,250000,Bengaluru Urban
CYB-2026-10890,2026-09-13T13:43:00,SIM-Swap,120000,Indore
CYB-2026-10891,2026-09-23T18:43:00,Investment Fraud,120000,Indore
CYB-2026-10892,2026-09-13T11:10:00,Job Fraud,8000,Mumbai Suburban
CYB-2026-10893,2026-09-26T09:36:00,Investment Fraud,48000,Chennai
CYB-2026-10894,2026-09-23T09:07:00,Investment Fraud,5000,Mumbai Suburban
CYB-2026-10895,2026-09-10T23:04:00,Romance Scam,15000,Mumbai Suburban
CYB-2026-10896,2026-09-23T14:52:00,SIM-Swap,75000,Guwahati
CYB-2026-10897,2026-09-11T04:02:00,Loan-App Fraud,48000,Ahmedabad
CYB-2026-10898,2026-09-17T14:41:00,Investment Fraud,75000,Central Delhi
CYB-2026-10899,2026-09-17T20:12:00,Romance Scam,2000,Chennai
CYB-2026-10900,2026-09-13T22:12:00,Romance Scam,8000,Chennai
CYB-2026-10901,2026-09-28T16:14:00,Loan-App Fraud,5000,Mumbai City
CYB-2026-10902,2026-09-12T10:18:00,Loan-App Fraud,2000,Lucknow
CYB-2026-10903,2026-09-28T23:09:00,Loan-App Fraud,48000,Surat
CYB-2026-10904,2026-09-19T05:27:00,Romance Scam,250000,Indore
CYB-2026-10905,2026-09-14T19:58:00,Investment Fraud,5000,Nagpur
CYB-2026-10906,2026-09-21T05:32:00,Loan-App Fraud,25000,Kochi
CYB-2026-10907,2026-09-30T23:43:00,Romance Scam,75000,Mumbai City
CYB-2026-10908,2026-09-19T14:38:00,Romance Scam,48000,Nagpur
CYB-2026-10909,2026-09-24T06:37:00,Job Fraud,5000,Pune
CYB-2026-10910,2026-09-03T03:45:00,Loan-App Fraud,2000,Jaipur
CYB-2026-10911,2026-09-02T22:55:00,Loan-App Fraud,25000,Kochi
CYB-2026-10912,2026-09-22T14:11:00,Investment Fraud,25000,Surat
CYB-2026-10913,2026-09-03T14:01:00,Romance Scam,25000,Kolkata
CYB-2026-10914,2026-09-19T10:44:00,SIM-Swap,75000,Surat
CYB-2026-10915,2026-09-02T15:25:00,Romance Scam,48000,Ahmedabad
CYB-2026-10916,2026-09-08T11:52:00,Investment Fraud,48000,Surat
CYB-2026-10917,2026-09-17T12:12:00,SIM-Swap,5000,South Delhi
CYB-2026-10918,2026-09-08T23:36:00,Loan-App Fraud,75000,Kochi
CYB-2026-10919,2026-09-24T16:23:00,SIM-Swap,5000,Kochi
CYB-2026-10920,2026-09-15T04:40:00,Job Fraud,25000,Patna
CYB-2026-10921,2026-09-07T23:18:00,OTP Fraud,5000,Chandigarh
CYB-2026-10922,2026-09-30T13:45:00,OTP Fraud,250000,Surat
CYB-2026-10923,2026-09-18T23:30:00,Investment Fraud,8000,Kochi
CYB-2026-10924,2026-09-07T23:50:00,Investment Fraud,2000,Pune
CYB-2026-10925,2026-09-24T01:18:00,Romance Scam,15000,Hyderabad
CYB-2026-10926,2026-09-25T18:30:00,Investment Fraud,120000,South Delhi
CYB-2026-10927,2026-09-27T15:02:00,SIM-Swap,25000,Patna
CYB-2026-10928,2026-09-20T05:12:00,Job Fraud,2000,Guwahati
CYB-2026-10929,2026-09-26T18:29:00,Romance Scam,48000,Bengaluru Urban
CYB-2026-10930,2026-09-15T08:02:00,Investment Fraud,250000,Indore
CYB-2026-10931,2026-09-05T10:31:00,Investment Fraud,48000,Bengaluru Urban
CYB-2026-10932,2026-09-05T23:07:00,Romance Scam,250000,Patna
CYB-2026-10933,2026-09-18T00:54:00,SIM-Swap,15000,South Delhi
CYB-2026-10934,2026-09-15T14:14:00,OTP Fraud,120000,Mumbai City
CYB-2026-10935,2026-09-06T16:48:00,Investment Fraud,2000,Lucknow
CYB-2026-10936,2026-09-25T09:57:00,OTP Fraud,48000,Mumbai City
CYB-2026-10937,2026-09-06T09:50:00,Investment Fraud,5000,Kolkata
CYB-2026-10938,2026-10-01T04:36:00,Job Fraud,25000,Mumbai Suburban
CYB-2026-10939,2026-09-01T10:22:00,Job Fraud,5000,Kochi
CYB-2026-10940,2026-09-04T23:34:00,Loan-App Fraud,48000,Bengaluru Urban
CYB-2026-10941,2026-09-24T10:42:00,SIM-Swap,15000,Bhopal
CYB-2026-10942,2026-09-20T19:22:00,OTP Fraud,15000,Nagpur
CYB-2026-10943,2026-09-20T08:59:00,OTP Fraud,25000,Nagpur
CYB-2026-10944,2026-09-03T08:51:00,Loan-App Fraud,5000,Patna
CYB-2026-10945,2026-09-07T19:42:00,Romance Scam,8000,Mumbai Suburban
CYB-2026-10946,2026-09-13T17:10:00,Romance Scam,75000,South Delhi
CYB-2026-10947,2026-09-01T21:02:00,Romance Scam,120000,Guwahati
CYB-2026-10948,2026-09-21T04:33:00,Loan-App Fraud,8000,Central Delhi
CYB-2026-10949,2026-10-01T05:01:00,Investment Fraud,250000,Jaipur
CYB-2026-10950,2026-09-06T04:28:00,Loan-App Fraud,25000,Bhopal
CYB-2026-10951,2026-09-25T11:37:00,Loan-App Fraud,48000,Kochi
CYB-2026-10952,2026-09-04T13:18:00,SIM-Swap,5000,Indore
CYB-2026-10953,2026-09-10T18:22:00,Romance Scam,5000,Lucknow
CYB-2026-10954,2026-09-01T12:56:00,SIM-Swap,120000,Hyderabad
CYB-2026-10955,2026-09-02T11:22:00,Loan-App Fraud,5000,Surat
CYB-2026-10956,2026-09-04T00:55:00,Romance Scam,120000,Chennai
CYB-2026-10957,2026-09-20T09:08:00,SIM-Swap,5000,Mumbai City
CYB-2026-10958,2026-09-26T12:12:00,SIM-Swap,250000,Surat
CYB-2026-10959,2026-09-02T03:52:00,SIM-Swap,15000,Patna
CYB-2026-10960,2026-09-26T17:44:00,OTP Fraud,120000,Patna
CYB-2026-10961,2026-09-12T05:46:00,OTP Fraud,250000,Indore
CYB-2026-10962,2026-09-10T14:14:00,Romance Scam,8000,Chennai
CYB-2026-10963,2026-09-02T08:26:00,OTP Fraud,2000,Mumbai City
CYB-2026-10964,2026-09-02T10:13:00,Job Fraud,8000,Ahmedabad
CYB-2026-10965,2026-09-23T14:27:00,Investment Fraud,250000,Mumbai City
CYB-2026-10966,2026-09-13T03:23:00,SIM-Swap,15000,Patna
CYB-2026-10967,2026-09-24T12:53:00,Investment Fraud,15000,Lucknow
CYB-2026-10968,2026-09-02T00:33:00,Investment Fraud,250000,Bengaluru Urban
CYB-2026-10969,2026-09-09T07:49:00,SIM-Swap,250000,Kochi
CYB-2026-10970,2026-09-07T16:33:00,OTP Fraud,75000,Nagpur
CYB-2026-10971,2026-09-20T20:38:00,Job Fraud,15000,Mumbai Suburban
CYB-2026-10972,2026-09-14T11:25:00,Investment Fraud,2000,Bengaluru Urban
CYB-2026-10973,2026-09-24T05:49:00,Job Fraud,2000,Chennai
CYB-2026-10974,2026-09-30T08:02:00,Investment Fraud,2000,Jaipur
CYB-2026-10975,2026-09-05T13:18:00,OTP Fraud,120000,Guwahati
CYB-2026-10976,2026-09-15T22:49:00,SIM-Swap,15000,South Delhi
CYB-2026-10977,2026-09-26T09:31:00,Romance Scam,250000,Central Delhi
CYB-2026-10978,2026-09-01T20:19:00,Job Fraud,15000,Patna
CYB-2026-10979,2026-09-29T00:00:00,Investment Fraud,48000,Pune
CYB-2026-10980,2026-09-10T02:40:00,Romance Scam,8000,Bengaluru Urban
CYB-2026-10981,2026-09-14T15:04:00,SIM-Swap,8000,Guwahati
CYB-2026-10982,2026-09-05T14:50:00,SIM-Swap,5000,Pune
CYB-2026-10983,2026-09-02T11:47:00,OTP Fraud,75000,Pune
CYB-2026-10984,2026-09-23T08:10:00,OTP Fraud,120000,Bhopal
CYB-2026-10985,2026-09-25T06:30:00,OTP Fraud,120000,Hyderabad
CYB-2026-10986,2026-09-02T01:43:00,SIM-Swap,2000,Guwahati
CYB-2026-10987,2026-09-27T07:38:00,Job Fraud,75000,Nagpur
CYB-2026-10988,2026-09-07T22:29:00,Loan-App Fraud,48000,Surat
CYB-2026-10989,2026-09-20T19:32:00,Loan-App Fraud,75000,Surat
CYB-2026-10990,2026-09-30T11:09:00,OTP Fraud,120000,Bengaluru Urban
CYB-2026-10991,2026-09-30T20:10:00,Investment Fraud,15000,Guwahati
CYB-2026-10992,2026-09-02T14:42:00,Investment Fraud,250000,Pune
CYB-2026-10993,2026-09-07T21:09:00,SIM-Swap,15000,Guwahati
CYB-2026-10994,2026-09-29T17:48:00,Investment Fraud,2000,Central Delhi
CYB-2026-10995,2026-09-10T01:10:00,SIM-Swap,48000,Central Delhi
CYB-2026-10996,2026-09-15T21:02:00,SIM-Swap,2000,Chandigarh
CYB-2026-10997,2026-09-13T23:36:00,SIM-Swap,25000,Central Delhi
CYB-2026-10998,2026-09-16T22:20:00,Loan-App Fraud,2000,Indore
CYB-2026-10999,2026-09-25T12:45:00,Job Fraud,25000,Mumbai City
CYB-2026-11000,2026-09-16T22:32:00,Loan-App Fraud,75000,Mumbai Suburban
CYB-2026-11001,2026-09-23T19:29:00,Romance Scam,250000,Surat
CYB-2026-11002,2026-09-24T11:20:00,Investment Fraud,2000,Mumbai Suburban
CYB-2026-11003,2026-09-01T21:18:00,OTP Fraud,8000,Mumbai City
CYB-2026-11004,2026-09-11T19:00:00,Romance Scam,250000,Chennai
CYB-2026-11005,2026-09-30T05:23:00,SIM-Swap,75000,Patna
CYB-2026-11006,2026-09-01T22:53:00,Loan-App Fraud,48000,Central Delhi
CYB-2026-11007,2026-09-06T00:34:00,Romance Scam,25000,Patna
CYB-2026-11008,2026-09-07T00:34:00,Loan-App Fraud,2000,Lucknow
CYB-2026-11009,2026-09-07T03:58:00,SIM-Swap,25000,Nagpur
CYB-2026-11010,2026-09-05T10:07:00,Romance Scam,48000,Bengaluru Urban
CYB-2026-11011,2026-09-04T03:20:00,Job Fraud,120000,Kochi
CYB-2026-11012,2026-09-02T23:42:00,SIM-Swap,250000,Lucknow
CYB-2026-11013,2026-09-19T00:09:00,Investment Fraud,75000,Nagpur
CYB-2026-11014,2026-09-29T01:47:00,Investment Fraud,25000,Bengaluru Urban
CYB-2026-11015,2026-09-09T08:18:00,Romance Scam,48000,Patna
CYB-2026-11016,2026-09-06T02:00:00,Job Fraud,250000,Patna
CYB-2026-11017,2026-09-14T07:48:00,Romance Scam,25000,Chennai
CYB-2026-11018,2026-09-24T23:39:00,Loan-App Fraud,48000,Surat
CYB-2026-11019,2026-09-10T10:57:00,Investment Fraud,5000,Hyderabad
CYB-2026-11020,2026-09-22T00:45:00,Loan-App Fraud,75000,Nagpur
CYB-2026-11021,2026-09-25T05:23:00,Job Fraud,250000,Ahmedabad
CYB-2026-11022,2026-09-25T18:38:00,Romance Scam,120000,Kolkata
CYB-2026-11023,2026-09-14T08:36:00,Job Fraud,8000,Guwahati
CYB-2026-11024,2026-09-03T01:02:00,OTP Fraud,2000,Pune
CYB-2026-11025,2026-09-02T18:54:00,Romance Scam,250000,Hyderabad
CYB-2026-11026,2026-09-14T13:40:00,Romance Scam,75000,Pune
CYB-2026-11027,2026-09-01T13:44:00,SIM-Swap,25000,Nagpur
CYB-2026-11028,2026-09-22T07:55:00,Job Fraud,48000,Central Delhi
CYB-2026-11029,2026-09-07T10:11:00,Romance Scam,75000,Pune
CYB-2026-11030,2026-09-22T01:20:00,OTP Fraud,15000,Hyderabad
CYB-2026-11031,2026-09-29T05:32:00,Job Fraud,15000,Bhopal
CYB-2026-11032,2026-09-26T07:27:00,Job Fraud,8000,Chennai
CYB-2026-11033,2026-09-20T06:25:00,Investment Fraud,5000,Kochi
CYB-2026-11034,2026-09-21T05:16:00,Job Fraud,2000,Bengaluru Urban
CYB-2026-11035,2026-09-24T20:49:00,Job Fraud,15000,Pune
CYB-2026-11036,2026-09-13T07:47:00,OTP Fraud,250000,Kochi
CYB-2026-11037,2026-09-03T02:10:00,OTP Fraud,15000,Central Delhi
CYB-2026-11038,2026-09-05T12:12:00,Job Fraud,2000,Pune
CYB-2026-11039,2026-09-10T19:49:00,OTP Fraud,120000,Mumbai City
CYB-2026-11040,2026-09-22T04:49:00,SIM-Swap,75000,Chandigarh
CYB-2026-11041,2026-09-06T18:07:00,OTP Fraud,2000,Chandigarh
CYB-2026-11042,2026-09-18T13:22:00,Romance Scam,48000,Hyderabad
CYB-2026-11043,2026-09-08T01:58:00,Loan-App Fraud,25000,Patna
CYB-2026-11044,2026-09-28T09:12:00,Job Fraud,48000,Pune
CYB-2026-11045,2026-09-10T21:34:00,Loan-App Fraud,2000,Kolkata
CYB-2026-11046,2026-09-13T21:34:00,Romance Scam,2000,Bengaluru Urban
CYB-2026-11047,2026-09-14T05:47:00,SIM-Swap,2000,Chennai
CYB-2026-11048,2026-09-15T06:42:00,Romance Scam,5000,Ahmedabad
CYB-2026-11049,2026-09-26T12:08:00,OTP Fraud,2000,Mumbai Suburban
CYB-2026-11050,2026-09-23T12:06:00,OTP Fraud,8000,Bhopal
CYB-2026-11051,2026-09-06T04:09:00,SIM-Swap,48000,South Delhi
CYB-2026-11052,2026-09-17T16:26:00,Investment Fraud,250000,Kolkata
CYB-2026-11053,2026-09-26T19:02:00,OTP Fraud,2000,Lucknow
CYB-2026-11054,2026-09-08T00:39:00,Romance Scam,5000,Ahmedabad
CYB-2026-11055,2026-09-23T08:27:00,Job Fraud,120000,Mumbai Suburban
CYB-2026-11056,2026-09-12T14:17:00,Investment Fraud,5000,Lucknow
CYB-2026-11057,2026-09-20T02:49:00,OTP Fraud,75000,Nagpur
CYB-2026-11058,2026-09-15T22:03:00,Loan-App Fraud,75000,Bengaluru Urban
CYB-2026-11059,2026-09-08T18:22:00,Investment Fraud,75000,Pune
CYB-2026-11060,2026-09-26T02:06:00,OTP Fraud,5000,Chennai
CYB-2026-11061,2026-09-14T10:30:00,Job Fraud,250000,Central Delhi
CYB-2026-11062,2026-09-17T10:54:00,Romance Scam,250000,Guwahati
CYB-2026-11063,2026-09-26T21:24:00,Romance Scam,5000,Jaipur
CYB-2026-11064,2026-09-22T23:09:00,Job Fraud,2000,Kolkata
CYB-2026-11065,2026-09-23T17:58:00,OTP Fraud,250000,Chennai
CYB-2026-11066,2026-09-30T10:20:00,SIM-Swap,75000,Bengaluru Urban
CYB-2026-11067,2026-09-21T20:51:00,Investment Fraud,250000,Jaipur
CYB-2026-11068,2026-09-13T08:27:00,Loan-App Fraud,250000,Patna
CYB-2026-11069,2026-09-29T14:44:00,OTP Fraud,5000,Mumbai City
CYB-2026-11070,2026-09-19T19:14:00,SIM-Swap,2000,Lucknow
CYB-2026-11071,2026-09-02T05:57:00,SIM-Swap,8000,Ahmedabad
CYB-2026-11072,2026-09-27T01:33:00,OTP Fraud,75000,Patna
CYB-2026-11073,2026-09-27T08:07:00,Job Fraud,250000,South Delhi
CYB-2026-11074,2026-09-29T18:24:00,Romance Scam,75000,Kolkata
CYB-2026-11075,2026-09-03T11:50:00,Investment Fraud,5000,Mumbai Suburban
CYB-2026-11076,2026-09-24T16:09:00,OTP Fraud,25000,Lucknow
CYB-2026-11077,2026-09-18T09:03:00,Investment Fraud,75000,Kolkata
CYB-2026-11078,2026-09-15T18:21:00,Investment Fraud,15000,Hyderabad
CYB-2026-11079,2026-09-03T16:39:00,Loan-App Fraud,2000,Bhopal
CYB-2026-11080,2026-09-29T03:51:00,Investment Fraud,5000,Patna
CYB-2026-11081,2026-09-19T06:37:00,Job Fraud,120000,Kochi
CYB-2026-11082,2026-09-08T17:15:00,Investment Fraud,75000,Mumbai City
CYB-2026-11083,2026-09-17T04:40:00,Job Fraud,8000,Ahmedabad
CYB-2026-11084,2026-09-12T19:56:00,Romance Scam,25000,Ahmedabad
CYB-2026-11085,2026-09-21T18:20:00,OTP Fraud,120000,Patna
CYB-2026-11086,2026-09-04T13:29:00,Loan-App Fraud,120000,Ahmedabad
CYB-2026-11087,2026-09-28T23:03:00,Romance Scam,15000,Lucknow
CYB-2026-11088,2026-09-20T14:11:00,OTP Fraud,48000,Bengaluru Urban
CYB-2026-11089,2026-09-29T10:42:00,Job Fraud,15000,Chandigarh
CYB-2026-11090,2026-09-18T19:36:00,Job Fraud,75000,Surat
CYB-2026-11091,2026-09-28T11:24:00,OTP Fraud,250000,Patna
CYB-2026-11092,2026-09-08T02:52:00,OTP Fraud,5000,Indore
CYB-2026-11093,2026-09-01T22:16:00,OTP Fraud,8000,Chennai
CYB-2026-11094,2026-09-24T08:47:00,OTP Fraud,250000,Kochi
CYB-2026-11095,2026-09-14T10:03:00,Job Fraud,48000,Chennai
CYB-2026-11096,2026-09-02T20:05:00,OTP Fraud,2000,Hyderabad
CYB-2026-11097,2026-09-18T12:10:00,Job Fraud,120000,Mumbai City
CYB-2026-11098,2026-09-14T20:41:00,Investment Fraud,5000,Mumbai City
CYB-2026-11099,2026-09-10T10:58:00,Job Fraud,25000,Indore
CYB-2026-11100,2026-09-26T15:31:00,Romance Scam,250000,Guwahati
CYB-2026-11101,2026-09-05T05:00:00,OTP Fraud,8000,Bhopal
CYB-2026-11102,2026-09-16T12:34:00,Investment Fraud,250000,Lucknow
CYB-2026-11103,2026-09-05T10:22:00,Investment Fraud,75000,Pune
CYB-2026-11104,2026-09-23T08:57:00,Investment Fraud,2000,Lucknow
CYB-2026-11105,2026-09-19T21:50:00,Investment Fraud,25000,South Delhi
CYB-2026-11106,2026-09-24T18:23:00,SIM-Swap,8000,Bengaluru Urban
CYB-2026-11107,2026-09-17T05:51:00,OTP Fraud,250000,South Delhi
CYB-2026-11108,2026-09-03T05:38:00,SIM-Swap,48000,Chennai
CYB-2026-11109,2026-09-30T23:57:00,SIM-Swap,5000,Guwahati
CYB-2026-11110,2026-09-20T00:09:00,Loan-App Fraud,48000,Pune
CYB-2026-11111,2026-09-04T11:14:00,SIM-Swap,2000,Kolkata
CYB-2026-11112,2026-09-16T14:31:00,Loan-App Fraud,8000,Bhopal
CYB-2026-11113,2026-09-10T03:14:00,Job Fraud,250000,Jaipur
CYB-2026-11114,2026-09-03T15:58:00,Investment Fraud,120000,Chandigarh
CYB-2026-11115,2026-09-15T08:01:00,SIM-Swap,2000,Nagpur
CYB-2026-11116,2026-09-02T02:51:00,SIM-Swap,8000,Lucknow
CYB-2026-11117,2026-09-05T00:49:00,Investment Fraud,8000,Central Delhi
CYB-2026-11118,2026-09-16T14:22:00,OTP Fraud,15000,Bengaluru Urban
CYB-2026-11119,2026-09-09T22:54:00,SIM-Swap,8000,Chandigarh
CYB-2026-11120,2026-09-14T08:24:00,Romance Scam,15000,Jaipur
CYB-2026-11121,2026-10-01T00:16:00,Loan-App Fraud,48000,Nagpur
CYB-2026-11122,2026-09-03T22:47:00,OTP Fraud,75000,Kochi
CYB-2026-11123,2026-09-22T23:33:00,Romance Scam,25000,South Delhi
CYB-2026-11124,2026-09-16T11:00:00,Loan-App Fraud,48000,Central Delhi
CYB-2026-11125,2026-09-09T14:43:00,Investment Fraud,2000,Bengaluru Urban
CYB-2026-11126,2026-09-26T13:03:00,Job Fraud,75000,Guwahati
CYB-2026-11127,2026-09-16T10:54:00,Romance Scam,250000,Indore
CYB-2026-11128,2026-09-22T01:47:00,Loan-App Fraud,48000,Ahmedabad
CYB-2026-11129,2026-09-01T12:41:00,Job Fraud,8000,Hyderabad
CYB-2026-11130,2026-09-01T10:40:00,SIM-Swap,48000,Surat
CYB-2026-11131,2026-09-28T00:50:00,OTP Fraud,48000,Surat
CYB-2026-11132,2026-09-25T14:20:00,Romance Scam,15000,Mumbai City
CYB-2026-11133,2026-09-08T15:30:00,Romance Scam,2000,South Delhi
CYB-2026-11134,2026-09-13T22:28:00,Romance Scam,15000,Pune
CYB-2026-11135,2026-09-08T01:02:00,SIM-Swap,15000,Pune
CYB-2026-11136,2026-09-03T03:15:00,Loan-App Fraud,8000,Guwahati
CYB-2026-11137,2026-09-22T01:04:00,Romance Scam,120000,Ahmedabad
CYB-2026-11138,2026-09-03T02:38:00,Job Fraud,8000,Surat
CYB-2026-11139,2026-09-06T15:27:00,Loan-App Fraud,75000,Kochi
CYB-2026-11140,2026-09-19T04:21:00,SIM-Swap,8000,Mumbai City
CYB-2026-11141,2026-09-15T04:25:00,SIM-Swap,15000,Chennai
CYB-2026-11142,2026-09-12T21:19:00,Loan-App Fraud,15000,Bhopal
CYB-2026-11143,2026-09-25T13:03:00,OTP Fraud,120000,Nagpur
CYB-2026-11144,2026-09-27T05:34:00,Job Fraud,75000,Kolkata
CYB-2026-11145,2026-09-25T10:40:00,Investment Fraud,15000,Chennai
CYB-2026-11146,2026-09-26T21:43:00,Romance Scam,25000,Kochi
CYB-2026-11147,2026-09-28T07:30:00,SIM-Swap,250000,Patna
CYB-2026-11148,2026-09-01T14:39:00,SIM-Swap,48000,Nagpur
CYB-2026-11149,2026-09-09T12:29:00,Romance Scam,5000,Chennai
CYB-2026-11150,2026-09-30T20:41:00,Investment Fraud,250000,Surat
CYB-2026-11151,2026-09-11T12:51:00,Romance Scam,5000,Central Delhi
CYB-2026-11152,2026-09-05T10:54:00,Romance Scam,250000,Kolkata
CYB-2026-11153,2026-09-08T16:41:00,SIM-Swap,2000,Guwahati
CYB-2026-11154,2026-09-10T02:58:00,Loan-App Fraud,120000,Central Delhi
CYB-2026-11155,2026-09-16T01:30:00,Investment Fraud,250000,South Delhi
CYB-2026-11156,2026-09-06T20:48:00,SIM-Swap,15000,Patna
CYB-2026-11157,2026-09-24T19:54:00,Loan-App Fraud,75000,Bengaluru Urban
CYB-2026-11158,2026-09-08T00:02:00,Loan-App Fraud,8000,Pune
CYB-2026-11159,2026-09-20T16:12:00,Romance Scam,5000,Guwahati
CYB-2026-11160,2026-09-01T21:27:00,OTP Fraud,120000,Mumbai Suburban
CYB-2026-11161,2026-09-29T22:25:00,Romance Scam,75000,Kolkata
CYB-2026-11162,2026-09-06T01:55:00,SIM-Swap,25000,Kolkata
CYB-2026-11163,2026-09-19T16:23:00,Investment Fraud,2000,Patna
CYB-2026-11164,2026-09-23T15:09:00,Romance Scam,25000,Mumbai Suburban
CYB-2026-11165,2026-09-03T20:37:00,SIM-Swap,250000,Jaipur
CYB-2026-11166,2026-09-27T03:08:00,Investment Fraud,5000,Bengaluru Urban
CYB-2026-11167,2026-09-23T20:28:00,Job Fraud,48000,Bengaluru Urban
CYB-2026-11168,2026-09-30T22:11:00,Job Fraud,120000,Mumbai Suburban
CYB-2026-11169,2026-09-19T14:45:00,Job Fraud,120000,Indore
CYB-2026-11170,2026-09-07T06:01:00,Loan-App Fraud,120000,Patna
CYB-2026-11171,2026-09-15T07:15:00,SIM-Swap,15000,Mumbai Suburban
CYB-2026-11172,2026-09-03T07:53:00,Loan-App Fraud,8000,Mumbai Suburban
CYB-2026-11173,2026-09-03T12:32:00,SIM-Swap,2000,Pune
CYB-2026-11174,2026-09-05T07:14:00,Investment Fraud,75000,Hyderabad
CYB-2026-11175,2026-09-21T08:06:00,Romance Scam,5000,Mumbai Suburban
CYB-2026-11176,2026-09-10T15:24:00,Romance Scam,75000,Jaipur
CYB-2026-11177,2026-09-16T06:53:00,Investment Fraud,25000,Jaipur
CYB-2026-11178,2026-10-01T04:02:00,SIM-Swap,250000,Bengaluru Urban
CYB-2026-11179,2026-09-25T12:22:00,Job Fraud,250000,Surat
CYB-2026-11180,2026-09-16T02:58:00,Romance Scam,25000,Guwahati
CYB-2026-11181,2026-09-18T14:42:00,Investment Fraud,5000,Pune
CYB-2026-11182,2026-09-20T19:56:00,Job Fraud,5000,Surat
CYB-2026-11183,2026-09-18T03:12:00,Job Fraud,2000,Hyderabad
CYB-2026-11184,2026-09-19T18:05:00,Investment Fraud,15000,Mumbai Suburban
CYB-2026-11185,2026-09-03T12:44:00,Job Fraud,8000,Mumbai City
CYB-2026-11186,2026-09-03T09:15:00,Investment Fraud,8000,Bengaluru Urban
CYB-2026-11187,2026-09-10T13:16:00,Loan-App Fraud,2000,Chennai
CYB-2026-11188,2026-09-21T03:54:00,OTP Fraud,75000,Pune
CYB-2026-11189,2026-09-11T18:07:00,Loan-App Fraud,250000,Kolkata
CYB-2026-11190,2026-09-08T16:29:00,Loan-App Fraud,8000,Jaipur
CYB-2026-11191,2026-09-22T22:13:00,OTP Fraud,120000,Lucknow
CYB-2026-11192,2026-09-29T20:57:00,Romance Scam,8000,Lucknow
CYB-2026-11193,2026-09-21T19:00:00,Loan-App Fraud,5000,Bengaluru Urban
CYB-2026-11194,2026-09-29T04:51:00,SIM-Swap,2000,Mumbai City
CYB-2026-11195,2026-09-17T09:42:00,SIM-Swap,8000,Nagpur
CYB-2026-11196,2026-09-21T22:19:00,Job Fraud,8000,Bengaluru Urban
CYB-2026-11197,2026-09-28T03:38:00,Investment Fraud,75000,Hyderabad
CYB-2026-11198,2026-09-13T13:57:00,OTP Fraud,120000,Central Delhi
CYB-2026-11199,2026-09-21T15:32:00,SIM-Swap,120000,Kolkata
CYB-2026-11200,2026-09-21T20:05:00,Loan-App Fraud,120000,Kochi
CYB-2026-11201,2026-09-08T10:12:00,SIM-Swap,8000,Surat
CYB-2026-11202,2026-09-22T08:01:00,Loan-App Fraud,8000,Bhopal
CYB-2026-11203,2026-09-02T11:33:00,Job Fraud,250000,Lucknow
CYB-2026-11204,2026-09-08T09:31:00,Loan-App Fraud,5000,Mumbai City
CYB-2026-11205,2026-09-25T23:34:00,Romance Scam,75000,Indore
CYB-2026-11206,2026-09-27T04:36:00,Loan-App Fraud,250000,Kochi
CYB-2026-11207,2026-09-06T15:42:00,SIM-Swap,75000,Pune
CYB-2026-11208,2026-09-09T13:54:00,Loan-App Fraud,2000,Jaipur
CYB-2026-11209,2026-09-06T08:14:00,SIM-Swap,5000,Kochi
CYB-2026-11210,2026-09-26T06:15:00,OTP Fraud,2000,South Delhi
CYB-2026-11211,2026-09-08T14:10:00,Loan-App Fraud,250000,Lucknow
CYB-2026-11212,2026-09-26T10:11:00,Investment Fraud,8000,Bhopal
CYB-2026-11213,2026-09-11T00:16:00,Loan-App Fraud,120000,Bhopal
CYB-2026-11214,2026-09-01T06:53:00,OTP Fraud,5000,Hyderabad
CYB-2026-11215,2026-09-11T10:27:00,Job Fraud,48000,Bengaluru Urban
CYB-2026-11216,2026-09-29T21:11:00,Romance Scam,48000,Surat
CYB-2026-11217,2026-09-06T13:33:00,Romance Scam,120000,Guwahati
CYB-2026-11218,2026-09-29T02:04:00,Loan-App Fraud,48000,Surat
CYB-2026-11219,2026-09-01T15:51:00,SIM-Swap,120000,Jaipur
CYB-2026-11220,2026-09-15T02:36:00,Job Fraud,5000,Chandigarh
CYB-2026-11221,2026-09-04T16:12:00,Investment Fraud,250000,Hyderabad
CYB-2026-11222,2026-09-24T16:15:00,SIM-Swap,75000,Central Delhi
CYB-2026-11223,2026-09-26T00:35:00,OTP Fraud,8000,Kolkata
CYB-2026-11224,2026-09-26T07:54:00,Job Fraud,15000,Nagpur
CYB-2026-11225,2026-09-19T00:23:00,SIM-Swap,75000,Mumbai Suburban
CYB-2026-11226,2026-09-20T21:51:00,Investment Fraud,120000,Surat
CYB-2026-11227,2026-09-13T14:25:00,Loan-App Fraud,25000,Jaipur
CYB-2026-11228,2026-09-06T13:36:00,Loan-App Fraud,48000,Ahmedabad
CYB-2026-11229,2026-09-14T16:06:00,SIM-Swap,120000,Central Delhi
CYB-2026-11230,2026-09-25T13:40:00,Loan-App Fraud,15000,Lucknow
CYB-2026-11231,2026-09-07T01:30:00,Romance Scam,8000,Mumbai City
CYB-2026-11232,2026-09-30T11:49:00,Job Fraud,250000,Chennai
CYB-2026-11233,2026-09-24T02:42:00,OTP Fraud,48000,Kochi
CYB-2026-11234,2026-09-11T17:34:00,Romance Scam,48000,Hyderabad
CYB-2026-11235,2026-09-10T11:55:00,Job Fraud,2000,Lucknow
CYB-2026-11236,2026-09-10T09:35:00,OTP Fraud,15000,Guwahati
CYB-2026-11237,2026-09-25T23:26:00,Romance Scam,120000,Hyderabad
CYB-2026-11238,2026-09-10T22:19:00,SIM-Swap,48000,Chennai
CYB-2026-11239,2026-09-23T20:22:00,Romance Scam,5000,Kochi
CYB-2026-11240,2026-09-16T18:57:00,Investment Fraud,2000,Nagpur
CYB-2026-11241,2026-09-14T08:00:00,Investment Fraud,8000,Jaipur
CYB-2026-11242,2026-09-06T07:25:00,Job Fraud,2000,Bengaluru Urban
CYB-2026-11243,2026-09-04T23:30:00,Romance Scam,120000,Central Delhi
CYB-2026-11244,2026-09-25T01:39:00,Romance Scam,5000,Mumbai City
CYB-2026-11245,2026-09-25T18:28:00,Romance Scam,5000,Kolkata
CYB-2026-11246,2026-09-27T21:11:00,Romance Scam,15000,Chennai
CYB-2026-11247,2026-09-27T10:47:00,OTP Fraud,15000,Surat
CYB-2026-11248,2026-09-27T08:55:00,OTP Fraud,2000,Guwahati
CYB-2026-11249,2026-09-10T15:38:00,Romance Scam,75000,Mumbai City
CYB-2026-11250,2026-09-17T07:49:00,Loan-App Fraud,15000,Nagpur
CYB-2026-11251,2026-09-16T11:09:00,SIM-Swap,75000,Patna
CYB-2026-11252,2026-09-29T04:02:00,SIM-Swap,2000,Pune
CYB-2026-11253,2026-09-16T20:46:00,OTP Fraud,15000,Jaipur
CYB-2026-11254,2026-09-22T06:26:00,SIM-Swap,48000,Hyderabad
CYB-2026-11255,2026-09-07T09:51:00,OTP Fraud,120000,Hyderabad
CYB-2026-11256,2026-09-13T13:33:00,SIM-Swap,120000,Mumbai Suburban
CYB-2026-11257,2026-09-13T02:07:00,Romance Scam,2000,Surat
CYB-2026-11258,2026-09-25T17:14:00,Investment Fraud,120000,Pune
CYB-2026-11259,2026-09-04T05:00:00,Job Fraud,250000,Kochi
CYB-2026-11260,2026-09-21T16:58:00,Romance Scam,2000,Kolkata
CYB-2026-11261,2026-09-07T07:32:00,Romance Scam,48000,Kolkata
CYB-2026-11262,2026-09-07T08:18:00,Romance Scam,2000,Kolkata
CYB-2026-11263,2026-09-15T08:07:00,Job Fraud,5000,Pune
CYB-2026-11264,2026-09-27T09:19:00,Investment Fraud,75000,Hyderabad
CYB-2026-11265,2026-09-03T14:22:00,Job Fraud,2000,Hyderabad
CYB-2026-11266,2026-09-03T19:15:00,Loan-App Fraud,8000,South Delhi
CYB-2026-11267,2026-09-27T19:13:00,Job Fraud,2000,Central Delhi
CYB-2026-11268,2026-09-05T07:43:00,Romance Scam,15000,South Delhi
CYB-2026-11269,2026-09-13T23:06:00,SIM-Swap,75000,Mumbai Suburban
CYB-2026-11270,2026-09-14T14:10:00,Investment Fraud,8000,Bengaluru Urban
CYB-2026-11271,2026-09-10T17:27:00,OTP Fraud,8000,Bhopal
CYB-2026-11272,2026-09-17T14:13:00,Investment Fraud,250000,Ahmedabad
CYB-2026-11273,2026-09-23T01:09:00,Investment Fraud,250000,Bhopal
CYB-2026-11274,2026-09-07T04:40:00,Job Fraud,5000,Bhopal
CYB-2026-11275,2026-09-13T13:22:00,Romance Scam,120000,South Delhi
CYB-2026-11276,2026-09-10T17:20:00,OTP Fraud,15000,Central Delhi
CYB-2026-11277,2026-09-01T11:16:00,Job Fraud,2000,Guwahati
CYB-2026-11278,2026-09-10T10:08:00,Romance Scam,120000,Surat
CYB-2026-11279,2026-09-03T13:20:00,OTP Fraud,2000,Nagpur
CYB-2026-11280,2026-09-28T17:52:00,SIM-Swap,250000,Ahmedabad
CYB-2026-11281,2026-09-13T21:21:00,Loan-App Fraud,75000,Bhopal
CYB-2026-11282,2026-09-26T07:19:00,OTP Fraud,8000,Kolkata
CYB-2026-11283,2026-09-01T07:13:00,Investment Fraud,8000,Patna
CYB-2026-11284,2026-09-16T22:13:00,Loan-App Fraud,120000,Central Delhi
CYB-2026-11285,2026-09-29T20:19:00,OTP Fraud,8000,Lucknow
CYB-2026-11286,2026-09-05T03:07:00,OTP Fraud,8000,Indore
CYB-2026-11287,2026-09-20T16:38:00,SIM-Swap,5000,Ahmedabad
CYB-2026-11288,2026-09-11T11:05:00,Investment Fraud,25000,Jaipur
CYB-2026-11289,2026-09-17T21:42:00,OTP Fraud,120000,Hyderabad
CYB-2026-11290,2026-09-06T23:51:00,OTP Fraud,120000,Bengaluru Urban
CYB-2026-11291,2026-09-21T08:42:00,Job Fraud,75000,Indore
CYB-2026-11292,2026-09-01T22:25:00,Investment Fraud,2000,Bhopal
CYB-2026-11293,2026-09-18T11:19:00,SIM-Swap,250000,Pune
CYB-2026-11294,2026-09-09T01:56:00,Job Fraud,2000,Patna
CYB-2026-11295,2026-09-20T18:37:00,SIM-Swap,15000,Jaipur
CYB-2026-11296,2026-09-13T20:48:00,Job Fraud,75000,Indore
CYB-2026-11297,2026-09-05T09:30:00,Loan-App Fraud,8000,Ahmedabad
CYB-2026-11298,2026-09-30T11:04:00,OTP Fraud,250000,Patna
CYB-2026-11299,2026-09-28T18:09:00,Job Fraud,2000,Mumbai City
CYB-2026-11300,2026-09-05T18:01:00,Romance Scam,120000,Indore
CYB-2026-11301,2026-09-16T04:58:00,Job Fraud,48000,Central Delhi
CYB-2026-11302,2026-09-22T17:11:00,OTP Fraud,8000,Chandigarh
CYB-2026-11303,2026-09-29T06:21:00,OTP Fraud,120000,Pune
CYB-2026-11304,2026-09-03T02:02:00,Loan-App Fraud,120000,Bhopal
CYB-2026-11305,2026-09-02T16:22:00,Job Fraud,2000,Bengaluru Urban
CYB-2026-11306,2026-09-28T16:03:00,Romance Scam,75000,Indore
CYB-2026-11307,2026-09-07T17:08:00,Investment Fraud,5000,Lucknow
CYB-2026-11308,2026-09-25T00:54:00,SIM-Swap,25000,Bengaluru Urban
CYB-2026-11309,2026-09-01T17:09:00,OTP Fraud,25000,Mumbai Suburban
CYB-2026-11310,2026-09-26T06:48:00,Investment Fraud,75000,Jaipur
CYB-2026-11311,2026-09-23T13:50:00,Loan-App Fraud,250000,Surat
CYB-2026-11312,2026-09-07T08:20:00,OTP Fraud,15000,Surat
CYB-2026-11313,2026-09-08T05:40:00,OTP Fraud,25000,Jaipur
CYB-2026-11314,2026-09-10T12:21:00,Romance Scam,2000,Guwahati
CYB-2026-11315,2026-09-21T09:06:00,Loan-App Fraud,25000,Mumbai City
CYB-2026-11316,2026-09-09T17:05:00,Romance Scam,250000,Guwahati
CYB-2026-11317,2026-09-10T17:27:00,Investment Fraud,250000,Patna
CYB-2026-11318,2026-09-16T11:28:00,SIM-Swap,48000,Chennai
CYB-2026-11319,2026-09-15T13:16:00,OTP Fraud,15000,Lucknow
CYB-2026-11320,2026-09-27T22:49:00,OTP Fraud,2000,Chennai
CYB-2026-11321,2026-09-07T22:48:00,SIM-Swap,120000,Mumbai Suburban
CYB-2026-11322,2026-09-20T11:57:00,OTP Fraud,8000,South Delhi
CYB-2026-11323,2026-09-27T13:58:00,Romance Scam,2000,Hyderabad
CYB-2026-11324,2026-09-21T18:09:00,OTP Fraud,120000,Central Delhi
CYB-2026-11325,2026-09-14T12:04:00,OTP Fraud,15000,Hyderabad
CYB-2026-11326,2026-09-08T12:39:00,Romance Scam,25000,Chandigarh
CYB-2026-11327,2026-09-28T18:30:00,Loan-App Fraud,15000,Pune
CYB-2026-11328,2026-09-20T18:50:00,Job Fraud,2000,Pune
CYB-2026-11329,2026-09-28T00:22:00,Loan-App Fraud,120000,Kolkata
CYB-2026-11330,2026-09-05T22:48:00,SIM-Swap,8000,Nagpur
CYB-2026-11331,2026-09-27T07:14:00,Job Fraud,2000,Surat
CYB-2026-11332,2026-09-17T12:30:00,Loan-App Fraud,5000,South Delhi
CYB-2026-11333,2026-09-02T18:28:00,SIM-Swap,15000,Patna
CYB-2026-11334,2026-09-01T13:54:00,Loan-App Fraud,250000,Central Delhi
CYB-2026-11335,2026-09-15T11:56:00,Romance Scam,8000,South Delhi
CYB-2026-11336,2026-09-18T17:21:00,OTP Fraud,8000,Nagpur
CYB-2026-11337,2026-09-23T04:03:00,OTP Fraud,48000,Chennai
CYB-2026-11338,2026-09-11T15:39:00,Romance Scam,2000,Central Delhi
CYB-2026-11339,2026-09-05T19:37:00,Loan-App Fraud,5000,Jaipur
CYB-2026-11340,2026-09-12T16:30:00,SIM-Swap,8000,Pune
CYB-2026-11341,2026-09-09T10:58:00,Job Fraud,2000,Jaipur
CYB-2026-11342,2026-09-29T08:29:00,Investment Fraud,2000,Bengaluru Urban
CYB-2026-11343,2026-09-22T23:54:00,SIM-Swap,8000,Patna
CYB-2026-11344,2026-09-30T06:28:00,Loan-App Fraud,48000,Ahmedabad
CYB-2026-11345,2026-09-30T04:16:00,SIM-Swap,75000,Bengaluru Urban
CYB-2026-11346,2026-09-05T05:14:00,Investment Fraud,25000,Surat
CYB-2026-11347,2026-09-22T23:14:00,OTP Fraud,25000,South Delhi
CYB-2026-11348,2026-09-29T10:19:00,Job Fraud,8000,Pune
CYB-2026-11349,2026-09-02T05:13:00,Romance Scam,250000,Pune
CYB-2026-11350,2026-09-25T04:13:00,Loan-App Fraud,48000,Central Delhi
CYB-2026-11351,2026-09-10T06:31:00,Loan-App Fraud,75000,Mumbai Suburban
CYB-2026-11352,2026-09-06T13:02:00,Investment Fraud,15000,Chandigarh
CYB-2026-11353,2026-09-13T21:02:00,OTP Fraud,75000,Mumbai City
CYB-2026-11354,2026-09-08T22:15:00,OTP Fraud,25000,Indore
CYB-2026-11355,2026-09-10T04:29:00,Investment Fraud,250000,Patna
CYB-2026-11356,2026-09-13T08:47:00,SIM-Swap,5000,Central Delhi
CYB-2026-11357,2026-09-13T22:13:00,Romance Scam,15000,Lucknow
CYB-2026-11358,2026-09-13T04:05:00,Job Fraud,25000,Hyderabad
CYB-2026-11359,2026-09-11T21:24:00,Romance Scam,75000,Indore
CYB-2026-11360,2026-09-01T18:06:00,OTP Fraud,250000,Jaipur
CYB-2026-11361,2026-09-21T11:11:00,Loan-App Fraud,25000,Bhopal
CYB-2026-11362,2026-09-09T13:55:00,Loan-App Fraud,8000,Bhopal
CYB-2026-11363,2026-09-18T20:56:00,OTP Fraud,120000,Hyderabad
CYB-2026-11364,2026-09-30T05:33:00,OTP Fraud,25000,Surat
CYB-2026-11365,2026-09-02T14:29:00,Romance Scam,75000,Patna
CYB-2026-11366,2026-09-25T16:00:00,Job Fraud,8000,Kochi
CYB-2026-11367,2026-09-25T13:09:00,OTP Fraud,75000,Jaipur
CYB-2026-11368,2026-09-28T15:00:00,SIM-Swap,2000,Mumbai Suburban
CYB-2026-11369,2026-09-28T21:17:00,Investment Fraud,250000,Bengaluru Urban
CYB-2026-11370,2026-09-06T10:24:00,Loan-App Fraud,48000,Guwahati
CYB-2026-11371,2026-09-28T12:21:00,OTP Fraud,8000,Bhopal
CYB-2026-11372,2026-09-28T14:03:00,Loan-App Fraud,75000,Indore
CYB-2026-11373,2026-09-27T14:55:00,Job Fraud,48000,Surat
CYB-2026-11374,2026-09-06T08:41:00,SIM-Swap,75000,Mumbai Suburban
CYB-2026-11375,2026-09-29T16:33:00,Loan-App Fraud,5000,Chandigarh
CYB-2026-11376,2026-09-18T14:41:00,Job Fraud,8000,Kolkata
CYB-2026-11377,2026-09-11T00:46:00,Investment Fraud,75000,Nagpur
CYB-2026-11378,2026-09-21T16:16:00,SIM-Swap,2000,Pune
CYB-2026-11379,2026-09-25T11:56:00,OTP Fraud,120000,Ahmedabad
CYB-2026-11380,2026-09-19T10:58:00,SIM-Swap,75000,Pune
CYB-2026-11381,2026-09-19T19:22:00,Job Fraud,25000,Surat
CYB-2026-11382,2026-09-09T17:09:00,Investment Fraud,250000,Patna
CYB-2026-11383,2026-10-01T03:57:00,Job Fraud,8000,Surat
CYB-2026-11384,2026-09-01T19:29:00,Romance Scam,25000,Mumbai Suburban
CYB-2026-11385,2026-09-09T21:05:00,SIM-Swap,5000,Pune
CYB-2026-11386,2026-09-22T11:26:00,SIM-Swap,75000,Pune
CYB-2026-11387,2026-09-02T00:13:00,OTP Fraud,15000,Guwahati
CYB-2026-11388,2026-09-07T09:55:00,SIM-Swap,25000,Central Delhi
CYB-2026-11389,2026-09-29T13:48:00,OTP Fraud,25000,Indore
CYB-2026-11390,2026-09-29T19:53:00,Loan-App Fraud,2000,Chandigarh
CYB-2026-11391,2026-09-08T16:26:00,OTP Fraud,48000,Chennai
CYB-2026-11392,2026-09-30T11:37:00,Loan-App Fraud,8000,Mumbai City
CYB-2026-11393,2026-09-10T01:13:00,Romance Scam,15000,Chandigarh
CYB-2026-11394,2026-09-23T16:54:00,Investment Fraud,75000,Central Delhi
CYB-2026-11395,2026-09-26T14:47:00,SIM-Swap,48000,Mumbai City
CYB-2026-11396,2026-09-26T15:51:00,OTP Fraud,48000,Guwahati
CYB-2026-11397,2026-09-29T10:16:00,SIM-Swap,75000,Ahmedabad
CYB-2026-11398,2026-09-12T10:30:00,Job Fraud,2000,Jaipur
CYB-2026-11399,2026-09-02T08:21:00,Job Fraud,15000,Surat
CYB-2026-11400,2026-09-25T13:27:00,Romance Scam,250000,Central Delhi
CYB-2026-11401,2026-09-07T06:20:00,Romance Scam,15000,South Delhi
CYB-2026-11402,2026-09-26T15:54:00,Job Fraud,120000,South Delhi
CYB-2026-11403,2026-09-18T23:45:00,Loan-App Fraud,75000,Mumbai Suburban
CYB-2026-11404,2026-09-02T17:19:00,Romance Scam,25000,Chandigarh
CYB-2026-11405,2026-09-07T12:16:00,SIM-Swap,15000,Mumbai City
CYB-2026-11406,2026-09-07T06:28:00,Romance Scam,75000,Bengaluru Urban
CYB-2026-11407,2026-09-07T03:42:00,OTP Fraud,48000,Kochi
CYB-2026-11408,2026-09-25T09:53:00,Loan-App Fraud,5000,Bhopal
CYB-2026-11409,2026-09-28T22:26:00,OTP Fraud,25000,Lucknow
CYB-2026-11410,2026-09-19T02:37:00,Loan-App Fraud,2000,South Delhi
CYB-2026-11411,2026-09-16T05:46:00,Investment Fraud,15000,Guwahati
CYB-2026-11412,2026-09-28T10:12:00,Loan-App Fraud,48000,Pune
CYB-2026-11413,2026-09-02T15:17:00,Romance Scam,120000,Central Delhi
CYB-2026-11414,2026-09-01T10:46:00,SIM-Swap,5000,Chandigarh
CYB-2026-11415,2026-09-27T06:51:00,Romance Scam,2000,Ahmedabad
CYB-2026-11416,2026-09-17T21:04:00,Investment Fraud,15000,Mumbai Suburban
CYB-2026-11417,2026-09-26T10:49:00,OTP Fraud,15000,Hyderabad
CYB-2026-11418,2026-09-23T00:23:00,Loan-App Fraud,120000,Mumbai City
CYB-2026-11419,2026-09-23T01:15:00,SIM-Swap,15000,Pune
CYB-2026-11420,2026-09-19T05:12:00,Loan-App Fraud,120000,Patna
CYB-2026-11421,2026-09-12T02:17:00,Loan-App Fraud,8000,Central Delhi
CYB-2026-11422,2026-09-23T18:16:00,Investment Fraud,5000,Nagpur
CYB-2026-11423,2026-09-04T09:50:00,Job Fraud,15000,Indore
CYB-2026-11424,2026-09-29T17:07:00,Romance Scam,8000,Pune
CYB-2026-11425,2026-09-01T09:46:00,Romance Scam,15000,Indore
CYB-2026-11426,2026-09-14T18:57:00,SIM-Swap,2000,Pune
CYB-2026-11427,2026-09-20T19:20:00,OTP Fraud,8000,Central Delhi
CYB-2026-11428,2026-09-27T08:36:00,Investment Fraud,120000,Kolkata
CYB-2026-11429,2026-09-28T10:19:00,Investment Fraud,15000,Pune
CYB-2026-11430,2026-09-12T16:40:00,Loan-App Fraud,2000,Central Delhi
CYB-2026-11431,2026-09-23T21:37:00,Investment Fraud,25000,Bengaluru Urban
CYB-2026-11432,2026-09-04T18:08:00,SIM-Swap,15000,Kolkata
CYB-2026-11433,2026-09-10T00:35:00,Romance Scam,250000,Chennai
CYB-2026-11434,2026-09-19T11:45:00,Romance Scam,8000,Central Delhi
CYB-2026-11435,2026-09-16T04:01:00,Investment Fraud,48000,Kochi
CYB-2026-11436,2026-09-17T07:27:00,Romance Scam,25000,Lucknow
CYB-2026-11437,2026-09-10T10:11:00,Loan-App Fraud,250000,Bhopal
CYB-2026-11438,2026-09-08T06:04:00,Investment Fraud,15000,Guwahati
CYB-2026-11439,2026-09-22T21:30:00,Job Fraud,120000,Surat
CYB-2026-11440,2026-09-15T17:05:00,Investment Fraud,2000,Chandigarh
CYB-2026-11441,2026-09-27T20:24:00,Investment Fraud,250000,South Delhi
CYB-2026-11442,2026-09-16T08:46:00,Loan-App Fraud,250000,Kolkata
CYB-2026-11443,2026-09-22T04:44:00,Romance Scam,48000,Nagpur
CYB-2026-11444,2026-09-24T21:58:00,SIM-Swap,75000,Guwahati
CYB-2026-11445,2026-09-29T14:09:00,SIM-Swap,25000,Bengaluru Urban
CYB-2026-11446,2026-09-10T23:20:00,Job Fraud,5000,Ahmedabad
CYB-2026-11447,2026-09-16T17:14:00,Investment Fraud,25000,Bhopal
CYB-2026-11448,2026-09-02T21:13:00,OTP Fraud,75000,Lucknow
CYB-2026-11449,2026-09-20T09:32:00,Romance Scam,120000,Lucknow
CYB-2026-11450,2026-09-26T15:17:00,OTP Fraud,25000,Ahmedabad
CYB-2026-11451,2026-09-08T02:51:00,OTP Fraud,15000,Surat
CYB-2026-11452,2026-09-25T19:50:00,SIM-Swap,250000,Patna
CYB-2026-11453,2026-09-02T22:01:00,Job Fraud,5000,South Delhi
CYB-2026-11454,2026-09-21T02:56:00,Job Fraud,25000,Nagpur
CYB-2026-11455,2026-09-16T15:32:00,Loan-App Fraud,48000,Chandigarh
CYB-2026-11456,2026-09-15T17:39:00,OTP Fraud,120000,South Delhi
CYB-2026-11457,2026-09-25T16:58:00,Job Fraud,15000,Mumbai Suburban
CYB-2026-11458,2026-09-03T11:45:00,Investment Fraud,15000,Patna
CYB-2026-11459,2026-09-13T05:42:00,Investment Fraud,75000,Kochi
CYB-2026-11460,2026-09-21T20:48:00,Investment Fraud,8000,Nagpur
CYB-2026-11461,2026-09-18T05:14:00,SIM-Swap,5000,Indore
CYB-2026-11462,2026-09-12T20:05:00,Romance Scam,75000,Bengaluru Urban
CYB-2026-11463,2026-09-04T18:01:00,Loan-App Fraud,250000,Mumbai Suburban
CYB-2026-11464,2026-09-10T12:09:00,Job Fraud,120000,Chandigarh
CYB-2026-11465,2026-09-02T14:17:00,SIM-Swap,75000,Bengaluru Urban
CYB-2026-11466,2026-09-01T07:38:00,OTP Fraud,8000,Lucknow
CYB-2026-11467,2026-09-03T01:16:00,Job Fraud,5000,Hyderabad
CYB-2026-11468,2026-09-13T19:33:00,Investment Fraud,75000,Mumbai Suburban
CYB-2026-11469,2026-09-07T02:04:00,Romance Scam,75000,Hyderabad
CYB-2026-11470,2026-09-21T05:08:00,SIM-Swap,75000,Kolkata
CYB-2026-11471,2026-09-16T20:56:00,Investment Fraud,5000,Hyderabad
CYB-2026-11472,2026-09-05T01:24:00,SIM-Swap,48000,Kochi
CYB-2026-11473,2026-09-10T23:22:00,Investment Fraud,5000,Pune
CYB-2026-11474,2026-09-16T00:31:00,OTP Fraud,5000,Mumbai City
CYB-2026-11475,2026-09-19T16:47:00,SIM-Swap,250000,Lucknow
CYB-2026-11476,2026-09-04T12:45:00,SIM-Swap,48000,Kolkata
CYB-2026-11477,2026-09-20T21:34:00,Job Fraud,48000,Lucknow
CYB-2026-11478,2026-09-28T01:09:00,SIM-Swap,8000,Central Delhi
CYB-2026-11479,2026-09-13T21:30:00,Loan-App Fraud,2000,South Delhi
CYB-2026-11480,2026-09-12T21:38:00,Loan-App Fraud,250000,Jaipur
CYB-2026-11481,2026-09-12T19:36:00,Job Fraud,48000,Bhopal
CYB-2026-11482,2026-09-20T19:01:00,Romance Scam,15000,Kolkata
CYB-2026-11483,2026-09-29T16:45:00,SIM-Swap,48000,Bengaluru Urban
CYB-2026-11484,2026-09-13T10:11:00,OTP Fraud,120000,Patna
CYB-2026-11485,2026-09-11T05:23:00,Investment Fraud,15000,Patna
CYB-2026-11486,2026-09-18T22:04:00,SIM-Swap,120000,Surat
CYB-2026-11487,2026-09-10T04:38:00,Romance Scam,250000,Chennai
CYB-2026-11488,2026-09-28T02:41:00,Romance Scam,15000,Nagpur
CYB-2026-11489,2026-09-22T19:43:00,Loan-App Fraud,8000,Patna
CYB-2026-11490,2026-09-13T18:28:00,Romance Scam,15000,Mumbai Suburban
CYB-2026-11491,2026-09-27T13:29:00,Loan-App Fraud,8000,Patna
CYB-2026-11492,2026-09-04T21:17:00,SIM-Swap,5000,Bengaluru Urban
CYB-2026-11493,2026-09-11T04:36:00,Loan-App Fraud,48000,Chennai
CYB-2026-11494,2026-09-02T19:00:00,Job Fraud,5000,Hyderabad
CYB-2026-11495,2026-09-13T16:52:00,SIM-Swap,250000,Mumbai Suburban
CYB-2026-11496,2026-09-26T00:38:00,Investment Fraud,5000,Mumbai Suburban
CYB-2026-11497,2026-09-04T13:01:00,OTP Fraud,2000,Chennai
CYB-2026-11498,2026-09-20T14:43:00,OTP Fraud,2000,Kochi
CYB-2026-11499,2026-09-05T04:22:00,OTP Fraud,120000,Mumbai Suburban
CYB-2026-11500,2026-09-01T10:42:00,SIM-Swap,8000,Guwahati
CYB-2026-11501,2026-09-04T16:00:00,Romance Scam,15000,Bhopal
CYB-2026-11502,2026-10-01T04:17:00,OTP Fraud,75000,Mumbai Suburban
CYB-2026-11503,2026-09-28T09:52:00,Romance Scam,75000,Bengaluru Urban
CYB-2026-11504,2026-09-22T11:35:00,OTP Fraud,250000,Nagpur
CYB-2026-11505,2026-09-16T18:10:00,SIM-Swap,75000,Chandigarh
CYB-2026-11506,2026-09-18T23:40:00,Loan-App Fraud,75000,Pune
CYB-2026-11507,2026-09-24T10:13:00,Romance Scam,75000,Bengaluru Urban
CYB-2026-11508,2026-09-19T19:15:00,Romance Scam,8000,Hyderabad
CYB-2026-11509,2026-09-10T00:22:00,Job Fraud,48000,Nagpur
CYB-2026-11510,2026-09-10T02:09:00,Investment Fraud,48000,Chandigarh
CYB-2026-11511,2026-09-25T20:18:00,Loan-App Fraud,2000,Mumbai City
CYB-2026-11512,2026-09-05T14:25:00,Job Fraud,25000,Jaipur
CYB-2026-11513,2026-09-11T09:52:00,Job Fraud,2000,Patna
CYB-2026-11514,2026-09-07T21:22:00,SIM-Swap,5000,Chennai
CYB-2026-11515,2026-09-28T05:00:00,Investment Fraud,25000,Central Delhi
CYB-2026-11516,2026-09-18T03:30:00,Investment Fraud,120000,South Delhi
CYB-2026-11517,2026-09-14T00:13:00,Job Fraud,15000,Kochi
CYB-2026-11518,2026-09-09T15:10:00,SIM-Swap,15000,Pune
CYB-2026-11519,2026-09-19T09:04:00,Loan-App Fraud,5000,Lucknow
CYB-2026-11520,2026-09-11T08:04:00,Loan-App Fraud,8000,Nagpur
CYB-2026-11521,2026-09-28T18:55:00,Loan-App Fraud,75000,Patna
CYB-2026-11522,2026-09-19T18:50:00,OTP Fraud,120000,Indore
CYB-2026-11523,2026-09-19T06:46:00,OTP Fraud,15000,Pune
CYB-2026-11524,2026-09-20T06:33:00,OTP Fraud,5000,Surat
CYB-2026-11525,2026-09-01T08:15:00,OTP Fraud,2000,Central Delhi
CYB-2026-11526,2026-09-14T00:40:00,SIM-Swap,120000,Mumbai City
CYB-2026-11527,2026-09-07T11:19:00,Loan-App Fraud,15000,Mumbai City
CYB-2026-11528,2026-09-06T15:10:00,SIM-Swap,25000,Ahmedabad
CYB-2026-11529,2026-09-03T21:48:00,Investment Fraud,48000,Bengaluru Urban
CYB-2026-11530,2026-09-21T08:33:00,Job Fraud,2000,Patna
CYB-2026-11531,2026-09-30T04:25:00,Romance Scam,250000,Jaipur
CYB-2026-11532,2026-09-26T22:41:00,Job Fraud,8000,Chennai
CYB-2026-11533,2026-09-23T20:46:00,Loan-App Fraud,75000,Lucknow
CYB-2026-11534,2026-09-20T17:27:00,Loan-App Fraud,75000,Jaipur
CYB-2026-11535,2026-09-12T13:52:00,Loan-App Fraud,120000,Ahmedabad
CYB-2026-11536,2026-09-06T17:24:00,Investment Fraud,2000,Jaipur
CYB-2026-11537,2026-09-20T06:26:00,Romance Scam,120000,Bengaluru Urban
CYB-2026-11538,2026-09-18T03:30:00,SIM-Swap,2000,Bengaluru Urban
CYB-2026-11539,2026-09-27T01:34:00,Romance Scam,120000,Pune
CYB-2026-11540,2026-09-08T08:27:00,SIM-Swap,2000,Surat
CYB-2026-11541,2026-09-20T15:40:00,Job Fraud,15000,Central Delhi
CYB-2026-11542,2026-09-18T21:28:00,Loan-App Fraud,25000,Indore
CYB-2026-11543,2026-09-30T07:00:00,SIM-Swap,5000,Hyderabad
CYB-2026-11544,2026-09-13T23:45:00,Romance Scam,2000,Mumbai Suburban
CYB-2026-11545,2026-09-19T01:37:00,Investment Fraud,5000,Kochi
CYB-2026-11546,2026-09-24T09:55:00,Romance Scam,48000,Mumbai City
CYB-2026-11547,2026-09-19T14:31:00,OTP Fraud,250000,Lucknow
CYB-2026-11548,2026-09-25T05:45:00,Job Fraud,250000,Hyderabad
CYB-2026-11549,2026-09-18T18:56:00,Romance Scam,120000,Ahmedabad
CYB-2026-11550,2026-09-21T06:18:00,Investment Fraud,8000,Indore
CYB-2026-11551,2026-09-25T19:11:00,Investment Fraud,25000,Bhopal
CYB-2026-11552,2026-09-12T20:34:00,Loan-App Fraud,48000,Mumbai City
CYB-2026-11553,2026-09-25T14:32:00,OTP Fraud,120000,Pune
CYB-2026-11554,2026-09-06T12:39:00,SIM-Swap,5000,Guwahati
CYB-2026-11555,2026-09-04T13:56:00,Loan-App Fraud,2000,Pune
CYB-2026-11556,2026-09-20T16:36:00,SIM-Swap,5000,Surat
CYB-2026-11557,2026-09-18T10:28:00,SIM-Swap,250000,Chennai
CYB-2026-11558,2026-09-07T13:10:00,Investment Fraud,75000,Ahmedabad
CYB-2026-11559,2026-09-14T04:45:00,Investment Fraud,120000,Chennai
CYB-2026-11560,2026-09-27T06:34:00,Job Fraud,15000,Kolkata
CYB-2026-11561,2026-09-05T07:29:00,Romance Scam,8000,Mumbai Suburban
CYB-2026-11562,2026-09-10T16:49:00,OTP Fraud,5000,Kochi
CYB-2026-11563,2026-09-08T19:48:00,Job Fraud,120000,Pune
CYB-2026-11564,2026-09-26T17:05:00,OTP Fraud,48000,Kolkata
CYB-2026-11565,2026-09-15T19:49:00,Loan-App Fraud,75000,Hyderabad
CYB-2026-11566,2026-09-06T10:28:00,Job Fraud,2000,Jaipur
CYB-2026-11567,2026-09-11T06:58:00,Investment Fraud,120000,Bhopal
CYB-2026-11568,2026-09-22T02:15:00,Investment Fraud,2000,Ahmedabad
CYB-2026-11569,2026-09-15T06:52:00,OTP Fraud,8000,Bhopal
CYB-2026-11570,2026-09-24T10:03:00,OTP Fraud,120000,Kochi
CYB-2026-11571,2026-09-08T14:21:00,SIM-Swap,120000,Patna
CYB-2026-11572,2026-09-21T14:50:00,Loan-App Fraud,75000,Mumbai City
CYB-2026-11573,2026-09-22T22:35:00,Job Fraud,120000,Chandigarh
CYB-2026-11574,2026-09-25T11:18:00,Investment Fraud,2000,Lucknow
CYB-2026-11575,2026-09-19T07:03:00,Investment Fraud,48000,Mumbai City
CYB-2026-11576,2026-09-29T18:15:00,OTP Fraud,15000,Central Delhi
CYB-2026-11577,2026-09-29T17:16:00,Romance Scam,2000,Kochi
CYB-2026-11578,2026-09-18T17:54:00,OTP Fraud,8000,South Delhi
CYB-2026-11579,2026-09-20T12:32:00,SIM-Swap,8000,Kolkata
CYB-2026-11580,2026-09-28T10:41:00,SIM-Swap,48000,Bhopal
CYB-2026-11581,2026-09-04T05:38:00,SIM-Swap,25000,Patna
CYB-2026-11582,2026-09-17T07:45:00,Loan-App Fraud,250000,Bhopal
CYB-2026-11583,2026-09-17T20:35:00,Romance Scam,250000,Kochi
CYB-2026-11584,2026-09-20T20:21:00,Loan-App Fraud,48000,Indore
CYB-2026-11585,2026-09-08T18:25:00,Romance Scam,2000,South Delhi
CYB-2026-11586,2026-09-29T20:54:00,Investment Fraud,2000,Chennai
CYB-2026-11587,2026-09-07T14:07:00,OTP Fraud,120000,Nagpur
CYB-2026-11588,2026-09-06T07:58:00,OTP Fraud,8000,Chennai
CYB-2026-11589,2026-09-16T21:40:00,Loan-App Fraud,5000,South Delhi
CYB-2026-11590,2026-09-04T19:37:00,OTP Fraud,120000,Jaipur
CYB-2026-11591,2026-09-20T04:05:00,OTP Fraud,120000,Hyderabad
CYB-2026-11592,2026-09-08T20:10:00,Romance Scam,75000,Kolkata
CYB-2026-11593,2026-09-03T22:40:00,Job Fraud,75000,Surat
CYB-2026-11594,2026-09-23T17:39:00,Romance Scam,2000,Jaipur
CYB-2026-11595,2026-09-26T13:21:00,Job Fraud,250000,South Delhi
CYB-2026-11596,2026-09-03T08:27:00,Investment Fraud,8000,Indore
CYB-2026-11597,2026-09-14T13:49:00,Investment Fraud,2000,Jaipur
CYB-2026-11598,2026-09-30T11:47:00,SIM-Swap,5000,Lucknow
CYB-2026-11599,2026-09-04T04:09:00,Investment Fraud,120000,Hyderabad
CYB-2026-11600,2026-09-27T01:32:00,Romance Scam,5000,Lucknow
CYB-2026-11601,2026-09-04T22:26:00,SIM-Swap,48000,Hyderabad
CYB-2026-11602,2026-09-12T08:33:00,Job Fraud,250000,Kochi
CYB-2026-11603,2026-09-13T15:18:00,OTP Fraud,2000,Nagpur
CYB-2026-11604,2026-09-20T13:04:00,Loan-App Fraud,250000,Guwahati
CYB-2026-11605,2026-09-05T19:49:00,OTP Fraud,250000,Jaipur
CYB-2026-11606,2026-09-10T05:09:00,Job Fraud,5000,Patna
CYB-2026-11607,2026-09-22T10:50:00,OTP Fraud,250000,Surat
CYB-2026-11608,2026-09-22T19:36:00,OTP Fraud,2000,Chandigarh
CYB-2026-11609,2026-09-22T03:06:00,Loan-App Fraud,2000,Guwahati
CYB-2026-11610,2026-09-06T11:29:00,Romance Scam,8000,Chandigarh
CYB-2026-11611,2026-09-19T12:47:00,Loan-App Fraud,75000,Chandigarh
CYB-2026-11612,2026-09-08T19:10:00,OTP Fraud,8000,Hyderabad
CYB-2026-11613,2026-09-14T18:14:00,OTP Fraud,5000,Mumbai City
CYB-2026-11614,2026-09-20T10:23:00,Job Fraud,15000,Bhopal
CYB-2026-11615,2026-09-01T09:15:00,Loan-App Fraud,2000,Kolkata
CYB-2026-11616,2026-09-06T10:05:00,Job Fraud,8000,Kochi
CYB-2026-11617,2026-09-07T20:32:00,SIM-Swap,5000,Mumbai City
CYB-2026-11618,2026-09-30T22:09:00,Romance Scam,2000,Kochi
CYB-2026-11619,2026-09-19T20:58:00,Job Fraud,48000,Bhopal
CYB-2026-11620,2026-09-19T19:34:00,OTP Fraud,15000,Mumbai Suburban
CYB-2026-11621,2026-09-28T22:58:00,Investment Fraud,75000,Hyderabad
CYB-2026-11622,2026-09-09T19:55:00,Investment Fraud,8000,Mumbai Suburban
CYB-2026-11623,2026-09-14T17:09:00,Investment Fraud,48000,Guwahati
CYB-2026-11624,2026-09-16T19:34:00,Investment Fraud,5000,Chandigarh
CYB-2026-11625,2026-09-06T18:43:00,OTP Fraud,250000,Patna
CYB-2026-11626,2026-09-18T23:33:00,Investment Fraud,15000,South Delhi
CYB-2026-11627,2026-09-30T04:44:00,Romance Scam,15000,Lucknow
CYB-2026-11628,2026-09-14T14:50:00,SIM-Swap,2000,Bengaluru Urban
CYB-2026-11629,2026-09-09T15:52:00,Loan-App Fraud,15000,Bhopal
CYB-2026-11630,2026-09-02T15:39:00,SIM-Swap,8000,Kolkata
CYB-2026-11631,2026-09-06T14:54:00,OTP Fraud,250000,Bhopal
CYB-2026-11632,2026-09-25T18:53:00,Job Fraud,5000,Hyderabad
CYB-2026-11633,2026-09-04T11:06:00,OTP Fraud,2000,Hyderabad
CYB-2026-11634,2026-09-27T18:53:00,Romance Scam,75000,Nagpur
CYB-2026-11635,2026-09-28T23:00:00,Loan-App Fraud,2000,Nagpur
CYB-2026-11636,2026-09-13T13:05:00,Loan-App Fraud,75000,Hyderabad
CYB-2026-11637,2026-09-12T19:52:00,Job Fraud,2000,Guwahati
CYB-2026-11638,2026-09-13T11:48:00,Romance Scam,15000,Lucknow
CYB-2026-11639,2026-09-20T10:52:00,Job Fraud,25000,Lucknow
CYB-2026-11640,2026-09-10T09:59:00,Job Fraud,2000,South Delhi
CYB-2026-11641,2026-09-20T19:20:00,Romance Scam,120000,Surat
CYB-2026-11642,2026-09-21T15:22:00,Investment Fraud,5000,Lucknow
CYB-2026-11643,2026-09-14T04:17:00,Loan-App Fraud,15000,Ahmedabad
CYB-2026-11644,2026-09-23T07:10:00,Loan-App Fraud,48000,Jaipur
CYB-2026-11645,2026-09-14T22:24:00,OTP Fraud,2000,Pune
CYB-2026-11646,2026-09-24T19:01:00,Loan-App Fraud,25000,Surat
CYB-2026-11647,2026-09-21T05:48:00,Loan-App Fraud,250000,Surat
CYB-2026-11648,2026-09-18T21:01:00,Loan-App Fraud,48000,Bhopal
CYB-2026-11649,2026-09-12T09:10:00,Romance Scam,15000,Mumbai Suburban
CYB-2026-11650,2026-09-07T10:26:00,Romance Scam,75000,Chennai
CYB-2026-11651,2026-09-24T02:47:00,Investment Fraud,48000,Pune
CYB-2026-11652,2026-09-20T10:07:00,Romance Scam,120000,Ahmedabad
CYB-2026-11653,2026-09-03T21:33:00,Job Fraud,2000,South Delhi
CYB-2026-11654,2026-10-01T01:06:00,Investment Fraud,75000,Ahmedabad
CYB-2026-11655,2026-09-04T19:56:00,Job Fraud,5000,South Delhi
CYB-2026-11656,2026-09-24T02:44:00,Investment Fraud,15000,Chandigarh
CYB-2026-11657,2026-09-26T04:04:00,Romance Scam,8000,Nagpur
CYB-2026-11658,2026-09-11T18:55:00,Loan-App Fraud,2000,Bengaluru Urban
CYB-2026-11659,2026-09-04T07:16:00,Loan-App Fraud,25000,South Delhi
CYB-2026-11660,2026-09-24T00:30:00,SIM-Swap,48000,Bengaluru Urban
CYB-2026-11661,2026-09-08T19:50:00,SIM-Swap,15000,Guwahati
CYB-2026-11662,2026-09-17T22:16:00,Loan-App Fraud,5000,Guwahati
CYB-2026-11663,2026-09-25T05:52:00,Job Fraud,250000,Ahmedabad
CYB-2026-11664,2026-09-18T07:43:00,Job Fraud,48000,Ahmedabad
CYB-2026-11665,2026-09-03T02:50:00,SIM-Swap,2000,Hyderabad
CYB-2026-11666,2026-09-28T22:23:00,OTP Fraud,48000,Surat
CYB-2026-11667,2026-09-14T17:00:00,OTP Fraud,75000,Mumbai City
CYB-2026-11668,2026-09-15T05:39:00,OTP Fraud,25000,Central Delhi
CYB-2026-11669,2026-09-20T22:01:00,SIM-Swap,15000,Jaipur
CYB-2026-11670,2026-09-13T09:31:00,Job Fraud,48000,Pune
CYB-2026-11671,2026-09-18T15:43:00,SIM-Swap,75000,Nagpur
CYB-2026-11672,2026-09-24T03:54:00,Romance Scam,8000,Pune
CYB-2026-11673,2026-09-07T13:59:00,Loan-App Fraud,48000,Kochi
CYB-2026-11674,2026-09-23T16:51:00,Job Fraud,8000,Kolkata
CYB-2026-11675,2026-09-03T06:49:00,SIM-Swap,48000,Guwahati
CYB-2026-11676,2026-09-13T04:20:00,Loan-App Fraud,2000,Bhopal
CYB-2026-11677,2026-09-27T20:20:00,SIM-Swap,250000,Lucknow
CYB-2026-11678,2026-09-23T15:32:00,Job Fraud,250000,Guwahati
CYB-2026-11679,2026-09-05T16:42:00,OTP Fraud,15000,Indore
CYB-2026-11680,2026-09-12T22:00:00,OTP Fraud,250000,Surat
CYB-2026-11681,2026-09-11T20:53:00,Investment Fraud,25000,Chandigarh
CYB-2026-11682,2026-09-01T14:32:00,Romance Scam,250000,Kolkata
CYB-2026-11683,2026-09-06T07:00:00,OTP Fraud,250000,Hyderabad
CYB-2026-11684,2026-09-23T07:42:00,Romance Scam,75000,Kochi
CYB-2026-11685,2026-09-15T22:07:00,Romance Scam,48000,Lucknow
CYB-2026-11686,2026-09-30T22:03:00,SIM-Swap,5000,Nagpur
CYB-2026-11687,2026-09-29T01:47:00,OTP Fraud,75000,Chandigarh
CYB-2026-11688,2026-09-02T23:06:00,Loan-App Fraud,5000,Lucknow
CYB-2026-11689,2026-09-03T11:19:00,Job Fraud,250000,Kolkata
CYB-2026-11690,2026-09-11T05:23:00,Investment Fraud,120000,Chennai
CYB-2026-11691,2026-09-13T09:59:00,Romance Scam,75000,Pune
CYB-2026-11692,2026-09-08T05:43:00,SIM-Swap,250000,Ahmedabad
CYB-2026-11693,2026-09-16T17:34:00,Romance Scam,48000,Indore
CYB-2026-11694,2026-09-21T12:56:00,OTP Fraud,250000,Nagpur
CYB-2026-11695,2026-09-04T08:50:00,Investment Fraud,8000,Surat
CYB-2026-11696,2026-09-21T00:27:00,Romance Scam,48000,Patna
CYB-2026-11697,2026-09-23T16:04:00,SIM-Swap,5000,Lucknow
CYB-2026-11698,2026-09-16T23:40:00,OTP Fraud,15000,Ahmedabad
CYB-2026-11699,2026-09-13T04:37:00,OTP Fraud,250000,Kochi
CYB-2026-11700,2026-09-30T17:57:00,Investment Fraud,120000,Jaipur
CYB-2026-11701,2026-09-27T17:46:00,SIM-Swap,48000,Kochi
CYB-2026-11702,2026-09-19T22:25:00,Loan-App Fraud,8000,Chennai
CYB-2026-11703,2026-09-30T02:03:00,Romance Scam,5000,Kolkata
CYB-2026-11704,2026-09-02T22:30:00,Romance Scam,5000,Chandigarh
CYB-2026-11705,2026-09-18T16:34:00,OTP Fraud,120000,Surat
CYB-2026-11706,2026-09-27T13:39:00,Investment Fraud,15000,Indore
CYB-2026-11707,2026-09-13T13:00:00,Loan-App Fraud,5000,Hyderabad
CYB-2026-11708,2026-09-15T08:20:00,SIM-Swap,15000,Bhopal
CYB-2026-11709,2026-09-01T18:01:00,Loan-App Fraud,2000,Chandigarh
CYB-2026-11710,2026-09-20T03:22:00,SIM-Swap,15000,Kochi
CYB-2026-11711,2026-09-08T19:35:00,Loan-App Fraud,5000,Kolkata
CYB-2026-11712,2026-09-19T04:41:00,Investment Fraud,48000,Chandigarh
CYB-2026-11713,2026-09-16T20:13:00,SIM-Swap,5000,Hyderabad
CYB-2026-11714,2026-09-21T11:34:00,Loan-App Fraud,75000,Guwahati
CYB-2026-11715,2026-09-15T23:30:00,Loan-App Fraud,25000,South Delhi
CYB-2026-11716,2026-09-03T08:28:00,Romance Scam,2000,Bhopal
CYB-2026-11717,2026-09-14T01:57:00,OTP Fraud,250000,Guwahati
CYB-2026-11718,2026-09-12T22:23:00,Romance Scam,75000,Chandigarh
CYB-2026-11719,2026-09-30T14:42:00,Romance Scam,2000,Chennai
CYB-2026-11720,2026-09-27T15:03:00,Loan-App Fraud,75000,Chandigarh
CYB-2026-11721,2026-09-09T01:43:00,Investment Fraud,75000,Central Delhi
CYB-2026-11722,2026-09-14T19:32:00,Job Fraud,15000,Nagpur
CYB-2026-11723,2026-09-16T23:00:00,SIM-Swap,5000,Central Delhi
CYB-2026-11724,2026-09-16T06:54:00,Job Fraud,48000,Guwahati
CYB-2026-11725,2026-09-27T08:00:00,OTP Fraud,25000,Mumbai City
CYB-2026-11726,2026-09-29T23:26:00,SIM-Swap,250000,Surat
CYB-2026-11727,2026-09-01T16:15:00,OTP Fraud,75000,Kolkata
CYB-2026-11728,2026-09-09T07:22:00,Loan-App Fraud,25000,Surat
CYB-2026-11729,2026-09-27T22:46:00,OTP Fraud,25000,Chandigarh
CYB-2026-11730,2026-09-21T22:59:00,OTP Fraud,48000,Surat
CYB-2026-11731,2026-09-16T18:55:00,Romance Scam,120000,Pune
CYB-2026-11732,2026-09-18T13:18:00,SIM-Swap,250000,Ahmedabad
CYB-2026-11733,2026-09-21T09:43:00,Job Fraud,120000,Chandigarh
CYB-2026-11734,2026-09-21T11:00:00,SIM-Swap,5000,Mumbai City
CYB-2026-11735,2026-09-02T17:28:00,Loan-App Fraud,75000,Indore
CYB-2026-11736,2026-09-13T23:45:00,Investment Fraud,75000,Central Delhi
CYB-2026-11737,2026-09-15T22:55:00,Romance Scam,8000,Nagpur
CYB-2026-11738,2026-09-12T10:03:00,Investment Fraud,5000,Mumbai Suburban
CYB-2026-11739,2026-09-26T14:32:00,Romance Scam,75000,Indore
CYB-2026-11740,2026-09-10T18:07:00,Romance Scam,8000,Indore
CYB-2026-11741,2026-09-27T11:26:00,Loan-App Fraud,5000,Kochi
CYB-2026-11742,2026-09-23T10:39:00,Job Fraud,25000,Lucknow
CYB-2026-11743,2026-09-07T12:10:00,Job Fraud,5000,South Delhi
CYB-2026-11744,2026-09-12T18:11:00,Romance Scam,25000,Bengaluru Urban
CYB-2026-11745,2026-09-24T08:31:00,Investment Fraud,120000,Pune
CYB-2026-11746,2026-09-23T08:12:00,Romance Scam,5000,Kolkata
CYB-2026-11747,2026-09-06T16:09:00,OTP Fraud,250000,Pune
CYB-2026-11748,2026-09-28T06:08:00,Loan-App Fraud,5000,Lucknow
CYB-2026-11749,2026-09-15T08:21:00,OTP Fraud,8000,Jaipur
CYB-2026-11750,2026-09-21T17:00:00,Romance Scam,15000,Bhopal
CYB-2026-11751,2026-09-17T17:17:00,Romance Scam,120000,Mumbai Suburban
CYB-2026-11752,2026-09-06T22:55:00,Investment Fraud,25000,Kochi
CYB-2026-11753,2026-09-07T13:11:00,SIM-Swap,8000,Ahmedabad
CYB-2026-11754,2026-09-16T08:43:00,OTP Fraud,8000,Chandigarh
CYB-2026-11755,2026-09-20T09:57:00,Investment Fraud,2000,Central Delhi
CYB-2026-11756,2026-09-17T07:28:00,OTP Fraud,15000,Nagpur
CYB-2026-11757,2026-09-16T00:22:00,Romance Scam,2000,South Delhi
CYB-2026-11758,2026-09-16T00:51:00,SIM-Swap,48000,Kolkata
CYB-2026-11759,2026-09-04T00:48:00,SIM-Swap,75000,Chandigarh
CYB-2026-11760,2026-09-28T02:23:00,Loan-App Fraud,8000,Ahmedabad
CYB-2026-11761,2026-09-11T19:53:00,Romance Scam,25000,Lucknow
CYB-2026-11762,2026-09-30T01:59:00,OTP Fraud,250000,Ahmedabad
CYB-2026-11763,2026-09-03T10:38:00,Romance Scam,8000,Chennai
CYB-2026-11764,2026-09-30T02:33:00,Investment Fraud,2000,Kolkata
CYB-2026-11765,2026-09-23T09:11:00,OTP Fraud,250000,Mumbai City
CYB-2026-11766,2026-09-04T08:41:00,Investment Fraud,120000,Mumbai Suburban
CYB-2026-11767,2026-09-07T08:30:00,Romance Scam,5000,Indore
CYB-2026-11768,2026-09-24T01:11:00,Romance Scam,48000,Bhopal
CYB-2026-11769,2026-09-20T06:07:00,Investment Fraud,5000,South Delhi
CYB-2026-11770,2026-09-17T06:49:00,SIM-Swap,5000,Guwahati
CYB-2026-11771,2026-09-18T13:16:00,Loan-App Fraud,120000,Bengaluru Urban
CYB-2026-11772,2026-09-17T06:09:00,Loan-App Fraud,75000,Jaipur
CYB-2026-11773,2026-09-29T20:49:00,Job Fraud,48000,Mumbai Suburban
CYB-2026-11774,2026-09-18T04:57:00,Romance Scam,5000,Indore
CYB-2026-11775,2026-10-01T02:19:00,SIM-Swap,120000,Hyderabad
CYB-2026-11776,2026-09-22T22:48:00,Romance Scam,120000,Chennai
CYB-2026-11777,2026-09-08T05:52:00,Romance Scam,2000,Mumbai Suburban
CYB-2026-11778,2026-09-24T08:05:00,OTP Fraud,2000,Surat
CYB-2026-11779,2026-09-05T16:22:00,Romance Scam,75000,Hyderabad
CYB-2026-11780,2026-09-15T05:33:00,Job Fraud,15000,Central Delhi
CYB-2026-11781,2026-09-10T02:36:00,Romance Scam,48000,Mumbai Suburban
CYB-2026-11782,2026-09-21T19:16:00,Romance Scam,5000,Bengaluru Urban
CYB-2026-11783,2026-09-09T10:16:00,OTP Fraud,15000,Surat
CYB-2026-11784,2026-09-20T04:41:00,Loan-App Fraud,5000,Lucknow
CYB-2026-11785,2026-09-26T12:33:00,Investment Fraud,8000,Kolkata
CYB-2026-11786,2026-09-27T23:20:00,SIM-Swap,5000,Kolkata
CYB-2026-11787,2026-09-24T01:37:00,OTP Fraud,5000,Mumbai Suburban
CYB-2026-11788,2026-09-26T09:09:00,Job Fraud,15000,Jaipur
CYB-2026-11789,2026-09-30T01:56:00,Job Fraud,5000,Jaipur
CYB-2026-11790,2026-09-01T08:25:00,Job Fraud,25000,Jaipur
CYB-2026-11791,2026-09-22T03:06:00,Job Fraud,250000,Hyderabad
CYB-2026-11792,2026-09-22T01:57:00,Loan-App Fraud,48000,Kochi
CYB-2026-11793,2026-09-29T05:36:00,Romance Scam,25000,Mumbai City
CYB-2026-11794,2026-09-03T07:40:00,Job Fraud,48000,Kochi
CYB-2026-11795,2026-09-02T22:54:00,Romance Scam,75000,Jaipur
CYB-2026-11796,2026-09-04T09:44:00,Job Fraud,120000,Central Delhi
CYB-2026-11797,2026-09-10T05:28:00,Job Fraud,15000,South Delhi
CYB-2026-11798,2026-09-14T07:03:00,Investment Fraud,25000,Mumbai City
CYB-2026-11799,2026-09-23T02:20:00,OTP Fraud,2000,Hyderabad
CYB-2026-11800,2026-09-09T10:43:00,Job Fraud,75000,Patna
CYB-2026-11801,2026-09-15T01:26:00,Job Fraud,75000,Pune
CYB-2026-11802,2026-10-01T05:38:00,Romance Scam,75000,Indore
CYB-2026-11803,2026-09-17T19:24:00,Investment Fraud,250000,Mumbai Suburban
CYB-2026-11804,2026-09-28T05:12:00,Loan-App Fraud,250000,Nagpur
CYB-2026-11805,2026-09-19T08:12:00,Romance Scam,8000,Ahmedabad
CYB-2026-11806,2026-09-04T14:36:00,Romance Scam,75000,Mumbai City
CYB-2026-11807,2026-09-29T16:06:00,Job Fraud,2000,Indore
CYB-2026-11808,2026-09-17T18:16:00,Romance Scam,48000,Bhopal
CYB-2026-11809,2026-09-14T07:56:00,Romance Scam,5000,Kochi
CYB-2026-11810,2026-09-28T03:35:00,Job Fraud,5000,Bhopal
CYB-2026-11811,2026-09-08T00:56:00,Job Fraud,75000,Chandigarh
CYB-2026-11812,2026-09-09T17:42:00,Loan-App Fraud,48000,Bengaluru Urban
CYB-2026-11813,2026-09-04T15:14:00,OTP Fraud,25000,Chennai
CYB-2026-11814,2026-09-28T06:37:00,Investment Fraud,2000,Patna
CYB-2026-11815,2026-09-02T06:33:00,Romance Scam,15000,Pune
CYB-2026-11816,2026-09-10T03:36:00,Job Fraud,48000,Kochi
CYB-2026-11817,2026-09-22T00:07:00,Romance Scam,2000,Hyderabad
CYB-2026-11818,2026-09-03T04:55:00,Job Fraud,48000,Patna
CYB-2026-11819,2026-09-22T11:21:00,Job Fraud,15000,Bengaluru Urban
CYB-2026-11820,2026-09-14T11:25:00,Investment Fraud,250000,Ahmedabad
CYB-2026-11821,2026-09-10T18:39:00,Romance Scam,75000,Lucknow
CYB-2026-11822,2026-09-25T17:23:00,Investment Fraud,25000,Pune
CYB-2026-11823,2026-09-01T09:04:00,Loan-App Fraud,15000,Kolkata
CYB-2026-11824,2026-09-02T14:54:00,Job Fraud,5000,Bhopal
CYB-2026-11825,2026-09-18T06:18:00,Investment Fraud,25000,Kolkata
CYB-2026-11826,2026-09-05T13:44:00,SIM-Swap,120000,Bhopal
CYB-2026-11827,2026-10-01T00:33:00,OTP Fraud,75000,Nagpur
CYB-2026-11828,2026-09-03T10:25:00,Job Fraud,48000,Guwahati
CYB-2026-11829,2026-09-10T06:47:00,SIM-Swap,48000,South Delhi
CYB-2026-11830,2026-09-25T23:25:00,SIM-Swap,250000,Indore
CYB-2026-11831,2026-09-25T12:53:00,Investment Fraud,250000,Central Delhi
CYB-2026-11832,2026-09-28T09:16:00,Investment Fraud,8000,South Delhi
CYB-2026-11833,2026-09-22T12:53:00,Investment Fraud,75000,Pune
CYB-2026-11834,2026-09-24T23:49:00,SIM-Swap,75000,South Delhi
CYB-2026-11835,2026-09-27T13:04:00,SIM-Swap,250000,Surat
CYB-2026-11836,2026-09-30T08:00:00,Job Fraud,120000,Surat
CYB-2026-11837,2026-09-17T07:18:00,SIM-Swap,8000,Guwahati
CYB-2026-11838,2026-09-27T02:55:00,SIM-Swap,2000,Central Delhi
CYB-2026-11839,2026-09-13T20:40:00,Investment Fraud,5000,South Delhi
CYB-2026-11840,2026-09-13T01:01:00,SIM-Swap,15000,Lucknow
CYB-2026-11841,2026-09-27T07:06:00,SIM-Swap,75000,Ahmedabad
CYB-2026-11842,2026-09-15T04:52:00,Loan-App Fraud,2000,Kochi
CYB-2026-11843,2026-09-29T18:12:00,SIM-Swap,2000,Kochi
CYB-2026-11844,2026-09-09T20:32:00,Loan-App Fraud,75000,Surat
CYB-2026-11845,2026-09-16T07:33:00,Investment Fraud,5000,Jaipur
CYB-2026-11846,2026-09-08T00:31:00,OTP Fraud,2000,South Delhi
CYB-2026-11847,2026-09-08T12:53:00,OTP Fraud,5000,Indore
CYB-2026-11848,2026-09-19T16:36:00,Romance Scam,5000,Pune
CYB-2026-11849,2026-09-01T10:46:00,Loan-App Fraud,25000,Ahmedabad
CYB-2026-11850,2026-09-15T10:21:00,SIM-Swap,15000,Chennai
CYB-2026-11851,2026-09-02T13:55:00,OTP Fraud,250000,Bengaluru Urban
CYB-2026-11852,2026-09-26T22:17:00,OTP Fraud,120000,Ahmedabad
CYB-2026-11853,2026-09-06T03:45:00,SIM-Swap,8000,South Delhi
CYB-2026-11854,2026-09-06T11:04:00,Loan-App Fraud,75000,Bengaluru Urban
CYB-2026-11855,2026-09-18T10:47:00,Job Fraud,8000,Mumbai Suburban
CYB-2026-11856,2026-09-06T23:32:00,Job Fraud,8000,Guwahati
CYB-2026-11857,2026-09-25T21:26:00,Romance Scam,250000,Chandigarh
CYB-2026-11858,2026-09-26T10:28:00,Job Fraud,2000,Jaipur
CYB-2026-11859,2026-09-02T03:14:00,Romance Scam,75000,Kolkata
CYB-2026-11860,2026-09-13T02:56:00,Job Fraud,2000,Chandigarh
CYB-2026-11861,2026-09-07T17:24:00,OTP Fraud,250000,Guwahati
CYB-2026-11862,2026-09-30T13:18:00,OTP Fraud,75000,Kolkata
CYB-2026-11863,2026-09-16T11:34:00,OTP Fraud,75000,Patna
CYB-2026-11864,2026-09-09T22:31:00,Job Fraud,5000,Bengaluru Urban
CYB-2026-11865,2026-09-26T13:42:00,Job Fraud,25000,Indore
CYB-2026-11866,2026-09-05T22:15:00,Romance Scam,48000,Bengaluru Urban
CYB-2026-11867,2026-09-27T14:24:00,Job Fraud,48000,Chandigarh
CYB-2026-11868,2026-09-23T20:09:00,OTP Fraud,250000,Ahmedabad
CYB-2026-11869,2026-09-11T16:49:00,SIM-Swap,8000,South Delhi
CYB-2026-11870,2026-10-01T00:17:00,Romance Scam,48000,Chennai
CYB-2026-11871,2026-09-21T07:28:00,Loan-App Fraud,25000,South Delhi
CYB-2026-11872,2026-09-25T12:48:00,Romance Scam,5000,Patna
CYB-2026-11873,2026-09-19T01:03:00,Job Fraud,250000,Guwahati
CYB-2026-11874,2026-09-03T07:17:00,SIM-Swap,48000,Chandigarh
CYB-2026-11875,2026-09-06T13:18:00,OTP Fraud,5000,South Delhi
CYB-2026-11876,2026-09-20T00:04:00,Job Fraud,5000,Guwahati
CYB-2026-11877,2026-09-08T07:09:00,Investment Fraud,48000,Nagpur
CYB-2026-11878,2026-09-28T23:01:00,Investment Fraud,250000,Kolkata
CYB-2026-11879,2026-09-03T09:47:00,Job Fraud,25000,Ahmedabad
CYB-2026-11880,2026-09-21T22:58:00,Job Fraud,250000,Guwahati
CYB-2026-11881,2026-09-07T10:45:00,Job Fraud,15000,Bhopal
CYB-2026-11882,2026-09-18T09:39:00,Investment Fraud,15000,Guwahati
CYB-2026-11883,2026-09-12T04:08:00,SIM-Swap,2000,Chandigarh
CYB-2026-11884,2026-09-07T04:34:00,SIM-Swap,120000,Jaipur
CYB-2026-11885,2026-09-30T18:33:00,SIM-Swap,8000,Jaipur
CYB-2026-11886,2026-09-23T14:53:00,OTP Fraud,250000,Bengaluru Urban
CYB-2026-11887,2026-09-11T19:01:00,Romance Scam,48000,Bhopal
CYB-2026-11888,2026-09-20T22:43:00,Romance Scam,2000,Lucknow
CYB-2026-11889,2026-09-25T20:15:00,Job Fraud,250000,Chandigarh
CYB-2026-11890,2026-09-21T02:45:00,Job Fraud,25000,Pune
CYB-2026-11891,2026-09-18T11:39:00,SIM-Swap,2000,Chennai
CYB-2026-11892,2026-09-11T14:33:00,Job Fraud,15000,Kolkata
CYB-2026-11893,2026-09-12T20:11:00,OTP Fraud,48000,Hyderabad
CYB-2026-11894,2026-09-02T06:44:00,Romance Scam,25000,Bengaluru Urban
CYB-2026-11895,2026-09-22T22:39:00,Romance Scam,250000,Indore
CYB-2026-11896,2026-09-18T13:11:00,Investment Fraud,2000,Jaipur
CYB-2026-11897,2026-09-21T04:05:00,SIM-Swap,2000,Central Delhi
CYB-2026-11898,2026-09-26T12:22:00,SIM-Swap,48000,Hyderabad
CYB-2026-11899,2026-09-23T22:49:00,Job Fraud,5000,Patna
CYB-2026-11900,2026-09-02T23:42:00,OTP Fraud,250000,Central Delhi
CYB-2026-11901,2026-10-01T02:27:00,SIM-Swap,120000,Kochi
CYB-2026-11902,2026-09-22T07:22:00,Investment Fraud,25000,Ahmedabad
CYB-2026-11903,2026-09-04T15:09:00,Investment Fraud,250000,Chennai
CYB-2026-11904,2026-09-23T14:46:00,Investment Fraud,25000,Jaipur
CYB-2026-11905,2026-09-09T02:12:00,Loan-App Fraud,5000,Bengaluru Urban
CYB-2026-11906,2026-09-05T06:43:00,SIM-Swap,250000,South Delhi
CYB-2026-11907,2026-09-28T21:51:00,Romance Scam,25000,Mumbai City
CYB-2026-11908,2026-09-11T20:44:00,SIM-Swap,25000,Guwahati
CYB-2026-11909,2026-09-12T03:17:00,Romance Scam,25000,Pune
CYB-2026-11910,2026-09-28T04:41:00,Investment Fraud,25000,Indore
CYB-2026-11911,2026-09-27T10:50:00,OTP Fraud,2000,Guwahati
CYB-2026-11912,2026-09-29T17:47:00,Romance Scam,75000,Kochi
CYB-2026-11913,2026-09-14T11:22:00,Romance Scam,2000,Lucknow
CYB-2026-11914,2026-09-22T20:33:00,Job Fraud,75000,Ahmedabad
CYB-2026-11915,2026-09-08T04:03:00,Romance Scam,15000,Mumbai City
CYB-2026-11916,2026-09-09T19:18:00,OTP Fraud,75000,Hyderabad
CYB-2026-11917,2026-09-19T07:51:00,Romance Scam,15000,Pune
CYB-2026-11918,2026-09-13T17:39:00,OTP Fraud,2000,Indore
CYB-2026-11919,2026-09-25T21:41:00,SIM-Swap,250000,Indore
CYB-2026-11920,2026-09-25T03:00:00,Loan-App Fraud,48000,Indore
CYB-2026-11921,2026-09-02T08:08:00,Romance Scam,15000,Jaipur
CYB-2026-11922,2026-09-12T20:53:00,Romance Scam,120000,Ahmedabad
CYB-2026-11923,2026-09-27T10:08:00,Loan-App Fraud,120000,Kochi
CYB-2026-11924,2026-09-04T08:45:00,Romance Scam,5000,Bhopal
CYB-2026-11925,2026-09-18T12:03:00,Investment Fraud,48000,Kolkata
CYB-2026-11926,2026-09-13T15:51:00,SIM-Swap,48000,Kolkata
CYB-2026-11927,2026-09-07T12:22:00,SIM-Swap,8000,Kochi
CYB-2026-11928,2026-09-21T12:04:00,SIM-Swap,15000,Patna
CYB-2026-11929,2026-09-10T01:32:00,Job Fraud,25000,Central Delhi
CYB-2026-11930,2026-09-29T20:20:00,Job Fraud,25000,Indore
CYB-2026-11931,2026-09-16T12:19:00,Job Fraud,5000,Jaipur
CYB-2026-11932,2026-09-05T02:20:00,Loan-App Fraud,120000,Ahmedabad
CYB-2026-11933,2026-09-15T18:21:00,SIM-Swap,8000,Chennai
CYB-2026-11934,2026-09-05T09:30:00,SIM-Swap,2000,South Delhi
CYB-2026-11935,2026-09-19T16:24:00,Romance Scam,5000,Chennai
CYB-2026-11936,2026-09-25T21:48:00,Loan-App Fraud,15000,Hyderabad
CYB-2026-11937,2026-09-13T17:11:00,Romance Scam,120000,Kochi
CYB-2026-11938,2026-09-04T13:43:00,Investment Fraud,2000,Kochi
CYB-2026-11939,2026-09-24T17:48:00,SIM-Swap,250000,Lucknow
CYB-2026-11940,2026-09-26T18:00:00,Romance Scam,250000,Mumbai Suburban
CYB-2026-11941,2026-09-02T03:19:00,Romance Scam,8000,Indore
CYB-2026-11942,2026-09-01T21:09:00,OTP Fraud,15000,Kochi
CYB-2026-11943,2026-09-20T05:22:00,Job Fraud,75000,Surat
CYB-2026-11944,2026-09-21T01:20:00,Loan-App Fraud,120000,Jaipur
CYB-2026-11945,2026-09-20T16:28:00,Loan-App Fraud,120000,Patna
CYB-2026-11946,2026-09-04T00:38:00,Loan-App Fraud,8000,Bhopal
CYB-2026-11947,2026-09-12T05:48:00,Loan-App Fraud,2000,Nagpur
CYB-2026-11948,2026-09-13T14:50:00,Loan-App Fraud,120000,Patna
CYB-2026-11949,2026-09-28T13:53:00,Romance Scam,15000,Hyderabad
CYB-2026-11950,2026-09-11T05:19:00,Loan-App Fraud,120000,Bengaluru Urban
CYB-2026-11951,2026-09-15T10:59:00,Job Fraud,8000,Hyderabad
CYB-2026-11952,2026-09-10T19:58:00,Job Fraud,250000,Kolkata
CYB-2026-11953,2026-09-25T02:05:00,Job Fraud,48000,Mumbai Suburban
CYB-2026-11954,2026-09-07T19:22:00,SIM-Swap,5000,Ahmedabad
CYB-2026-11955,2026-09-10T06:30:00,Romance Scam,75000,Guwahati
CYB-2026-11956,2026-09-02T06:57:00,Investment Fraud,15000,Bengaluru Urban
CYB-2026-11957,2026-09-30T19:15:00,SIM-Swap,250000,Patna
CYB-2026-11958,2026-09-27T12:14:00,Job Fraud,250000,Bhopal
CYB-2026-11959,2026-09-07T22:09:00,Investment Fraud,120000,Patna
CYB-2026-11960,2026-09-28T09:30:00,Investment Fraud,25000,Central Delhi
CYB-2026-11961,2026-09-08T01:25:00,OTP Fraud,5000,Central Delhi
CYB-2026-11962,2026-09-17T05:18:00,Loan-App Fraud,75000,Chandigarh
CYB-2026-11963,2026-09-20T15:23:00,OTP Fraud,75000,Central Delhi
CYB-2026-11964,2026-09-08T06:29:00,SIM-Swap,75000,Jaipur
CYB-2026-11965,2026-09-29T07:13:00,OTP Fraud,2000,Nagpur
CYB-2026-11966,2026-09-12T11:42:00,Romance Scam,25000,Bhopal
CYB-2026-11967,2026-09-27T07:25:00,Job Fraud,2000,Lucknow
CYB-2026-11968,2026-09-24T02:49:00,Job Fraud,15000,Chandigarh
CYB-2026-11969,2026-09-08T01:37:00,OTP Fraud,15000,South Delhi
CYB-2026-11970,2026-09-09T07:07:00,Investment Fraud,5000,Bengaluru Urban
CYB-2026-11971,2026-09-14T21:18:00,OTP Fraud,2000,Hyderabad
CYB-2026-11972,2026-09-03T06:21:00,Investment Fraud,15000,Surat
CYB-2026-11973,2026-09-01T07:23:00,Romance Scam,5000,Chennai
CYB-2026-11974,2026-09-05T13:24:00,Romance Scam,250000,Mumbai City
CYB-2026-11975,2026-09-28T05:50:00,SIM-Swap,15000,Surat
CYB-2026-11976,2026-09-10T12:49:00,Job Fraud,8000,Indore
CYB-2026-11977,2026-09-03T03:58:00,Loan-App Fraud,25000,South Delhi
CYB-2026-11978,2026-09-08T06:45:00,Romance Scam,120000,Kolkata
CYB-2026-11979,2026-09-05T11:54:00,SIM-Swap,8000,Mumbai Suburban
CYB-2026-11980,2026-09-29T05:17:00,Loan-App Fraud,15000,Hyderabad
CYB-2026-11981,2026-09-28T13:23:00,Investment Fraud,75000,Indore
CYB-2026-11982,2026-09-19T16:18:00,OTP Fraud,25000,Mumbai Suburban
CYB-2026-11983,2026-09-12T22:20:00,OTP Fraud,2000,Indore
CYB-2026-11984,2026-09-16T09:05:00,SIM-Swap,250000,South Delhi
CYB-2026-11985,2026-09-23T10:03:00,OTP Fraud,25000,Pune
CYB-2026-11986,2026-09-29T18:57:00,SIM-Swap,250000,Jaipur
CYB-2026-11987,2026-09-29T22:08:00,Job Fraud,75000,Mumbai Suburban
CYB-2026-11988,2026-09-05T02:37:00,Romance Scam,5000,Patna
CYB-2026-11989,2026-09-18T01:40:00,Romance Scam,75000,Bengaluru Urban
CYB-2026-11990,2026-09-16T17:35:00,Loan-App Fraud,8000,Lucknow
CYB-2026-11991,2026-09-29T17:41:00,OTP Fraud,48000,Chennai
CYB-2026-11992,2026-09-11T17:09:00,Job Fraud,25000,Pune
CYB-2026-11993,2026-09-11T13:05:00,Investment Fraud,5000,Kolkata
CYB-2026-11994,2026-09-25T09:53:00,Romance Scam,8000,Chennai
CYB-2026-11995,2026-09-16T21:31:00,Romance Scam,120000,Guwahati
CYB-2026-11996,2026-09-23T17:34:00,SIM-Swap,8000,Lucknow
CYB-2026-11997,2026-09-12T14:33:00,OTP Fraud,25000,Lucknow
CYB-2026-11998,2026-09-03T06:20:00,Romance Scam,250000,Pune
CYB-2026-11999,2026-09-07T10:50:00,SIM-Swap,75000,Pune
