hop_id,complaint_id,hop_index,from_account,to_account,timestamp,bank
H0000001,CYB-2026-10000,1,AC000081,AC000082,2026-09-06T07:59:00,HDFC
H0000002,CYB-2026-10001,1,AC000083,AC000084,2026-09-11T20:29:00,BOB
H0000003,CYB-2026-10001,2,AC000084,AC000085,2026-09-11T20:47:00,PNB
H0000004,CYB-2026-10002,1,AC000086,AC000013,2026-09-08T08:00:00,Kotak
H0000005,CYB-2026-10002,2,AC000013,AC000087,2026-09-08T08:25:00,SBI
H0000006,CYB-2026-10002,3,AC000087,AC000088,2026-09-08T08:42:00,HDFC
H0000007,CYB-2026-10003,1,AC000089,AC000090,2026-09-17T17:24:00,PNB
H0000008,CYB-2026-10004,1,AC000091,AC000092,2026-09-08T16:01:00,HDFC
H0000009,CYB-2026-10004,2,AC000092,AC000093,2026-09-08T16:06:00,Axis
H0000010,CYB-2026-10004,3,AC000093,AC000094,2026-09-08T16:18:00,PNB
H0000011,CYB-2026-10005,1,AC000095,AC000096,2026-09-11T16:16:00,Kotak
H0000012,CYB-2026-10005,2,AC000096,AC000097,2026-09-11T16:31:00,BOB
H0000013,CYB-2026-10006,1,AC000098,AC000099,2026-09-25T18:54:00,Kotak
H0000014,CYB-2026-10006,2,AC000099,AC000100,2026-09-25T18:58:00,Paytm Payments Bank
H0000015,CYB-2026-10007,1,AC000101,AC000102,2026-09-20T11:20:00,PNB
H0000016,CYB-2026-10007,2,AC000102,AC000103,2026-09-20T11:47:00,SBI
H0000017,CYB-2026-10008,1,AC000104,AC000105,2026-09-06T08:20:00,PNB
H0000018,CYB-2026-10008,2,AC000105,AC000106,2026-09-06T08:44:00,ICICI
H0000019,CYB-2026-10008,3,AC000106,AC000107,2026-09-06T08:47:00,PNB
H0000020,CYB-2026-10009,1,AC000108,AC000109,2026-09-25T19:11:00,Kotak
H0000021,CYB-2026-10009,2,AC000109,AC000110,2026-09-25T19:37:00,PNB
H0000022,CYB-2026-10009,3,AC000110,AC000111,2026-09-25T19:44:00,HDFC
H0000023,CYB-2026-10010,1,AC000112,AC000113,2026-09-22T21:27:00,BOB
H0000024,CYB-2026-10010,2,AC000113,AC000114,2026-09-22T21:56:00,Axis
H0000025,CYB-2026-10010,3,AC000114,AC000115,2026-09-22T22:08:00,Kotak
H0000026,CYB-2026-10011,1,AC000116,AC000117,2026-09-02T05:00:00,SBI
H0000027,CYB-2026-10011,2,AC000117,AC000118,2026-09-02T05:28:00,SBI
H0000028,CYB-2026-10011,3,AC000118,AC000119,2026-09-02T05:30:00,Axis
H0000029,CYB-2026-10011,4,AC000119,AC000120,2026-09-02T05:45:00,Axis
H0000030,CYB-2026-10011,5,AC000120,AC000121,2026-09-02T06:08:00,Paytm Payments Bank
H0000031,CYB-2026-10012,1,AC000122,AC000123,2026-09-17T09:00:00,HDFC
H0000032,CYB-2026-10012,2,AC000123,AC000044,2026-09-17T09:25:00,HDFC
H0000033,CYB-2026-10012,3,AC000044,AC000124,2026-09-17T09:31:00,Paytm Payments Bank
H0000034,CYB-2026-10013,1,AC000125,AC000126,2026-09-21T10:18:00,SBI
H0000035,CYB-2026-10014,1,AC000127,AC000128,2026-09-03T22:10:00,Paytm Payments Bank
H0000036,CYB-2026-10014,2,AC000128,AC000129,2026-09-03T22:32:00,Paytm Payments Bank
H0000037,CYB-2026-10015,1,AC000130,AC000131,2026-09-15T12:59:00,ICICI
H0000038,CYB-2026-10015,2,AC000131,AC000066,2026-09-15T13:01:00,ICICI
H0000039,CYB-2026-10016,1,AC000132,AC000133,2026-09-12T11:13:00,Kotak
H0000040,CYB-2026-10017,1,AC000134,AC000135,2026-09-30T15:32:00,HDFC
H0000041,CYB-2026-10017,2,AC000135,AC000080,2026-09-30T15:50:00,HDFC
H0000042,CYB-2026-10018,1,AC000136,AC000137,2026-09-12T09:06:00,PNB
H0000043,CYB-2026-10019,1,AC000138,AC000139,2026-09-13T07:11:00,Axis
H0000044,CYB-2026-10019,2,AC000139,AC000140,2026-09-13T07:17:00,PNB
H0000045,CYB-2026-10020,1,AC000141,AC000142,2026-09-03T06:17:00,ICICI
H0000046,CYB-2026-10020,2,AC000142,AC000143,2026-09-03T06:34:00,BOB
H0000047,CYB-2026-10020,3,AC000143,AC000144,2026-09-03T06:37:00,HDFC
H0000048,CYB-2026-10021,1,AC000145,AC000146,2026-09-20T19:55:00,SBI
H0000049,CYB-2026-10021,2,AC000146,AC000147,2026-09-20T20:01:00,Axis
H0000050,CYB-2026-10021,3,AC000147,AC000148,2026-09-20T20:12:00,BOB
H0000051,CYB-2026-10022,1,AC000149,AC000150,2026-09-20T00:33:00,Axis
H0000052,CYB-2026-10022,2,AC000150,AC000151,2026-09-20T00:58:00,HDFC
H0000053,CYB-2026-10022,3,AC000151,AC000152,2026-09-20T00:59:00,Paytm Payments Bank
H0000054,CYB-2026-10023,1,AC000153,AC000154,2026-09-10T01:26:00,PNB
H0000055,CYB-2026-10023,2,AC000154,AC000155,2026-09-10T01:42:00,BOB
H0000056,CYB-2026-10024,1,AC000156,AC000157,2026-09-09T09:13:00,Kotak
H0000057,CYB-2026-10024,2,AC000157,AC000158,2026-09-09T09:29:00,HDFC
H0000058,CYB-2026-10024,3,AC000158,AC000159,2026-09-09T09:47:00,Axis
H0000059,CYB-2026-10025,1,AC000160,AC000161,2026-09-10T05:41:00,Kotak
H0000060,CYB-2026-10026,1,AC000162,AC000163,2026-09-16T02:29:00,BOB
H0000061,CYB-2026-10026,2,AC000163,AC000164,2026-09-16T02:57:00,ICICI
H0000062,CYB-2026-10026,3,AC000164,AC000165,2026-09-16T03:06:00,BOB
H0000063,CYB-2026-10026,4,AC000165,AC000166,2026-09-16T03:06:00,PNB
H0000064,CYB-2026-10027,1,AC000167,AC000168,2026-09-24T12:41:00,Kotak
H0000065,CYB-2026-10027,2,AC000168,AC000031,2026-09-24T13:02:00,PNB
H0000066,CYB-2026-10028,1,AC000169,AC000170,2026-09-29T01:58:00,Axis
H0000067,CYB-2026-10028,2,AC000170,AC000171,2026-09-29T02:10:00,Paytm Payments Bank
H0000068,CYB-2026-10028,3,AC000171,AC000172,2026-09-29T02:14:00,SBI
H0000069,CYB-2026-10029,1,AC000173,AC000174,2026-09-24T19:47:00,Paytm Payments Bank
H0000070,CYB-2026-10030,1,AC000175,AC000176,2026-09-29T03:15:00,Paytm Payments Bank
H0000071,CYB-2026-10030,2,AC000176,AC000177,2026-09-29T03:39:00,Axis
H0000072,CYB-2026-10030,3,AC000177,AC000178,2026-09-29T03:47:00,Paytm Payments Bank
H0000073,CYB-2026-10030,4,AC000178,AC000179,2026-09-29T03:55:00,Paytm Payments Bank
H0000074,CYB-2026-10031,1,AC000180,AC000181,2026-09-04T22:04:00,Axis
H0000075,CYB-2026-10032,1,AC000182,AC000183,2026-09-20T09:18:00,BOB
H0000076,CYB-2026-10032,2,AC000183,AC000184,2026-09-20T09:48:00,Kotak
H0000077,CYB-2026-10033,1,AC000185,AC000186,2026-09-28T17:09:00,SBI
H0000078,CYB-2026-10034,1,AC000187,AC000188,2026-09-25T13:24:00,HDFC
H0000079,CYB-2026-10034,2,AC000188,AC000189,2026-09-25T13:28:00,Paytm Payments Bank
H0000080,CYB-2026-10034,3,AC000189,AC000190,2026-09-25T13:36:00,BOB
H0000081,CYB-2026-10035,1,AC000191,AC000192,2026-09-12T17:33:00,Kotak
H0000082,CYB-2026-10035,2,AC000192,AC000193,2026-09-12T17:35:00,SBI
H0000083,CYB-2026-10036,1,AC000194,AC000195,2026-09-22T19:23:00,Kotak
H0000084,CYB-2026-10036,2,AC000195,AC000196,2026-09-22T19:42:00,HDFC
H0000085,CYB-2026-10037,1,AC000197,AC000198,2026-09-27T11:13:00,Axis
H0000086,CYB-2026-10037,2,AC000198,AC000039,2026-09-27T11:40:00,HDFC
H0000087,CYB-2026-10037,3,AC000039,AC000199,2026-09-27T11:58:00,SBI
H0000088,CYB-2026-10037,4,AC000199,AC000200,2026-09-27T12:11:00,Kotak
H0000089,CYB-2026-10037,5,AC000200,AC000044,2026-09-27T12:11:00,BOB
H0000090,CYB-2026-10038,1,AC000201,AC000202,2026-09-08T05:26:00,PNB
H0000091,CYB-2026-10038,2,AC000202,AC000203,2026-09-08T05:55:00,Paytm Payments Bank
H0000092,CYB-2026-10038,3,AC000203,AC000204,2026-09-08T06:21:00,PNB
H0000093,CYB-2026-10038,4,AC000204,AC000205,2026-09-08T06:28:00,HDFC
H0000094,CYB-2026-10039,1,AC000206,AC000207,2026-09-18T12:02:00,Paytm Payments Bank
H0000095,CYB-2026-10039,2,AC000207,AC000208,2026-09-18T12:27:00,PNB
H0000096,CYB-2026-10040,1,AC000209,AC000210,2026-09-05T03:37:00,Paytm Payments Bank
H0000097,CYB-2026-10040,2,AC000210,AC000211,2026-09-05T03:52:00,Paytm Payments Bank
H0000098,CYB-2026-10040,3,AC000211,AC000212,2026-09-05T03:54:00,PNB
H0000099,CYB-2026-10041,1,AC000213,AC000214,2026-09-26T10:49:00,Kotak
H0000100,CYB-2026-10041,2,AC000214,AC000215,2026-09-26T11:03:00,PNB
H0000101,CYB-2026-10041,3,AC000215,AC000216,2026-09-26T11:10:00,HDFC
H0000102,CYB-2026-10042,1,AC000217,AC000218,2026-09-23T07:18:00,Axis
H0000103,CYB-2026-10042,2,AC000218,AC000219,2026-09-23T07:29:00,ICICI
H0000104,CYB-2026-10042,3,AC000219,AC000220,2026-09-23T07:51:00,ICICI
H0000105,CYB-2026-10043,1,AC000221,AC000222,2026-09-23T14:24:00,Kotak
H0000106,CYB-2026-10043,2,AC000222,AC000223,2026-09-23T14:25:00,PNB
H0000107,CYB-2026-10044,1,AC000224,AC000225,2026-09-29T22:01:00,PNB
H0000108,CYB-2026-10045,1,AC000226,AC000227,2026-09-11T12:39:00,BOB
H0000109,CYB-2026-10045,2,AC000227,AC000228,2026-09-11T12:58:00,SBI
H0000110,CYB-2026-10046,1,AC000229,AC000230,2026-09-04T22:45:00,SBI
H0000111,CYB-2026-10046,2,AC000230,AC000231,2026-09-04T23:07:00,Paytm Payments Bank
H0000112,CYB-2026-10046,3,AC000231,AC000232,2026-09-04T23:14:00,PNB
H0000113,CYB-2026-10047,1,AC000233,AC000234,2026-09-28T02:32:00,ICICI
H0000114,CYB-2026-10048,1,AC000235,AC000236,2026-09-27T03:52:00,BOB
H0000115,CYB-2026-10049,1,AC000237,AC000030,2026-09-20T22:23:00,SBI
H0000116,CYB-2026-10049,2,AC000030,AC000238,2026-09-20T22:44:00,PNB
H0000117,CYB-2026-10050,1,AC000239,AC000240,2026-09-09T12:27:00,Kotak
H0000118,CYB-2026-10050,2,AC000240,AC000241,2026-09-09T12:30:00,ICICI
H0000119,CYB-2026-10050,3,AC000241,AC000242,2026-09-09T12:52:00,Paytm Payments Bank
H0000120,CYB-2026-10051,1,AC000243,AC000244,2026-09-15T23:06:00,Paytm Payments Bank
H0000121,CYB-2026-10051,2,AC000244,AC000245,2026-09-15T23:12:00,Kotak
H0000122,CYB-2026-10051,3,AC000245,AC000246,2026-09-15T23:27:00,Paytm Payments Bank
H0000123,CYB-2026-10051,4,AC000246,AC000247,2026-09-15T23:33:00,PNB
H0000124,CYB-2026-10051,5,AC000247,AC000248,2026-09-16T00:02:00,PNB
H0000125,CYB-2026-10052,1,AC000249,AC000250,2026-09-08T11:01:00,Axis
H0000126,CYB-2026-10052,2,AC000250,AC000251,2026-09-08T11:30:00,HDFC
H0000127,CYB-2026-10053,1,AC000252,AC000253,2026-09-24T09:56:00,Paytm Payments Bank
H0000128,CYB-2026-10053,2,AC000253,AC000254,2026-09-24T10:08:00,Axis
H0000129,CYB-2026-10053,3,AC000254,AC000255,2026-09-24T10:24:00,ICICI
H0000130,CYB-2026-10053,4,AC000255,AC000256,2026-09-24T10:32:00,BOB
H0000131,CYB-2026-10054,1,AC000257,AC000258,2026-09-27T15:36:00,Kotak
H0000132,CYB-2026-10054,2,AC000258,AC000259,2026-09-27T15:53:00,BOB
H0000133,CYB-2026-10055,1,AC000260,AC000261,2026-09-03T05:52:00,BOB
H0000134,CYB-2026-10055,2,AC000261,AC000262,2026-09-03T06:17:00,ICICI
H0000135,CYB-2026-10055,3,AC000262,AC000263,2026-09-03T06:18:00,ICICI
H0000136,CYB-2026-10055,4,AC000263,AC000264,2026-09-03T06:36:00,Kotak
H0000137,CYB-2026-10056,1,AC000265,AC000266,2026-09-19T21:56:00,Kotak
H0000138,CYB-2026-10056,2,AC000266,AC000267,2026-09-19T22:08:00,HDFC
H0000139,CYB-2026-10056,3,AC000267,AC000268,2026-09-19T22:35:00,BOB
H0000140,CYB-2026-10057,1,AC000269,AC000270,2026-09-29T23:26:00,HDFC
H0000141,CYB-2026-10057,2,AC000270,AC000271,2026-09-29T23:48:00,PNB
H0000142,CYB-2026-10058,1,AC000272,AC000273,2026-09-20T20:46:00,ICICI
H0000143,CYB-2026-10058,2,AC000273,AC000274,2026-09-20T20:48:00,BOB
H0000144,CYB-2026-10058,3,AC000274,AC000275,2026-09-20T20:55:00,Paytm Payments Bank
H0000145,CYB-2026-10058,4,AC000275,AC000276,2026-09-20T20:59:00,Axis
H0000146,CYB-2026-10058,5,AC000276,AC000277,2026-09-20T21:07:00,Paytm Payments Bank
H0000147,CYB-2026-10059,1,AC000278,AC000279,2026-09-21T08:42:00,PNB
H0000148,CYB-2026-10059,2,AC000279,AC000280,2026-09-21T08:51:00,Axis
H0000149,CYB-2026-10060,1,AC000281,AC000282,2026-09-14T17:10:00,SBI
H0000150,CYB-2026-10060,2,AC000282,AC000283,2026-09-14T17:33:00,Paytm Payments Bank
H0000151,CYB-2026-10060,3,AC000283,AC000284,2026-09-14T18:01:00,PNB
H0000152,CYB-2026-10061,1,AC000285,AC000286,2026-09-29T12:30:00,SBI
H0000153,CYB-2026-10061,2,AC000286,AC000287,2026-09-29T12:44:00,SBI
H0000154,CYB-2026-10062,1,AC000288,AC000289,2026-09-09T06:01:00,PNB
H0000155,CYB-2026-10062,2,AC000289,AC000290,2026-09-09T06:09:00,Paytm Payments Bank
H0000156,CYB-2026-10062,3,AC000290,AC000291,2026-09-09T06:18:00,Kotak
H0000157,CYB-2026-10062,4,AC000291,AC000292,2026-09-09T06:32:00,HDFC
H0000158,CYB-2026-10063,1,AC000293,AC000294,2026-09-01T21:33:00,PNB
H0000159,CYB-2026-10063,2,AC000294,AC000295,2026-09-01T21:59:00,Kotak
H0000160,CYB-2026-10064,1,AC000296,AC000297,2026-09-16T04:45:00,PNB
H0000161,CYB-2026-10064,2,AC000297,AC000298,2026-09-16T04:48:00,ICICI
H0000162,CYB-2026-10064,3,AC000298,AC000005,2026-09-16T04:57:00,Paytm Payments Bank
H0000163,CYB-2026-10065,1,AC000299,AC000300,2026-09-25T20:22:00,HDFC
H0000164,CYB-2026-10066,1,AC000301,AC000048,2026-09-21T10:34:00,Kotak
H0000165,CYB-2026-10066,2,AC000048,AC000036,2026-09-21T10:40:00,HDFC
H0000166,CYB-2026-10066,3,AC000036,AC000302,2026-09-21T11:06:00,Paytm Payments Bank
H0000167,CYB-2026-10067,1,AC000303,AC000304,2026-09-06T23:58:00,Axis
H0000168,CYB-2026-10067,2,AC000304,AC000305,2026-09-07T00:02:00,SBI
H0000169,CYB-2026-10068,1,AC000306,AC000307,2026-09-02T10:16:00,Kotak
H0000170,CYB-2026-10068,2,AC000307,AC000034,2026-09-02T10:17:00,ICICI
H0000171,CYB-2026-10069,1,AC000308,AC000309,2026-09-28T06:45:00,SBI
H0000172,CYB-2026-10069,2,AC000309,AC000310,2026-09-28T07:14:00,PNB
H0000173,CYB-2026-10069,3,AC000310,AC000311,2026-09-28T07:44:00,SBI
H0000174,CYB-2026-10070,1,AC000312,AC000313,2026-09-21T10:31:00,ICICI
H0000175,CYB-2026-10070,2,AC000313,AC000314,2026-09-21T10:51:00,Kotak
H0000176,CYB-2026-10071,1,AC000315,AC000316,2026-09-05T18:32:00,Paytm Payments Bank
H0000177,CYB-2026-10071,2,AC000316,AC000317,2026-09-05T18:45:00,Kotak
H0000178,CYB-2026-10071,3,AC000317,AC000318,2026-09-05T18:57:00,BOB
H0000179,CYB-2026-10071,4,AC000318,AC000319,2026-09-05T19:07:00,BOB
H0000180,CYB-2026-10072,1,AC000320,AC000048,2026-09-05T10:03:00,ICICI
H0000181,CYB-2026-10072,2,AC000048,AC000321,2026-09-05T10:21:00,Kotak
H0000182,CYB-2026-10073,1,AC000322,AC000323,2026-09-28T13:54:00,ICICI
H0000183,CYB-2026-10073,2,AC000323,AC000324,2026-09-28T14:01:00,HDFC
H0000184,CYB-2026-10073,3,AC000324,AC000325,2026-09-28T14:18:00,Kotak
H0000185,CYB-2026-10074,1,AC000326,AC000327,2026-09-29T04:37:00,PNB
H0000186,CYB-2026-10074,2,AC000327,AC000035,2026-09-29T04:59:00,PNB
H0000187,CYB-2026-10074,3,AC000035,AC000328,2026-09-29T05:10:00,SBI
H0000188,CYB-2026-10075,1,AC000329,AC000330,2026-09-30T01:49:00,Kotak
H0000189,CYB-2026-10076,1,AC000331,AC000332,2026-09-08T08:04:00,Paytm Payments Bank
H0000190,CYB-2026-10077,1,AC000333,AC000334,2026-09-06T10:40:00,Paytm Payments Bank
H0000191,CYB-2026-10078,1,AC000335,AC000336,2026-09-01T14:47:00,PNB
H0000192,CYB-2026-10079,1,AC000337,AC000006,2026-09-18T13:30:00,SBI
H0000193,CYB-2026-10079,2,AC000006,AC000338,2026-09-18T13:32:00,Kotak
H0000194,CYB-2026-10079,3,AC000338,AC000339,2026-09-18T13:50:00,BOB
H0000195,CYB-2026-10080,1,AC000340,AC000341,2026-09-09T01:46:00,Axis
H0000196,CYB-2026-10080,2,AC000341,AC000342,2026-09-09T01:58:00,HDFC
H0000197,CYB-2026-10080,3,AC000342,AC000343,2026-09-09T02:07:00,Kotak
H0000198,CYB-2026-10081,1,AC000344,AC000345,2026-09-10T02:07:00,ICICI
H0000199,CYB-2026-10081,2,AC000345,AC000346,2026-09-10T02:11:00,PNB
H0000200,CYB-2026-10081,3,AC000346,AC000347,2026-09-10T02:30:00,ICICI
H0000201,CYB-2026-10082,1,AC000348,AC000349,2026-09-27T15:15:00,Kotak
H0000202,CYB-2026-10082,2,AC000349,AC000350,2026-09-27T15:35:00,Kotak
H0000203,CYB-2026-10082,3,AC000350,AC000351,2026-09-27T15:37:00,Paytm Payments Bank
H0000204,CYB-2026-10083,1,AC000352,AC000037,2026-09-15T09:04:00,HDFC
H0000205,CYB-2026-10084,1,AC000353,AC000354,2026-09-03T03:03:00,ICICI
H0000206,CYB-2026-10085,1,AC000355,AC000356,2026-09-09T02:44:00,ICICI
H0000207,CYB-2026-10085,2,AC000356,AC000357,2026-09-09T03:13:00,PNB
H0000208,CYB-2026-10086,1,AC000358,AC000359,2026-09-16T06:29:00,ICICI
H0000209,CYB-2026-10086,2,AC000359,AC000360,2026-09-16T06:47:00,ICICI
H0000210,CYB-2026-10087,1,AC000361,AC000362,2026-09-15T08:29:00,HDFC
H0000211,CYB-2026-10087,2,AC000362,AC000363,2026-09-15T08:42:00,Kotak
H0000212,CYB-2026-10088,1,AC000364,AC000013,2026-09-09T23:59:00,SBI
H0000213,CYB-2026-10088,2,AC000013,AC000365,2026-09-10T00:27:00,ICICI
H0000214,CYB-2026-10089,1,AC000366,AC000367,2026-09-21T04:10:00,Paytm Payments Bank
H0000215,CYB-2026-10089,2,AC000367,AC000368,2026-09-21T04:34:00,Paytm Payments Bank
H0000216,CYB-2026-10089,3,AC000368,AC000369,2026-09-21T04:41:00,PNB
H0000217,CYB-2026-10090,1,AC000370,AC000371,2026-09-21T07:27:00,ICICI
H0000218,CYB-2026-10090,2,AC000371,AC000372,2026-09-21T07:52:00,ICICI
H0000219,CYB-2026-10091,1,AC000373,AC000374,2026-09-24T17:38:00,Paytm Payments Bank
H0000220,CYB-2026-10092,1,AC000375,AC000376,2026-09-02T11:14:00,BOB
H0000221,CYB-2026-10092,2,AC000376,AC000377,2026-09-02T11:25:00,Axis
H0000222,CYB-2026-10092,3,AC000377,AC000013,2026-09-02T11:51:00,Kotak
H0000223,CYB-2026-10092,4,AC000013,AC000378,2026-09-02T11:55:00,SBI
H0000224,CYB-2026-10093,1,AC000379,AC000380,2026-09-21T16:25:00,ICICI
H0000225,CYB-2026-10093,2,AC000380,AC000381,2026-09-21T16:48:00,BOB
H0000226,CYB-2026-10094,1,AC000382,AC000383,2026-09-30T08:09:00,SBI
H0000227,CYB-2026-10094,2,AC000383,AC000384,2026-09-30T08:27:00,Axis
H0000228,CYB-2026-10095,1,AC000385,AC000386,2026-09-20T05:02:00,SBI
H0000229,CYB-2026-10095,2,AC000386,AC000387,2026-09-20T05:17:00,SBI
H0000230,CYB-2026-10095,3,AC000387,AC000388,2026-09-20T05:28:00,PNB
H0000231,CYB-2026-10096,1,AC000389,AC000390,2026-09-05T23:23:00,ICICI
H0000232,CYB-2026-10097,1,AC000391,AC000392,2026-09-04T03:20:00,Axis
H0000233,CYB-2026-10097,2,AC000392,AC000393,2026-09-04T03:30:00,PNB
H0000234,CYB-2026-10097,3,AC000393,AC000394,2026-09-04T03:56:00,Paytm Payments Bank
H0000235,CYB-2026-10098,1,AC000395,AC000396,2026-10-01T02:27:00,BOB
H0000236,CYB-2026-10099,1,AC000397,AC000398,2026-09-24T21:24:00,ICICI
H0000237,CYB-2026-10099,2,AC000398,AC000399,2026-09-24T21:34:00,HDFC
H0000238,CYB-2026-10099,3,AC000399,AC000038,2026-09-24T21:43:00,Paytm Payments Bank
H0000239,CYB-2026-10099,4,AC000038,AC000400,2026-09-24T21:56:00,ICICI
H0000240,CYB-2026-10099,5,AC000400,AC000401,2026-09-24T22:07:00,Paytm Payments Bank
H0000241,CYB-2026-10100,1,AC000402,AC000403,2026-09-04T16:01:00,Paytm Payments Bank
H0000242,CYB-2026-10101,1,AC000404,AC000405,2026-09-27T02:04:00,Kotak
H0000243,CYB-2026-10101,2,AC000405,AC000406,2026-09-27T02:28:00,HDFC
H0000244,CYB-2026-10102,1,AC000407,AC000408,2026-09-06T10:23:00,HDFC
H0000245,CYB-2026-10102,2,AC000408,AC000409,2026-09-06T10:31:00,Paytm Payments Bank
H0000246,CYB-2026-10102,3,AC000409,AC000410,2026-09-06T10:50:00,PNB
H0000247,CYB-2026-10103,1,AC000411,AC000412,2026-09-09T02:45:00,Kotak
H0000248,CYB-2026-10103,2,AC000412,AC000413,2026-09-09T03:02:00,PNB
H0000249,CYB-2026-10103,3,AC000413,AC000414,2026-09-09T03:29:00,ICICI
H0000250,CYB-2026-10103,4,AC000414,AC000415,2026-09-09T03:58:00,ICICI
H0000251,CYB-2026-10104,1,AC000416,AC000417,2026-09-23T17:53:00,ICICI
H0000252,CYB-2026-10104,2,AC000417,AC000418,2026-09-23T17:55:00,HDFC
H0000253,CYB-2026-10104,3,AC000418,AC000419,2026-09-23T18:17:00,Paytm Payments Bank
H0000254,CYB-2026-10105,1,AC000420,AC000421,2026-09-30T11:47:00,ICICI
H0000255,CYB-2026-10105,2,AC000421,AC000422,2026-09-30T12:11:00,ICICI
H0000256,CYB-2026-10105,3,AC000422,AC000423,2026-09-30T12:15:00,BOB
H0000257,CYB-2026-10105,4,AC000423,AC000424,2026-09-30T12:42:00,SBI
H0000258,CYB-2026-10106,1,AC000425,AC000426,2026-09-11T12:24:00,Axis
H0000259,CYB-2026-10106,2,AC000426,AC000427,2026-09-11T12:41:00,PNB
H0000260,CYB-2026-10107,1,AC000428,AC000429,2026-09-28T04:42:00,SBI
H0000261,CYB-2026-10107,2,AC000429,AC000430,2026-09-28T04:42:00,HDFC
H0000262,CYB-2026-10107,3,AC000430,AC000074,2026-09-28T04:50:00,Axis
H0000263,CYB-2026-10108,1,AC000431,AC000432,2026-09-14T10:44:00,BOB
H0000264,CYB-2026-10109,1,AC000433,AC000434,2026-09-10T13:12:00,Kotak
H0000265,CYB-2026-10109,2,AC000434,AC000435,2026-09-10T13:39:00,Kotak
H0000266,CYB-2026-10110,1,AC000436,AC000437,2026-09-22T11:33:00,SBI
H0000267,CYB-2026-10110,2,AC000437,AC000438,2026-09-22T11:45:00,BOB
H0000268,CYB-2026-10110,3,AC000438,AC000439,2026-09-22T12:12:00,ICICI
H0000269,CYB-2026-10111,1,AC000440,AC000441,2026-09-24T16:15:00,BOB
H0000270,CYB-2026-10111,2,AC000441,AC000442,2026-09-24T16:45:00,Axis
H0000271,CYB-2026-10111,3,AC000442,AC000443,2026-09-24T16:56:00,SBI
H0000272,CYB-2026-10112,1,AC000444,AC000445,2026-09-20T20:52:00,SBI
H0000273,CYB-2026-10112,2,AC000445,AC000446,2026-09-20T21:10:00,Axis
H0000274,CYB-2026-10113,1,AC000447,AC000448,2026-09-13T23:56:00,Kotak
H0000275,CYB-2026-10114,1,AC000449,AC000450,2026-09-03T02:23:00,Paytm Payments Bank
H0000276,CYB-2026-10115,1,AC000451,AC000452,2026-09-15T18:04:00,Kotak
H0000277,CYB-2026-10115,2,AC000452,AC000453,2026-09-15T18:20:00,Paytm Payments Bank
H0000278,CYB-2026-10115,3,AC000453,AC000454,2026-09-15T18:29:00,Paytm Payments Bank
H0000279,CYB-2026-10116,1,AC000455,AC000456,2026-09-29T21:39:00,Axis
H0000280,CYB-2026-10116,2,AC000456,AC000457,2026-09-29T21:57:00,Paytm Payments Bank
H0000281,CYB-2026-10117,1,AC000458,AC000459,2026-09-02T16:42:00,ICICI
H0000282,CYB-2026-10117,2,AC000459,AC000460,2026-09-02T16:48:00,BOB
H0000283,CYB-2026-10118,1,AC000461,AC000462,2026-09-07T13:04:00,BOB
H0000284,CYB-2026-10118,2,AC000462,AC000463,2026-09-07T13:09:00,Paytm Payments Bank
H0000285,CYB-2026-10119,1,AC000464,AC000465,2026-09-30T12:46:00,PNB
H0000286,CYB-2026-10119,2,AC000465,AC000466,2026-09-30T12:53:00,PNB
H0000287,CYB-2026-10120,1,AC000467,AC000468,2026-09-13T16:53:00,BOB
H0000288,CYB-2026-10120,2,AC000468,AC000469,2026-09-13T17:23:00,ICICI
H0000289,CYB-2026-10120,3,AC000469,AC000470,2026-09-13T17:32:00,HDFC
H0000290,CYB-2026-10121,1,AC000471,AC000076,2026-09-13T14:15:00,Axis
H0000291,CYB-2026-10122,1,AC000472,AC000473,2026-09-22T18:28:00,ICICI
H0000292,CYB-2026-10122,2,AC000473,AC000474,2026-09-22T18:57:00,Paytm Payments Bank
H0000293,CYB-2026-10122,3,AC000474,AC000475,2026-09-22T19:03:00,PNB
H0000294,CYB-2026-10123,1,AC000476,AC000477,2026-09-02T22:45:00,BOB
H0000295,CYB-2026-10124,1,AC000478,AC000479,2026-09-28T16:43:00,Paytm Payments Bank
H0000296,CYB-2026-10124,2,AC000479,AC000480,2026-09-28T16:47:00,Paytm Payments Bank
H0000297,CYB-2026-10125,1,AC000481,AC000482,2026-09-09T17:46:00,Axis
H0000298,CYB-2026-10125,2,AC000482,AC000483,2026-09-09T18:13:00,BOB
H0000299,CYB-2026-10125,3,AC000483,AC000484,2026-09-09T18:29:00,Kotak
H0000300,CYB-2026-10125,4,AC000484,AC000013,2026-09-09T18:34:00,ICICI
H0000301,CYB-2026-10126,1,AC000485,AC000486,2026-09-16T06:10:00,Kotak
H0000302,CYB-2026-10126,2,AC000486,AC000487,2026-09-16T06:11:00,HDFC
H0000303,CYB-2026-10126,3,AC000487,AC000488,2026-09-16T06:16:00,BOB
H0000304,CYB-2026-10126,4,AC000488,AC000489,2026-09-16T06:45:00,PNB
H0000305,CYB-2026-10126,5,AC000489,AC000490,2026-09-16T07:05:00,PNB
H0000306,CYB-2026-10127,1,AC000491,AC000492,2026-09-28T20:02:00,Axis
H0000307,CYB-2026-10127,2,AC000492,AC000493,2026-09-28T20:23:00,HDFC
H0000308,CYB-2026-10128,1,AC000494,AC000495,2026-09-04T01:31:00,ICICI
H0000309,CYB-2026-10129,1,AC000496,AC000497,2026-09-24T11:40:00,Paytm Payments Bank
H0000310,CYB-2026-10129,2,AC000497,AC000498,2026-09-24T11:57:00,Paytm Payments Bank
H0000311,CYB-2026-10130,1,AC000499,AC000500,2026-09-11T04:02:00,SBI
H0000312,CYB-2026-10130,2,AC000500,AC000501,2026-09-11T04:04:00,Paytm Payments Bank
H0000313,CYB-2026-10131,1,AC000502,AC000503,2026-09-20T09:37:00,BOB
H0000314,CYB-2026-10131,2,AC000503,AC000504,2026-09-20T09:58:00,ICICI
H0000315,CYB-2026-10132,1,AC000505,AC000506,2026-09-11T09:37:00,BOB
H0000316,CYB-2026-10132,2,AC000506,AC000507,2026-09-11T10:03:00,Axis
H0000317,CYB-2026-10132,3,AC000507,AC000508,2026-09-11T10:14:00,ICICI
H0000318,CYB-2026-10133,1,AC000509,AC000077,2026-09-29T05:40:00,Paytm Payments Bank
H0000319,CYB-2026-10133,2,AC000077,AC000510,2026-09-29T06:02:00,SBI
H0000320,CYB-2026-10134,1,AC000511,AC000512,2026-09-07T15:26:00,Kotak
H0000321,CYB-2026-10135,1,AC000513,AC000076,2026-09-11T07:54:00,ICICI
H0000322,CYB-2026-10135,2,AC000076,AC000514,2026-09-11T08:07:00,Paytm Payments Bank
H0000323,CYB-2026-10136,1,AC000515,AC000516,2026-09-08T01:14:00,Axis
H0000324,CYB-2026-10136,2,AC000516,AC000517,2026-09-08T01:23:00,ICICI
H0000325,CYB-2026-10137,1,AC000518,AC000519,2026-09-12T07:44:00,Paytm Payments Bank
H0000326,CYB-2026-10137,2,AC000519,AC000520,2026-09-12T07:46:00,Axis
H0000327,CYB-2026-10137,3,AC000520,AC000049,2026-09-12T08:07:00,SBI
H0000328,CYB-2026-10138,1,AC000521,AC000522,2026-09-15T01:12:00,Paytm Payments Bank
H0000329,CYB-2026-10138,2,AC000522,AC000523,2026-09-15T01:34:00,Axis
H0000330,CYB-2026-10138,3,AC000523,AC000524,2026-09-15T01:41:00,Kotak
H0000331,CYB-2026-10139,1,AC000525,AC000061,2026-09-17T15:13:00,Kotak
H0000332,CYB-2026-10139,2,AC000061,AC000526,2026-09-17T15:24:00,Kotak
H0000333,CYB-2026-10139,3,AC000526,AC000527,2026-09-17T15:42:00,Axis
H0000334,CYB-2026-10139,4,AC000527,AC000528,2026-09-17T15:42:00,PNB
H0000335,CYB-2026-10140,1,AC000529,AC000530,2026-09-27T04:42:00,Kotak
H0000336,CYB-2026-10140,2,AC000530,AC000531,2026-09-27T05:08:00,Paytm Payments Bank
H0000337,CYB-2026-10140,3,AC000531,AC000532,2026-09-27T05:28:00,Paytm Payments Bank
H0000338,CYB-2026-10140,4,AC000532,AC000533,2026-09-27T05:51:00,Kotak
H0000339,CYB-2026-10141,1,AC000534,AC000535,2026-09-25T02:30:00,ICICI
H0000340,CYB-2026-10142,1,AC000536,AC000537,2026-09-22T00:34:00,Paytm Payments Bank
H0000341,CYB-2026-10142,2,AC000537,AC000538,2026-09-22T00:34:00,SBI
H0000342,CYB-2026-10142,3,AC000538,AC000539,2026-09-22T00:47:00,SBI
H0000343,CYB-2026-10143,1,AC000540,AC000541,2026-09-20T20:25:00,Axis
H0000344,CYB-2026-10144,1,AC000542,AC000543,2026-09-22T03:47:00,HDFC
H0000345,CYB-2026-10144,2,AC000543,AC000544,2026-09-22T04:14:00,SBI
H0000346,CYB-2026-10144,3,AC000544,AC000049,2026-09-22T04:26:00,Paytm Payments Bank
H0000347,CYB-2026-10145,1,AC000545,AC000546,2026-09-16T08:18:00,Paytm Payments Bank
H0000348,CYB-2026-10146,1,AC000547,AC000548,2026-09-09T10:18:00,BOB
H0000349,CYB-2026-10147,1,AC000549,AC000550,2026-09-25T20:48:00,HDFC
H0000350,CYB-2026-10147,2,AC000550,AC000551,2026-09-25T20:59:00,SBI
H0000351,CYB-2026-10147,3,AC000551,AC000030,2026-09-25T21:25:00,HDFC
H0000352,CYB-2026-10147,4,AC000030,AC000552,2026-09-25T21:49:00,BOB
H0000353,CYB-2026-10148,1,AC000553,AC000554,2026-09-23T14:05:00,ICICI
H0000354,CYB-2026-10148,2,AC000554,AC000555,2026-09-23T14:26:00,BOB
H0000355,CYB-2026-10148,3,AC000555,AC000080,2026-09-23T14:35:00,Axis
H0000356,CYB-2026-10148,4,AC000080,AC000556,2026-09-23T14:37:00,PNB
H0000357,CYB-2026-10149,1,AC000557,AC000558,2026-09-01T11:43:00,ICICI
H0000358,CYB-2026-10149,2,AC000558,AC000056,2026-09-01T11:57:00,BOB
H0000359,CYB-2026-10150,1,AC000559,AC000560,2026-09-18T18:48:00,Axis
H0000360,CYB-2026-10150,2,AC000560,AC000561,2026-09-18T18:53:00,BOB
H0000361,CYB-2026-10150,3,AC000561,AC000562,2026-09-18T19:01:00,PNB
H0000362,CYB-2026-10150,4,AC000562,AC000563,2026-09-18T19:05:00,HDFC
H0000363,CYB-2026-10151,1,AC000564,AC000565,2026-09-12T17:09:00,HDFC
H0000364,CYB-2026-10151,2,AC000565,AC000566,2026-09-12T17:09:00,BOB
H0000365,CYB-2026-10151,3,AC000566,AC000567,2026-09-12T17:28:00,BOB
H0000366,CYB-2026-10151,4,AC000567,AC000568,2026-09-12T17:38:00,Paytm Payments Bank
H0000367,CYB-2026-10151,5,AC000568,AC000569,2026-09-12T18:04:00,ICICI
H0000368,CYB-2026-10152,1,AC000570,AC000571,2026-09-14T12:28:00,BOB
H0000369,CYB-2026-10152,2,AC000571,AC000572,2026-09-14T12:57:00,Axis
H0000370,CYB-2026-10152,3,AC000572,AC000573,2026-09-14T13:14:00,ICICI
H0000371,CYB-2026-10153,1,AC000574,AC000575,2026-09-04T09:39:00,PNB
H0000372,CYB-2026-10154,1,AC000576,AC000577,2026-09-23T01:54:00,BOB
H0000373,CYB-2026-10154,2,AC000577,AC000578,2026-09-23T02:19:00,Kotak
H0000374,CYB-2026-10154,3,AC000578,AC000579,2026-09-23T02:44:00,HDFC
H0000375,CYB-2026-10155,1,AC000580,AC000013,2026-09-30T14:40:00,Axis
H0000376,CYB-2026-10155,2,AC000013,AC000581,2026-09-30T14:56:00,Axis
H0000377,CYB-2026-10156,1,AC000582,AC000054,2026-09-08T03:08:00,HDFC
H0000378,CYB-2026-10156,2,AC000054,AC000019,2026-09-08T03:19:00,PNB
H0000379,CYB-2026-10157,1,AC000583,AC000015,2026-09-21T20:11:00,Kotak
H0000380,CYB-2026-10157,2,AC000015,AC000584,2026-09-21T20:32:00,ICICI
H0000381,CYB-2026-10157,3,AC000584,AC000585,2026-09-21T20:55:00,Axis
H0000382,CYB-2026-10158,1,AC000586,AC000587,2026-09-11T19:27:00,BOB
H0000383,CYB-2026-10158,2,AC000587,AC000079,2026-09-11T19:55:00,Axis
H0000384,CYB-2026-10159,1,AC000588,AC000589,2026-09-04T02:26:00,Paytm Payments Bank
H0000385,CYB-2026-10159,2,AC000589,AC000063,2026-09-04T02:42:00,Kotak
H0000386,CYB-2026-10159,3,AC000063,AC000590,2026-09-04T03:01:00,BOB
H0000387,CYB-2026-10160,1,AC000591,AC000040,2026-09-14T18:56:00,ICICI
H0000388,CYB-2026-10160,2,AC000040,AC000592,2026-09-14T19:00:00,BOB
H0000389,CYB-2026-10161,1,AC000593,AC000594,2026-09-25T17:01:00,ICICI
H0000390,CYB-2026-10162,1,AC000595,AC000596,2026-09-07T11:22:00,BOB
H0000391,CYB-2026-10162,2,AC000596,AC000597,2026-09-07T11:35:00,Paytm Payments Bank
H0000392,CYB-2026-10162,3,AC000597,AC000598,2026-09-07T11:37:00,SBI
H0000393,CYB-2026-10162,4,AC000598,AC000599,2026-09-07T11:44:00,PNB
H0000394,CYB-2026-10163,1,AC000600,AC000070,2026-09-26T06:52:00,Kotak
H0000395,CYB-2026-10163,2,AC000070,AC000601,2026-09-26T07:16:00,SBI
H0000396,CYB-2026-10163,3,AC000601,AC000602,2026-09-26T07:30:00,Axis
H0000397,CYB-2026-10163,4,AC000602,AC000603,2026-09-26T07:33:00,Axis
H0000398,CYB-2026-10164,1,AC000604,AC000605,2026-09-21T05:52:00,Kotak
H0000399,CYB-2026-10165,1,AC000606,AC000607,2026-09-10T16:21:00,ICICI
H0000400,CYB-2026-10165,2,AC000607,AC000608,2026-09-10T16:43:00,PNB
H0000401,CYB-2026-10165,3,AC000608,AC000609,2026-09-10T16:51:00,HDFC
H0000402,CYB-2026-10166,1,AC000610,AC000611,2026-09-07T07:20:00,BOB
H0000403,CYB-2026-10166,2,AC000611,AC000612,2026-09-07T07:38:00,PNB
H0000404,CYB-2026-10166,3,AC000612,AC000613,2026-09-07T07:50:00,Paytm Payments Bank
H0000405,CYB-2026-10167,1,AC000614,AC000012,2026-09-21T23:01:00,Paytm Payments Bank
H0000406,CYB-2026-10167,2,AC000012,AC000615,2026-09-21T23:23:00,Kotak
H0000407,CYB-2026-10167,3,AC000615,AC000616,2026-09-21T23:48:00,BOB
H0000408,CYB-2026-10167,4,AC000616,AC000617,2026-09-22T00:01:00,Axis
H0000409,CYB-2026-10167,5,AC000617,AC000618,2026-09-22T00:11:00,PNB
H0000410,CYB-2026-10168,1,AC000619,AC000620,2026-09-03T08:37:00,ICICI
H0000411,CYB-2026-10169,1,AC000621,AC000622,2026-09-14T23:51:00,HDFC
H0000412,CYB-2026-10170,1,AC000623,AC000062,2026-09-11T21:46:00,ICICI
H0000413,CYB-2026-10171,1,AC000624,AC000050,2026-09-06T17:45:00,HDFC
H0000414,CYB-2026-10171,2,AC000050,AC000048,2026-09-06T18:13:00,PNB
H0000415,CYB-2026-10171,3,AC000048,AC000625,2026-09-06T18:37:00,ICICI
H0000416,CYB-2026-10171,4,AC000625,AC000626,2026-09-06T18:58:00,ICICI
H0000417,CYB-2026-10172,1,AC000627,AC000628,2026-09-10T22:44:00,HDFC
H0000418,CYB-2026-10172,2,AC000628,AC000629,2026-09-10T22:47:00,BOB
H0000419,CYB-2026-10173,1,AC000630,AC000631,2026-09-05T02:23:00,SBI
H0000420,CYB-2026-10173,2,AC000631,AC000632,2026-09-05T02:44:00,PNB
H0000421,CYB-2026-10174,1,AC000633,AC000064,2026-09-03T17:56:00,HDFC
H0000422,CYB-2026-10174,2,AC000064,AC000634,2026-09-03T17:56:00,Kotak
H0000423,CYB-2026-10175,1,AC000635,AC000636,2026-09-09T02:42:00,PNB
H0000424,CYB-2026-10176,1,AC000637,AC000638,2026-09-20T04:02:00,ICICI
H0000425,CYB-2026-10177,1,AC000639,AC000640,2026-09-25T16:05:00,Axis
H0000426,CYB-2026-10177,2,AC000640,AC000012,2026-09-25T16:34:00,BOB
H0000427,CYB-2026-10178,1,AC000641,AC000642,2026-09-09T05:56:00,Paytm Payments Bank
H0000428,CYB-2026-10179,1,AC000643,AC000644,2026-09-13T11:41:00,HDFC
H0000429,CYB-2026-10179,2,AC000644,AC000645,2026-09-13T11:59:00,HDFC
H0000430,CYB-2026-10180,1,AC000646,AC000647,2026-09-17T23:57:00,HDFC
H0000431,CYB-2026-10180,2,AC000647,AC000648,2026-09-18T00:13:00,SBI
H0000432,CYB-2026-10181,1,AC000649,AC000650,2026-09-09T09:35:00,BOB
H0000433,CYB-2026-10181,2,AC000650,AC000651,2026-09-09T09:45:00,PNB
H0000434,CYB-2026-10181,3,AC000651,AC000652,2026-09-09T10:03:00,Kotak
H0000435,CYB-2026-10182,1,AC000653,AC000654,2026-09-03T08:33:00,PNB
H0000436,CYB-2026-10182,2,AC000654,AC000655,2026-09-03T08:50:00,Paytm Payments Bank
H0000437,CYB-2026-10183,1,AC000656,AC000657,2026-09-22T09:07:00,Axis
H0000438,CYB-2026-10183,2,AC000657,AC000658,2026-09-22T09:24:00,Axis
H0000439,CYB-2026-10183,3,AC000658,AC000659,2026-09-22T09:53:00,BOB
H0000440,CYB-2026-10184,1,AC000660,AC000661,2026-09-01T07:42:00,BOB
H0000441,CYB-2026-10184,2,AC000661,AC000662,2026-09-01T07:43:00,ICICI
H0000442,CYB-2026-10184,3,AC000662,AC000663,2026-09-01T07:45:00,SBI
H0000443,CYB-2026-10185,1,AC000664,AC000665,2026-09-27T16:33:00,HDFC
H0000444,CYB-2026-10186,1,AC000666,AC000667,2026-09-19T03:14:00,Axis
H0000445,CYB-2026-10186,2,AC000667,AC000668,2026-09-19T03:38:00,HDFC
H0000446,CYB-2026-10186,3,AC000668,AC000669,2026-09-19T03:43:00,Paytm Payments Bank
H0000447,CYB-2026-10186,4,AC000669,AC000670,2026-09-19T03:56:00,HDFC
H0000448,CYB-2026-10187,1,AC000671,AC000672,2026-09-05T09:12:00,Kotak
H0000449,CYB-2026-10188,1,AC000673,AC000674,2026-09-13T02:27:00,Axis
H0000450,CYB-2026-10188,2,AC000674,AC000014,2026-09-13T02:52:00,ICICI
H0000451,CYB-2026-10188,3,AC000014,AC000675,2026-09-13T02:53:00,Axis
H0000452,CYB-2026-10188,4,AC000675,AC000676,2026-09-13T03:19:00,BOB
H0000453,CYB-2026-10189,1,AC000677,AC000678,2026-09-02T05:50:00,Kotak
H0000454,CYB-2026-10189,2,AC000678,AC000679,2026-09-02T06:20:00,Paytm Payments Bank
H0000455,CYB-2026-10190,1,AC000680,AC000681,2026-09-09T02:59:00,ICICI
H0000456,CYB-2026-10190,2,AC000681,AC000080,2026-09-09T03:18:00,Axis
H0000457,CYB-2026-10191,1,AC000682,AC000683,2026-09-18T16:46:00,Axis
H0000458,CYB-2026-10191,2,AC000683,AC000684,2026-09-18T17:11:00,SBI
H0000459,CYB-2026-10191,3,AC000684,AC000685,2026-09-18T17:36:00,Kotak
H0000460,CYB-2026-10192,1,AC000686,AC000687,2026-09-09T10:52:00,PNB
H0000461,CYB-2026-10192,2,AC000687,AC000061,2026-09-09T11:08:00,Kotak
H0000462,CYB-2026-10192,3,AC000061,AC000688,2026-09-09T11:15:00,ICICI
H0000463,CYB-2026-10192,4,AC000688,AC000031,2026-09-09T11:23:00,SBI
H0000464,CYB-2026-10192,5,AC000031,AC000689,2026-09-09T11:53:00,Axis
H0000465,CYB-2026-10193,1,AC000690,AC000691,2026-09-17T14:11:00,Axis
H0000466,CYB-2026-10193,2,AC000691,AC000692,2026-09-17T14:36:00,Paytm Payments Bank
H0000467,CYB-2026-10193,3,AC000692,AC000693,2026-09-17T14:41:00,Paytm Payments Bank
H0000468,CYB-2026-10193,4,AC000693,AC000008,2026-09-17T14:48:00,Axis
H0000469,CYB-2026-10193,5,AC000008,AC000062,2026-09-17T14:48:00,Kotak
H0000470,CYB-2026-10194,1,AC000694,AC000695,2026-09-03T23:07:00,HDFC
H0000471,CYB-2026-10194,2,AC000695,AC000696,2026-09-03T23:34:00,Kotak
H0000472,CYB-2026-10194,3,AC000696,AC000697,2026-09-03T23:45:00,BOB
H0000473,CYB-2026-10194,4,AC000697,AC000698,2026-09-03T23:55:00,PNB
H0000474,CYB-2026-10194,5,AC000698,AC000699,2026-09-04T00:00:00,BOB
H0000475,CYB-2026-10195,1,AC000700,AC000701,2026-09-29T04:25:00,BOB
H0000476,CYB-2026-10195,2,AC000701,AC000702,2026-09-29T04:47:00,PNB
H0000477,CYB-2026-10195,3,AC000702,AC000703,2026-09-29T05:10:00,SBI
H0000478,CYB-2026-10196,1,AC000704,AC000705,2026-09-29T01:51:00,Kotak
H0000479,CYB-2026-10196,2,AC000705,AC000706,2026-09-29T01:58:00,Kotak
H0000480,CYB-2026-10196,3,AC000706,AC000707,2026-09-29T02:03:00,HDFC
H0000481,CYB-2026-10197,1,AC000708,AC000709,2026-09-04T08:03:00,BOB
H0000482,CYB-2026-10198,1,AC000710,AC000711,2026-09-26T02:42:00,Axis
H0000483,CYB-2026-10198,2,AC000711,AC000712,2026-09-26T02:44:00,SBI
H0000484,CYB-2026-10198,3,AC000712,AC000713,2026-09-26T02:54:00,PNB
H0000485,CYB-2026-10198,4,AC000713,AC000714,2026-09-26T02:56:00,Kotak
H0000486,CYB-2026-10199,1,AC000715,AC000716,2026-09-16T15:12:00,BOB
H0000487,CYB-2026-10199,2,AC000716,AC000717,2026-09-16T15:15:00,Kotak
H0000488,CYB-2026-10200,1,AC000718,AC000051,2026-09-13T08:02:00,Paytm Payments Bank
H0000489,CYB-2026-10201,1,AC000719,AC000022,2026-09-29T17:05:00,PNB
H0000490,CYB-2026-10202,1,AC000720,AC000721,2026-09-13T07:55:00,BOB
H0000491,CYB-2026-10202,2,AC000721,AC000722,2026-09-13T08:09:00,SBI
H0000492,CYB-2026-10203,1,AC000723,AC000724,2026-09-05T15:55:00,Axis
H0000493,CYB-2026-10203,2,AC000724,AC000725,2026-09-05T16:21:00,BOB
H0000494,CYB-2026-10203,3,AC000725,AC000726,2026-09-05T16:34:00,Paytm Payments Bank
H0000495,CYB-2026-10204,1,AC000727,AC000728,2026-09-02T20:19:00,Paytm Payments Bank
H0000496,CYB-2026-10205,1,AC000729,AC000730,2026-09-21T01:56:00,HDFC
H0000497,CYB-2026-10205,2,AC000730,AC000072,2026-09-21T02:08:00,Kotak
H0000498,CYB-2026-10206,1,AC000731,AC000732,2026-09-20T08:36:00,HDFC
H0000499,CYB-2026-10207,1,AC000733,AC000734,2026-09-19T23:07:00,Paytm Payments Bank
H0000500,CYB-2026-10207,2,AC000734,AC000036,2026-09-19T23:19:00,ICICI
H0000501,CYB-2026-10207,3,AC000036,AC000735,2026-09-19T23:40:00,BOB
H0000502,CYB-2026-10207,4,AC000735,AC000043,2026-09-20T00:02:00,Axis
H0000503,CYB-2026-10207,5,AC000043,AC000061,2026-09-20T00:31:00,PNB
H0000504,CYB-2026-10208,1,AC000736,AC000737,2026-09-05T17:30:00,Kotak
H0000505,CYB-2026-10208,2,AC000737,AC000738,2026-09-05T17:43:00,HDFC
H0000506,CYB-2026-10208,3,AC000738,AC000739,2026-09-05T17:49:00,BOB
H0000507,CYB-2026-10209,1,AC000740,AC000741,2026-09-15T10:05:00,SBI
H0000508,CYB-2026-10210,1,AC000742,AC000743,2026-09-10T07:48:00,HDFC
H0000509,CYB-2026-10210,2,AC000743,AC000744,2026-09-10T07:55:00,Kotak
H0000510,CYB-2026-10210,3,AC000744,AC000745,2026-09-10T08:09:00,ICICI
H0000511,CYB-2026-10210,4,AC000745,AC000746,2026-09-10T08:24:00,Kotak
H0000512,CYB-2026-10211,1,AC000747,AC000748,2026-09-08T16:04:00,BOB
H0000513,CYB-2026-10212,1,AC000749,AC000750,2026-09-11T10:46:00,PNB
H0000514,CYB-2026-10212,2,AC000750,AC000751,2026-09-11T10:58:00,Kotak
H0000515,CYB-2026-10213,1,AC000752,AC000753,2026-09-19T08:17:00,Kotak
H0000516,CYB-2026-10213,2,AC000753,AC000754,2026-09-19T08:36:00,PNB
H0000517,CYB-2026-10213,3,AC000754,AC000755,2026-09-19T08:39:00,Paytm Payments Bank
H0000518,CYB-2026-10214,1,AC000756,AC000757,2026-09-30T21:41:00,SBI
H0000519,CYB-2026-10215,1,AC000758,AC000759,2026-09-02T10:00:00,BOB
H0000520,CYB-2026-10215,2,AC000759,AC000760,2026-09-02T10:18:00,Axis
H0000521,CYB-2026-10216,1,AC000761,AC000762,2026-09-17T14:02:00,ICICI
H0000522,CYB-2026-10216,2,AC000762,AC000763,2026-09-17T14:17:00,ICICI
H0000523,CYB-2026-10217,1,AC000764,AC000765,2026-09-17T10:13:00,Kotak
H0000524,CYB-2026-10217,2,AC000765,AC000766,2026-09-17T10:22:00,Paytm Payments Bank
H0000525,CYB-2026-10217,3,AC000766,AC000767,2026-09-17T10:37:00,SBI
H0000526,CYB-2026-10218,1,AC000768,AC000769,2026-09-06T17:19:00,ICICI
H0000527,CYB-2026-10218,2,AC000769,AC000770,2026-09-06T17:25:00,Kotak
H0000528,CYB-2026-10219,1,AC000771,AC000772,2026-09-04T22:17:00,SBI
H0000529,CYB-2026-10219,2,AC000772,AC000773,2026-09-04T22:23:00,ICICI
H0000530,CYB-2026-10220,1,AC000774,AC000775,2026-09-30T02:08:00,SBI
H0000531,CYB-2026-10220,2,AC000775,AC000026,2026-09-30T02:31:00,Kotak
H0000532,CYB-2026-10220,3,AC000026,AC000776,2026-09-30T02:59:00,Kotak
H0000533,CYB-2026-10221,1,AC000777,AC000778,2026-09-12T13:58:00,PNB
H0000534,CYB-2026-10221,2,AC000778,AC000779,2026-09-12T14:24:00,SBI
H0000535,CYB-2026-10222,1,AC000780,AC000781,2026-09-20T23:46:00,ICICI
H0000536,CYB-2026-10222,2,AC000781,AC000782,2026-09-21T00:15:00,BOB
H0000537,CYB-2026-10222,3,AC000782,AC000029,2026-09-21T00:38:00,ICICI
H0000538,CYB-2026-10222,4,AC000029,AC000783,2026-09-21T00:38:00,ICICI
H0000539,CYB-2026-10223,1,AC000784,AC000785,2026-09-03T10:36:00,Paytm Payments Bank
H0000540,CYB-2026-10224,1,AC000786,AC000787,2026-09-29T22:49:00,PNB
H0000541,CYB-2026-10224,2,AC000787,AC000788,2026-09-29T23:11:00,ICICI
H0000542,CYB-2026-10225,1,AC000789,AC000790,2026-09-23T22:05:00,Axis
H0000543,CYB-2026-10226,1,AC000791,AC000012,2026-09-23T03:29:00,HDFC
H0000544,CYB-2026-10226,2,AC000012,AC000792,2026-09-23T03:50:00,Paytm Payments Bank
H0000545,CYB-2026-10227,1,AC000793,AC000794,2026-09-12T21:31:00,HDFC
H0000546,CYB-2026-10227,2,AC000794,AC000795,2026-09-12T21:58:00,SBI
H0000547,CYB-2026-10228,1,AC000796,AC000797,2026-09-01T16:47:00,PNB
H0000548,CYB-2026-10228,2,AC000797,AC000798,2026-09-01T16:49:00,Kotak
H0000549,CYB-2026-10229,1,AC000799,AC000800,2026-09-18T19:23:00,HDFC
H0000550,CYB-2026-10229,2,AC000800,AC000801,2026-09-18T19:46:00,SBI
H0000551,CYB-2026-10229,3,AC000801,AC000802,2026-09-18T20:13:00,ICICI
H0000552,CYB-2026-10229,4,AC000802,AC000076,2026-09-18T20:28:00,Paytm Payments Bank
H0000553,CYB-2026-10229,5,AC000076,AC000803,2026-09-18T20:40:00,Kotak
H0000554,CYB-2026-10230,1,AC000804,AC000805,2026-09-03T08:34:00,Axis
H0000555,CYB-2026-10230,2,AC000805,AC000806,2026-09-03T08:55:00,Kotak
H0000556,CYB-2026-10230,3,AC000806,AC000807,2026-09-03T09:17:00,HDFC
H0000557,CYB-2026-10230,4,AC000807,AC000808,2026-09-03T09:40:00,Axis
H0000558,CYB-2026-10231,1,AC000809,AC000810,2026-09-03T18:03:00,Paytm Payments Bank
H0000559,CYB-2026-10231,2,AC000810,AC000811,2026-09-03T18:05:00,Paytm Payments Bank
H0000560,CYB-2026-10231,3,AC000811,AC000812,2026-09-03T18:15:00,PNB
H0000561,CYB-2026-10232,1,AC000813,AC000064,2026-09-04T20:20:00,Kotak
H0000562,CYB-2026-10232,2,AC000064,AC000064,2026-09-04T20:43:00,SBI
H0000563,CYB-2026-10232,3,AC000064,AC000053,2026-09-04T20:44:00,SBI
H0000564,CYB-2026-10233,1,AC000814,AC000815,2026-09-22T00:45:00,Paytm Payments Bank
H0000565,CYB-2026-10234,1,AC000816,AC000046,2026-09-21T20:43:00,PNB
H0000566,CYB-2026-10235,1,AC000817,AC000818,2026-09-07T15:30:00,HDFC
H0000567,CYB-2026-10235,2,AC000818,AC000819,2026-09-07T15:42:00,Axis
H0000568,CYB-2026-10235,3,AC000819,AC000820,2026-09-07T16:07:00,Axis
H0000569,CYB-2026-10236,1,AC000821,AC000822,2026-09-06T20:51:00,ICICI
H0000570,CYB-2026-10236,2,AC000822,AC000823,2026-09-06T20:51:00,SBI
H0000571,CYB-2026-10236,3,AC000823,AC000824,2026-09-06T21:04:00,Paytm Payments Bank
H0000572,CYB-2026-10237,1,AC000825,AC000826,2026-09-18T21:28:00,Axis
H0000573,CYB-2026-10237,2,AC000826,AC000827,2026-09-18T21:58:00,Kotak
H0000574,CYB-2026-10238,1,AC000828,AC000829,2026-09-24T14:02:00,Axis
H0000575,CYB-2026-10238,2,AC000829,AC000830,2026-09-24T14:21:00,PNB
H0000576,CYB-2026-10239,1,AC000831,AC000832,2026-09-15T22:37:00,BOB
H0000577,CYB-2026-10239,2,AC000832,AC000833,2026-09-15T23:05:00,PNB
H0000578,CYB-2026-10240,1,AC000834,AC000835,2026-09-07T21:09:00,ICICI
H0000579,CYB-2026-10240,2,AC000835,AC000836,2026-09-07T21:30:00,PNB
H0000580,CYB-2026-10241,1,AC000837,AC000838,2026-09-05T22:08:00,Axis
H0000581,CYB-2026-10241,2,AC000838,AC000839,2026-09-05T22:33:00,PNB
H0000582,CYB-2026-10241,3,AC000839,AC000840,2026-09-05T22:34:00,BOB
H0000583,CYB-2026-10241,4,AC000840,AC000841,2026-09-05T23:04:00,Kotak
H0000584,CYB-2026-10242,1,AC000842,AC000843,2026-09-11T12:27:00,Axis
H0000585,CYB-2026-10242,2,AC000843,AC000844,2026-09-11T12:32:00,HDFC
H0000586,CYB-2026-10242,3,AC000844,AC000845,2026-09-11T12:37:00,HDFC
H0000587,CYB-2026-10242,4,AC000845,AC000846,2026-09-11T12:50:00,PNB
H0000588,CYB-2026-10243,1,AC000847,AC000848,2026-09-08T07:29:00,PNB
H0000589,CYB-2026-10243,2,AC000848,AC000849,2026-09-08T07:47:00,Kotak
H0000590,CYB-2026-10243,3,AC000849,AC000041,2026-09-08T08:03:00,Axis
H0000591,CYB-2026-10244,1,AC000850,AC000851,2026-09-25T16:41:00,Kotak
H0000592,CYB-2026-10244,2,AC000851,AC000852,2026-09-25T16:50:00,Axis
H0000593,CYB-2026-10245,1,AC000853,AC000854,2026-09-01T15:56:00,Axis
H0000594,CYB-2026-10245,2,AC000854,AC000855,2026-09-01T16:17:00,Kotak
H0000595,CYB-2026-10246,1,AC000856,AC000857,2026-09-24T18:42:00,Axis
H0000596,CYB-2026-10246,2,AC000857,AC000858,2026-09-24T18:44:00,HDFC
H0000597,CYB-2026-10247,1,AC000859,AC000860,2026-09-20T13:50:00,HDFC
H0000598,CYB-2026-10247,2,AC000860,AC000861,2026-09-20T13:54:00,SBI
H0000599,CYB-2026-10247,3,AC000861,AC000862,2026-09-20T14:04:00,SBI
H0000600,CYB-2026-10248,1,AC000863,AC000864,2026-09-13T00:43:00,Kotak
H0000601,CYB-2026-10248,2,AC000864,AC000016,2026-09-13T01:00:00,SBI
H0000602,CYB-2026-10248,3,AC000016,AC000865,2026-09-13T01:19:00,HDFC
H0000603,CYB-2026-10249,1,AC000866,AC000867,2026-09-14T11:03:00,Paytm Payments Bank
H0000604,CYB-2026-10250,1,AC000868,AC000869,2026-09-19T01:32:00,Kotak
H0000605,CYB-2026-10251,1,AC000870,AC000871,2026-09-28T09:51:00,Axis
H0000606,CYB-2026-10251,2,AC000871,AC000872,2026-09-28T10:19:00,Kotak
H0000607,CYB-2026-10251,3,AC000872,AC000873,2026-09-28T10:47:00,ICICI
H0000608,CYB-2026-10252,1,AC000874,AC000875,2026-09-27T01:40:00,PNB
H0000609,CYB-2026-10252,2,AC000875,AC000876,2026-09-27T01:48:00,HDFC
H0000610,CYB-2026-10252,3,AC000876,AC000877,2026-09-27T02:06:00,Paytm Payments Bank
H0000611,CYB-2026-10253,1,AC000878,AC000879,2026-09-10T01:42:00,PNB
H0000612,CYB-2026-10253,2,AC000879,AC000880,2026-09-10T01:46:00,Kotak
H0000613,CYB-2026-10254,1,AC000881,AC000882,2026-09-30T10:20:00,Kotak
H0000614,CYB-2026-10254,2,AC000882,AC000883,2026-09-30T10:34:00,Paytm Payments Bank
H0000615,CYB-2026-10254,3,AC000883,AC000884,2026-09-30T10:43:00,Paytm Payments Bank
H0000616,CYB-2026-10255,1,AC000885,AC000886,2026-09-25T18:46:00,SBI
H0000617,CYB-2026-10255,2,AC000886,AC000887,2026-09-25T19:06:00,SBI
H0000618,CYB-2026-10256,1,AC000888,AC000889,2026-09-26T08:33:00,Kotak
H0000619,CYB-2026-10256,2,AC000889,AC000890,2026-09-26T09:01:00,PNB
H0000620,CYB-2026-10257,1,AC000891,AC000892,2026-09-29T04:46:00,ICICI
H0000621,CYB-2026-10257,2,AC000892,AC000893,2026-09-29T05:01:00,Kotak
H0000622,CYB-2026-10258,1,AC000894,AC000895,2026-09-10T16:05:00,SBI
H0000623,CYB-2026-10258,2,AC000895,AC000042,2026-09-10T16:08:00,PNB
H0000624,CYB-2026-10259,1,AC000896,AC000897,2026-09-17T21:29:00,Axis
H0000625,CYB-2026-10259,2,AC000897,AC000898,2026-09-17T21:40:00,Kotak
H0000626,CYB-2026-10259,3,AC000898,AC000899,2026-09-17T21:55:00,SBI
H0000627,CYB-2026-10260,1,AC000900,AC000901,2026-09-14T01:02:00,HDFC
H0000628,CYB-2026-10261,1,AC000902,AC000903,2026-09-23T01:12:00,SBI
H0000629,CYB-2026-10262,1,AC000904,AC000905,2026-09-27T07:09:00,BOB
H0000630,CYB-2026-10263,1,AC000906,AC000907,2026-09-23T04:31:00,ICICI
H0000631,CYB-2026-10263,2,AC000907,AC000908,2026-09-23T04:47:00,PNB
H0000632,CYB-2026-10263,3,AC000908,AC000909,2026-09-23T05:08:00,Kotak
H0000633,CYB-2026-10264,1,AC000910,AC000911,2026-09-02T00:24:00,HDFC
H0000634,CYB-2026-10264,2,AC000911,AC000912,2026-09-02T00:52:00,SBI
H0000635,CYB-2026-10265,1,AC000913,AC000914,2026-09-28T17:20:00,SBI
H0000636,CYB-2026-10265,2,AC000914,AC000915,2026-09-28T17:33:00,Axis
H0000637,CYB-2026-10265,3,AC000915,AC000916,2026-09-28T17:48:00,BOB
H0000638,CYB-2026-10266,1,AC000917,AC000918,2026-09-22T23:26:00,BOB
H0000639,CYB-2026-10266,2,AC000918,AC000919,2026-09-22T23:26:00,SBI
H0000640,CYB-2026-10266,3,AC000919,AC000920,2026-09-22T23:29:00,SBI
H0000641,CYB-2026-10266,4,AC000920,AC000921,2026-09-22T23:35:00,Kotak
H0000642,CYB-2026-10267,1,AC000922,AC000923,2026-09-25T15:55:00,BOB
H0000643,CYB-2026-10267,2,AC000923,AC000924,2026-09-25T16:08:00,Paytm Payments Bank
H0000644,CYB-2026-10267,3,AC000924,AC000925,2026-09-25T16:25:00,Paytm Payments Bank
H0000645,CYB-2026-10267,4,AC000925,AC000926,2026-09-25T16:34:00,Kotak
H0000646,CYB-2026-10268,1,AC000927,AC000928,2026-09-08T14:53:00,SBI
H0000647,CYB-2026-10268,2,AC000928,AC000929,2026-09-08T15:23:00,SBI
H0000648,CYB-2026-10268,3,AC000929,AC000930,2026-09-08T15:49:00,ICICI
H0000649,CYB-2026-10268,4,AC000930,AC000931,2026-09-08T16:08:00,BOB
H0000650,CYB-2026-10269,1,AC000932,AC000933,2026-09-18T18:06:00,SBI
H0000651,CYB-2026-10269,2,AC000933,AC000934,2026-09-18T18:32:00,ICICI
H0000652,CYB-2026-10270,1,AC000935,AC000936,2026-09-14T06:45:00,Axis
H0000653,CYB-2026-10270,2,AC000936,AC000937,2026-09-14T07:06:00,SBI
H0000654,CYB-2026-10270,3,AC000937,AC000938,2026-09-14T07:26:00,SBI
H0000655,CYB-2026-10271,1,AC000939,AC000940,2026-09-27T22:11:00,HDFC
H0000656,CYB-2026-10271,2,AC000940,AC000941,2026-09-27T22:34:00,Kotak
H0000657,CYB-2026-10272,1,AC000942,AC000943,2026-09-27T10:00:00,HDFC
H0000658,CYB-2026-10272,2,AC000943,AC000944,2026-09-27T10:10:00,HDFC
H0000659,CYB-2026-10273,1,AC000945,AC000946,2026-09-23T06:43:00,SBI
H0000660,CYB-2026-10273,2,AC000946,AC000947,2026-09-23T06:51:00,HDFC
H0000661,CYB-2026-10274,1,AC000948,AC000949,2026-09-25T15:16:00,Kotak
H0000662,CYB-2026-10275,1,AC000950,AC000951,2026-09-13T12:01:00,Axis
H0000663,CYB-2026-10275,2,AC000951,AC000952,2026-09-13T12:07:00,Axis
H0000664,CYB-2026-10276,1,AC000953,AC000954,2026-09-04T20:00:00,SBI
H0000665,CYB-2026-10277,1,AC000955,AC000956,2026-09-09T14:02:00,ICICI
H0000666,CYB-2026-10277,2,AC000956,AC000055,2026-09-09T14:17:00,SBI
H0000667,CYB-2026-10277,3,AC000055,AC000957,2026-09-09T14:29:00,ICICI
H0000668,CYB-2026-10278,1,AC000958,AC000959,2026-09-10T20:30:00,PNB
H0000669,CYB-2026-10279,1,AC000960,AC000961,2026-09-17T22:03:00,Kotak
H0000670,CYB-2026-10279,2,AC000961,AC000962,2026-09-17T22:15:00,PNB
H0000671,CYB-2026-10279,3,AC000962,AC000963,2026-09-17T22:33:00,ICICI
H0000672,CYB-2026-10279,4,AC000963,AC000964,2026-09-17T22:54:00,Axis
H0000673,CYB-2026-10280,1,AC000965,AC000966,2026-09-07T21:33:00,ICICI
H0000674,CYB-2026-10280,2,AC000966,AC000967,2026-09-07T22:00:00,Kotak
H0000675,CYB-2026-10281,1,AC000968,AC000969,2026-09-08T16:44:00,HDFC
H0000676,CYB-2026-10281,2,AC000969,AC000970,2026-09-08T16:54:00,PNB
H0000677,CYB-2026-10282,1,AC000971,AC000972,2026-09-28T19:36:00,Kotak
H0000678,CYB-2026-10283,1,AC000973,AC000974,2026-09-18T14:33:00,Kotak
H0000679,CYB-2026-10284,1,AC000975,AC000976,2026-09-15T16:14:00,Paytm Payments Bank
H0000680,CYB-2026-10284,2,AC000976,AC000977,2026-09-15T16:44:00,Kotak
H0000681,CYB-2026-10284,3,AC000977,AC000978,2026-09-15T17:00:00,Paytm Payments Bank
H0000682,CYB-2026-10284,4,AC000978,AC000979,2026-09-15T17:05:00,SBI
H0000683,CYB-2026-10284,5,AC000979,AC000980,2026-09-15T17:12:00,PNB
H0000684,CYB-2026-10285,1,AC000981,AC000982,2026-09-22T19:06:00,HDFC
H0000685,CYB-2026-10286,1,AC000983,AC000984,2026-09-14T04:28:00,SBI
H0000686,CYB-2026-10287,1,AC000985,AC000986,2026-09-13T15:54:00,ICICI
H0000687,CYB-2026-10288,1,AC000987,AC000988,2026-09-25T01:52:00,HDFC
H0000688,CYB-2026-10288,2,AC000988,AC000989,2026-09-25T02:03:00,BOB
H0000689,CYB-2026-10288,3,AC000989,AC000990,2026-09-25T02:12:00,SBI
H0000690,CYB-2026-10289,1,AC000991,AC000992,2026-09-23T15:44:00,PNB
H0000691,CYB-2026-10290,1,AC000993,AC000994,2026-09-21T03:46:00,BOB
H0000692,CYB-2026-10291,1,AC000995,AC000996,2026-09-29T04:12:00,PNB
H0000693,CYB-2026-10291,2,AC000996,AC000997,2026-09-29T04:39:00,HDFC
H0000694,CYB-2026-10291,3,AC000997,AC000998,2026-09-29T04:48:00,HDFC
H0000695,CYB-2026-10292,1,AC000999,AC001000,2026-09-15T20:13:00,ICICI
H0000696,CYB-2026-10292,2,AC001000,AC001001,2026-09-15T20:22:00,PNB
H0000697,CYB-2026-10293,1,AC001002,AC001003,2026-09-23T17:32:00,Paytm Payments Bank
H0000698,CYB-2026-10293,2,AC001003,AC001004,2026-09-23T17:46:00,SBI
H0000699,CYB-2026-10294,1,AC001005,AC001006,2026-09-09T12:24:00,Axis
H0000700,CYB-2026-10294,2,AC001006,AC001007,2026-09-09T12:38:00,Axis
H0000701,CYB-2026-10294,3,AC001007,AC001008,2026-09-09T12:39:00,Axis
H0000702,CYB-2026-10295,1,AC001009,AC001010,2026-09-15T11:11:00,HDFC
H0000703,CYB-2026-10296,1,AC001011,AC001012,2026-09-11T03:57:00,PNB
H0000704,CYB-2026-10296,2,AC001012,AC001013,2026-09-11T04:09:00,Axis
H0000705,CYB-2026-10297,1,AC001014,AC000080,2026-09-05T07:54:00,SBI
H0000706,CYB-2026-10297,2,AC000080,AC000020,2026-09-05T08:16:00,HDFC
H0000707,CYB-2026-10297,3,AC000020,AC001015,2026-09-05T08:23:00,Kotak
H0000708,CYB-2026-10297,4,AC001015,AC001016,2026-09-05T08:48:00,Kotak
H0000709,CYB-2026-10298,1,AC001017,AC001018,2026-09-07T09:26:00,PNB
H0000710,CYB-2026-10298,2,AC001018,AC001019,2026-09-07T09:41:00,Axis
H0000711,CYB-2026-10299,1,AC001020,AC001021,2026-09-26T11:50:00,PNB
H0000712,CYB-2026-10299,2,AC001021,AC001022,2026-09-26T12:04:00,SBI
H0000713,CYB-2026-10299,3,AC001022,AC001023,2026-09-26T12:20:00,BOB
H0000714,CYB-2026-10300,1,AC001024,AC001025,2026-09-15T20:38:00,Paytm Payments Bank
H0000715,CYB-2026-10300,2,AC001025,AC001026,2026-09-15T20:42:00,PNB
H0000716,CYB-2026-10300,3,AC001026,AC001027,2026-09-15T21:02:00,Kotak
H0000717,CYB-2026-10301,1,AC001028,AC001029,2026-09-09T09:10:00,SBI
H0000718,CYB-2026-10301,2,AC001029,AC001030,2026-09-09T09:36:00,BOB
H0000719,CYB-2026-10302,1,AC001031,AC001032,2026-09-04T11:52:00,HDFC
H0000720,CYB-2026-10302,2,AC001032,AC001033,2026-09-04T12:12:00,SBI
H0000721,CYB-2026-10302,3,AC001033,AC001034,2026-09-04T12:35:00,BOB
H0000722,CYB-2026-10303,1,AC001035,AC000030,2026-09-15T02:13:00,BOB
H0000723,CYB-2026-10304,1,AC001036,AC001037,2026-09-06T01:19:00,ICICI
H0000724,CYB-2026-10304,2,AC001037,AC001038,2026-09-06T01:35:00,Kotak
H0000725,CYB-2026-10305,1,AC001039,AC001040,2026-09-16T00:59:00,Kotak
H0000726,CYB-2026-10305,2,AC001040,AC001041,2026-09-16T01:17:00,Axis
H0000727,CYB-2026-10305,3,AC001041,AC001042,2026-09-16T01:34:00,PNB
H0000728,CYB-2026-10306,1,AC001043,AC001044,2026-09-28T08:52:00,SBI
H0000729,CYB-2026-10306,2,AC001044,AC001045,2026-09-28T08:59:00,Axis
H0000730,CYB-2026-10306,3,AC001045,AC001046,2026-09-28T08:59:00,PNB
H0000731,CYB-2026-10307,1,AC001047,AC001048,2026-09-22T05:18:00,Axis
H0000732,CYB-2026-10308,1,AC001049,AC001050,2026-09-04T18:47:00,HDFC
H0000733,CYB-2026-10309,1,AC001051,AC001052,2026-09-17T02:08:00,SBI
H0000734,CYB-2026-10309,2,AC001052,AC001053,2026-09-17T02:28:00,BOB
H0000735,CYB-2026-10309,3,AC001053,AC000068,2026-09-17T02:29:00,Kotak
H0000736,CYB-2026-10310,1,AC001054,AC001055,2026-09-19T03:16:00,BOB
H0000737,CYB-2026-10311,1,AC001056,AC001057,2026-09-19T10:25:00,ICICI
H0000738,CYB-2026-10311,2,AC001057,AC001058,2026-09-19T10:40:00,Axis
H0000739,CYB-2026-10312,1,AC001059,AC001060,2026-09-25T02:50:00,Kotak
H0000740,CYB-2026-10313,1,AC001061,AC001062,2026-09-17T02:26:00,PNB
H0000741,CYB-2026-10313,2,AC001062,AC001063,2026-09-17T02:37:00,Paytm Payments Bank
H0000742,CYB-2026-10313,3,AC001063,AC001064,2026-09-17T02:51:00,SBI
H0000743,CYB-2026-10313,4,AC001064,AC001065,2026-09-17T02:58:00,Axis
H0000744,CYB-2026-10314,1,AC001066,AC001067,2026-09-07T23:21:00,PNB
H0000745,CYB-2026-10314,2,AC001067,AC001068,2026-09-07T23:21:00,Kotak
H0000746,CYB-2026-10315,1,AC001069,AC001070,2026-09-26T05:48:00,SBI
H0000747,CYB-2026-10315,2,AC001070,AC001071,2026-09-26T06:16:00,SBI
H0000748,CYB-2026-10315,3,AC001071,AC001072,2026-09-26T06:17:00,PNB
H0000749,CYB-2026-10315,4,AC001072,AC001073,2026-09-26T06:39:00,PNB
H0000750,CYB-2026-10315,5,AC001073,AC000002,2026-09-26T06:41:00,BOB
H0000751,CYB-2026-10316,1,AC001074,AC001075,2026-09-18T20:26:00,HDFC
H0000752,CYB-2026-10317,1,AC001076,AC001077,2026-09-25T08:20:00,SBI
H0000753,CYB-2026-10317,2,AC001077,AC001078,2026-09-25T08:31:00,Kotak
H0000754,CYB-2026-10317,3,AC001078,AC001079,2026-09-25T08:38:00,PNB
H0000755,CYB-2026-10318,1,AC001080,AC001081,2026-09-11T12:25:00,BOB
H0000756,CYB-2026-10318,2,AC001081,AC001082,2026-09-11T12:46:00,Axis
H0000757,CYB-2026-10318,3,AC001082,AC001083,2026-09-11T13:04:00,ICICI
H0000758,CYB-2026-10318,4,AC001083,AC001084,2026-09-11T13:13:00,Kotak
H0000759,CYB-2026-10319,1,AC001085,AC001086,2026-09-10T11:27:00,ICICI
H0000760,CYB-2026-10320,1,AC001087,AC001088,2026-09-06T15:42:00,Kotak
H0000761,CYB-2026-10321,1,AC001089,AC001090,2026-09-13T17:03:00,PNB
H0000762,CYB-2026-10322,1,AC001091,AC001092,2026-09-17T14:43:00,Paytm Payments Bank
H0000763,CYB-2026-10323,1,AC001093,AC001094,2026-09-10T01:05:00,PNB
H0000764,CYB-2026-10323,2,AC001094,AC001095,2026-09-10T01:12:00,Axis
H0000765,CYB-2026-10323,3,AC001095,AC001096,2026-09-10T01:14:00,ICICI
H0000766,CYB-2026-10324,1,AC001097,AC001098,2026-09-12T11:59:00,BOB
H0000767,CYB-2026-10324,2,AC001098,AC001099,2026-09-12T12:11:00,SBI
H0000768,CYB-2026-10325,1,AC001100,AC001101,2026-09-03T01:22:00,SBI
H0000769,CYB-2026-10325,2,AC001101,AC001102,2026-09-03T01:36:00,BOB
H0000770,CYB-2026-10325,3,AC001102,AC001103,2026-09-03T02:00:00,PNB
H0000771,CYB-2026-10325,4,AC001103,AC001104,2026-09-03T02:13:00,PNB
H0000772,CYB-2026-10326,1,AC001105,AC001106,2026-09-05T09:17:00,ICICI
H0000773,CYB-2026-10326,2,AC001106,AC001107,2026-09-05T09:27:00,Paytm Payments Bank
H0000774,CYB-2026-10327,1,AC001108,AC000058,2026-09-30T18:45:00,Kotak
H0000775,CYB-2026-10328,1,AC001109,AC001110,2026-09-18T12:06:00,Kotak
H0000776,CYB-2026-10328,2,AC001110,AC001111,2026-09-18T12:27:00,ICICI
H0000777,CYB-2026-10329,1,AC001112,AC001113,2026-09-21T13:55:00,Axis
H0000778,CYB-2026-10330,1,AC001114,AC001115,2026-09-01T12:31:00,Paytm Payments Bank
H0000779,CYB-2026-10331,1,AC001116,AC001117,2026-09-13T21:47:00,Kotak
H0000780,CYB-2026-10332,1,AC001118,AC001119,2026-09-03T11:42:00,ICICI
H0000781,CYB-2026-10333,1,AC001120,AC001121,2026-09-18T00:36:00,PNB
H0000782,CYB-2026-10333,2,AC001121,AC001122,2026-09-18T00:39:00,PNB
H0000783,CYB-2026-10333,3,AC001122,AC001123,2026-09-18T00:52:00,Axis
H0000784,CYB-2026-10333,4,AC001123,AC001124,2026-09-18T01:11:00,SBI
H0000785,CYB-2026-10334,1,AC001125,AC001126,2026-09-14T07:59:00,Kotak
H0000786,CYB-2026-10334,2,AC001126,AC001127,2026-09-14T08:18:00,Paytm Payments Bank
H0000787,CYB-2026-10335,1,AC001128,AC000016,2026-09-14T11:40:00,Axis
H0000788,CYB-2026-10335,2,AC000016,AC001129,2026-09-14T11:53:00,BOB
H0000789,CYB-2026-10336,1,AC001130,AC001131,2026-09-14T01:53:00,Kotak
H0000790,CYB-2026-10336,2,AC001131,AC001132,2026-09-14T01:56:00,Kotak
H0000791,CYB-2026-10337,1,AC001133,AC001134,2026-09-23T01:22:00,Paytm Payments Bank
H0000792,CYB-2026-10337,2,AC001134,AC001135,2026-09-23T01:39:00,Kotak
H0000793,CYB-2026-10337,3,AC001135,AC001136,2026-09-23T02:05:00,BOB
H0000794,CYB-2026-10337,4,AC001136,AC001137,2026-09-23T02:06:00,PNB
H0000795,CYB-2026-10337,5,AC001137,AC001138,2026-09-23T02:27:00,Kotak
H0000796,CYB-2026-10338,1,AC001139,AC001140,2026-09-04T06:31:00,ICICI
H0000797,CYB-2026-10338,2,AC001140,AC001141,2026-09-04T06:43:00,ICICI
H0000798,CYB-2026-10338,3,AC001141,AC001142,2026-09-04T07:10:00,PNB
H0000799,CYB-2026-10339,1,AC001143,AC001144,2026-09-18T03:57:00,HDFC
H0000800,CYB-2026-10339,2,AC001144,AC001145,2026-09-18T03:58:00,Axis
H0000801,CYB-2026-10340,1,AC001146,AC001147,2026-09-09T21:49:00,HDFC
H0000802,CYB-2026-10340,2,AC001147,AC001148,2026-09-09T22:19:00,ICICI
H0000803,CYB-2026-10340,3,AC001148,AC001149,2026-09-09T22:20:00,Paytm Payments Bank
H0000804,CYB-2026-10341,1,AC001150,AC001151,2026-09-28T07:10:00,PNB
H0000805,CYB-2026-10341,2,AC001151,AC000040,2026-09-28T07:30:00,Axis
H0000806,CYB-2026-10342,1,AC001152,AC001153,2026-09-06T14:30:00,HDFC
H0000807,CYB-2026-10342,2,AC001153,AC001154,2026-09-06T14:41:00,Kotak
H0000808,CYB-2026-10343,1,AC001155,AC000004,2026-09-29T04:05:00,SBI
H0000809,CYB-2026-10343,2,AC000004,AC000007,2026-09-29T04:07:00,BOB
H0000810,CYB-2026-10343,3,AC000007,AC001156,2026-09-29T04:29:00,Paytm Payments Bank
H0000811,CYB-2026-10343,4,AC001156,AC001157,2026-09-29T04:38:00,Kotak
H0000812,CYB-2026-10344,1,AC001158,AC001159,2026-09-22T13:50:00,Paytm Payments Bank
H0000813,CYB-2026-10344,2,AC001159,AC001160,2026-09-22T14:20:00,Axis
H0000814,CYB-2026-10345,1,AC001161,AC000061,2026-09-16T06:51:00,Kotak
H0000815,CYB-2026-10345,2,AC000061,AC001162,2026-09-16T07:18:00,ICICI
H0000816,CYB-2026-10346,1,AC001163,AC001164,2026-09-06T03:08:00,Paytm Payments Bank
H0000817,CYB-2026-10347,1,AC001165,AC001166,2026-09-18T17:31:00,BOB
H0000818,CYB-2026-10347,2,AC001166,AC001167,2026-09-18T17:44:00,Kotak
H0000819,CYB-2026-10348,1,AC001168,AC001169,2026-09-27T09:13:00,Paytm Payments Bank
H0000820,CYB-2026-10348,2,AC001169,AC001170,2026-09-27T09:43:00,BOB
H0000821,CYB-2026-10349,1,AC001171,AC001172,2026-09-04T01:37:00,SBI
H0000822,CYB-2026-10350,1,AC001173,AC001174,2026-09-27T13:25:00,PNB
H0000823,CYB-2026-10351,1,AC001175,AC001176,2026-09-05T07:35:00,PNB
H0000824,CYB-2026-10351,2,AC001176,AC000071,2026-09-05T08:05:00,SBI
H0000825,CYB-2026-10351,3,AC000071,AC000072,2026-09-05T08:31:00,Kotak
H0000826,CYB-2026-10351,4,AC000072,AC000037,2026-09-05T08:58:00,SBI
H0000827,CYB-2026-10351,5,AC000037,AC001177,2026-09-05T09:20:00,BOB
H0000828,CYB-2026-10352,1,AC001178,AC001179,2026-09-09T03:50:00,Kotak
H0000829,CYB-2026-10353,1,AC001180,AC001181,2026-09-30T18:16:00,HDFC
H0000830,CYB-2026-10353,2,AC001181,AC001182,2026-09-30T18:41:00,BOB
H0000831,CYB-2026-10354,1,AC001183,AC001184,2026-09-21T17:53:00,SBI
H0000832,CYB-2026-10355,1,AC001185,AC001186,2026-09-27T11:53:00,Kotak
H0000833,CYB-2026-10356,1,AC001187,AC001188,2026-09-22T09:52:00,Axis
H0000834,CYB-2026-10356,2,AC001188,AC001189,2026-09-22T10:15:00,HDFC
H0000835,CYB-2026-10356,3,AC001189,AC001190,2026-09-22T10:32:00,PNB
H0000836,CYB-2026-10356,4,AC001190,AC001191,2026-09-22T11:00:00,Kotak
H0000837,CYB-2026-10356,5,AC001191,AC001192,2026-09-22T11:00:00,Paytm Payments Bank
H0000838,CYB-2026-10357,1,AC001193,AC001194,2026-09-14T10:16:00,PNB
H0000839,CYB-2026-10357,2,AC001194,AC001195,2026-09-14T10:34:00,PNB
H0000840,CYB-2026-10357,3,AC001195,AC000061,2026-09-14T10:52:00,ICICI
H0000841,CYB-2026-10357,4,AC000061,AC001196,2026-09-14T11:13:00,PNB
H0000842,CYB-2026-10357,5,AC001196,AC001197,2026-09-14T11:32:00,SBI
H0000843,CYB-2026-10358,1,AC001198,AC001199,2026-09-12T17:26:00,SBI
H0000844,CYB-2026-10358,2,AC001199,AC001200,2026-09-12T17:45:00,ICICI
H0000845,CYB-2026-10358,3,AC001200,AC001201,2026-09-12T18:08:00,ICICI
H0000846,CYB-2026-10358,4,AC001201,AC001202,2026-09-12T18:19:00,ICICI
H0000847,CYB-2026-10359,1,AC001203,AC001204,2026-09-05T02:35:00,BOB
H0000848,CYB-2026-10359,2,AC001204,AC001205,2026-09-05T02:42:00,Paytm Payments Bank
H0000849,CYB-2026-10359,3,AC001205,AC001206,2026-09-05T02:47:00,Axis
H0000850,CYB-2026-10360,1,AC001207,AC001208,2026-09-19T09:56:00,Axis
H0000851,CYB-2026-10360,2,AC001208,AC001209,2026-09-19T10:18:00,BOB
H0000852,CYB-2026-10360,3,AC001209,AC001210,2026-09-19T10:22:00,BOB
H0000853,CYB-2026-10361,1,AC001211,AC001212,2026-09-05T16:40:00,PNB
H0000854,CYB-2026-10361,2,AC001212,AC001213,2026-09-05T16:48:00,HDFC
H0000855,CYB-2026-10362,1,AC001214,AC001215,2026-09-24T22:16:00,SBI
H0000856,CYB-2026-10362,2,AC001215,AC001216,2026-09-24T22:16:00,BOB
H0000857,CYB-2026-10362,3,AC001216,AC000014,2026-09-24T22:37:00,Paytm Payments Bank
H0000858,CYB-2026-10363,1,AC001217,AC001218,2026-09-05T10:31:00,HDFC
H0000859,CYB-2026-10363,2,AC001218,AC001219,2026-09-05T10:34:00,HDFC
H0000860,CYB-2026-10363,3,AC001219,AC001220,2026-09-05T10:38:00,BOB
H0000861,CYB-2026-10364,1,AC001221,AC001222,2026-09-09T15:17:00,Paytm Payments Bank
H0000862,CYB-2026-10364,2,AC001222,AC001223,2026-09-09T15:25:00,BOB
H0000863,CYB-2026-10365,1,AC001224,AC001225,2026-09-13T20:53:00,PNB
H0000864,CYB-2026-10365,2,AC001225,AC001226,2026-09-13T21:01:00,ICICI
H0000865,CYB-2026-10366,1,AC001227,AC001228,2026-09-06T04:46:00,HDFC
H0000866,CYB-2026-10366,2,AC001228,AC001229,2026-09-06T05:08:00,PNB
H0000867,CYB-2026-10366,3,AC001229,AC000010,2026-09-06T05:10:00,PNB
H0000868,CYB-2026-10367,1,AC001230,AC001231,2026-09-19T00:48:00,SBI
H0000869,CYB-2026-10367,2,AC001231,AC001232,2026-09-19T01:18:00,Paytm Payments Bank
H0000870,CYB-2026-10368,1,AC001233,AC001234,2026-09-23T04:41:00,BOB
H0000871,CYB-2026-10368,2,AC001234,AC000012,2026-09-23T04:52:00,Kotak
H0000872,CYB-2026-10369,1,AC001235,AC001236,2026-09-03T01:25:00,HDFC
H0000873,CYB-2026-10369,2,AC001236,AC001237,2026-09-03T01:36:00,Paytm Payments Bank
H0000874,CYB-2026-10370,1,AC001238,AC000070,2026-09-02T10:02:00,PNB
H0000875,CYB-2026-10370,2,AC000070,AC001239,2026-09-02T10:32:00,Paytm Payments Bank
H0000876,CYB-2026-10370,3,AC001239,AC001240,2026-09-02T10:32:00,SBI
H0000877,CYB-2026-10371,1,AC001241,AC001242,2026-09-25T01:30:00,HDFC
H0000878,CYB-2026-10372,1,AC001243,AC001244,2026-09-03T08:02:00,PNB
H0000879,CYB-2026-10373,1,AC001245,AC000026,2026-09-06T02:21:00,Kotak
H0000880,CYB-2026-10374,1,AC001246,AC001247,2026-09-15T21:18:00,PNB
H0000881,CYB-2026-10374,2,AC001247,AC001248,2026-09-15T21:31:00,ICICI
H0000882,CYB-2026-10375,1,AC001249,AC001250,2026-09-07T07:40:00,Paytm Payments Bank
H0000883,CYB-2026-10375,2,AC001250,AC000001,2026-09-07T07:45:00,HDFC
H0000884,CYB-2026-10376,1,AC001251,AC001252,2026-09-30T09:21:00,ICICI
H0000885,CYB-2026-10376,2,AC001252,AC001253,2026-09-30T09:22:00,ICICI
H0000886,CYB-2026-10376,3,AC001253,AC001254,2026-09-30T09:41:00,HDFC
H0000887,CYB-2026-10377,1,AC001255,AC001256,2026-09-06T14:37:00,Axis
H0000888,CYB-2026-10377,2,AC001256,AC001257,2026-09-06T14:57:00,Axis
H0000889,CYB-2026-10377,3,AC001257,AC001258,2026-09-06T15:03:00,HDFC
H0000890,CYB-2026-10378,1,AC001259,AC001260,2026-09-03T05:13:00,Kotak
H0000891,CYB-2026-10378,2,AC001260,AC001261,2026-09-03T05:41:00,Paytm Payments Bank
H0000892,CYB-2026-10379,1,AC001262,AC001263,2026-09-24T16:42:00,Kotak
H0000893,CYB-2026-10379,2,AC001263,AC001264,2026-09-24T17:05:00,Kotak
H0000894,CYB-2026-10380,1,AC001265,AC001266,2026-09-10T08:39:00,SBI
H0000895,CYB-2026-10380,2,AC001266,AC001267,2026-09-10T08:43:00,Axis
H0000896,CYB-2026-10381,1,AC001268,AC001269,2026-09-10T02:05:00,SBI
H0000897,CYB-2026-10382,1,AC001270,AC001271,2026-09-11T06:28:00,ICICI
H0000898,CYB-2026-10382,2,AC001271,AC001272,2026-09-11T06:45:00,Axis
H0000899,CYB-2026-10382,3,AC001272,AC000067,2026-09-11T07:00:00,Axis
H0000900,CYB-2026-10383,1,AC001273,AC001274,2026-09-12T12:59:00,ICICI
H0000901,CYB-2026-10383,2,AC001274,AC001275,2026-09-12T13:27:00,SBI
H0000902,CYB-2026-10384,1,AC001276,AC001277,2026-09-20T15:20:00,HDFC
H0000903,CYB-2026-10384,2,AC001277,AC001278,2026-09-20T15:27:00,HDFC
H0000904,CYB-2026-10385,1,AC001279,AC001280,2026-09-30T17:28:00,Paytm Payments Bank
H0000905,CYB-2026-10385,2,AC001280,AC001281,2026-09-30T17:51:00,SBI
H0000906,CYB-2026-10385,3,AC001281,AC001282,2026-09-30T18:05:00,ICICI
H0000907,CYB-2026-10386,1,AC001283,AC001284,2026-09-01T07:38:00,BOB
H0000908,CYB-2026-10386,2,AC001284,AC001285,2026-09-01T08:00:00,Axis
H0000909,CYB-2026-10387,1,AC001286,AC001287,2026-09-17T19:53:00,SBI
H0000910,CYB-2026-10387,2,AC001287,AC001288,2026-09-17T19:58:00,HDFC
H0000911,CYB-2026-10388,1,AC001289,AC001290,2026-09-23T00:46:00,BOB
H0000912,CYB-2026-10388,2,AC001290,AC001291,2026-09-23T00:48:00,Kotak
H0000913,CYB-2026-10389,1,AC001292,AC001293,2026-09-25T12:31:00,HDFC
H0000914,CYB-2026-10389,2,AC001293,AC001294,2026-09-25T12:59:00,Paytm Payments Bank
H0000915,CYB-2026-10390,1,AC001295,AC001296,2026-09-06T08:37:00,SBI
H0000916,CYB-2026-10390,2,AC001296,AC001297,2026-09-06T08:58:00,ICICI
H0000917,CYB-2026-10390,3,AC001297,AC001298,2026-09-06T09:11:00,Paytm Payments Bank
H0000918,CYB-2026-10391,1,AC001299,AC001300,2026-09-24T21:58:00,Kotak
H0000919,CYB-2026-10391,2,AC001300,AC001301,2026-09-24T22:19:00,Paytm Payments Bank
H0000920,CYB-2026-10391,3,AC001301,AC001302,2026-09-24T22:37:00,ICICI
H0000921,CYB-2026-10392,1,AC001303,AC001304,2026-09-03T09:46:00,ICICI
H0000922,CYB-2026-10392,2,AC001304,AC001305,2026-09-03T09:55:00,ICICI
H0000923,CYB-2026-10392,3,AC001305,AC001306,2026-09-03T10:21:00,ICICI
H0000924,CYB-2026-10392,4,AC001306,AC001307,2026-09-03T10:24:00,SBI
H0000925,CYB-2026-10393,1,AC001308,AC001309,2026-09-26T20:37:00,ICICI
H0000926,CYB-2026-10393,2,AC001309,AC001310,2026-09-26T20:40:00,SBI
H0000927,CYB-2026-10393,3,AC001310,AC001311,2026-09-26T20:55:00,ICICI
H0000928,CYB-2026-10394,1,AC001312,AC001313,2026-09-16T08:14:00,ICICI
H0000929,CYB-2026-10394,2,AC001313,AC001314,2026-09-16T08:37:00,Paytm Payments Bank
H0000930,CYB-2026-10395,1,AC001315,AC001316,2026-09-15T06:32:00,Kotak
H0000931,CYB-2026-10396,1,AC001317,AC001318,2026-09-25T18:15:00,SBI
H0000932,CYB-2026-10396,2,AC001318,AC001319,2026-09-25T18:26:00,BOB
H0000933,CYB-2026-10397,1,AC001320,AC000057,2026-09-17T06:09:00,BOB
H0000934,CYB-2026-10397,2,AC000057,AC001321,2026-09-17T06:18:00,ICICI
H0000935,CYB-2026-10397,3,AC001321,AC001322,2026-09-17T06:46:00,BOB
H0000936,CYB-2026-10397,4,AC001322,AC001323,2026-09-17T06:59:00,ICICI
H0000937,CYB-2026-10397,5,AC001323,AC001324,2026-09-17T07:18:00,HDFC
H0000938,CYB-2026-10398,1,AC001325,AC001326,2026-09-18T08:34:00,BOB
H0000939,CYB-2026-10398,2,AC001326,AC001327,2026-09-18T08:48:00,ICICI
H0000940,CYB-2026-10399,1,AC001328,AC001329,2026-09-27T21:19:00,SBI
H0000941,CYB-2026-10399,2,AC001329,AC001330,2026-09-27T21:23:00,PNB
H0000942,CYB-2026-10399,3,AC001330,AC001331,2026-09-27T21:43:00,Paytm Payments Bank
H0000943,CYB-2026-10399,4,AC001331,AC001332,2026-09-27T22:04:00,PNB
H0000944,CYB-2026-10399,5,AC001332,AC001333,2026-09-27T22:19:00,Axis
H0000945,CYB-2026-10400,1,AC001334,AC001335,2026-09-23T03:11:00,HDFC
H0000946,CYB-2026-10400,2,AC001335,AC001336,2026-09-23T03:34:00,SBI
H0000947,CYB-2026-10400,3,AC001336,AC001337,2026-09-23T03:39:00,SBI
H0000948,CYB-2026-10401,1,AC001338,AC001339,2026-09-20T08:33:00,HDFC
H0000949,CYB-2026-10401,2,AC001339,AC001340,2026-09-20T08:57:00,ICICI
H0000950,CYB-2026-10401,3,AC001340,AC001341,2026-09-20T09:16:00,ICICI
H0000951,CYB-2026-10401,4,AC001341,AC001342,2026-09-20T09:43:00,Kotak
H0000952,CYB-2026-10402,1,AC001343,AC001344,2026-09-07T19:22:00,Paytm Payments Bank
H0000953,CYB-2026-10402,2,AC001344,AC001345,2026-09-07T19:51:00,ICICI
H0000954,CYB-2026-10402,3,AC001345,AC000020,2026-09-07T20:07:00,Axis
H0000955,CYB-2026-10402,4,AC000020,AC001346,2026-09-07T20:32:00,HDFC
H0000956,CYB-2026-10402,5,AC001346,AC001347,2026-09-07T21:01:00,HDFC
H0000957,CYB-2026-10403,1,AC001348,AC001349,2026-09-07T14:00:00,ICICI
H0000958,CYB-2026-10403,2,AC001349,AC001350,2026-09-07T14:00:00,HDFC
H0000959,CYB-2026-10403,3,AC001350,AC001351,2026-09-07T14:27:00,ICICI
H0000960,CYB-2026-10403,4,AC001351,AC001352,2026-09-07T14:36:00,ICICI
H0000961,CYB-2026-10403,5,AC001352,AC001353,2026-09-07T14:38:00,BOB
H0000962,CYB-2026-10404,1,AC001354,AC001355,2026-09-10T04:57:00,PNB
H0000963,CYB-2026-10405,1,AC001356,AC000019,2026-09-28T00:16:00,PNB
H0000964,CYB-2026-10405,2,AC000019,AC001357,2026-09-28T00:27:00,Kotak
H0000965,CYB-2026-10405,3,AC001357,AC001358,2026-09-28T00:43:00,Axis
H0000966,CYB-2026-10406,1,AC001359,AC001360,2026-09-14T01:54:00,Axis
H0000967,CYB-2026-10406,2,AC001360,AC001361,2026-09-14T02:21:00,Paytm Payments Bank
H0000968,CYB-2026-10407,1,AC001362,AC001363,2026-09-17T09:46:00,HDFC
H0000969,CYB-2026-10407,2,AC001363,AC001364,2026-09-17T09:56:00,HDFC
H0000970,CYB-2026-10408,1,AC001365,AC000037,2026-09-03T02:35:00,PNB
H0000971,CYB-2026-10408,2,AC000037,AC001366,2026-09-03T03:01:00,Paytm Payments Bank
H0000972,CYB-2026-10409,1,AC001367,AC001368,2026-09-17T23:23:00,BOB
H0000973,CYB-2026-10409,2,AC001368,AC001369,2026-09-17T23:44:00,HDFC
H0000974,CYB-2026-10409,3,AC001369,AC000051,2026-09-17T23:56:00,HDFC
H0000975,CYB-2026-10409,4,AC000051,AC001370,2026-09-18T00:24:00,ICICI
H0000976,CYB-2026-10410,1,AC001371,AC001372,2026-09-06T20:29:00,PNB
H0000977,CYB-2026-10410,2,AC001372,AC001373,2026-09-06T20:54:00,BOB
H0000978,CYB-2026-10410,3,AC001373,AC001374,2026-09-06T21:15:00,BOB
H0000979,CYB-2026-10410,4,AC001374,AC001375,2026-09-06T21:31:00,PNB
H0000980,CYB-2026-10411,1,AC001376,AC001377,2026-09-29T20:46:00,HDFC
H0000981,CYB-2026-10411,2,AC001377,AC001378,2026-09-29T20:46:00,ICICI
H0000982,CYB-2026-10412,1,AC001379,AC001380,2026-09-04T17:55:00,Paytm Payments Bank
H0000983,CYB-2026-10412,2,AC001380,AC001381,2026-09-04T18:03:00,Kotak
H0000984,CYB-2026-10413,1,AC001382,AC001383,2026-09-18T17:02:00,SBI
H0000985,CYB-2026-10413,2,AC001383,AC001384,2026-09-18T17:23:00,PNB
H0000986,CYB-2026-10414,1,AC001385,AC001386,2026-09-23T10:42:00,Paytm Payments Bank
H0000987,CYB-2026-10414,2,AC001386,AC001387,2026-09-23T11:09:00,ICICI
H0000988,CYB-2026-10414,3,AC001387,AC001388,2026-09-23T11:21:00,PNB
H0000989,CYB-2026-10414,4,AC001388,AC001389,2026-09-23T11:33:00,Kotak
H0000990,CYB-2026-10415,1,AC001390,AC001391,2026-09-17T22:33:00,Kotak
H0000991,CYB-2026-10415,2,AC001391,AC001392,2026-09-17T22:46:00,Kotak
H0000992,CYB-2026-10416,1,AC001393,AC001394,2026-09-30T17:54:00,PNB
H0000993,CYB-2026-10416,2,AC001394,AC000022,2026-09-30T17:54:00,Kotak
H0000994,CYB-2026-10417,1,AC001395,AC000041,2026-09-13T09:25:00,BOB
H0000995,CYB-2026-10417,2,AC000041,AC001396,2026-09-13T09:28:00,Paytm Payments Bank
H0000996,CYB-2026-10417,3,AC001396,AC000027,2026-09-13T09:38:00,Paytm Payments Bank
H0000997,CYB-2026-10417,4,AC000027,AC001397,2026-09-13T10:02:00,Kotak
H0000998,CYB-2026-10418,1,AC001398,AC000074,2026-09-25T15:28:00,Axis
H0000999,CYB-2026-10418,2,AC000074,AC001399,2026-09-25T15:58:00,HDFC
H0001000,CYB-2026-10419,1,AC001400,AC001401,2026-09-22T21:27:00,PNB
H0001001,CYB-2026-10419,2,AC001401,AC001402,2026-09-22T21:36:00,BOB
H0001002,CYB-2026-10420,1,AC001403,AC001404,2026-09-21T21:18:00,ICICI
H0001003,CYB-2026-10421,1,AC001405,AC001406,2026-09-20T23:48:00,Axis
H0001004,CYB-2026-10422,1,AC001407,AC001408,2026-09-30T02:45:00,ICICI
H0001005,CYB-2026-10422,2,AC001408,AC001409,2026-09-30T03:04:00,Axis
H0001006,CYB-2026-10423,1,AC001410,AC001411,2026-09-22T09:27:00,SBI
H0001007,CYB-2026-10423,2,AC001411,AC001412,2026-09-22T09:35:00,ICICI
H0001008,CYB-2026-10423,3,AC001412,AC000036,2026-09-22T09:56:00,ICICI
H0001009,CYB-2026-10423,4,AC000036,AC001413,2026-09-22T09:57:00,Paytm Payments Bank
H0001010,CYB-2026-10424,1,AC001414,AC001415,2026-09-19T18:56:00,ICICI
H0001011,CYB-2026-10424,2,AC001415,AC001416,2026-09-19T19:14:00,HDFC
H0001012,CYB-2026-10425,1,AC001417,AC001418,2026-09-16T05:43:00,ICICI
H0001013,CYB-2026-10425,2,AC001418,AC001419,2026-09-16T05:51:00,Paytm Payments Bank
H0001014,CYB-2026-10425,3,AC001419,AC001420,2026-09-16T06:18:00,SBI
H0001015,CYB-2026-10425,4,AC001420,AC001421,2026-09-16T06:29:00,HDFC
H0001016,CYB-2026-10426,1,AC001422,AC000078,2026-09-17T18:30:00,SBI
H0001017,CYB-2026-10426,2,AC000078,AC001423,2026-09-17T18:55:00,Axis
H0001018,CYB-2026-10426,3,AC001423,AC001424,2026-09-17T19:07:00,PNB
H0001019,CYB-2026-10427,1,AC001425,AC001426,2026-09-21T09:42:00,PNB
H0001020,CYB-2026-10427,2,AC001426,AC001427,2026-09-21T10:11:00,Axis
H0001021,CYB-2026-10427,3,AC001427,AC001428,2026-09-21T10:38:00,ICICI
H0001022,CYB-2026-10428,1,AC001429,AC001430,2026-09-04T21:55:00,Kotak
H0001023,CYB-2026-10428,2,AC001430,AC001431,2026-09-04T22:23:00,HDFC
H0001024,CYB-2026-10428,3,AC001431,AC001432,2026-09-04T22:45:00,PNB
H0001025,CYB-2026-10428,4,AC001432,AC001433,2026-09-04T22:56:00,BOB
H0001026,CYB-2026-10428,5,AC001433,AC001434,2026-09-04T23:22:00,Kotak
H0001027,CYB-2026-10429,1,AC001435,AC001436,2026-09-07T10:48:00,HDFC
H0001028,CYB-2026-10430,1,AC001437,AC001438,2026-09-21T19:26:00,Kotak
H0001029,CYB-2026-10430,2,AC001438,AC001439,2026-09-21T19:32:00,HDFC
H0001030,CYB-2026-10430,3,AC001439,AC001440,2026-09-21T19:37:00,BOB
H0001031,CYB-2026-10430,4,AC001440,AC001441,2026-09-21T20:07:00,Axis
H0001032,CYB-2026-10431,1,AC001442,AC000080,2026-09-22T07:18:00,PNB
H0001033,CYB-2026-10432,1,AC001443,AC001444,2026-09-21T01:24:00,Axis
H0001034,CYB-2026-10433,1,AC001445,AC001446,2026-09-28T13:40:00,ICICI
H0001035,CYB-2026-10433,2,AC001446,AC000034,2026-09-28T13:47:00,Paytm Payments Bank
H0001036,CYB-2026-10434,1,AC001447,AC001448,2026-09-15T23:27:00,PNB
H0001037,CYB-2026-10434,2,AC001448,AC000072,2026-09-15T23:28:00,SBI
H0001038,CYB-2026-10434,3,AC000072,AC001449,2026-09-15T23:35:00,Paytm Payments Bank
H0001039,CYB-2026-10435,1,AC001450,AC001451,2026-09-01T12:03:00,Kotak
H0001040,CYB-2026-10435,2,AC001451,AC001452,2026-09-01T12:31:00,SBI
H0001041,CYB-2026-10436,1,AC001453,AC001454,2026-09-07T06:09:00,PNB
H0001042,CYB-2026-10436,2,AC001454,AC000006,2026-09-07T06:13:00,Paytm Payments Bank
H0001043,CYB-2026-10436,3,AC000006,AC001455,2026-09-07T06:39:00,PNB
H0001044,CYB-2026-10436,4,AC001455,AC001456,2026-09-07T07:08:00,BOB
H0001045,CYB-2026-10437,1,AC001457,AC000020,2026-09-15T14:40:00,Axis
H0001046,CYB-2026-10437,2,AC000020,AC001458,2026-09-15T14:55:00,PNB
H0001047,CYB-2026-10437,3,AC001458,AC001459,2026-09-15T15:09:00,BOB
H0001048,CYB-2026-10438,1,AC001460,AC001461,2026-09-23T08:25:00,ICICI
H0001049,CYB-2026-10439,1,AC001462,AC001463,2026-09-24T09:40:00,ICICI
H0001050,CYB-2026-10440,1,AC001464,AC001465,2026-09-02T10:50:00,HDFC
H0001051,CYB-2026-10440,2,AC001465,AC001466,2026-09-02T10:54:00,SBI
H0001052,CYB-2026-10440,3,AC001466,AC000062,2026-09-02T11:08:00,PNB
H0001053,CYB-2026-10440,4,AC000062,AC001467,2026-09-02T11:08:00,Kotak
H0001054,CYB-2026-10441,1,AC001468,AC001469,2026-09-07T03:40:00,SBI
H0001055,CYB-2026-10441,2,AC001469,AC001470,2026-09-07T03:57:00,BOB
H0001056,CYB-2026-10441,3,AC001470,AC000033,2026-09-07T04:02:00,Axis
H0001057,CYB-2026-10442,1,AC001471,AC001472,2026-09-14T05:26:00,PNB
H0001058,CYB-2026-10442,2,AC001472,AC001473,2026-09-14T05:45:00,ICICI
H0001059,CYB-2026-10442,3,AC001473,AC001474,2026-09-14T05:48:00,Kotak
H0001060,CYB-2026-10443,1,AC001475,AC001476,2026-09-20T12:19:00,BOB
H0001061,CYB-2026-10443,2,AC001476,AC000066,2026-09-20T12:29:00,Paytm Payments Bank
H0001062,CYB-2026-10444,1,AC001477,AC001478,2026-09-25T03:34:00,Paytm Payments Bank
H0001063,CYB-2026-10444,2,AC001478,AC001479,2026-09-25T03:38:00,PNB
H0001064,CYB-2026-10445,1,AC001480,AC001481,2026-09-03T07:29:00,PNB
H0001065,CYB-2026-10445,2,AC001481,AC001482,2026-09-03T07:47:00,HDFC
H0001066,CYB-2026-10446,1,AC001483,AC001484,2026-09-03T07:44:00,Paytm Payments Bank
H0001067,CYB-2026-10446,2,AC001484,AC001485,2026-09-03T07:58:00,PNB
H0001068,CYB-2026-10446,3,AC001485,AC001486,2026-09-03T08:27:00,ICICI
H0001069,CYB-2026-10446,4,AC001486,AC001487,2026-09-03T08:29:00,PNB
H0001070,CYB-2026-10447,1,AC001488,AC001489,2026-09-01T20:58:00,Paytm Payments Bank
H0001071,CYB-2026-10447,2,AC001489,AC001490,2026-09-01T21:24:00,Kotak
H0001072,CYB-2026-10448,1,AC001491,AC001492,2026-09-06T08:34:00,ICICI
H0001073,CYB-2026-10448,2,AC001492,AC001493,2026-09-06T08:47:00,Axis
H0001074,CYB-2026-10449,1,AC001494,AC000058,2026-09-08T04:47:00,Axis
H0001075,CYB-2026-10449,2,AC000058,AC001495,2026-09-08T05:05:00,BOB
H0001076,CYB-2026-10449,3,AC001495,AC000002,2026-09-08T05:08:00,BOB
H0001077,CYB-2026-10450,1,AC001496,AC001497,2026-09-02T22:48:00,Paytm Payments Bank
H0001078,CYB-2026-10450,2,AC001497,AC001498,2026-09-02T22:49:00,SBI
H0001079,CYB-2026-10450,3,AC001498,AC001499,2026-09-02T22:59:00,HDFC
H0001080,CYB-2026-10450,4,AC001499,AC001500,2026-09-02T23:19:00,BOB
H0001081,CYB-2026-10451,1,AC001501,AC001502,2026-09-21T02:43:00,Kotak
H0001082,CYB-2026-10451,2,AC001502,AC001503,2026-09-21T02:59:00,Axis
H0001083,CYB-2026-10452,1,AC001504,AC001505,2026-09-14T14:52:00,ICICI
H0001084,CYB-2026-10452,2,AC001505,AC001506,2026-09-14T15:01:00,HDFC
H0001085,CYB-2026-10452,3,AC001506,AC001507,2026-09-14T15:05:00,ICICI
H0001086,CYB-2026-10453,1,AC001508,AC000003,2026-09-15T01:51:00,PNB
H0001087,CYB-2026-10453,2,AC000003,AC001509,2026-09-15T01:56:00,ICICI
H0001088,CYB-2026-10453,3,AC001509,AC001510,2026-09-15T02:24:00,SBI
H0001089,CYB-2026-10453,4,AC001510,AC001511,2026-09-15T02:34:00,BOB
H0001090,CYB-2026-10454,1,AC001512,AC001513,2026-09-17T10:28:00,HDFC
H0001091,CYB-2026-10454,2,AC001513,AC001514,2026-09-17T10:57:00,Paytm Payments Bank
H0001092,CYB-2026-10454,3,AC001514,AC001515,2026-09-17T11:27:00,HDFC
H0001093,CYB-2026-10454,4,AC001515,AC001516,2026-09-17T11:52:00,HDFC
H0001094,CYB-2026-10455,1,AC001517,AC001518,2026-09-17T17:15:00,HDFC
H0001095,CYB-2026-10455,2,AC001518,AC001519,2026-09-17T17:26:00,Kotak
H0001096,CYB-2026-10455,3,AC001519,AC001520,2026-09-17T17:29:00,Axis
H0001097,CYB-2026-10456,1,AC001521,AC000048,2026-09-16T19:10:00,BOB
H0001098,CYB-2026-10456,2,AC000048,AC001522,2026-09-16T19:31:00,Axis
H0001099,CYB-2026-10457,1,AC001523,AC001524,2026-09-19T21:04:00,Paytm Payments Bank
H0001100,CYB-2026-10457,2,AC001524,AC001525,2026-09-19T21:04:00,HDFC
H0001101,CYB-2026-10457,3,AC001525,AC000041,2026-09-19T21:16:00,ICICI
H0001102,CYB-2026-10457,4,AC000041,AC001526,2026-09-19T21:28:00,SBI
H0001103,CYB-2026-10458,1,AC001527,AC001528,2026-09-24T22:06:00,PNB
H0001104,CYB-2026-10458,2,AC001528,AC001529,2026-09-24T22:16:00,Kotak
H0001105,CYB-2026-10459,1,AC001530,AC001531,2026-09-10T14:31:00,BOB
H0001106,CYB-2026-10459,2,AC001531,AC001532,2026-09-10T14:59:00,PNB
H0001107,CYB-2026-10460,1,AC001533,AC000071,2026-09-24T22:38:00,Kotak
H0001108,CYB-2026-10460,2,AC000071,AC001534,2026-09-24T22:43:00,SBI
H0001109,CYB-2026-10461,1,AC001535,AC000048,2026-09-20T11:53:00,Kotak
H0001110,CYB-2026-10461,2,AC000048,AC001536,2026-09-20T12:17:00,HDFC
H0001111,CYB-2026-10461,3,AC001536,AC001537,2026-09-20T12:35:00,SBI
H0001112,CYB-2026-10461,4,AC001537,AC001538,2026-09-20T12:42:00,Axis
H0001113,CYB-2026-10461,5,AC001538,AC001539,2026-09-20T12:51:00,ICICI
H0001114,CYB-2026-10462,1,AC001540,AC001541,2026-09-21T22:26:00,HDFC
H0001115,CYB-2026-10462,2,AC001541,AC000055,2026-09-21T22:54:00,ICICI
H0001116,CYB-2026-10462,3,AC000055,AC001542,2026-09-21T23:08:00,HDFC
H0001117,CYB-2026-10462,4,AC001542,AC001543,2026-09-21T23:24:00,BOB
H0001118,CYB-2026-10462,5,AC001543,AC001544,2026-09-21T23:40:00,BOB
H0001119,CYB-2026-10463,1,AC001545,AC001546,2026-09-23T12:57:00,Paytm Payments Bank
H0001120,CYB-2026-10464,1,AC001547,AC001548,2026-09-02T17:39:00,BOB
H0001121,CYB-2026-10464,2,AC001548,AC000048,2026-09-02T17:57:00,PNB
H0001122,CYB-2026-10464,3,AC000048,AC000020,2026-09-02T18:00:00,Kotak
H0001123,CYB-2026-10465,1,AC001549,AC001550,2026-09-07T17:21:00,ICICI
H0001124,CYB-2026-10465,2,AC001550,AC001551,2026-09-07T17:36:00,SBI
H0001125,CYB-2026-10465,3,AC001551,AC001552,2026-09-07T17:47:00,HDFC
H0001126,CYB-2026-10466,1,AC001553,AC001554,2026-09-18T10:23:00,Paytm Payments Bank
H0001127,CYB-2026-10466,2,AC001554,AC001555,2026-09-18T10:44:00,Paytm Payments Bank
H0001128,CYB-2026-10466,3,AC001555,AC001556,2026-09-18T11:07:00,Kotak
H0001129,CYB-2026-10467,1,AC001557,AC001558,2026-09-21T10:16:00,PNB
H0001130,CYB-2026-10468,1,AC001559,AC001560,2026-09-27T12:19:00,SBI
H0001131,CYB-2026-10468,2,AC001560,AC001561,2026-09-27T12:48:00,ICICI
H0001132,CYB-2026-10468,3,AC001561,AC001562,2026-09-27T12:56:00,Axis
H0001133,CYB-2026-10469,1,AC001563,AC001564,2026-09-15T20:28:00,SBI
H0001134,CYB-2026-10470,1,AC001565,AC001566,2026-09-05T09:29:00,ICICI
H0001135,CYB-2026-10470,2,AC001566,AC001567,2026-09-05T09:31:00,ICICI
H0001136,CYB-2026-10470,3,AC001567,AC001568,2026-09-05T09:44:00,ICICI
H0001137,CYB-2026-10470,4,AC001568,AC000042,2026-09-05T09:49:00,SBI
H0001138,CYB-2026-10470,5,AC000042,AC001569,2026-09-05T09:58:00,BOB
H0001139,CYB-2026-10471,1,AC001570,AC001571,2026-09-03T15:03:00,BOB
H0001140,CYB-2026-10472,1,AC001572,AC001573,2026-09-23T06:50:00,PNB
H0001141,CYB-2026-10473,1,AC001574,AC001575,2026-09-15T02:59:00,Axis
H0001142,CYB-2026-10473,2,AC001575,AC001576,2026-09-15T03:03:00,Kotak
H0001143,CYB-2026-10474,1,AC001577,AC001578,2026-09-21T19:44:00,PNB
H0001144,CYB-2026-10474,2,AC001578,AC001579,2026-09-21T19:49:00,SBI
H0001145,CYB-2026-10475,1,AC001580,AC001581,2026-09-30T00:37:00,HDFC
H0001146,CYB-2026-10475,2,AC001581,AC001582,2026-09-30T00:49:00,HDFC
H0001147,CYB-2026-10475,3,AC001582,AC001583,2026-09-30T01:12:00,PNB
H0001148,CYB-2026-10475,4,AC001583,AC001584,2026-09-30T01:18:00,Kotak
H0001149,CYB-2026-10475,5,AC001584,AC001585,2026-09-30T01:48:00,Kotak
H0001150,CYB-2026-10476,1,AC001586,AC000018,2026-09-10T20:23:00,SBI
H0001151,CYB-2026-10476,2,AC000018,AC001587,2026-09-10T20:23:00,SBI
H0001152,CYB-2026-10476,3,AC001587,AC001588,2026-09-10T20:36:00,Paytm Payments Bank
H0001153,CYB-2026-10476,4,AC001588,AC001589,2026-09-10T20:53:00,HDFC
H0001154,CYB-2026-10477,1,AC001590,AC001591,2026-09-17T07:59:00,SBI
H0001155,CYB-2026-10477,2,AC001591,AC001592,2026-09-17T08:10:00,Axis
H0001156,CYB-2026-10478,1,AC001593,AC001594,2026-09-09T23:32:00,Axis
H0001157,CYB-2026-10478,2,AC001594,AC001595,2026-09-09T23:47:00,Kotak
H0001158,CYB-2026-10478,3,AC001595,AC000064,2026-09-10T00:15:00,Axis
H0001159,CYB-2026-10478,4,AC000064,AC000051,2026-09-10T00:18:00,PNB
H0001160,CYB-2026-10478,5,AC000051,AC001596,2026-09-10T00:33:00,ICICI
H0001161,CYB-2026-10479,1,AC001597,AC001598,2026-09-13T01:55:00,SBI
H0001162,CYB-2026-10479,2,AC001598,AC001599,2026-09-13T02:17:00,PNB
H0001163,CYB-2026-10479,3,AC001599,AC001600,2026-09-13T02:45:00,Paytm Payments Bank
H0001164,CYB-2026-10480,1,AC001601,AC001602,2026-09-13T17:35:00,SBI
H0001165,CYB-2026-10480,2,AC001602,AC001603,2026-09-13T17:42:00,SBI
H0001166,CYB-2026-10480,3,AC001603,AC001604,2026-09-13T17:55:00,Paytm Payments Bank
H0001167,CYB-2026-10481,1,AC001605,AC001606,2026-09-11T12:36:00,PNB
H0001168,CYB-2026-10482,1,AC001607,AC000031,2026-09-29T18:35:00,Kotak
H0001169,CYB-2026-10483,1,AC001608,AC001609,2026-09-29T10:46:00,HDFC
H0001170,CYB-2026-10483,2,AC001609,AC001610,2026-09-29T11:15:00,SBI
H0001171,CYB-2026-10483,3,AC001610,AC001611,2026-09-29T11:43:00,HDFC
H0001172,CYB-2026-10484,1,AC001612,AC000049,2026-09-04T06:03:00,HDFC
H0001173,CYB-2026-10484,2,AC000049,AC001613,2026-09-04T06:16:00,Axis
H0001174,CYB-2026-10484,3,AC001613,AC001614,2026-09-04T06:41:00,SBI
H0001175,CYB-2026-10484,4,AC001614,AC001615,2026-09-04T06:55:00,BOB
H0001176,CYB-2026-10485,1,AC001616,AC000002,2026-09-21T22:17:00,HDFC
H0001177,CYB-2026-10486,1,AC001617,AC001618,2026-09-29T12:09:00,SBI
H0001178,CYB-2026-10486,2,AC001618,AC001619,2026-09-29T12:27:00,BOB
H0001179,CYB-2026-10487,1,AC001620,AC001621,2026-09-07T23:00:00,ICICI
H0001180,CYB-2026-10487,2,AC001621,AC000065,2026-09-07T23:26:00,SBI
H0001181,CYB-2026-10487,3,AC000065,AC001622,2026-09-07T23:32:00,Axis
H0001182,CYB-2026-10488,1,AC001623,AC001624,2026-09-22T12:50:00,PNB
H0001183,CYB-2026-10488,2,AC001624,AC001625,2026-09-22T12:55:00,HDFC
H0001184,CYB-2026-10488,3,AC001625,AC001626,2026-09-22T13:20:00,SBI
H0001185,CYB-2026-10488,4,AC001626,AC001627,2026-09-22T13:49:00,SBI
H0001186,CYB-2026-10489,1,AC001628,AC001629,2026-09-16T08:06:00,Kotak
H0001187,CYB-2026-10489,2,AC001629,AC000046,2026-09-16T08:06:00,HDFC
H0001188,CYB-2026-10489,3,AC000046,AC001630,2026-09-16T08:20:00,Axis
H0001189,CYB-2026-10490,1,AC001631,AC001632,2026-09-11T05:15:00,ICICI
H0001190,CYB-2026-10490,2,AC001632,AC001633,2026-09-11T05:20:00,PNB
H0001191,CYB-2026-10490,3,AC001633,AC001634,2026-09-11T05:20:00,ICICI
H0001192,CYB-2026-10491,1,AC001635,AC001636,2026-09-18T05:10:00,HDFC
H0001193,CYB-2026-10491,2,AC001636,AC000017,2026-09-18T05:35:00,Axis
H0001194,CYB-2026-10491,3,AC000017,AC001637,2026-09-18T05:47:00,Kotak
H0001195,CYB-2026-10491,4,AC001637,AC001638,2026-09-18T06:00:00,Axis
H0001196,CYB-2026-10491,5,AC001638,AC001639,2026-09-18T06:24:00,Axis
H0001197,CYB-2026-10492,1,AC001640,AC001641,2026-09-07T00:09:00,Paytm Payments Bank
H0001198,CYB-2026-10492,2,AC001641,AC001642,2026-09-07T00:28:00,HDFC
H0001199,CYB-2026-10492,3,AC001642,AC001643,2026-09-07T00:40:00,Kotak
H0001200,CYB-2026-10492,4,AC001643,AC001644,2026-09-07T00:54:00,ICICI
H0001201,CYB-2026-10493,1,AC001645,AC001646,2026-09-22T19:53:00,SBI
H0001202,CYB-2026-10493,2,AC001646,AC001647,2026-09-22T20:21:00,Axis
H0001203,CYB-2026-10493,3,AC001647,AC001648,2026-09-22T20:28:00,BOB
H0001204,CYB-2026-10494,1,AC001649,AC001650,2026-09-07T08:50:00,SBI
H0001205,CYB-2026-10494,2,AC001650,AC001651,2026-09-07T09:09:00,Kotak
H0001206,CYB-2026-10495,1,AC001652,AC001653,2026-09-13T16:20:00,HDFC
H0001207,CYB-2026-10495,2,AC001653,AC001654,2026-09-13T16:22:00,PNB
H0001208,CYB-2026-10495,3,AC001654,AC001655,2026-09-13T16:38:00,HDFC
H0001209,CYB-2026-10496,1,AC001656,AC001657,2026-09-10T08:56:00,PNB
H0001210,CYB-2026-10496,2,AC001657,AC001658,2026-09-10T09:15:00,ICICI
H0001211,CYB-2026-10496,3,AC001658,AC001659,2026-09-10T09:39:00,PNB
H0001212,CYB-2026-10497,1,AC001660,AC001661,2026-10-01T02:10:00,ICICI
H0001213,CYB-2026-10497,2,AC001661,AC001662,2026-10-01T02:17:00,Axis
H0001214,CYB-2026-10497,3,AC001662,AC001663,2026-10-01T02:23:00,Paytm Payments Bank
H0001215,CYB-2026-10498,1,AC001664,AC001665,2026-09-16T18:35:00,BOB
H0001216,CYB-2026-10498,2,AC001665,AC001666,2026-09-16T18:49:00,SBI
H0001217,CYB-2026-10499,1,AC001667,AC001668,2026-09-17T09:47:00,BOB
H0001218,CYB-2026-10499,2,AC001668,AC001669,2026-09-17T10:09:00,PNB
H0001219,CYB-2026-10500,1,AC001670,AC001671,2026-09-27T02:38:00,BOB
H0001220,CYB-2026-10500,2,AC001671,AC001672,2026-09-27T02:41:00,Kotak
H0001221,CYB-2026-10500,3,AC001672,AC001673,2026-09-27T02:55:00,PNB
H0001222,CYB-2026-10501,1,AC001674,AC001675,2026-09-28T17:31:00,BOB
H0001223,CYB-2026-10502,1,AC001676,AC001677,2026-09-18T01:08:00,BOB
H0001224,CYB-2026-10503,1,AC001678,AC001679,2026-09-18T23:19:00,Paytm Payments Bank
H0001225,CYB-2026-10504,1,AC001680,AC000052,2026-09-10T10:37:00,Axis
H0001226,CYB-2026-10504,2,AC000052,AC001681,2026-09-10T11:06:00,Paytm Payments Bank
H0001227,CYB-2026-10504,3,AC001681,AC001682,2026-09-10T11:24:00,SBI
H0001228,CYB-2026-10504,4,AC001682,AC001683,2026-09-10T11:33:00,Paytm Payments Bank
H0001229,CYB-2026-10505,1,AC001684,AC001685,2026-09-29T08:48:00,HDFC
H0001230,CYB-2026-10505,2,AC001685,AC001686,2026-09-29T09:18:00,SBI
H0001231,CYB-2026-10505,3,AC001686,AC001687,2026-09-29T09:45:00,ICICI
H0001232,CYB-2026-10506,1,AC001688,AC001689,2026-09-11T03:20:00,HDFC
H0001233,CYB-2026-10507,1,AC001690,AC001691,2026-09-03T07:06:00,Paytm Payments Bank
H0001234,CYB-2026-10508,1,AC001692,AC001693,2026-09-06T11:30:00,Paytm Payments Bank
H0001235,CYB-2026-10508,2,AC001693,AC000071,2026-09-06T11:51:00,Axis
H0001236,CYB-2026-10508,3,AC000071,AC001694,2026-09-06T12:05:00,ICICI
H0001237,CYB-2026-10508,4,AC001694,AC001695,2026-09-06T12:13:00,ICICI
H0001238,CYB-2026-10508,5,AC001695,AC001696,2026-09-06T12:13:00,HDFC
H0001239,CYB-2026-10509,1,AC001697,AC001698,2026-09-01T18:20:00,SBI
H0001240,CYB-2026-10509,2,AC001698,AC001699,2026-09-01T18:37:00,Axis
H0001241,CYB-2026-10510,1,AC001700,AC000001,2026-09-05T22:17:00,BOB
H0001242,CYB-2026-10510,2,AC000001,AC001701,2026-09-05T22:46:00,Axis
H0001243,CYB-2026-10511,1,AC001702,AC001703,2026-09-16T14:16:00,ICICI
H0001244,CYB-2026-10512,1,AC001704,AC001705,2026-09-26T20:06:00,BOB
H0001245,CYB-2026-10512,2,AC001705,AC001706,2026-09-26T20:12:00,HDFC
H0001246,CYB-2026-10512,3,AC001706,AC001707,2026-09-26T20:17:00,SBI
H0001247,CYB-2026-10513,1,AC001708,AC000028,2026-10-01T04:53:00,PNB
H0001248,CYB-2026-10513,2,AC000028,AC001709,2026-10-01T05:08:00,HDFC
H0001249,CYB-2026-10514,1,AC001710,AC001711,2026-09-18T22:53:00,Kotak
H0001250,CYB-2026-10515,1,AC001712,AC001713,2026-09-21T16:35:00,SBI
H0001251,CYB-2026-10515,2,AC001713,AC001714,2026-09-21T16:54:00,HDFC
H0001252,CYB-2026-10515,3,AC001714,AC001715,2026-09-21T17:17:00,BOB
H0001253,CYB-2026-10516,1,AC001716,AC001717,2026-09-10T10:46:00,Paytm Payments Bank
H0001254,CYB-2026-10516,2,AC001717,AC001718,2026-09-10T10:56:00,ICICI
H0001255,CYB-2026-10516,3,AC001718,AC001719,2026-09-10T11:16:00,SBI
H0001256,CYB-2026-10517,1,AC001720,AC001721,2026-09-16T08:19:00,Axis
H0001257,CYB-2026-10517,2,AC001721,AC001722,2026-09-16T08:41:00,Axis
H0001258,CYB-2026-10518,1,AC001723,AC000019,2026-09-04T05:04:00,Axis
H0001259,CYB-2026-10519,1,AC001724,AC001725,2026-09-22T12:23:00,ICICI
H0001260,CYB-2026-10519,2,AC001725,AC001726,2026-09-22T12:32:00,PNB
H0001261,CYB-2026-10519,3,AC001726,AC001727,2026-09-22T13:02:00,Axis
H0001262,CYB-2026-10519,4,AC001727,AC001728,2026-09-22T13:27:00,Paytm Payments Bank
H0001263,CYB-2026-10520,1,AC001729,AC000049,2026-09-24T06:07:00,HDFC
H0001264,CYB-2026-10520,2,AC000049,AC001730,2026-09-24T06:36:00,PNB
H0001265,CYB-2026-10520,3,AC001730,AC001731,2026-09-24T06:40:00,ICICI
H0001266,CYB-2026-10521,1,AC001732,AC001733,2026-09-23T03:18:00,ICICI
H0001267,CYB-2026-10522,1,AC001734,AC001735,2026-09-19T16:07:00,PNB
H0001268,CYB-2026-10522,2,AC001735,AC001736,2026-09-19T16:25:00,HDFC
H0001269,CYB-2026-10522,3,AC001736,AC001737,2026-09-19T16:26:00,HDFC
H0001270,CYB-2026-10522,4,AC001737,AC001738,2026-09-19T16:44:00,ICICI
H0001271,CYB-2026-10523,1,AC001739,AC001740,2026-09-23T12:05:00,Axis
H0001272,CYB-2026-10523,2,AC001740,AC001741,2026-09-23T12:06:00,Kotak
H0001273,CYB-2026-10524,1,AC001742,AC000012,2026-09-07T23:17:00,BOB
H0001274,CYB-2026-10525,1,AC001743,AC001744,2026-09-20T16:38:00,BOB
H0001275,CYB-2026-10525,2,AC001744,AC001745,2026-09-20T17:07:00,HDFC
H0001276,CYB-2026-10525,3,AC001745,AC000074,2026-09-20T17:31:00,Kotak
H0001277,CYB-2026-10526,1,AC001746,AC000054,2026-09-01T13:16:00,BOB
H0001278,CYB-2026-10526,2,AC000054,AC001747,2026-09-01T13:39:00,BOB
H0001279,CYB-2026-10526,3,AC001747,AC001748,2026-09-01T13:50:00,ICICI
H0001280,CYB-2026-10527,1,AC001749,AC000024,2026-09-27T01:49:00,Axis
H0001281,CYB-2026-10527,2,AC000024,AC001750,2026-09-27T02:17:00,BOB
H0001282,CYB-2026-10528,1,AC001751,AC000031,2026-09-06T22:26:00,Paytm Payments Bank
H0001283,CYB-2026-10528,2,AC000031,AC001752,2026-09-06T22:29:00,SBI
H0001284,CYB-2026-10528,3,AC001752,AC000001,2026-09-06T22:50:00,SBI
H0001285,CYB-2026-10529,1,AC001753,AC001754,2026-09-23T08:56:00,Kotak
H0001286,CYB-2026-10529,2,AC001754,AC001755,2026-09-23T09:22:00,Axis
H0001287,CYB-2026-10529,3,AC001755,AC001756,2026-09-23T09:43:00,BOB
H0001288,CYB-2026-10529,4,AC001756,AC001757,2026-09-23T09:44:00,Kotak
H0001289,CYB-2026-10529,5,AC001757,AC001758,2026-09-23T10:09:00,HDFC
H0001290,CYB-2026-10530,1,AC001759,AC001760,2026-09-13T23:36:00,Paytm Payments Bank
H0001291,CYB-2026-10530,2,AC001760,AC001761,2026-09-13T23:57:00,Axis
H0001292,CYB-2026-10531,1,AC001762,AC001763,2026-09-16T01:52:00,HDFC
H0001293,CYB-2026-10531,2,AC001763,AC001764,2026-09-16T02:22:00,Paytm Payments Bank
H0001294,CYB-2026-10532,1,AC001765,AC001766,2026-09-24T22:04:00,PNB
H0001295,CYB-2026-10532,2,AC001766,AC001767,2026-09-24T22:21:00,Paytm Payments Bank
H0001296,CYB-2026-10533,1,AC001768,AC001769,2026-09-10T21:32:00,SBI
H0001297,CYB-2026-10533,2,AC001769,AC001770,2026-09-10T22:01:00,Kotak
H0001298,CYB-2026-10534,1,AC001771,AC000043,2026-09-06T20:54:00,Axis
H0001299,CYB-2026-10534,2,AC000043,AC001772,2026-09-06T21:18:00,HDFC
H0001300,CYB-2026-10535,1,AC001773,AC000012,2026-09-21T03:19:00,HDFC
H0001301,CYB-2026-10535,2,AC000012,AC001774,2026-09-21T03:37:00,Axis
H0001302,CYB-2026-10536,1,AC001775,AC001776,2026-09-27T12:14:00,BOB
H0001303,CYB-2026-10536,2,AC001776,AC001777,2026-09-27T12:24:00,Kotak
H0001304,CYB-2026-10537,1,AC001778,AC001779,2026-09-19T06:13:00,PNB
H0001305,CYB-2026-10537,2,AC001779,AC001780,2026-09-19T06:28:00,Paytm Payments Bank
H0001306,CYB-2026-10538,1,AC001781,AC001782,2026-09-06T20:57:00,Paytm Payments Bank
H0001307,CYB-2026-10538,2,AC001782,AC001783,2026-09-06T21:27:00,BOB
H0001308,CYB-2026-10539,1,AC001784,AC001785,2026-09-11T11:59:00,ICICI
H0001309,CYB-2026-10539,2,AC001785,AC001786,2026-09-11T12:16:00,BOB
H0001310,CYB-2026-10540,1,AC001787,AC001788,2026-09-14T03:21:00,HDFC
H0001311,CYB-2026-10540,2,AC001788,AC001789,2026-09-14T03:45:00,SBI
H0001312,CYB-2026-10540,3,AC001789,AC001790,2026-09-14T04:07:00,PNB
H0001313,CYB-2026-10541,1,AC001791,AC001792,2026-09-07T20:31:00,SBI
H0001314,CYB-2026-10541,2,AC001792,AC001793,2026-09-07T20:58:00,HDFC
H0001315,CYB-2026-10541,3,AC001793,AC001794,2026-09-07T21:25:00,ICICI
H0001316,CYB-2026-10541,4,AC001794,AC001795,2026-09-07T21:38:00,ICICI
H0001317,CYB-2026-10541,5,AC001795,AC001796,2026-09-07T21:41:00,Kotak
H0001318,CYB-2026-10542,1,AC001797,AC000031,2026-09-21T00:02:00,Paytm Payments Bank
H0001319,CYB-2026-10543,1,AC001798,AC001799,2026-10-01T05:36:00,Paytm Payments Bank
H0001320,CYB-2026-10543,2,AC001799,AC001800,2026-10-01T05:39:00,HDFC
H0001321,CYB-2026-10544,1,AC001801,AC001802,2026-09-27T07:52:00,ICICI
H0001322,CYB-2026-10544,2,AC001802,AC001803,2026-09-27T08:12:00,BOB
H0001323,CYB-2026-10544,3,AC001803,AC001804,2026-09-27T08:16:00,HDFC
H0001324,CYB-2026-10545,1,AC001805,AC000075,2026-09-19T04:24:00,HDFC
H0001325,CYB-2026-10545,2,AC000075,AC001806,2026-09-19T04:30:00,HDFC
H0001326,CYB-2026-10546,1,AC001807,AC001808,2026-09-03T00:47:00,PNB
H0001327,CYB-2026-10547,1,AC001809,AC001810,2026-09-09T01:56:00,PNB
H0001328,CYB-2026-10548,1,AC001811,AC001812,2026-09-17T06:57:00,SBI
H0001329,CYB-2026-10549,1,AC001813,AC001814,2026-09-26T09:23:00,BOB
H0001330,CYB-2026-10549,2,AC001814,AC000033,2026-09-26T09:31:00,BOB
H0001331,CYB-2026-10550,1,AC001815,AC000035,2026-09-20T14:55:00,Axis
H0001332,CYB-2026-10551,1,AC001816,AC001817,2026-09-15T15:39:00,HDFC
H0001333,CYB-2026-10551,2,AC001817,AC001818,2026-09-15T15:56:00,HDFC
H0001334,CYB-2026-10552,1,AC001819,AC000049,2026-09-13T16:34:00,BOB
H0001335,CYB-2026-10552,2,AC000049,AC001820,2026-09-13T16:59:00,HDFC
H0001336,CYB-2026-10552,3,AC001820,AC001821,2026-09-13T17:22:00,PNB
H0001337,CYB-2026-10552,4,AC001821,AC001822,2026-09-13T17:47:00,Paytm Payments Bank
H0001338,CYB-2026-10553,1,AC001823,AC001824,2026-09-05T18:24:00,ICICI
H0001339,CYB-2026-10553,2,AC001824,AC001825,2026-09-05T18:47:00,BOB
H0001340,CYB-2026-10554,1,AC001826,AC001827,2026-10-01T04:22:00,SBI
H0001341,CYB-2026-10554,2,AC001827,AC001828,2026-10-01T04:42:00,Kotak
H0001342,CYB-2026-10554,3,AC001828,AC001829,2026-10-01T04:49:00,BOB
H0001343,CYB-2026-10555,1,AC001830,AC001831,2026-09-20T17:16:00,PNB
H0001344,CYB-2026-10555,2,AC001831,AC001832,2026-09-20T17:26:00,HDFC
H0001345,CYB-2026-10555,3,AC001832,AC001833,2026-09-20T17:28:00,Axis
H0001346,CYB-2026-10555,4,AC001833,AC001834,2026-09-20T17:33:00,SBI
H0001347,CYB-2026-10556,1,AC001835,AC001836,2026-09-24T09:58:00,HDFC
H0001348,CYB-2026-10556,2,AC001836,AC001837,2026-09-24T10:17:00,Axis
H0001349,CYB-2026-10556,3,AC001837,AC001838,2026-09-24T10:40:00,SBI
H0001350,CYB-2026-10557,1,AC001839,AC001840,2026-09-28T23:45:00,Axis
H0001351,CYB-2026-10557,2,AC001840,AC001841,2026-09-28T23:56:00,ICICI
H0001352,CYB-2026-10558,1,AC001842,AC001843,2026-09-16T15:23:00,PNB
H0001353,CYB-2026-10559,1,AC001844,AC000001,2026-09-24T17:24:00,Paytm Payments Bank
H0001354,CYB-2026-10559,2,AC000001,AC001845,2026-09-24T17:35:00,HDFC
H0001355,CYB-2026-10560,1,AC001846,AC001847,2026-09-23T15:30:00,BOB
H0001356,CYB-2026-10560,2,AC001847,AC001848,2026-09-23T15:45:00,SBI
H0001357,CYB-2026-10560,3,AC001848,AC001849,2026-09-23T16:06:00,PNB
H0001358,CYB-2026-10560,4,AC001849,AC001850,2026-09-23T16:18:00,Kotak
H0001359,CYB-2026-10561,1,AC001851,AC001852,2026-10-01T03:02:00,SBI
H0001360,CYB-2026-10561,2,AC001852,AC001853,2026-10-01T03:29:00,Axis
H0001361,CYB-2026-10562,1,AC001854,AC001855,2026-09-02T16:39:00,HDFC
H0001362,CYB-2026-10562,2,AC001855,AC001856,2026-09-02T16:56:00,Paytm Payments Bank
H0001363,CYB-2026-10562,3,AC001856,AC001857,2026-09-02T17:18:00,ICICI
H0001364,CYB-2026-10562,4,AC001857,AC001858,2026-09-02T17:42:00,BOB
H0001365,CYB-2026-10563,1,AC001859,AC001860,2026-09-08T08:00:00,SBI
H0001366,CYB-2026-10563,2,AC001860,AC001861,2026-09-08T08:10:00,BOB
H0001367,CYB-2026-10564,1,AC001862,AC001863,2026-09-20T18:36:00,Axis
H0001368,CYB-2026-10565,1,AC001864,AC001865,2026-09-10T07:02:00,ICICI
H0001369,CYB-2026-10565,2,AC001865,AC001866,2026-09-10T07:29:00,ICICI
H0001370,CYB-2026-10565,3,AC001866,AC001867,2026-09-10T07:33:00,BOB
H0001371,CYB-2026-10565,4,AC001867,AC000025,2026-09-10T08:02:00,ICICI
H0001372,CYB-2026-10566,1,AC001868,AC001869,2026-09-15T04:44:00,BOB
H0001373,CYB-2026-10566,2,AC001869,AC001870,2026-09-15T04:53:00,HDFC
H0001374,CYB-2026-10567,1,AC001871,AC001872,2026-09-09T12:41:00,Axis
H0001375,CYB-2026-10568,1,AC001873,AC000002,2026-09-17T19:28:00,ICICI
H0001376,CYB-2026-10568,2,AC000002,AC001874,2026-09-17T19:51:00,Kotak
H0001377,CYB-2026-10569,1,AC001875,AC001876,2026-09-10T19:47:00,HDFC
H0001378,CYB-2026-10569,2,AC001876,AC000025,2026-09-10T19:53:00,Paytm Payments Bank
H0001379,CYB-2026-10569,3,AC000025,AC001877,2026-09-10T19:55:00,Kotak
H0001380,CYB-2026-10570,1,AC001878,AC001879,2026-09-09T23:47:00,Kotak
H0001381,CYB-2026-10570,2,AC001879,AC001880,2026-09-10T00:01:00,HDFC
H0001382,CYB-2026-10570,3,AC001880,AC001881,2026-09-10T00:03:00,Paytm Payments Bank
H0001383,CYB-2026-10571,1,AC001882,AC001883,2026-09-07T03:11:00,Axis
H0001384,CYB-2026-10572,1,AC001884,AC001885,2026-09-08T18:59:00,BOB
H0001385,CYB-2026-10572,2,AC001885,AC001886,2026-09-08T19:05:00,ICICI
H0001386,CYB-2026-10573,1,AC001887,AC001888,2026-09-25T03:39:00,HDFC
H0001387,CYB-2026-10574,1,AC001889,AC001890,2026-09-13T21:30:00,Axis
H0001388,CYB-2026-10574,2,AC001890,AC001891,2026-09-13T21:30:00,Kotak
H0001389,CYB-2026-10575,1,AC001892,AC001893,2026-09-07T07:57:00,SBI
H0001390,CYB-2026-10575,2,AC001893,AC001894,2026-09-07T08:04:00,PNB
H0001391,CYB-2026-10575,3,AC001894,AC001895,2026-09-07T08:04:00,HDFC
H0001392,CYB-2026-10575,4,AC001895,AC001896,2026-09-07T08:26:00,BOB
H0001393,CYB-2026-10576,1,AC001897,AC001898,2026-09-11T07:24:00,BOB
H0001394,CYB-2026-10576,2,AC001898,AC001899,2026-09-11T07:31:00,BOB
H0001395,CYB-2026-10577,1,AC001900,AC000021,2026-09-09T20:45:00,ICICI
H0001396,CYB-2026-10577,2,AC000021,AC001901,2026-09-09T21:06:00,Axis
H0001397,CYB-2026-10577,3,AC001901,AC000010,2026-09-09T21:19:00,Axis
H0001398,CYB-2026-10578,1,AC001902,AC000002,2026-09-01T19:16:00,SBI
H0001399,CYB-2026-10578,2,AC000002,AC001903,2026-09-01T19:40:00,HDFC
H0001400,CYB-2026-10579,1,AC001904,AC001905,2026-09-25T22:48:00,Paytm Payments Bank
H0001401,CYB-2026-10580,1,AC001906,AC001907,2026-09-13T10:11:00,PNB
H0001402,CYB-2026-10581,1,AC001908,AC001909,2026-09-18T19:25:00,BOB
H0001403,CYB-2026-10581,2,AC001909,AC001910,2026-09-18T19:47:00,HDFC
H0001404,CYB-2026-10581,3,AC001910,AC001911,2026-09-18T19:50:00,Axis
H0001405,CYB-2026-10581,4,AC001911,AC000037,2026-09-18T20:01:00,HDFC
H0001406,CYB-2026-10582,1,AC001912,AC001913,2026-09-20T18:14:00,PNB
H0001407,CYB-2026-10582,2,AC001913,AC001914,2026-09-20T18:23:00,Kotak
H0001408,CYB-2026-10583,1,AC001915,AC001916,2026-09-04T17:28:00,BOB
H0001409,CYB-2026-10583,2,AC001916,AC001917,2026-09-04T17:53:00,Paytm Payments Bank
H0001410,CYB-2026-10583,3,AC001917,AC001918,2026-09-04T17:56:00,BOB
H0001411,CYB-2026-10583,4,AC001918,AC001919,2026-09-04T18:04:00,ICICI
H0001412,CYB-2026-10583,5,AC001919,AC000017,2026-09-04T18:09:00,BOB
H0001413,CYB-2026-10584,1,AC001920,AC001921,2026-09-30T05:32:00,BOB
H0001414,CYB-2026-10584,2,AC001921,AC001922,2026-09-30T05:49:00,Paytm Payments Bank
H0001415,CYB-2026-10584,3,AC001922,AC001923,2026-09-30T06:15:00,Axis
H0001416,CYB-2026-10585,1,AC001924,AC000003,2026-09-11T05:45:00,Paytm Payments Bank
H0001417,CYB-2026-10585,2,AC000003,AC001925,2026-09-11T06:14:00,HDFC
H0001418,CYB-2026-10586,1,AC001926,AC001927,2026-09-26T08:24:00,ICICI
H0001419,CYB-2026-10586,2,AC001927,AC000019,2026-09-26T08:36:00,SBI
H0001420,CYB-2026-10587,1,AC001928,AC000047,2026-09-04T14:38:00,HDFC
H0001421,CYB-2026-10588,1,AC001929,AC001930,2026-09-22T15:29:00,Kotak
H0001422,CYB-2026-10588,2,AC001930,AC001931,2026-09-22T15:49:00,SBI
H0001423,CYB-2026-10588,3,AC001931,AC001932,2026-09-22T15:53:00,SBI
H0001424,CYB-2026-10589,1,AC001933,AC001934,2026-09-20T13:11:00,PNB
H0001425,CYB-2026-10589,2,AC001934,AC001935,2026-09-20T13:24:00,ICICI
H0001426,CYB-2026-10589,3,AC001935,AC001936,2026-09-20T13:26:00,BOB
H0001427,CYB-2026-10589,4,AC001936,AC001937,2026-09-20T13:30:00,Axis
H0001428,CYB-2026-10590,1,AC001938,AC001939,2026-09-28T19:14:00,BOB
H0001429,CYB-2026-10590,2,AC001939,AC001940,2026-09-28T19:19:00,SBI
H0001430,CYB-2026-10591,1,AC001941,AC001942,2026-09-28T17:07:00,HDFC
H0001431,CYB-2026-10591,2,AC001942,AC000077,2026-09-28T17:07:00,PNB
H0001432,CYB-2026-10591,3,AC000077,AC001943,2026-09-28T17:13:00,SBI
H0001433,CYB-2026-10592,1,AC001944,AC001945,2026-09-03T07:53:00,Kotak
H0001434,CYB-2026-10592,2,AC001945,AC001946,2026-09-03T08:23:00,BOB
H0001435,CYB-2026-10593,1,AC001947,AC001948,2026-09-16T08:17:00,ICICI
H0001436,CYB-2026-10594,1,AC001949,AC001950,2026-09-22T08:15:00,ICICI
H0001437,CYB-2026-10594,2,AC001950,AC001951,2026-09-22T08:20:00,Kotak
H0001438,CYB-2026-10595,1,AC001952,AC001953,2026-09-03T02:01:00,HDFC
H0001439,CYB-2026-10595,2,AC001953,AC001954,2026-09-03T02:19:00,Paytm Payments Bank
H0001440,CYB-2026-10596,1,AC001955,AC001956,2026-09-23T23:05:00,ICICI
H0001441,CYB-2026-10596,2,AC001956,AC000074,2026-09-23T23:16:00,Kotak
H0001442,CYB-2026-10597,1,AC001957,AC001958,2026-09-30T20:28:00,PNB
H0001443,CYB-2026-10597,2,AC001958,AC001959,2026-09-30T20:55:00,ICICI
H0001444,CYB-2026-10597,3,AC001959,AC001960,2026-09-30T21:11:00,Kotak
H0001445,CYB-2026-10597,4,AC001960,AC001961,2026-09-30T21:32:00,BOB
H0001446,CYB-2026-10598,1,AC001962,AC001963,2026-09-26T18:37:00,BOB
H0001447,CYB-2026-10598,2,AC001963,AC001964,2026-09-26T18:44:00,BOB
H0001448,CYB-2026-10599,1,AC001965,AC000051,2026-09-06T05:35:00,BOB
H0001449,CYB-2026-10599,2,AC000051,AC001966,2026-09-06T05:45:00,HDFC
H0001450,CYB-2026-10599,3,AC001966,AC001967,2026-09-06T06:04:00,Paytm Payments Bank
H0001451,CYB-2026-10599,4,AC001967,AC001968,2026-09-06T06:27:00,Paytm Payments Bank
H0001452,CYB-2026-10600,1,AC001969,AC001970,2026-09-30T09:41:00,BOB
H0001453,CYB-2026-10600,2,AC001970,AC000047,2026-09-30T10:06:00,BOB
H0001454,CYB-2026-10601,1,AC001971,AC000009,2026-09-20T12:04:00,BOB
H0001455,CYB-2026-10602,1,AC001972,AC001973,2026-09-13T01:36:00,Kotak
H0001456,CYB-2026-10603,1,AC001974,AC001975,2026-09-22T21:51:00,BOB
H0001457,CYB-2026-10603,2,AC001975,AC001976,2026-09-22T22:08:00,Axis
H0001458,CYB-2026-10603,3,AC001976,AC000075,2026-09-22T22:27:00,ICICI
H0001459,CYB-2026-10603,4,AC000075,AC001977,2026-09-22T22:53:00,Kotak
H0001460,CYB-2026-10604,1,AC001978,AC001979,2026-09-19T18:22:00,ICICI
H0001461,CYB-2026-10605,1,AC001980,AC001981,2026-09-20T09:02:00,Axis
H0001462,CYB-2026-10605,2,AC001981,AC001982,2026-09-20T09:20:00,SBI
H0001463,CYB-2026-10605,3,AC001982,AC001983,2026-09-20T09:31:00,SBI
H0001464,CYB-2026-10606,1,AC001984,AC001985,2026-09-22T00:21:00,BOB
H0001465,CYB-2026-10606,2,AC001985,AC001986,2026-09-22T00:45:00,Kotak
H0001466,CYB-2026-10607,1,AC001987,AC001988,2026-09-08T16:00:00,BOB
H0001467,CYB-2026-10607,2,AC001988,AC001989,2026-09-08T16:22:00,HDFC
H0001468,CYB-2026-10608,1,AC001990,AC000057,2026-09-05T23:30:00,SBI
H0001469,CYB-2026-10608,2,AC000057,AC001991,2026-09-05T23:57:00,BOB
H0001470,CYB-2026-10608,3,AC001991,AC001992,2026-09-06T00:21:00,Paytm Payments Bank
H0001471,CYB-2026-10608,4,AC001992,AC001993,2026-09-06T00:24:00,Axis
H0001472,CYB-2026-10609,1,AC001994,AC001995,2026-09-19T06:27:00,PNB
H0001473,CYB-2026-10610,1,AC001996,AC001997,2026-09-02T18:07:00,Kotak
H0001474,CYB-2026-10610,2,AC001997,AC001998,2026-09-02T18:37:00,BOB
H0001475,CYB-2026-10611,1,AC001999,AC002000,2026-09-27T13:15:00,BOB
H0001476,CYB-2026-10611,2,AC002000,AC002001,2026-09-27T13:31:00,ICICI
H0001477,CYB-2026-10612,1,AC002002,AC002003,2026-09-29T19:17:00,HDFC
H0001478,CYB-2026-10612,2,AC002003,AC000056,2026-09-29T19:17:00,ICICI
H0001479,CYB-2026-10613,1,AC002004,AC002005,2026-09-21T21:41:00,PNB
H0001480,CYB-2026-10613,2,AC002005,AC002006,2026-09-21T22:07:00,Axis
H0001481,CYB-2026-10614,1,AC002007,AC000077,2026-09-07T19:05:00,HDFC
H0001482,CYB-2026-10615,1,AC002008,AC002009,2026-09-10T17:22:00,HDFC
H0001483,CYB-2026-10615,2,AC002009,AC002010,2026-09-10T17:42:00,HDFC
H0001484,CYB-2026-10615,3,AC002010,AC002011,2026-09-10T17:55:00,BOB
H0001485,CYB-2026-10615,4,AC002011,AC002012,2026-09-10T18:15:00,Paytm Payments Bank
H0001486,CYB-2026-10616,1,AC002013,AC002014,2026-09-28T20:52:00,SBI
H0001487,CYB-2026-10616,2,AC002014,AC002015,2026-09-28T21:15:00,PNB
H0001488,CYB-2026-10617,1,AC002016,AC002017,2026-09-08T04:24:00,Kotak
H0001489,CYB-2026-10618,1,AC002018,AC002019,2026-09-17T02:57:00,BOB
H0001490,CYB-2026-10618,2,AC002019,AC002020,2026-09-17T03:09:00,Axis
H0001491,CYB-2026-10619,1,AC002021,AC002022,2026-09-15T10:48:00,Paytm Payments Bank
H0001492,CYB-2026-10619,2,AC002022,AC002023,2026-09-15T11:11:00,PNB
H0001493,CYB-2026-10619,3,AC002023,AC002024,2026-09-15T11:30:00,HDFC
H0001494,CYB-2026-10620,1,AC002025,AC002026,2026-09-21T17:01:00,Kotak
H0001495,CYB-2026-10620,2,AC002026,AC002027,2026-09-21T17:04:00,ICICI
H0001496,CYB-2026-10621,1,AC002028,AC002029,2026-09-18T04:07:00,SBI
H0001497,CYB-2026-10621,2,AC002029,AC002030,2026-09-18T04:13:00,Paytm Payments Bank
H0001498,CYB-2026-10622,1,AC002031,AC002032,2026-09-10T22:07:00,HDFC
H0001499,CYB-2026-10623,1,AC002033,AC002034,2026-09-10T06:33:00,BOB
H0001500,CYB-2026-10623,2,AC002034,AC000058,2026-09-10T06:38:00,Kotak
H0001501,CYB-2026-10623,3,AC000058,AC002035,2026-09-10T06:45:00,SBI
H0001502,CYB-2026-10623,4,AC002035,AC002036,2026-09-10T07:05:00,SBI
H0001503,CYB-2026-10624,1,AC002037,AC002038,2026-09-03T01:09:00,BOB
H0001504,CYB-2026-10625,1,AC002039,AC002040,2026-09-23T17:36:00,Paytm Payments Bank
H0001505,CYB-2026-10625,2,AC002040,AC002041,2026-09-23T18:06:00,HDFC
H0001506,CYB-2026-10625,3,AC002041,AC002042,2026-09-23T18:36:00,HDFC
H0001507,CYB-2026-10625,4,AC002042,AC000007,2026-09-23T19:02:00,SBI
H0001508,CYB-2026-10626,1,AC002043,AC002044,2026-09-09T23:14:00,SBI
H0001509,CYB-2026-10627,1,AC002045,AC002046,2026-09-29T03:21:00,Paytm Payments Bank
H0001510,CYB-2026-10627,2,AC002046,AC000041,2026-09-29T03:48:00,ICICI
H0001511,CYB-2026-10627,3,AC000041,AC002047,2026-09-29T04:16:00,BOB
H0001512,CYB-2026-10627,4,AC002047,AC002048,2026-09-29T04:37:00,HDFC
H0001513,CYB-2026-10627,5,AC002048,AC002049,2026-09-29T04:44:00,Paytm Payments Bank
H0001514,CYB-2026-10628,1,AC002050,AC002051,2026-09-05T00:49:00,Axis
H0001515,CYB-2026-10628,2,AC002051,AC002052,2026-09-05T00:51:00,Paytm Payments Bank
H0001516,CYB-2026-10628,3,AC002052,AC000002,2026-09-05T01:12:00,Axis
H0001517,CYB-2026-10629,1,AC002053,AC002054,2026-09-25T06:39:00,ICICI
H0001518,CYB-2026-10629,2,AC002054,AC002055,2026-09-25T06:42:00,ICICI
H0001519,CYB-2026-10630,1,AC002056,AC002057,2026-09-09T19:26:00,HDFC
H0001520,CYB-2026-10630,2,AC002057,AC002058,2026-09-09T19:54:00,HDFC
H0001521,CYB-2026-10630,3,AC002058,AC002059,2026-09-09T20:01:00,SBI
H0001522,CYB-2026-10631,1,AC002060,AC000056,2026-09-17T06:31:00,ICICI
H0001523,CYB-2026-10631,2,AC000056,AC002061,2026-09-17T06:44:00,Kotak
H0001524,CYB-2026-10631,3,AC002061,AC000035,2026-09-17T06:55:00,HDFC
H0001525,CYB-2026-10631,4,AC000035,AC000049,2026-09-17T07:18:00,BOB
H0001526,CYB-2026-10632,1,AC002062,AC002063,2026-09-23T17:29:00,Axis
H0001527,CYB-2026-10633,1,AC002064,AC002065,2026-09-04T06:14:00,BOB
H0001528,CYB-2026-10633,2,AC002065,AC002066,2026-09-04T06:17:00,Axis
H0001529,CYB-2026-10633,3,AC002066,AC002067,2026-09-04T06:45:00,PNB
H0001530,CYB-2026-10634,1,AC002068,AC002069,2026-09-28T09:48:00,Paytm Payments Bank
H0001531,CYB-2026-10635,1,AC002070,AC002071,2026-09-09T18:58:00,Paytm Payments Bank
H0001532,CYB-2026-10635,2,AC002071,AC002072,2026-09-09T18:58:00,ICICI
H0001533,CYB-2026-10636,1,AC002073,AC002074,2026-09-27T18:58:00,SBI
H0001534,CYB-2026-10636,2,AC002074,AC002075,2026-09-27T19:07:00,Axis
H0001535,CYB-2026-10637,1,AC002076,AC002077,2026-09-16T12:46:00,Paytm Payments Bank
H0001536,CYB-2026-10637,2,AC002077,AC002078,2026-09-16T13:00:00,SBI
H0001537,CYB-2026-10638,1,AC002079,AC002080,2026-09-23T07:22:00,SBI
H0001538,CYB-2026-10638,2,AC002080,AC002081,2026-09-23T07:35:00,Axis
H0001539,CYB-2026-10638,3,AC002081,AC002082,2026-09-23T07:39:00,Kotak
H0001540,CYB-2026-10639,1,AC002083,AC002084,2026-09-10T15:50:00,PNB
H0001541,CYB-2026-10639,2,AC002084,AC002085,2026-09-10T16:11:00,Paytm Payments Bank
H0001542,CYB-2026-10639,3,AC002085,AC002086,2026-09-10T16:39:00,ICICI
H0001543,CYB-2026-10639,4,AC002086,AC002087,2026-09-10T17:00:00,Kotak
H0001544,CYB-2026-10640,1,AC002088,AC002089,2026-09-27T15:13:00,Kotak
H0001545,CYB-2026-10641,1,AC002090,AC002091,2026-09-14T10:33:00,PNB
H0001546,CYB-2026-10641,2,AC002091,AC000006,2026-09-14T10:39:00,PNB
H0001547,CYB-2026-10642,1,AC002092,AC002093,2026-09-01T06:51:00,ICICI
H0001548,CYB-2026-10642,2,AC002093,AC002094,2026-09-01T07:13:00,PNB
H0001549,CYB-2026-10642,3,AC002094,AC002095,2026-09-01T07:36:00,Axis
H0001550,CYB-2026-10643,1,AC002096,AC002097,2026-09-12T13:43:00,PNB
H0001551,CYB-2026-10643,2,AC002097,AC002098,2026-09-12T14:02:00,PNB
H0001552,CYB-2026-10643,3,AC002098,AC002099,2026-09-12T14:15:00,Kotak
H0001553,CYB-2026-10643,4,AC002099,AC002100,2026-09-12T14:19:00,Axis
H0001554,CYB-2026-10644,1,AC002101,AC002102,2026-09-27T01:24:00,BOB
H0001555,CYB-2026-10644,2,AC002102,AC000068,2026-09-27T01:38:00,Kotak
H0001556,CYB-2026-10644,3,AC000068,AC002103,2026-09-27T01:59:00,Kotak
H0001557,CYB-2026-10645,1,AC002104,AC002105,2026-09-02T11:00:00,Axis
H0001558,CYB-2026-10646,1,AC002106,AC002107,2026-09-03T16:42:00,Paytm Payments Bank
H0001559,CYB-2026-10646,2,AC002107,AC002108,2026-09-03T16:44:00,SBI
H0001560,CYB-2026-10646,3,AC002108,AC002109,2026-09-03T17:04:00,HDFC
H0001561,CYB-2026-10646,4,AC002109,AC002110,2026-09-03T17:07:00,PNB
H0001562,CYB-2026-10647,1,AC002111,AC002112,2026-09-03T16:24:00,Paytm Payments Bank
H0001563,CYB-2026-10648,1,AC002113,AC002114,2026-09-01T13:04:00,SBI
H0001564,CYB-2026-10648,2,AC002114,AC002115,2026-09-01T13:32:00,HDFC
H0001565,CYB-2026-10648,3,AC002115,AC002116,2026-09-01T13:39:00,Axis
H0001566,CYB-2026-10648,4,AC002116,AC000004,2026-09-01T14:05:00,Paytm Payments Bank
H0001567,CYB-2026-10648,5,AC000004,AC002117,2026-09-01T14:34:00,HDFC
H0001568,CYB-2026-10649,1,AC002118,AC002119,2026-09-13T02:37:00,SBI
H0001569,CYB-2026-10650,1,AC002120,AC002121,2026-09-10T08:53:00,Paytm Payments Bank
H0001570,CYB-2026-10650,2,AC002121,AC002122,2026-09-10T09:01:00,BOB
H0001571,CYB-2026-10651,1,AC002123,AC000039,2026-09-22T01:16:00,Paytm Payments Bank
H0001572,CYB-2026-10651,2,AC000039,AC000046,2026-09-22T01:46:00,ICICI
H0001573,CYB-2026-10651,3,AC000046,AC002124,2026-09-22T02:09:00,Paytm Payments Bank
H0001574,CYB-2026-10651,4,AC002124,AC002125,2026-09-22T02:14:00,Kotak
H0001575,CYB-2026-10652,1,AC002126,AC002127,2026-10-01T02:53:00,ICICI
H0001576,CYB-2026-10652,2,AC002127,AC002128,2026-10-01T03:17:00,PNB
H0001577,CYB-2026-10652,3,AC002128,AC002129,2026-10-01T03:19:00,Paytm Payments Bank
H0001578,CYB-2026-10653,1,AC002130,AC002131,2026-10-01T06:00:00,Kotak
H0001579,CYB-2026-10654,1,AC002132,AC002133,2026-09-11T19:19:00,Kotak
H0001580,CYB-2026-10654,2,AC002133,AC002134,2026-09-11T19:43:00,Axis
H0001581,CYB-2026-10654,3,AC002134,AC000023,2026-09-11T20:06:00,BOB
H0001582,CYB-2026-10655,1,AC002135,AC002136,2026-09-02T23:18:00,SBI
H0001583,CYB-2026-10655,2,AC002136,AC002137,2026-09-02T23:28:00,HDFC
H0001584,CYB-2026-10656,1,AC002138,AC002139,2026-09-23T14:29:00,BOB
H0001585,CYB-2026-10656,2,AC002139,AC002140,2026-09-23T14:54:00,Axis
H0001586,CYB-2026-10656,3,AC002140,AC000004,2026-09-23T15:14:00,HDFC
H0001587,CYB-2026-10657,1,AC002141,AC002142,2026-09-16T18:14:00,Paytm Payments Bank
H0001588,CYB-2026-10657,2,AC002142,AC002143,2026-09-16T18:25:00,ICICI
H0001589,CYB-2026-10658,1,AC002144,AC002145,2026-09-24T18:59:00,Kotak
H0001590,CYB-2026-10658,2,AC002145,AC000038,2026-09-24T19:28:00,PNB
H0001591,CYB-2026-10659,1,AC002146,AC002147,2026-09-12T05:59:00,SBI
H0001592,CYB-2026-10659,2,AC002147,AC002148,2026-09-12T06:27:00,HDFC
H0001593,CYB-2026-10659,3,AC002148,AC002149,2026-09-12T06:56:00,PNB
H0001594,CYB-2026-10660,1,AC002150,AC002151,2026-09-07T14:29:00,SBI
H0001595,CYB-2026-10660,2,AC002151,AC002152,2026-09-07T14:31:00,SBI
H0001596,CYB-2026-10661,1,AC002153,AC002154,2026-09-13T13:35:00,Kotak
H0001597,CYB-2026-10661,2,AC002154,AC002155,2026-09-13T13:44:00,Axis
H0001598,CYB-2026-10662,1,AC002156,AC002157,2026-09-02T01:57:00,ICICI
H0001599,CYB-2026-10662,2,AC002157,AC002158,2026-09-02T02:10:00,ICICI
H0001600,CYB-2026-10663,1,AC002159,AC002160,2026-09-12T02:31:00,SBI
H0001601,CYB-2026-10664,1,AC002161,AC002162,2026-09-09T11:35:00,Axis
H0001602,CYB-2026-10664,2,AC002162,AC002163,2026-09-09T11:39:00,BOB
H0001603,CYB-2026-10664,3,AC002163,AC002164,2026-09-09T11:42:00,HDFC
H0001604,CYB-2026-10665,1,AC002165,AC002166,2026-09-11T06:45:00,Axis
H0001605,CYB-2026-10665,2,AC002166,AC002167,2026-09-11T06:53:00,Kotak
H0001606,CYB-2026-10665,3,AC002167,AC002168,2026-09-11T07:09:00,HDFC
H0001607,CYB-2026-10665,4,AC002168,AC000053,2026-09-11T07:31:00,Paytm Payments Bank
H0001608,CYB-2026-10666,1,AC002169,AC002170,2026-09-10T20:16:00,SBI
H0001609,CYB-2026-10666,2,AC002170,AC002171,2026-09-10T20:38:00,Paytm Payments Bank
H0001610,CYB-2026-10666,3,AC002171,AC002172,2026-09-10T20:52:00,HDFC
H0001611,CYB-2026-10667,1,AC002173,AC002174,2026-09-03T23:40:00,BOB
H0001612,CYB-2026-10667,2,AC002174,AC002175,2026-09-03T23:41:00,Axis
H0001613,CYB-2026-10668,1,AC002176,AC002177,2026-09-25T21:59:00,PNB
H0001614,CYB-2026-10668,2,AC002177,AC002178,2026-09-25T22:17:00,Axis
H0001615,CYB-2026-10669,1,AC002179,AC002180,2026-09-06T05:47:00,Paytm Payments Bank
H0001616,CYB-2026-10669,2,AC002180,AC002181,2026-09-06T06:10:00,PNB
H0001617,CYB-2026-10670,1,AC002182,AC002183,2026-09-13T18:00:00,BOB
H0001618,CYB-2026-10670,2,AC002183,AC000036,2026-09-13T18:11:00,PNB
H0001619,CYB-2026-10670,3,AC000036,AC002184,2026-09-13T18:36:00,SBI
H0001620,CYB-2026-10670,4,AC002184,AC002185,2026-09-13T18:54:00,Kotak
H0001621,CYB-2026-10670,5,AC002185,AC002186,2026-09-13T19:21:00,ICICI
H0001622,CYB-2026-10671,1,AC002187,AC000011,2026-09-23T02:38:00,Kotak
H0001623,CYB-2026-10671,2,AC000011,AC002188,2026-09-23T02:52:00,ICICI
H0001624,CYB-2026-10671,3,AC002188,AC002189,2026-09-23T03:17:00,PNB
H0001625,CYB-2026-10671,4,AC002189,AC002190,2026-09-23T03:32:00,ICICI
H0001626,CYB-2026-10672,1,AC002191,AC002192,2026-10-01T01:00:00,Axis
H0001627,CYB-2026-10672,2,AC002192,AC000034,2026-10-01T01:08:00,SBI
H0001628,CYB-2026-10673,1,AC002193,AC002194,2026-09-04T18:44:00,Axis
H0001629,CYB-2026-10674,1,AC002195,AC002196,2026-09-07T18:26:00,BOB
H0001630,CYB-2026-10674,2,AC002196,AC002197,2026-09-07T18:37:00,Paytm Payments Bank
H0001631,CYB-2026-10674,3,AC002197,AC002198,2026-09-07T18:46:00,SBI
H0001632,CYB-2026-10674,4,AC002198,AC002199,2026-09-07T18:47:00,PNB
H0001633,CYB-2026-10674,5,AC002199,AC002200,2026-09-07T19:16:00,SBI
H0001634,CYB-2026-10675,1,AC002201,AC002202,2026-09-27T17:09:00,ICICI
H0001635,CYB-2026-10675,2,AC002202,AC002203,2026-09-27T17:29:00,HDFC
H0001636,CYB-2026-10676,1,AC002204,AC002205,2026-09-20T07:00:00,Paytm Payments Bank
H0001637,CYB-2026-10677,1,AC002206,AC002207,2026-09-11T18:33:00,Axis
H0001638,CYB-2026-10677,2,AC002207,AC002208,2026-09-11T19:03:00,BOB
H0001639,CYB-2026-10677,3,AC002208,AC002209,2026-09-11T19:14:00,HDFC
H0001640,CYB-2026-10677,4,AC002209,AC002210,2026-09-11T19:34:00,Paytm Payments Bank
H0001641,CYB-2026-10677,5,AC002210,AC002211,2026-09-11T19:48:00,BOB
H0001642,CYB-2026-10678,1,AC002212,AC002213,2026-09-07T12:55:00,BOB
H0001643,CYB-2026-10678,2,AC002213,AC002214,2026-09-07T12:59:00,Paytm Payments Bank
H0001644,CYB-2026-10679,1,AC002215,AC000005,2026-09-13T06:06:00,BOB
H0001645,CYB-2026-10679,2,AC000005,AC000022,2026-09-13T06:08:00,ICICI
H0001646,CYB-2026-10679,3,AC000022,AC002216,2026-09-13T06:24:00,BOB
H0001647,CYB-2026-10679,4,AC002216,AC002217,2026-09-13T06:35:00,ICICI
H0001648,CYB-2026-10680,1,AC002218,AC002219,2026-09-28T04:14:00,Paytm Payments Bank
H0001649,CYB-2026-10680,2,AC002219,AC002220,2026-09-28T04:34:00,Paytm Payments Bank
H0001650,CYB-2026-10680,3,AC002220,AC002221,2026-09-28T04:47:00,PNB
H0001651,CYB-2026-10681,1,AC002222,AC002223,2026-09-05T01:52:00,Paytm Payments Bank
H0001652,CYB-2026-10681,2,AC002223,AC002224,2026-09-05T02:06:00,ICICI
H0001653,CYB-2026-10681,3,AC002224,AC002225,2026-09-05T02:24:00,PNB
H0001654,CYB-2026-10682,1,AC002226,AC002227,2026-09-24T19:39:00,PNB
H0001655,CYB-2026-10682,2,AC002227,AC002228,2026-09-24T19:49:00,ICICI
H0001656,CYB-2026-10682,3,AC002228,AC002229,2026-09-24T19:50:00,Axis
H0001657,CYB-2026-10683,1,AC002230,AC002231,2026-09-14T05:18:00,Axis
H0001658,CYB-2026-10683,2,AC002231,AC002232,2026-09-14T05:27:00,PNB
H0001659,CYB-2026-10683,3,AC002232,AC002233,2026-09-14T05:51:00,HDFC
H0001660,CYB-2026-10683,4,AC002233,AC002234,2026-09-14T06:12:00,PNB
H0001661,CYB-2026-10684,1,AC002235,AC002236,2026-09-25T20:04:00,SBI
H0001662,CYB-2026-10685,1,AC002237,AC002238,2026-09-14T16:24:00,PNB
H0001663,CYB-2026-10685,2,AC002238,AC000018,2026-09-14T16:32:00,HDFC
H0001664,CYB-2026-10685,3,AC000018,AC002239,2026-09-14T16:57:00,HDFC
H0001665,CYB-2026-10686,1,AC002240,AC002241,2026-09-21T21:46:00,SBI
H0001666,CYB-2026-10686,2,AC002241,AC002242,2026-09-21T22:15:00,Kotak
H0001667,CYB-2026-10686,3,AC002242,AC002243,2026-09-21T22:32:00,SBI
H0001668,CYB-2026-10686,4,AC002243,AC002244,2026-09-21T22:52:00,SBI
H0001669,CYB-2026-10686,5,AC002244,AC002245,2026-09-21T23:10:00,BOB
H0001670,CYB-2026-10687,1,AC002246,AC002247,2026-09-09T18:50:00,HDFC
H0001671,CYB-2026-10687,2,AC002247,AC002248,2026-09-09T19:17:00,Axis
H0001672,CYB-2026-10688,1,AC002249,AC002250,2026-09-03T00:30:00,Kotak
H0001673,CYB-2026-10688,2,AC002250,AC002251,2026-09-03T00:51:00,ICICI
H0001674,CYB-2026-10688,3,AC002251,AC002252,2026-09-03T01:17:00,Axis
H0001675,CYB-2026-10689,1,AC002253,AC002254,2026-09-26T00:03:00,PNB
H0001676,CYB-2026-10689,2,AC002254,AC002255,2026-09-26T00:17:00,Kotak
H0001677,CYB-2026-10689,3,AC002255,AC002256,2026-09-26T00:30:00,HDFC
H0001678,CYB-2026-10690,1,AC002257,AC002258,2026-09-07T01:52:00,PNB
H0001679,CYB-2026-10690,2,AC002258,AC002259,2026-09-07T01:58:00,BOB
H0001680,CYB-2026-10691,1,AC002260,AC002261,2026-09-20T14:48:00,Axis
H0001681,CYB-2026-10691,2,AC002261,AC002262,2026-09-20T15:14:00,SBI
H0001682,CYB-2026-10692,1,AC002263,AC002264,2026-09-06T06:29:00,BOB
H0001683,CYB-2026-10693,1,AC002265,AC002266,2026-09-24T20:56:00,BOB
H0001684,CYB-2026-10694,1,AC002267,AC002268,2026-09-20T01:32:00,SBI
H0001685,CYB-2026-10694,2,AC002268,AC002269,2026-09-20T01:56:00,HDFC
H0001686,CYB-2026-10694,3,AC002269,AC002270,2026-09-20T02:21:00,Paytm Payments Bank
H0001687,CYB-2026-10694,4,AC002270,AC000037,2026-09-20T02:30:00,SBI
H0001688,CYB-2026-10694,5,AC000037,AC002271,2026-09-20T02:54:00,Axis
H0001689,CYB-2026-10695,1,AC002272,AC002273,2026-09-05T03:09:00,BOB
H0001690,CYB-2026-10695,2,AC002273,AC000070,2026-09-05T03:28:00,ICICI
H0001691,CYB-2026-10695,3,AC000070,AC000076,2026-09-05T03:53:00,BOB
H0001692,CYB-2026-10695,4,AC000076,AC002274,2026-09-05T04:12:00,PNB
H0001693,CYB-2026-10695,5,AC002274,AC002275,2026-09-05T04:25:00,SBI
H0001694,CYB-2026-10696,1,AC002276,AC000053,2026-09-22T17:10:00,PNB
H0001695,CYB-2026-10696,2,AC000053,AC002277,2026-09-22T17:39:00,Axis
H0001696,CYB-2026-10697,1,AC002278,AC002279,2026-09-11T10:59:00,HDFC
H0001697,CYB-2026-10697,2,AC002279,AC002280,2026-09-11T11:09:00,ICICI
H0001698,CYB-2026-10698,1,AC002281,AC002282,2026-09-28T06:35:00,Paytm Payments Bank
H0001699,CYB-2026-10698,2,AC002282,AC002283,2026-09-28T07:01:00,Axis
H0001700,CYB-2026-10699,1,AC002284,AC002285,2026-09-02T22:00:00,Axis
H0001701,CYB-2026-10699,2,AC002285,AC002286,2026-09-02T22:25:00,Paytm Payments Bank
H0001702,CYB-2026-10699,3,AC002286,AC002287,2026-09-02T22:35:00,Axis
H0001703,CYB-2026-10700,1,AC002288,AC002289,2026-09-04T23:20:00,SBI
H0001704,CYB-2026-10701,1,AC002290,AC002291,2026-09-03T00:55:00,Paytm Payments Bank
H0001705,CYB-2026-10702,1,AC002292,AC002293,2026-09-13T14:25:00,ICICI
H0001706,CYB-2026-10702,2,AC002293,AC002294,2026-09-13T14:41:00,Axis
H0001707,CYB-2026-10702,3,AC002294,AC002295,2026-09-13T15:11:00,Kotak
H0001708,CYB-2026-10702,4,AC002295,AC002296,2026-09-13T15:19:00,Paytm Payments Bank
H0001709,CYB-2026-10702,5,AC002296,AC002297,2026-09-13T15:48:00,Kotak
H0001710,CYB-2026-10703,1,AC002298,AC002299,2026-09-15T17:00:00,PNB
H0001711,CYB-2026-10704,1,AC002300,AC002301,2026-09-22T14:24:00,Axis
H0001712,CYB-2026-10704,2,AC002301,AC002302,2026-09-22T14:24:00,Axis
H0001713,CYB-2026-10705,1,AC002303,AC002304,2026-09-12T20:17:00,ICICI
H0001714,CYB-2026-10705,2,AC002304,AC000028,2026-09-12T20:25:00,ICICI
H0001715,CYB-2026-10705,3,AC000028,AC002305,2026-09-12T20:28:00,ICICI
H0001716,CYB-2026-10705,4,AC002305,AC002306,2026-09-12T20:46:00,BOB
H0001717,CYB-2026-10706,1,AC002307,AC002308,2026-09-22T19:11:00,HDFC
H0001718,CYB-2026-10707,1,AC002309,AC002310,2026-09-15T23:24:00,BOB
H0001719,CYB-2026-10708,1,AC002311,AC002312,2026-09-18T10:23:00,Kotak
H0001720,CYB-2026-10708,2,AC002312,AC002313,2026-09-18T10:51:00,Axis
H0001721,CYB-2026-10708,3,AC002313,AC002314,2026-09-18T11:21:00,PNB
H0001722,CYB-2026-10709,1,AC002315,AC002316,2026-09-06T17:47:00,Kotak
H0001723,CYB-2026-10709,2,AC002316,AC002317,2026-09-06T18:11:00,Kotak
H0001724,CYB-2026-10710,1,AC002318,AC002319,2026-09-01T17:39:00,PNB
H0001725,CYB-2026-10710,2,AC002319,AC002320,2026-09-01T18:08:00,Kotak
H0001726,CYB-2026-10711,1,AC002321,AC002322,2026-09-23T00:55:00,SBI
H0001727,CYB-2026-10711,2,AC002322,AC002323,2026-09-23T01:24:00,Paytm Payments Bank
H0001728,CYB-2026-10712,1,AC002324,AC000020,2026-09-26T02:17:00,ICICI
H0001729,CYB-2026-10712,2,AC000020,AC002325,2026-09-26T02:21:00,HDFC
H0001730,CYB-2026-10713,1,AC002326,AC002327,2026-09-05T16:51:00,SBI
H0001731,CYB-2026-10713,2,AC002327,AC002328,2026-09-05T17:12:00,Kotak
H0001732,CYB-2026-10713,3,AC002328,AC002329,2026-09-05T17:17:00,Kotak
H0001733,CYB-2026-10714,1,AC002330,AC002331,2026-09-07T23:15:00,Axis
H0001734,CYB-2026-10715,1,AC002332,AC002333,2026-09-06T14:36:00,Paytm Payments Bank
H0001735,CYB-2026-10715,2,AC002333,AC000012,2026-09-06T14:41:00,HDFC
H0001736,CYB-2026-10715,3,AC000012,AC002334,2026-09-06T14:59:00,SBI
H0001737,CYB-2026-10715,4,AC002334,AC002335,2026-09-06T15:24:00,SBI
H0001738,CYB-2026-10715,5,AC002335,AC002336,2026-09-06T15:35:00,Paytm Payments Bank
H0001739,CYB-2026-10716,1,AC002337,AC002338,2026-09-15T09:12:00,Kotak
H0001740,CYB-2026-10716,2,AC002338,AC002339,2026-09-15T09:38:00,Axis
H0001741,CYB-2026-10716,3,AC002339,AC002340,2026-09-15T09:44:00,ICICI
H0001742,CYB-2026-10717,1,AC002341,AC002342,2026-09-27T14:31:00,ICICI
H0001743,CYB-2026-10717,2,AC002342,AC000075,2026-09-27T14:43:00,ICICI
H0001744,CYB-2026-10717,3,AC000075,AC002343,2026-09-27T14:49:00,BOB
H0001745,CYB-2026-10717,4,AC002343,AC002344,2026-09-27T15:14:00,PNB
H0001746,CYB-2026-10717,5,AC002344,AC002345,2026-09-27T15:36:00,PNB
H0001747,CYB-2026-10718,1,AC002346,AC002347,2026-09-24T18:54:00,Kotak
H0001748,CYB-2026-10719,1,AC002348,AC002349,2026-09-08T11:51:00,HDFC
H0001749,CYB-2026-10719,2,AC002349,AC002350,2026-09-08T12:02:00,PNB
H0001750,CYB-2026-10720,1,AC002351,AC002352,2026-09-21T01:17:00,Kotak
H0001751,CYB-2026-10721,1,AC002353,AC002354,2026-09-06T04:00:00,SBI
H0001752,CYB-2026-10721,2,AC002354,AC002355,2026-09-06T04:05:00,PNB
H0001753,CYB-2026-10722,1,AC002356,AC002357,2026-09-05T08:49:00,Paytm Payments Bank
H0001754,CYB-2026-10722,2,AC002357,AC000019,2026-09-05T08:55:00,ICICI
H0001755,CYB-2026-10723,1,AC002358,AC000021,2026-09-12T09:29:00,HDFC
H0001756,CYB-2026-10723,2,AC000021,AC002359,2026-09-12T09:50:00,BOB
H0001757,CYB-2026-10724,1,AC002360,AC002361,2026-09-18T21:30:00,PNB
H0001758,CYB-2026-10725,1,AC002362,AC002363,2026-09-27T22:43:00,Kotak
H0001759,CYB-2026-10726,1,AC002364,AC002365,2026-09-24T00:06:00,Kotak
H0001760,CYB-2026-10726,2,AC002365,AC002366,2026-09-24T00:11:00,BOB
H0001761,CYB-2026-10727,1,AC002367,AC002368,2026-09-09T10:07:00,Paytm Payments Bank
H0001762,CYB-2026-10727,2,AC002368,AC002369,2026-09-09T10:18:00,HDFC
H0001763,CYB-2026-10727,3,AC002369,AC002370,2026-09-09T10:30:00,SBI
H0001764,CYB-2026-10727,4,AC002370,AC002371,2026-09-09T10:34:00,BOB
H0001765,CYB-2026-10728,1,AC002372,AC002373,2026-09-15T01:19:00,Paytm Payments Bank
H0001766,CYB-2026-10729,1,AC002374,AC000076,2026-09-25T10:54:00,Axis
H0001767,CYB-2026-10729,2,AC000076,AC002375,2026-09-25T11:13:00,Paytm Payments Bank
H0001768,CYB-2026-10730,1,AC002376,AC002377,2026-09-17T23:11:00,Kotak
H0001769,CYB-2026-10730,2,AC002377,AC002378,2026-09-17T23:35:00,SBI
H0001770,CYB-2026-10730,3,AC002378,AC002379,2026-09-17T23:40:00,PNB
H0001771,CYB-2026-10730,4,AC002379,AC002380,2026-09-17T23:40:00,Paytm Payments Bank
H0001772,CYB-2026-10731,1,AC002381,AC000013,2026-09-25T10:21:00,ICICI
H0001773,CYB-2026-10732,1,AC002382,AC002383,2026-09-25T01:52:00,ICICI
H0001774,CYB-2026-10732,2,AC002383,AC002384,2026-09-25T02:15:00,HDFC
H0001775,CYB-2026-10733,1,AC002385,AC002386,2026-09-19T12:02:00,HDFC
H0001776,CYB-2026-10733,2,AC002386,AC002387,2026-09-19T12:15:00,HDFC
H0001777,CYB-2026-10733,3,AC002387,AC002388,2026-09-19T12:33:00,PNB
H0001778,CYB-2026-10733,4,AC002388,AC002389,2026-09-19T12:52:00,Axis
H0001779,CYB-2026-10734,1,AC002390,AC002391,2026-09-13T18:27:00,BOB
H0001780,CYB-2026-10734,2,AC002391,AC002392,2026-09-13T18:48:00,PNB
H0001781,CYB-2026-10734,3,AC002392,AC002393,2026-09-13T19:01:00,Axis
H0001782,CYB-2026-10734,4,AC002393,AC000054,2026-09-13T19:22:00,ICICI
H0001783,CYB-2026-10735,1,AC002394,AC002395,2026-09-16T00:52:00,Paytm Payments Bank
H0001784,CYB-2026-10735,2,AC002395,AC002396,2026-09-16T01:12:00,Kotak
H0001785,CYB-2026-10736,1,AC002397,AC002398,2026-09-21T11:40:00,ICICI
H0001786,CYB-2026-10736,2,AC002398,AC002399,2026-09-21T11:48:00,BOB
H0001787,CYB-2026-10736,3,AC002399,AC000074,2026-09-21T12:18:00,HDFC
H0001788,CYB-2026-10736,4,AC000074,AC002400,2026-09-21T12:35:00,Kotak
H0001789,CYB-2026-10736,5,AC002400,AC000068,2026-09-21T12:46:00,PNB
H0001790,CYB-2026-10737,1,AC002401,AC002402,2026-09-27T21:07:00,SBI
H0001791,CYB-2026-10737,2,AC002402,AC002403,2026-09-27T21:16:00,Paytm Payments Bank
H0001792,CYB-2026-10738,1,AC002404,AC002405,2026-09-05T16:13:00,PNB
H0001793,CYB-2026-10739,1,AC002406,AC002407,2026-09-20T07:06:00,Kotak
H0001794,CYB-2026-10739,2,AC002407,AC002408,2026-09-20T07:23:00,BOB
H0001795,CYB-2026-10739,3,AC002408,AC002409,2026-09-20T07:35:00,Paytm Payments Bank
H0001796,CYB-2026-10740,1,AC002410,AC002411,2026-09-19T11:17:00,ICICI
H0001797,CYB-2026-10740,2,AC002411,AC002412,2026-09-19T11:20:00,BOB
H0001798,CYB-2026-10740,3,AC002412,AC002413,2026-09-19T11:33:00,BOB
H0001799,CYB-2026-10741,1,AC002414,AC002415,2026-09-04T22:01:00,Paytm Payments Bank
H0001800,CYB-2026-10741,2,AC002415,AC002416,2026-09-04T22:31:00,Kotak
H0001801,CYB-2026-10742,1,AC002417,AC002418,2026-09-22T02:22:00,Axis
H0001802,CYB-2026-10742,2,AC002418,AC002419,2026-09-22T02:31:00,HDFC
H0001803,CYB-2026-10743,1,AC002420,AC002421,2026-09-21T10:38:00,Kotak
H0001804,CYB-2026-10743,2,AC002421,AC002422,2026-09-21T11:07:00,ICICI
H0001805,CYB-2026-10744,1,AC002423,AC000054,2026-09-19T18:20:00,PNB
H0001806,CYB-2026-10744,2,AC000054,AC002424,2026-09-19T18:37:00,HDFC
H0001807,CYB-2026-10745,1,AC002425,AC002426,2026-09-03T23:29:00,BOB
H0001808,CYB-2026-10745,2,AC002426,AC002427,2026-09-03T23:45:00,Paytm Payments Bank
H0001809,CYB-2026-10745,3,AC002427,AC002428,2026-09-03T23:48:00,HDFC
H0001810,CYB-2026-10745,4,AC002428,AC002429,2026-09-03T23:56:00,HDFC
H0001811,CYB-2026-10746,1,AC002430,AC002431,2026-09-10T19:30:00,Paytm Payments Bank
H0001812,CYB-2026-10746,2,AC002431,AC002432,2026-09-10T19:45:00,Axis
H0001813,CYB-2026-10746,3,AC002432,AC002433,2026-09-10T19:55:00,PNB
H0001814,CYB-2026-10747,1,AC002434,AC000048,2026-09-07T15:14:00,Kotak
H0001815,CYB-2026-10747,2,AC000048,AC002435,2026-09-07T15:23:00,ICICI
H0001816,CYB-2026-10748,1,AC002436,AC002437,2026-09-07T02:32:00,Axis
H0001817,CYB-2026-10748,2,AC002437,AC000028,2026-09-07T02:50:00,PNB
H0001818,CYB-2026-10749,1,AC002438,AC002439,2026-09-19T17:37:00,ICICI
H0001819,CYB-2026-10750,1,AC002440,AC002441,2026-09-30T18:40:00,BOB
H0001820,CYB-2026-10750,2,AC002441,AC000009,2026-09-30T18:50:00,Axis
H0001821,CYB-2026-10750,3,AC000009,AC002442,2026-09-30T18:57:00,ICICI
H0001822,CYB-2026-10751,1,AC002443,AC002444,2026-09-30T07:44:00,SBI
H0001823,CYB-2026-10752,1,AC002445,AC002446,2026-09-25T17:27:00,Axis
H0001824,CYB-2026-10752,2,AC002446,AC002447,2026-09-25T17:50:00,ICICI
H0001825,CYB-2026-10753,1,AC002448,AC000025,2026-09-03T02:19:00,HDFC
H0001826,CYB-2026-10753,2,AC000025,AC002449,2026-09-03T02:23:00,PNB
H0001827,CYB-2026-10753,3,AC002449,AC000030,2026-09-03T02:30:00,Paytm Payments Bank
H0001828,CYB-2026-10754,1,AC002450,AC000026,2026-09-10T04:35:00,Axis
H0001829,CYB-2026-10754,2,AC000026,AC002451,2026-09-10T04:44:00,SBI
H0001830,CYB-2026-10755,1,AC002452,AC002453,2026-09-22T00:36:00,ICICI
H0001831,CYB-2026-10755,2,AC002453,AC002454,2026-09-22T00:51:00,PNB
H0001832,CYB-2026-10756,1,AC002455,AC000024,2026-09-26T19:18:00,SBI
H0001833,CYB-2026-10756,2,AC000024,AC002456,2026-09-26T19:34:00,Paytm Payments Bank
H0001834,CYB-2026-10757,1,AC002457,AC002458,2026-09-16T20:25:00,Axis
H0001835,CYB-2026-10757,2,AC002458,AC002459,2026-09-16T20:41:00,PNB
H0001836,CYB-2026-10758,1,AC002460,AC002461,2026-09-10T19:53:00,ICICI
H0001837,CYB-2026-10759,1,AC002462,AC002463,2026-09-28T08:23:00,PNB
H0001838,CYB-2026-10760,1,AC002464,AC002465,2026-09-21T17:25:00,SBI
H0001839,CYB-2026-10760,2,AC002465,AC002466,2026-09-21T17:37:00,SBI
H0001840,CYB-2026-10760,3,AC002466,AC002467,2026-09-21T17:48:00,ICICI
H0001841,CYB-2026-10760,4,AC002467,AC002468,2026-09-21T18:12:00,PNB
H0001842,CYB-2026-10760,5,AC002468,AC000026,2026-09-21T18:18:00,PNB
H0001843,CYB-2026-10761,1,AC002469,AC002470,2026-09-26T15:47:00,PNB
H0001844,CYB-2026-10761,2,AC002470,AC000032,2026-09-26T15:52:00,Kotak
H0001845,CYB-2026-10761,3,AC000032,AC002471,2026-09-26T16:22:00,Paytm Payments Bank
H0001846,CYB-2026-10762,1,AC002472,AC000008,2026-09-23T10:18:00,Kotak
H0001847,CYB-2026-10762,2,AC000008,AC002473,2026-09-23T10:29:00,Paytm Payments Bank
H0001848,CYB-2026-10763,1,AC002474,AC002475,2026-09-20T02:14:00,HDFC
H0001849,CYB-2026-10763,2,AC002475,AC002476,2026-09-20T02:24:00,PNB
H0001850,CYB-2026-10764,1,AC002477,AC002478,2026-09-15T13:09:00,Axis
H0001851,CYB-2026-10765,1,AC002479,AC002480,2026-09-02T07:28:00,Paytm Payments Bank
H0001852,CYB-2026-10765,2,AC002480,AC002481,2026-09-02T07:54:00,SBI
H0001853,CYB-2026-10765,3,AC002481,AC002482,2026-09-02T08:10:00,Kotak
H0001854,CYB-2026-10766,1,AC002483,AC000012,2026-09-14T03:00:00,HDFC
H0001855,CYB-2026-10766,2,AC000012,AC002484,2026-09-14T03:25:00,HDFC
H0001856,CYB-2026-10766,3,AC002484,AC002485,2026-09-14T03:39:00,Axis
H0001857,CYB-2026-10766,4,AC002485,AC002486,2026-09-14T04:03:00,BOB
H0001858,CYB-2026-10767,1,AC002487,AC002488,2026-09-30T17:48:00,PNB
H0001859,CYB-2026-10767,2,AC002488,AC000050,2026-09-30T17:48:00,SBI
H0001860,CYB-2026-10767,3,AC000050,AC002489,2026-09-30T18:01:00,ICICI
H0001861,CYB-2026-10768,1,AC002490,AC002491,2026-09-10T08:52:00,Axis
H0001862,CYB-2026-10769,1,AC002492,AC002493,2026-09-16T03:45:00,BOB
H0001863,CYB-2026-10770,1,AC002494,AC002495,2026-09-06T20:55:00,Axis
H0001864,CYB-2026-10770,2,AC002495,AC002496,2026-09-06T21:09:00,Paytm Payments Bank
H0001865,CYB-2026-10770,3,AC002496,AC002497,2026-09-06T21:15:00,BOB
H0001866,CYB-2026-10771,1,AC002498,AC002499,2026-09-24T18:24:00,Kotak
H0001867,CYB-2026-10772,1,AC002500,AC000059,2026-09-17T15:03:00,SBI
H0001868,CYB-2026-10772,2,AC000059,AC002501,2026-09-17T15:16:00,BOB
H0001869,CYB-2026-10772,3,AC002501,AC002502,2026-09-17T15:19:00,Kotak
H0001870,CYB-2026-10773,1,AC002503,AC002504,2026-09-05T02:22:00,Kotak
H0001871,CYB-2026-10774,1,AC002505,AC002506,2026-09-07T15:15:00,PNB
H0001872,CYB-2026-10774,2,AC002506,AC002507,2026-09-07T15:28:00,ICICI
H0001873,CYB-2026-10775,1,AC002508,AC000027,2026-09-09T12:31:00,BOB
H0001874,CYB-2026-10776,1,AC002509,AC002510,2026-09-02T13:36:00,BOB
H0001875,CYB-2026-10776,2,AC002510,AC000049,2026-09-02T14:00:00,ICICI
H0001876,CYB-2026-10776,3,AC000049,AC002511,2026-09-02T14:00:00,Kotak
H0001877,CYB-2026-10776,4,AC002511,AC002512,2026-09-02T14:02:00,BOB
H0001878,CYB-2026-10776,5,AC002512,AC002513,2026-09-02T14:05:00,Paytm Payments Bank
H0001879,CYB-2026-10777,1,AC002514,AC002515,2026-09-01T06:55:00,ICICI
H0001880,CYB-2026-10777,2,AC002515,AC002516,2026-09-01T07:12:00,Kotak
H0001881,CYB-2026-10778,1,AC002517,AC002518,2026-09-10T04:53:00,ICICI
H0001882,CYB-2026-10778,2,AC002518,AC002519,2026-09-10T04:55:00,HDFC
H0001883,CYB-2026-10778,3,AC002519,AC002520,2026-09-10T05:04:00,HDFC
H0001884,CYB-2026-10779,1,AC002521,AC002522,2026-09-28T03:25:00,ICICI
H0001885,CYB-2026-10779,2,AC002522,AC002523,2026-09-28T03:36:00,ICICI
H0001886,CYB-2026-10779,3,AC002523,AC002524,2026-09-28T04:05:00,SBI
H0001887,CYB-2026-10779,4,AC002524,AC002525,2026-09-28T04:30:00,BOB
H0001888,CYB-2026-10780,1,AC002526,AC002527,2026-09-08T15:04:00,Kotak
H0001889,CYB-2026-10780,2,AC002527,AC002528,2026-09-08T15:31:00,BOB
H0001890,CYB-2026-10781,1,AC002529,AC002530,2026-09-13T23:09:00,PNB
H0001891,CYB-2026-10781,2,AC002530,AC002531,2026-09-13T23:36:00,Paytm Payments Bank
H0001892,CYB-2026-10782,1,AC002532,AC000059,2026-09-20T16:18:00,HDFC
H0001893,CYB-2026-10782,2,AC000059,AC002533,2026-09-20T16:40:00,PNB
H0001894,CYB-2026-10782,3,AC002533,AC002534,2026-09-20T16:51:00,PNB
H0001895,CYB-2026-10783,1,AC002535,AC002536,2026-09-10T03:14:00,Kotak
H0001896,CYB-2026-10784,1,AC002537,AC002538,2026-09-17T18:23:00,ICICI
H0001897,CYB-2026-10784,2,AC002538,AC002539,2026-09-17T18:26:00,ICICI
H0001898,CYB-2026-10784,3,AC002539,AC002540,2026-09-17T18:53:00,Axis
H0001899,CYB-2026-10785,1,AC002541,AC002542,2026-09-03T11:38:00,Paytm Payments Bank
H0001900,CYB-2026-10785,2,AC002542,AC002543,2026-09-03T11:42:00,PNB
H0001901,CYB-2026-10785,3,AC002543,AC000033,2026-09-03T12:04:00,PNB
H0001902,CYB-2026-10785,4,AC000033,AC002544,2026-09-03T12:27:00,HDFC
H0001903,CYB-2026-10786,1,AC002545,AC002546,2026-09-19T01:27:00,Kotak
H0001904,CYB-2026-10786,2,AC002546,AC000036,2026-09-19T01:31:00,BOB
H0001905,CYB-2026-10786,3,AC000036,AC002547,2026-09-19T01:54:00,ICICI
H0001906,CYB-2026-10787,1,AC002548,AC002549,2026-09-24T22:58:00,Paytm Payments Bank
H0001907,CYB-2026-10788,1,AC002550,AC002551,2026-09-21T22:25:00,SBI
H0001908,CYB-2026-10788,2,AC002551,AC002552,2026-09-21T22:53:00,PNB
H0001909,CYB-2026-10788,3,AC002552,AC000060,2026-09-21T23:06:00,ICICI
H0001910,CYB-2026-10789,1,AC002553,AC002554,2026-09-28T17:28:00,BOB
H0001911,CYB-2026-10789,2,AC002554,AC002555,2026-09-28T17:48:00,HDFC
H0001912,CYB-2026-10790,1,AC002556,AC000063,2026-09-20T08:28:00,Paytm Payments Bank
H0001913,CYB-2026-10790,2,AC000063,AC002557,2026-09-20T08:41:00,PNB
H0001914,CYB-2026-10790,3,AC002557,AC000063,2026-09-20T08:58:00,BOB
H0001915,CYB-2026-10791,1,AC002558,AC002559,2026-09-05T18:01:00,BOB
H0001916,CYB-2026-10792,1,AC002560,AC002561,2026-09-25T01:12:00,SBI
H0001917,CYB-2026-10792,2,AC002561,AC002562,2026-09-25T01:17:00,SBI
H0001918,CYB-2026-10792,3,AC002562,AC002563,2026-09-25T01:27:00,HDFC
H0001919,CYB-2026-10793,1,AC002564,AC002565,2026-09-16T21:48:00,Kotak
H0001920,CYB-2026-10793,2,AC002565,AC002566,2026-09-16T22:08:00,PNB
H0001921,CYB-2026-10794,1,AC002567,AC002568,2026-09-19T12:30:00,Kotak
H0001922,CYB-2026-10794,2,AC002568,AC002569,2026-09-19T12:53:00,Axis
H0001923,CYB-2026-10795,1,AC002570,AC002571,2026-09-23T21:26:00,Paytm Payments Bank
H0001924,CYB-2026-10796,1,AC002572,AC002573,2026-09-09T21:35:00,ICICI
H0001925,CYB-2026-10796,2,AC002573,AC002574,2026-09-09T21:57:00,HDFC
H0001926,CYB-2026-10797,1,AC002575,AC000038,2026-09-17T08:45:00,HDFC
H0001927,CYB-2026-10797,2,AC000038,AC002576,2026-09-17T08:52:00,Paytm Payments Bank
H0001928,CYB-2026-10798,1,AC002577,AC002578,2026-09-23T18:21:00,Axis
H0001929,CYB-2026-10799,1,AC002579,AC002580,2026-09-20T02:51:00,BOB
H0001930,CYB-2026-10799,2,AC002580,AC002581,2026-09-20T03:19:00,BOB
H0001931,CYB-2026-10799,3,AC002581,AC002582,2026-09-20T03:41:00,Kotak
H0001932,CYB-2026-10799,4,AC002582,AC002583,2026-09-20T03:49:00,BOB
H0001933,CYB-2026-10800,1,AC002584,AC000065,2026-09-07T09:16:00,Paytm Payments Bank
H0001934,CYB-2026-10801,1,AC002585,AC002586,2026-09-30T14:54:00,SBI
H0001935,CYB-2026-10801,2,AC002586,AC002587,2026-09-30T15:08:00,Paytm Payments Bank
H0001936,CYB-2026-10802,1,AC002588,AC000046,2026-09-03T20:53:00,PNB
H0001937,CYB-2026-10803,1,AC002589,AC002590,2026-09-19T07:09:00,PNB
H0001938,CYB-2026-10803,2,AC002590,AC002591,2026-09-19T07:27:00,BOB
H0001939,CYB-2026-10803,3,AC002591,AC002592,2026-09-19T07:44:00,Kotak
H0001940,CYB-2026-10804,1,AC002593,AC002594,2026-09-29T04:52:00,Axis
H0001941,CYB-2026-10804,2,AC002594,AC002595,2026-09-29T05:11:00,ICICI
H0001942,CYB-2026-10805,1,AC002596,AC002597,2026-09-27T09:01:00,Kotak
H0001943,CYB-2026-10805,2,AC002597,AC002598,2026-09-27T09:10:00,Kotak
H0001944,CYB-2026-10805,3,AC002598,AC002599,2026-09-27T09:23:00,PNB
H0001945,CYB-2026-10806,1,AC002600,AC002601,2026-09-30T01:40:00,PNB
H0001946,CYB-2026-10806,2,AC002601,AC000078,2026-09-30T01:41:00,SBI
H0001947,CYB-2026-10807,1,AC002602,AC002603,2026-09-18T18:42:00,HDFC
H0001948,CYB-2026-10807,2,AC002603,AC002604,2026-09-18T18:48:00,Paytm Payments Bank
H0001949,CYB-2026-10807,3,AC002604,AC002605,2026-09-18T18:54:00,Kotak
H0001950,CYB-2026-10807,4,AC002605,AC000020,2026-09-18T19:13:00,Kotak
H0001951,CYB-2026-10807,5,AC000020,AC002606,2026-09-18T19:41:00,Paytm Payments Bank
H0001952,CYB-2026-10808,1,AC002607,AC000024,2026-09-25T17:29:00,ICICI
H0001953,CYB-2026-10808,2,AC000024,AC002608,2026-09-25T17:44:00,Axis
H0001954,CYB-2026-10809,1,AC002609,AC002610,2026-09-26T11:44:00,Paytm Payments Bank
H0001955,CYB-2026-10810,1,AC002611,AC002612,2026-09-28T03:50:00,BOB
H0001956,CYB-2026-10810,2,AC002612,AC002613,2026-09-28T04:10:00,Axis
H0001957,CYB-2026-10811,1,AC002614,AC002615,2026-09-19T15:47:00,HDFC
H0001958,CYB-2026-10811,2,AC002615,AC002616,2026-09-19T16:02:00,BOB
H0001959,CYB-2026-10812,1,AC002617,AC002618,2026-09-15T05:44:00,SBI
H0001960,CYB-2026-10812,2,AC002618,AC000039,2026-09-15T05:56:00,Axis
H0001961,CYB-2026-10813,1,AC002619,AC002620,2026-09-18T03:07:00,Axis
H0001962,CYB-2026-10814,1,AC002621,AC002622,2026-09-01T23:04:00,PNB
H0001963,CYB-2026-10815,1,AC002623,AC002624,2026-09-19T13:21:00,PNB
H0001964,CYB-2026-10815,2,AC002624,AC002625,2026-09-19T13:34:00,PNB
H0001965,CYB-2026-10815,3,AC002625,AC002626,2026-09-19T14:02:00,PNB
H0001966,CYB-2026-10816,1,AC002627,AC002628,2026-09-23T11:27:00,SBI
H0001967,CYB-2026-10816,2,AC002628,AC002629,2026-09-23T11:41:00,ICICI
H0001968,CYB-2026-10817,1,AC002630,AC002631,2026-09-04T07:01:00,PNB
H0001969,CYB-2026-10817,2,AC002631,AC002632,2026-09-04T07:23:00,BOB
H0001970,CYB-2026-10817,3,AC002632,AC002633,2026-09-04T07:32:00,PNB
H0001971,CYB-2026-10818,1,AC002634,AC002635,2026-09-05T04:30:00,Paytm Payments Bank
H0001972,CYB-2026-10818,2,AC002635,AC002636,2026-09-05T04:33:00,Axis
H0001973,CYB-2026-10819,1,AC002637,AC002638,2026-09-21T02:34:00,SBI
H0001974,CYB-2026-10819,2,AC002638,AC002639,2026-09-21T02:50:00,Axis
H0001975,CYB-2026-10820,1,AC002640,AC002641,2026-09-16T19:18:00,SBI
H0001976,CYB-2026-10820,2,AC002641,AC002642,2026-09-16T19:22:00,PNB
H0001977,CYB-2026-10820,3,AC002642,AC002643,2026-09-16T19:29:00,ICICI
H0001978,CYB-2026-10821,1,AC002644,AC002645,2026-09-12T10:57:00,Kotak
H0001979,CYB-2026-10822,1,AC002646,AC002647,2026-09-08T23:38:00,Axis
H0001980,CYB-2026-10823,1,AC002648,AC000061,2026-09-11T11:43:00,BOB
H0001981,CYB-2026-10824,1,AC002649,AC002650,2026-09-16T23:27:00,Kotak
H0001982,CYB-2026-10824,2,AC002650,AC002651,2026-09-16T23:36:00,ICICI
H0001983,CYB-2026-10824,3,AC002651,AC002652,2026-09-16T23:48:00,PNB
H0001984,CYB-2026-10825,1,AC002653,AC002654,2026-09-19T22:34:00,Kotak
H0001985,CYB-2026-10825,2,AC002654,AC002655,2026-09-19T22:46:00,BOB
H0001986,CYB-2026-10825,3,AC002655,AC002656,2026-09-19T23:00:00,Paytm Payments Bank
H0001987,CYB-2026-10826,1,AC002657,AC002658,2026-09-07T07:29:00,Axis
H0001988,CYB-2026-10826,2,AC002658,AC002659,2026-09-07T07:52:00,Kotak
H0001989,CYB-2026-10827,1,AC002660,AC002661,2026-09-07T16:31:00,BOB
H0001990,CYB-2026-10827,2,AC002661,AC000028,2026-09-07T16:41:00,ICICI
H0001991,CYB-2026-10827,3,AC000028,AC002662,2026-09-07T17:10:00,BOB
H0001992,CYB-2026-10827,4,AC002662,AC002663,2026-09-07T17:24:00,SBI
H0001993,CYB-2026-10828,1,AC002664,AC002665,2026-09-30T10:34:00,Paytm Payments Bank
H0001994,CYB-2026-10828,2,AC002665,AC002666,2026-09-30T10:57:00,ICICI
H0001995,CYB-2026-10829,1,AC002667,AC000007,2026-09-02T20:43:00,HDFC
H0001996,CYB-2026-10830,1,AC002668,AC002669,2026-09-17T18:47:00,ICICI
H0001997,CYB-2026-10830,2,AC002669,AC002670,2026-09-17T18:50:00,ICICI
H0001998,CYB-2026-10831,1,AC002671,AC002672,2026-09-19T21:50:00,PNB
H0001999,CYB-2026-10831,2,AC002672,AC002673,2026-09-19T22:18:00,Axis
H0002000,CYB-2026-10831,3,AC002673,AC002674,2026-09-19T22:39:00,ICICI
H0002001,CYB-2026-10832,1,AC002675,AC002676,2026-09-09T00:22:00,Paytm Payments Bank
H0002002,CYB-2026-10832,2,AC002676,AC002677,2026-09-09T00:27:00,Paytm Payments Bank
H0002003,CYB-2026-10832,3,AC002677,AC002678,2026-09-09T00:42:00,Kotak
H0002004,CYB-2026-10832,4,AC002678,AC002679,2026-09-09T00:44:00,Kotak
H0002005,CYB-2026-10833,1,AC002680,AC002681,2026-09-10T05:44:00,Paytm Payments Bank
H0002006,CYB-2026-10834,1,AC002682,AC002683,2026-09-24T22:28:00,Axis
H0002007,CYB-2026-10834,2,AC002683,AC002684,2026-09-24T22:36:00,Paytm Payments Bank
H0002008,CYB-2026-10834,3,AC002684,AC002685,2026-09-24T22:46:00,SBI
H0002009,CYB-2026-10834,4,AC002685,AC002686,2026-09-24T23:10:00,Paytm Payments Bank
H0002010,CYB-2026-10835,1,AC002687,AC002688,2026-09-01T17:54:00,BOB
H0002011,CYB-2026-10835,2,AC002688,AC002689,2026-09-01T18:16:00,PNB
H0002012,CYB-2026-10836,1,AC002690,AC002691,2026-09-07T06:42:00,PNB
H0002013,CYB-2026-10836,2,AC002691,AC000058,2026-09-07T07:11:00,HDFC
H0002014,CYB-2026-10836,3,AC000058,AC002692,2026-09-07T07:40:00,Kotak
H0002015,CYB-2026-10836,4,AC002692,AC002693,2026-09-07T08:08:00,HDFC
H0002016,CYB-2026-10836,5,AC002693,AC000017,2026-09-07T08:33:00,HDFC
H0002017,CYB-2026-10837,1,AC002694,AC002695,2026-09-05T05:36:00,HDFC
H0002018,CYB-2026-10837,2,AC002695,AC002696,2026-09-05T05:56:00,Paytm Payments Bank
H0002019,CYB-2026-10838,1,AC002697,AC000012,2026-09-07T13:30:00,BOB
H0002020,CYB-2026-10839,1,AC002698,AC002699,2026-09-29T17:31:00,Paytm Payments Bank
H0002021,CYB-2026-10839,2,AC002699,AC002700,2026-09-29T17:36:00,Paytm Payments Bank
H0002022,CYB-2026-10839,3,AC002700,AC002701,2026-09-29T17:57:00,SBI
H0002023,CYB-2026-10839,4,AC002701,AC002702,2026-09-29T18:13:00,SBI
H0002024,CYB-2026-10840,1,AC002703,AC002704,2026-09-06T21:51:00,Axis
H0002025,CYB-2026-10840,2,AC002704,AC002705,2026-09-06T22:11:00,PNB
H0002026,CYB-2026-10841,1,AC002706,AC002707,2026-09-12T05:20:00,PNB
H0002027,CYB-2026-10841,2,AC002707,AC002708,2026-09-12T05:25:00,HDFC
H0002028,CYB-2026-10841,3,AC002708,AC000064,2026-09-12T05:36:00,SBI
H0002029,CYB-2026-10841,4,AC000064,AC002709,2026-09-12T06:02:00,BOB
H0002030,CYB-2026-10841,5,AC002709,AC000058,2026-09-12T06:02:00,HDFC
H0002031,CYB-2026-10842,1,AC002710,AC002711,2026-09-27T04:08:00,Paytm Payments Bank
H0002032,CYB-2026-10842,2,AC002711,AC002712,2026-09-27T04:17:00,Paytm Payments Bank
H0002033,CYB-2026-10843,1,AC002713,AC002714,2026-09-19T21:59:00,BOB
H0002034,CYB-2026-10843,2,AC002714,AC002715,2026-09-19T22:27:00,Paytm Payments Bank
H0002035,CYB-2026-10843,3,AC002715,AC002716,2026-09-19T22:31:00,BOB
H0002036,CYB-2026-10843,4,AC002716,AC002717,2026-09-19T22:31:00,ICICI
H0002037,CYB-2026-10844,1,AC002718,AC002719,2026-09-09T02:43:00,BOB
H0002038,CYB-2026-10844,2,AC002719,AC002720,2026-09-09T02:51:00,Kotak
H0002039,CYB-2026-10845,1,AC002721,AC002722,2026-09-13T21:32:00,BOB
H0002040,CYB-2026-10845,2,AC002722,AC002723,2026-09-13T21:59:00,ICICI
H0002041,CYB-2026-10846,1,AC002724,AC002725,2026-09-22T22:56:00,Axis
H0002042,CYB-2026-10846,2,AC002725,AC002726,2026-09-22T22:56:00,PNB
H0002043,CYB-2026-10846,3,AC002726,AC002727,2026-09-22T23:06:00,PNB
H0002044,CYB-2026-10847,1,AC002728,AC002729,2026-09-16T18:49:00,HDFC
H0002045,CYB-2026-10847,2,AC002729,AC000048,2026-09-16T19:02:00,Axis
H0002046,CYB-2026-10847,3,AC000048,AC002730,2026-09-16T19:12:00,Axis
H0002047,CYB-2026-10847,4,AC002730,AC002731,2026-09-16T19:40:00,Kotak
H0002048,CYB-2026-10848,1,AC002732,AC002733,2026-09-10T02:37:00,Axis
H0002049,CYB-2026-10849,1,AC002734,AC002735,2026-09-24T12:08:00,Paytm Payments Bank
H0002050,CYB-2026-10849,2,AC002735,AC002736,2026-09-24T12:36:00,PNB
H0002051,CYB-2026-10849,3,AC002736,AC000050,2026-09-24T13:00:00,Axis
H0002052,CYB-2026-10850,1,AC002737,AC002738,2026-09-30T01:43:00,ICICI
H0002053,CYB-2026-10850,2,AC002738,AC002739,2026-09-30T02:13:00,Kotak
H0002054,CYB-2026-10850,3,AC002739,AC002740,2026-09-30T02:23:00,Axis
H0002055,CYB-2026-10851,1,AC002741,AC002742,2026-09-04T00:21:00,BOB
H0002056,CYB-2026-10851,2,AC002742,AC002743,2026-09-04T00:48:00,SBI
H0002057,CYB-2026-10852,1,AC002744,AC002745,2026-09-20T10:22:00,Paytm Payments Bank
H0002058,CYB-2026-10852,2,AC002745,AC002746,2026-09-20T10:39:00,ICICI
H0002059,CYB-2026-10853,1,AC002747,AC002748,2026-09-28T20:40:00,SBI
H0002060,CYB-2026-10854,1,AC002749,AC002750,2026-09-18T07:49:00,ICICI
H0002061,CYB-2026-10854,2,AC002750,AC002751,2026-09-18T08:15:00,SBI
H0002062,CYB-2026-10855,1,AC002752,AC002753,2026-09-07T06:05:00,ICICI
H0002063,CYB-2026-10856,1,AC002754,AC002755,2026-09-16T21:32:00,BOB
H0002064,CYB-2026-10856,2,AC002755,AC002756,2026-09-16T21:44:00,ICICI
H0002065,CYB-2026-10856,3,AC002756,AC002757,2026-09-16T21:46:00,Axis
H0002066,CYB-2026-10857,1,AC002758,AC002759,2026-09-26T15:09:00,Axis
H0002067,CYB-2026-10858,1,AC002760,AC002761,2026-09-19T06:40:00,BOB
H0002068,CYB-2026-10858,2,AC002761,AC002762,2026-09-19T06:41:00,Axis
H0002069,CYB-2026-10859,1,AC002763,AC002764,2026-09-04T22:07:00,SBI
H0002070,CYB-2026-10860,1,AC002765,AC002766,2026-09-08T12:46:00,PNB
H0002071,CYB-2026-10860,2,AC002766,AC002767,2026-09-08T13:06:00,PNB
H0002072,CYB-2026-10860,3,AC002767,AC002768,2026-09-08T13:20:00,BOB
H0002073,CYB-2026-10861,1,AC002769,AC002770,2026-09-10T08:37:00,Axis
H0002074,CYB-2026-10861,2,AC002770,AC002771,2026-09-10T09:05:00,PNB
H0002075,CYB-2026-10861,3,AC002771,AC002772,2026-09-10T09:05:00,PNB
H0002076,CYB-2026-10862,1,AC002773,AC002774,2026-09-18T22:30:00,Paytm Payments Bank
H0002077,CYB-2026-10862,2,AC002774,AC002775,2026-09-18T22:49:00,PNB
H0002078,CYB-2026-10863,1,AC002776,AC002777,2026-09-02T16:13:00,Paytm Payments Bank
H0002079,CYB-2026-10863,2,AC002777,AC002778,2026-09-02T16:31:00,ICICI
H0002080,CYB-2026-10864,1,AC002779,AC002780,2026-09-18T05:22:00,SBI
H0002081,CYB-2026-10864,2,AC002780,AC002781,2026-09-18T05:31:00,ICICI
H0002082,CYB-2026-10865,1,AC002782,AC002783,2026-09-05T04:24:00,Paytm Payments Bank
H0002083,CYB-2026-10865,2,AC002783,AC000020,2026-09-05T04:30:00,HDFC
H0002084,CYB-2026-10866,1,AC002784,AC002785,2026-09-20T00:49:00,HDFC
H0002085,CYB-2026-10866,2,AC002785,AC002786,2026-09-20T01:17:00,PNB
H0002086,CYB-2026-10866,3,AC002786,AC002787,2026-09-20T01:40:00,Paytm Payments Bank
H0002087,CYB-2026-10866,4,AC002787,AC002788,2026-09-20T01:48:00,SBI
H0002088,CYB-2026-10867,1,AC002789,AC002790,2026-09-03T06:33:00,SBI
H0002089,CYB-2026-10867,2,AC002790,AC002791,2026-09-03T06:35:00,Kotak
H0002090,CYB-2026-10868,1,AC002792,AC002793,2026-09-26T08:02:00,BOB
H0002091,CYB-2026-10868,2,AC002793,AC002794,2026-09-26T08:14:00,Kotak
H0002092,CYB-2026-10868,3,AC002794,AC002795,2026-09-26T08:25:00,PNB
H0002093,CYB-2026-10868,4,AC002795,AC002796,2026-09-26T08:46:00,Paytm Payments Bank
H0002094,CYB-2026-10869,1,AC002797,AC002798,2026-09-16T09:57:00,ICICI
H0002095,CYB-2026-10869,2,AC002798,AC002799,2026-09-16T10:07:00,ICICI
H0002096,CYB-2026-10869,3,AC002799,AC002800,2026-09-16T10:24:00,ICICI
H0002097,CYB-2026-10870,1,AC002801,AC002802,2026-09-06T08:30:00,SBI
H0002098,CYB-2026-10870,2,AC002802,AC002803,2026-09-06T08:47:00,ICICI
H0002099,CYB-2026-10871,1,AC002804,AC002805,2026-09-26T05:10:00,Kotak
H0002100,CYB-2026-10871,2,AC002805,AC002806,2026-09-26T05:32:00,HDFC
H0002101,CYB-2026-10871,3,AC002806,AC002807,2026-09-26T05:52:00,Paytm Payments Bank
H0002102,CYB-2026-10871,4,AC002807,AC002808,2026-09-26T06:14:00,Axis
H0002103,CYB-2026-10871,5,AC002808,AC002809,2026-09-26T06:42:00,HDFC
H0002104,CYB-2026-10872,1,AC002810,AC000004,2026-09-10T18:42:00,HDFC
H0002105,CYB-2026-10872,2,AC000004,AC002811,2026-09-10T19:08:00,HDFC
H0002106,CYB-2026-10872,3,AC002811,AC000058,2026-09-10T19:38:00,HDFC
H0002107,CYB-2026-10873,1,AC002812,AC002813,2026-09-16T21:08:00,Paytm Payments Bank
H0002108,CYB-2026-10873,2,AC002813,AC002814,2026-09-16T21:26:00,SBI
H0002109,CYB-2026-10873,3,AC002814,AC002815,2026-09-16T21:27:00,Paytm Payments Bank
H0002110,CYB-2026-10874,1,AC002816,AC002817,2026-09-25T19:13:00,Kotak
H0002111,CYB-2026-10874,2,AC002817,AC002818,2026-09-25T19:34:00,Paytm Payments Bank
H0002112,CYB-2026-10874,3,AC002818,AC002819,2026-09-25T19:46:00,SBI
H0002113,CYB-2026-10874,4,AC002819,AC002820,2026-09-25T20:10:00,HDFC
H0002114,CYB-2026-10875,1,AC002821,AC002822,2026-09-29T23:39:00,Paytm Payments Bank
H0002115,CYB-2026-10875,2,AC002822,AC000040,2026-09-29T23:56:00,Paytm Payments Bank
H0002116,CYB-2026-10876,1,AC002823,AC002824,2026-09-02T13:04:00,PNB
H0002117,CYB-2026-10877,1,AC002825,AC002826,2026-09-27T21:55:00,PNB
H0002118,CYB-2026-10877,2,AC002826,AC002827,2026-09-27T21:56:00,PNB
H0002119,CYB-2026-10877,3,AC002827,AC002828,2026-09-27T22:09:00,HDFC
H0002120,CYB-2026-10877,4,AC002828,AC002829,2026-09-27T22:39:00,HDFC
H0002121,CYB-2026-10878,1,AC002830,AC002831,2026-09-09T07:05:00,Paytm Payments Bank
H0002122,CYB-2026-10878,2,AC002831,AC002832,2026-09-09T07:19:00,HDFC
H0002123,CYB-2026-10879,1,AC002833,AC002834,2026-09-17T22:52:00,Kotak
H0002124,CYB-2026-10879,2,AC002834,AC002835,2026-09-17T22:55:00,BOB
H0002125,CYB-2026-10879,3,AC002835,AC002836,2026-09-17T23:03:00,BOB
H0002126,CYB-2026-10879,4,AC002836,AC002837,2026-09-17T23:16:00,HDFC
H0002127,CYB-2026-10880,1,AC002838,AC000024,2026-09-07T12:33:00,Axis
H0002128,CYB-2026-10880,2,AC000024,AC002839,2026-09-07T12:50:00,Kotak
H0002129,CYB-2026-10881,1,AC002840,AC002841,2026-09-03T01:48:00,BOB
H0002130,CYB-2026-10882,1,AC002842,AC002843,2026-09-13T08:29:00,Kotak
H0002131,CYB-2026-10882,2,AC002843,AC002844,2026-09-13T08:56:00,Paytm Payments Bank
H0002132,CYB-2026-10883,1,AC002845,AC002846,2026-09-09T02:23:00,ICICI
H0002133,CYB-2026-10884,1,AC002847,AC002848,2026-09-29T19:00:00,SBI
H0002134,CYB-2026-10884,2,AC002848,AC002849,2026-09-29T19:01:00,Kotak
H0002135,CYB-2026-10885,1,AC002850,AC002851,2026-09-21T17:44:00,BOB
H0002136,CYB-2026-10885,2,AC002851,AC002852,2026-09-21T18:08:00,ICICI
H0002137,CYB-2026-10885,3,AC002852,AC002853,2026-09-21T18:24:00,PNB
H0002138,CYB-2026-10886,1,AC002854,AC002855,2026-09-05T02:48:00,Paytm Payments Bank
H0002139,CYB-2026-10886,2,AC002855,AC002856,2026-09-05T03:17:00,Kotak
H0002140,CYB-2026-10887,1,AC002857,AC002858,2026-09-24T12:54:00,ICICI
H0002141,CYB-2026-10887,2,AC002858,AC002859,2026-09-24T12:56:00,Paytm Payments Bank
H0002142,CYB-2026-10887,3,AC002859,AC002860,2026-09-24T13:13:00,HDFC
H0002143,CYB-2026-10887,4,AC002860,AC002861,2026-09-24T13:21:00,PNB
H0002144,CYB-2026-10888,1,AC002862,AC002863,2026-09-12T03:40:00,BOB
H0002145,CYB-2026-10888,2,AC002863,AC002864,2026-09-12T03:59:00,BOB
H0002146,CYB-2026-10888,3,AC002864,AC002865,2026-09-12T04:05:00,ICICI
H0002147,CYB-2026-10888,4,AC002865,AC002866,2026-09-12T04:27:00,PNB
H0002148,CYB-2026-10889,1,AC002867,AC002868,2026-09-27T17:53:00,PNB
H0002149,CYB-2026-10889,2,AC002868,AC002869,2026-09-27T17:59:00,Kotak
H0002150,CYB-2026-10890,1,AC002870,AC002871,2026-09-13T14:02:00,HDFC
H0002151,CYB-2026-10890,2,AC002871,AC002872,2026-09-13T14:32:00,BOB
H0002152,CYB-2026-10891,1,AC002873,AC002874,2026-09-23T18:59:00,BOB
H0002153,CYB-2026-10891,2,AC002874,AC002875,2026-09-23T19:00:00,BOB
H0002154,CYB-2026-10891,3,AC002875,AC002876,2026-09-23T19:15:00,HDFC
H0002155,CYB-2026-10891,4,AC002876,AC002877,2026-09-23T19:27:00,Kotak
H0002156,CYB-2026-10891,5,AC002877,AC000024,2026-09-23T19:30:00,Kotak
H0002157,CYB-2026-10892,1,AC002878,AC002879,2026-09-13T11:16:00,SBI
H0002158,CYB-2026-10892,2,AC002879,AC002880,2026-09-13T11:34:00,SBI
H0002159,CYB-2026-10892,3,AC002880,AC000044,2026-09-13T11:53:00,PNB
H0002160,CYB-2026-10893,1,AC002881,AC000075,2026-09-26T09:46:00,Axis
H0002161,CYB-2026-10893,2,AC000075,AC002882,2026-09-26T10:16:00,BOB
H0002162,CYB-2026-10893,3,AC002882,AC002883,2026-09-26T10:35:00,SBI
H0002163,CYB-2026-10894,1,AC002884,AC002885,2026-09-23T09:14:00,Axis
H0002164,CYB-2026-10894,2,AC002885,AC002886,2026-09-23T09:19:00,ICICI
H0002165,CYB-2026-10894,3,AC002886,AC002887,2026-09-23T09:27:00,HDFC
H0002166,CYB-2026-10895,1,AC002888,AC002889,2026-09-10T23:18:00,Paytm Payments Bank
H0002167,CYB-2026-10895,2,AC002889,AC002890,2026-09-10T23:46:00,BOB
H0002168,CYB-2026-10896,1,AC002891,AC002892,2026-09-23T15:07:00,BOB
H0002169,CYB-2026-10896,2,AC002892,AC002893,2026-09-23T15:26:00,Axis
H0002170,CYB-2026-10897,1,AC002894,AC002895,2026-09-11T04:24:00,PNB
H0002171,CYB-2026-10897,2,AC002895,AC002896,2026-09-11T04:36:00,Paytm Payments Bank
H0002172,CYB-2026-10897,3,AC002896,AC002897,2026-09-11T04:57:00,Axis
H0002173,CYB-2026-10898,1,AC002898,AC002899,2026-09-17T14:55:00,BOB
H0002174,CYB-2026-10898,2,AC002899,AC000033,2026-09-17T15:06:00,Axis
H0002175,CYB-2026-10898,3,AC000033,AC002900,2026-09-17T15:35:00,PNB
H0002176,CYB-2026-10898,4,AC002900,AC002901,2026-09-17T15:40:00,Axis
H0002177,CYB-2026-10899,1,AC002902,AC002903,2026-09-17T20:17:00,HDFC
H0002178,CYB-2026-10899,2,AC002903,AC002904,2026-09-17T20:34:00,SBI
H0002179,CYB-2026-10900,1,AC002905,AC002906,2026-09-13T22:28:00,HDFC
H0002180,CYB-2026-10900,2,AC002906,AC002907,2026-09-13T22:30:00,SBI
H0002181,CYB-2026-10900,3,AC002907,AC002908,2026-09-13T22:55:00,ICICI
H0002182,CYB-2026-10901,1,AC002909,AC002910,2026-09-28T16:39:00,ICICI
H0002183,CYB-2026-10901,2,AC002910,AC002911,2026-09-28T17:03:00,Paytm Payments Bank
H0002184,CYB-2026-10902,1,AC002912,AC002913,2026-09-12T10:34:00,SBI
H0002185,CYB-2026-10902,2,AC002913,AC002914,2026-09-12T11:02:00,SBI
H0002186,CYB-2026-10903,1,AC002915,AC002916,2026-09-28T23:23:00,ICICI
H0002187,CYB-2026-10903,2,AC002916,AC002917,2026-09-28T23:45:00,Axis
H0002188,CYB-2026-10903,3,AC002917,AC002918,2026-09-29T00:04:00,SBI
H0002189,CYB-2026-10904,1,AC002919,AC002920,2026-09-19T05:43:00,Paytm Payments Bank
H0002190,CYB-2026-10904,2,AC002920,AC002921,2026-09-19T06:13:00,Kotak
H0002191,CYB-2026-10904,3,AC002921,AC002922,2026-09-19T06:31:00,BOB
H0002192,CYB-2026-10904,4,AC002922,AC002923,2026-09-19T06:47:00,BOB
H0002193,CYB-2026-10905,1,AC002924,AC002925,2026-09-14T20:07:00,Kotak
H0002194,CYB-2026-10905,2,AC002925,AC000063,2026-09-14T20:13:00,SBI
H0002195,CYB-2026-10905,3,AC000063,AC002926,2026-09-14T20:37:00,ICICI
H0002196,CYB-2026-10905,4,AC002926,AC002927,2026-09-14T20:55:00,ICICI
H0002197,CYB-2026-10906,1,AC002928,AC002929,2026-09-21T05:46:00,Kotak
H0002198,CYB-2026-10906,2,AC002929,AC002930,2026-09-21T06:00:00,ICICI
H0002199,CYB-2026-10906,3,AC002930,AC002931,2026-09-21T06:01:00,Axis
H0002200,CYB-2026-10907,1,AC002932,AC002933,2026-10-01T00:09:00,Paytm Payments Bank
H0002201,CYB-2026-10907,2,AC002933,AC000062,2026-10-01T00:11:00,Kotak
H0002202,CYB-2026-10907,3,AC000062,AC002934,2026-10-01T00:20:00,ICICI
H0002203,CYB-2026-10907,4,AC002934,AC000013,2026-10-01T00:24:00,PNB
H0002204,CYB-2026-10908,1,AC002935,AC002936,2026-09-19T14:48:00,PNB
H0002205,CYB-2026-10908,2,AC002936,AC002937,2026-09-19T15:13:00,HDFC
H0002206,CYB-2026-10908,3,AC002937,AC002938,2026-09-19T15:37:00,Paytm Payments Bank
H0002207,CYB-2026-10909,1,AC002939,AC002940,2026-09-24T06:59:00,Paytm Payments Bank
H0002208,CYB-2026-10909,2,AC002940,AC002941,2026-09-24T07:19:00,PNB
H0002209,CYB-2026-10910,1,AC002942,AC002943,2026-09-03T03:51:00,BOB
H0002210,CYB-2026-10910,2,AC002943,AC002944,2026-09-03T04:04:00,ICICI
H0002211,CYB-2026-10911,1,AC002945,AC002946,2026-09-02T23:24:00,ICICI
H0002212,CYB-2026-10911,2,AC002946,AC002947,2026-09-02T23:39:00,HDFC
H0002213,CYB-2026-10912,1,AC002948,AC002949,2026-09-22T14:39:00,Kotak
H0002214,CYB-2026-10912,2,AC002949,AC002950,2026-09-22T14:49:00,ICICI
H0002215,CYB-2026-10912,3,AC002950,AC002951,2026-09-22T15:15:00,PNB
H0002216,CYB-2026-10912,4,AC002951,AC002952,2026-09-22T15:39:00,Axis
H0002217,CYB-2026-10912,5,AC002952,AC002953,2026-09-22T15:39:00,BOB
H0002218,CYB-2026-10913,1,AC002954,AC002955,2026-09-03T14:18:00,Axis
H0002219,CYB-2026-10913,2,AC002955,AC002956,2026-09-03T14:25:00,Axis
H0002220,CYB-2026-10914,1,AC002957,AC002958,2026-09-19T10:51:00,ICICI
H0002221,CYB-2026-10914,2,AC002958,AC002959,2026-09-19T11:21:00,HDFC
H0002222,CYB-2026-10915,1,AC002960,AC002961,2026-09-02T15:40:00,Paytm Payments Bank
H0002223,CYB-2026-10915,2,AC002961,AC002962,2026-09-02T15:52:00,Axis
H0002224,CYB-2026-10916,1,AC002963,AC002964,2026-09-08T11:55:00,HDFC
H0002225,CYB-2026-10916,2,AC002964,AC000002,2026-09-08T11:59:00,BOB
H0002226,CYB-2026-10916,3,AC000002,AC002965,2026-09-08T12:01:00,ICICI
H0002227,CYB-2026-10916,4,AC002965,AC002966,2026-09-08T12:01:00,Paytm Payments Bank
H0002228,CYB-2026-10917,1,AC002967,AC002968,2026-09-17T12:22:00,HDFC
H0002229,CYB-2026-10918,1,AC002969,AC002970,2026-09-08T23:45:00,HDFC
H0002230,CYB-2026-10918,2,AC002970,AC002971,2026-09-08T23:54:00,ICICI
H0002231,CYB-2026-10919,1,AC002972,AC002973,2026-09-24T16:24:00,BOB
H0002232,CYB-2026-10920,1,AC002974,AC002975,2026-09-15T04:47:00,PNB
H0002233,CYB-2026-10920,2,AC002975,AC002976,2026-09-15T04:53:00,Axis
H0002234,CYB-2026-10921,1,AC002977,AC002978,2026-09-07T23:20:00,PNB
H0002235,CYB-2026-10922,1,AC002979,AC002980,2026-09-30T13:51:00,Paytm Payments Bank
H0002236,CYB-2026-10922,2,AC002980,AC002981,2026-09-30T14:02:00,ICICI
H0002237,CYB-2026-10923,1,AC002982,AC002983,2026-09-18T23:42:00,Kotak
H0002238,CYB-2026-10923,2,AC002983,AC002984,2026-09-19T00:08:00,Kotak
H0002239,CYB-2026-10923,3,AC002984,AC002985,2026-09-19T00:30:00,BOB
H0002240,CYB-2026-10923,4,AC002985,AC002986,2026-09-19T01:00:00,ICICI
H0002241,CYB-2026-10924,1,AC002987,AC002988,2026-09-08T00:05:00,PNB
H0002242,CYB-2026-10924,2,AC002988,AC002989,2026-09-08T00:28:00,ICICI
H0002243,CYB-2026-10924,3,AC002989,AC002990,2026-09-08T00:52:00,SBI
H0002244,CYB-2026-10925,1,AC002991,AC002992,2026-09-24T01:39:00,PNB
H0002245,CYB-2026-10925,2,AC002992,AC002993,2026-09-24T02:07:00,Axis
H0002246,CYB-2026-10926,1,AC002994,AC002995,2026-09-25T18:43:00,HDFC
H0002247,CYB-2026-10926,2,AC002995,AC002996,2026-09-25T19:11:00,BOB
H0002248,CYB-2026-10926,3,AC002996,AC002997,2026-09-25T19:40:00,Axis
H0002249,CYB-2026-10926,4,AC002997,AC002998,2026-09-25T20:06:00,Axis
H0002250,CYB-2026-10927,1,AC002999,AC000030,2026-09-27T15:03:00,Axis
H0002251,CYB-2026-10927,2,AC000030,AC003000,2026-09-27T15:17:00,Axis
H0002252,CYB-2026-10928,1,AC003001,AC003002,2026-09-20T05:32:00,PNB
H0002253,CYB-2026-10928,2,AC003002,AC003003,2026-09-20T05:53:00,SBI
H0002254,CYB-2026-10928,3,AC003003,AC003004,2026-09-20T06:11:00,Axis
H0002255,CYB-2026-10929,1,AC003005,AC003006,2026-09-26T18:29:00,BOB
H0002256,CYB-2026-10929,2,AC003006,AC000032,2026-09-26T18:59:00,Paytm Payments Bank
H0002257,CYB-2026-10929,3,AC000032,AC000017,2026-09-26T19:28:00,PNB
H0002258,CYB-2026-10929,4,AC000017,AC003007,2026-09-26T19:37:00,PNB
H0002259,CYB-2026-10930,1,AC003008,AC000020,2026-09-15T08:29:00,HDFC
H0002260,CYB-2026-10930,2,AC000020,AC003009,2026-09-15T08:29:00,Axis
H0002261,CYB-2026-10930,3,AC003009,AC000035,2026-09-15T08:59:00,ICICI
H0002262,CYB-2026-10930,4,AC000035,AC000058,2026-09-15T09:09:00,HDFC
H0002263,CYB-2026-10930,5,AC000058,AC003010,2026-09-15T09:35:00,Paytm Payments Bank
H0002264,CYB-2026-10931,1,AC003011,AC003012,2026-09-05T10:48:00,PNB
H0002265,CYB-2026-10931,2,AC003012,AC003013,2026-09-05T11:17:00,HDFC
H0002266,CYB-2026-10931,3,AC003013,AC003014,2026-09-05T11:22:00,ICICI
H0002267,CYB-2026-10931,4,AC003014,AC003015,2026-09-05T11:38:00,Axis
H0002268,CYB-2026-10932,1,AC003016,AC003017,2026-09-05T23:26:00,Paytm Payments Bank
H0002269,CYB-2026-10932,2,AC003017,AC003018,2026-09-05T23:49:00,HDFC
H0002270,CYB-2026-10933,1,AC003019,AC003020,2026-09-18T00:54:00,Kotak
H0002271,CYB-2026-10934,1,AC003021,AC003022,2026-09-15T14:33:00,HDFC
H0002272,CYB-2026-10935,1,AC003023,AC003024,2026-09-06T17:14:00,BOB
H0002273,CYB-2026-10935,2,AC003024,AC003025,2026-09-06T17:41:00,HDFC
H0002274,CYB-2026-10935,3,AC003025,AC000039,2026-09-06T18:02:00,ICICI
H0002275,CYB-2026-10936,1,AC003026,AC003027,2026-09-25T10:06:00,BOB
H0002276,CYB-2026-10936,2,AC003027,AC000037,2026-09-25T10:16:00,ICICI
H0002277,CYB-2026-10937,1,AC003028,AC003029,2026-09-06T09:53:00,ICICI
H0002278,CYB-2026-10937,2,AC003029,AC003030,2026-09-06T10:11:00,HDFC
H0002279,CYB-2026-10937,3,AC003030,AC003031,2026-09-06T10:19:00,PNB
H0002280,CYB-2026-10937,4,AC003031,AC003032,2026-09-06T10:36:00,HDFC
H0002281,CYB-2026-10938,1,AC003033,AC003034,2026-10-01T04:37:00,PNB
H0002282,CYB-2026-10938,2,AC003034,AC003035,2026-10-01T04:50:00,HDFC
H0002283,CYB-2026-10939,1,AC003036,AC003037,2026-09-01T10:33:00,BOB
H0002284,CYB-2026-10940,1,AC003038,AC003039,2026-09-04T23:52:00,HDFC
H0002285,CYB-2026-10940,2,AC003039,AC003040,2026-09-04T23:52:00,Paytm Payments Bank
H0002286,CYB-2026-10941,1,AC003041,AC003042,2026-09-24T11:10:00,PNB
H0002287,CYB-2026-10942,1,AC003043,AC003044,2026-09-20T19:38:00,PNB
H0002288,CYB-2026-10942,2,AC003044,AC003045,2026-09-20T19:50:00,BOB
H0002289,CYB-2026-10943,1,AC003046,AC000015,2026-09-20T09:11:00,Axis
H0002290,CYB-2026-10943,2,AC000015,AC003047,2026-09-20T09:33:00,ICICI
H0002291,CYB-2026-10944,1,AC003048,AC003049,2026-09-03T08:59:00,HDFC
H0002292,CYB-2026-10944,2,AC003049,AC003050,2026-09-03T09:19:00,Axis
H0002293,CYB-2026-10945,1,AC003051,AC003052,2026-09-07T19:55:00,BOB
H0002294,CYB-2026-10945,2,AC003052,AC003053,2026-09-07T20:16:00,PNB
H0002295,CYB-2026-10945,3,AC003053,AC003054,2026-09-07T20:22:00,ICICI
H0002296,CYB-2026-10946,1,AC003055,AC000060,2026-09-13T17:15:00,SBI
H0002297,CYB-2026-10946,2,AC000060,AC003056,2026-09-13T17:41:00,SBI
H0002298,CYB-2026-10946,3,AC003056,AC003057,2026-09-13T17:57:00,PNB
H0002299,CYB-2026-10947,1,AC003058,AC003059,2026-09-01T21:13:00,PNB
H0002300,CYB-2026-10947,2,AC003059,AC003060,2026-09-01T21:27:00,Axis
H0002301,CYB-2026-10948,1,AC003061,AC003062,2026-09-21T04:45:00,Axis
H0002302,CYB-2026-10948,2,AC003062,AC003063,2026-09-21T05:02:00,ICICI
H0002303,CYB-2026-10949,1,AC003064,AC003065,2026-10-01T05:03:00,HDFC
H0002304,CYB-2026-10949,2,AC003065,AC003066,2026-10-01T05:12:00,PNB
H0002305,CYB-2026-10949,3,AC003066,AC003067,2026-10-01T05:36:00,ICICI
H0002306,CYB-2026-10949,4,AC003067,AC003068,2026-10-01T05:52:00,SBI
H0002307,CYB-2026-10949,5,AC003068,AC003069,2026-10-01T05:52:00,Kotak
H0002308,CYB-2026-10950,1,AC003070,AC003071,2026-09-06T04:36:00,Axis
H0002309,CYB-2026-10950,2,AC003071,AC003072,2026-09-06T04:57:00,Kotak
H0002310,CYB-2026-10950,3,AC003072,AC000061,2026-09-06T05:16:00,Axis
H0002311,CYB-2026-10951,1,AC003073,AC003074,2026-09-25T11:54:00,SBI
H0002312,CYB-2026-10951,2,AC003074,AC003075,2026-09-25T11:57:00,ICICI
H0002313,CYB-2026-10952,1,AC003076,AC003077,2026-09-04T13:25:00,Axis
H0002314,CYB-2026-10952,2,AC003077,AC003078,2026-09-04T13:28:00,SBI
H0002315,CYB-2026-10953,1,AC003079,AC003080,2026-09-10T18:24:00,PNB
H0002316,CYB-2026-10953,2,AC003080,AC003081,2026-09-10T18:41:00,Axis
H0002317,CYB-2026-10954,1,AC003082,AC003083,2026-09-01T12:59:00,HDFC
H0002318,CYB-2026-10954,2,AC003083,AC003084,2026-09-01T13:06:00,PNB
H0002319,CYB-2026-10955,1,AC003085,AC003086,2026-09-02T11:28:00,ICICI
H0002320,CYB-2026-10955,2,AC003086,AC003087,2026-09-02T11:35:00,SBI
H0002321,CYB-2026-10956,1,AC003088,AC003089,2026-09-04T00:58:00,Axis
H0002322,CYB-2026-10956,2,AC003089,AC003090,2026-09-04T01:22:00,PNB
H0002323,CYB-2026-10956,3,AC003090,AC003091,2026-09-04T01:35:00,ICICI
H0002324,CYB-2026-10956,4,AC003091,AC003092,2026-09-04T02:01:00,ICICI
H0002325,CYB-2026-10957,1,AC003093,AC003094,2026-09-20T09:12:00,BOB
H0002326,CYB-2026-10958,1,AC003095,AC003096,2026-09-26T12:17:00,Axis
H0002327,CYB-2026-10958,2,AC003096,AC003097,2026-09-26T12:30:00,ICICI
H0002328,CYB-2026-10959,1,AC003098,AC003099,2026-09-02T04:09:00,Paytm Payments Bank
H0002329,CYB-2026-10959,2,AC003099,AC003100,2026-09-02T04:36:00,HDFC
H0002330,CYB-2026-10960,1,AC003101,AC000024,2026-09-26T18:01:00,Axis
H0002331,CYB-2026-10961,1,AC003102,AC003103,2026-09-12T06:03:00,HDFC
H0002332,CYB-2026-10962,1,AC003104,AC003105,2026-09-10T14:30:00,ICICI
H0002333,CYB-2026-10962,2,AC003105,AC003106,2026-09-10T14:32:00,BOB
H0002334,CYB-2026-10962,3,AC003106,AC003107,2026-09-10T14:49:00,HDFC
H0002335,CYB-2026-10962,4,AC003107,AC003108,2026-09-10T14:59:00,Paytm Payments Bank
H0002336,CYB-2026-10963,1,AC003109,AC003110,2026-09-02T08:49:00,HDFC
H0002337,CYB-2026-10963,2,AC003110,AC000025,2026-09-02T09:04:00,HDFC
H0002338,CYB-2026-10964,1,AC003111,AC003112,2026-09-02T10:16:00,PNB
H0002339,CYB-2026-10964,2,AC003112,AC003113,2026-09-02T10:24:00,ICICI
H0002340,CYB-2026-10965,1,AC003114,AC003115,2026-09-23T14:51:00,PNB
H0002341,CYB-2026-10965,2,AC003115,AC003116,2026-09-23T15:16:00,SBI
H0002342,CYB-2026-10965,3,AC003116,AC003117,2026-09-23T15:31:00,SBI
H0002343,CYB-2026-10966,1,AC003118,AC003119,2026-09-13T03:25:00,Kotak
H0002344,CYB-2026-10966,2,AC003119,AC003120,2026-09-13T03:33:00,ICICI
H0002345,CYB-2026-10967,1,AC003121,AC003122,2026-09-24T13:04:00,PNB
H0002346,CYB-2026-10967,2,AC003122,AC003123,2026-09-24T13:29:00,BOB
H0002347,CYB-2026-10967,3,AC003123,AC003124,2026-09-24T13:46:00,SBI
H0002348,CYB-2026-10967,4,AC003124,AC003125,2026-09-24T13:47:00,BOB
H0002349,CYB-2026-10968,1,AC003126,AC000035,2026-09-02T00:58:00,SBI
H0002350,CYB-2026-10968,2,AC000035,AC003127,2026-09-02T01:25:00,BOB
H0002351,CYB-2026-10968,3,AC003127,AC003128,2026-09-02T01:41:00,HDFC
H0002352,CYB-2026-10969,1,AC003129,AC003130,2026-09-09T07:56:00,Axis
H0002353,CYB-2026-10969,2,AC003130,AC003131,2026-09-09T08:20:00,Axis
H0002354,CYB-2026-10970,1,AC003132,AC003133,2026-09-07T16:49:00,PNB
H0002355,CYB-2026-10970,2,AC003133,AC003134,2026-09-07T16:54:00,SBI
H0002356,CYB-2026-10971,1,AC003135,AC003136,2026-09-20T20:46:00,HDFC
H0002357,CYB-2026-10971,2,AC003136,AC003137,2026-09-20T20:47:00,BOB
H0002358,CYB-2026-10972,1,AC003138,AC003139,2026-09-14T11:48:00,Kotak
H0002359,CYB-2026-10972,2,AC003139,AC003140,2026-09-14T12:09:00,ICICI
H0002360,CYB-2026-10972,3,AC003140,AC003141,2026-09-14T12:39:00,SBI
H0002361,CYB-2026-10972,4,AC003141,AC003142,2026-09-14T12:54:00,BOB
H0002362,CYB-2026-10973,1,AC003143,AC000031,2026-09-24T06:06:00,ICICI
H0002363,CYB-2026-10973,2,AC000031,AC003144,2026-09-24T06:14:00,Kotak
H0002364,CYB-2026-10973,3,AC003144,AC003145,2026-09-24T06:18:00,Paytm Payments Bank
H0002365,CYB-2026-10974,1,AC003146,AC003147,2026-09-30T08:08:00,Axis
H0002366,CYB-2026-10974,2,AC003147,AC003148,2026-09-30T08:34:00,Kotak
H0002367,CYB-2026-10974,3,AC003148,AC003149,2026-09-30T08:50:00,PNB
H0002368,CYB-2026-10975,1,AC003150,AC003151,2026-09-05T13:43:00,HDFC
H0002369,CYB-2026-10975,2,AC003151,AC003152,2026-09-05T14:02:00,Axis
H0002370,CYB-2026-10976,1,AC003153,AC003154,2026-09-15T23:12:00,HDFC
H0002371,CYB-2026-10976,2,AC003154,AC003155,2026-09-15T23:41:00,Paytm Payments Bank
H0002372,CYB-2026-10977,1,AC003156,AC003157,2026-09-26T09:37:00,SBI
H0002373,CYB-2026-10977,2,AC003157,AC003158,2026-09-26T09:37:00,HDFC
H0002374,CYB-2026-10978,1,AC003159,AC003160,2026-09-01T20:41:00,Paytm Payments Bank
H0002375,CYB-2026-10978,2,AC003160,AC003161,2026-09-01T20:50:00,HDFC
H0002376,CYB-2026-10979,1,AC003162,AC000078,2026-09-29T00:02:00,HDFC
H0002377,CYB-2026-10979,2,AC000078,AC003163,2026-09-29T00:22:00,PNB
H0002378,CYB-2026-10979,3,AC003163,AC000038,2026-09-29T00:29:00,Axis
H0002379,CYB-2026-10980,1,AC003164,AC003165,2026-09-10T02:56:00,ICICI
H0002380,CYB-2026-10980,2,AC003165,AC000058,2026-09-10T03:04:00,Kotak
H0002381,CYB-2026-10981,1,AC003166,AC003167,2026-09-14T15:05:00,Kotak
H0002382,CYB-2026-10981,2,AC003167,AC003168,2026-09-14T15:29:00,Kotak
H0002383,CYB-2026-10982,1,AC003169,AC003170,2026-09-05T14:50:00,SBI
H0002384,CYB-2026-10982,2,AC003170,AC003171,2026-09-05T15:17:00,SBI
H0002385,CYB-2026-10983,1,AC003172,AC000028,2026-09-02T11:50:00,ICICI
H0002386,CYB-2026-10983,2,AC000028,AC003173,2026-09-02T11:58:00,Kotak
H0002387,CYB-2026-10984,1,AC003174,AC003175,2026-09-23T08:26:00,PNB
H0002388,CYB-2026-10985,1,AC003176,AC003177,2026-09-25T06:45:00,ICICI
H0002389,CYB-2026-10985,2,AC003177,AC003178,2026-09-25T06:51:00,Axis
H0002390,CYB-2026-10986,1,AC003179,AC003180,2026-09-02T02:01:00,HDFC
H0002391,CYB-2026-10986,2,AC003180,AC003181,2026-09-02T02:10:00,ICICI
H0002392,CYB-2026-10987,1,AC003182,AC003183,2026-09-27T08:05:00,PNB
H0002393,CYB-2026-10987,2,AC003183,AC003184,2026-09-27T08:25:00,Paytm Payments Bank
H0002394,CYB-2026-10987,3,AC003184,AC000067,2026-09-27T08:34:00,ICICI
H0002395,CYB-2026-10988,1,AC003185,AC003186,2026-09-07T22:53:00,PNB
H0002396,CYB-2026-10988,2,AC003186,AC003187,2026-09-07T23:18:00,Axis
H0002397,CYB-2026-10989,1,AC003188,AC003189,2026-09-20T19:54:00,SBI
H0002398,CYB-2026-10989,2,AC003189,AC003190,2026-09-20T20:09:00,ICICI
H0002399,CYB-2026-10990,1,AC003191,AC003192,2026-09-30T11:39:00,Axis
H0002400,CYB-2026-10991,1,AC003193,AC003194,2026-09-30T20:27:00,SBI
H0002401,CYB-2026-10991,2,AC003194,AC003195,2026-09-30T20:36:00,SBI
H0002402,CYB-2026-10991,3,AC003195,AC003196,2026-09-30T21:06:00,BOB
H0002403,CYB-2026-10992,1,AC003197,AC003198,2026-09-02T14:53:00,ICICI
H0002404,CYB-2026-10992,2,AC003198,AC003199,2026-09-02T15:01:00,HDFC
H0002405,CYB-2026-10992,3,AC003199,AC003200,2026-09-02T15:13:00,BOB
H0002406,CYB-2026-10992,4,AC003200,AC003201,2026-09-02T15:33:00,HDFC
H0002407,CYB-2026-10993,1,AC003202,AC003203,2026-09-07T21:38:00,HDFC
H0002408,CYB-2026-10993,2,AC003203,AC003204,2026-09-07T21:44:00,PNB
H0002409,CYB-2026-10994,1,AC003205,AC003206,2026-09-29T17:55:00,SBI
H0002410,CYB-2026-10994,2,AC003206,AC000066,2026-09-29T18:08:00,BOB
H0002411,CYB-2026-10994,3,AC000066,AC003207,2026-09-29T18:20:00,HDFC
H0002412,CYB-2026-10995,1,AC003208,AC003209,2026-09-10T01:22:00,SBI
H0002413,CYB-2026-10996,1,AC003210,AC003211,2026-09-15T21:29:00,Axis
H0002414,CYB-2026-10996,2,AC003211,AC003212,2026-09-15T21:59:00,Paytm Payments Bank
H0002415,CYB-2026-10997,1,AC003213,AC003214,2026-09-13T23:55:00,PNB
H0002416,CYB-2026-10997,2,AC003214,AC003215,2026-09-13T23:56:00,Paytm Payments Bank
H0002417,CYB-2026-10998,1,AC003216,AC003217,2026-09-16T22:35:00,Paytm Payments Bank
H0002418,CYB-2026-10998,2,AC003217,AC003218,2026-09-16T23:04:00,SBI
H0002419,CYB-2026-10999,1,AC003219,AC003220,2026-09-25T12:59:00,Axis
H0002420,CYB-2026-11000,1,AC003221,AC003222,2026-09-16T22:34:00,Paytm Payments Bank
H0002421,CYB-2026-11000,2,AC003222,AC000022,2026-09-16T22:55:00,HDFC
H0002422,CYB-2026-11000,3,AC000022,AC000021,2026-09-16T22:55:00,BOB
H0002423,CYB-2026-11001,1,AC003223,AC003224,2026-09-23T19:35:00,Axis
H0002424,CYB-2026-11001,2,AC003224,AC003225,2026-09-23T20:03:00,PNB
H0002425,CYB-2026-11001,3,AC003225,AC003226,2026-09-23T20:21:00,SBI
H0002426,CYB-2026-11002,1,AC003227,AC003228,2026-09-24T11:21:00,Axis
H0002427,CYB-2026-11002,2,AC003228,AC003229,2026-09-24T11:42:00,PNB
H0002428,CYB-2026-11002,3,AC003229,AC003230,2026-09-24T11:54:00,Paytm Payments Bank
H0002429,CYB-2026-11002,4,AC003230,AC003231,2026-09-24T12:23:00,ICICI
H0002430,CYB-2026-11003,1,AC003232,AC003233,2026-09-01T21:36:00,ICICI
H0002431,CYB-2026-11003,2,AC003233,AC000025,2026-09-01T21:44:00,BOB
H0002432,CYB-2026-11004,1,AC003234,AC003235,2026-09-11T19:05:00,Kotak
H0002433,CYB-2026-11004,2,AC003235,AC003236,2026-09-11T19:15:00,Axis
H0002434,CYB-2026-11005,1,AC003237,AC003238,2026-09-30T05:45:00,SBI
H0002435,CYB-2026-11006,1,AC003239,AC003240,2026-09-01T22:55:00,ICICI
H0002436,CYB-2026-11006,2,AC003240,AC003241,2026-09-01T23:15:00,Kotak
H0002437,CYB-2026-11006,3,AC003241,AC003242,2026-09-01T23:20:00,HDFC
H0002438,CYB-2026-11007,1,AC003243,AC003244,2026-09-06T00:36:00,ICICI
H0002439,CYB-2026-11007,2,AC003244,AC000074,2026-09-06T00:40:00,Kotak
H0002440,CYB-2026-11007,3,AC000074,AC003245,2026-09-06T00:54:00,SBI
H0002441,CYB-2026-11007,4,AC003245,AC003246,2026-09-06T01:11:00,PNB
H0002442,CYB-2026-11008,1,AC003247,AC003248,2026-09-07T00:56:00,Axis
H0002443,CYB-2026-11008,2,AC003248,AC003249,2026-09-07T01:13:00,BOB
H0002444,CYB-2026-11009,1,AC003250,AC003251,2026-09-07T04:17:00,HDFC
H0002445,CYB-2026-11009,2,AC003251,AC003252,2026-09-07T04:26:00,Kotak
H0002446,CYB-2026-11010,1,AC003253,AC003254,2026-09-05T10:19:00,Paytm Payments Bank
H0002447,CYB-2026-11010,2,AC003254,AC003255,2026-09-05T10:25:00,ICICI
H0002448,CYB-2026-11011,1,AC003256,AC003257,2026-09-04T03:32:00,ICICI
H0002449,CYB-2026-11011,2,AC003257,AC003258,2026-09-04T03:50:00,BOB
H0002450,CYB-2026-11011,3,AC003258,AC003259,2026-09-04T04:12:00,ICICI
H0002451,CYB-2026-11012,1,AC003260,AC003261,2026-09-02T23:47:00,Axis
H0002452,CYB-2026-11013,1,AC003262,AC003263,2026-09-19T00:27:00,SBI
H0002453,CYB-2026-11013,2,AC003263,AC000016,2026-09-19T00:32:00,PNB
H0002454,CYB-2026-11013,3,AC000016,AC003264,2026-09-19T00:37:00,Kotak
H0002455,CYB-2026-11013,4,AC003264,AC003265,2026-09-19T00:45:00,PNB
H0002456,CYB-2026-11014,1,AC003266,AC003267,2026-09-29T02:17:00,ICICI
H0002457,CYB-2026-11014,2,AC003267,AC003268,2026-09-29T02:40:00,PNB
H0002458,CYB-2026-11014,3,AC003268,AC003269,2026-09-29T03:06:00,Axis
H0002459,CYB-2026-11014,4,AC003269,AC003270,2026-09-29T03:12:00,HDFC
H0002460,CYB-2026-11014,5,AC003270,AC003271,2026-09-29T03:17:00,PNB
H0002461,CYB-2026-11015,1,AC003272,AC003273,2026-09-09T08:23:00,BOB
H0002462,CYB-2026-11015,2,AC003273,AC003274,2026-09-09T08:30:00,Axis
H0002463,CYB-2026-11016,1,AC003275,AC003276,2026-09-06T02:30:00,Paytm Payments Bank
H0002464,CYB-2026-11016,2,AC003276,AC003277,2026-09-06T03:00:00,BOB
H0002465,CYB-2026-11017,1,AC003278,AC003279,2026-09-14T08:08:00,HDFC
H0002466,CYB-2026-11017,2,AC003279,AC003280,2026-09-14T08:36:00,HDFC
H0002467,CYB-2026-11018,1,AC003281,AC003282,2026-09-24T23:40:00,HDFC
H0002468,CYB-2026-11018,2,AC003282,AC003283,2026-09-24T23:46:00,BOB
H0002469,CYB-2026-11019,1,AC003284,AC003285,2026-09-10T11:16:00,Axis
H0002470,CYB-2026-11019,2,AC003285,AC003286,2026-09-10T11:31:00,HDFC
H0002471,CYB-2026-11019,3,AC003286,AC003287,2026-09-10T11:44:00,Paytm Payments Bank
H0002472,CYB-2026-11019,4,AC003287,AC003288,2026-09-10T11:45:00,SBI
H0002473,CYB-2026-11019,5,AC003288,AC003289,2026-09-10T11:53:00,ICICI
H0002474,CYB-2026-11020,1,AC003290,AC003291,2026-09-22T01:01:00,Paytm Payments Bank
H0002475,CYB-2026-11020,2,AC003291,AC003292,2026-09-22T01:20:00,ICICI
H0002476,CYB-2026-11021,1,AC003293,AC003294,2026-09-25T05:27:00,Kotak
H0002477,CYB-2026-11021,2,AC003294,AC003295,2026-09-25T05:56:00,BOB
H0002478,CYB-2026-11022,1,AC003296,AC003297,2026-09-25T18:42:00,Paytm Payments Bank
H0002479,CYB-2026-11022,2,AC003297,AC003298,2026-09-25T18:58:00,Kotak
H0002480,CYB-2026-11022,3,AC003298,AC003299,2026-09-25T19:26:00,PNB
H0002481,CYB-2026-11023,1,AC003300,AC003301,2026-09-14T08:55:00,HDFC
H0002482,CYB-2026-11024,1,AC003302,AC003303,2026-09-03T01:09:00,Axis
H0002483,CYB-2026-11024,2,AC003303,AC000031,2026-09-03T01:13:00,HDFC
H0002484,CYB-2026-11025,1,AC003304,AC003305,2026-09-02T19:11:00,ICICI
H0002485,CYB-2026-11025,2,AC003305,AC003306,2026-09-02T19:20:00,PNB
H0002486,CYB-2026-11025,3,AC003306,AC003307,2026-09-02T19:36:00,BOB
H0002487,CYB-2026-11025,4,AC003307,AC003308,2026-09-02T19:55:00,Paytm Payments Bank
H0002488,CYB-2026-11026,1,AC003309,AC000047,2026-09-14T14:07:00,ICICI
H0002489,CYB-2026-11026,2,AC000047,AC003310,2026-09-14T14:16:00,Axis
H0002490,CYB-2026-11026,3,AC003310,AC003311,2026-09-14T14:18:00,Axis
H0002491,CYB-2026-11026,4,AC003311,AC003312,2026-09-14T14:23:00,HDFC
H0002492,CYB-2026-11027,1,AC003313,AC000002,2026-09-01T14:12:00,HDFC
H0002493,CYB-2026-11028,1,AC003314,AC003315,2026-09-22T08:10:00,BOB
H0002494,CYB-2026-11028,2,AC003315,AC003316,2026-09-22T08:12:00,Paytm Payments Bank
H0002495,CYB-2026-11028,3,AC003316,AC003317,2026-09-22T08:17:00,Kotak
H0002496,CYB-2026-11029,1,AC003318,AC003319,2026-09-07T10:21:00,ICICI
H0002497,CYB-2026-11029,2,AC003319,AC003320,2026-09-07T10:37:00,Paytm Payments Bank
H0002498,CYB-2026-11029,3,AC003320,AC003321,2026-09-07T10:58:00,Axis
H0002499,CYB-2026-11029,4,AC003321,AC003322,2026-09-07T11:10:00,SBI
H0002500,CYB-2026-11030,1,AC003323,AC003324,2026-09-22T01:43:00,Axis
H0002501,CYB-2026-11030,2,AC003324,AC003325,2026-09-22T02:03:00,ICICI
H0002502,CYB-2026-11031,1,AC003326,AC003327,2026-09-29T05:55:00,BOB
H0002503,CYB-2026-11032,1,AC003328,AC003329,2026-09-26T07:38:00,Axis
H0002504,CYB-2026-11033,1,AC003330,AC003331,2026-09-20T06:48:00,Paytm Payments Bank
H0002505,CYB-2026-11033,2,AC003331,AC003332,2026-09-20T07:13:00,BOB
H0002506,CYB-2026-11033,3,AC003332,AC003333,2026-09-20T07:43:00,SBI
H0002507,CYB-2026-11033,4,AC003333,AC003334,2026-09-20T07:51:00,PNB
H0002508,CYB-2026-11033,5,AC003334,AC003335,2026-09-20T08:21:00,Paytm Payments Bank
H0002509,CYB-2026-11034,1,AC003336,AC003337,2026-09-21T05:18:00,ICICI
H0002510,CYB-2026-11034,2,AC003337,AC000032,2026-09-21T05:39:00,Paytm Payments Bank
H0002511,CYB-2026-11034,3,AC000032,AC003338,2026-09-21T06:08:00,Paytm Payments Bank
H0002512,CYB-2026-11035,1,AC003339,AC000013,2026-09-24T20:53:00,Kotak
H0002513,CYB-2026-11036,1,AC003340,AC003341,2026-09-13T08:03:00,Paytm Payments Bank
H0002514,CYB-2026-11036,2,AC003341,AC003342,2026-09-13T08:09:00,Kotak
H0002515,CYB-2026-11037,1,AC003343,AC003344,2026-09-03T02:17:00,BOB
H0002516,CYB-2026-11037,2,AC003344,AC003345,2026-09-03T02:43:00,Kotak
H0002517,CYB-2026-11038,1,AC003346,AC003347,2026-09-05T12:36:00,Kotak
H0002518,CYB-2026-11038,2,AC003347,AC003348,2026-09-05T12:38:00,PNB
H0002519,CYB-2026-11038,3,AC003348,AC003349,2026-09-05T12:46:00,Axis
H0002520,CYB-2026-11039,1,AC003350,AC003351,2026-09-10T19:50:00,ICICI
H0002521,CYB-2026-11040,1,AC003352,AC000078,2026-09-22T05:13:00,HDFC
H0002522,CYB-2026-11041,1,AC003353,AC003354,2026-09-06T18:28:00,Paytm Payments Bank
H0002523,CYB-2026-11042,1,AC003355,AC000023,2026-09-18T13:36:00,PNB
H0002524,CYB-2026-11042,2,AC000023,AC003356,2026-09-18T13:39:00,ICICI
H0002525,CYB-2026-11042,3,AC003356,AC003357,2026-09-18T13:48:00,ICICI
H0002526,CYB-2026-11042,4,AC003357,AC000037,2026-09-18T13:48:00,BOB
H0002527,CYB-2026-11043,1,AC003358,AC000076,2026-09-08T02:04:00,Kotak
H0002528,CYB-2026-11043,2,AC000076,AC003359,2026-09-08T02:15:00,BOB
H0002529,CYB-2026-11044,1,AC003360,AC003361,2026-09-28T09:38:00,SBI
H0002530,CYB-2026-11044,2,AC003361,AC003362,2026-09-28T09:45:00,Paytm Payments Bank
H0002531,CYB-2026-11044,3,AC003362,AC000036,2026-09-28T09:51:00,BOB
H0002532,CYB-2026-11045,1,AC003363,AC003364,2026-09-10T21:58:00,ICICI
H0002533,CYB-2026-11045,2,AC003364,AC000062,2026-09-10T22:27:00,SBI
H0002534,CYB-2026-11046,1,AC003365,AC003366,2026-09-13T21:48:00,HDFC
H0002535,CYB-2026-11046,2,AC003366,AC003367,2026-09-13T22:15:00,SBI
H0002536,CYB-2026-11046,3,AC003367,AC003368,2026-09-13T22:19:00,ICICI
H0002537,CYB-2026-11046,4,AC003368,AC003369,2026-09-13T22:35:00,HDFC
H0002538,CYB-2026-11047,1,AC003370,AC003371,2026-09-14T06:06:00,Kotak
H0002539,CYB-2026-11048,1,AC003372,AC003373,2026-09-15T07:06:00,Kotak
H0002540,CYB-2026-11048,2,AC003373,AC003374,2026-09-15T07:19:00,ICICI
H0002541,CYB-2026-11048,3,AC003374,AC003375,2026-09-15T07:27:00,Paytm Payments Bank
H0002542,CYB-2026-11049,1,AC003376,AC000004,2026-09-26T12:33:00,BOB
H0002543,CYB-2026-11050,1,AC003377,AC003378,2026-09-23T12:22:00,HDFC
H0002544,CYB-2026-11051,1,AC003379,AC000066,2026-09-06T04:10:00,BOB
H0002545,CYB-2026-11051,2,AC000066,AC003380,2026-09-06T04:17:00,SBI
H0002546,CYB-2026-11052,1,AC003381,AC003382,2026-09-17T16:51:00,BOB
H0002547,CYB-2026-11052,2,AC003382,AC003383,2026-09-17T17:13:00,Axis
H0002548,CYB-2026-11052,3,AC003383,AC000073,2026-09-17T17:26:00,ICICI
H0002549,CYB-2026-11052,4,AC000073,AC003384,2026-09-17T17:53:00,Kotak
H0002550,CYB-2026-11053,1,AC003385,AC003386,2026-09-26T19:27:00,Axis
H0002551,CYB-2026-11054,1,AC003387,AC000031,2026-09-08T01:05:00,ICICI
H0002552,CYB-2026-11054,2,AC000031,AC003388,2026-09-08T01:20:00,SBI
H0002553,CYB-2026-11054,3,AC003388,AC000035,2026-09-08T01:32:00,BOB
H0002554,CYB-2026-11054,4,AC000035,AC003389,2026-09-08T01:41:00,Kotak
H0002555,CYB-2026-11055,1,AC003390,AC000034,2026-09-23T08:45:00,Axis
H0002556,CYB-2026-11055,2,AC000034,AC003391,2026-09-23T09:15:00,HDFC
H0002557,CYB-2026-11056,1,AC003392,AC000079,2026-09-12T14:36:00,SBI
H0002558,CYB-2026-11056,2,AC000079,AC003393,2026-09-12T14:45:00,Paytm Payments Bank
H0002559,CYB-2026-11056,3,AC003393,AC003394,2026-09-12T14:57:00,Paytm Payments Bank
H0002560,CYB-2026-11057,1,AC003395,AC000049,2026-09-20T03:19:00,HDFC
H0002561,CYB-2026-11057,2,AC000049,AC003396,2026-09-20T03:34:00,PNB
H0002562,CYB-2026-11058,1,AC003397,AC003398,2026-09-15T22:33:00,PNB
H0002563,CYB-2026-11058,2,AC003398,AC003399,2026-09-15T23:02:00,HDFC
H0002564,CYB-2026-11059,1,AC003400,AC003401,2026-09-08T18:23:00,Paytm Payments Bank
H0002565,CYB-2026-11059,2,AC003401,AC003402,2026-09-08T18:40:00,ICICI
H0002566,CYB-2026-11059,3,AC003402,AC000053,2026-09-08T18:41:00,ICICI
H0002567,CYB-2026-11060,1,AC003403,AC003404,2026-09-26T02:30:00,Paytm Payments Bank
H0002568,CYB-2026-11060,2,AC003404,AC003405,2026-09-26T02:58:00,HDFC
H0002569,CYB-2026-11061,1,AC003406,AC003407,2026-09-14T10:59:00,BOB
H0002570,CYB-2026-11062,1,AC003408,AC003409,2026-09-17T11:12:00,Paytm Payments Bank
H0002571,CYB-2026-11062,2,AC003409,AC003410,2026-09-17T11:23:00,Paytm Payments Bank
H0002572,CYB-2026-11062,3,AC003410,AC003411,2026-09-17T11:40:00,ICICI
H0002573,CYB-2026-11062,4,AC003411,AC000004,2026-09-17T11:48:00,SBI
H0002574,CYB-2026-11063,1,AC003412,AC003413,2026-09-26T21:48:00,HDFC
H0002575,CYB-2026-11063,2,AC003413,AC003414,2026-09-26T22:04:00,Paytm Payments Bank
H0002576,CYB-2026-11063,3,AC003414,AC003415,2026-09-26T22:22:00,PNB
H0002577,CYB-2026-11063,4,AC003415,AC003416,2026-09-26T22:41:00,BOB
H0002578,CYB-2026-11064,1,AC003417,AC003418,2026-09-22T23:16:00,HDFC
H0002579,CYB-2026-11065,1,AC003419,AC003420,2026-09-23T18:19:00,Axis
H0002580,CYB-2026-11066,1,AC003421,AC003422,2026-09-30T10:48:00,BOB
H0002581,CYB-2026-11066,2,AC003422,AC003423,2026-09-30T10:57:00,BOB
H0002582,CYB-2026-11067,1,AC003424,AC000002,2026-09-21T20:55:00,Kotak
H0002583,CYB-2026-11067,2,AC000002,AC000019,2026-09-21T21:00:00,Kotak
H0002584,CYB-2026-11067,3,AC000019,AC003425,2026-09-21T21:07:00,BOB
H0002585,CYB-2026-11068,1,AC003426,AC003427,2026-09-13T08:55:00,BOB
H0002586,CYB-2026-11068,2,AC003427,AC003428,2026-09-13T09:03:00,BOB
H0002587,CYB-2026-11069,1,AC003429,AC000015,2026-09-29T15:02:00,Axis
H0002588,CYB-2026-11069,2,AC000015,AC003430,2026-09-29T15:26:00,ICICI
H0002589,CYB-2026-11070,1,AC003431,AC003432,2026-09-19T19:15:00,PNB
H0002590,CYB-2026-11071,1,AC003433,AC003434,2026-09-02T06:12:00,ICICI
H0002591,CYB-2026-11071,2,AC003434,AC003435,2026-09-02T06:31:00,HDFC
H0002592,CYB-2026-11072,1,AC003436,AC003437,2026-09-27T01:56:00,Paytm Payments Bank
H0002593,CYB-2026-11073,1,AC003438,AC003439,2026-09-27T08:36:00,SBI
H0002594,CYB-2026-11073,2,AC003439,AC003440,2026-09-27T08:50:00,ICICI
H0002595,CYB-2026-11073,3,AC003440,AC000011,2026-09-27T09:04:00,PNB
H0002596,CYB-2026-11074,1,AC003441,AC003442,2026-09-29T18:45:00,Axis
H0002597,CYB-2026-11074,2,AC003442,AC003443,2026-09-29T19:03:00,BOB
H0002598,CYB-2026-11074,3,AC003443,AC003444,2026-09-29T19:20:00,Paytm Payments Bank
H0002599,CYB-2026-11074,4,AC003444,AC003445,2026-09-29T19:36:00,BOB
H0002600,CYB-2026-11075,1,AC003446,AC003447,2026-09-03T12:09:00,ICICI
H0002601,CYB-2026-11075,2,AC003447,AC000062,2026-09-03T12:20:00,Axis
H0002602,CYB-2026-11075,3,AC000062,AC003448,2026-09-03T12:32:00,SBI
H0002603,CYB-2026-11075,4,AC003448,AC003449,2026-09-03T12:34:00,Paytm Payments Bank
H0002604,CYB-2026-11075,5,AC003449,AC000008,2026-09-03T12:41:00,BOB
H0002605,CYB-2026-11076,1,AC003450,AC003451,2026-09-24T16:21:00,Paytm Payments Bank
H0002606,CYB-2026-11076,2,AC003451,AC000004,2026-09-24T16:40:00,PNB
H0002607,CYB-2026-11077,1,AC003452,AC003453,2026-09-18T09:22:00,BOB
H0002608,CYB-2026-11077,2,AC003453,AC003454,2026-09-18T09:35:00,SBI
H0002609,CYB-2026-11077,3,AC003454,AC003455,2026-09-18T09:48:00,PNB
H0002610,CYB-2026-11077,4,AC003455,AC003456,2026-09-18T10:14:00,PNB
H0002611,CYB-2026-11077,5,AC003456,AC003457,2026-09-18T10:41:00,Kotak
H0002612,CYB-2026-11078,1,AC003458,AC003459,2026-09-15T18:21:00,BOB
H0002613,CYB-2026-11078,2,AC003459,AC003460,2026-09-15T18:48:00,Kotak
H0002614,CYB-2026-11078,3,AC003460,AC003461,2026-09-15T19:00:00,BOB
H0002615,CYB-2026-11078,4,AC003461,AC003462,2026-09-15T19:27:00,ICICI
H0002616,CYB-2026-11078,5,AC003462,AC003463,2026-09-15T19:37:00,PNB
H0002617,CYB-2026-11079,1,AC003464,AC003465,2026-09-03T16:42:00,ICICI
H0002618,CYB-2026-11079,2,AC003465,AC003466,2026-09-03T16:47:00,Paytm Payments Bank
H0002619,CYB-2026-11080,1,AC003467,AC000023,2026-09-29T03:59:00,HDFC
H0002620,CYB-2026-11080,2,AC000023,AC000065,2026-09-29T04:25:00,PNB
H0002621,CYB-2026-11080,3,AC000065,AC003468,2026-09-29T04:41:00,BOB
H0002622,CYB-2026-11081,1,AC003469,AC003470,2026-09-19T07:04:00,HDFC
H0002623,CYB-2026-11081,2,AC003470,AC003471,2026-09-19T07:23:00,Kotak
H0002624,CYB-2026-11081,3,AC003471,AC003472,2026-09-19T07:48:00,SBI
H0002625,CYB-2026-11082,1,AC003473,AC003474,2026-09-08T17:44:00,ICICI
H0002626,CYB-2026-11082,2,AC003474,AC000068,2026-09-08T17:52:00,Axis
H0002627,CYB-2026-11082,3,AC000068,AC003475,2026-09-08T18:20:00,Paytm Payments Bank
H0002628,CYB-2026-11083,1,AC003476,AC003477,2026-09-17T04:45:00,PNB
H0002629,CYB-2026-11083,2,AC003477,AC003478,2026-09-17T05:06:00,Axis
H0002630,CYB-2026-11084,1,AC003479,AC003480,2026-09-12T20:06:00,ICICI
H0002631,CYB-2026-11084,2,AC003480,AC003481,2026-09-12T20:33:00,HDFC
H0002632,CYB-2026-11084,3,AC003481,AC000025,2026-09-12T20:37:00,Paytm Payments Bank
H0002633,CYB-2026-11085,1,AC003482,AC003483,2026-09-21T18:29:00,ICICI
H0002634,CYB-2026-11086,1,AC003484,AC003485,2026-09-04T13:30:00,HDFC
H0002635,CYB-2026-11086,2,AC003485,AC003486,2026-09-04T13:42:00,Axis
H0002636,CYB-2026-11087,1,AC003487,AC003488,2026-09-28T23:29:00,ICICI
H0002637,CYB-2026-11087,2,AC003488,AC003489,2026-09-28T23:57:00,Axis
H0002638,CYB-2026-11087,3,AC003489,AC003490,2026-09-29T00:04:00,PNB
H0002639,CYB-2026-11087,4,AC003490,AC000014,2026-09-29T00:20:00,HDFC
H0002640,CYB-2026-11088,1,AC003491,AC003492,2026-09-20T14:40:00,Kotak
H0002641,CYB-2026-11088,2,AC003492,AC003493,2026-09-20T14:53:00,SBI
H0002642,CYB-2026-11089,1,AC003494,AC003495,2026-09-29T10:45:00,SBI
H0002643,CYB-2026-11089,2,AC003495,AC003496,2026-09-29T11:05:00,Kotak
H0002644,CYB-2026-11089,3,AC003496,AC003497,2026-09-29T11:24:00,HDFC
H0002645,CYB-2026-11090,1,AC003498,AC003499,2026-09-18T19:40:00,SBI
H0002646,CYB-2026-11090,2,AC003499,AC003500,2026-09-18T19:50:00,Paytm Payments Bank
H0002647,CYB-2026-11090,3,AC003500,AC003501,2026-09-18T19:54:00,Paytm Payments Bank
H0002648,CYB-2026-11091,1,AC003502,AC003503,2026-09-28T11:28:00,Axis
H0002649,CYB-2026-11091,2,AC003503,AC003504,2026-09-28T11:48:00,Axis
H0002650,CYB-2026-11092,1,AC003505,AC000021,2026-09-08T03:22:00,Axis
H0002651,CYB-2026-11092,2,AC000021,AC003506,2026-09-08T03:38:00,SBI
H0002652,CYB-2026-11093,1,AC003507,AC003508,2026-09-01T22:16:00,HDFC
H0002653,CYB-2026-11094,1,AC003509,AC003510,2026-09-24T09:04:00,HDFC
H0002654,CYB-2026-11094,2,AC003510,AC003511,2026-09-24T09:10:00,Kotak
H0002655,CYB-2026-11095,1,AC003512,AC003513,2026-09-14T10:21:00,SBI
H0002656,CYB-2026-11095,2,AC003513,AC003514,2026-09-14T10:29:00,BOB
H0002657,CYB-2026-11095,3,AC003514,AC003515,2026-09-14T10:53:00,ICICI
H0002658,CYB-2026-11096,1,AC003516,AC003517,2026-09-02T20:29:00,BOB
H0002659,CYB-2026-11097,1,AC003518,AC000006,2026-09-18T12:23:00,BOB
H0002660,CYB-2026-11097,2,AC000006,AC003519,2026-09-18T12:44:00,BOB
H0002661,CYB-2026-11098,1,AC003520,AC003521,2026-09-14T21:11:00,Axis
H0002662,CYB-2026-11098,2,AC003521,AC003522,2026-09-14T21:11:00,Paytm Payments Bank
H0002663,CYB-2026-11098,3,AC003522,AC003523,2026-09-14T21:14:00,BOB
H0002664,CYB-2026-11098,4,AC003523,AC003524,2026-09-14T21:43:00,PNB
H0002665,CYB-2026-11098,5,AC003524,AC003525,2026-09-14T21:58:00,SBI
H0002666,CYB-2026-11099,1,AC003526,AC003527,2026-09-10T11:21:00,BOB
H0002667,CYB-2026-11100,1,AC003528,AC003529,2026-09-26T15:46:00,Paytm Payments Bank
H0002668,CYB-2026-11100,2,AC003529,AC003530,2026-09-26T15:48:00,Kotak
H0002669,CYB-2026-11100,3,AC003530,AC000076,2026-09-26T16:01:00,ICICI
H0002670,CYB-2026-11100,4,AC000076,AC003531,2026-09-26T16:28:00,HDFC
H0002671,CYB-2026-11101,1,AC003532,AC003533,2026-09-05T05:30:00,ICICI
H0002672,CYB-2026-11101,2,AC003533,AC003534,2026-09-05T05:39:00,HDFC
H0002673,CYB-2026-11102,1,AC003535,AC003536,2026-09-16T12:48:00,PNB
H0002674,CYB-2026-11102,2,AC003536,AC003537,2026-09-16T13:09:00,ICICI
H0002675,CYB-2026-11102,3,AC003537,AC003538,2026-09-16T13:21:00,ICICI
H0002676,CYB-2026-11103,1,AC003539,AC003540,2026-09-05T10:27:00,ICICI
H0002677,CYB-2026-11103,2,AC003540,AC003541,2026-09-05T10:42:00,Kotak
H0002678,CYB-2026-11103,3,AC003541,AC003542,2026-09-05T10:44:00,Paytm Payments Bank
H0002679,CYB-2026-11103,4,AC003542,AC000034,2026-09-05T11:07:00,Kotak
H0002680,CYB-2026-11104,1,AC003543,AC003544,2026-09-23T09:01:00,SBI
H0002681,CYB-2026-11104,2,AC003544,AC003545,2026-09-23T09:05:00,ICICI
H0002682,CYB-2026-11104,3,AC003545,AC003546,2026-09-23T09:16:00,Paytm Payments Bank
H0002683,CYB-2026-11104,4,AC003546,AC003547,2026-09-23T09:38:00,SBI
H0002684,CYB-2026-11105,1,AC003548,AC003549,2026-09-19T22:16:00,ICICI
H0002685,CYB-2026-11105,2,AC003549,AC003550,2026-09-19T22:43:00,Paytm Payments Bank
H0002686,CYB-2026-11105,3,AC003550,AC003551,2026-09-19T22:59:00,ICICI
H0002687,CYB-2026-11105,4,AC003551,AC003552,2026-09-19T23:18:00,Kotak
H0002688,CYB-2026-11106,1,AC003553,AC003554,2026-09-24T18:30:00,HDFC
H0002689,CYB-2026-11106,2,AC003554,AC003555,2026-09-24T18:43:00,HDFC
H0002690,CYB-2026-11107,1,AC003556,AC000048,2026-09-17T05:51:00,ICICI
H0002691,CYB-2026-11108,1,AC003557,AC000073,2026-09-03T05:42:00,Axis
H0002692,CYB-2026-11108,2,AC000073,AC000060,2026-09-03T05:44:00,BOB
H0002693,CYB-2026-11109,1,AC003558,AC003559,2026-10-01T00:07:00,PNB
H0002694,CYB-2026-11109,2,AC003559,AC003560,2026-10-01T00:27:00,ICICI
H0002695,CYB-2026-11110,1,AC003561,AC003562,2026-09-20T00:24:00,HDFC
H0002696,CYB-2026-11110,2,AC003562,AC003563,2026-09-20T00:47:00,HDFC
H0002697,CYB-2026-11110,3,AC003563,AC003564,2026-09-20T01:12:00,ICICI
H0002698,CYB-2026-11111,1,AC003565,AC000046,2026-09-04T11:38:00,BOB
H0002699,CYB-2026-11111,2,AC000046,AC003566,2026-09-04T11:43:00,HDFC
H0002700,CYB-2026-11112,1,AC003567,AC003568,2026-09-16T14:39:00,BOB
H0002701,CYB-2026-11112,2,AC003568,AC000055,2026-09-16T14:53:00,Axis
H0002702,CYB-2026-11113,1,AC003569,AC003570,2026-09-10T03:21:00,BOB
H0002703,CYB-2026-11114,1,AC003571,AC003572,2026-09-03T16:10:00,Kotak
H0002704,CYB-2026-11114,2,AC003572,AC003573,2026-09-03T16:20:00,Kotak
H0002705,CYB-2026-11114,3,AC003573,AC000051,2026-09-03T16:25:00,Axis
H0002706,CYB-2026-11114,4,AC000051,AC003574,2026-09-03T16:48:00,SBI
H0002707,CYB-2026-11115,1,AC003575,AC003576,2026-09-15T08:04:00,HDFC
H0002708,CYB-2026-11116,1,AC003577,AC003578,2026-09-02T03:05:00,BOB
H0002709,CYB-2026-11116,2,AC003578,AC000023,2026-09-02T03:10:00,SBI
H0002710,CYB-2026-11117,1,AC003579,AC003580,2026-09-05T00:54:00,Paytm Payments Bank
H0002711,CYB-2026-11117,2,AC003580,AC003581,2026-09-05T01:19:00,Kotak
H0002712,CYB-2026-11117,3,AC003581,AC003582,2026-09-05T01:20:00,SBI
H0002713,CYB-2026-11118,1,AC003583,AC003584,2026-09-16T14:42:00,PNB
H0002714,CYB-2026-11118,2,AC003584,AC003585,2026-09-16T15:10:00,Kotak
H0002715,CYB-2026-11119,1,AC003586,AC003587,2026-09-09T23:16:00,Kotak
H0002716,CYB-2026-11120,1,AC003588,AC000075,2026-09-14T08:27:00,SBI
H0002717,CYB-2026-11120,2,AC000075,AC003589,2026-09-14T08:31:00,SBI
H0002718,CYB-2026-11120,3,AC003589,AC003590,2026-09-14T08:44:00,SBI
H0002719,CYB-2026-11120,4,AC003590,AC003591,2026-09-14T09:06:00,PNB
H0002720,CYB-2026-11121,1,AC003592,AC003593,2026-10-01T00:27:00,Kotak
H0002721,CYB-2026-11121,2,AC003593,AC003594,2026-10-01T00:34:00,Kotak
H0002722,CYB-2026-11122,1,AC003595,AC003596,2026-09-03T22:59:00,BOB
H0002723,CYB-2026-11123,1,AC003597,AC003598,2026-09-22T23:48:00,PNB
H0002724,CYB-2026-11123,2,AC003598,AC003599,2026-09-22T23:52:00,Axis
H0002725,CYB-2026-11123,3,AC003599,AC003600,2026-09-23T00:10:00,PNB
H0002726,CYB-2026-11123,4,AC003600,AC003601,2026-09-23T00:32:00,Kotak
H0002727,CYB-2026-11124,1,AC003602,AC003603,2026-09-16T11:11:00,SBI
H0002728,CYB-2026-11124,2,AC003603,AC000028,2026-09-16T11:23:00,Kotak
H0002729,CYB-2026-11125,1,AC003604,AC003605,2026-09-09T15:05:00,ICICI
H0002730,CYB-2026-11125,2,AC003605,AC003606,2026-09-09T15:12:00,PNB
H0002731,CYB-2026-11125,3,AC003606,AC003607,2026-09-09T15:15:00,HDFC
H0002732,CYB-2026-11125,4,AC003607,AC000005,2026-09-09T15:33:00,SBI
H0002733,CYB-2026-11125,5,AC000005,AC003608,2026-09-09T16:01:00,BOB
H0002734,CYB-2026-11126,1,AC003609,AC003610,2026-09-26T13:07:00,HDFC
H0002735,CYB-2026-11126,2,AC003610,AC000051,2026-09-26T13:21:00,Axis
H0002736,CYB-2026-11127,1,AC003611,AC003612,2026-09-16T11:12:00,ICICI
H0002737,CYB-2026-11127,2,AC003612,AC000076,2026-09-16T11:35:00,BOB
H0002738,CYB-2026-11127,3,AC000076,AC003613,2026-09-16T11:47:00,SBI
H0002739,CYB-2026-11128,1,AC003614,AC000060,2026-09-22T02:01:00,SBI
H0002740,CYB-2026-11128,2,AC000060,AC003615,2026-09-22T02:05:00,SBI
H0002741,CYB-2026-11129,1,AC003616,AC003617,2026-09-01T12:46:00,HDFC
H0002742,CYB-2026-11129,2,AC003617,AC003618,2026-09-01T13:05:00,ICICI
H0002743,CYB-2026-11130,1,AC003619,AC003620,2026-09-01T11:04:00,HDFC
H0002744,CYB-2026-11131,1,AC003621,AC003622,2026-09-28T01:05:00,ICICI
H0002745,CYB-2026-11131,2,AC003622,AC003623,2026-09-28T01:08:00,BOB
H0002746,CYB-2026-11132,1,AC003624,AC003625,2026-09-25T14:39:00,ICICI
H0002747,CYB-2026-11132,2,AC003625,AC003626,2026-09-25T14:57:00,Paytm Payments Bank
H0002748,CYB-2026-11132,3,AC003626,AC003627,2026-09-25T15:22:00,PNB
H0002749,CYB-2026-11132,4,AC003627,AC003628,2026-09-25T15:50:00,PNB
H0002750,CYB-2026-11133,1,AC003629,AC003630,2026-09-08T15:49:00,PNB
H0002751,CYB-2026-11133,2,AC003630,AC003631,2026-09-08T16:09:00,Axis
H0002752,CYB-2026-11134,1,AC003632,AC003633,2026-09-13T22:51:00,HDFC
H0002753,CYB-2026-11134,2,AC003633,AC000047,2026-09-13T23:09:00,Axis
H0002754,CYB-2026-11134,3,AC000047,AC003634,2026-09-13T23:30:00,ICICI
H0002755,CYB-2026-11134,4,AC003634,AC003635,2026-09-13T23:53:00,SBI
H0002756,CYB-2026-11135,1,AC003636,AC003637,2026-09-08T01:17:00,Kotak
H0002757,CYB-2026-11136,1,AC003638,AC003639,2026-09-03T03:43:00,SBI
H0002758,CYB-2026-11136,2,AC003639,AC003640,2026-09-03T03:55:00,Axis
H0002759,CYB-2026-11137,1,AC003641,AC003642,2026-09-22T01:07:00,Axis
H0002760,CYB-2026-11137,2,AC003642,AC003643,2026-09-22T01:09:00,SBI
H0002761,CYB-2026-11137,3,AC003643,AC003644,2026-09-22T01:28:00,HDFC
H0002762,CYB-2026-11138,1,AC003645,AC003646,2026-09-03T02:44:00,HDFC
H0002763,CYB-2026-11138,2,AC003646,AC003647,2026-09-03T02:44:00,PNB
H0002764,CYB-2026-11138,3,AC003647,AC003648,2026-09-03T03:14:00,PNB
H0002765,CYB-2026-11139,1,AC003649,AC003650,2026-09-06T15:38:00,BOB
H0002766,CYB-2026-11139,2,AC003650,AC003651,2026-09-06T15:49:00,BOB
H0002767,CYB-2026-11140,1,AC003652,AC003653,2026-09-19T04:22:00,PNB
H0002768,CYB-2026-11140,2,AC003653,AC003654,2026-09-19T04:46:00,PNB
H0002769,CYB-2026-11141,1,AC003655,AC003656,2026-09-15T04:34:00,BOB
H0002770,CYB-2026-11141,2,AC003656,AC003657,2026-09-15T04:40:00,ICICI
H0002771,CYB-2026-11142,1,AC003658,AC003659,2026-09-12T21:42:00,Kotak
H0002772,CYB-2026-11142,2,AC003659,AC003660,2026-09-12T21:59:00,Kotak
H0002773,CYB-2026-11143,1,AC003661,AC003662,2026-09-25T13:32:00,BOB
H0002774,CYB-2026-11144,1,AC003663,AC003664,2026-09-27T05:44:00,Axis
H0002775,CYB-2026-11145,1,AC003665,AC003666,2026-09-25T10:46:00,SBI
H0002776,CYB-2026-11145,2,AC003666,AC003667,2026-09-25T10:53:00,HDFC
H0002777,CYB-2026-11145,3,AC003667,AC000047,2026-09-25T11:20:00,Paytm Payments Bank
H0002778,CYB-2026-11146,1,AC003668,AC003669,2026-09-26T21:55:00,PNB
H0002779,CYB-2026-11146,2,AC003669,AC003670,2026-09-26T22:25:00,Kotak
H0002780,CYB-2026-11146,3,AC003670,AC003671,2026-09-26T22:36:00,Axis
H0002781,CYB-2026-11147,1,AC003672,AC003673,2026-09-28T07:58:00,PNB
H0002782,CYB-2026-11148,1,AC003674,AC003675,2026-09-01T15:05:00,Kotak
H0002783,CYB-2026-11148,2,AC003675,AC003676,2026-09-01T15:17:00,ICICI
H0002784,CYB-2026-11149,1,AC003677,AC003678,2026-09-09T12:37:00,ICICI
H0002785,CYB-2026-11149,2,AC003678,AC003679,2026-09-09T13:01:00,HDFC
H0002786,CYB-2026-11150,1,AC003680,AC003681,2026-09-30T21:09:00,ICICI
H0002787,CYB-2026-11150,2,AC003681,AC003682,2026-09-30T21:35:00,HDFC
H0002788,CYB-2026-11150,3,AC003682,AC003683,2026-09-30T21:45:00,PNB
H0002789,CYB-2026-11151,1,AC003684,AC003685,2026-09-11T13:12:00,HDFC
H0002790,CYB-2026-11151,2,AC003685,AC003686,2026-09-11T13:28:00,Kotak
H0002791,CYB-2026-11152,1,AC003687,AC003688,2026-09-05T11:05:00,PNB
H0002792,CYB-2026-11152,2,AC003688,AC003689,2026-09-05T11:10:00,BOB
H0002793,CYB-2026-11152,3,AC003689,AC003690,2026-09-05T11:26:00,Paytm Payments Bank
H0002794,CYB-2026-11153,1,AC003691,AC003692,2026-09-08T17:09:00,ICICI
H0002795,CYB-2026-11153,2,AC003692,AC003693,2026-09-08T17:23:00,Paytm Payments Bank
H0002796,CYB-2026-11154,1,AC003694,AC003695,2026-09-10T02:59:00,SBI
H0002797,CYB-2026-11154,2,AC003695,AC003696,2026-09-10T03:19:00,Kotak
H0002798,CYB-2026-11155,1,AC003697,AC000020,2026-09-16T01:45:00,ICICI
H0002799,CYB-2026-11155,2,AC000020,AC003698,2026-09-16T01:47:00,PNB
H0002800,CYB-2026-11155,3,AC003698,AC003699,2026-09-16T02:01:00,Axis
H0002801,CYB-2026-11156,1,AC003700,AC003701,2026-09-06T20:53:00,SBI
H0002802,CYB-2026-11157,1,AC003702,AC003703,2026-09-24T19:59:00,Paytm Payments Bank
H0002803,CYB-2026-11157,2,AC003703,AC003704,2026-09-24T20:10:00,ICICI
H0002804,CYB-2026-11158,1,AC003705,AC003706,2026-09-08T00:21:00,Axis
H0002805,CYB-2026-11158,2,AC003706,AC003707,2026-09-08T00:40:00,ICICI
H0002806,CYB-2026-11158,3,AC003707,AC000047,2026-09-08T01:07:00,Paytm Payments Bank
H0002807,CYB-2026-11159,1,AC003708,AC003709,2026-09-20T16:27:00,BOB
H0002808,CYB-2026-11159,2,AC003709,AC000007,2026-09-20T16:44:00,Paytm Payments Bank
H0002809,CYB-2026-11159,3,AC000007,AC000024,2026-09-20T16:56:00,Paytm Payments Bank
H0002810,CYB-2026-11160,1,AC003710,AC003711,2026-09-01T21:38:00,Axis
H0002811,CYB-2026-11161,1,AC003712,AC003713,2026-09-29T22:49:00,BOB
H0002812,CYB-2026-11161,2,AC003713,AC003714,2026-09-29T22:59:00,Paytm Payments Bank
H0002813,CYB-2026-11161,3,AC003714,AC003715,2026-09-29T23:03:00,ICICI
H0002814,CYB-2026-11161,4,AC003715,AC003716,2026-09-29T23:33:00,Axis
H0002815,CYB-2026-11162,1,AC003717,AC003718,2026-09-06T02:16:00,ICICI
H0002816,CYB-2026-11163,1,AC003719,AC003720,2026-09-19T16:42:00,Kotak
H0002817,CYB-2026-11163,2,AC003720,AC003721,2026-09-19T17:02:00,SBI
H0002818,CYB-2026-11163,3,AC003721,AC003722,2026-09-19T17:09:00,Paytm Payments Bank
H0002819,CYB-2026-11164,1,AC003723,AC000041,2026-09-23T15:16:00,PNB
H0002820,CYB-2026-11164,2,AC000041,AC003724,2026-09-23T15:36:00,Kotak
H0002821,CYB-2026-11165,1,AC003725,AC003726,2026-09-03T21:03:00,Paytm Payments Bank
H0002822,CYB-2026-11165,2,AC003726,AC003727,2026-09-03T21:15:00,HDFC
H0002823,CYB-2026-11166,1,AC003728,AC003729,2026-09-27T03:19:00,HDFC
H0002824,CYB-2026-11166,2,AC003729,AC003730,2026-09-27T03:42:00,PNB
H0002825,CYB-2026-11166,3,AC003730,AC000073,2026-09-27T04:06:00,Kotak
H0002826,CYB-2026-11166,4,AC000073,AC003731,2026-09-27T04:14:00,SBI
H0002827,CYB-2026-11166,5,AC003731,AC003732,2026-09-27T04:35:00,HDFC
H0002828,CYB-2026-11167,1,AC003733,AC003734,2026-09-23T20:28:00,ICICI
H0002829,CYB-2026-11168,1,AC003735,AC003736,2026-09-30T22:13:00,ICICI
H0002830,CYB-2026-11169,1,AC003737,AC003738,2026-09-19T14:57:00,SBI
H0002831,CYB-2026-11169,2,AC003738,AC003739,2026-09-19T15:13:00,Paytm Payments Bank
H0002832,CYB-2026-11169,3,AC003739,AC003740,2026-09-19T15:18:00,BOB
H0002833,CYB-2026-11170,1,AC003741,AC003742,2026-09-07T06:11:00,Paytm Payments Bank
H0002834,CYB-2026-11170,2,AC003742,AC003743,2026-09-07T06:24:00,Kotak
H0002835,CYB-2026-11171,1,AC003744,AC003745,2026-09-15T07:27:00,Kotak
H0002836,CYB-2026-11172,1,AC003746,AC003747,2026-09-03T07:53:00,Kotak
H0002837,CYB-2026-11172,2,AC003747,AC003748,2026-09-03T08:05:00,PNB
H0002838,CYB-2026-11173,1,AC003749,AC003750,2026-09-03T12:46:00,BOB
H0002839,CYB-2026-11173,2,AC003750,AC003751,2026-09-03T13:03:00,BOB
H0002840,CYB-2026-11174,1,AC003752,AC003753,2026-09-05T07:27:00,SBI
H0002841,CYB-2026-11174,2,AC003753,AC003754,2026-09-05T07:37:00,SBI
H0002842,CYB-2026-11174,3,AC003754,AC000032,2026-09-05T07:48:00,Kotak
H0002843,CYB-2026-11174,4,AC000032,AC003755,2026-09-05T08:03:00,Axis
H0002844,CYB-2026-11175,1,AC003756,AC003757,2026-09-21T08:17:00,ICICI
H0002845,CYB-2026-11175,2,AC003757,AC003758,2026-09-21T08:29:00,Axis
H0002846,CYB-2026-11175,3,AC003758,AC003759,2026-09-21T08:30:00,Kotak
H0002847,CYB-2026-11175,4,AC003759,AC003760,2026-09-21T08:53:00,SBI
H0002848,CYB-2026-11176,1,AC003761,AC003762,2026-09-10T15:51:00,Kotak
H0002849,CYB-2026-11176,2,AC003762,AC003763,2026-09-10T16:20:00,Kotak
H0002850,CYB-2026-11177,1,AC003764,AC003765,2026-09-16T07:15:00,PNB
H0002851,CYB-2026-11177,2,AC003765,AC003766,2026-09-16T07:40:00,PNB
H0002852,CYB-2026-11177,3,AC003766,AC003767,2026-09-16T07:52:00,Axis
H0002853,CYB-2026-11177,4,AC003767,AC003768,2026-09-16T07:59:00,PNB
H0002854,CYB-2026-11177,5,AC003768,AC003769,2026-09-16T08:13:00,PNB
H0002855,CYB-2026-11178,1,AC003770,AC003771,2026-10-01T04:20:00,Kotak
H0002856,CYB-2026-11179,1,AC003772,AC000021,2026-09-25T12:25:00,SBI
H0002857,CYB-2026-11179,2,AC000021,AC003773,2026-09-25T12:49:00,Paytm Payments Bank
H0002858,CYB-2026-11180,1,AC003774,AC003775,2026-09-16T03:18:00,BOB
H0002859,CYB-2026-11180,2,AC003775,AC003776,2026-09-16T03:33:00,ICICI
H0002860,CYB-2026-11180,3,AC003776,AC003777,2026-09-16T03:37:00,SBI
H0002861,CYB-2026-11181,1,AC003778,AC003779,2026-09-18T15:00:00,SBI
H0002862,CYB-2026-11181,2,AC003779,AC003780,2026-09-18T15:04:00,Kotak
H0002863,CYB-2026-11181,3,AC003780,AC000015,2026-09-18T15:10:00,Paytm Payments Bank
H0002864,CYB-2026-11181,4,AC000015,AC003781,2026-09-18T15:22:00,Kotak
H0002865,CYB-2026-11181,5,AC003781,AC003782,2026-09-18T15:41:00,BOB
H0002866,CYB-2026-11182,1,AC003783,AC003784,2026-09-20T19:58:00,PNB
H0002867,CYB-2026-11182,2,AC003784,AC003785,2026-09-20T20:15:00,PNB
H0002868,CYB-2026-11182,3,AC003785,AC003786,2026-09-20T20:37:00,Kotak
H0002869,CYB-2026-11183,1,AC003787,AC003788,2026-09-18T03:18:00,BOB
H0002870,CYB-2026-11183,2,AC003788,AC003789,2026-09-18T03:39:00,ICICI
H0002871,CYB-2026-11184,1,AC003790,AC003791,2026-09-19T18:26:00,Paytm Payments Bank
H0002872,CYB-2026-11184,2,AC003791,AC003792,2026-09-19T18:39:00,BOB
H0002873,CYB-2026-11184,3,AC003792,AC003793,2026-09-19T18:56:00,SBI
H0002874,CYB-2026-11185,1,AC003794,AC003795,2026-09-03T12:59:00,Paytm Payments Bank
H0002875,CYB-2026-11185,2,AC003795,AC003796,2026-09-03T13:01:00,Paytm Payments Bank
H0002876,CYB-2026-11185,3,AC003796,AC003797,2026-09-03T13:02:00,PNB
H0002877,CYB-2026-11186,1,AC003798,AC003799,2026-09-03T09:23:00,BOB
H0002878,CYB-2026-11186,2,AC003799,AC003800,2026-09-03T09:28:00,Paytm Payments Bank
H0002879,CYB-2026-11186,3,AC003800,AC003801,2026-09-03T09:51:00,ICICI
H0002880,CYB-2026-11186,4,AC003801,AC003802,2026-09-03T09:55:00,ICICI
H0002881,CYB-2026-11186,5,AC003802,AC003803,2026-09-03T10:02:00,SBI
H0002882,CYB-2026-11187,1,AC003804,AC003805,2026-09-10T13:24:00,BOB
H0002883,CYB-2026-11187,2,AC003805,AC003806,2026-09-10T13:26:00,HDFC
H0002884,CYB-2026-11188,1,AC003807,AC003808,2026-09-21T04:05:00,Kotak
H0002885,CYB-2026-11188,2,AC003808,AC003809,2026-09-21T04:28:00,SBI
H0002886,CYB-2026-11189,1,AC003810,AC003811,2026-09-11T18:07:00,Axis
H0002887,CYB-2026-11189,2,AC003811,AC003812,2026-09-11T18:36:00,ICICI
H0002888,CYB-2026-11189,3,AC003812,AC000070,2026-09-11T18:45:00,Paytm Payments Bank
H0002889,CYB-2026-11190,1,AC003813,AC003814,2026-09-08T16:30:00,Paytm Payments Bank
H0002890,CYB-2026-11190,2,AC003814,AC003815,2026-09-08T16:53:00,BOB
H0002891,CYB-2026-11191,1,AC003816,AC003817,2026-09-22T22:32:00,ICICI
H0002892,CYB-2026-11191,2,AC003817,AC003818,2026-09-22T22:33:00,BOB
H0002893,CYB-2026-11192,1,AC003819,AC003820,2026-09-29T20:59:00,ICICI
H0002894,CYB-2026-11192,2,AC003820,AC003821,2026-09-29T21:18:00,SBI
H0002895,CYB-2026-11192,3,AC003821,AC003822,2026-09-29T21:36:00,Kotak
H0002896,CYB-2026-11192,4,AC003822,AC003823,2026-09-29T22:00:00,PNB
H0002897,CYB-2026-11193,1,AC003824,AC003825,2026-09-21T19:02:00,SBI
H0002898,CYB-2026-11193,2,AC003825,AC000059,2026-09-21T19:32:00,SBI
H0002899,CYB-2026-11194,1,AC003826,AC003827,2026-09-29T05:18:00,Paytm Payments Bank
H0002900,CYB-2026-11194,2,AC003827,AC003828,2026-09-29T05:19:00,Axis
H0002901,CYB-2026-11195,1,AC003829,AC003830,2026-09-17T10:10:00,HDFC
H0002902,CYB-2026-11195,2,AC003830,AC003831,2026-09-17T10:15:00,ICICI
H0002903,CYB-2026-11196,1,AC003832,AC003833,2026-09-21T22:28:00,ICICI
H0002904,CYB-2026-11197,1,AC003834,AC003835,2026-09-28T03:38:00,Axis
H0002905,CYB-2026-11197,2,AC003835,AC003836,2026-09-28T03:47:00,PNB
H0002906,CYB-2026-11197,3,AC003836,AC003837,2026-09-28T04:15:00,SBI
H0002907,CYB-2026-11198,1,AC003838,AC000048,2026-09-13T14:16:00,BOB
H0002908,CYB-2026-11199,1,AC003839,AC003840,2026-09-21T15:52:00,Axis
H0002909,CYB-2026-11200,1,AC003841,AC003842,2026-09-21T20:10:00,Kotak
H0002910,CYB-2026-11200,2,AC003842,AC003843,2026-09-21T20:10:00,BOB
H0002911,CYB-2026-11200,3,AC003843,AC000052,2026-09-21T20:21:00,HDFC
H0002912,CYB-2026-11201,1,AC003844,AC000042,2026-09-08T10:41:00,BOB
H0002913,CYB-2026-11201,2,AC000042,AC003845,2026-09-08T10:45:00,Kotak
H0002914,CYB-2026-11202,1,AC003846,AC003847,2026-09-22T08:24:00,PNB
H0002915,CYB-2026-11202,2,AC003847,AC003848,2026-09-22T08:54:00,ICICI
H0002916,CYB-2026-11203,1,AC003849,AC003850,2026-09-02T11:56:00,HDFC
H0002917,CYB-2026-11204,1,AC003851,AC003852,2026-09-08T09:34:00,ICICI
H0002918,CYB-2026-11204,2,AC003852,AC003853,2026-09-08T09:45:00,PNB
H0002919,CYB-2026-11205,1,AC003854,AC003855,2026-09-25T23:43:00,SBI
H0002920,CYB-2026-11205,2,AC003855,AC000075,2026-09-25T23:46:00,Kotak
H0002921,CYB-2026-11205,3,AC000075,AC003856,2026-09-26T00:03:00,SBI
H0002922,CYB-2026-11206,1,AC003857,AC003858,2026-09-27T04:51:00,Axis
H0002923,CYB-2026-11206,2,AC003858,AC003859,2026-09-27T05:07:00,Kotak
H0002924,CYB-2026-11206,3,AC003859,AC003860,2026-09-27T05:37:00,BOB
H0002925,CYB-2026-11207,1,AC003861,AC003862,2026-09-06T15:47:00,HDFC
H0002926,CYB-2026-11208,1,AC003863,AC000021,2026-09-09T14:13:00,PNB
H0002927,CYB-2026-11208,2,AC000021,AC003864,2026-09-09T14:38:00,HDFC
H0002928,CYB-2026-11209,1,AC003865,AC003866,2026-09-06T08:38:00,BOB
H0002929,CYB-2026-11209,2,AC003866,AC003867,2026-09-06T08:57:00,PNB
H0002930,CYB-2026-11210,1,AC003868,AC003869,2026-09-26T06:28:00,BOB
H0002931,CYB-2026-11211,1,AC003870,AC003871,2026-09-08T14:16:00,HDFC
H0002932,CYB-2026-11211,2,AC003871,AC000006,2026-09-08T14:26:00,ICICI
H0002933,CYB-2026-11212,1,AC003872,AC003873,2026-09-26T10:35:00,SBI
H0002934,CYB-2026-11212,2,AC003873,AC000051,2026-09-26T10:52:00,BOB
H0002935,CYB-2026-11212,3,AC000051,AC003874,2026-09-26T11:06:00,BOB
H0002936,CYB-2026-11212,4,AC003874,AC003875,2026-09-26T11:33:00,Axis
H0002937,CYB-2026-11212,5,AC003875,AC003876,2026-09-26T11:50:00,Axis
H0002938,CYB-2026-11213,1,AC003877,AC003878,2026-09-11T00:36:00,HDFC
H0002939,CYB-2026-11213,2,AC003878,AC003879,2026-09-11T01:06:00,BOB
H0002940,CYB-2026-11214,1,AC003880,AC003881,2026-09-01T07:18:00,ICICI
H0002941,CYB-2026-11215,1,AC003882,AC003883,2026-09-11T10:50:00,HDFC
H0002942,CYB-2026-11215,2,AC003883,AC003884,2026-09-11T11:00:00,SBI
H0002943,CYB-2026-11216,1,AC003885,AC000069,2026-09-29T21:27:00,HDFC
H0002944,CYB-2026-11216,2,AC000069,AC003886,2026-09-29T21:53:00,PNB
H0002945,CYB-2026-11217,1,AC003887,AC000076,2026-09-06T13:46:00,Axis
H0002946,CYB-2026-11217,2,AC000076,AC003888,2026-09-06T13:55:00,Kotak
H0002947,CYB-2026-11217,3,AC003888,AC003889,2026-09-06T14:00:00,SBI
H0002948,CYB-2026-11217,4,AC003889,AC003890,2026-09-06T14:26:00,ICICI
H0002949,CYB-2026-11218,1,AC003891,AC003892,2026-09-29T02:18:00,Axis
H0002950,CYB-2026-11218,2,AC003892,AC003893,2026-09-29T02:34:00,ICICI
H0002951,CYB-2026-11219,1,AC003894,AC003895,2026-09-01T16:10:00,SBI
H0002952,CYB-2026-11220,1,AC003896,AC003897,2026-09-15T02:51:00,SBI
H0002953,CYB-2026-11220,2,AC003897,AC003898,2026-09-15T03:08:00,Paytm Payments Bank
H0002954,CYB-2026-11220,3,AC003898,AC003899,2026-09-15T03:29:00,Paytm Payments Bank
H0002955,CYB-2026-11221,1,AC003900,AC003901,2026-09-04T16:39:00,PNB
H0002956,CYB-2026-11221,2,AC003901,AC000060,2026-09-04T16:46:00,PNB
H0002957,CYB-2026-11221,3,AC000060,AC003902,2026-09-04T17:02:00,Kotak
H0002958,CYB-2026-11221,4,AC003902,AC003903,2026-09-04T17:25:00,HDFC
H0002959,CYB-2026-11221,5,AC003903,AC003904,2026-09-04T17:34:00,SBI
H0002960,CYB-2026-11222,1,AC003905,AC003906,2026-09-24T16:18:00,SBI
H0002961,CYB-2026-11222,2,AC003906,AC003907,2026-09-24T16:22:00,Paytm Payments Bank
H0002962,CYB-2026-11223,1,AC003908,AC003909,2026-09-26T00:38:00,Axis
H0002963,CYB-2026-11223,2,AC003909,AC000070,2026-09-26T00:56:00,Axis
H0002964,CYB-2026-11224,1,AC003910,AC003911,2026-09-26T08:02:00,HDFC
H0002965,CYB-2026-11224,2,AC003911,AC003912,2026-09-26T08:15:00,Axis
H0002966,CYB-2026-11224,3,AC003912,AC000058,2026-09-26T08:40:00,Kotak
H0002967,CYB-2026-11225,1,AC003913,AC003914,2026-09-19T00:23:00,Kotak
H0002968,CYB-2026-11225,2,AC003914,AC003915,2026-09-19T00:26:00,PNB
H0002969,CYB-2026-11226,1,AC003916,AC003917,2026-09-20T22:06:00,SBI
H0002970,CYB-2026-11226,2,AC003917,AC003918,2026-09-20T22:22:00,Paytm Payments Bank
H0002971,CYB-2026-11226,3,AC003918,AC003919,2026-09-20T22:50:00,SBI
H0002972,CYB-2026-11227,1,AC003920,AC003921,2026-09-13T14:44:00,SBI
H0002973,CYB-2026-11227,2,AC003921,AC003922,2026-09-13T14:52:00,Kotak
H0002974,CYB-2026-11227,3,AC003922,AC003923,2026-09-13T15:09:00,BOB
H0002975,CYB-2026-11228,1,AC003924,AC003925,2026-09-06T13:40:00,Kotak
H0002976,CYB-2026-11228,2,AC003925,AC003926,2026-09-06T14:04:00,ICICI
H0002977,CYB-2026-11228,3,AC003926,AC003927,2026-09-06T14:31:00,ICICI
H0002978,CYB-2026-11229,1,AC003928,AC003929,2026-09-14T16:21:00,BOB
H0002979,CYB-2026-11229,2,AC003929,AC003930,2026-09-14T16:30:00,Kotak
H0002980,CYB-2026-11230,1,AC003931,AC003932,2026-09-25T13:42:00,ICICI
H0002981,CYB-2026-11230,2,AC003932,AC003933,2026-09-25T14:05:00,Kotak
H0002982,CYB-2026-11231,1,AC003934,AC003935,2026-09-07T01:54:00,Paytm Payments Bank
H0002983,CYB-2026-11231,2,AC003935,AC003936,2026-09-07T02:18:00,ICICI
H0002984,CYB-2026-11232,1,AC003937,AC003938,2026-09-30T11:59:00,Kotak
H0002985,CYB-2026-11232,2,AC003938,AC003939,2026-09-30T12:04:00,ICICI
H0002986,CYB-2026-11232,3,AC003939,AC003940,2026-09-30T12:13:00,ICICI
H0002987,CYB-2026-11233,1,AC003941,AC003942,2026-09-24T02:56:00,HDFC
H0002988,CYB-2026-11233,2,AC003942,AC000007,2026-09-24T03:12:00,SBI
H0002989,CYB-2026-11234,1,AC003943,AC003944,2026-09-11T17:43:00,Paytm Payments Bank
H0002990,CYB-2026-11234,2,AC003944,AC003945,2026-09-11T18:06:00,PNB
H0002991,CYB-2026-11234,3,AC003945,AC000060,2026-09-11T18:09:00,Kotak
H0002992,CYB-2026-11235,1,AC003946,AC003947,2026-09-10T12:12:00,SBI
H0002993,CYB-2026-11236,1,AC003948,AC003949,2026-09-10T09:36:00,Paytm Payments Bank
H0002994,CYB-2026-11237,1,AC003950,AC003951,2026-09-25T23:43:00,BOB
H0002995,CYB-2026-11237,2,AC003951,AC003952,2026-09-26T00:04:00,HDFC
H0002996,CYB-2026-11238,1,AC003953,AC003954,2026-09-10T22:44:00,SBI
H0002997,CYB-2026-11238,2,AC003954,AC000073,2026-09-10T23:11:00,HDFC
H0002998,CYB-2026-11239,1,AC003955,AC003956,2026-09-23T20:51:00,ICICI
H0002999,CYB-2026-11239,2,AC003956,AC003957,2026-09-23T21:03:00,HDFC
H0003000,CYB-2026-11239,3,AC003957,AC003958,2026-09-23T21:10:00,Axis
H0003001,CYB-2026-11240,1,AC003959,AC003960,2026-09-16T19:22:00,SBI
H0003002,CYB-2026-11240,2,AC003960,AC003961,2026-09-16T19:25:00,SBI
H0003003,CYB-2026-11240,3,AC003961,AC003962,2026-09-16T19:42:00,Kotak
H0003004,CYB-2026-11240,4,AC003962,AC003963,2026-09-16T20:00:00,SBI
H0003005,CYB-2026-11240,5,AC003963,AC003964,2026-09-16T20:07:00,Kotak
H0003006,CYB-2026-11241,1,AC003965,AC003966,2026-09-14T08:30:00,PNB
H0003007,CYB-2026-11241,2,AC003966,AC003967,2026-09-14T09:00:00,Paytm Payments Bank
H0003008,CYB-2026-11241,3,AC003967,AC003968,2026-09-14T09:14:00,ICICI
H0003009,CYB-2026-11241,4,AC003968,AC003969,2026-09-14T09:42:00,Kotak
H0003010,CYB-2026-11242,1,AC003970,AC000075,2026-09-06T07:39:00,HDFC
H0003011,CYB-2026-11243,1,AC003971,AC003972,2026-09-04T23:46:00,PNB
H0003012,CYB-2026-11243,2,AC003972,AC003973,2026-09-04T23:54:00,Kotak
H0003013,CYB-2026-11243,3,AC003973,AC003974,2026-09-05T00:19:00,PNB
H0003014,CYB-2026-11244,1,AC003975,AC003976,2026-09-25T01:59:00,SBI
H0003015,CYB-2026-11244,2,AC003976,AC003977,2026-09-25T02:15:00,Kotak
H0003016,CYB-2026-11245,1,AC003978,AC003979,2026-09-25T18:56:00,SBI
H0003017,CYB-2026-11245,2,AC003979,AC003980,2026-09-25T19:15:00,ICICI
H0003018,CYB-2026-11245,3,AC003980,AC003981,2026-09-25T19:29:00,Paytm Payments Bank
H0003019,CYB-2026-11246,1,AC003982,AC000041,2026-09-27T21:34:00,SBI
H0003020,CYB-2026-11246,2,AC000041,AC003983,2026-09-27T21:48:00,SBI
H0003021,CYB-2026-11246,3,AC003983,AC003984,2026-09-27T22:09:00,Kotak
H0003022,CYB-2026-11247,1,AC003985,AC000069,2026-09-27T10:51:00,Paytm Payments Bank
H0003023,CYB-2026-11248,1,AC003986,AC003987,2026-09-27T09:20:00,HDFC
H0003024,CYB-2026-11248,2,AC003987,AC003988,2026-09-27T09:42:00,HDFC
H0003025,CYB-2026-11249,1,AC003989,AC003990,2026-09-10T16:03:00,Paytm Payments Bank
H0003026,CYB-2026-11249,2,AC003990,AC003991,2026-09-10T16:27:00,BOB
H0003027,CYB-2026-11249,3,AC003991,AC003992,2026-09-10T16:41:00,HDFC
H0003028,CYB-2026-11250,1,AC003993,AC003994,2026-09-17T08:09:00,Kotak
H0003029,CYB-2026-11250,2,AC003994,AC003995,2026-09-17T08:36:00,BOB
H0003030,CYB-2026-11251,1,AC003996,AC003997,2026-09-16T11:27:00,ICICI
H0003031,CYB-2026-11252,1,AC003998,AC003999,2026-09-29T04:07:00,Paytm Payments Bank
H0003032,CYB-2026-11253,1,AC004000,AC004001,2026-09-16T20:58:00,PNB
H0003033,CYB-2026-11254,1,AC004002,AC004003,2026-09-22T06:52:00,PNB
H0003034,CYB-2026-11254,2,AC004003,AC004004,2026-09-22T07:00:00,SBI
H0003035,CYB-2026-11255,1,AC004005,AC004006,2026-09-07T10:06:00,BOB
H0003036,CYB-2026-11256,1,AC004007,AC004008,2026-09-13T13:58:00,Axis
H0003037,CYB-2026-11257,1,AC004009,AC004010,2026-09-13T02:24:00,PNB
H0003038,CYB-2026-11257,2,AC004010,AC004011,2026-09-13T02:40:00,Paytm Payments Bank
H0003039,CYB-2026-11258,1,AC004012,AC004013,2026-09-25T17:22:00,Axis
H0003040,CYB-2026-11258,2,AC004013,AC000055,2026-09-25T17:47:00,HDFC
H0003041,CYB-2026-11258,3,AC000055,AC004014,2026-09-25T18:11:00,BOB
H0003042,CYB-2026-11258,4,AC004014,AC004015,2026-09-25T18:37:00,PNB
H0003043,CYB-2026-11259,1,AC004016,AC004017,2026-09-04T05:14:00,Kotak
H0003044,CYB-2026-11260,1,AC004018,AC004019,2026-09-21T16:58:00,SBI
H0003045,CYB-2026-11260,2,AC004019,AC004020,2026-09-21T17:01:00,Kotak
H0003046,CYB-2026-11261,1,AC004021,AC004022,2026-09-07T08:01:00,PNB
H0003047,CYB-2026-11261,2,AC004022,AC000022,2026-09-07T08:28:00,Axis
H0003048,CYB-2026-11262,1,AC004023,AC000008,2026-09-07T08:40:00,Paytm Payments Bank
H0003049,CYB-2026-11262,2,AC000008,AC004024,2026-09-07T09:06:00,PNB
H0003050,CYB-2026-11262,3,AC004024,AC000028,2026-09-07T09:11:00,PNB
H0003051,CYB-2026-11263,1,AC004025,AC004026,2026-09-15T08:24:00,Paytm Payments Bank
H0003052,CYB-2026-11264,1,AC004027,AC004028,2026-09-27T09:21:00,Paytm Payments Bank
H0003053,CYB-2026-11264,2,AC004028,AC004029,2026-09-27T09:46:00,ICICI
H0003054,CYB-2026-11264,3,AC004029,AC004030,2026-09-27T09:46:00,PNB
H0003055,CYB-2026-11265,1,AC004031,AC004032,2026-09-03T14:35:00,HDFC
H0003056,CYB-2026-11265,2,AC004032,AC004033,2026-09-03T14:41:00,SBI
H0003057,CYB-2026-11266,1,AC004034,AC004035,2026-09-03T19:39:00,Axis
H0003058,CYB-2026-11266,2,AC004035,AC004036,2026-09-03T20:04:00,BOB
H0003059,CYB-2026-11267,1,AC004037,AC004038,2026-09-27T19:32:00,Kotak
H0003060,CYB-2026-11267,2,AC004038,AC000013,2026-09-27T19:47:00,Axis
H0003061,CYB-2026-11268,1,AC004039,AC004040,2026-09-05T07:48:00,HDFC
H0003062,CYB-2026-11268,2,AC004040,AC000070,2026-09-05T08:14:00,BOB
H0003063,CYB-2026-11268,3,AC000070,AC004041,2026-09-05T08:37:00,Paytm Payments Bank
H0003064,CYB-2026-11268,4,AC004041,AC004042,2026-09-05T08:57:00,BOB
H0003065,CYB-2026-11269,1,AC004043,AC000022,2026-09-13T23:23:00,HDFC
H0003066,CYB-2026-11269,2,AC000022,AC004044,2026-09-13T23:23:00,Paytm Payments Bank
H0003067,CYB-2026-11270,1,AC004045,AC004046,2026-09-14T14:30:00,BOB
H0003068,CYB-2026-11270,2,AC004046,AC000044,2026-09-14T14:35:00,Axis
H0003069,CYB-2026-11270,3,AC000044,AC004047,2026-09-14T14:43:00,HDFC
H0003070,CYB-2026-11270,4,AC004047,AC004048,2026-09-14T15:06:00,SBI
H0003071,CYB-2026-11271,1,AC004049,AC004050,2026-09-10T17:34:00,ICICI
H0003072,CYB-2026-11271,2,AC004050,AC004051,2026-09-10T17:36:00,Paytm Payments Bank
H0003073,CYB-2026-11272,1,AC004052,AC004053,2026-09-17T14:17:00,HDFC
H0003074,CYB-2026-11272,2,AC004053,AC000015,2026-09-17T14:27:00,HDFC
H0003075,CYB-2026-11272,3,AC000015,AC004054,2026-09-17T14:40:00,BOB
H0003076,CYB-2026-11273,1,AC004055,AC004056,2026-09-23T01:13:00,Axis
H0003077,CYB-2026-11273,2,AC004056,AC004057,2026-09-23T01:14:00,SBI
H0003078,CYB-2026-11273,3,AC004057,AC004058,2026-09-23T01:22:00,PNB
H0003079,CYB-2026-11273,4,AC004058,AC004059,2026-09-23T01:22:00,Axis
H0003080,CYB-2026-11273,5,AC004059,AC004060,2026-09-23T01:43:00,HDFC
H0003081,CYB-2026-11274,1,AC004061,AC000052,2026-09-07T04:58:00,Axis
H0003082,CYB-2026-11274,2,AC000052,AC004062,2026-09-07T05:28:00,ICICI
H0003083,CYB-2026-11275,1,AC004063,AC004064,2026-09-13T13:29:00,BOB
H0003084,CYB-2026-11275,2,AC004064,AC004065,2026-09-13T13:42:00,ICICI
H0003085,CYB-2026-11275,3,AC004065,AC004066,2026-09-13T14:09:00,SBI
H0003086,CYB-2026-11275,4,AC004066,AC004067,2026-09-13T14:14:00,Axis
H0003087,CYB-2026-11276,1,AC004068,AC000071,2026-09-10T17:36:00,BOB
H0003088,CYB-2026-11277,1,AC004069,AC004070,2026-09-01T11:40:00,HDFC
H0003089,CYB-2026-11277,2,AC004070,AC004071,2026-09-01T11:43:00,BOB
H0003090,CYB-2026-11277,3,AC004071,AC004072,2026-09-01T11:43:00,HDFC
H0003091,CYB-2026-11278,1,AC004073,AC004074,2026-09-10T10:32:00,Paytm Payments Bank
H0003092,CYB-2026-11278,2,AC004074,AC004075,2026-09-10T10:51:00,SBI
H0003093,CYB-2026-11278,3,AC004075,AC004076,2026-09-10T11:08:00,Kotak
H0003094,CYB-2026-11278,4,AC004076,AC004077,2026-09-10T11:34:00,HDFC
H0003095,CYB-2026-11279,1,AC004078,AC004079,2026-09-03T13:27:00,BOB
H0003096,CYB-2026-11279,2,AC004079,AC000013,2026-09-03T13:50:00,Axis
H0003097,CYB-2026-11280,1,AC004080,AC004081,2026-09-28T17:56:00,PNB
H0003098,CYB-2026-11280,2,AC004081,AC004082,2026-09-28T17:56:00,Axis
H0003099,CYB-2026-11281,1,AC004083,AC004084,2026-09-13T21:33:00,PNB
H0003100,CYB-2026-11281,2,AC004084,AC004085,2026-09-13T22:01:00,PNB
H0003101,CYB-2026-11282,1,AC004086,AC004087,2026-09-26T07:41:00,HDFC
H0003102,CYB-2026-11283,1,AC004088,AC000045,2026-09-01T07:29:00,HDFC
H0003103,CYB-2026-11283,2,AC000045,AC004089,2026-09-01T07:51:00,Kotak
H0003104,CYB-2026-11283,3,AC004089,AC004090,2026-09-01T08:05:00,Axis
H0003105,CYB-2026-11284,1,AC004091,AC004092,2026-09-16T22:18:00,HDFC
H0003106,CYB-2026-11284,2,AC004092,AC004093,2026-09-16T22:35:00,ICICI
H0003107,CYB-2026-11285,1,AC004094,AC004095,2026-09-29T20:28:00,BOB
H0003108,CYB-2026-11285,2,AC004095,AC000005,2026-09-29T20:29:00,Paytm Payments Bank
H0003109,CYB-2026-11286,1,AC004096,AC004097,2026-09-05T03:21:00,HDFC
H0003110,CYB-2026-11287,1,AC004098,AC004099,2026-09-20T16:58:00,PNB
H0003111,CYB-2026-11288,1,AC004100,AC004101,2026-09-11T11:33:00,PNB
H0003112,CYB-2026-11288,2,AC004101,AC004102,2026-09-11T12:01:00,ICICI
H0003113,CYB-2026-11288,3,AC004102,AC004103,2026-09-11T12:14:00,Axis
H0003114,CYB-2026-11288,4,AC004103,AC004104,2026-09-11T12:23:00,BOB
H0003115,CYB-2026-11289,1,AC004105,AC004106,2026-09-17T21:46:00,PNB
H0003116,CYB-2026-11289,2,AC004106,AC004107,2026-09-17T22:03:00,BOB
H0003117,CYB-2026-11290,1,AC004108,AC004109,2026-09-06T23:51:00,BOB
H0003118,CYB-2026-11290,2,AC004109,AC004110,2026-09-07T00:13:00,BOB
H0003119,CYB-2026-11291,1,AC004111,AC004112,2026-09-21T09:09:00,PNB
H0003120,CYB-2026-11291,2,AC004112,AC004113,2026-09-21T09:18:00,Paytm Payments Bank
H0003121,CYB-2026-11292,1,AC004114,AC004115,2026-09-01T22:34:00,Paytm Payments Bank
H0003122,CYB-2026-11292,2,AC004115,AC004116,2026-09-01T22:38:00,ICICI
H0003123,CYB-2026-11292,3,AC004116,AC004117,2026-09-01T23:05:00,PNB
H0003124,CYB-2026-11293,1,AC004118,AC004119,2026-09-18T11:29:00,BOB
H0003125,CYB-2026-11294,1,AC004120,AC004121,2026-09-09T02:21:00,PNB
H0003126,CYB-2026-11294,2,AC004121,AC004122,2026-09-09T02:23:00,HDFC
H0003127,CYB-2026-11294,3,AC004122,AC000079,2026-09-09T02:38:00,Axis
H0003128,CYB-2026-11295,1,AC004123,AC004124,2026-09-20T18:55:00,PNB
H0003129,CYB-2026-11296,1,AC004125,AC004126,2026-09-13T21:00:00,PNB
H0003130,CYB-2026-11297,1,AC004127,AC004128,2026-09-05T09:53:00,PNB
H0003131,CYB-2026-11297,2,AC004128,AC000024,2026-09-05T10:00:00,SBI
H0003132,CYB-2026-11297,3,AC000024,AC000052,2026-09-05T10:01:00,PNB
H0003133,CYB-2026-11298,1,AC004129,AC004130,2026-09-30T11:10:00,ICICI
H0003134,CYB-2026-11299,1,AC004131,AC004132,2026-09-28T18:10:00,SBI
H0003135,CYB-2026-11300,1,AC004133,AC000014,2026-09-05T18:29:00,BOB
H0003136,CYB-2026-11300,2,AC000014,AC004134,2026-09-05T18:33:00,Kotak
H0003137,CYB-2026-11300,3,AC004134,AC004135,2026-09-05T18:52:00,SBI
H0003138,CYB-2026-11301,1,AC004136,AC004137,2026-09-16T05:04:00,Paytm Payments Bank
H0003139,CYB-2026-11301,2,AC004137,AC004138,2026-09-16T05:14:00,ICICI
H0003140,CYB-2026-11301,3,AC004138,AC004139,2026-09-16T05:14:00,Paytm Payments Bank
H0003141,CYB-2026-11302,1,AC004140,AC004141,2026-09-22T17:25:00,HDFC
H0003142,CYB-2026-11303,1,AC004142,AC004143,2026-09-29T06:42:00,BOB
H0003143,CYB-2026-11304,1,AC004144,AC004145,2026-09-03T02:02:00,ICICI
H0003144,CYB-2026-11304,2,AC004145,AC004146,2026-09-03T02:19:00,SBI
H0003145,CYB-2026-11305,1,AC004147,AC004148,2026-09-02T16:49:00,PNB
H0003146,CYB-2026-11305,2,AC004148,AC004149,2026-09-02T17:13:00,ICICI
H0003147,CYB-2026-11305,3,AC004149,AC004150,2026-09-02T17:25:00,ICICI
H0003148,CYB-2026-11306,1,AC004151,AC004152,2026-09-28T16:11:00,BOB
H0003149,CYB-2026-11306,2,AC004152,AC004153,2026-09-28T16:11:00,BOB
H0003150,CYB-2026-11306,3,AC004153,AC004154,2026-09-28T16:32:00,Kotak
H0003151,CYB-2026-11307,1,AC004155,AC004156,2026-09-07T17:34:00,BOB
H0003152,CYB-2026-11307,2,AC004156,AC004157,2026-09-07T18:00:00,ICICI
H0003153,CYB-2026-11307,3,AC004157,AC004158,2026-09-07T18:00:00,Paytm Payments Bank
H0003154,CYB-2026-11308,1,AC004159,AC004160,2026-09-25T01:16:00,HDFC
H0003155,CYB-2026-11308,2,AC004160,AC004161,2026-09-25T01:43:00,Axis
H0003156,CYB-2026-11309,1,AC004162,AC004163,2026-09-01T17:34:00,HDFC
H0003157,CYB-2026-11309,2,AC004163,AC004164,2026-09-01T17:44:00,Axis
H0003158,CYB-2026-11310,1,AC004165,AC004166,2026-09-26T06:55:00,Axis
H0003159,CYB-2026-11310,2,AC004166,AC004167,2026-09-26T07:24:00,Kotak
H0003160,CYB-2026-11310,3,AC004167,AC004168,2026-09-26T07:41:00,HDFC
H0003161,CYB-2026-11310,4,AC004168,AC000042,2026-09-26T07:41:00,HDFC
H0003162,CYB-2026-11311,1,AC004169,AC004170,2026-09-23T13:53:00,Kotak
H0003163,CYB-2026-11311,2,AC004170,AC004171,2026-09-23T14:10:00,Kotak
H0003164,CYB-2026-11311,3,AC004171,AC004172,2026-09-23T14:34:00,HDFC
H0003165,CYB-2026-11312,1,AC004173,AC004174,2026-09-07T08:35:00,HDFC
H0003166,CYB-2026-11312,2,AC004174,AC004175,2026-09-07T08:43:00,ICICI
H0003167,CYB-2026-11313,1,AC004176,AC004177,2026-09-08T06:06:00,Kotak
H0003168,CYB-2026-11313,2,AC004177,AC004178,2026-09-08T06:19:00,Paytm Payments Bank
H0003169,CYB-2026-11314,1,AC004179,AC004180,2026-09-10T12:33:00,PNB
H0003170,CYB-2026-11314,2,AC004180,AC004181,2026-09-10T12:48:00,Axis
H0003171,CYB-2026-11314,3,AC004181,AC004182,2026-09-10T13:11:00,SBI
H0003172,CYB-2026-11315,1,AC004183,AC004184,2026-09-21T09:16:00,Paytm Payments Bank
H0003173,CYB-2026-11315,2,AC004184,AC004185,2026-09-21T09:28:00,SBI
H0003174,CYB-2026-11315,3,AC004185,AC004186,2026-09-21T09:33:00,Kotak
H0003175,CYB-2026-11316,1,AC004187,AC004188,2026-09-09T17:19:00,BOB
H0003176,CYB-2026-11316,2,AC004188,AC004189,2026-09-09T17:23:00,SBI
H0003177,CYB-2026-11316,3,AC004189,AC004190,2026-09-09T17:51:00,BOB
H0003178,CYB-2026-11317,1,AC004191,AC004192,2026-09-10T17:31:00,Kotak
H0003179,CYB-2026-11317,2,AC004192,AC004193,2026-09-10T17:37:00,BOB
H0003180,CYB-2026-11317,3,AC004193,AC004194,2026-09-10T18:03:00,Paytm Payments Bank
H0003181,CYB-2026-11317,4,AC004194,AC004195,2026-09-10T18:16:00,SBI
H0003182,CYB-2026-11318,1,AC004196,AC000004,2026-09-16T11:49:00,ICICI
H0003183,CYB-2026-11318,2,AC000004,AC004197,2026-09-16T12:07:00,BOB
H0003184,CYB-2026-11319,1,AC004198,AC004199,2026-09-15T13:39:00,Paytm Payments Bank
H0003185,CYB-2026-11319,2,AC004199,AC004200,2026-09-15T14:07:00,Paytm Payments Bank
H0003186,CYB-2026-11320,1,AC004201,AC004202,2026-09-27T22:54:00,Paytm Payments Bank
H0003187,CYB-2026-11320,2,AC004202,AC004203,2026-09-27T23:06:00,ICICI
H0003188,CYB-2026-11321,1,AC004204,AC004205,2026-09-07T23:14:00,Paytm Payments Bank
H0003189,CYB-2026-11322,1,AC004206,AC004207,2026-09-20T12:25:00,Kotak
H0003190,CYB-2026-11322,2,AC004207,AC000035,2026-09-20T12:51:00,BOB
H0003191,CYB-2026-11323,1,AC004208,AC004209,2026-09-27T14:03:00,ICICI
H0003192,CYB-2026-11323,2,AC004209,AC000024,2026-09-27T14:26:00,BOB
H0003193,CYB-2026-11323,3,AC000024,AC004210,2026-09-27T14:44:00,SBI
H0003194,CYB-2026-11323,4,AC004210,AC000035,2026-09-27T14:49:00,BOB
H0003195,CYB-2026-11324,1,AC004211,AC004212,2026-09-21T18:11:00,BOB
H0003196,CYB-2026-11325,1,AC004213,AC004214,2026-09-14T12:18:00,ICICI
H0003197,CYB-2026-11326,1,AC004215,AC004216,2026-09-08T13:08:00,SBI
H0003198,CYB-2026-11326,2,AC004216,AC004217,2026-09-08T13:38:00,SBI
H0003199,CYB-2026-11326,3,AC004217,AC004218,2026-09-08T14:02:00,Kotak
H0003200,CYB-2026-11327,1,AC004219,AC004220,2026-09-28T18:54:00,Paytm Payments Bank
H0003201,CYB-2026-11327,2,AC004220,AC004221,2026-09-28T19:21:00,HDFC
H0003202,CYB-2026-11327,3,AC004221,AC004222,2026-09-28T19:39:00,HDFC
H0003203,CYB-2026-11328,1,AC004223,AC004224,2026-09-20T19:04:00,BOB
H0003204,CYB-2026-11328,2,AC004224,AC004225,2026-09-20T19:30:00,ICICI
H0003205,CYB-2026-11329,1,AC004226,AC000001,2026-09-28T00:38:00,BOB
H0003206,CYB-2026-11329,2,AC000001,AC004227,2026-09-28T00:38:00,BOB
H0003207,CYB-2026-11329,3,AC004227,AC004228,2026-09-28T00:49:00,BOB
H0003208,CYB-2026-11330,1,AC004229,AC004230,2026-09-05T23:12:00,HDFC
H0003209,CYB-2026-11331,1,AC004231,AC004232,2026-09-27T07:19:00,Kotak
H0003210,CYB-2026-11332,1,AC004233,AC004234,2026-09-17T12:58:00,Kotak
H0003211,CYB-2026-11332,2,AC004234,AC004235,2026-09-17T12:59:00,HDFC
H0003212,CYB-2026-11333,1,AC004236,AC004237,2026-09-02T18:34:00,Axis
H0003213,CYB-2026-11333,2,AC004237,AC004238,2026-09-02T18:41:00,Axis
H0003214,CYB-2026-11334,1,AC004239,AC004240,2026-09-01T14:17:00,Axis
H0003215,CYB-2026-11334,2,AC004240,AC004241,2026-09-01T14:43:00,PNB
H0003216,CYB-2026-11334,3,AC004241,AC004242,2026-09-01T14:45:00,ICICI
H0003217,CYB-2026-11335,1,AC004243,AC004244,2026-09-15T12:26:00,Paytm Payments Bank
H0003218,CYB-2026-11335,2,AC004244,AC004245,2026-09-15T12:28:00,Paytm Payments Bank
H0003219,CYB-2026-11336,1,AC004246,AC004247,2026-09-18T17:39:00,Axis
H0003220,CYB-2026-11336,2,AC004247,AC004248,2026-09-18T17:49:00,HDFC
H0003221,CYB-2026-11337,1,AC004249,AC004250,2026-09-23T04:16:00,PNB
H0003222,CYB-2026-11337,2,AC004250,AC004251,2026-09-23T04:20:00,BOB
H0003223,CYB-2026-11338,1,AC004252,AC004253,2026-09-11T16:00:00,PNB
H0003224,CYB-2026-11338,2,AC004253,AC004254,2026-09-11T16:04:00,PNB
H0003225,CYB-2026-11338,3,AC004254,AC000022,2026-09-11T16:26:00,HDFC
H0003226,CYB-2026-11338,4,AC000022,AC000030,2026-09-11T16:53:00,Kotak
H0003227,CYB-2026-11339,1,AC004255,AC004256,2026-09-05T19:38:00,Paytm Payments Bank
H0003228,CYB-2026-11339,2,AC004256,AC004257,2026-09-05T19:56:00,Paytm Payments Bank
H0003229,CYB-2026-11340,1,AC004258,AC004259,2026-09-12T16:37:00,PNB
H0003230,CYB-2026-11341,1,AC004260,AC004261,2026-09-09T10:59:00,BOB
H0003231,CYB-2026-11341,2,AC004261,AC004262,2026-09-09T11:11:00,Axis
H0003232,CYB-2026-11341,3,AC004262,AC004263,2026-09-09T11:39:00,Axis
H0003233,CYB-2026-11342,1,AC004264,AC004265,2026-09-29T08:46:00,PNB
H0003234,CYB-2026-11342,2,AC004265,AC004266,2026-09-29T08:54:00,SBI
H0003235,CYB-2026-11342,3,AC004266,AC004267,2026-09-29T09:04:00,Kotak
H0003236,CYB-2026-11342,4,AC004267,AC004268,2026-09-29T09:20:00,Axis
H0003237,CYB-2026-11343,1,AC004269,AC000066,2026-09-23T00:02:00,BOB
H0003238,CYB-2026-11344,1,AC004270,AC004271,2026-09-30T06:40:00,ICICI
H0003239,CYB-2026-11344,2,AC004271,AC004272,2026-09-30T06:45:00,ICICI
H0003240,CYB-2026-11345,1,AC004273,AC004274,2026-09-30T04:33:00,BOB
H0003241,CYB-2026-11345,2,AC004274,AC004275,2026-09-30T04:57:00,PNB
H0003242,CYB-2026-11346,1,AC004276,AC004277,2026-09-05T05:14:00,SBI
H0003243,CYB-2026-11346,2,AC004277,AC004278,2026-09-05T05:34:00,BOB
H0003244,CYB-2026-11346,3,AC004278,AC004279,2026-09-05T06:00:00,Paytm Payments Bank
H0003245,CYB-2026-11346,4,AC004279,AC000053,2026-09-05T06:12:00,SBI
H0003246,CYB-2026-11346,5,AC000053,AC004280,2026-09-05T06:38:00,Kotak
H0003247,CYB-2026-11347,1,AC004281,AC004282,2026-09-22T23:33:00,HDFC
H0003248,CYB-2026-11348,1,AC004283,AC004284,2026-09-29T10:33:00,HDFC
H0003249,CYB-2026-11349,1,AC004285,AC004286,2026-09-02T05:14:00,Kotak
H0003250,CYB-2026-11349,2,AC004286,AC004287,2026-09-02T05:26:00,HDFC
H0003251,CYB-2026-11349,3,AC004287,AC004288,2026-09-02T05:49:00,BOB
H0003252,CYB-2026-11350,1,AC004289,AC004290,2026-09-25T04:20:00,Paytm Payments Bank
H0003253,CYB-2026-11350,2,AC004290,AC004291,2026-09-25T04:28:00,BOB
H0003254,CYB-2026-11351,1,AC004292,AC004293,2026-09-10T06:56:00,PNB
H0003255,CYB-2026-11351,2,AC004293,AC004294,2026-09-10T06:58:00,BOB
H0003256,CYB-2026-11352,1,AC004295,AC004296,2026-09-06T13:23:00,BOB
H0003257,CYB-2026-11352,2,AC004296,AC004297,2026-09-06T13:38:00,BOB
H0003258,CYB-2026-11352,3,AC004297,AC004298,2026-09-06T14:02:00,SBI
H0003259,CYB-2026-11353,1,AC004299,AC004300,2026-09-13T21:12:00,HDFC
H0003260,CYB-2026-11353,2,AC004300,AC004301,2026-09-13T21:26:00,SBI
H0003261,CYB-2026-11354,1,AC004302,AC004303,2026-09-08T22:23:00,PNB
H0003262,CYB-2026-11355,1,AC004304,AC004305,2026-09-10T04:47:00,SBI
H0003263,CYB-2026-11355,2,AC004305,AC004306,2026-09-10T05:14:00,PNB
H0003264,CYB-2026-11355,3,AC004306,AC004307,2026-09-10T05:25:00,Axis
H0003265,CYB-2026-11355,4,AC004307,AC004308,2026-09-10T05:49:00,ICICI
H0003266,CYB-2026-11355,5,AC004308,AC004309,2026-09-10T06:07:00,SBI
H0003267,CYB-2026-11356,1,AC004310,AC004311,2026-09-13T08:54:00,Kotak
H0003268,CYB-2026-11357,1,AC004312,AC004313,2026-09-13T22:39:00,SBI
H0003269,CYB-2026-11357,2,AC004313,AC004314,2026-09-13T22:46:00,Paytm Payments Bank
H0003270,CYB-2026-11357,3,AC004314,AC004315,2026-09-13T22:54:00,BOB
H0003271,CYB-2026-11357,4,AC004315,AC000063,2026-09-13T23:21:00,BOB
H0003272,CYB-2026-11358,1,AC004316,AC000049,2026-09-13T04:07:00,Paytm Payments Bank
H0003273,CYB-2026-11358,2,AC000049,AC004317,2026-09-13T04:37:00,Kotak
H0003274,CYB-2026-11359,1,AC004318,AC004319,2026-09-11T21:33:00,HDFC
H0003275,CYB-2026-11359,2,AC004319,AC004320,2026-09-11T21:59:00,SBI
H0003276,CYB-2026-11360,1,AC004321,AC000059,2026-09-01T18:26:00,BOB
H0003277,CYB-2026-11360,2,AC000059,AC000031,2026-09-01T18:37:00,BOB
H0003278,CYB-2026-11361,1,AC004322,AC004323,2026-09-21T11:23:00,Paytm Payments Bank
H0003279,CYB-2026-11361,2,AC004323,AC004324,2026-09-21T11:44:00,Axis
H0003280,CYB-2026-11362,1,AC004325,AC004326,2026-09-09T14:10:00,PNB
H0003281,CYB-2026-11362,2,AC004326,AC004327,2026-09-09T14:29:00,SBI
H0003282,CYB-2026-11362,3,AC004327,AC004328,2026-09-09T14:43:00,BOB
H0003283,CYB-2026-11363,1,AC004329,AC004330,2026-09-18T21:17:00,ICICI
H0003284,CYB-2026-11363,2,AC004330,AC004331,2026-09-18T21:39:00,Paytm Payments Bank
H0003285,CYB-2026-11364,1,AC004332,AC004333,2026-09-30T05:36:00,Paytm Payments Bank
H0003286,CYB-2026-11365,1,AC004334,AC004335,2026-09-02T14:30:00,HDFC
H0003287,CYB-2026-11365,2,AC004335,AC004336,2026-09-02T14:35:00,SBI
H0003288,CYB-2026-11366,1,AC004337,AC004338,2026-09-25T16:13:00,Kotak
H0003289,CYB-2026-11367,1,AC004339,AC004340,2026-09-25T13:27:00,PNB
H0003290,CYB-2026-11367,2,AC004340,AC004341,2026-09-25T13:33:00,Axis
H0003291,CYB-2026-11368,1,AC004342,AC004343,2026-09-28T15:18:00,BOB
H0003292,CYB-2026-11368,2,AC004343,AC004344,2026-09-28T15:30:00,ICICI
H0003293,CYB-2026-11369,1,AC004345,AC004346,2026-09-28T21:46:00,PNB
H0003294,CYB-2026-11369,2,AC004346,AC004347,2026-09-28T21:53:00,SBI
H0003295,CYB-2026-11369,3,AC004347,AC004348,2026-09-28T22:18:00,HDFC
H0003296,CYB-2026-11369,4,AC004348,AC004349,2026-09-28T22:35:00,HDFC
H0003297,CYB-2026-11370,1,AC004350,AC000033,2026-09-06T10:52:00,ICICI
H0003298,CYB-2026-11370,2,AC000033,AC004351,2026-09-06T11:12:00,HDFC
H0003299,CYB-2026-11371,1,AC004352,AC000007,2026-09-28T12:27:00,SBI
H0003300,CYB-2026-11371,2,AC000007,AC004353,2026-09-28T12:44:00,SBI
H0003301,CYB-2026-11372,1,AC004354,AC004355,2026-09-28T14:27:00,PNB
H0003302,CYB-2026-11372,2,AC004355,AC004356,2026-09-28T14:53:00,Kotak
H0003303,CYB-2026-11373,1,AC004357,AC004358,2026-09-27T15:09:00,PNB
H0003304,CYB-2026-11374,1,AC004359,AC004360,2026-09-06T08:53:00,BOB
H0003305,CYB-2026-11375,1,AC004361,AC004362,2026-09-29T16:58:00,ICICI
H0003306,CYB-2026-11375,2,AC004362,AC004363,2026-09-29T17:11:00,Axis
H0003307,CYB-2026-11376,1,AC004364,AC004365,2026-09-18T15:02:00,Paytm Payments Bank
H0003308,CYB-2026-11376,2,AC004365,AC004366,2026-09-18T15:04:00,ICICI
H0003309,CYB-2026-11377,1,AC004367,AC004368,2026-09-11T01:16:00,ICICI
H0003310,CYB-2026-11377,2,AC004368,AC004369,2026-09-11T01:30:00,Kotak
H0003311,CYB-2026-11377,3,AC004369,AC004370,2026-09-11T01:35:00,PNB
H0003312,CYB-2026-11378,1,AC004371,AC004372,2026-09-21T16:26:00,ICICI
H0003313,CYB-2026-11378,2,AC004372,AC004373,2026-09-21T16:54:00,PNB
H0003314,CYB-2026-11379,1,AC004374,AC004375,2026-09-25T12:03:00,BOB
H0003315,CYB-2026-11379,2,AC004375,AC004376,2026-09-25T12:11:00,ICICI
H0003316,CYB-2026-11380,1,AC004377,AC004378,2026-09-19T11:05:00,BOB
H0003317,CYB-2026-11381,1,AC004379,AC004380,2026-09-19T19:40:00,PNB
H0003318,CYB-2026-11382,1,AC004381,AC004382,2026-09-09T17:22:00,ICICI
H0003319,CYB-2026-11382,2,AC004382,AC000054,2026-09-09T17:34:00,HDFC
H0003320,CYB-2026-11382,3,AC000054,AC004383,2026-09-09T18:04:00,BOB
H0003321,CYB-2026-11383,1,AC004384,AC004385,2026-10-01T04:27:00,Axis
H0003322,CYB-2026-11383,2,AC004385,AC004386,2026-10-01T04:51:00,Paytm Payments Bank
H0003323,CYB-2026-11383,3,AC004386,AC004387,2026-10-01T05:03:00,Paytm Payments Bank
H0003324,CYB-2026-11384,1,AC004388,AC004389,2026-09-01T19:34:00,SBI
H0003325,CYB-2026-11384,2,AC004389,AC004390,2026-09-01T20:01:00,PNB
H0003326,CYB-2026-11385,1,AC004391,AC004392,2026-09-09T21:05:00,SBI
H0003327,CYB-2026-11386,1,AC004393,AC004394,2026-09-22T11:35:00,Axis
H0003328,CYB-2026-11387,1,AC004395,AC004396,2026-09-02T00:41:00,Paytm Payments Bank
H0003329,CYB-2026-11387,2,AC004396,AC004397,2026-09-02T00:59:00,BOB
H0003330,CYB-2026-11388,1,AC004398,AC004399,2026-09-07T10:17:00,ICICI
H0003331,CYB-2026-11388,2,AC004399,AC000024,2026-09-07T10:24:00,Kotak
H0003332,CYB-2026-11389,1,AC004400,AC004401,2026-09-29T14:18:00,SBI
H0003333,CYB-2026-11389,2,AC004401,AC004402,2026-09-29T14:45:00,Kotak
H0003334,CYB-2026-11390,1,AC004403,AC004404,2026-09-29T20:22:00,BOB
H0003335,CYB-2026-11390,2,AC004404,AC004405,2026-09-29T20:37:00,ICICI
H0003336,CYB-2026-11390,3,AC004405,AC004406,2026-09-29T20:57:00,PNB
H0003337,CYB-2026-11391,1,AC004407,AC004408,2026-09-08T16:41:00,Kotak
H0003338,CYB-2026-11392,1,AC004409,AC004410,2026-09-30T11:48:00,SBI
H0003339,CYB-2026-11392,2,AC004410,AC004411,2026-09-30T11:50:00,ICICI
H0003340,CYB-2026-11392,3,AC004411,AC004412,2026-09-30T11:54:00,Kotak
H0003341,CYB-2026-11393,1,AC004413,AC004414,2026-09-10T01:36:00,ICICI
H0003342,CYB-2026-11393,2,AC004414,AC004415,2026-09-10T02:03:00,PNB
H0003343,CYB-2026-11394,1,AC004416,AC004417,2026-09-23T17:11:00,BOB
H0003344,CYB-2026-11394,2,AC004417,AC004418,2026-09-23T17:35:00,Axis
H0003345,CYB-2026-11394,3,AC004418,AC004419,2026-09-23T17:37:00,SBI
H0003346,CYB-2026-11394,4,AC004419,AC004420,2026-09-23T17:52:00,BOB
H0003347,CYB-2026-11395,1,AC004421,AC004422,2026-09-26T15:17:00,ICICI
H0003348,CYB-2026-11395,2,AC004422,AC004423,2026-09-26T15:35:00,Kotak
H0003349,CYB-2026-11396,1,AC004424,AC004425,2026-09-26T16:08:00,HDFC
H0003350,CYB-2026-11397,1,AC004426,AC004427,2026-09-29T10:19:00,BOB
H0003351,CYB-2026-11398,1,AC004428,AC004429,2026-09-12T10:33:00,PNB
H0003352,CYB-2026-11398,2,AC004429,AC004430,2026-09-12T10:57:00,Axis
H0003353,CYB-2026-11399,1,AC004431,AC004432,2026-09-02T08:26:00,SBI
H0003354,CYB-2026-11399,2,AC004432,AC004433,2026-09-02T08:37:00,BOB
H0003355,CYB-2026-11400,1,AC004434,AC004435,2026-09-25T13:32:00,Kotak
H0003356,CYB-2026-11400,2,AC004435,AC000049,2026-09-25T13:41:00,BOB
H0003357,CYB-2026-11401,1,AC004436,AC004437,2026-09-07T06:34:00,PNB
H0003358,CYB-2026-11401,2,AC004437,AC004438,2026-09-07T06:34:00,SBI
H0003359,CYB-2026-11402,1,AC004439,AC004440,2026-09-26T16:15:00,HDFC
H0003360,CYB-2026-11402,2,AC004440,AC004441,2026-09-26T16:34:00,HDFC
H0003361,CYB-2026-11402,3,AC004441,AC004442,2026-09-26T16:57:00,PNB
H0003362,CYB-2026-11403,1,AC004443,AC004444,2026-09-18T23:53:00,Kotak
H0003363,CYB-2026-11403,2,AC004444,AC004445,2026-09-19T00:03:00,ICICI
H0003364,CYB-2026-11404,1,AC004446,AC004447,2026-09-02T17:24:00,ICICI
H0003365,CYB-2026-11404,2,AC004447,AC000029,2026-09-02T17:43:00,Paytm Payments Bank
H0003366,CYB-2026-11404,3,AC000029,AC004448,2026-09-02T17:58:00,Paytm Payments Bank
H0003367,CYB-2026-11404,4,AC004448,AC004449,2026-09-02T18:09:00,PNB
H0003368,CYB-2026-11405,1,AC004450,AC004451,2026-09-07T12:25:00,BOB
H0003369,CYB-2026-11405,2,AC004451,AC004452,2026-09-07T12:51:00,Kotak
H0003370,CYB-2026-11406,1,AC004453,AC004454,2026-09-07T06:52:00,BOB
H0003371,CYB-2026-11406,2,AC004454,AC004455,2026-09-07T07:03:00,Axis
H0003372,CYB-2026-11407,1,AC004456,AC000050,2026-09-07T03:58:00,BOB
H0003373,CYB-2026-11407,2,AC000050,AC000007,2026-09-07T04:10:00,Axis
H0003374,CYB-2026-11408,1,AC004457,AC004458,2026-09-25T10:12:00,HDFC
H0003375,CYB-2026-11408,2,AC004458,AC000028,2026-09-25T10:30:00,SBI
H0003376,CYB-2026-11408,3,AC000028,AC004459,2026-09-25T10:35:00,SBI
H0003377,CYB-2026-11409,1,AC004460,AC004461,2026-09-28T22:50:00,Paytm Payments Bank
H0003378,CYB-2026-11410,1,AC004462,AC000060,2026-09-19T02:48:00,Paytm Payments Bank
H0003379,CYB-2026-11410,2,AC000060,AC004463,2026-09-19T03:09:00,Kotak
H0003380,CYB-2026-11410,3,AC004463,AC004464,2026-09-19T03:17:00,ICICI
H0003381,CYB-2026-11411,1,AC004465,AC004466,2026-09-16T05:46:00,HDFC
H0003382,CYB-2026-11411,2,AC004466,AC004467,2026-09-16T06:05:00,BOB
H0003383,CYB-2026-11411,3,AC004467,AC004468,2026-09-16T06:16:00,Axis
H0003384,CYB-2026-11412,1,AC004469,AC004470,2026-09-28T10:27:00,SBI
H0003385,CYB-2026-11412,2,AC004470,AC004471,2026-09-28T10:40:00,BOB
H0003386,CYB-2026-11413,1,AC004472,AC004473,2026-09-02T15:37:00,ICICI
H0003387,CYB-2026-11413,2,AC004473,AC004474,2026-09-02T16:05:00,BOB
H0003388,CYB-2026-11413,3,AC004474,AC000026,2026-09-02T16:16:00,HDFC
H0003389,CYB-2026-11414,1,AC004475,AC004476,2026-09-01T11:06:00,HDFC
H0003390,CYB-2026-11415,1,AC004477,AC004478,2026-09-27T07:00:00,HDFC
H0003391,CYB-2026-11415,2,AC004478,AC004479,2026-09-27T07:18:00,Kotak
H0003392,CYB-2026-11416,1,AC004480,AC004481,2026-09-17T21:26:00,Paytm Payments Bank
H0003393,CYB-2026-11416,2,AC004481,AC004482,2026-09-17T21:36:00,Paytm Payments Bank
H0003394,CYB-2026-11416,3,AC004482,AC004483,2026-09-17T22:05:00,HDFC
H0003395,CYB-2026-11416,4,AC004483,AC004484,2026-09-17T22:34:00,BOB
H0003396,CYB-2026-11416,5,AC004484,AC004485,2026-09-17T22:57:00,PNB
H0003397,CYB-2026-11417,1,AC004486,AC004487,2026-09-26T11:04:00,PNB
H0003398,CYB-2026-11417,2,AC004487,AC004488,2026-09-26T11:21:00,Paytm Payments Bank
H0003399,CYB-2026-11418,1,AC004489,AC004490,2026-09-23T00:23:00,HDFC
H0003400,CYB-2026-11418,2,AC004490,AC004491,2026-09-23T00:28:00,SBI
H0003401,CYB-2026-11418,3,AC004491,AC004492,2026-09-23T00:41:00,Paytm Payments Bank
H0003402,CYB-2026-11419,1,AC004493,AC004494,2026-09-23T01:42:00,BOB
H0003403,CYB-2026-11420,1,AC004495,AC004496,2026-09-19T05:26:00,Paytm Payments Bank
H0003404,CYB-2026-11420,2,AC004496,AC004497,2026-09-19T05:45:00,ICICI
H0003405,CYB-2026-11421,1,AC004498,AC004499,2026-09-12T02:17:00,HDFC
H0003406,CYB-2026-11421,2,AC004499,AC004500,2026-09-12T02:23:00,Axis
H0003407,CYB-2026-11422,1,AC004501,AC004502,2026-09-23T18:44:00,SBI
H0003408,CYB-2026-11422,2,AC004502,AC004503,2026-09-23T18:59:00,Kotak
H0003409,CYB-2026-11422,3,AC004503,AC004504,2026-09-23T19:26:00,HDFC
H0003410,CYB-2026-11422,4,AC004504,AC004505,2026-09-23T19:34:00,Kotak
H0003411,CYB-2026-11422,5,AC004505,AC004506,2026-09-23T19:46:00,SBI
H0003412,CYB-2026-11423,1,AC004507,AC004508,2026-09-04T09:50:00,BOB
H0003413,CYB-2026-11424,1,AC004509,AC004510,2026-09-29T17:21:00,Axis
H0003414,CYB-2026-11424,2,AC004510,AC004511,2026-09-29T17:23:00,BOB
H0003415,CYB-2026-11424,3,AC004511,AC004512,2026-09-29T17:39:00,SBI
H0003416,CYB-2026-11425,1,AC004513,AC000049,2026-09-01T10:11:00,SBI
H0003417,CYB-2026-11425,2,AC000049,AC004514,2026-09-01T10:21:00,ICICI
H0003418,CYB-2026-11425,3,AC004514,AC004515,2026-09-01T10:46:00,PNB
H0003419,CYB-2026-11426,1,AC004516,AC004517,2026-09-14T19:18:00,BOB
H0003420,CYB-2026-11426,2,AC004517,AC004518,2026-09-14T19:42:00,Kotak
H0003421,CYB-2026-11427,1,AC004519,AC004520,2026-09-20T19:32:00,Axis
H0003422,CYB-2026-11428,1,AC004521,AC004522,2026-09-27T08:56:00,Axis
H0003423,CYB-2026-11428,2,AC004522,AC000028,2026-09-27T09:14:00,Paytm Payments Bank
H0003424,CYB-2026-11428,3,AC000028,AC004523,2026-09-27T09:40:00,PNB
H0003425,CYB-2026-11428,4,AC004523,AC004524,2026-09-27T09:59:00,HDFC
H0003426,CYB-2026-11429,1,AC004525,AC004526,2026-09-28T10:32:00,PNB
H0003427,CYB-2026-11429,2,AC004526,AC004527,2026-09-28T10:36:00,Axis
H0003428,CYB-2026-11429,3,AC004527,AC004528,2026-09-28T10:44:00,BOB
H0003429,CYB-2026-11429,4,AC004528,AC000013,2026-09-28T10:49:00,HDFC
H0003430,CYB-2026-11430,1,AC004529,AC004530,2026-09-12T16:54:00,BOB
H0003431,CYB-2026-11430,2,AC004530,AC004531,2026-09-12T17:23:00,ICICI
H0003432,CYB-2026-11431,1,AC004532,AC004533,2026-09-23T21:49:00,Paytm Payments Bank
H0003433,CYB-2026-11431,2,AC004533,AC004534,2026-09-23T22:11:00,Paytm Payments Bank
H0003434,CYB-2026-11431,3,AC004534,AC000066,2026-09-23T22:35:00,ICICI
H0003435,CYB-2026-11431,4,AC000066,AC004535,2026-09-23T22:39:00,Axis
H0003436,CYB-2026-11431,5,AC004535,AC004536,2026-09-23T22:59:00,Paytm Payments Bank
H0003437,CYB-2026-11432,1,AC004537,AC004538,2026-09-04T18:22:00,PNB
H0003438,CYB-2026-11432,2,AC004538,AC004539,2026-09-04T18:46:00,Kotak
H0003439,CYB-2026-11433,1,AC004540,AC004541,2026-09-10T01:02:00,Paytm Payments Bank
H0003440,CYB-2026-11433,2,AC004541,AC004542,2026-09-10T01:14:00,HDFC
H0003441,CYB-2026-11434,1,AC004543,AC004544,2026-09-19T11:56:00,Kotak
H0003442,CYB-2026-11434,2,AC004544,AC004545,2026-09-19T12:17:00,BOB
H0003443,CYB-2026-11435,1,AC004546,AC000023,2026-09-16T04:09:00,Paytm Payments Bank
H0003444,CYB-2026-11435,2,AC000023,AC004547,2026-09-16T04:09:00,SBI
H0003445,CYB-2026-11435,3,AC004547,AC000068,2026-09-16T04:23:00,Kotak
H0003446,CYB-2026-11435,4,AC000068,AC004548,2026-09-16T04:48:00,BOB
H0003447,CYB-2026-11436,1,AC004549,AC004550,2026-09-17T07:55:00,PNB
H0003448,CYB-2026-11436,2,AC004550,AC004551,2026-09-17T08:03:00,HDFC
H0003449,CYB-2026-11437,1,AC004552,AC000030,2026-09-10T10:37:00,Kotak
H0003450,CYB-2026-11437,2,AC000030,AC004553,2026-09-10T11:04:00,SBI
H0003451,CYB-2026-11437,3,AC004553,AC004554,2026-09-10T11:18:00,SBI
H0003452,CYB-2026-11438,1,AC004555,AC004556,2026-09-08T06:09:00,SBI
H0003453,CYB-2026-11438,2,AC004556,AC004557,2026-09-08T06:19:00,SBI
H0003454,CYB-2026-11438,3,AC004557,AC004558,2026-09-08T06:42:00,Axis
H0003455,CYB-2026-11438,4,AC004558,AC000078,2026-09-08T07:06:00,PNB
H0003456,CYB-2026-11438,5,AC000078,AC004559,2026-09-08T07:12:00,PNB
H0003457,CYB-2026-11439,1,AC004560,AC004561,2026-09-22T21:38:00,Kotak
H0003458,CYB-2026-11439,2,AC004561,AC004562,2026-09-22T21:55:00,PNB
H0003459,CYB-2026-11440,1,AC004563,AC004564,2026-09-15T17:29:00,BOB
H0003460,CYB-2026-11440,2,AC004564,AC004565,2026-09-15T17:44:00,PNB
H0003461,CYB-2026-11440,3,AC004565,AC004566,2026-09-15T17:44:00,Kotak
H0003462,CYB-2026-11441,1,AC004567,AC004568,2026-09-27T20:37:00,SBI
H0003463,CYB-2026-11441,2,AC004568,AC004569,2026-09-27T20:56:00,PNB
H0003464,CYB-2026-11441,3,AC004569,AC004570,2026-09-27T21:16:00,SBI
H0003465,CYB-2026-11442,1,AC004571,AC004572,2026-09-16T09:13:00,PNB
H0003466,CYB-2026-11442,2,AC004572,AC004573,2026-09-16T09:20:00,HDFC
H0003467,CYB-2026-11443,1,AC004574,AC004575,2026-09-22T04:47:00,PNB
H0003468,CYB-2026-11443,2,AC004575,AC000055,2026-09-22T05:10:00,PNB
H0003469,CYB-2026-11443,3,AC000055,AC004576,2026-09-22T05:31:00,ICICI
H0003470,CYB-2026-11444,1,AC004577,AC000054,2026-09-24T22:03:00,Axis
H0003471,CYB-2026-11444,2,AC000054,AC004578,2026-09-24T22:10:00,ICICI
H0003472,CYB-2026-11445,1,AC004579,AC004580,2026-09-29T14:24:00,PNB
H0003473,CYB-2026-11445,2,AC004580,AC004581,2026-09-29T14:30:00,HDFC
H0003474,CYB-2026-11446,1,AC004582,AC004583,2026-09-10T23:36:00,HDFC
H0003475,CYB-2026-11447,1,AC004584,AC004585,2026-09-16T17:40:00,SBI
H0003476,CYB-2026-11447,2,AC004585,AC004586,2026-09-16T18:09:00,ICICI
H0003477,CYB-2026-11447,3,AC004586,AC004587,2026-09-16T18:23:00,ICICI
H0003478,CYB-2026-11447,4,AC004587,AC004588,2026-09-16T18:38:00,HDFC
H0003479,CYB-2026-11447,5,AC004588,AC004589,2026-09-16T18:54:00,SBI
H0003480,CYB-2026-11448,1,AC004590,AC004591,2026-09-02T21:35:00,Paytm Payments Bank
H0003481,CYB-2026-11448,2,AC004591,AC000071,2026-09-02T21:43:00,Paytm Payments Bank
H0003482,CYB-2026-11449,1,AC004592,AC004593,2026-09-20T09:48:00,HDFC
H0003483,CYB-2026-11449,2,AC004593,AC004594,2026-09-20T10:16:00,SBI
H0003484,CYB-2026-11449,3,AC004594,AC004595,2026-09-20T10:39:00,Axis
H0003485,CYB-2026-11450,1,AC004596,AC004597,2026-09-26T15:43:00,Axis
H0003486,CYB-2026-11450,2,AC004597,AC004598,2026-09-26T16:00:00,Paytm Payments Bank
H0003487,CYB-2026-11451,1,AC004599,AC004600,2026-09-08T02:56:00,HDFC
H0003488,CYB-2026-11451,2,AC004600,AC004601,2026-09-08T03:21:00,SBI
H0003489,CYB-2026-11452,1,AC004602,AC004603,2026-09-25T19:54:00,SBI
H0003490,CYB-2026-11453,1,AC004604,AC004605,2026-09-02T22:08:00,Paytm Payments Bank
H0003491,CYB-2026-11453,2,AC004605,AC004606,2026-09-02T22:26:00,ICICI
H0003492,CYB-2026-11454,1,AC004607,AC004608,2026-09-21T03:03:00,Kotak
H0003493,CYB-2026-11454,2,AC004608,AC000063,2026-09-21T03:13:00,Paytm Payments Bank
H0003494,CYB-2026-11455,1,AC004609,AC004610,2026-09-16T15:46:00,Axis
H0003495,CYB-2026-11455,2,AC004610,AC004611,2026-09-16T16:10:00,ICICI
H0003496,CYB-2026-11456,1,AC004612,AC004613,2026-09-15T17:41:00,Paytm Payments Bank
H0003497,CYB-2026-11456,2,AC004613,AC004614,2026-09-15T18:02:00,Axis
H0003498,CYB-2026-11457,1,AC004615,AC004616,2026-09-25T17:07:00,Paytm Payments Bank
H0003499,CYB-2026-11458,1,AC004617,AC004618,2026-09-03T11:48:00,Kotak
H0003500,CYB-2026-11458,2,AC004618,AC004619,2026-09-03T12:00:00,HDFC
H0003501,CYB-2026-11458,3,AC004619,AC004620,2026-09-03T12:18:00,Paytm Payments Bank
H0003502,CYB-2026-11458,4,AC004620,AC004621,2026-09-03T12:32:00,Paytm Payments Bank
H0003503,CYB-2026-11458,5,AC004621,AC004622,2026-09-03T12:59:00,ICICI
H0003504,CYB-2026-11459,1,AC004623,AC004624,2026-09-13T05:42:00,Axis
H0003505,CYB-2026-11459,2,AC004624,AC004625,2026-09-13T05:55:00,BOB
H0003506,CYB-2026-11459,3,AC004625,AC004626,2026-09-13T06:21:00,SBI
H0003507,CYB-2026-11459,4,AC004626,AC000028,2026-09-13T06:51:00,ICICI
H0003508,CYB-2026-11459,5,AC000028,AC004627,2026-09-13T07:06:00,Axis
H0003509,CYB-2026-11460,1,AC004628,AC004629,2026-09-21T21:09:00,Paytm Payments Bank
H0003510,CYB-2026-11460,2,AC004629,AC004630,2026-09-21T21:25:00,BOB
H0003511,CYB-2026-11460,3,AC004630,AC004631,2026-09-21T21:49:00,Axis
H0003512,CYB-2026-11460,4,AC004631,AC004632,2026-09-21T21:53:00,HDFC
H0003513,CYB-2026-11460,5,AC004632,AC004633,2026-09-21T22:04:00,PNB
H0003514,CYB-2026-11461,1,AC004634,AC004635,2026-09-18T05:22:00,Axis
H0003515,CYB-2026-11461,2,AC004635,AC004636,2026-09-18T05:47:00,BOB
H0003516,CYB-2026-11462,1,AC004637,AC004638,2026-09-12T20:28:00,Kotak
H0003517,CYB-2026-11462,2,AC004638,AC004639,2026-09-12T20:48:00,HDFC
H0003518,CYB-2026-11462,3,AC004639,AC004640,2026-09-12T21:03:00,PNB
H0003519,CYB-2026-11462,4,AC004640,AC004641,2026-09-12T21:32:00,HDFC
H0003520,CYB-2026-11463,1,AC004642,AC004643,2026-09-04T18:03:00,PNB
H0003521,CYB-2026-11463,2,AC004643,AC004644,2026-09-04T18:06:00,Axis
H0003522,CYB-2026-11463,3,AC004644,AC004645,2026-09-04T18:15:00,PNB
H0003523,CYB-2026-11464,1,AC004646,AC000017,2026-09-10T12:27:00,ICICI
H0003524,CYB-2026-11464,2,AC000017,AC004647,2026-09-10T12:36:00,Axis
H0003525,CYB-2026-11465,1,AC004648,AC004649,2026-09-02T14:23:00,BOB
H0003526,CYB-2026-11466,1,AC004650,AC004651,2026-09-01T07:46:00,ICICI
H0003527,CYB-2026-11466,2,AC004651,AC004652,2026-09-01T08:15:00,SBI
H0003528,CYB-2026-11467,1,AC004653,AC004654,2026-09-03T01:29:00,Axis
H0003529,CYB-2026-11467,2,AC004654,AC004655,2026-09-03T01:44:00,Kotak
H0003530,CYB-2026-11467,3,AC004655,AC004656,2026-09-03T01:44:00,HDFC
H0003531,CYB-2026-11468,1,AC004657,AC004658,2026-09-13T19:52:00,ICICI
H0003532,CYB-2026-11468,2,AC004658,AC004659,2026-09-13T20:16:00,Kotak
H0003533,CYB-2026-11468,3,AC004659,AC000039,2026-09-13T20:43:00,BOB
H0003534,CYB-2026-11468,4,AC000039,AC004660,2026-09-13T20:56:00,PNB
H0003535,CYB-2026-11469,1,AC004661,AC004662,2026-09-07T02:29:00,Kotak
H0003536,CYB-2026-11469,2,AC004662,AC004663,2026-09-07T02:49:00,BOB
H0003537,CYB-2026-11470,1,AC004664,AC004665,2026-09-21T05:09:00,SBI
H0003538,CYB-2026-11471,1,AC004666,AC004667,2026-09-16T21:25:00,PNB
H0003539,CYB-2026-11471,2,AC004667,AC004668,2026-09-16T21:37:00,Paytm Payments Bank
H0003540,CYB-2026-11471,3,AC004668,AC004669,2026-09-16T21:54:00,Axis
H0003541,CYB-2026-11471,4,AC004669,AC004670,2026-09-16T22:03:00,Paytm Payments Bank
H0003542,CYB-2026-11472,1,AC004671,AC004672,2026-09-05T01:30:00,ICICI
H0003543,CYB-2026-11472,2,AC004672,AC004673,2026-09-05T01:33:00,PNB
H0003544,CYB-2026-11473,1,AC004674,AC000002,2026-09-10T23:40:00,Kotak
H0003545,CYB-2026-11473,2,AC000002,AC004675,2026-09-10T23:54:00,Paytm Payments Bank
H0003546,CYB-2026-11473,3,AC004675,AC004676,2026-09-11T00:07:00,HDFC
H0003547,CYB-2026-11473,4,AC004676,AC004677,2026-09-11T00:08:00,Kotak
H0003548,CYB-2026-11473,5,AC004677,AC004678,2026-09-11T00:09:00,HDFC
H0003549,CYB-2026-11474,1,AC004679,AC004680,2026-09-16T00:46:00,BOB
H0003550,CYB-2026-11474,2,AC004680,AC004681,2026-09-16T00:49:00,SBI
H0003551,CYB-2026-11475,1,AC004682,AC004683,2026-09-19T16:57:00,Paytm Payments Bank
H0003552,CYB-2026-11475,2,AC004683,AC004684,2026-09-19T17:10:00,SBI
H0003553,CYB-2026-11476,1,AC004685,AC004686,2026-09-04T12:51:00,SBI
H0003554,CYB-2026-11477,1,AC004687,AC000042,2026-09-20T22:03:00,ICICI
H0003555,CYB-2026-11477,2,AC000042,AC004688,2026-09-20T22:26:00,HDFC
H0003556,CYB-2026-11477,3,AC004688,AC000020,2026-09-20T22:26:00,BOB
H0003557,CYB-2026-11478,1,AC004689,AC004690,2026-09-28T01:21:00,BOB
H0003558,CYB-2026-11479,1,AC004691,AC004692,2026-09-13T21:48:00,ICICI
H0003559,CYB-2026-11479,2,AC004692,AC004693,2026-09-13T21:53:00,SBI
H0003560,CYB-2026-11479,3,AC004693,AC004694,2026-09-13T21:57:00,SBI
H0003561,CYB-2026-11480,1,AC004695,AC004696,2026-09-12T21:41:00,Axis
H0003562,CYB-2026-11480,2,AC004696,AC004697,2026-09-12T21:46:00,Kotak
H0003563,CYB-2026-11481,1,AC004698,AC004699,2026-09-12T19:40:00,Axis
H0003564,CYB-2026-11481,2,AC004699,AC004700,2026-09-12T19:56:00,BOB
H0003565,CYB-2026-11481,3,AC004700,AC004701,2026-09-12T20:21:00,PNB
H0003566,CYB-2026-11482,1,AC004702,AC004703,2026-09-20T19:24:00,Kotak
H0003567,CYB-2026-11482,2,AC004703,AC004704,2026-09-20T19:48:00,Paytm Payments Bank
H0003568,CYB-2026-11483,1,AC004705,AC004706,2026-09-29T16:56:00,BOB
H0003569,CYB-2026-11483,2,AC004706,AC004707,2026-09-29T16:58:00,Kotak
H0003570,CYB-2026-11484,1,AC004708,AC004709,2026-09-13T10:18:00,SBI
H0003571,CYB-2026-11485,1,AC004710,AC004711,2026-09-11T05:28:00,PNB
H0003572,CYB-2026-11485,2,AC004711,AC004712,2026-09-11T05:52:00,PNB
H0003573,CYB-2026-11485,3,AC004712,AC004713,2026-09-11T06:04:00,BOB
H0003574,CYB-2026-11485,4,AC004713,AC004714,2026-09-11T06:25:00,Axis
H0003575,CYB-2026-11485,5,AC004714,AC004715,2026-09-11T06:42:00,BOB
H0003576,CYB-2026-11486,1,AC004716,AC004717,2026-09-18T22:14:00,Paytm Payments Bank
H0003577,CYB-2026-11487,1,AC004718,AC004719,2026-09-10T05:08:00,PNB
H0003578,CYB-2026-11487,2,AC004719,AC004720,2026-09-10T05:18:00,BOB
H0003579,CYB-2026-11487,3,AC004720,AC004721,2026-09-10T05:36:00,SBI
H0003580,CYB-2026-11488,1,AC004722,AC004723,2026-09-28T03:05:00,HDFC
H0003581,CYB-2026-11488,2,AC004723,AC004724,2026-09-28T03:16:00,Axis
H0003582,CYB-2026-11488,3,AC004724,AC004725,2026-09-28T03:32:00,HDFC
H0003583,CYB-2026-11488,4,AC004725,AC000066,2026-09-28T03:52:00,Axis
H0003584,CYB-2026-11489,1,AC004726,AC004727,2026-09-22T19:48:00,SBI
H0003585,CYB-2026-11489,2,AC004727,AC004728,2026-09-22T19:56:00,BOB
H0003586,CYB-2026-11490,1,AC004729,AC004730,2026-09-13T18:37:00,BOB
H0003587,CYB-2026-11490,2,AC004730,AC004731,2026-09-13T18:55:00,PNB
H0003588,CYB-2026-11491,1,AC004732,AC004733,2026-09-27T13:41:00,Axis
H0003589,CYB-2026-11491,2,AC004733,AC004734,2026-09-27T13:47:00,HDFC
H0003590,CYB-2026-11491,3,AC004734,AC004735,2026-09-27T14:10:00,PNB
H0003591,CYB-2026-11492,1,AC004736,AC004737,2026-09-04T21:29:00,PNB
H0003592,CYB-2026-11492,2,AC004737,AC004738,2026-09-04T21:31:00,BOB
H0003593,CYB-2026-11493,1,AC004739,AC000050,2026-09-11T04:39:00,ICICI
H0003594,CYB-2026-11493,2,AC000050,AC004740,2026-09-11T05:03:00,SBI
H0003595,CYB-2026-11494,1,AC004741,AC004742,2026-09-02T19:08:00,Axis
H0003596,CYB-2026-11495,1,AC004743,AC000073,2026-09-13T17:09:00,PNB
H0003597,CYB-2026-11495,2,AC000073,AC000008,2026-09-13T17:39:00,HDFC
H0003598,CYB-2026-11496,1,AC004744,AC000037,2026-09-26T00:56:00,HDFC
H0003599,CYB-2026-11496,2,AC000037,AC004745,2026-09-26T00:57:00,PNB
H0003600,CYB-2026-11496,3,AC004745,AC004746,2026-09-26T01:26:00,ICICI
H0003601,CYB-2026-11496,4,AC004746,AC004747,2026-09-26T01:27:00,ICICI
H0003602,CYB-2026-11497,1,AC004748,AC004749,2026-09-04T13:31:00,Axis
H0003603,CYB-2026-11497,2,AC004749,AC004750,2026-09-04T13:59:00,Kotak
H0003604,CYB-2026-11498,1,AC004751,AC004752,2026-09-20T15:13:00,HDFC
H0003605,CYB-2026-11499,1,AC004753,AC004754,2026-09-05T04:47:00,HDFC
H0003606,CYB-2026-11500,1,AC004755,AC004756,2026-09-01T10:45:00,ICICI
H0003607,CYB-2026-11501,1,AC004757,AC004758,2026-09-04T16:11:00,Paytm Payments Bank
H0003608,CYB-2026-11501,2,AC004758,AC004759,2026-09-04T16:38:00,BOB
H0003609,CYB-2026-11501,3,AC004759,AC004760,2026-09-04T16:40:00,Axis
H0003610,CYB-2026-11502,1,AC004761,AC004762,2026-10-01T04:37:00,ICICI
H0003611,CYB-2026-11502,2,AC004762,AC000037,2026-10-01T05:05:00,SBI
H0003612,CYB-2026-11503,1,AC004763,AC000071,2026-09-28T10:00:00,Kotak
H0003613,CYB-2026-11503,2,AC000071,AC004764,2026-09-28T10:10:00,ICICI
H0003614,CYB-2026-11503,3,AC004764,AC004765,2026-09-28T10:25:00,PNB
H0003615,CYB-2026-11504,1,AC004766,AC004767,2026-09-22T12:04:00,Kotak
H0003616,CYB-2026-11504,2,AC004767,AC004768,2026-09-22T12:23:00,PNB
H0003617,CYB-2026-11505,1,AC004769,AC004770,2026-09-16T18:39:00,BOB
H0003618,CYB-2026-11505,2,AC004770,AC004771,2026-09-16T18:50:00,PNB
H0003619,CYB-2026-11506,1,AC004772,AC004773,2026-09-18T23:40:00,PNB
H0003620,CYB-2026-11506,2,AC004773,AC004774,2026-09-18T23:40:00,Paytm Payments Bank
H0003621,CYB-2026-11506,3,AC004774,AC000006,2026-09-18T23:42:00,PNB
H0003622,CYB-2026-11507,1,AC004775,AC000066,2026-09-24T10:27:00,HDFC
H0003623,CYB-2026-11507,2,AC000066,AC004776,2026-09-24T10:27:00,BOB
H0003624,CYB-2026-11507,3,AC004776,AC004777,2026-09-24T10:46:00,SBI
H0003625,CYB-2026-11508,1,AC004778,AC004779,2026-09-19T19:18:00,Kotak
H0003626,CYB-2026-11508,2,AC004779,AC004780,2026-09-19T19:39:00,ICICI
H0003627,CYB-2026-11508,3,AC004780,AC004781,2026-09-19T19:43:00,ICICI
H0003628,CYB-2026-11508,4,AC004781,AC004782,2026-09-19T20:00:00,ICICI
H0003629,CYB-2026-11509,1,AC004783,AC004784,2026-09-10T00:23:00,SBI
H0003630,CYB-2026-11509,2,AC004784,AC004785,2026-09-10T00:24:00,PNB
H0003631,CYB-2026-11509,3,AC004785,AC004786,2026-09-10T00:49:00,HDFC
H0003632,CYB-2026-11510,1,AC004787,AC004788,2026-09-10T02:29:00,ICICI
H0003633,CYB-2026-11510,2,AC004788,AC004789,2026-09-10T02:29:00,BOB
H0003634,CYB-2026-11510,3,AC004789,AC004790,2026-09-10T02:49:00,Kotak
H0003635,CYB-2026-11511,1,AC004791,AC004792,2026-09-25T20:21:00,PNB
H0003636,CYB-2026-11511,2,AC004792,AC004793,2026-09-25T20:43:00,Kotak
H0003637,CYB-2026-11512,1,AC004794,AC004795,2026-09-05T14:50:00,Paytm Payments Bank
H0003638,CYB-2026-11512,2,AC004795,AC004796,2026-09-05T15:18:00,ICICI
H0003639,CYB-2026-11513,1,AC004797,AC004798,2026-09-11T10:07:00,SBI
H0003640,CYB-2026-11514,1,AC004799,AC004800,2026-09-07T21:51:00,Axis
H0003641,CYB-2026-11514,2,AC004800,AC004801,2026-09-07T22:03:00,SBI
H0003642,CYB-2026-11515,1,AC004802,AC004803,2026-09-28T05:05:00,SBI
H0003643,CYB-2026-11515,2,AC004803,AC004804,2026-09-28T05:24:00,BOB
H0003644,CYB-2026-11515,3,AC004804,AC004805,2026-09-28T05:25:00,PNB
H0003645,CYB-2026-11515,4,AC004805,AC004806,2026-09-28T05:29:00,BOB
H0003646,CYB-2026-11515,5,AC004806,AC000009,2026-09-28T05:52:00,SBI
H0003647,CYB-2026-11516,1,AC004807,AC004808,2026-09-18T03:34:00,Paytm Payments Bank
H0003648,CYB-2026-11516,2,AC004808,AC004809,2026-09-18T04:03:00,Axis
H0003649,CYB-2026-11516,3,AC004809,AC004810,2026-09-18T04:20:00,HDFC
H0003650,CYB-2026-11517,1,AC004811,AC004812,2026-09-14T00:32:00,ICICI
H0003651,CYB-2026-11517,2,AC004812,AC004813,2026-09-14T00:59:00,BOB
H0003652,CYB-2026-11517,3,AC004813,AC004814,2026-09-14T01:08:00,Paytm Payments Bank
H0003653,CYB-2026-11518,1,AC004815,AC004816,2026-09-09T15:19:00,SBI
H0003654,CYB-2026-11518,2,AC004816,AC004817,2026-09-09T15:27:00,HDFC
H0003655,CYB-2026-11519,1,AC004818,AC004819,2026-09-19T09:13:00,SBI
H0003656,CYB-2026-11519,2,AC004819,AC004820,2026-09-19T09:39:00,Paytm Payments Bank
H0003657,CYB-2026-11519,3,AC004820,AC004821,2026-09-19T09:51:00,SBI
H0003658,CYB-2026-11520,1,AC004822,AC004823,2026-09-11T08:13:00,Kotak
H0003659,CYB-2026-11520,2,AC004823,AC004824,2026-09-11T08:20:00,HDFC
H0003660,CYB-2026-11520,3,AC004824,AC004825,2026-09-11T08:37:00,ICICI
H0003661,CYB-2026-11521,1,AC004826,AC004827,2026-09-28T19:17:00,HDFC
H0003662,CYB-2026-11521,2,AC004827,AC004828,2026-09-28T19:20:00,Paytm Payments Bank
H0003663,CYB-2026-11522,1,AC004829,AC004830,2026-09-19T19:01:00,Axis
H0003664,CYB-2026-11523,1,AC004831,AC004832,2026-09-19T06:52:00,HDFC
H0003665,CYB-2026-11523,2,AC004832,AC004833,2026-09-19T07:10:00,ICICI
H0003666,CYB-2026-11524,1,AC004834,AC000031,2026-09-20T06:53:00,Axis
H0003667,CYB-2026-11525,1,AC004835,AC004836,2026-09-01T08:35:00,Kotak
H0003668,CYB-2026-11526,1,AC004837,AC004838,2026-09-14T00:59:00,PNB
H0003669,CYB-2026-11526,2,AC004838,AC000058,2026-09-14T01:17:00,ICICI
H0003670,CYB-2026-11527,1,AC004839,AC004840,2026-09-07T11:33:00,Paytm Payments Bank
H0003671,CYB-2026-11527,2,AC004840,AC004841,2026-09-07T11:50:00,HDFC
H0003672,CYB-2026-11527,3,AC004841,AC004842,2026-09-07T12:02:00,PNB
H0003673,CYB-2026-11528,1,AC004843,AC004844,2026-09-06T15:32:00,HDFC
H0003674,CYB-2026-11529,1,AC004845,AC004846,2026-09-03T22:16:00,BOB
H0003675,CYB-2026-11529,2,AC004846,AC000004,2026-09-03T22:41:00,ICICI
H0003676,CYB-2026-11529,3,AC000004,AC004847,2026-09-03T23:07:00,Kotak
H0003677,CYB-2026-11529,4,AC004847,AC004848,2026-09-03T23:08:00,BOB
H0003678,CYB-2026-11529,5,AC004848,AC004849,2026-09-03T23:33:00,SBI
H0003679,CYB-2026-11530,1,AC004850,AC004851,2026-09-21T08:53:00,BOB
H0003680,CYB-2026-11530,2,AC004851,AC004852,2026-09-21T09:00:00,ICICI
H0003681,CYB-2026-11530,3,AC004852,AC004853,2026-09-21T09:21:00,Paytm Payments Bank
H0003682,CYB-2026-11531,1,AC004854,AC004855,2026-09-30T04:38:00,Axis
H0003683,CYB-2026-11531,2,AC004855,AC004856,2026-09-30T04:40:00,HDFC
H0003684,CYB-2026-11531,3,AC004856,AC004857,2026-09-30T04:44:00,PNB
H0003685,CYB-2026-11531,4,AC004857,AC004858,2026-09-30T04:45:00,SBI
H0003686,CYB-2026-11532,1,AC004859,AC004860,2026-09-26T22:47:00,ICICI
H0003687,CYB-2026-11532,2,AC004860,AC004861,2026-09-26T22:58:00,BOB
H0003688,CYB-2026-11532,3,AC004861,AC004862,2026-09-26T23:04:00,ICICI
H0003689,CYB-2026-11533,1,AC004863,AC004864,2026-09-23T20:56:00,Axis
H0003690,CYB-2026-11533,2,AC004864,AC004865,2026-09-23T21:00:00,SBI
H0003691,CYB-2026-11534,1,AC004866,AC004867,2026-09-20T17:54:00,Axis
H0003692,CYB-2026-11534,2,AC004867,AC004868,2026-09-20T18:05:00,HDFC
H0003693,CYB-2026-11535,1,AC004869,AC004870,2026-09-12T14:16:00,BOB
H0003694,CYB-2026-11535,2,AC004870,AC004871,2026-09-12T14:29:00,PNB
H0003695,CYB-2026-11535,3,AC004871,AC004872,2026-09-12T14:45:00,PNB
H0003696,CYB-2026-11536,1,AC004873,AC004874,2026-09-06T17:34:00,SBI
H0003697,CYB-2026-11536,2,AC004874,AC004875,2026-09-06T17:52:00,ICICI
H0003698,CYB-2026-11536,3,AC004875,AC004876,2026-09-06T18:05:00,Kotak
H0003699,CYB-2026-11536,4,AC004876,AC004877,2026-09-06T18:34:00,Kotak
H0003700,CYB-2026-11537,1,AC004878,AC004879,2026-09-20T06:49:00,Kotak
H0003701,CYB-2026-11537,2,AC004879,AC004880,2026-09-20T07:08:00,Paytm Payments Bank
H0003702,CYB-2026-11537,3,AC004880,AC004881,2026-09-20T07:14:00,PNB
H0003703,CYB-2026-11537,4,AC004881,AC004882,2026-09-20T07:22:00,ICICI
H0003704,CYB-2026-11538,1,AC004883,AC004884,2026-09-18T03:39:00,Paytm Payments Bank
H0003705,CYB-2026-11539,1,AC004885,AC000067,2026-09-27T01:43:00,SBI
H0003706,CYB-2026-11539,2,AC000067,AC004886,2026-09-27T01:49:00,Axis
H0003707,CYB-2026-11539,3,AC004886,AC004887,2026-09-27T02:05:00,ICICI
H0003708,CYB-2026-11540,1,AC004888,AC004889,2026-09-08T08:49:00,BOB
H0003709,CYB-2026-11540,2,AC004889,AC004890,2026-09-08T09:13:00,Paytm Payments Bank
H0003710,CYB-2026-11541,1,AC004891,AC000018,2026-09-20T16:08:00,ICICI
H0003711,CYB-2026-11542,1,AC004892,AC004893,2026-09-18T21:52:00,Axis
H0003712,CYB-2026-11542,2,AC004893,AC004894,2026-09-18T22:06:00,BOB
H0003713,CYB-2026-11543,1,AC004895,AC000043,2026-09-30T07:20:00,PNB
H0003714,CYB-2026-11543,2,AC000043,AC004896,2026-09-30T07:29:00,BOB
H0003715,CYB-2026-11544,1,AC004897,AC004898,2026-09-14T00:04:00,Kotak
H0003716,CYB-2026-11544,2,AC004898,AC004899,2026-09-14T00:06:00,Axis
H0003717,CYB-2026-11545,1,AC004900,AC004901,2026-09-19T01:53:00,SBI
H0003718,CYB-2026-11545,2,AC004901,AC004902,2026-09-19T01:54:00,Axis
H0003719,CYB-2026-11545,3,AC004902,AC004903,2026-09-19T02:17:00,SBI
H0003720,CYB-2026-11545,4,AC004903,AC004904,2026-09-19T02:37:00,HDFC
H0003721,CYB-2026-11546,1,AC004905,AC004906,2026-09-24T10:05:00,Axis
H0003722,CYB-2026-11546,2,AC004906,AC004907,2026-09-24T10:25:00,HDFC
H0003723,CYB-2026-11546,3,AC004907,AC004908,2026-09-24T10:45:00,Axis
H0003724,CYB-2026-11546,4,AC004908,AC004909,2026-09-24T10:59:00,Kotak
H0003725,CYB-2026-11547,1,AC004910,AC004911,2026-09-19T14:34:00,Paytm Payments Bank
H0003726,CYB-2026-11547,2,AC004911,AC004912,2026-09-19T14:48:00,PNB
H0003727,CYB-2026-11548,1,AC004913,AC004914,2026-09-25T05:58:00,HDFC
H0003728,CYB-2026-11548,2,AC004914,AC000067,2026-09-25T06:27:00,BOB
H0003729,CYB-2026-11549,1,AC004915,AC004916,2026-09-18T19:12:00,Axis
H0003730,CYB-2026-11549,2,AC004916,AC004917,2026-09-18T19:17:00,BOB
H0003731,CYB-2026-11549,3,AC004917,AC000006,2026-09-18T19:40:00,Kotak
H0003732,CYB-2026-11549,4,AC000006,AC004918,2026-09-18T19:50:00,Axis
H0003733,CYB-2026-11550,1,AC004919,AC004920,2026-09-21T06:48:00,Axis
H0003734,CYB-2026-11550,2,AC004920,AC004921,2026-09-21T07:06:00,ICICI
H0003735,CYB-2026-11550,3,AC004921,AC004922,2026-09-21T07:18:00,BOB
H0003736,CYB-2026-11550,4,AC004922,AC004923,2026-09-21T07:21:00,Paytm Payments Bank
H0003737,CYB-2026-11551,1,AC004924,AC004925,2026-09-25T19:30:00,Axis
H0003738,CYB-2026-11551,2,AC004925,AC000026,2026-09-25T19:30:00,ICICI
H0003739,CYB-2026-11551,3,AC000026,AC004926,2026-09-25T19:40:00,Axis
H0003740,CYB-2026-11551,4,AC004926,AC004927,2026-09-25T20:06:00,Paytm Payments Bank
H0003741,CYB-2026-11552,1,AC004928,AC004929,2026-09-12T20:56:00,SBI
H0003742,CYB-2026-11552,2,AC004929,AC004930,2026-09-12T21:00:00,Kotak
H0003743,CYB-2026-11552,3,AC004930,AC004931,2026-09-12T21:13:00,HDFC
H0003744,CYB-2026-11553,1,AC004932,AC004933,2026-09-25T14:56:00,Axis
H0003745,CYB-2026-11554,1,AC004934,AC004935,2026-09-06T12:43:00,Paytm Payments Bank
H0003746,CYB-2026-11554,2,AC004935,AC004936,2026-09-06T13:12:00,BOB
H0003747,CYB-2026-11555,1,AC004937,AC004938,2026-09-04T14:05:00,PNB
H0003748,CYB-2026-11555,2,AC004938,AC004939,2026-09-04T14:33:00,SBI
H0003749,CYB-2026-11555,3,AC004939,AC004940,2026-09-04T14:54:00,Paytm Payments Bank
H0003750,CYB-2026-11556,1,AC004941,AC000047,2026-09-20T16:58:00,BOB
H0003751,CYB-2026-11556,2,AC000047,AC004942,2026-09-20T17:10:00,BOB
H0003752,CYB-2026-11557,1,AC004943,AC004944,2026-09-18T10:36:00,SBI
H0003753,CYB-2026-11558,1,AC004945,AC004946,2026-09-07T13:29:00,Axis
H0003754,CYB-2026-11558,2,AC004946,AC004947,2026-09-07T13:34:00,ICICI
H0003755,CYB-2026-11558,3,AC004947,AC004948,2026-09-07T13:52:00,HDFC
H0003756,CYB-2026-11559,1,AC004949,AC000015,2026-09-14T04:55:00,Paytm Payments Bank
H0003757,CYB-2026-11559,2,AC000015,AC004950,2026-09-14T05:13:00,HDFC
H0003758,CYB-2026-11559,3,AC004950,AC000043,2026-09-14T05:14:00,HDFC
H0003759,CYB-2026-11559,4,AC000043,AC000051,2026-09-14T05:36:00,ICICI
H0003760,CYB-2026-11560,1,AC004951,AC004952,2026-09-27T06:53:00,Paytm Payments Bank
H0003761,CYB-2026-11560,2,AC004952,AC004953,2026-09-27T07:22:00,Axis
H0003762,CYB-2026-11561,1,AC004954,AC004955,2026-09-05T07:44:00,HDFC
H0003763,CYB-2026-11561,2,AC004955,AC004956,2026-09-05T07:56:00,Axis
H0003764,CYB-2026-11561,3,AC004956,AC004957,2026-09-05T08:18:00,BOB
H0003765,CYB-2026-11562,1,AC004958,AC004959,2026-09-10T17:02:00,BOB
H0003766,CYB-2026-11563,1,AC004960,AC000005,2026-09-08T20:10:00,ICICI
H0003767,CYB-2026-11563,2,AC000005,AC000051,2026-09-08T20:31:00,SBI
H0003768,CYB-2026-11564,1,AC004961,AC004962,2026-09-26T17:20:00,HDFC
H0003769,CYB-2026-11565,1,AC004963,AC004964,2026-09-15T20:13:00,Axis
H0003770,CYB-2026-11565,2,AC004964,AC004965,2026-09-15T20:15:00,SBI
H0003771,CYB-2026-11565,3,AC004965,AC000005,2026-09-15T20:33:00,SBI
H0003772,CYB-2026-11566,1,AC004966,AC004967,2026-09-06T10:33:00,Axis
H0003773,CYB-2026-11566,2,AC004967,AC004968,2026-09-06T11:03:00,PNB
H0003774,CYB-2026-11566,3,AC004968,AC000070,2026-09-06T11:31:00,ICICI
H0003775,CYB-2026-11567,1,AC004969,AC000054,2026-09-11T07:10:00,ICICI
H0003776,CYB-2026-11567,2,AC000054,AC004970,2026-09-11T07:30:00,SBI
H0003777,CYB-2026-11567,3,AC004970,AC004971,2026-09-11T07:55:00,HDFC
H0003778,CYB-2026-11567,4,AC004971,AC004972,2026-09-11T07:59:00,BOB
H0003779,CYB-2026-11568,1,AC004973,AC004974,2026-09-22T02:41:00,HDFC
H0003780,CYB-2026-11568,2,AC004974,AC000045,2026-09-22T03:02:00,Axis
H0003781,CYB-2026-11568,3,AC000045,AC004975,2026-09-22T03:25:00,Axis
H0003782,CYB-2026-11568,4,AC004975,AC000079,2026-09-22T03:38:00,Paytm Payments Bank
H0003783,CYB-2026-11568,5,AC000079,AC004976,2026-09-22T03:57:00,Paytm Payments Bank
H0003784,CYB-2026-11569,1,AC004977,AC004978,2026-09-15T07:05:00,Kotak
H0003785,CYB-2026-11570,1,AC004979,AC004980,2026-09-24T10:07:00,Axis
H0003786,CYB-2026-11570,2,AC004980,AC004981,2026-09-24T10:14:00,BOB
H0003787,CYB-2026-11571,1,AC004982,AC004983,2026-09-08T14:26:00,BOB
H0003788,CYB-2026-11572,1,AC004984,AC004985,2026-09-21T15:00:00,ICICI
H0003789,CYB-2026-11572,2,AC004985,AC004986,2026-09-21T15:29:00,SBI
H0003790,CYB-2026-11572,3,AC004986,AC004987,2026-09-21T15:47:00,Axis
H0003791,CYB-2026-11573,1,AC004988,AC004989,2026-09-22T22:54:00,Paytm Payments Bank
H0003792,CYB-2026-11574,1,AC004990,AC004991,2026-09-25T11:47:00,PNB
H0003793,CYB-2026-11574,2,AC004991,AC004992,2026-09-25T12:01:00,HDFC
H0003794,CYB-2026-11574,3,AC004992,AC004993,2026-09-25T12:25:00,BOB
H0003795,CYB-2026-11575,1,AC004994,AC004995,2026-09-19T07:05:00,HDFC
H0003796,CYB-2026-11575,2,AC004995,AC004996,2026-09-19T07:14:00,BOB
H0003797,CYB-2026-11575,3,AC004996,AC000047,2026-09-19T07:38:00,SBI
H0003798,CYB-2026-11575,4,AC000047,AC000078,2026-09-19T07:43:00,PNB
H0003799,CYB-2026-11575,5,AC000078,AC004997,2026-09-19T08:05:00,ICICI
H0003800,CYB-2026-11576,1,AC004998,AC004999,2026-09-29T18:15:00,HDFC
H0003801,CYB-2026-11577,1,AC005000,AC005001,2026-09-29T17:40:00,SBI
H0003802,CYB-2026-11577,2,AC005001,AC005002,2026-09-29T18:00:00,Kotak
H0003803,CYB-2026-11577,3,AC005002,AC005003,2026-09-29T18:05:00,ICICI
H0003804,CYB-2026-11578,1,AC005004,AC005005,2026-09-18T18:09:00,Axis
H0003805,CYB-2026-11579,1,AC005006,AC005007,2026-09-20T12:47:00,PNB
H0003806,CYB-2026-11579,2,AC005007,AC005008,2026-09-20T13:09:00,Kotak
H0003807,CYB-2026-11580,1,AC005009,AC005010,2026-09-28T11:04:00,BOB
H0003808,CYB-2026-11580,2,AC005010,AC005011,2026-09-28T11:19:00,Axis
H0003809,CYB-2026-11581,1,AC005012,AC005013,2026-09-04T05:55:00,BOB
H0003810,CYB-2026-11581,2,AC005013,AC005014,2026-09-04T06:22:00,Axis
H0003811,CYB-2026-11582,1,AC005015,AC005016,2026-09-17T08:11:00,Paytm Payments Bank
H0003812,CYB-2026-11582,2,AC005016,AC005017,2026-09-17T08:23:00,PNB
H0003813,CYB-2026-11583,1,AC005018,AC005019,2026-09-17T21:03:00,PNB
H0003814,CYB-2026-11583,2,AC005019,AC005020,2026-09-17T21:27:00,BOB
H0003815,CYB-2026-11584,1,AC005021,AC005022,2026-09-20T20:45:00,PNB
H0003816,CYB-2026-11584,2,AC005022,AC005023,2026-09-20T20:46:00,Kotak
H0003817,CYB-2026-11585,1,AC005024,AC005025,2026-09-08T18:30:00,Axis
H0003818,CYB-2026-11585,2,AC005025,AC005026,2026-09-08T18:52:00,Paytm Payments Bank
H0003819,CYB-2026-11585,3,AC005026,AC005027,2026-09-08T19:21:00,Paytm Payments Bank
H0003820,CYB-2026-11586,1,AC005028,AC005029,2026-09-29T20:56:00,BOB
H0003821,CYB-2026-11586,2,AC005029,AC005030,2026-09-29T21:13:00,Kotak
H0003822,CYB-2026-11586,3,AC005030,AC000005,2026-09-29T21:34:00,ICICI
H0003823,CYB-2026-11586,4,AC000005,AC005031,2026-09-29T21:54:00,SBI
H0003824,CYB-2026-11586,5,AC005031,AC005032,2026-09-29T22:04:00,SBI
H0003825,CYB-2026-11587,1,AC005033,AC005034,2026-09-07T14:28:00,Axis
H0003826,CYB-2026-11587,2,AC005034,AC005035,2026-09-07T14:52:00,Paytm Payments Bank
H0003827,CYB-2026-11588,1,AC005036,AC005037,2026-09-06T08:06:00,ICICI
H0003828,CYB-2026-11588,2,AC005037,AC005038,2026-09-06T08:11:00,Paytm Payments Bank
H0003829,CYB-2026-11589,1,AC005039,AC005040,2026-09-16T21:56:00,Axis
H0003830,CYB-2026-11589,2,AC005040,AC005041,2026-09-16T22:17:00,Kotak
H0003831,CYB-2026-11589,3,AC005041,AC005042,2026-09-16T22:27:00,HDFC
H0003832,CYB-2026-11590,1,AC005043,AC005044,2026-09-04T19:47:00,Axis
H0003833,CYB-2026-11590,2,AC005044,AC005045,2026-09-04T20:09:00,SBI
H0003834,CYB-2026-11591,1,AC005046,AC005047,2026-09-20T04:17:00,HDFC
H0003835,CYB-2026-11592,1,AC005048,AC005049,2026-09-08T20:23:00,SBI
H0003836,CYB-2026-11592,2,AC005049,AC005050,2026-09-08T20:39:00,HDFC
H0003837,CYB-2026-11593,1,AC005051,AC000056,2026-09-03T22:47:00,SBI
H0003838,CYB-2026-11594,1,AC005052,AC000043,2026-09-23T18:02:00,ICICI
H0003839,CYB-2026-11594,2,AC000043,AC005053,2026-09-23T18:06:00,BOB
H0003840,CYB-2026-11594,3,AC005053,AC005054,2026-09-23T18:27:00,HDFC
H0003841,CYB-2026-11595,1,AC005055,AC005056,2026-09-26T13:48:00,HDFC
H0003842,CYB-2026-11595,2,AC005056,AC005057,2026-09-26T14:08:00,ICICI
H0003843,CYB-2026-11596,1,AC005058,AC005059,2026-09-03T08:34:00,HDFC
H0003844,CYB-2026-11596,2,AC005059,AC005060,2026-09-03T08:38:00,Paytm Payments Bank
H0003845,CYB-2026-11596,3,AC005060,AC005061,2026-09-03T08:49:00,Paytm Payments Bank
H0003846,CYB-2026-11597,1,AC005062,AC005063,2026-09-14T14:17:00,HDFC
H0003847,CYB-2026-11597,2,AC005063,AC005064,2026-09-14T14:39:00,Axis
H0003848,CYB-2026-11597,3,AC005064,AC005065,2026-09-14T14:46:00,BOB
H0003849,CYB-2026-11597,4,AC005065,AC005066,2026-09-14T14:57:00,Axis
H0003850,CYB-2026-11597,5,AC005066,AC005067,2026-09-14T14:59:00,SBI
H0003851,CYB-2026-11598,1,AC005068,AC005069,2026-09-30T12:08:00,HDFC
H0003852,CYB-2026-11599,1,AC005070,AC005071,2026-09-04T04:35:00,BOB
H0003853,CYB-2026-11599,2,AC005071,AC005072,2026-09-04T04:54:00,HDFC
H0003854,CYB-2026-11599,3,AC005072,AC005073,2026-09-04T05:17:00,Paytm Payments Bank
H0003855,CYB-2026-11600,1,AC005074,AC005075,2026-09-27T01:46:00,BOB
H0003856,CYB-2026-11600,2,AC005075,AC005076,2026-09-27T01:49:00,SBI
H0003857,CYB-2026-11600,3,AC005076,AC005077,2026-09-27T02:07:00,Paytm Payments Bank
H0003858,CYB-2026-11601,1,AC005078,AC005079,2026-09-04T22:36:00,SBI
H0003859,CYB-2026-11602,1,AC005080,AC005081,2026-09-12T09:01:00,Axis
H0003860,CYB-2026-11602,2,AC005081,AC005082,2026-09-12T09:10:00,Kotak
H0003861,CYB-2026-11602,3,AC005082,AC005083,2026-09-12T09:15:00,Kotak
H0003862,CYB-2026-11603,1,AC005084,AC005085,2026-09-13T15:39:00,Paytm Payments Bank
H0003863,CYB-2026-11604,1,AC005086,AC000032,2026-09-20T13:30:00,ICICI
H0003864,CYB-2026-11604,2,AC000032,AC005087,2026-09-20T13:32:00,SBI
H0003865,CYB-2026-11605,1,AC005088,AC005089,2026-09-05T19:52:00,Axis
H0003866,CYB-2026-11606,1,AC005090,AC005091,2026-09-10T05:33:00,BOB
H0003867,CYB-2026-11606,2,AC005091,AC005092,2026-09-10T05:59:00,SBI
H0003868,CYB-2026-11606,3,AC005092,AC005093,2026-09-10T06:17:00,HDFC
H0003869,CYB-2026-11607,1,AC005094,AC005095,2026-09-22T11:03:00,Paytm Payments Bank
H0003870,CYB-2026-11607,2,AC005095,AC005096,2026-09-22T11:04:00,SBI
H0003871,CYB-2026-11608,1,AC005097,AC005098,2026-09-22T19:44:00,Kotak
H0003872,CYB-2026-11609,1,AC005099,AC000015,2026-09-22T03:34:00,HDFC
H0003873,CYB-2026-11609,2,AC000015,AC005100,2026-09-22T03:59:00,PNB
H0003874,CYB-2026-11609,3,AC005100,AC005101,2026-09-22T04:28:00,Kotak
H0003875,CYB-2026-11610,1,AC005102,AC005103,2026-09-06T11:36:00,Paytm Payments Bank
H0003876,CYB-2026-11610,2,AC005103,AC005104,2026-09-06T11:57:00,HDFC
H0003877,CYB-2026-11610,3,AC005104,AC005105,2026-09-06T12:18:00,BOB
H0003878,CYB-2026-11611,1,AC005106,AC005107,2026-09-19T12:58:00,Kotak
H0003879,CYB-2026-11611,2,AC005107,AC005108,2026-09-19T13:12:00,HDFC
H0003880,CYB-2026-11612,1,AC005109,AC005110,2026-09-08T19:40:00,HDFC
H0003881,CYB-2026-11612,2,AC005110,AC005111,2026-09-08T20:05:00,BOB
H0003882,CYB-2026-11613,1,AC005112,AC005113,2026-09-14T18:17:00,PNB
H0003883,CYB-2026-11613,2,AC005113,AC005114,2026-09-14T18:38:00,HDFC
H0003884,CYB-2026-11614,1,AC005115,AC005116,2026-09-20T10:49:00,PNB
H0003885,CYB-2026-11614,2,AC005116,AC005117,2026-09-20T11:01:00,BOB
H0003886,CYB-2026-11615,1,AC005118,AC005119,2026-09-01T09:34:00,Axis
H0003887,CYB-2026-11615,2,AC005119,AC005120,2026-09-01T09:41:00,HDFC
H0003888,CYB-2026-11616,1,AC005121,AC005122,2026-09-06T10:24:00,Axis
H0003889,CYB-2026-11617,1,AC005123,AC005124,2026-09-07T20:48:00,ICICI
H0003890,CYB-2026-11617,2,AC005124,AC005125,2026-09-07T20:51:00,Axis
H0003891,CYB-2026-11618,1,AC005126,AC005127,2026-09-30T22:25:00,PNB
H0003892,CYB-2026-11618,2,AC005127,AC005128,2026-09-30T22:40:00,PNB
H0003893,CYB-2026-11618,3,AC005128,AC005129,2026-09-30T22:54:00,SBI
H0003894,CYB-2026-11619,1,AC005130,AC005131,2026-09-19T21:01:00,HDFC
H0003895,CYB-2026-11619,2,AC005131,AC005132,2026-09-19T21:29:00,SBI
H0003896,CYB-2026-11620,1,AC005133,AC005134,2026-09-19T20:04:00,Kotak
H0003897,CYB-2026-11621,1,AC005135,AC005136,2026-09-28T23:14:00,HDFC
H0003898,CYB-2026-11621,2,AC005136,AC000028,2026-09-28T23:30:00,SBI
H0003899,CYB-2026-11621,3,AC000028,AC005137,2026-09-29T00:00:00,ICICI
H0003900,CYB-2026-11621,4,AC005137,AC005138,2026-09-29T00:03:00,Axis
H0003901,CYB-2026-11622,1,AC005139,AC005140,2026-09-09T20:17:00,Axis
H0003902,CYB-2026-11622,2,AC005140,AC005141,2026-09-09T20:20:00,Axis
H0003903,CYB-2026-11622,3,AC005141,AC000079,2026-09-09T20:47:00,Kotak
H0003904,CYB-2026-11622,4,AC000079,AC005142,2026-09-09T20:48:00,SBI
H0003905,CYB-2026-11623,1,AC005143,AC005144,2026-09-14T17:19:00,BOB
H0003906,CYB-2026-11623,2,AC005144,AC005145,2026-09-14T17:45:00,Axis
H0003907,CYB-2026-11623,3,AC005145,AC005146,2026-09-14T18:14:00,HDFC
H0003908,CYB-2026-11623,4,AC005146,AC005147,2026-09-14T18:41:00,PNB
H0003909,CYB-2026-11624,1,AC005148,AC000077,2026-09-16T19:56:00,ICICI
H0003910,CYB-2026-11624,2,AC000077,AC005149,2026-09-16T20:24:00,HDFC
H0003911,CYB-2026-11624,3,AC005149,AC005150,2026-09-16T20:50:00,PNB
H0003912,CYB-2026-11624,4,AC005150,AC005151,2026-09-16T21:17:00,BOB
H0003913,CYB-2026-11625,1,AC005152,AC005153,2026-09-06T18:51:00,Kotak
H0003914,CYB-2026-11626,1,AC005154,AC005155,2026-09-19T00:01:00,Paytm Payments Bank
H0003915,CYB-2026-11626,2,AC005155,AC005156,2026-09-19T00:17:00,Kotak
H0003916,CYB-2026-11626,3,AC005156,AC005157,2026-09-19T00:36:00,SBI
H0003917,CYB-2026-11626,4,AC005157,AC005158,2026-09-19T00:49:00,PNB
H0003918,CYB-2026-11626,5,AC005158,AC005159,2026-09-19T01:14:00,Paytm Payments Bank
H0003919,CYB-2026-11627,1,AC005160,AC005161,2026-09-30T05:13:00,HDFC
H0003920,CYB-2026-11627,2,AC005161,AC005162,2026-09-30T05:29:00,HDFC
H0003921,CYB-2026-11627,3,AC005162,AC000027,2026-09-30T05:35:00,Paytm Payments Bank
H0003922,CYB-2026-11627,4,AC000027,AC005163,2026-09-30T05:48:00,Paytm Payments Bank
H0003923,CYB-2026-11628,1,AC005164,AC005165,2026-09-14T14:55:00,ICICI
H0003924,CYB-2026-11628,2,AC005165,AC005166,2026-09-14T15:25:00,PNB
H0003925,CYB-2026-11629,1,AC005167,AC005168,2026-09-09T15:52:00,HDFC
H0003926,CYB-2026-11629,2,AC005168,AC005169,2026-09-09T15:55:00,PNB
H0003927,CYB-2026-11629,3,AC005169,AC005170,2026-09-09T16:00:00,PNB
H0003928,CYB-2026-11630,1,AC005171,AC005172,2026-09-02T16:03:00,Kotak
H0003929,CYB-2026-11631,1,AC005173,AC005174,2026-09-06T15:07:00,PNB
H0003930,CYB-2026-11632,1,AC005175,AC000040,2026-09-25T19:19:00,ICICI
H0003931,CYB-2026-11632,2,AC000040,AC005176,2026-09-25T19:29:00,HDFC
H0003932,CYB-2026-11633,1,AC005177,AC005178,2026-09-04T11:25:00,PNB
H0003933,CYB-2026-11633,2,AC005178,AC005179,2026-09-04T11:43:00,ICICI
H0003934,CYB-2026-11634,1,AC005180,AC005181,2026-09-27T19:11:00,Kotak
H0003935,CYB-2026-11634,2,AC005181,AC005182,2026-09-27T19:28:00,BOB
H0003936,CYB-2026-11635,1,AC005183,AC005184,2026-09-28T23:09:00,ICICI
H0003937,CYB-2026-11635,2,AC005184,AC005185,2026-09-28T23:29:00,ICICI
H0003938,CYB-2026-11636,1,AC005186,AC005187,2026-09-13T13:26:00,Axis
H0003939,CYB-2026-11636,2,AC005187,AC005188,2026-09-13T13:34:00,Axis
H0003940,CYB-2026-11637,1,AC005189,AC005190,2026-09-12T20:03:00,PNB
H0003941,CYB-2026-11637,2,AC005190,AC005191,2026-09-12T20:10:00,ICICI
H0003942,CYB-2026-11638,1,AC005192,AC005193,2026-09-13T11:59:00,ICICI
H0003943,CYB-2026-11638,2,AC005193,AC005194,2026-09-13T12:26:00,Kotak
H0003944,CYB-2026-11639,1,AC005195,AC005196,2026-09-20T10:55:00,Paytm Payments Bank
H0003945,CYB-2026-11640,1,AC005197,AC005198,2026-09-10T10:09:00,PNB
H0003946,CYB-2026-11640,2,AC005198,AC005199,2026-09-10T10:25:00,Paytm Payments Bank
H0003947,CYB-2026-11640,3,AC005199,AC005200,2026-09-10T10:33:00,PNB
H0003948,CYB-2026-11641,1,AC005201,AC005202,2026-09-20T19:28:00,Paytm Payments Bank
H0003949,CYB-2026-11641,2,AC005202,AC000014,2026-09-20T19:42:00,SBI
H0003950,CYB-2026-11641,3,AC000014,AC005203,2026-09-20T20:09:00,BOB
H0003951,CYB-2026-11641,4,AC005203,AC005204,2026-09-20T20:11:00,PNB
H0003952,CYB-2026-11642,1,AC005205,AC005206,2026-09-21T15:33:00,BOB
H0003953,CYB-2026-11642,2,AC005206,AC005207,2026-09-21T15:43:00,SBI
H0003954,CYB-2026-11642,3,AC005207,AC005208,2026-09-21T15:45:00,BOB
H0003955,CYB-2026-11642,4,AC005208,AC005209,2026-09-21T16:06:00,HDFC
H0003956,CYB-2026-11643,1,AC005210,AC005211,2026-09-14T04:27:00,SBI
H0003957,CYB-2026-11643,2,AC005211,AC005212,2026-09-14T04:56:00,PNB
H0003958,CYB-2026-11643,3,AC005212,AC005213,2026-09-14T05:25:00,SBI
H0003959,CYB-2026-11644,1,AC005214,AC005215,2026-09-23T07:32:00,PNB
H0003960,CYB-2026-11644,2,AC005215,AC005216,2026-09-23T07:57:00,BOB
H0003961,CYB-2026-11645,1,AC005217,AC000031,2026-09-14T22:41:00,Kotak
H0003962,CYB-2026-11645,2,AC000031,AC005218,2026-09-14T22:56:00,BOB
H0003963,CYB-2026-11646,1,AC005219,AC005220,2026-09-24T19:14:00,SBI
H0003964,CYB-2026-11646,2,AC005220,AC005221,2026-09-24T19:20:00,Kotak
H0003965,CYB-2026-11647,1,AC005222,AC005223,2026-09-21T05:50:00,Axis
H0003966,CYB-2026-11647,2,AC005223,AC000038,2026-09-21T06:10:00,Kotak
H0003967,CYB-2026-11647,3,AC000038,AC005224,2026-09-21T06:37:00,Paytm Payments Bank
H0003968,CYB-2026-11648,1,AC005225,AC000025,2026-09-18T21:24:00,BOB
H0003969,CYB-2026-11648,2,AC000025,AC005226,2026-09-18T21:33:00,PNB
H0003970,CYB-2026-11649,1,AC005227,AC000020,2026-09-12T09:16:00,Axis
H0003971,CYB-2026-11649,2,AC000020,AC005228,2026-09-12T09:37:00,BOB
H0003972,CYB-2026-11649,3,AC005228,AC000007,2026-09-12T09:51:00,Axis
H0003973,CYB-2026-11649,4,AC000007,AC005229,2026-09-12T10:19:00,Paytm Payments Bank
H0003974,CYB-2026-11650,1,AC005230,AC005231,2026-09-07T10:36:00,SBI
H0003975,CYB-2026-11650,2,AC005231,AC005232,2026-09-07T11:04:00,Paytm Payments Bank
H0003976,CYB-2026-11650,3,AC005232,AC005233,2026-09-07T11:12:00,Paytm Payments Bank
H0003977,CYB-2026-11651,1,AC005234,AC005235,2026-09-24T02:53:00,Paytm Payments Bank
H0003978,CYB-2026-11651,2,AC005235,AC005236,2026-09-24T03:18:00,PNB
H0003979,CYB-2026-11651,3,AC005236,AC005237,2026-09-24T03:45:00,SBI
H0003980,CYB-2026-11651,4,AC005237,AC005238,2026-09-24T04:10:00,Axis
H0003981,CYB-2026-11651,5,AC005238,AC005239,2026-09-24T04:24:00,BOB
H0003982,CYB-2026-11652,1,AC005240,AC005241,2026-09-20T10:21:00,Kotak
H0003983,CYB-2026-11652,2,AC005241,AC005242,2026-09-20T10:23:00,HDFC
H0003984,CYB-2026-11653,1,AC005243,AC005244,2026-09-03T21:56:00,SBI
H0003985,CYB-2026-11653,2,AC005244,AC005245,2026-09-03T22:07:00,BOB
H0003986,CYB-2026-11653,3,AC005245,AC005246,2026-09-03T22:23:00,ICICI
H0003987,CYB-2026-11654,1,AC005247,AC005248,2026-10-01T01:11:00,Axis
H0003988,CYB-2026-11654,2,AC005248,AC005249,2026-10-01T01:15:00,BOB
H0003989,CYB-2026-11654,3,AC005249,AC005250,2026-10-01T01:16:00,SBI
H0003990,CYB-2026-11655,1,AC005251,AC005252,2026-09-04T20:05:00,Kotak
H0003991,CYB-2026-11655,2,AC005252,AC005253,2026-09-04T20:07:00,HDFC
H0003992,CYB-2026-11655,3,AC005253,AC005254,2026-09-04T20:31:00,BOB
H0003993,CYB-2026-11656,1,AC005255,AC005256,2026-09-24T02:46:00,PNB
H0003994,CYB-2026-11656,2,AC005256,AC005257,2026-09-24T03:01:00,Paytm Payments Bank
H0003995,CYB-2026-11656,3,AC005257,AC005258,2026-09-24T03:03:00,BOB
H0003996,CYB-2026-11656,4,AC005258,AC005259,2026-09-24T03:24:00,SBI
H0003997,CYB-2026-11657,1,AC005260,AC005261,2026-09-26T04:26:00,ICICI
H0003998,CYB-2026-11657,2,AC005261,AC005262,2026-09-26T04:36:00,Kotak
H0003999,CYB-2026-11658,1,AC005263,AC005264,2026-09-11T19:24:00,PNB
H0004000,CYB-2026-11658,2,AC005264,AC005265,2026-09-11T19:34:00,PNB
H0004001,CYB-2026-11659,1,AC005266,AC000012,2026-09-04T07:33:00,BOB
H0004002,CYB-2026-11659,2,AC000012,AC005267,2026-09-04T07:42:00,Paytm Payments Bank
H0004003,CYB-2026-11659,3,AC005267,AC005268,2026-09-04T08:09:00,Axis
H0004004,CYB-2026-11660,1,AC005269,AC005270,2026-09-24T00:57:00,PNB
H0004005,CYB-2026-11660,2,AC005270,AC005271,2026-09-24T00:57:00,Axis
H0004006,CYB-2026-11661,1,AC005272,AC005273,2026-09-08T20:16:00,Kotak
H0004007,CYB-2026-11661,2,AC005273,AC005274,2026-09-08T20:33:00,BOB
H0004008,CYB-2026-11662,1,AC005275,AC000046,2026-09-17T22:32:00,Kotak
H0004009,CYB-2026-11662,2,AC000046,AC005276,2026-09-17T23:00:00,BOB
H0004010,CYB-2026-11663,1,AC005277,AC005278,2026-09-25T05:55:00,Paytm Payments Bank
H0004011,CYB-2026-11663,2,AC005278,AC005279,2026-09-25T06:05:00,Kotak
H0004012,CYB-2026-11663,3,AC005279,AC005280,2026-09-25T06:30:00,SBI
H0004013,CYB-2026-11664,1,AC005281,AC005282,2026-09-18T08:10:00,HDFC
H0004014,CYB-2026-11664,2,AC005282,AC005283,2026-09-18T08:21:00,ICICI
H0004015,CYB-2026-11664,3,AC005283,AC005284,2026-09-18T08:27:00,HDFC
H0004016,CYB-2026-11665,1,AC005285,AC005286,2026-09-03T03:17:00,BOB
H0004017,CYB-2026-11666,1,AC005287,AC005288,2026-09-28T22:30:00,SBI
H0004018,CYB-2026-11666,2,AC005288,AC005289,2026-09-28T22:53:00,HDFC
H0004019,CYB-2026-11667,1,AC005290,AC005291,2026-09-14T17:10:00,Kotak
H0004020,CYB-2026-11668,1,AC005292,AC005293,2026-09-15T05:41:00,HDFC
H0004021,CYB-2026-11668,2,AC005293,AC005294,2026-09-15T06:00:00,BOB
H0004022,CYB-2026-11669,1,AC005295,AC005296,2026-09-20T22:10:00,HDFC
H0004023,CYB-2026-11669,2,AC005296,AC005297,2026-09-20T22:33:00,ICICI
H0004024,CYB-2026-11670,1,AC005298,AC005299,2026-09-13T09:52:00,HDFC
H0004025,CYB-2026-11671,1,AC005300,AC000068,2026-09-18T16:03:00,ICICI
H0004026,CYB-2026-11672,1,AC005301,AC000064,2026-09-24T04:05:00,BOB
H0004027,CYB-2026-11672,2,AC000064,AC005302,2026-09-24T04:30:00,BOB
H0004028,CYB-2026-11672,3,AC005302,AC005303,2026-09-24T04:48:00,BOB
H0004029,CYB-2026-11672,4,AC005303,AC005304,2026-09-24T04:48:00,Axis
H0004030,CYB-2026-11673,1,AC005305,AC005306,2026-09-07T14:16:00,Paytm Payments Bank
H0004031,CYB-2026-11673,2,AC005306,AC000026,2026-09-07T14:21:00,ICICI
H0004032,CYB-2026-11674,1,AC005307,AC005308,2026-09-23T17:21:00,HDFC
H0004033,CYB-2026-11675,1,AC005309,AC005310,2026-09-03T06:53:00,BOB
H0004034,CYB-2026-11676,1,AC005311,AC005312,2026-09-13T04:48:00,Paytm Payments Bank
H0004035,CYB-2026-11676,2,AC005312,AC005313,2026-09-13T05:18:00,BOB
H0004036,CYB-2026-11676,3,AC005313,AC005314,2026-09-13T05:37:00,Kotak
H0004037,CYB-2026-11677,1,AC005315,AC005316,2026-09-27T20:42:00,PNB
H0004038,CYB-2026-11677,2,AC005316,AC005317,2026-09-27T20:45:00,BOB
H0004039,CYB-2026-11678,1,AC005318,AC005319,2026-09-23T16:00:00,BOB
H0004040,CYB-2026-11678,2,AC005319,AC005320,2026-09-23T16:22:00,Axis
H0004041,CYB-2026-11678,3,AC005320,AC000050,2026-09-23T16:43:00,SBI
H0004042,CYB-2026-11679,1,AC005321,AC000036,2026-09-05T16:57:00,PNB
H0004043,CYB-2026-11679,2,AC000036,AC005322,2026-09-05T17:11:00,HDFC
H0004044,CYB-2026-11680,1,AC005323,AC005324,2026-09-12T22:17:00,ICICI
H0004045,CYB-2026-11680,2,AC005324,AC005325,2026-09-12T22:35:00,PNB
H0004046,CYB-2026-11681,1,AC005326,AC005327,2026-09-11T21:11:00,Kotak
H0004047,CYB-2026-11681,2,AC005327,AC005328,2026-09-11T21:41:00,BOB
H0004048,CYB-2026-11681,3,AC005328,AC005329,2026-09-11T22:01:00,SBI
H0004049,CYB-2026-11682,1,AC005330,AC005331,2026-09-01T14:44:00,BOB
H0004050,CYB-2026-11682,2,AC005331,AC005332,2026-09-01T14:54:00,BOB
H0004051,CYB-2026-11682,3,AC005332,AC005333,2026-09-01T14:58:00,ICICI
H0004052,CYB-2026-11682,4,AC005333,AC005334,2026-09-01T15:19:00,ICICI
H0004053,CYB-2026-11683,1,AC005335,AC005336,2026-09-06T07:06:00,SBI
H0004054,CYB-2026-11684,1,AC005337,AC000052,2026-09-23T07:50:00,Kotak
H0004055,CYB-2026-11684,2,AC000052,AC005338,2026-09-23T07:57:00,Paytm Payments Bank
H0004056,CYB-2026-11684,3,AC005338,AC005339,2026-09-23T08:20:00,PNB
H0004057,CYB-2026-11684,4,AC005339,AC005340,2026-09-23T08:46:00,Paytm Payments Bank
H0004058,CYB-2026-11685,1,AC005341,AC005342,2026-09-15T22:36:00,Paytm Payments Bank
H0004059,CYB-2026-11685,2,AC005342,AC005343,2026-09-15T22:58:00,Paytm Payments Bank
H0004060,CYB-2026-11685,3,AC005343,AC005344,2026-09-15T23:00:00,HDFC
H0004061,CYB-2026-11685,4,AC005344,AC005345,2026-09-15T23:09:00,BOB
H0004062,CYB-2026-11686,1,AC005346,AC005347,2026-09-30T22:13:00,Axis
H0004063,CYB-2026-11686,2,AC005347,AC005348,2026-09-30T22:26:00,Kotak
H0004064,CYB-2026-11687,1,AC005349,AC005350,2026-09-29T02:10:00,SBI
H0004065,CYB-2026-11687,2,AC005350,AC005351,2026-09-29T02:11:00,Axis
H0004066,CYB-2026-11688,1,AC005352,AC005353,2026-09-02T23:10:00,ICICI
H0004067,CYB-2026-11688,2,AC005353,AC005354,2026-09-02T23:14:00,ICICI
H0004068,CYB-2026-11688,3,AC005354,AC005355,2026-09-02T23:38:00,Axis
H0004069,CYB-2026-11689,1,AC005356,AC005357,2026-09-03T11:20:00,HDFC
H0004070,CYB-2026-11689,2,AC005357,AC005358,2026-09-03T11:47:00,SBI
H0004071,CYB-2026-11690,1,AC005359,AC005360,2026-09-11T05:39:00,BOB
H0004072,CYB-2026-11690,2,AC005360,AC005361,2026-09-11T06:02:00,Paytm Payments Bank
H0004073,CYB-2026-11690,3,AC005361,AC000045,2026-09-11T06:12:00,PNB
H0004074,CYB-2026-11690,4,AC000045,AC005362,2026-09-11T06:40:00,SBI
H0004075,CYB-2026-11691,1,AC005363,AC005364,2026-09-13T10:19:00,Kotak
H0004076,CYB-2026-11691,2,AC005364,AC005365,2026-09-13T10:31:00,PNB
H0004077,CYB-2026-11691,3,AC005365,AC005366,2026-09-13T10:33:00,HDFC
H0004078,CYB-2026-11692,1,AC005367,AC005368,2026-09-08T05:45:00,Kotak
H0004079,CYB-2026-11693,1,AC005369,AC000021,2026-09-16T17:46:00,ICICI
H0004080,CYB-2026-11693,2,AC000021,AC005370,2026-09-16T17:52:00,Kotak
H0004081,CYB-2026-11694,1,AC005371,AC005372,2026-09-21T13:22:00,Kotak
H0004082,CYB-2026-11695,1,AC005373,AC005374,2026-09-04T08:59:00,HDFC
H0004083,CYB-2026-11695,2,AC005374,AC005375,2026-09-04T09:18:00,ICICI
H0004084,CYB-2026-11695,3,AC005375,AC005376,2026-09-04T09:39:00,HDFC
H0004085,CYB-2026-11695,4,AC005376,AC005377,2026-09-04T09:47:00,ICICI
H0004086,CYB-2026-11695,5,AC005377,AC005378,2026-09-04T10:08:00,Axis
H0004087,CYB-2026-11696,1,AC005379,AC005380,2026-09-21T00:28:00,Paytm Payments Bank
H0004088,CYB-2026-11696,2,AC005380,AC000042,2026-09-21T00:37:00,PNB
H0004089,CYB-2026-11696,3,AC000042,AC005381,2026-09-21T00:59:00,Axis
H0004090,CYB-2026-11697,1,AC005382,AC005383,2026-09-23T16:09:00,ICICI
H0004091,CYB-2026-11697,2,AC005383,AC005384,2026-09-23T16:35:00,PNB
H0004092,CYB-2026-11698,1,AC005385,AC005386,2026-09-16T23:41:00,SBI
H0004093,CYB-2026-11698,2,AC005386,AC000043,2026-09-17T00:01:00,PNB
H0004094,CYB-2026-11699,1,AC005387,AC005388,2026-09-13T05:07:00,Kotak
H0004095,CYB-2026-11700,1,AC005389,AC005390,2026-09-30T18:07:00,Kotak
H0004096,CYB-2026-11700,2,AC005390,AC005391,2026-09-30T18:26:00,Kotak
H0004097,CYB-2026-11700,3,AC005391,AC005392,2026-09-30T18:53:00,ICICI
H0004098,CYB-2026-11701,1,AC005393,AC005394,2026-09-27T17:57:00,HDFC
H0004099,CYB-2026-11701,2,AC005394,AC005395,2026-09-27T18:09:00,SBI
H0004100,CYB-2026-11702,1,AC005396,AC005397,2026-09-19T22:45:00,PNB
H0004101,CYB-2026-11702,2,AC005397,AC005398,2026-09-19T22:54:00,SBI
H0004102,CYB-2026-11703,1,AC005399,AC005400,2026-09-30T02:24:00,Paytm Payments Bank
H0004103,CYB-2026-11703,2,AC005400,AC005401,2026-09-30T02:49:00,Axis
H0004104,CYB-2026-11703,3,AC005401,AC005402,2026-09-30T02:52:00,Kotak
H0004105,CYB-2026-11703,4,AC005402,AC005403,2026-09-30T03:10:00,Kotak
H0004106,CYB-2026-11704,1,AC005404,AC005405,2026-09-02T22:56:00,BOB
H0004107,CYB-2026-11704,2,AC005405,AC000010,2026-09-02T23:10:00,Kotak
H0004108,CYB-2026-11705,1,AC005406,AC005407,2026-09-18T16:49:00,BOB
H0004109,CYB-2026-11705,2,AC005407,AC005408,2026-09-18T16:54:00,Kotak
H0004110,CYB-2026-11706,1,AC005409,AC005410,2026-09-27T13:51:00,Axis
H0004111,CYB-2026-11706,2,AC005410,AC005411,2026-09-27T13:57:00,BOB
H0004112,CYB-2026-11706,3,AC005411,AC005412,2026-09-27T14:04:00,Kotak
H0004113,CYB-2026-11706,4,AC005412,AC005413,2026-09-27T14:29:00,Kotak
H0004114,CYB-2026-11706,5,AC005413,AC005414,2026-09-27T14:48:00,BOB
H0004115,CYB-2026-11707,1,AC005415,AC005416,2026-09-13T13:26:00,HDFC
H0004116,CYB-2026-11707,2,AC005416,AC005417,2026-09-13T13:45:00,SBI
H0004117,CYB-2026-11708,1,AC005418,AC005419,2026-09-15T08:49:00,Axis
H0004118,CYB-2026-11708,2,AC005419,AC005420,2026-09-15T09:11:00,BOB
H0004119,CYB-2026-11709,1,AC005421,AC005422,2026-09-01T18:25:00,BOB
H0004120,CYB-2026-11709,2,AC005422,AC005423,2026-09-01T18:42:00,ICICI
H0004121,CYB-2026-11710,1,AC005424,AC005425,2026-09-20T03:47:00,HDFC
H0004122,CYB-2026-11710,2,AC005425,AC005426,2026-09-20T04:03:00,BOB
H0004123,CYB-2026-11711,1,AC005427,AC005428,2026-09-08T19:40:00,BOB
H0004124,CYB-2026-11711,2,AC005428,AC000014,2026-09-08T19:58:00,Paytm Payments Bank
H0004125,CYB-2026-11712,1,AC005429,AC005430,2026-09-19T04:49:00,BOB
H0004126,CYB-2026-11712,2,AC005430,AC005431,2026-09-19T05:11:00,Axis
H0004127,CYB-2026-11712,3,AC005431,AC005432,2026-09-19T05:32:00,Kotak
H0004128,CYB-2026-11712,4,AC005432,AC005433,2026-09-19T06:01:00,HDFC
H0004129,CYB-2026-11713,1,AC005434,AC005435,2026-09-16T20:19:00,SBI
H0004130,CYB-2026-11713,2,AC005435,AC005436,2026-09-16T20:23:00,SBI
H0004131,CYB-2026-11714,1,AC005437,AC005438,2026-09-21T11:51:00,PNB
H0004132,CYB-2026-11714,2,AC005438,AC005439,2026-09-21T12:21:00,HDFC
H0004133,CYB-2026-11714,3,AC005439,AC005440,2026-09-21T12:42:00,ICICI
H0004134,CYB-2026-11715,1,AC005441,AC000057,2026-09-15T23:35:00,Axis
H0004135,CYB-2026-11715,2,AC000057,AC005442,2026-09-15T23:35:00,Axis
H0004136,CYB-2026-11716,1,AC005443,AC005444,2026-09-03T08:41:00,HDFC
H0004137,CYB-2026-11716,2,AC005444,AC005445,2026-09-03T08:48:00,Paytm Payments Bank
H0004138,CYB-2026-11716,3,AC005445,AC005446,2026-09-03T09:11:00,Kotak
H0004139,CYB-2026-11716,4,AC005446,AC000054,2026-09-03T09:31:00,Paytm Payments Bank
H0004140,CYB-2026-11717,1,AC005447,AC005448,2026-09-14T02:18:00,PNB
H0004141,CYB-2026-11717,2,AC005448,AC000050,2026-09-14T02:44:00,Axis
H0004142,CYB-2026-11718,1,AC005449,AC000079,2026-09-12T22:25:00,BOB
H0004143,CYB-2026-11718,2,AC000079,AC000030,2026-09-12T22:44:00,SBI
H0004144,CYB-2026-11718,3,AC000030,AC005450,2026-09-12T23:13:00,PNB
H0004145,CYB-2026-11719,1,AC005451,AC005452,2026-09-30T15:08:00,HDFC
H0004146,CYB-2026-11719,2,AC005452,AC005453,2026-09-30T15:27:00,Paytm Payments Bank
H0004147,CYB-2026-11719,3,AC005453,AC005454,2026-09-30T15:30:00,HDFC
H0004148,CYB-2026-11720,1,AC005455,AC005456,2026-09-27T15:08:00,HDFC
H0004149,CYB-2026-11720,2,AC005456,AC005457,2026-09-27T15:37:00,Axis
H0004150,CYB-2026-11721,1,AC005458,AC005459,2026-09-09T01:56:00,SBI
H0004151,CYB-2026-11721,2,AC005459,AC005460,2026-09-09T02:12:00,Paytm Payments Bank
H0004152,CYB-2026-11721,3,AC005460,AC005461,2026-09-09T02:20:00,SBI
H0004153,CYB-2026-11722,1,AC005462,AC000053,2026-09-14T19:43:00,Paytm Payments Bank
H0004154,CYB-2026-11722,2,AC000053,AC005463,2026-09-14T20:08:00,Kotak
H0004155,CYB-2026-11722,3,AC005463,AC005464,2026-09-14T20:23:00,PNB
H0004156,CYB-2026-11723,1,AC005465,AC005466,2026-09-16T23:09:00,SBI
H0004157,CYB-2026-11724,1,AC005467,AC005468,2026-09-16T07:09:00,SBI
H0004158,CYB-2026-11724,2,AC005468,AC005469,2026-09-16T07:19:00,Paytm Payments Bank
H0004159,CYB-2026-11724,3,AC005469,AC000064,2026-09-16T07:21:00,Paytm Payments Bank
H0004160,CYB-2026-11725,1,AC005470,AC005471,2026-09-27T08:29:00,BOB
H0004161,CYB-2026-11726,1,AC005472,AC005473,2026-09-29T23:40:00,BOB
H0004162,CYB-2026-11726,2,AC005473,AC005474,2026-09-29T23:43:00,Paytm Payments Bank
H0004163,CYB-2026-11727,1,AC005475,AC005476,2026-09-01T16:45:00,Paytm Payments Bank
H0004164,CYB-2026-11728,1,AC005477,AC005478,2026-09-09T07:45:00,Paytm Payments Bank
H0004165,CYB-2026-11728,2,AC005478,AC005479,2026-09-09T08:09:00,Paytm Payments Bank
H0004166,CYB-2026-11728,3,AC005479,AC005480,2026-09-09T08:17:00,Kotak
H0004167,CYB-2026-11729,1,AC005481,AC005482,2026-09-27T23:03:00,HDFC
H0004168,CYB-2026-11730,1,AC005483,AC005484,2026-09-21T23:12:00,HDFC
H0004169,CYB-2026-11730,2,AC005484,AC000007,2026-09-21T23:27:00,Paytm Payments Bank
H0004170,CYB-2026-11731,1,AC005485,AC005486,2026-09-16T19:09:00,ICICI
H0004171,CYB-2026-11731,2,AC005486,AC005487,2026-09-16T19:30:00,Axis
H0004172,CYB-2026-11731,3,AC005487,AC005488,2026-09-16T19:40:00,PNB
H0004173,CYB-2026-11731,4,AC005488,AC005489,2026-09-16T20:01:00,SBI
H0004174,CYB-2026-11732,1,AC005490,AC000056,2026-09-18T13:30:00,ICICI
H0004175,CYB-2026-11732,2,AC000056,AC005491,2026-09-18T14:00:00,BOB
H0004176,CYB-2026-11733,1,AC005492,AC005493,2026-09-21T09:57:00,SBI
H0004177,CYB-2026-11733,2,AC005493,AC005494,2026-09-21T10:03:00,BOB
H0004178,CYB-2026-11734,1,AC005495,AC005496,2026-09-21T11:24:00,Axis
H0004179,CYB-2026-11735,1,AC005497,AC005498,2026-09-02T17:33:00,Axis
H0004180,CYB-2026-11735,2,AC005498,AC005499,2026-09-02T18:03:00,Axis
H0004181,CYB-2026-11736,1,AC005500,AC005501,2026-09-14T00:13:00,SBI
H0004182,CYB-2026-11736,2,AC005501,AC005502,2026-09-14T00:43:00,BOB
H0004183,CYB-2026-11736,3,AC005502,AC005503,2026-09-14T00:51:00,Axis
H0004184,CYB-2026-11736,4,AC005503,AC005504,2026-09-14T00:51:00,BOB
H0004185,CYB-2026-11737,1,AC005505,AC000065,2026-09-15T23:05:00,Axis
H0004186,CYB-2026-11737,2,AC000065,AC005506,2026-09-15T23:31:00,SBI
H0004187,CYB-2026-11737,3,AC005506,AC000049,2026-09-15T23:58:00,PNB
H0004188,CYB-2026-11738,1,AC005507,AC005508,2026-09-12T10:27:00,SBI
H0004189,CYB-2026-11738,2,AC005508,AC005509,2026-09-12T10:38:00,Kotak
H0004190,CYB-2026-11738,3,AC005509,AC005510,2026-09-12T11:06:00,ICICI
H0004191,CYB-2026-11738,4,AC005510,AC005511,2026-09-12T11:06:00,Kotak
H0004192,CYB-2026-11738,5,AC005511,AC005512,2026-09-12T11:20:00,BOB
H0004193,CYB-2026-11739,1,AC005513,AC005514,2026-09-26T14:46:00,BOB
H0004194,CYB-2026-11739,2,AC005514,AC000024,2026-09-26T14:47:00,Axis
H0004195,CYB-2026-11739,3,AC000024,AC005515,2026-09-26T15:17:00,ICICI
H0004196,CYB-2026-11739,4,AC005515,AC005516,2026-09-26T15:24:00,HDFC
H0004197,CYB-2026-11740,1,AC005517,AC005518,2026-09-10T18:31:00,Paytm Payments Bank
H0004198,CYB-2026-11740,2,AC005518,AC005519,2026-09-10T18:59:00,Paytm Payments Bank
H0004199,CYB-2026-11740,3,AC005519,AC005520,2026-09-10T19:24:00,HDFC
H0004200,CYB-2026-11741,1,AC005521,AC005522,2026-09-27T11:29:00,BOB
H0004201,CYB-2026-11741,2,AC005522,AC000025,2026-09-27T11:53:00,ICICI
H0004202,CYB-2026-11741,3,AC000025,AC005523,2026-09-27T12:09:00,SBI
H0004203,CYB-2026-11742,1,AC005524,AC000003,2026-09-23T10:43:00,ICICI
H0004204,CYB-2026-11742,2,AC000003,AC005525,2026-09-23T11:03:00,SBI
H0004205,CYB-2026-11742,3,AC005525,AC000063,2026-09-23T11:14:00,PNB
H0004206,CYB-2026-11743,1,AC005526,AC005527,2026-09-07T12:14:00,Paytm Payments Bank
H0004207,CYB-2026-11743,2,AC005527,AC005528,2026-09-07T12:37:00,SBI
H0004208,CYB-2026-11744,1,AC005529,AC005530,2026-09-12T18:34:00,BOB
H0004209,CYB-2026-11744,2,AC005530,AC000069,2026-09-12T19:03:00,Kotak
H0004210,CYB-2026-11745,1,AC005531,AC005532,2026-09-24T08:37:00,BOB
H0004211,CYB-2026-11745,2,AC005532,AC005533,2026-09-24T08:57:00,SBI
H0004212,CYB-2026-11745,3,AC005533,AC005534,2026-09-24T09:22:00,HDFC
H0004213,CYB-2026-11746,1,AC005535,AC005536,2026-09-23T08:22:00,HDFC
H0004214,CYB-2026-11746,2,AC005536,AC005537,2026-09-23T08:36:00,SBI
H0004215,CYB-2026-11746,3,AC005537,AC000006,2026-09-23T08:59:00,HDFC
H0004216,CYB-2026-11746,4,AC000006,AC005538,2026-09-23T09:14:00,Paytm Payments Bank
H0004217,CYB-2026-11747,1,AC005539,AC005540,2026-09-06T16:16:00,ICICI
H0004218,CYB-2026-11747,2,AC005540,AC005541,2026-09-06T16:30:00,SBI
H0004219,CYB-2026-11748,1,AC005542,AC005543,2026-09-28T06:33:00,HDFC
H0004220,CYB-2026-11748,2,AC005543,AC000028,2026-09-28T06:58:00,Paytm Payments Bank
H0004221,CYB-2026-11748,3,AC000028,AC000077,2026-09-28T07:03:00,SBI
H0004222,CYB-2026-11749,1,AC005544,AC005545,2026-09-15T08:39:00,BOB
H0004223,CYB-2026-11749,2,AC005545,AC005546,2026-09-15T08:43:00,Kotak
H0004224,CYB-2026-11750,1,AC005547,AC005548,2026-09-21T17:15:00,ICICI
H0004225,CYB-2026-11750,2,AC005548,AC005549,2026-09-21T17:23:00,PNB
H0004226,CYB-2026-11750,3,AC005549,AC005550,2026-09-21T17:32:00,Axis
H0004227,CYB-2026-11750,4,AC005550,AC005551,2026-09-21T17:42:00,PNB
H0004228,CYB-2026-11751,1,AC005552,AC005553,2026-09-17T17:41:00,PNB
H0004229,CYB-2026-11751,2,AC005553,AC005554,2026-09-17T17:57:00,SBI
H0004230,CYB-2026-11751,3,AC005554,AC005555,2026-09-17T18:16:00,SBI
H0004231,CYB-2026-11752,1,AC005556,AC005557,2026-09-06T23:25:00,SBI
H0004232,CYB-2026-11752,2,AC005557,AC005558,2026-09-06T23:48:00,SBI
H0004233,CYB-2026-11752,3,AC005558,AC005559,2026-09-06T23:48:00,HDFC
H0004234,CYB-2026-11752,4,AC005559,AC005560,2026-09-06T23:59:00,Paytm Payments Bank
H0004235,CYB-2026-11752,5,AC005560,AC005561,2026-09-07T00:12:00,ICICI
H0004236,CYB-2026-11753,1,AC005562,AC005563,2026-09-07T13:40:00,SBI
H0004237,CYB-2026-11753,2,AC005563,AC005564,2026-09-07T14:05:00,Axis
H0004238,CYB-2026-11754,1,AC005565,AC000015,2026-09-16T09:07:00,Paytm Payments Bank
H0004239,CYB-2026-11755,1,AC005566,AC000035,2026-09-20T10:01:00,Axis
H0004240,CYB-2026-11755,2,AC000035,AC005567,2026-09-20T10:11:00,PNB
H0004241,CYB-2026-11755,3,AC005567,AC005568,2026-09-20T10:20:00,ICICI
H0004242,CYB-2026-11755,4,AC005568,AC005569,2026-09-20T10:37:00,Axis
H0004243,CYB-2026-11755,5,AC005569,AC005570,2026-09-20T11:07:00,Kotak
H0004244,CYB-2026-11756,1,AC005571,AC005572,2026-09-17T07:33:00,BOB
H0004245,CYB-2026-11757,1,AC005573,AC005574,2026-09-16T00:41:00,SBI
H0004246,CYB-2026-11757,2,AC005574,AC005575,2026-09-16T01:03:00,SBI
H0004247,CYB-2026-11757,3,AC005575,AC005576,2026-09-16T01:29:00,Paytm Payments Bank
H0004248,CYB-2026-11757,4,AC005576,AC005577,2026-09-16T01:56:00,PNB
H0004249,CYB-2026-11758,1,AC005578,AC005579,2026-09-16T01:00:00,ICICI
H0004250,CYB-2026-11759,1,AC005580,AC005581,2026-09-04T00:56:00,Axis
H0004251,CYB-2026-11759,2,AC005581,AC005582,2026-09-04T01:05:00,Axis
H0004252,CYB-2026-11760,1,AC005583,AC005584,2026-09-28T02:40:00,Axis
H0004253,CYB-2026-11760,2,AC005584,AC005585,2026-09-28T02:46:00,Axis
H0004254,CYB-2026-11761,1,AC005586,AC005587,2026-09-11T20:19:00,Axis
H0004255,CYB-2026-11761,2,AC005587,AC000030,2026-09-11T20:32:00,PNB
H0004256,CYB-2026-11762,1,AC005588,AC005589,2026-09-30T02:13:00,ICICI
H0004257,CYB-2026-11763,1,AC005590,AC005591,2026-09-03T11:04:00,SBI
H0004258,CYB-2026-11763,2,AC005591,AC005592,2026-09-03T11:06:00,Kotak
H0004259,CYB-2026-11764,1,AC005593,AC005594,2026-09-30T02:53:00,PNB
H0004260,CYB-2026-11764,2,AC005594,AC005595,2026-09-30T03:05:00,PNB
H0004261,CYB-2026-11764,3,AC005595,AC000076,2026-09-30T03:24:00,ICICI
H0004262,CYB-2026-11765,1,AC005596,AC005597,2026-09-23T09:37:00,Kotak
H0004263,CYB-2026-11766,1,AC005598,AC005599,2026-09-04T09:08:00,Kotak
H0004264,CYB-2026-11766,2,AC005599,AC005600,2026-09-04T09:38:00,HDFC
H0004265,CYB-2026-11766,3,AC005600,AC005601,2026-09-04T09:50:00,BOB
H0004266,CYB-2026-11766,4,AC005601,AC005602,2026-09-04T09:55:00,ICICI
H0004267,CYB-2026-11767,1,AC005603,AC005604,2026-09-07T09:00:00,BOB
H0004268,CYB-2026-11767,2,AC005604,AC005605,2026-09-07T09:04:00,SBI
H0004269,CYB-2026-11767,3,AC005605,AC005606,2026-09-07T09:04:00,Paytm Payments Bank
H0004270,CYB-2026-11767,4,AC005606,AC005607,2026-09-07T09:06:00,Kotak
H0004271,CYB-2026-11768,1,AC005608,AC005609,2026-09-24T01:39:00,HDFC
H0004272,CYB-2026-11768,2,AC005609,AC005610,2026-09-24T02:00:00,Axis
H0004273,CYB-2026-11768,3,AC005610,AC005611,2026-09-24T02:13:00,SBI
H0004274,CYB-2026-11768,4,AC005611,AC005612,2026-09-24T02:29:00,SBI
H0004275,CYB-2026-11769,1,AC005613,AC005614,2026-09-20T06:11:00,Paytm Payments Bank
H0004276,CYB-2026-11769,2,AC005614,AC005615,2026-09-20T06:27:00,HDFC
H0004277,CYB-2026-11769,3,AC005615,AC005616,2026-09-20T06:33:00,SBI
H0004278,CYB-2026-11769,4,AC005616,AC005617,2026-09-20T07:01:00,BOB
H0004279,CYB-2026-11769,5,AC005617,AC005618,2026-09-20T07:13:00,Axis
H0004280,CYB-2026-11770,1,AC005619,AC005620,2026-09-17T07:18:00,SBI
H0004281,CYB-2026-11770,2,AC005620,AC005621,2026-09-17T07:38:00,SBI
H0004282,CYB-2026-11771,1,AC005622,AC000020,2026-09-18T13:38:00,Paytm Payments Bank
H0004283,CYB-2026-11771,2,AC000020,AC005623,2026-09-18T13:38:00,HDFC
H0004284,CYB-2026-11772,1,AC005624,AC005625,2026-09-17T06:16:00,SBI
H0004285,CYB-2026-11772,2,AC005625,AC005626,2026-09-17T06:23:00,SBI
H0004286,CYB-2026-11773,1,AC005627,AC005628,2026-09-29T20:58:00,Axis
H0004287,CYB-2026-11773,2,AC005628,AC005629,2026-09-29T21:26:00,HDFC
H0004288,CYB-2026-11773,3,AC005629,AC005630,2026-09-29T21:41:00,PNB
H0004289,CYB-2026-11774,1,AC005631,AC005632,2026-09-18T05:25:00,HDFC
H0004290,CYB-2026-11774,2,AC005632,AC000039,2026-09-18T05:36:00,BOB
H0004291,CYB-2026-11774,3,AC000039,AC000078,2026-09-18T06:01:00,Kotak
H0004292,CYB-2026-11775,1,AC005633,AC000005,2026-10-01T02:23:00,Kotak
H0004293,CYB-2026-11776,1,AC005634,AC005635,2026-09-22T22:51:00,BOB
H0004294,CYB-2026-11776,2,AC005635,AC005636,2026-09-22T23:08:00,Paytm Payments Bank
H0004295,CYB-2026-11777,1,AC005637,AC005638,2026-09-08T05:53:00,ICICI
H0004296,CYB-2026-11777,2,AC005638,AC005639,2026-09-08T06:23:00,PNB
H0004297,CYB-2026-11778,1,AC005640,AC005641,2026-09-24T08:20:00,BOB
H0004298,CYB-2026-11779,1,AC005642,AC005643,2026-09-05T16:47:00,PNB
H0004299,CYB-2026-11779,2,AC005643,AC005644,2026-09-05T16:54:00,SBI
H0004300,CYB-2026-11780,1,AC005645,AC005646,2026-09-15T05:55:00,PNB
H0004301,CYB-2026-11780,2,AC005646,AC000073,2026-09-15T06:13:00,BOB
H0004302,CYB-2026-11781,1,AC005647,AC005648,2026-09-10T02:48:00,ICICI
H0004303,CYB-2026-11781,2,AC005648,AC005649,2026-09-10T02:52:00,Paytm Payments Bank
H0004304,CYB-2026-11781,3,AC005649,AC005650,2026-09-10T03:12:00,BOB
H0004305,CYB-2026-11781,4,AC005650,AC000022,2026-09-10T03:16:00,Axis
H0004306,CYB-2026-11782,1,AC005651,AC000048,2026-09-21T19:32:00,SBI
H0004307,CYB-2026-11782,2,AC000048,AC005652,2026-09-21T19:35:00,ICICI
H0004308,CYB-2026-11782,3,AC005652,AC005653,2026-09-21T19:51:00,SBI
H0004309,CYB-2026-11783,1,AC005654,AC005655,2026-09-09T10:33:00,PNB
H0004310,CYB-2026-11784,1,AC005656,AC005657,2026-09-20T05:00:00,Kotak
H0004311,CYB-2026-11784,2,AC005657,AC005658,2026-09-20T05:25:00,PNB
H0004312,CYB-2026-11785,1,AC005659,AC005660,2026-09-26T12:45:00,Axis
H0004313,CYB-2026-11785,2,AC005660,AC005661,2026-09-26T12:52:00,Paytm Payments Bank
H0004314,CYB-2026-11785,3,AC005661,AC005662,2026-09-26T12:54:00,PNB
H0004315,CYB-2026-11785,4,AC005662,AC005663,2026-09-26T13:01:00,HDFC
H0004316,CYB-2026-11785,5,AC005663,AC005664,2026-09-26T13:28:00,HDFC
H0004317,CYB-2026-11786,1,AC005665,AC005666,2026-09-27T23:27:00,BOB
H0004318,CYB-2026-11787,1,AC005667,AC005668,2026-09-24T02:04:00,BOB
H0004319,CYB-2026-11788,1,AC005669,AC005670,2026-09-26T09:16:00,PNB
H0004320,CYB-2026-11789,1,AC005671,AC005672,2026-09-30T02:06:00,HDFC
H0004321,CYB-2026-11790,1,AC005673,AC000047,2026-09-01T08:38:00,SBI
H0004322,CYB-2026-11790,2,AC000047,AC005674,2026-09-01T08:46:00,SBI
H0004323,CYB-2026-11791,1,AC005675,AC000014,2026-09-22T03:14:00,Kotak
H0004324,CYB-2026-11792,1,AC005676,AC005677,2026-09-22T02:11:00,PNB
H0004325,CYB-2026-11792,2,AC005677,AC000028,2026-09-22T02:38:00,Paytm Payments Bank
H0004326,CYB-2026-11792,3,AC000028,AC005678,2026-09-22T02:57:00,Paytm Payments Bank
H0004327,CYB-2026-11793,1,AC005679,AC005680,2026-09-29T05:48:00,PNB
H0004328,CYB-2026-11793,2,AC005680,AC000050,2026-09-29T05:48:00,Axis
H0004329,CYB-2026-11794,1,AC005681,AC005682,2026-09-03T08:01:00,SBI
H0004330,CYB-2026-11794,2,AC005682,AC000069,2026-09-03T08:20:00,BOB
H0004331,CYB-2026-11795,1,AC005683,AC000057,2026-09-02T23:03:00,BOB
H0004332,CYB-2026-11795,2,AC000057,AC005684,2026-09-02T23:12:00,BOB
H0004333,CYB-2026-11796,1,AC005685,AC005686,2026-09-04T10:09:00,HDFC
H0004334,CYB-2026-11796,2,AC005686,AC000007,2026-09-04T10:38:00,Paytm Payments Bank
H0004335,CYB-2026-11796,3,AC000007,AC005687,2026-09-04T10:38:00,HDFC
H0004336,CYB-2026-11797,1,AC005688,AC005689,2026-09-10T05:31:00,HDFC
H0004337,CYB-2026-11797,2,AC005689,AC005690,2026-09-10T05:49:00,BOB
H0004338,CYB-2026-11798,1,AC005691,AC005692,2026-09-14T07:21:00,BOB
H0004339,CYB-2026-11798,2,AC005692,AC005693,2026-09-14T07:28:00,Axis
H0004340,CYB-2026-11798,3,AC005693,AC005694,2026-09-14T07:49:00,PNB
H0004341,CYB-2026-11798,4,AC005694,AC005695,2026-09-14T08:12:00,BOB
H0004342,CYB-2026-11799,1,AC005696,AC005697,2026-09-23T02:49:00,SBI
H0004343,CYB-2026-11800,1,AC005698,AC005699,2026-09-09T10:55:00,HDFC
H0004344,CYB-2026-11800,2,AC005699,AC005700,2026-09-09T11:14:00,Paytm Payments Bank
H0004345,CYB-2026-11801,1,AC005701,AC005702,2026-09-15T01:48:00,ICICI
H0004346,CYB-2026-11801,2,AC005702,AC005703,2026-09-15T01:54:00,Kotak
H0004347,CYB-2026-11802,1,AC005704,AC005705,2026-10-01T05:46:00,HDFC
H0004348,CYB-2026-11802,2,AC005705,AC005706,2026-10-01T06:16:00,Axis
H0004349,CYB-2026-11802,3,AC005706,AC005707,2026-10-01T06:22:00,HDFC
H0004350,CYB-2026-11803,1,AC005708,AC005709,2026-09-17T19:50:00,Kotak
H0004351,CYB-2026-11803,2,AC005709,AC005710,2026-09-17T19:54:00,HDFC
H0004352,CYB-2026-11803,3,AC005710,AC005711,2026-09-17T19:57:00,BOB
H0004353,CYB-2026-11803,4,AC005711,AC005712,2026-09-17T19:57:00,BOB
H0004354,CYB-2026-11804,1,AC005713,AC000038,2026-09-28T05:33:00,Kotak
H0004355,CYB-2026-11804,2,AC000038,AC005714,2026-09-28T05:33:00,Axis
H0004356,CYB-2026-11804,3,AC005714,AC005715,2026-09-28T05:40:00,PNB
H0004357,CYB-2026-11805,1,AC005716,AC005717,2026-09-19T08:38:00,SBI
H0004358,CYB-2026-11805,2,AC005717,AC005718,2026-09-19T08:57:00,ICICI
H0004359,CYB-2026-11805,3,AC005718,AC005719,2026-09-19T08:58:00,SBI
H0004360,CYB-2026-11806,1,AC005720,AC005721,2026-09-04T14:53:00,PNB
H0004361,CYB-2026-11806,2,AC005721,AC005722,2026-09-04T15:23:00,HDFC
H0004362,CYB-2026-11806,3,AC005722,AC005723,2026-09-04T15:25:00,Axis
H0004363,CYB-2026-11806,4,AC005723,AC000072,2026-09-04T15:41:00,ICICI
H0004364,CYB-2026-11807,1,AC005724,AC005725,2026-09-29T16:12:00,Axis
H0004365,CYB-2026-11807,2,AC005725,AC000034,2026-09-29T16:33:00,PNB
H0004366,CYB-2026-11808,1,AC005726,AC005727,2026-09-17T18:20:00,HDFC
H0004367,CYB-2026-11808,2,AC005727,AC005728,2026-09-17T18:36:00,ICICI
H0004368,CYB-2026-11809,1,AC005729,AC000029,2026-09-14T08:22:00,SBI
H0004369,CYB-2026-11809,2,AC000029,AC005730,2026-09-14T08:35:00,PNB
H0004370,CYB-2026-11809,3,AC005730,AC005731,2026-09-14T08:57:00,BOB
H0004371,CYB-2026-11810,1,AC005732,AC005733,2026-09-28T03:35:00,Axis
H0004372,CYB-2026-11810,2,AC005733,AC005734,2026-09-28T04:00:00,HDFC
H0004373,CYB-2026-11811,1,AC005735,AC005736,2026-09-08T01:24:00,Axis
H0004374,CYB-2026-11812,1,AC005737,AC005738,2026-09-09T17:50:00,PNB
H0004375,CYB-2026-11812,2,AC005738,AC005739,2026-09-09T17:58:00,Axis
H0004376,CYB-2026-11812,3,AC005739,AC005740,2026-09-09T18:21:00,BOB
H0004377,CYB-2026-11813,1,AC005741,AC000033,2026-09-04T15:14:00,SBI
H0004378,CYB-2026-11814,1,AC005742,AC005743,2026-09-28T07:01:00,Paytm Payments Bank
H0004379,CYB-2026-11814,2,AC005743,AC005744,2026-09-28T07:30:00,SBI
H0004380,CYB-2026-11814,3,AC005744,AC005745,2026-09-28T07:41:00,HDFC
H0004381,CYB-2026-11814,4,AC005745,AC005746,2026-09-28T07:41:00,PNB
H0004382,CYB-2026-11814,5,AC005746,AC005747,2026-09-28T08:11:00,Axis
H0004383,CYB-2026-11815,1,AC005748,AC005749,2026-09-02T06:42:00,HDFC
H0004384,CYB-2026-11815,2,AC005749,AC005750,2026-09-02T06:42:00,ICICI
H0004385,CYB-2026-11816,1,AC005751,AC005752,2026-09-10T03:47:00,HDFC
H0004386,CYB-2026-11816,2,AC005752,AC005753,2026-09-10T04:07:00,ICICI
H0004387,CYB-2026-11816,3,AC005753,AC005754,2026-09-10T04:21:00,PNB
H0004388,CYB-2026-11817,1,AC005755,AC005756,2026-09-22T00:11:00,Kotak
H0004389,CYB-2026-11817,2,AC005756,AC005757,2026-09-22T00:31:00,Paytm Payments Bank
H0004390,CYB-2026-11817,3,AC005757,AC005758,2026-09-22T00:34:00,HDFC
H0004391,CYB-2026-11817,4,AC005758,AC005759,2026-09-22T01:04:00,PNB
H0004392,CYB-2026-11818,1,AC005760,AC000066,2026-09-03T05:17:00,ICICI
H0004393,CYB-2026-11819,1,AC005761,AC000061,2026-09-22T11:42:00,Axis
H0004394,CYB-2026-11820,1,AC005762,AC005763,2026-09-14T11:40:00,ICICI
H0004395,CYB-2026-11820,2,AC005763,AC000079,2026-09-14T11:54:00,SBI
H0004396,CYB-2026-11820,3,AC000079,AC005764,2026-09-14T11:58:00,Paytm Payments Bank
H0004397,CYB-2026-11821,1,AC005765,AC005766,2026-09-10T19:02:00,Kotak
H0004398,CYB-2026-11821,2,AC005766,AC005767,2026-09-10T19:04:00,SBI
H0004399,CYB-2026-11822,1,AC005768,AC005769,2026-09-25T17:28:00,Axis
H0004400,CYB-2026-11822,2,AC005769,AC005770,2026-09-25T17:28:00,Axis
H0004401,CYB-2026-11822,3,AC005770,AC005771,2026-09-25T17:42:00,ICICI
H0004402,CYB-2026-11823,1,AC005772,AC005773,2026-09-01T09:24:00,PNB
H0004403,CYB-2026-11823,2,AC005773,AC005774,2026-09-01T09:38:00,Kotak
H0004404,CYB-2026-11824,1,AC005775,AC005776,2026-09-02T14:57:00,BOB
H0004405,CYB-2026-11824,2,AC005776,AC005777,2026-09-02T15:22:00,BOB
H0004406,CYB-2026-11824,3,AC005777,AC005778,2026-09-02T15:48:00,Paytm Payments Bank
H0004407,CYB-2026-11825,1,AC005779,AC005780,2026-09-18T06:30:00,HDFC
H0004408,CYB-2026-11825,2,AC005780,AC005781,2026-09-18T06:38:00,Paytm Payments Bank
H0004409,CYB-2026-11825,3,AC005781,AC000070,2026-09-18T06:47:00,PNB
H0004410,CYB-2026-11826,1,AC005782,AC005783,2026-09-05T14:14:00,BOB
H0004411,CYB-2026-11826,2,AC005783,AC005784,2026-09-05T14:19:00,SBI
H0004412,CYB-2026-11827,1,AC005785,AC000025,2026-10-01T00:36:00,Kotak
H0004413,CYB-2026-11827,2,AC000025,AC005786,2026-10-01T00:58:00,Kotak
H0004414,CYB-2026-11828,1,AC005787,AC005788,2026-09-03T10:39:00,Paytm Payments Bank
H0004415,CYB-2026-11828,2,AC005788,AC005789,2026-09-03T10:46:00,Kotak
H0004416,CYB-2026-11828,3,AC005789,AC005790,2026-09-03T11:09:00,SBI
H0004417,CYB-2026-11829,1,AC005791,AC000043,2026-09-10T07:11:00,ICICI
H0004418,CYB-2026-11830,1,AC005792,AC005793,2026-09-25T23:32:00,HDFC
H0004419,CYB-2026-11831,1,AC005794,AC005795,2026-09-25T13:08:00,HDFC
H0004420,CYB-2026-11831,2,AC005795,AC005796,2026-09-25T13:21:00,HDFC
H0004421,CYB-2026-11831,3,AC005796,AC005797,2026-09-25T13:48:00,PNB
H0004422,CYB-2026-11831,4,AC005797,AC005798,2026-09-25T13:52:00,ICICI
H0004423,CYB-2026-11831,5,AC005798,AC005799,2026-09-25T14:20:00,Axis
H0004424,CYB-2026-11832,1,AC005800,AC005801,2026-09-28T09:27:00,BOB
H0004425,CYB-2026-11832,2,AC005801,AC005802,2026-09-28T09:41:00,Paytm Payments Bank
H0004426,CYB-2026-11832,3,AC005802,AC005803,2026-09-28T10:08:00,HDFC
H0004427,CYB-2026-11832,4,AC005803,AC000025,2026-09-28T10:33:00,Paytm Payments Bank
H0004428,CYB-2026-11833,1,AC005804,AC005805,2026-09-22T13:03:00,HDFC
H0004429,CYB-2026-11833,2,AC005805,AC000050,2026-09-22T13:03:00,Kotak
H0004430,CYB-2026-11833,3,AC000050,AC005806,2026-09-22T13:21:00,Paytm Payments Bank
H0004431,CYB-2026-11833,4,AC005806,AC005807,2026-09-22T13:22:00,HDFC
H0004432,CYB-2026-11834,1,AC005808,AC005809,2026-09-24T23:55:00,PNB
H0004433,CYB-2026-11835,1,AC005810,AC000064,2026-09-27T13:12:00,BOB
H0004434,CYB-2026-11836,1,AC005811,AC005812,2026-09-30T08:03:00,Kotak
H0004435,CYB-2026-11836,2,AC005812,AC005813,2026-09-30T08:32:00,SBI
H0004436,CYB-2026-11836,3,AC005813,AC005814,2026-09-30T08:59:00,Axis
H0004437,CYB-2026-11837,1,AC005815,AC005816,2026-09-17T07:48:00,BOB
H0004438,CYB-2026-11837,2,AC005816,AC005817,2026-09-17T07:51:00,PNB
H0004439,CYB-2026-11838,1,AC005818,AC005819,2026-09-27T03:13:00,PNB
H0004440,CYB-2026-11838,2,AC005819,AC005820,2026-09-27T03:32:00,PNB
H0004441,CYB-2026-11839,1,AC005821,AC005822,2026-09-13T21:08:00,ICICI
H0004442,CYB-2026-11839,2,AC005822,AC005823,2026-09-13T21:12:00,BOB
H0004443,CYB-2026-11839,3,AC005823,AC005824,2026-09-13T21:41:00,Kotak
H0004444,CYB-2026-11839,4,AC005824,AC005825,2026-09-13T21:48:00,PNB
H0004445,CYB-2026-11840,1,AC005826,AC005827,2026-09-13T01:17:00,Kotak
H0004446,CYB-2026-11841,1,AC005828,AC005829,2026-09-27T07:30:00,Axis
H0004447,CYB-2026-11841,2,AC005829,AC005830,2026-09-27T07:45:00,Kotak
H0004448,CYB-2026-11842,1,AC005831,AC000057,2026-09-15T05:12:00,HDFC
H0004449,CYB-2026-11842,2,AC000057,AC005832,2026-09-15T05:38:00,Paytm Payments Bank
H0004450,CYB-2026-11843,1,AC005833,AC005834,2026-09-29T18:17:00,ICICI
H0004451,CYB-2026-11844,1,AC005835,AC005836,2026-09-09T20:49:00,Kotak
H0004452,CYB-2026-11844,2,AC005836,AC005837,2026-09-09T20:50:00,ICICI
H0004453,CYB-2026-11844,3,AC005837,AC005838,2026-09-09T21:14:00,ICICI
H0004454,CYB-2026-11845,1,AC005839,AC005840,2026-09-16T07:41:00,SBI
H0004455,CYB-2026-11845,2,AC005840,AC005841,2026-09-16T08:11:00,ICICI
H0004456,CYB-2026-11845,3,AC005841,AC005842,2026-09-16T08:26:00,Paytm Payments Bank
H0004457,CYB-2026-11845,4,AC005842,AC000055,2026-09-16T08:51:00,Kotak
H0004458,CYB-2026-11845,5,AC000055,AC005843,2026-09-16T09:09:00,Axis
H0004459,CYB-2026-11846,1,AC005844,AC000033,2026-09-08T00:33:00,Axis
H0004460,CYB-2026-11846,2,AC000033,AC005845,2026-09-08T00:42:00,PNB
H0004461,CYB-2026-11847,1,AC005846,AC005847,2026-09-08T13:12:00,HDFC
H0004462,CYB-2026-11848,1,AC005848,AC005849,2026-09-19T17:05:00,Axis
H0004463,CYB-2026-11848,2,AC005849,AC005850,2026-09-19T17:25:00,SBI
H0004464,CYB-2026-11849,1,AC005851,AC005852,2026-09-01T11:16:00,Kotak
H0004465,CYB-2026-11849,2,AC005852,AC005853,2026-09-01T11:17:00,ICICI
H0004466,CYB-2026-11849,3,AC005853,AC005854,2026-09-01T11:23:00,Kotak
H0004467,CYB-2026-11850,1,AC005855,AC005856,2026-09-15T10:48:00,Axis
H0004468,CYB-2026-11851,1,AC005857,AC005858,2026-09-02T14:07:00,ICICI
H0004469,CYB-2026-11852,1,AC005859,AC005860,2026-09-26T22:29:00,HDFC
H0004470,CYB-2026-11852,2,AC005860,AC005861,2026-09-26T22:48:00,SBI
H0004471,CYB-2026-11853,1,AC005862,AC005863,2026-09-06T04:12:00,Axis
H0004472,CYB-2026-11854,1,AC005864,AC005865,2026-09-06T11:10:00,Axis
H0004473,CYB-2026-11854,2,AC005865,AC005866,2026-09-06T11:36:00,Axis
H0004474,CYB-2026-11855,1,AC005867,AC005868,2026-09-18T10:54:00,SBI
H0004475,CYB-2026-11856,1,AC005869,AC005870,2026-09-06T23:46:00,PNB
H0004476,CYB-2026-11857,1,AC005871,AC005872,2026-09-25T21:55:00,ICICI
H0004477,CYB-2026-11857,2,AC005872,AC000025,2026-09-25T21:59:00,ICICI
H0004478,CYB-2026-11858,1,AC005873,AC005874,2026-09-26T10:41:00,Kotak
H0004479,CYB-2026-11858,2,AC005874,AC005875,2026-09-26T10:51:00,ICICI
H0004480,CYB-2026-11859,1,AC005876,AC005877,2026-09-02T03:34:00,PNB
H0004481,CYB-2026-11859,2,AC005877,AC005878,2026-09-02T03:44:00,ICICI
H0004482,CYB-2026-11859,3,AC005878,AC005879,2026-09-02T03:50:00,Paytm Payments Bank
H0004483,CYB-2026-11860,1,AC005880,AC005881,2026-09-13T03:18:00,PNB
H0004484,CYB-2026-11861,1,AC005882,AC005883,2026-09-07T17:28:00,PNB
H0004485,CYB-2026-11861,2,AC005883,AC005884,2026-09-07T17:44:00,SBI
H0004486,CYB-2026-11862,1,AC005885,AC005886,2026-09-30T13:18:00,Kotak
H0004487,CYB-2026-11863,1,AC005887,AC005888,2026-09-16T11:36:00,BOB
H0004488,CYB-2026-11864,1,AC005889,AC005890,2026-09-09T22:52:00,Kotak
H0004489,CYB-2026-11864,2,AC005890,AC005891,2026-09-09T23:03:00,PNB
H0004490,CYB-2026-11865,1,AC005892,AC005893,2026-09-26T13:42:00,HDFC
H0004491,CYB-2026-11866,1,AC005894,AC005895,2026-09-05T22:35:00,HDFC
H0004492,CYB-2026-11866,2,AC005895,AC005896,2026-09-05T22:36:00,Paytm Payments Bank
H0004493,CYB-2026-11867,1,AC005897,AC005898,2026-09-27T14:46:00,ICICI
H0004494,CYB-2026-11867,2,AC005898,AC005899,2026-09-27T14:55:00,BOB
H0004495,CYB-2026-11867,3,AC005899,AC000007,2026-09-27T15:05:00,HDFC
H0004496,CYB-2026-11868,1,AC005900,AC005901,2026-09-23T20:09:00,Kotak
H0004497,CYB-2026-11869,1,AC005902,AC000023,2026-09-11T17:08:00,Paytm Payments Bank
H0004498,CYB-2026-11870,1,AC005903,AC005904,2026-10-01T00:36:00,Paytm Payments Bank
H0004499,CYB-2026-11870,2,AC005904,AC005905,2026-10-01T00:44:00,ICICI
H0004500,CYB-2026-11870,3,AC005905,AC005906,2026-10-01T00:56:00,PNB
H0004501,CYB-2026-11870,4,AC005906,AC005907,2026-10-01T01:01:00,SBI
H0004502,CYB-2026-11871,1,AC005908,AC000025,2026-09-21T07:35:00,Paytm Payments Bank
H0004503,CYB-2026-11871,2,AC000025,AC005909,2026-09-21T07:54:00,Axis
H0004504,CYB-2026-11871,3,AC005909,AC005910,2026-09-21T08:19:00,BOB
H0004505,CYB-2026-11872,1,AC005911,AC005912,2026-09-25T12:58:00,Kotak
H0004506,CYB-2026-11872,2,AC005912,AC005913,2026-09-25T13:00:00,Paytm Payments Bank
H0004507,CYB-2026-11873,1,AC005914,AC005915,2026-09-19T01:21:00,SBI
H0004508,CYB-2026-11874,1,AC005916,AC005917,2026-09-03T07:17:00,BOB
H0004509,CYB-2026-11874,2,AC005917,AC005918,2026-09-03T07:25:00,Kotak
H0004510,CYB-2026-11875,1,AC005919,AC005920,2026-09-06T13:45:00,HDFC
H0004511,CYB-2026-11875,2,AC005920,AC005921,2026-09-06T13:53:00,BOB
H0004512,CYB-2026-11876,1,AC005922,AC005923,2026-09-20T00:30:00,Paytm Payments Bank
H0004513,CYB-2026-11876,2,AC005923,AC005924,2026-09-20T00:36:00,PNB
H0004514,CYB-2026-11876,3,AC005924,AC005925,2026-09-20T01:03:00,SBI
H0004515,CYB-2026-11877,1,AC005926,AC005927,2026-09-08T07:13:00,SBI
H0004516,CYB-2026-11877,2,AC005927,AC005928,2026-09-08T07:23:00,PNB
H0004517,CYB-2026-11877,3,AC005928,AC005929,2026-09-08T07:28:00,Paytm Payments Bank
H0004518,CYB-2026-11877,4,AC005929,AC005930,2026-09-08T07:45:00,HDFC
H0004519,CYB-2026-11878,1,AC005931,AC005932,2026-09-28T23:01:00,PNB
H0004520,CYB-2026-11878,2,AC005932,AC005933,2026-09-28T23:08:00,Paytm Payments Bank
H0004521,CYB-2026-11878,3,AC005933,AC005934,2026-09-28T23:23:00,PNB
H0004522,CYB-2026-11878,4,AC005934,AC005935,2026-09-28T23:48:00,ICICI
H0004523,CYB-2026-11879,1,AC005936,AC005937,2026-09-03T10:15:00,ICICI
H0004524,CYB-2026-11880,1,AC005938,AC005939,2026-09-21T23:08:00,PNB
H0004525,CYB-2026-11880,2,AC005939,AC005940,2026-09-21T23:24:00,PNB
H0004526,CYB-2026-11881,1,AC005941,AC005942,2026-09-07T11:15:00,BOB
H0004527,CYB-2026-11882,1,AC005943,AC000020,2026-09-18T10:05:00,PNB
H0004528,CYB-2026-11882,2,AC000020,AC005944,2026-09-18T10:21:00,PNB
H0004529,CYB-2026-11882,3,AC005944,AC005945,2026-09-18T10:36:00,Axis
H0004530,CYB-2026-11882,4,AC005945,AC005946,2026-09-18T11:01:00,Kotak
H0004531,CYB-2026-11882,5,AC005946,AC005947,2026-09-18T11:30:00,HDFC
H0004532,CYB-2026-11883,1,AC005948,AC005949,2026-09-12T04:18:00,PNB
H0004533,CYB-2026-11884,1,AC005950,AC005951,2026-09-07T04:40:00,Paytm Payments Bank
H0004534,CYB-2026-11885,1,AC005952,AC005953,2026-09-30T19:00:00,Kotak
H0004535,CYB-2026-11885,2,AC005953,AC005954,2026-09-30T19:27:00,HDFC
H0004536,CYB-2026-11886,1,AC005955,AC005956,2026-09-23T15:18:00,SBI
H0004537,CYB-2026-11886,2,AC005956,AC005957,2026-09-23T15:31:00,HDFC
H0004538,CYB-2026-11887,1,AC005958,AC005959,2026-09-11T19:10:00,HDFC
H0004539,CYB-2026-11887,2,AC005959,AC005960,2026-09-11T19:10:00,ICICI
H0004540,CYB-2026-11887,3,AC005960,AC005961,2026-09-11T19:27:00,ICICI
H0004541,CYB-2026-11888,1,AC005962,AC005963,2026-09-20T23:01:00,PNB
H0004542,CYB-2026-11888,2,AC005963,AC005964,2026-09-20T23:17:00,ICICI
H0004543,CYB-2026-11888,3,AC005964,AC005965,2026-09-20T23:43:00,PNB
H0004544,CYB-2026-11888,4,AC005965,AC005966,2026-09-20T23:44:00,Kotak
H0004545,CYB-2026-11889,1,AC005967,AC005968,2026-09-25T20:39:00,ICICI
H0004546,CYB-2026-11890,1,AC005969,AC005970,2026-09-21T03:08:00,Paytm Payments Bank
H0004547,CYB-2026-11890,2,AC005970,AC005971,2026-09-21T03:12:00,BOB
H0004548,CYB-2026-11891,1,AC005972,AC000062,2026-09-18T11:53:00,Axis
H0004549,CYB-2026-11892,1,AC005973,AC005974,2026-09-11T14:59:00,Kotak
H0004550,CYB-2026-11892,2,AC005974,AC005975,2026-09-11T15:09:00,BOB
H0004551,CYB-2026-11892,3,AC005975,AC005976,2026-09-11T15:39:00,ICICI
H0004552,CYB-2026-11893,1,AC005977,AC005978,2026-09-12T20:33:00,Paytm Payments Bank
H0004553,CYB-2026-11893,2,AC005978,AC005979,2026-09-12T21:03:00,ICICI
H0004554,CYB-2026-11894,1,AC005980,AC000020,2026-09-02T06:54:00,Kotak
H0004555,CYB-2026-11894,2,AC000020,AC005981,2026-09-02T07:23:00,BOB
H0004556,CYB-2026-11894,3,AC005981,AC005982,2026-09-02T07:46:00,Axis
H0004557,CYB-2026-11895,1,AC005983,AC005984,2026-09-22T22:57:00,BOB
H0004558,CYB-2026-11895,2,AC005984,AC005985,2026-09-22T23:24:00,PNB
H0004559,CYB-2026-11896,1,AC005986,AC005987,2026-09-18T13:40:00,PNB
H0004560,CYB-2026-11896,2,AC005987,AC005988,2026-09-18T13:53:00,Paytm Payments Bank
H0004561,CYB-2026-11896,3,AC005988,AC005989,2026-09-18T13:59:00,ICICI
H0004562,CYB-2026-11896,4,AC005989,AC005990,2026-09-18T14:18:00,HDFC
H0004563,CYB-2026-11897,1,AC005991,AC005992,2026-09-21T04:12:00,PNB
H0004564,CYB-2026-11897,2,AC005992,AC005993,2026-09-21T04:30:00,PNB
H0004565,CYB-2026-11898,1,AC005994,AC000007,2026-09-26T12:29:00,Axis
H0004566,CYB-2026-11899,1,AC005995,AC005996,2026-09-23T22:56:00,Kotak
H0004567,CYB-2026-11900,1,AC005997,AC005998,2026-09-02T23:48:00,Axis
H0004568,CYB-2026-11901,1,AC005999,AC006000,2026-10-01T02:41:00,HDFC
H0004569,CYB-2026-11902,1,AC006001,AC006002,2026-09-22T07:32:00,Kotak
H0004570,CYB-2026-11902,2,AC006002,AC006003,2026-09-22T07:32:00,Kotak
H0004571,CYB-2026-11902,3,AC006003,AC006004,2026-09-22T07:52:00,Axis
H0004572,CYB-2026-11902,4,AC006004,AC006005,2026-09-22T08:04:00,ICICI
H0004573,CYB-2026-11903,1,AC006006,AC006007,2026-09-04T15:14:00,Kotak
H0004574,CYB-2026-11903,2,AC006007,AC006008,2026-09-04T15:41:00,Kotak
H0004575,CYB-2026-11903,3,AC006008,AC006009,2026-09-04T16:10:00,SBI
H0004576,CYB-2026-11903,4,AC006009,AC006010,2026-09-04T16:38:00,ICICI
H0004577,CYB-2026-11903,5,AC006010,AC006011,2026-09-04T16:40:00,BOB
H0004578,CYB-2026-11904,1,AC006012,AC006013,2026-09-23T15:11:00,Axis
H0004579,CYB-2026-11904,2,AC006013,AC000018,2026-09-23T15:26:00,BOB
H0004580,CYB-2026-11904,3,AC000018,AC006014,2026-09-23T15:54:00,PNB
H0004581,CYB-2026-11904,4,AC006014,AC006015,2026-09-23T15:54:00,ICICI
H0004582,CYB-2026-11905,1,AC006016,AC006017,2026-09-09T02:21:00,SBI
H0004583,CYB-2026-11905,2,AC006017,AC006018,2026-09-09T02:26:00,Axis
H0004584,CYB-2026-11905,3,AC006018,AC006019,2026-09-09T02:39:00,Axis
H0004585,CYB-2026-11906,1,AC006020,AC006021,2026-09-05T07:04:00,ICICI
H0004586,CYB-2026-11906,2,AC006021,AC006022,2026-09-05T07:22:00,Kotak
H0004587,CYB-2026-11907,1,AC006023,AC006024,2026-09-28T22:11:00,Axis
H0004588,CYB-2026-11907,2,AC006024,AC006025,2026-09-28T22:21:00,PNB
H0004589,CYB-2026-11908,1,AC006026,AC006027,2026-09-11T20:50:00,Axis
H0004590,CYB-2026-11908,2,AC006027,AC006028,2026-09-11T21:11:00,BOB
H0004591,CYB-2026-11909,1,AC006029,AC006030,2026-09-12T03:21:00,SBI
H0004592,CYB-2026-11909,2,AC006030,AC006031,2026-09-12T03:40:00,HDFC
H0004593,CYB-2026-11910,1,AC006032,AC006033,2026-09-28T04:57:00,SBI
H0004594,CYB-2026-11910,2,AC006033,AC006034,2026-09-28T05:17:00,HDFC
H0004595,CYB-2026-11910,3,AC006034,AC006035,2026-09-28T05:38:00,BOB
H0004596,CYB-2026-11911,1,AC006036,AC000028,2026-09-27T10:56:00,Kotak
H0004597,CYB-2026-11912,1,AC006037,AC006038,2026-09-29T18:16:00,HDFC
H0004598,CYB-2026-11912,2,AC006038,AC006039,2026-09-29T18:18:00,SBI
H0004599,CYB-2026-11913,1,AC006040,AC000027,2026-09-14T11:47:00,ICICI
H0004600,CYB-2026-11913,2,AC000027,AC000032,2026-09-14T11:55:00,PNB
H0004601,CYB-2026-11914,1,AC006041,AC006042,2026-09-22T20:48:00,Paytm Payments Bank
H0004602,CYB-2026-11915,1,AC006043,AC006044,2026-09-08T04:09:00,HDFC
H0004603,CYB-2026-11915,2,AC006044,AC006045,2026-09-08T04:35:00,Axis
H0004604,CYB-2026-11915,3,AC006045,AC006046,2026-09-08T05:05:00,HDFC
H0004605,CYB-2026-11916,1,AC006047,AC006048,2026-09-09T19:45:00,Paytm Payments Bank
H0004606,CYB-2026-11917,1,AC006049,AC006050,2026-09-19T08:05:00,SBI
H0004607,CYB-2026-11917,2,AC006050,AC000014,2026-09-19T08:28:00,Kotak
H0004608,CYB-2026-11918,1,AC006051,AC006052,2026-09-13T17:44:00,Axis
H0004609,CYB-2026-11918,2,AC006052,AC006053,2026-09-13T18:11:00,SBI
H0004610,CYB-2026-11919,1,AC006054,AC006055,2026-09-25T22:01:00,ICICI
H0004611,CYB-2026-11920,1,AC006056,AC006057,2026-09-25T03:17:00,Kotak
H0004612,CYB-2026-11920,2,AC006057,AC006058,2026-09-25T03:28:00,Kotak
H0004613,CYB-2026-11921,1,AC006059,AC006060,2026-09-02T08:32:00,Axis
H0004614,CYB-2026-11921,2,AC006060,AC006061,2026-09-02T08:49:00,Axis
H0004615,CYB-2026-11921,3,AC006061,AC006062,2026-09-02T09:04:00,Axis
H0004616,CYB-2026-11921,4,AC006062,AC006063,2026-09-02T09:22:00,Axis
H0004617,CYB-2026-11922,1,AC006064,AC006065,2026-09-12T21:06:00,PNB
H0004618,CYB-2026-11922,2,AC006065,AC006066,2026-09-12T21:29:00,Paytm Payments Bank
H0004619,CYB-2026-11922,3,AC006066,AC006067,2026-09-12T21:37:00,HDFC
H0004620,CYB-2026-11922,4,AC006067,AC006068,2026-09-12T21:52:00,HDFC
H0004621,CYB-2026-11923,1,AC006069,AC000034,2026-09-27T10:19:00,PNB
H0004622,CYB-2026-11923,2,AC000034,AC000014,2026-09-27T10:22:00,PNB
H0004623,CYB-2026-11923,3,AC000014,AC006070,2026-09-27T10:24:00,Kotak
H0004624,CYB-2026-11924,1,AC006071,AC006072,2026-09-04T08:48:00,PNB
H0004625,CYB-2026-11924,2,AC006072,AC006073,2026-09-04T08:48:00,Axis
H0004626,CYB-2026-11924,3,AC006073,AC006074,2026-09-04T08:50:00,HDFC
H0004627,CYB-2026-11924,4,AC006074,AC006075,2026-09-04T08:55:00,BOB
H0004628,CYB-2026-11925,1,AC006076,AC006077,2026-09-18T12:19:00,Axis
H0004629,CYB-2026-11925,2,AC006077,AC006078,2026-09-18T12:43:00,PNB
H0004630,CYB-2026-11925,3,AC006078,AC006079,2026-09-18T13:13:00,Axis
H0004631,CYB-2026-11926,1,AC006080,AC006081,2026-09-13T16:02:00,BOB
H0004632,CYB-2026-11926,2,AC006081,AC006082,2026-09-13T16:02:00,SBI
H0004633,CYB-2026-11927,1,AC006083,AC006084,2026-09-07T12:52:00,BOB
H0004634,CYB-2026-11928,1,AC006085,AC006086,2026-09-21T12:25:00,SBI
H0004635,CYB-2026-11929,1,AC006087,AC006088,2026-09-10T01:34:00,BOB
H0004636,CYB-2026-11929,2,AC006088,AC006089,2026-09-10T02:03:00,Kotak
H0004637,CYB-2026-11929,3,AC006089,AC000015,2026-09-10T02:05:00,Axis
H0004638,CYB-2026-11930,1,AC006090,AC006091,2026-09-29T20:43:00,Paytm Payments Bank
H0004639,CYB-2026-11930,2,AC006091,AC006092,2026-09-29T20:44:00,SBI
H0004640,CYB-2026-11931,1,AC006093,AC006094,2026-09-16T12:30:00,PNB
H0004641,CYB-2026-11932,1,AC006095,AC006096,2026-09-05T02:30:00,ICICI
H0004642,CYB-2026-11932,2,AC006096,AC006097,2026-09-05T03:00:00,SBI
H0004643,CYB-2026-11932,3,AC006097,AC000009,2026-09-05T03:20:00,Paytm Payments Bank
H0004644,CYB-2026-11933,1,AC006098,AC006099,2026-09-15T18:47:00,BOB
H0004645,CYB-2026-11933,2,AC006099,AC006100,2026-09-15T19:04:00,Axis
H0004646,CYB-2026-11934,1,AC006101,AC006102,2026-09-05T09:44:00,HDFC
H0004647,CYB-2026-11935,1,AC006103,AC006104,2026-09-19T16:51:00,PNB
H0004648,CYB-2026-11935,2,AC006104,AC006105,2026-09-19T16:53:00,PNB
H0004649,CYB-2026-11936,1,AC006106,AC006107,2026-09-25T22:05:00,Paytm Payments Bank
H0004650,CYB-2026-11936,2,AC006107,AC006108,2026-09-25T22:32:00,BOB
H0004651,CYB-2026-11936,3,AC006108,AC006109,2026-09-25T22:50:00,HDFC
H0004652,CYB-2026-11937,1,AC006110,AC006111,2026-09-13T17:21:00,ICICI
H0004653,CYB-2026-11937,2,AC006111,AC006112,2026-09-13T17:44:00,HDFC
H0004654,CYB-2026-11938,1,AC006113,AC006114,2026-09-04T13:46:00,BOB
H0004655,CYB-2026-11938,2,AC006114,AC000039,2026-09-04T14:15:00,BOB
H0004656,CYB-2026-11938,3,AC000039,AC006115,2026-09-04T14:27:00,HDFC
H0004657,CYB-2026-11938,4,AC006115,AC006116,2026-09-04T14:45:00,Axis
H0004658,CYB-2026-11938,5,AC006116,AC000074,2026-09-04T14:59:00,Kotak
H0004659,CYB-2026-11939,1,AC006117,AC006118,2026-09-24T18:11:00,Paytm Payments Bank
H0004660,CYB-2026-11940,1,AC006119,AC006120,2026-09-26T18:07:00,ICICI
H0004661,CYB-2026-11940,2,AC006120,AC006121,2026-09-26T18:10:00,ICICI
H0004662,CYB-2026-11940,3,AC006121,AC000072,2026-09-26T18:36:00,SBI
H0004663,CYB-2026-11940,4,AC000072,AC006122,2026-09-26T18:41:00,ICICI
H0004664,CYB-2026-11941,1,AC006123,AC006124,2026-09-02T03:42:00,Axis
H0004665,CYB-2026-11941,2,AC006124,AC006125,2026-09-02T03:48:00,Kotak
H0004666,CYB-2026-11941,3,AC006125,AC006126,2026-09-02T04:01:00,PNB
H0004667,CYB-2026-11942,1,AC006127,AC006128,2026-09-01T21:32:00,SBI
H0004668,CYB-2026-11943,1,AC006129,AC006130,2026-09-20T05:37:00,SBI
H0004669,CYB-2026-11944,1,AC006131,AC006132,2026-09-21T01:49:00,ICICI
H0004670,CYB-2026-11944,2,AC006132,AC006133,2026-09-21T02:00:00,SBI
H0004671,CYB-2026-11944,3,AC006133,AC006134,2026-09-21T02:25:00,PNB
H0004672,CYB-2026-11945,1,AC006135,AC006136,2026-09-20T16:30:00,ICICI
H0004673,CYB-2026-11945,2,AC006136,AC006137,2026-09-20T16:44:00,PNB
H0004674,CYB-2026-11945,3,AC006137,AC006138,2026-09-20T17:02:00,Kotak
H0004675,CYB-2026-11946,1,AC006139,AC006140,2026-09-04T00:45:00,SBI
H0004676,CYB-2026-11946,2,AC006140,AC006141,2026-09-04T01:12:00,BOB
H0004677,CYB-2026-11947,1,AC006142,AC006143,2026-09-12T06:02:00,PNB
H0004678,CYB-2026-11947,2,AC006143,AC006144,2026-09-12T06:03:00,BOB
H0004679,CYB-2026-11948,1,AC006145,AC006146,2026-09-13T14:54:00,Kotak
H0004680,CYB-2026-11948,2,AC006146,AC006147,2026-09-13T15:00:00,Paytm Payments Bank
H0004681,CYB-2026-11948,3,AC006147,AC006148,2026-09-13T15:18:00,SBI
H0004682,CYB-2026-11949,1,AC006149,AC006150,2026-09-28T14:00:00,Axis
H0004683,CYB-2026-11949,2,AC006150,AC006151,2026-09-28T14:04:00,ICICI
H0004684,CYB-2026-11950,1,AC006152,AC006153,2026-09-11T05:37:00,Axis
H0004685,CYB-2026-11950,2,AC006153,AC000030,2026-09-11T06:02:00,Axis
H0004686,CYB-2026-11951,1,AC006154,AC006155,2026-09-15T11:00:00,Axis
H0004687,CYB-2026-11951,2,AC006155,AC006156,2026-09-15T11:00:00,PNB
H0004688,CYB-2026-11952,1,AC006157,AC006158,2026-09-10T20:22:00,HDFC
H0004689,CYB-2026-11952,2,AC006158,AC006159,2026-09-10T20:42:00,Paytm Payments Bank
H0004690,CYB-2026-11953,1,AC006160,AC006161,2026-09-25T02:23:00,BOB
H0004691,CYB-2026-11953,2,AC006161,AC006162,2026-09-25T02:51:00,BOB
H0004692,CYB-2026-11954,1,AC006163,AC006164,2026-09-07T19:39:00,Axis
H0004693,CYB-2026-11954,2,AC006164,AC006165,2026-09-07T20:00:00,ICICI
H0004694,CYB-2026-11955,1,AC006166,AC006167,2026-09-10T06:36:00,PNB
H0004695,CYB-2026-11955,2,AC006167,AC006168,2026-09-10T06:40:00,Axis
H0004696,CYB-2026-11955,3,AC006168,AC006169,2026-09-10T06:58:00,SBI
H0004697,CYB-2026-11955,4,AC006169,AC006170,2026-09-10T07:12:00,Paytm Payments Bank
H0004698,CYB-2026-11956,1,AC006171,AC006172,2026-09-02T07:08:00,BOB
H0004699,CYB-2026-11956,2,AC006172,AC006173,2026-09-02T07:33:00,Kotak
H0004700,CYB-2026-11956,3,AC006173,AC006174,2026-09-02T07:54:00,SBI
H0004701,CYB-2026-11957,1,AC006175,AC006176,2026-09-30T19:29:00,Axis
H0004702,CYB-2026-11958,1,AC006177,AC006178,2026-09-27T12:32:00,Kotak
H0004703,CYB-2026-11959,1,AC006179,AC006180,2026-09-07T22:19:00,Kotak
H0004704,CYB-2026-11959,2,AC006180,AC006181,2026-09-07T22:31:00,Axis
H0004705,CYB-2026-11959,3,AC006181,AC006182,2026-09-07T22:45:00,PNB
H0004706,CYB-2026-11960,1,AC006183,AC006184,2026-09-28T09:41:00,Kotak
H0004707,CYB-2026-11960,2,AC006184,AC006185,2026-09-28T09:50:00,BOB
H0004708,CYB-2026-11960,3,AC006185,AC006186,2026-09-28T10:14:00,Kotak
H0004709,CYB-2026-11961,1,AC006187,AC006188,2026-09-08T01:55:00,Paytm Payments Bank
H0004710,CYB-2026-11962,1,AC006189,AC006190,2026-09-17T05:44:00,ICICI
H0004711,CYB-2026-11962,2,AC006190,AC006191,2026-09-17T06:07:00,Axis
H0004712,CYB-2026-11963,1,AC006192,AC006193,2026-09-20T15:24:00,SBI
H0004713,CYB-2026-11964,1,AC006194,AC006195,2026-09-08T06:43:00,Axis
H0004714,CYB-2026-11964,2,AC006195,AC006196,2026-09-08T06:59:00,Kotak
H0004715,CYB-2026-11965,1,AC006197,AC006198,2026-09-29T07:42:00,BOB
H0004716,CYB-2026-11966,1,AC006199,AC006200,2026-09-12T12:08:00,PNB
H0004717,CYB-2026-11966,2,AC006200,AC006201,2026-09-12T12:23:00,Axis
H0004718,CYB-2026-11966,3,AC006201,AC006202,2026-09-12T12:53:00,Axis
H0004719,CYB-2026-11967,1,AC006203,AC006204,2026-09-27T07:54:00,HDFC
H0004720,CYB-2026-11967,2,AC006204,AC006205,2026-09-27T08:08:00,PNB
H0004721,CYB-2026-11968,1,AC006206,AC006207,2026-09-24T02:57:00,Kotak
H0004722,CYB-2026-11968,2,AC006207,AC000052,2026-09-24T03:13:00,Kotak
H0004723,CYB-2026-11969,1,AC006208,AC006209,2026-09-08T02:02:00,ICICI
H0004724,CYB-2026-11969,2,AC006209,AC006210,2026-09-08T02:09:00,PNB
H0004725,CYB-2026-11970,1,AC006211,AC006212,2026-09-09T07:19:00,SBI
H0004726,CYB-2026-11970,2,AC006212,AC006213,2026-09-09T07:35:00,Paytm Payments Bank
H0004727,CYB-2026-11970,3,AC006213,AC000067,2026-09-09T07:52:00,SBI
H0004728,CYB-2026-11971,1,AC006214,AC006215,2026-09-14T21:32:00,PNB
H0004729,CYB-2026-11971,2,AC006215,AC006216,2026-09-14T21:55:00,HDFC
H0004730,CYB-2026-11972,1,AC006217,AC006218,2026-09-03T06:31:00,Kotak
H0004731,CYB-2026-11972,2,AC006218,AC006219,2026-09-03T06:44:00,HDFC
H0004732,CYB-2026-11972,3,AC006219,AC006220,2026-09-03T07:12:00,SBI
H0004733,CYB-2026-11972,4,AC006220,AC000039,2026-09-03T07:15:00,Kotak
H0004734,CYB-2026-11972,5,AC000039,AC006221,2026-09-03T07:22:00,Axis
H0004735,CYB-2026-11973,1,AC006222,AC006223,2026-09-01T07:46:00,SBI
H0004736,CYB-2026-11973,2,AC006223,AC006224,2026-09-01T07:46:00,ICICI
H0004737,CYB-2026-11973,3,AC006224,AC006225,2026-09-01T08:11:00,Paytm Payments Bank
H0004738,CYB-2026-11973,4,AC006225,AC006226,2026-09-01T08:27:00,SBI
H0004739,CYB-2026-11974,1,AC006227,AC006228,2026-09-05T13:36:00,HDFC
H0004740,CYB-2026-11974,2,AC006228,AC006229,2026-09-05T13:55:00,HDFC
H0004741,CYB-2026-11974,3,AC006229,AC006230,2026-09-05T14:07:00,Kotak
H0004742,CYB-2026-11975,1,AC006231,AC006232,2026-09-28T05:52:00,BOB
H0004743,CYB-2026-11975,2,AC006232,AC006233,2026-09-28T06:07:00,HDFC
H0004744,CYB-2026-11976,1,AC006234,AC006235,2026-09-10T13:16:00,Kotak
H0004745,CYB-2026-11976,2,AC006235,AC000013,2026-09-10T13:35:00,BOB
H0004746,CYB-2026-11976,3,AC000013,AC000076,2026-09-10T13:42:00,Axis
H0004747,CYB-2026-11977,1,AC006236,AC006237,2026-09-03T04:24:00,Axis
H0004748,CYB-2026-11977,2,AC006237,AC006238,2026-09-03T04:45:00,HDFC
H0004749,CYB-2026-11978,1,AC006239,AC000052,2026-09-08T06:48:00,HDFC
H0004750,CYB-2026-11978,2,AC000052,AC006240,2026-09-08T07:16:00,ICICI
H0004751,CYB-2026-11978,3,AC006240,AC006241,2026-09-08T07:41:00,ICICI
H0004752,CYB-2026-11978,4,AC006241,AC006242,2026-09-08T08:01:00,Axis
H0004753,CYB-2026-11979,1,AC006243,AC006244,2026-09-05T11:55:00,HDFC
H0004754,CYB-2026-11980,1,AC006245,AC006246,2026-09-29T05:28:00,Paytm Payments Bank
H0004755,CYB-2026-11980,2,AC006246,AC006247,2026-09-29T05:57:00,ICICI
H0004756,CYB-2026-11981,1,AC006248,AC006249,2026-09-28T13:45:00,HDFC
H0004757,CYB-2026-11981,2,AC006249,AC006250,2026-09-28T14:13:00,BOB
H0004758,CYB-2026-11981,3,AC006250,AC006251,2026-09-28T14:31:00,BOB
H0004759,CYB-2026-11981,4,AC006251,AC006252,2026-09-28T14:32:00,PNB
H0004760,CYB-2026-11981,5,AC006252,AC006253,2026-09-28T14:43:00,ICICI
H0004761,CYB-2026-11982,1,AC006254,AC006255,2026-09-19T16:41:00,BOB
H0004762,CYB-2026-11983,1,AC006256,AC006257,2026-09-12T22:38:00,Kotak
H0004763,CYB-2026-11984,1,AC006258,AC006259,2026-09-16T09:27:00,Paytm Payments Bank
H0004764,CYB-2026-11984,2,AC006259,AC006260,2026-09-16T09:39:00,BOB
H0004765,CYB-2026-11985,1,AC006261,AC000019,2026-09-23T10:24:00,SBI
H0004766,CYB-2026-11985,2,AC000019,AC006262,2026-09-23T10:35:00,Paytm Payments Bank
H0004767,CYB-2026-11986,1,AC006263,AC006264,2026-09-29T19:09:00,HDFC
H0004768,CYB-2026-11986,2,AC006264,AC006265,2026-09-29T19:34:00,Kotak
H0004769,CYB-2026-11987,1,AC006266,AC006267,2026-09-29T22:29:00,BOB
H0004770,CYB-2026-11987,2,AC006267,AC006268,2026-09-29T22:39:00,SBI
H0004771,CYB-2026-11988,1,AC006269,AC006270,2026-09-05T03:00:00,BOB
H0004772,CYB-2026-11988,2,AC006270,AC006271,2026-09-05T03:24:00,Axis
H0004773,CYB-2026-11988,3,AC006271,AC006272,2026-09-05T03:40:00,ICICI
H0004774,CYB-2026-11989,1,AC006273,AC006274,2026-09-18T02:06:00,PNB
H0004775,CYB-2026-11989,2,AC006274,AC000009,2026-09-18T02:34:00,Kotak
H0004776,CYB-2026-11989,3,AC000009,AC006275,2026-09-18T02:49:00,ICICI
H0004777,CYB-2026-11990,1,AC006276,AC006277,2026-09-16T17:35:00,Kotak
H0004778,CYB-2026-11990,2,AC006277,AC006278,2026-09-16T17:51:00,PNB
H0004779,CYB-2026-11990,3,AC006278,AC006279,2026-09-16T18:19:00,HDFC
H0004780,CYB-2026-11991,1,AC006280,AC006281,2026-09-29T17:43:00,Axis
H0004781,CYB-2026-11991,2,AC006281,AC006282,2026-09-29T17:59:00,PNB
H0004782,CYB-2026-11992,1,AC006283,AC006284,2026-09-11T17:32:00,HDFC
H0004783,CYB-2026-11993,1,AC006285,AC006286,2026-09-11T13:07:00,PNB
H0004784,CYB-2026-11993,2,AC006286,AC006287,2026-09-11T13:32:00,Paytm Payments Bank
H0004785,CYB-2026-11993,3,AC006287,AC006288,2026-09-11T13:40:00,Axis
H0004786,CYB-2026-11993,4,AC006288,AC006289,2026-09-11T14:00:00,Paytm Payments Bank
H0004787,CYB-2026-11993,5,AC006289,AC006290,2026-09-11T14:15:00,ICICI
H0004788,CYB-2026-11994,1,AC006291,AC006292,2026-09-25T10:12:00,HDFC
H0004789,CYB-2026-11994,2,AC006292,AC006293,2026-09-25T10:32:00,SBI
H0004790,CYB-2026-11995,1,AC006294,AC006295,2026-09-16T21:44:00,Axis
H0004791,CYB-2026-11995,2,AC006295,AC006296,2026-09-16T21:55:00,Paytm Payments Bank
H0004792,CYB-2026-11995,3,AC006296,AC006297,2026-09-16T22:04:00,Kotak
H0004793,CYB-2026-11995,4,AC006297,AC006298,2026-09-16T22:17:00,Axis
H0004794,CYB-2026-11996,1,AC006299,AC006300,2026-09-23T17:39:00,ICICI
H0004795,CYB-2026-11996,2,AC006300,AC006301,2026-09-23T17:45:00,Kotak
H0004796,CYB-2026-11997,1,AC006302,AC006303,2026-09-12T14:56:00,ICICI
H0004797,CYB-2026-11997,2,AC006303,AC006304,2026-09-12T15:11:00,ICICI
H0004798,CYB-2026-11998,1,AC006305,AC006306,2026-09-03T06:35:00,PNB
H0004799,CYB-2026-11998,2,AC006306,AC006307,2026-09-03T06:57:00,Paytm Payments Bank
H0004800,CYB-2026-11998,3,AC006307,AC000017,2026-09-03T06:58:00,Paytm Payments Bank
H0004801,CYB-2026-11998,4,AC000017,AC006308,2026-09-03T07:00:00,Axis
H0004802,CYB-2026-11999,1,AC006309,AC006310,2026-09-07T10:51:00,Paytm Payments Bank
